2.000000000000000000e+02 3.109729876144436275e+04 3.159648911751364358e+04 4.222066807354770572e+04 3.690025858072372648e+04 4.098789254737691954e+04 3.100911259418556438e+04 2.744635985097398589e+04 2.333320335660785349e+04 2.729398352033020637e+04 3.611140808299266791e+04 2.627570462899327322e+04 2.779838227764391559e+04 2.230885327125519325e+04 2.562631152598161498e+04 1.362057789606322331e+04 2.564399632889761779e+04 1.802125503252947237e+04 2.611587261955561189e+04 1.809084928608672635e+04 2.692229933627896753e+04 4.167465479742345633e+04 2.213883879009354496e+04 2.727958254417732678e+04 2.306824673098031053e+04 5.295802067850062303e+04 2.771108615195063976e+04 3.172528803312403761e+04 2.463954326312938429e+04 2.178159572102548555e+04 1.773815746974444119e+04 2.785697775063281733e+04 2.549305184397744597e+04 2.108613396593229845e+04 2.253311143719407846e+04 2.418728773440829536e+04 3.585200962275094935e+04 3.703038386448937672e+04 1.738603003978220659e+04 3.349880277812340501e+04 2.288310043751803460e+04 2.149190772742457557e+04 3.467241781175699725e+04 3.892827115685225726e+04 2.421856921890271406e+04 3.389765473888791166e+04 2.621070230053373598e+04 7.383168203920588712e+04 3.895220036277363397e+04 2.673694671323247894e+04 2.424158737569324876e+04 3.544041211303169985e+04 2.505054521600394582e+04 5.729142029787469073e+04 2.516687832343836635e+04 3.465257069699530985e+04 4.219396128322096047e+04 3.855415696666153235e+04 1.852830683690340811e+04 3.014132634491883437e+04 2.438575546379791558e+04 2.801629792826586709e+04 5.577154712261134409e+04 4.019238910437120649e+04 2.294604086559305506e+04 2.809128893237406373e+04 1.792440364200002296e+04 2.292096781741903033e+04 3.864427165182321187e+04 2.182325774968614132e+04 2.441446521983217099e+04 2.299137005816574674e+04 2.846271593100181781e+04 2.473074804762184795e+04 2.183760212914237491e+04 2.607337145170309668e+04 3.196152483553106140e+04 3.126723625975423056e+04 3.948106976159728947e+04 2.447672365460014407e+04 3.869911479785123811e+04 3.620469811401276820e+04 5.624136368265058263e+04 4.542262849410671333e+04 3.511197622640299960e+04 6.778004444068013981e+04 4.766557644895300473e+04 4.085984893564790400e+04 2.460977908691890843e+04 3.424053671488929103e+04 4.627544753929130820e+04 6.030877033784658124e+04 3.510615614018290944e+04 3.079073025733662507e+04 3.452123298000165960e+04 3.997150556119029352e+04 1.823498877067656940e+04 3.962293412736523896e+04 6.026447263254577410e+04 6.562788085120457981e+04 3.651905151086013939e+04 4.019500259208802890e+04 3.277320003942852054e+04 2.268064114694170712e+04 2.833161413111787624e+04 1.966509268437564242e+04 4.430503787093426945e+04 3.452797730082303315e+04 3.862557807779130235e+04 3.146780207041121685e+04 5.686810052546471707e+04
2.005882352941176521e+02 3.216618466817621083e+04 3.216889438248893930e+04 4.409976733872621116e+04 3.855691925944700779e+04 4.228464957062812755e+04 3.185823825378111724e+04 2.889265519599831168e+04 2.497844990881556441e+04 2.901561656467367720e+04 3.819769861201745516e+04 2.710232837926577122e+04 2.864675387504071477e+04 2.312779109707585667e+04 2.756987182083561493e+04 1.450564014565286925e+04 2.638251152685159468e+04 1.919741105838897056e+04 2.815742713673091930e+04 1.926836457629505821e+04 2.872503652595898893e+04 4.277597111791672069e+04 2.290268059386255845e+04 2.879979918785022164e+04 2.431226954884287261e+04 5.155796518128945900e+04 2.936384896928486341e+04 3.266110728928994649e+04 2.563771023685198088e+04 2.262502001206245041e+04 1.890059447430946602e+04 2.924878566678593779e+04 2.708487659891474686e+04 2.242268508308732271e+04 2.308823322227817698e+04 2.515668911543662034e+04 3.746142499626895005e+04 3.856463721822510706e+04 1.866673550628882003e+04 3.430847396525015210e+04 2.454094166069723360e+04 2.269598952925496269e+04 3.617449700633876637e+04 4.032683486835999793e+04 2.545648437956885391e+04 3.592405664620124298e+04 2.660297690188159686e+04 7.333441961460992752e+04 4.091980433368325612e+04 2.844567501192115014e+04 2.586851305363506617e+04 3.726575239897407300e+04 2.660363143507552741e+04 5.946848247855372756e+04 2.668728982734645615e+04 3.484869369062756596e+04 4.393028222459248354e+04 4.043803407887475623e+04 1.915112100225315953e+04 3.198664564988407437e+04 2.523454185320599208e+04 3.004907179295835886e+04 5.633323603211907903e+04 4.199949650386196299e+04 2.388847958505408678e+04 2.872766241297696251e+04 1.929587046953985919e+04 2.386155943014719378e+04 4.048201520031692780e+04 2.339758161951473085e+04 2.507993721342080607e+04 2.398962774879938661e+04 3.017830955970745345e+04 2.524535787163727946e+04 2.263636887626715179e+04 2.758515233249183075e+04 3.354634936191850284e+04 3.313981226281969430e+04 4.077392371254286263e+04 2.513971337807938107e+04 4.062584263247990020e+04 3.792077555213790765e+04 5.680184258625502116e+04 4.689860408099502820e+04 3.685129000690709654e+04 6.835368631717716926e+04 4.859866447699917626e+04 4.246540458016727644e+04 2.532317056090522237e+04 3.614605968860319990e+04 4.635257085626554181e+04 6.071598222796015034e+04 3.678204595656812307e+04 3.224316423928636505e+04 3.635192140990203916e+04 4.177417999704771501e+04 1.950676579224261877e+04 4.137455815476223506e+04 6.205421214676567615e+04 6.693787463321325777e+04 3.803218828837581532e+04 3.962113659207573073e+04 3.432394686430991715e+04 2.376546639869651335e+04 2.869090790366290094e+04 2.045248460820326000e+04 4.426399462711227534e+04 3.635180445308778144e+04 4.068791768120761117e+04 3.277120004868041724e+04 5.991525791849919187e+04
2.011764705882353041e+02 3.315627281143892469e+04 3.264996253515912395e+04 4.567060066304734210e+04 4.010188437921556761e+04 4.337629276055780065e+04 3.259453046561092924e+04 3.026130970203297693e+04 2.665783374904708035e+04 3.064864120186444779e+04 4.018063413861449953e+04 2.792165633323428847e+04 2.947445867879097932e+04 2.400466904001369403e+04 2.956909085373342532e+04 1.563840258964555323e+04 2.706978740365511476e+04 2.048571511015914439e+04 3.022877570120859673e+04 2.055717922207277661e+04 3.046051519599562744e+04 4.367870694738809107e+04 2.371917973858765254e+04 3.048206906655216881e+04 2.560482589739840842e+04 5.003123284962143225e+04 3.090495020662816751e+04 3.342466125611716416e+04 2.664671836992792305e+04 2.353939491202438512e+04 2.018265169876156142e+04 3.056654166284804887e+04 2.862554191299301237e+04 2.392723566234797181e+04 2.373055512790270222e+04 2.613673038041199106e+04 3.891913175153364136e+04 3.992550242694887856e+04 2.011215762398209336e+04 3.496988621426041937e+04 2.620939845503799006e+04 2.396529399563213883e+04 3.756490385742434592e+04 4.150234911262234527e+04 2.677500682167031482e+04 3.785929690454190859e+04 2.695435332409389230e+04 7.236415193151928543e+04 4.279684031217332085e+04 3.010541898432820017e+04 2.751828328136142591e+04 3.896879780105480313e+04 2.812711292985084583e+04 6.125525952253321157e+04 2.818068612081297033e+04 3.502619911689020228e+04 4.549062726395828940e+04 4.211707697145554266e+04 1.995250264447210066e+04 3.372414329850082868e+04 2.609493908745130102e+04 3.205801187608058535e+04 5.636640170946837316e+04 4.354283033649407298e+04 2.490246313619319699e+04 2.935660242723361807e+04 2.083023579638116644e+04 2.487439938117799466e+04 4.215534996111916553e+04 2.503299154647393516e+04 2.574850133257616835e+04 2.505385751712322235e+04 3.186591281359796267e+04 2.584195114785551414e+04 2.350439007290578957e+04 2.905246099192053953e+04 3.509531700370455656e+04 3.488280856102136022e+04 4.187227560295784497e+04 2.580516563139075879e+04 4.235649950917166279e+04 3.952350651705911150e+04 5.682719131025081879e+04 4.812225296818168863e+04 3.854785379477593233e+04 6.849541983362266910e+04 4.939401188913283113e+04 4.379854091907740076e+04 2.602977417031606456e+04 3.799209593744859012e+04 4.643285500891006814e+04 6.053708383062293433e+04 3.832497454589684639e+04 3.362950236170690914e+04 3.811491429188820621e+04 4.337056615331543435e+04 2.091669751908512262e+04 4.288807182788254431e+04 6.327299598856960802e+04 6.769600240133106126e+04 3.937183528188100172e+04 3.897273993804701604e+04 3.571828717685035372e+04 2.491703541951806619e+04 2.898191390412664259e+04 2.134552530871848649e+04 4.422097267266453855e+04 3.800139239407271816e+04 4.254835458985612058e+04 3.397986267278689047e+04 6.261225515231889585e+04
2.017647058823529278e+02 3.399978560396320972e+04 3.298569217937786743e+04 4.687197699577022286e+04 4.146968770550670160e+04 4.420802808427822310e+04 3.315900833980529569e+04 3.149827715893475761e+04 2.830515221416644272e+04 3.213372847695943346e+04 4.197745485723591992e+04 2.869203681705189956e+04 3.023098677693739592e+04 2.488412175793448114e+04 3.154755495822049124e+04 1.697461188492815199e+04 2.766037594655183420e+04 2.183077131171887595e+04 3.225374295878992416e+04 2.190184791570176822e+04 3.206825022300717683e+04 4.432508917960376857e+04 2.453318972647836563e+04 3.225431974186821026e+04 2.689543710391157219e+04 4.835609537007627659e+04 3.227871141090232049e+04 3.396395048003726697e+04 2.760754895655870132e+04 2.446987719194053352e+04 2.152966934937669430e+04 3.175684849047169700e+04 3.005911048855633271e+04 2.552975782596506906e+04 2.441234603498016804e+04 2.706947860860436413e+04 4.016637143804703373e+04 4.105404914171058772e+04 2.166355152969089249e+04 3.542396490291483497e+04 2.783252885293589861e+04 2.525570166117971530e+04 3.878260836681183719e+04 4.240166635378057254e+04 2.810411482744235400e+04 3.962239204302813596e+04 2.722204312645163009e+04 7.090369162338618480e+04 4.451204006624752219e+04 3.165174685777641207e+04 2.913675924393394962e+04 4.047373339661559294e+04 2.955828061493441783e+04 6.257604234718356020e+04 2.958409182552807761e+04 3.513192763233108417e+04 4.680920958295704622e+04 4.351698019408854452e+04 2.087957166909403895e+04 3.528800070144213532e+04 2.691064750809363613e+04 3.396850885337278305e+04 5.586239466856941726e+04 4.475374028228341194e+04 2.594363083522147281e+04 2.992630751428952863e+04 2.247670187470782548e+04 2.591539754057168102e+04 4.359685786445503618e+04 2.666254050374765939e+04 2.637149714436065551e+04 2.613941791346829996e+04 3.345811158535777940e+04 2.645469605404695176e+04 2.439730105638813620e+04 3.042387626454929705e+04 3.653493258130409959e+04 3.643067664812535804e+04 4.270341210834287631e+04 2.642447659835956438e+04 4.382063866981905448e+04 4.094410765044339496e+04 5.630950389925910713e+04 4.904100229510659847e+04 4.010808919541818614e+04 6.815196453762310557e+04 4.996609664102881652e+04 4.479970151306174375e+04 2.668024406899061069e+04 3.970539815012421604e+04 4.643323361442062742e+04 5.977617960090527049e+04 3.968430261388863437e+04 3.487356286869533506e+04 3.973975233956795273e+04 4.469333110206005222e+04 2.240418787283809797e+04 4.409806108483805292e+04 6.387734827794346347e+04 6.785762344597057381e+04 4.049083345799596282e+04 3.820428405231475335e+04 3.689449335435516696e+04 2.607120070959722216e+04 2.916045459514054892e+04 2.229144216813298044e+04 4.410108268718462932e+04 3.940525064517562714e+04 4.413019316041241109e+04 3.502257395548038767e+04 6.485709312964666606e+04
2.023529411764705799e+02 3.464160226857335510e+04 3.313523767386886902e+04 4.765852497248209693e+04 4.260230854289463605e+04 4.473579851154801872e+04 3.350652387713090866e+04 3.255464072187701095e+04 2.985851637618157110e+04 3.341857363305712352e+04 4.351588769191435858e+04 2.937291352152331092e+04 3.087124789404654439e+04 2.571584302640775786e+04 3.343252413551292557e+04 1.846638669583557203e+04 2.811583406288560946e+04 2.317753112504398814e+04 3.416051344365335535e+04 2.324729369129016050e+04 3.349367663753037050e+04 4.466940854664271319e+04 2.529494446454527861e+04 3.404380797830353549e+04 2.813337052978322026e+04 4.652075880605685961e+04 3.343711099026705779e+04 3.424118470760856871e+04 2.846693318025477492e+04 2.536615643787052250e+04 2.288701106269074444e+04 3.277107435463400179e+04 3.133399492596582058e+04 2.716198976592170584e+04 2.508823992566196102e+04 2.790257100162708957e+04 4.115356522888851759e+04 4.190430362055383739e+04 2.326153932543910923e+04 3.562726133884175215e+04 2.935635914290808432e+04 2.652130571893996603e+04 3.977375149626953498e+04 4.298616244690185704e+04 2.937925262348953765e+04 4.114246261853158649e+04 2.736954334390229269e+04 6.895683817234671733e+04 4.599987903494734928e+04 3.302820730104554968e+04 3.067261805001955145e+04 4.171592921556443616e+04 3.084112804931590290e+04 6.337557935338540119e+04 3.084130439321059748e+04 3.512018004019904765e+04 4.782940268989116157e+04 4.457770812854784162e+04 2.187844298212933427e+04 3.662220279097677849e+04 2.763087907676291070e+04 3.571234772807507397e+04 5.483369425369142846e+04 4.557990520978015411e+04 2.696611053607440772e+04 3.038975326096387653e+04 2.418099665001800895e+04 2.693885948932198880e+04 4.474985146871042525e+04 2.822242628660513219e+04 2.690492072609411480e+04 2.720030997466807821e+04 3.489408999219644465e+04 2.702446559112157411e+04 2.527452272473903577e+04 3.165342679948245859e+04 3.780039254030895245e+04 3.772808881574514817e+04 4.321169892443466233e+04 2.695370304993648460e+04 4.496150886973501474e+04 4.212424360938886821e+04 5.526210365942794306e+04 4.961458300537849573e+04 4.145049205829155835e+04 6.729384285126659961e+04 5.024691285045495169e+04 4.542574437355456030e+04 2.723033962000354222e+04 4.122091050672973506e+04 4.628268814675064641e+04 5.845849184478469397e+04 4.081847724148027191e+04 3.591091695271993376e+04 4.116444538624370762e+04 4.568754646905857953e+04 2.390921429904612887e+04 4.495446816317999037e+04 6.384770948402047361e+04 6.740404647510329960e+04 4.135269424057697324e+04 3.728437520585909078e+04 3.780102913515144610e+04 2.716804851570839674e+04 2.919233159998811971e+04 2.323934828597720843e+04 4.384073700867678417e+04 4.050477744387395069e+04 4.537098741647229326e+04 3.584092968564167677e+04 6.656673515824391507e+04
2.029411764705882320e+02 3.503981429065045813e+04 3.307064939945771766e+04 4.800148357025012956e+04 4.345124981131262030e+04 4.492774804369840422e+04 3.360582442240007367e+04 3.338840776211406046e+04 3.126190165372817137e+04 3.445933336625395896e+04 4.473596554125781404e+04 2.992658064267790905e+04 3.135681173031343133e+04 2.645553851579098045e+04 3.515684372433407407e+04 2.006313873928712201e+04 2.840540473479857246e+04 2.447286519829909957e+04 3.588350080768058251e+04 2.454038849725331238e+04 3.468968825174175436e+04 4.467949700829090580e+04 2.596102444988217030e+04 3.577935457264541037e+04 2.926954107838668278e+04 4.452371597039445624e+04 3.434104912315964611e+04 3.423277904957318970e+04 2.917885507494013291e+04 2.618336444567281433e+04 2.420160862990131136e+04 3.356721400089465897e+04 3.240467877745025908e+04 2.875862057285306582e+04 2.571604386336143216e+04 2.859071440474969131e+04 4.184170713263987273e+04 4.244359673708157788e+04 2.484760642571551944e+04 3.555185148566331918e+04 3.073053031958401334e+04 2.771610798332160266e+04 4.049349538298226980e+04 4.323173809182213881e+04 3.054238397589714077e+04 4.236045368293300271e+04 2.736774022575950949e+04 6.654726658995867183e+04 4.720301975414806657e+04 3.418733005342615797e+04 3.207817011755286512e+04 4.264356695181404211e+04 3.192769571485637425e+04 6.361986170547722577e+04 3.190424453573443316e+04 3.495421567276167480e+04 4.850581289353778266e+04 4.525480591214627930e+04 2.289589270917225440e+04 3.768161226861848991e+04 2.821185213249592198e+04 3.722945040432453243e+04 5.331154214299903833e+04 4.598616552707263327e+04 2.792426064390406827e+04 3.070644915377087455e+04 2.588700408563855672e+04 2.789923235806810044e+04 4.556971746171272389e+04 2.965368435536207107e+04 2.731074287577668292e+04 2.819088772934464941e+04 3.612083549261240114e+04 2.750026626422033223e+04 2.609968921066036637e+04 3.270123655559683539e+04 3.883711877534713858e+04 3.873106033586801641e+04 4.335928522744385555e+04 2.735488462436127884e+04 4.573699573428908479e+04 4.301703583342171623e+04 5.371714118277373200e+04 4.981589407953315094e+04 4.250759536213283718e+04 6.591526696597799310e+04 5.018743231156939146e+04 4.565023131027163618e+04 2.764222900841154478e+04 4.248309192130356678e+04 4.592474280190976424e+04 5.662746704519696505e+04 4.169519398584866576e+04 3.669008351274042070e+04 4.233660317549175670e+04 4.631205500149095315e+04 2.537390049345507941e+04 4.542321993180870777e+04 6.318772015763508534e+04 6.634133711625855358e+04 4.193156140268074523e+04 3.619566149611296714e+04 3.839808360180957243e+04 2.815360639526346858e+04 2.905347459148632697e+04 2.414139866112231903e+04 4.338979138163402240e+04 4.125547766644084186e+04 4.622375868463254301e+04 3.639024644696740870e+04 6.767959765026913374e+04
2.035294117647058840e+02 3.516584218506704929e+04 3.277620559067113209e+04 4.788881960994954716e+04 4.397916458679844072e+04 4.476507706966184924e+04 3.343912515596966114e+04 3.396601266526581458e+04 3.246655564283109925e+04 3.522175353502590588e+04 4.559140106078742247e+04 3.031984499050563318e+04 3.165688265669091925e+04 2.706568875652956194e+04 3.666078826506451151e+04 2.171266268026897887e+04 2.850646328958862796e+04 2.566714200636678652e+04 3.736512803853314108e+04 2.573153725813035635e+04 3.561792236157253501e+04 4.433746013138621493e+04 2.649510658037257599e+04 3.739356385136736208e+04 3.025842835081002340e+04 4.237335968526703800e+04 3.496126893858171388e+04 3.392882482142376830e+04 2.970574987695536038e+04 2.688283329977765243e+04 2.542353126427865573e+04 3.411146834338072949e+04 3.323323612816281820e+04 3.025861356489059472e+04 2.625761084901621507e+04 2.909689431427394084e+04 4.220329600582080457e+04 4.265241626390138845e+04 2.636565679168501447e+04 3.518465834948000702e+04 3.190992070234938728e+04 2.879583135541199590e+04 4.090748616385925561e+04 4.312826461503623432e+04 3.154298849900131245e+04 4.323046728799726407e+04 2.719566350987363330e+04 6.371630217056639958e+04 4.807440087232036603e+04 3.509138666816191108e+04 3.331028822421711811e+04 4.321871919793373672e+04 3.277914353312630556e+04 6.329600378322861798e+04 3.273402368795432631e+04 3.460722481507188786e+04 4.880581353079308610e+04 4.552007128224144253e+04 2.388101858359644393e+04 3.843268978368411626e+04 2.861798318827703042e+04 3.846941259640497447e+04 5.134294293875669973e+04 4.595468165564303490e+04 2.877452664799212653e+04 3.084384271931630792e+04 2.753859771912253200e+04 2.875296613255645207e+04 4.602480180990816734e+04 3.090382849004566015e+04 2.755799604378188087e+04 2.906768837288050054e+04 3.709423116882774048e+04 2.784025952266000604e+04 2.684095583320070000e+04 3.353412925780826481e+04 3.960187217873818736e+04 3.940768765794383944e+04 4.312603700087817560e+04 2.759713354239526961e+04 4.612001178026899288e+04 4.358769697470223764e+04 5.172255785229361936e+04 4.963128597399045975e+04 4.322736370498954057e+04 6.403271530259236897e+04 4.975801404207898304e+04 4.546305741646922252e+04 2.788554148050391086e+04 4.344697525805278565e+04 4.531891319481544633e+04 5.434132556494510209e+04 4.229132334136959980e+04 3.717323825134467916e+04 4.321430896797737660e+04 4.654026284295753430e+04 2.674408515631768023e+04 4.548623118480211269e+04 6.192252901787887095e+04 6.469804169039549015e+04 4.221185626337098802e+04 3.493392895279910590e+04 3.865858311011696787e+04 2.898131367970259453e+04 2.872969071706431714e+04 2.495396085857969956e+04 4.271276024634216446e+04 4.162767580888916564e+04 4.665764275405822264e+04 3.663993648205774662e+04 6.815702460895173135e+04
2.041176470588235361e+02 3.500412131646826310e+04 3.224740600057720076e+04 4.732466185601564939e+04 4.416093348606506333e+04 4.424224670437706664e+04 3.300124519236564083e+04 3.426342829338034062e+04 3.343218561480498465e+04 3.568192096846798813e+04 4.605044232530277077e+04 3.052547311622037159e+04 3.174895711869054139e+04 2.751610421861599752e+04 3.789372218235932814e+04 2.336238400334722610e+04 2.840469689116743757e+04 2.671573030610220303e+04 3.855740305371153954e+04 2.677618298594165753e+04 3.624972031468282512e+04 4.363965804632008076e+04 2.686847953932042219e+04 3.882493378360677161e+04 3.105987447218680973e+04 4.008696210817427345e+04 3.527888156754616648e+04 3.333208321535788855e+04 3.001933348682591168e+04 2.743268226456997218e+04 2.650750042960032442e+04 3.437943273907080584e+04 3.379054687735216430e+04 3.160659332518047086e+04 2.667971005563330255e+04 2.939322530417490270e+04 4.222275866213956033e+04 4.252379727238159830e+04 2.776356474442759281e+04 3.452626989168813452e+04 3.285613353926893615e+04 2.971972311678835831e+04 4.099284287799133745e+04 4.267853621368414315e+04 3.233895003116076259e+04 4.372062310400092974e+04 2.684084642486810844e+04 6.051983595577584492e+04 4.857884209039183770e+04 3.571286398154059862e+04 3.433138226041313465e+04 4.341784542906289425e+04 3.336649392340358463e+04 6.241126343891762372e+04 3.330167620939757762e+04 3.406274599920754554e+04 4.871045041787333321e+04 4.536155512354178791e+04 2.478681376691495097e+04 3.885381380071271997e+04 2.882270773795308560e+04 3.939273299204700015e+04 4.898723186267544224e+04 4.548440403447991412e+04 2.947726358515418906e+04 3.077829205158297191e+04 2.908157495022148214e+04 2.946034624248767068e+04 4.609679321643224830e+04 3.192833103381364708e+04 2.762355758281767703e+04 2.979123526419400514e+04 3.777995481558085157e+04 2.801236728797933756e+04 2.747120351195110197e+04 3.412614975418084941e+04 4.006340817786611296e+04 3.973845125307463604e+04 4.250874325885801954e+04 2.765741893369635000e+04 4.609832274833073461e+04 4.381377193550025549e+04 4.933861854273069184e+04 4.906026691705457779e+04 4.357396361483146029e+04 6.168241218709360692e+04 4.894784011415809073e+04 4.486945905614747608e+04 2.793809654837884227e+04 4.407891662289681699e+04 4.444114173097626190e+04 5.166927739749304601e+04 4.259262996247463889e+04 3.733641453701367573e+04 4.376670322389480134e+04 4.636031732033806475e+04 2.797081576287305506e+04 4.514079882638986601e+04 6.009625478657396161e+04 6.252203799559421896e+04 4.218765591706951091e+04 3.350655964810639853e+04 3.856862227832609642e+04 2.961318621239524509e+04 2.821606299407292681e+04 2.563872913314953985e+04 4.178912967148370080e+04 4.160666718475233938e+04 4.665792726057763502e+04 3.657335211570591491e+04 6.798368674402849865e+04
2.047058823529411882e+02 3.455138099145226442e+04 3.148970367450980848e+04 4.632809125890958967e+04 4.398413773767703242e+04 4.336653649430303631e+04 3.229837137826746402e+04 3.426681645096193097e+04 3.412786041674043372e+04 3.582659508616802486e+04 4.609616547024641477e+04 3.052332189047699649e+04 3.161913285540616198e+04 2.778425258890189070e+04 3.881546522908037878e+04 2.496072778903893413e+04 2.809400041857297765e+04 2.758034349188170745e+04 3.942317724318419641e+04 2.763614957102265180e+04 3.656670495839171053e+04 4.259597849712566676e+04 2.706030921757634860e+04 4.001975780866225978e+04 3.164064345406572102e+04 3.768916496800458845e+04 3.528547305536549538e+04 3.245656965093567851e+04 3.010102445924785570e+04 2.780821224874608743e+04 2.741426366922767920e+04 3.435681963858863310e+04 3.405712917960123013e+04 3.275420132235455822e+04 2.695482620483349092e+04 2.946139825185204973e+04 4.189635736496497702e+04 4.206230827673471504e+04 2.899464911743376797e+04 3.358934091429285763e+04 3.353874685761873116e+04 3.045222214406388957e+04 4.073861603727250622e+04 4.189681392424702062e+04 3.289727236096970591e+04 4.381338948804778192e+04 2.629927592970525075e+04 5.702467430774750392e+04 4.869406907859306375e+04 3.603461620447319729e+04 3.511033648594951956e+04 4.323169517013986479e+04 3.367100648863324022e+04 6.099129231323797285e+04 3.358851659313855635e+04 3.331453418077458628e+04 4.821467351660441636e+04 4.478290005224232300e+04 2.557157857878762297e+04 3.893517370018550719e+04 2.880889092194799741e+04 3.997164800342763192e+04 4.631242828366113827e+04 4.458988849604941061e+04 2.999838850849015944e+04 3.049556440590236525e+04 3.046557878797137528e+04 2.998715658115973201e+04 4.578058667515737034e+04 3.269183952802111162e+04 2.749258096289874447e+04 3.032767610828878969e+04 3.815410681038913754e+04 2.799446579764292983e+04 2.796815331949941901e+04 3.445895122900560091e+04 4.020266315136779303e+04 3.971606128897091548e+04 4.151967332826874917e+04 2.752099556574250892e+04 4.567383208420986193e+04 4.368498316299897124e+04 4.663423244682401128e+04 4.811467074622752989e+04 4.352788184225706937e+04 5.891698276678326511e+04 4.776350460793079401e+04 4.388847591306522372e+04 2.778626646973554671e+04 4.435699455665259302e+04 4.328330850210571953e+04 4.868763192313528998e+04 4.259331289199064486e+04 3.716919568517905282e+04 4.397424587516043539e+04 4.577467027314448933e+04 2.901169450011528897e+04 4.439843167521230498e+04 5.776877905134933826e+04 5.987676141452604497e+04 4.186185213156576356e+04 3.193054076662271837e+04 3.812729701244534226e+04 3.002061993148086549e+04 2.751605360978954559e+04 2.616370256780937052e+04 4.061284852038682584e+04 4.119228821886954393e+04 4.622547354622997955e+04 3.618712350759263063e+04 6.716691147690897924e+04
2.052941176470588118e+02 3.381557018420908571e+04 3.051706600537867052e+04 4.493139026919742173e+04 4.344893196084535157e+04 4.215703465807092289e+04 3.134654418330792396e+04 3.397269238389922975e+04 3.453256639243527752e+04 3.565311193000594358e+04 4.572619852356618503e+04 3.030108797571740070e+04 3.126206737898226129e+04 2.785535006646988768e+04 3.939726320683764789e+04 2.645853040975534168e+04 2.757609810690210725e+04 2.823013719448127085e+04 3.993699264732326992e+04 2.828073542506340527e+04 3.656095024054247915e+04 4.122851840705842915e+04 2.705765001020300770e+04 4.093370881173061207e+04 3.197563570791237726e+04 3.521018785471135197e+04 3.498280044765176717e+04 3.132584154783166377e+04 2.994194899988477846e+04 2.799209108743310208e+04 2.811173908903947813e+04 3.403968403579777078e+04 3.402354053398349788e+04 3.366130186371887248e+04 2.706181228227065367e+04 2.929271200034758658e+04 4.123161665066546266e+04 4.128272439170430152e+04 3.001897552466329216e+04 3.239670492214497426e+04 3.393623753463257162e+04 3.096437568596141864e+04 4.014571090567701322e+04 4.080708402808796382e+04 3.319456054219658836e+04 4.350536870811916015e+04 2.557496510617099193e+04 5.330468810697808658e+04 4.841111907288334623e+04 3.604968244622463681e+04 3.562332169985209475e+04 4.266465642650160589e+04 3.368416704766335897e+04 5.907778073049452360e+04 3.358611040659409628e+04 3.236594576733676513e+04 4.732692062388279010e+04 4.380209022895502858e+04 2.620009191744418058e+04 3.867825037689365126e+04 2.856882073631670210e+04 4.019051407869000832e+04 4.339163389007234218e+04 4.329955864309586468e+04 3.031074434185931386e+04 2.999086173431397401e+04 3.164587390610115835e+04 3.030605587723667486e+04 4.508365797159059002e+04 3.316904017487196688e+04 2.715855986552476679e+04 3.065013651059650510e+04 3.820350893085832649e+04 2.777419575357747817e+04 2.831439988181264926e+04 3.452200732062035968e+04 4.001248716670335125e+04 3.934486264951373596e+04 4.018462305954789190e+04 2.718146629770972868e+04 4.486139214066311979e+04 4.320270274217274709e+04 4.368332497819422133e+04 4.681738382710440783e+04 4.308540856062548119e+04 5.580162907730278675e+04 4.622694601689581759e+04 4.255099674704540666e+04 2.742496384228696843e+04 4.427103951168960339e+04 4.185197875058449426e+04 4.547607207756166463e+04 4.229540273884789349e+04 3.667393600111859269e+04 4.382864501996976469e+04 4.479908430304502690e+04 2.983198994141960429e+04 4.328322307642544183e+04 5.501213353688472125e+04 5.683712505693814455e+04 4.124516146494177519e+04 3.023024623971988694e+04 3.734597915268394718e+04 3.018479728775401236e+04 2.664039761693125547e+04 2.650395425441013140e+04 3.919114273829233571e+04 4.039794261884572188e+04 4.537557781181735481e+04 3.549005512917396845e+04 6.573505349214548187e+04
2.058823529411764639e+02 3.281440833702743839e+04 2.935033556127210250e+04 4.317772419553279178e+04 4.256728880611322529e+04 4.064302278975069930e+04 3.016985372187578832e+04 3.338757230076750420e+04 3.463541719979934715e+04 3.516884636511841381e+04 4.495185160418946180e+04 2.985461112349007817e+04 3.068056115515666897e+04 2.772221362144439991e+04 3.962234207464768406e+04 2.781056855502626786e+04 2.685985219245554981e+04 2.864255366647934716e+04 4.008549619602330495e+04 2.868755002051062547e+04 3.623472675116928440e+04 3.956965350727700570e+04 2.685520107369840480e+04 4.153310608365295047e+04 3.204871333959349067e+04 3.268367999049215359e+04 3.438206820006469206e+04 2.997097234489234324e+04 2.954252189309403911e+04 2.797433054329851802e+04 2.857592432551454840e+04 3.343411524234771059e+04 3.369031778920091165e+04 3.429702390880044550e+04 2.698634118814362591e+04 2.888767861025494858e+04 4.024625146352916636e+04 4.020838983679450757e+04 3.080450568040922735e+04 3.097918319576226713e+04 3.403654812485333241e+04 3.123495895193190881e+04 3.922622822590596479e+04 3.944102871801660513e+04 3.321723407609557762e+04 4.280650547363019723e+04 2.467911641936147862e+04 4.943667580037557491e+04 4.773408442446749541e+04 3.576076952396439447e+04 3.585444522665368277e+04 4.173354067932326143e+04 3.340729185516654979e+04 5.672545616879244335e+04 3.329585793759724766e+04 3.122882067081375135e+04 4.606800920442766073e+04 4.244959112766352337e+04 2.664454424572545031e+04 3.809487900686663488e+04 2.810377141883871809e+04 4.004571900336391263e+04 4.029937948622916156e+04 4.165338961945823394e+04 3.039511211434087454e+04 2.926834615939720970e+04 3.258498263182594746e+04 3.039760433814410499e+04 4.402491394991761626e+04 3.334514352133270586e+04 2.662299443197439541e+04 3.073972544839200782e+04 3.792563109642578638e+04 2.734839844111596176e+04 2.849740032252539459e+04 3.431261011515076098e+04 3.949692950220275816e+04 3.863979134101450472e+04 3.854044371173148829e+04 2.664044286544094211e+04 4.368713064205175760e+04 4.237902380048553459e+04 4.056115992983538308e+04 4.520058969550387701e+04 4.225747577286553133e+04 5.240981017452484957e+04 4.437274755975319567e+04 4.089737484839497483e+04 2.685722420293444156e+04 4.382226753041459597e+04 4.016640849550355779e+04 4.211395891775745258e+04 4.170800842078503774e+04 3.586450444371259800e+04 4.333242409927291010e+04 4.346105045627830987e+04 3.040552585122949313e+04 4.182975008057652303e+04 5.190643127135392569e+04 5.348508749920454284e+04 4.035496980047464604e+04 2.843499787440404180e+04 3.624701095706230262e+04 3.009669576481494732e+04 2.560576514290063278e+04 2.664216116451751077e+04 3.754265838909910963e+04 3.924905497642842238e+04 4.413625049211175065e+04 3.450157738634358248e+04 6.373488686223160767e+04
2.064705882352941160e+02 3.157381563142050800e+04 2.801570316713210195e+04 4.111874002750719228e+04 4.136182715136103070e+04 3.886218093658544967e+04 2.879867078655962177e+04 3.252722052058391273e+04 3.443541831993927917e+04 3.439032437542657135e+04 4.379680864895056584e+04 2.918778465681492889e+04 2.988489023564787931e+04 2.738487264691237942e+04 3.948587988151901664e+04 2.897676903958607727e+04 2.596042569385022944e+04 2.880371491438476005e+04 3.986727883417534031e+04 2.884289885912966565e+04 3.559985589740746946e+04 3.765998415267132805e+04 2.645482827648222155e+04 4.179559097031068814e+04 3.185302248667793174e+04 3.014497211750866700e+04 3.350291820681907120e+04 2.842860253905831269e+04 2.891168954159723944e+04 2.775201831032881091e+04 2.879135678061787985e+04 3.255551708707532816e+04 3.306748718170721986e+04 3.464034206180783076e+04 2.672108892906570327e+04 2.825528670598860117e+04 3.896684533794837625e+04 3.886956019006382121e+04 3.132778823415402803e+04 2.937350113854114534e+04 3.383717669724432199e+04 3.125111949050171825e+04 3.800242909287471412e+04 3.783609273655774450e+04 3.296137721172842430e+04 4.173885343740040844e+04 2.362912316439855203e+04 4.549708825971266924e+04 4.667931409428064944e+04 3.517942994700289273e+04 3.579606117599518620e+04 4.046603624094044790e+04 3.285078033640326612e+04 5.399908594435964187e+04 3.272823170924327860e+04 2.992219500050001807e+04 4.446965414396400593e+04 4.076624792687216541e+04 2.688504554550594548e+04 3.720602415423605999e+04 2.742324219170624201e+04 3.954508790884920018e+04 3.710878908388427226e+04 3.970047681511774863e+04 3.024074898230271720e+04 2.834034717120752612e+04 3.325381088689769967e+04 3.025081544771955305e+04 4.263326868477447715e+04 3.321585743325170188e+04 2.589477730749671537e+04 3.058606725399758943e+04 3.732812908397104184e+04 2.672228852914477829e+04 2.850934466416438227e+04 3.383562718714807852e+04 3.867018591844507318e+04 3.762504610428601154e+04 3.663253602018529637e+04 2.590692866556721856e+04 4.218660059689006448e+04 4.123560351430421724e+04 3.734149259545576206e+04 4.330396631039932981e+04 4.106804897091944440e+04 4.881946041234277072e+04 4.224538054707957053e+04 3.897508337219377427e+04 2.609351455029690987e+04 4.302256177184874832e+04 3.825634703737098607e+04 3.867759779859379341e+04 4.084652103833941510e+04 3.476475576887379430e+04 4.249818676683627564e+04 4.179796647645914345e+04 3.071510660068847210e+04 4.008090454423993651e+04 4.853624409065389045e+04 4.990585387965026894e+04 3.921422084212543268e+04 2.657697910516781121e+04 3.486211253161206696e+04 2.975667832440629718e+04 2.443348282650306282e+04 2.656878023934671000e+04 3.569545129518744216e+04 3.778124633725753665e+04 4.254623353284862242e+04 3.325002080204684171e+04 6.122856945373828785e+04
2.070588235294117680e+02 3.012608464719432959e+04 2.654305550573825894e+04 3.881180906401991524e+04 3.986416878574701695e+04 3.685837841424735961e+04 2.726771128690767364e+04 3.141547928842620968e+04 3.394093607394262654e+04 3.334200205685151013e+04 4.229535953849853104e+04 2.831204100937282783e+04 2.889183632971961561e+04 2.684998755843502659e+04 3.899459075443779147e+04 2.992349654980551713e+04 2.489819099517054565e+04 2.870855463287430393e+04 3.929232279038317211e+04 2.874190437778055639e+04 3.467672549148518738e+04 3.554588888203079114e+04 2.586488548739452381e+04 4.171047209194842435e+04 3.139091884610262059e+04 2.762908891590467101e+04 3.237211416128009296e+04 2.673882342451976001e+04 2.806585203691155039e+04 2.732887795819841631e+04 2.875132474138233738e+04 3.142745221213558034e+04 3.217368249782818748e+04 3.468043404865975754e+04 2.626566562641478959e+04 2.741193806806148132e+04 3.742717375018394523e+04 3.730158125565188675e+04 3.157447487277702749e+04 2.762005101720127277e+04 3.334491929208116926e+04 3.100868379563299823e+04 3.650522891238480952e+04 3.603341892927877780e+04 3.243231316446320488e+04 4.033489018799914629e+04 2.244726853058691995e+04 4.155864589477208938e+04 4.527407467351972446e+04 3.432499502332282282e+04 3.544886634478864289e+04 3.889876603423285269e+04 3.203307858152817062e+04 5.097007564397014357e+04 3.190172404305342570e+04 2.847066686106360794e+04 4.257246498620969214e+04 3.880078212254600658e+04 2.690989348484211951e+04 3.604026913666137989e+04 2.654386885415959478e+04 3.870690098184771341e+04 3.388877301444351906e+04 3.749624602222303656e+04 2.984553840079407018e+04 2.722617939322851453e+04 3.363257535209409252e+04 2.986332006620791799e+04 4.094582948234742798e+04 3.278700352644048689e+04 2.498925482266841209e+04 3.018744714821934758e+04 3.642803504645307839e+04 2.590836139960165019e+04 2.834702425046156714e+04 3.310303705638472456e+04 3.755523106992086832e+04 3.633245160267552274e+04 3.451205366137769306e+04 2.499637382308098677e+04 4.040261982253199676e+04 3.980219679933384032e+04 3.409375187152135186e+04 4.117255885419371771e+04 3.955204990615834686e+04 4.510901271497287962e+04 3.989610739877532615e+04 3.683613633455355739e+04 2.515071859616573784e+04 4.189341934076371399e+04 3.615938381267248042e+04 3.523756180634316115e+04 3.973171528810876771e+04 3.340667453955223027e+04 4.134757389447990863e+04 3.985490271885305992e+04 3.075271817432644821e+04 3.808544536236338899e+04 4.498677708214615268e+04 4.618396948571522080e+04 3.785020544667978538e+04 2.468909337555011371e+04 3.323038240681058960e+04 2.917376168206338480e+04 2.314811276863289459e+04 2.628196935500765176e+04 3.368455200093991152e+04 3.603810917629065807e+04 4.065262412901769858e+04 3.177060705588651399e+04 5.828996203663192864e+04
2.076470588235294201e+02 2.850802679186764726e+04 2.496446198817818004e+04 3.631735590891750326e+04 3.811304091448323015e+04 3.467944519438058342e+04 2.561421889161237777e+04 3.008281918756430969e+04 3.316879785647567769e+04 3.205480882903500242e+04 4.049033851277708891e+04 2.724549967989664219e+04 2.772354421040015222e+04 2.613007716751396219e+04 3.816579851898075867e+04 3.062449933441960457e+04 2.369754789789031202e+04 2.836052596223476576e+04 3.838095548271093867e+04 2.838820374095272928e+04 3.349301123484671552e+04 3.327713099238673021e+04 2.509935832402969754e+04 4.127850964798970381e+04 3.067343212966119609e+04 2.516918204718668130e+04 3.102205233707043590e+04 2.494323495719626953e+04 2.702756351795482260e+04 2.671462416677395595e+04 2.845765217927574122e+04 3.008019386100518022e+04 3.103492941660751239e+04 3.441656057751058688e+04 2.562625624135330509e+04 2.638015730029144834e+04 3.566640659614167816e+04 3.554314512607050710e+04 3.153938821019071111e+04 2.576085579901709207e+04 3.257518316503740061e+04 3.051199490378527844e+04 3.477243910898366448e+04 3.407597170380191528e+04 3.164383295032739989e+04 3.863552982457802136e+04 2.115936285264332037e+04 3.768781017842121946e+04 4.355481464581986802e+04 3.322329848920446966e+04 3.482163011319814541e+04 3.707517068911795650e+04 3.097939765572167016e+04 4.771324150390063733e+04 3.084155569321134317e+04 2.690273011856303856e+04 4.042373961021978903e+04 3.660722742336007650e+04 2.671544887810169894e+04 3.463214547827921342e+04 2.548812466854057129e+04 3.755851771191778244e+04 3.070197316451532970e+04 3.509972751290425367e+04 2.921568186129300375e+04 2.595076233883657187e+04 3.371120784407810424e+04 2.924107163183087687e+04 3.900593106846063165e+04 3.207368478589874212e+04 2.392709386362494843e+04 2.955049693957870477e+04 3.525060877496576722e+04 2.492513956034691000e+04 2.801160798920052184e+04 3.213322601547748127e+04 3.618223976068726915e+04 3.479966997342732066e+04 3.223324020348199338e+04 2.392953882500829786e+04 3.838307614783272584e+04 3.811503701295947394e+04 3.088098349334789600e+04 3.885471395661598217e+04 3.775301335921318969e+04 4.135409616634607664e+04 3.738004436587949021e+04 3.453468608484763536e+04 2.405093967805109060e+04 4.046461184076312929e+04 3.391832503530955000e+04 3.185684594361469499e+04 3.838882078616038052e+04 3.182838737621317341e+04 3.990997214077412355e+04 3.768228481750821811e+04 3.051929819226828113e+04 3.589562853346276825e+04 4.134061230554654321e+04 4.240012800060346490e+04 3.629341399007101427e+04 2.280323763993861940e+04 3.139617499969000710e+04 2.836456634796312574e+04 2.177613959892067942e+04 2.578717097124864449e+04 3.154957649346440667e+04 3.406886780865836045e+04 3.850840609090363432e+04 3.010340000062214312e+04 5.500081963003036071e+04
2.082352941176470722e+02 2.675912836387955758e+04 2.331277288489314378e+04 3.369630724511007429e+04 3.615222111621493968e+04 3.237496667024141061e+04 2.387626412580814213e+04 2.856469331365738253e+04 3.214312576442751379e+04 3.056453948143271555e+04 3.843087053069387184e+04 2.601184216865781855e+04 2.640625409442908494e+04 2.524260596486109353e+04 3.702612913530845981e+04 3.106158982149281292e+04 2.238567777769078384e+04 2.777097818348294095e+04 3.716244239707376255e+04 2.779331587231253434e+04 3.208219456221879227e+04 3.090454717331444408e+04 2.417688377001317713e+04 4.051125291432323138e+04 2.971935912305394231e+04 2.279524107805954918e+04 2.948916720415937380e+04 2.308316946144346730e+04 2.582408904755244293e+04 2.592416732954413601e+04 2.792014734367657729e+04 2.854907231574228717e+04 2.968318584689024647e+04 3.385756030469623511e+04 2.481500790575646170e+04 2.518715240986554636e+04 3.372724733205389930e+04 3.363464224615924468e+04 3.122623941224026566e+04 2.383771929207245194e+04 3.155096478147365269e+04 2.977336229940998965e+04 3.284682875939329097e+04 3.200684041661439187e+04 3.061714679961247384e+04 3.668793595169096807e+04 1.979334898480144329e+04 3.394286626764022367e+04 4.156514801441526652e+04 3.190526970880482986e+04 3.393061817584503297e+04 3.504330187760912668e+04 2.972027359406267715e+04 4.430375935476464656e+04 2.957822916573453040e+04 2.524911152595983367e+04 3.807513302229833062e+04 3.424237778779440850e+04 2.630570160912225401e+04 3.302038305787670106e+04 2.428288672544857764e+04 3.613472735988714703e+04 2.760324927174523327e+04 3.257093833246261784e+04 2.836500940324445401e+04 2.454310428030766343e+04 3.348933648095536773e+04 2.839766817378251653e+04 3.686108099885343108e+04 3.109911100032592367e+04 2.273301048477657605e+04 2.868949958591150789e+04 3.382792836682066263e+04 2.379581890424629455e+04 2.750836156506056432e+04 3.095008641396232633e+04 3.458688083003670181e+04 3.306834158225917781e+04 2.985093023170599190e+04 2.273121868206563886e+04 3.617875230618055502e+04 3.621511301098458352e+04 2.775833956929881970e+04 3.640008383087879338e+04 3.572059131906769471e+04 3.762477989351298311e+04 3.475341317024689488e+04 3.212480234935244880e+04 2.282017699644478853e+04 3.877263173185541382e+04 3.157864353723737804e+04 2.858959122211490103e+04 3.684656974146319408e+04 3.007211780167061079e+04 3.822103251305498270e+04 3.533355224427003850e+04 3.002417305806122386e+04 3.356494619303633226e+04 3.767492754307651194e+04 3.862855245872509840e+04 3.457643711957102641e+04 2.094890471368279032e+04 2.940693011887882312e+04 2.735204193008790389e+04 2.034474865509749725e+04 2.509642444125106340e+04 2.933240753275698080e+04 3.192600062855809665e+04 3.616996380716838030e+04 2.829127382386551108e+04 5.144697399105763907e+04
2.088235294117646959e+02 2.491980265135133232e+04 2.162037689382315148e+04 3.100779390302772299e+04 3.402845194383835769e+04 2.999423158780518497e+04 2.209123120600888069e+04 2.689980273146299078e+04 3.089396380397485336e+04 2.891018578100291779e+04 3.617005121558699466e+04 2.463900076689107664e+04 2.496898453397068806e+04 2.420897389908619880e+04 3.560989642296440434e+04 3.122499763953034926e+04 2.099130391817140844e+04 2.695823565257626251e+04 3.567329801218965440e+04 2.697571131532167783e+04 3.048195850484275434e+04 2.847795018434425947e+04 2.311968947832833510e+04 3.942996610235402477e+04 2.855405443840892258e+04 2.053315141489344751e+04 2.781232087410920212e+04 2.119815895776003526e+04 2.448590576751198023e+04 2.497670142284621033e+04 2.715574636318498960e+04 2.687272512257004564e+04 2.815472987894334437e+04 3.302097359492932446e+04 2.384919970804953482e+04 2.386331635319746783e+04 3.165411260065226088e+04 3.161667413472686530e+04 3.064700002920392581e+04 2.189063876786896071e+04 3.030155785635474967e+04 2.881216966226608565e+04 3.077413096567342291e+04 2.986778525990489652e+04 2.937960962890407609e+04 3.454326090464727167e+04 1.837796288711579109e+04 3.037267882570453003e+04 3.935368758783108206e+04 3.040546586582367672e+04 3.279873085995277506e+04 3.285364389854963520e+04 2.829004546417883466e+04 4.081444142141551856e+04 2.814600471886375453e+04 2.354121205318770444e+04 3.558034985757772665e+04 3.176338333916485863e+04 2.569155337297463848e+04 3.124617212377394026e+04 2.295795470595573352e+04 3.447592120770829206e+04 2.463873670297412536e+04 2.996851030729158811e+04 2.731397015601125167e+04 2.303475316212349935e+04 3.297584206657474715e+04 2.735335265387975596e+04 3.456092860000600922e+04 2.989315514731038638e+04 2.143444255235024684e+04 2.762537124326301637e+04 3.219729604755102264e+04 2.254688304716279526e+04 2.684630264915731095e+04 2.958195620442607105e+04 3.280857285462778964e+04 3.118225153012920055e+04 2.741832967724192713e+04 2.142891290232512620e+04 3.384127682473203458e+04 3.414642301691399189e+04 2.477214329153482322e+04 3.385780182786452497e+04 3.350804223072883906e+04 3.398347310602843208e+04 3.207111493130823510e+04 2.965853425731651078e+04 2.148695956352661597e+04 3.685899994737947418e+04 2.918614891398256805e+04 2.548039178270524644e+04 3.513624428055316821e+04 2.818218951442138132e+04 3.632106875469703664e+04 3.286292486767828814e+04 2.928418974402758977e+04 3.114608409493051659e+04 3.405930546836283611e+04 3.493503820980866294e+04 3.273294508649413547e+04 1.915215739254352593e+04 2.731107915613150180e+04 2.616404372315180080e+04 1.888074706918822267e+04 2.422744697498255118e+04 2.707508215052866581e+04 2.966295564707810627e+04 3.369470963195019431e+04 2.637799637595660897e+04 4.771472465670286329e+04
2.094117647058823479e+02 2.302980680830165511e+04 1.991814365095492758e+04 2.830719425276924449e+04 3.178944042399958926e+04 2.758442567804714417e+04 2.029453497751480973e+04 2.512837374364843708e+04 2.945577759107179736e+04 2.713229228813639929e+04 3.376267877010529628e+04 2.315775108658540557e+04 2.344223266994980077e+04 2.305345510925430790e+04 3.395728156545577076e+04 3.111337729728235718e+04 1.954351506059613530e+04 2.594644206830396797e+04 3.395541950403191004e+04 2.595965124966434087e+04 2.873254763867929432e+04 2.604433267561315733e+04 2.195250530511056058e+04 3.806421929529566114e+04 2.720800701230702907e+04 1.840409984706697651e+04 2.603125075472752724e+04 1.932468871616718388e+04 2.304522901230538992e+04 2.389471695434913636e+04 2.618740965200912615e+04 2.509135376339742652e+04 2.648849156442999083e+04 3.193185395008787236e+04 2.275024657318329264e+04 2.244075027842939016e+04 2.949143535210558184e+04 2.952876747579645598e+04 2.982097319289232473e+04 1.995651842887572639e+04 2.886107251037022797e+04 2.765371039187129645e+04 2.860110042280401103e+04 2.769805777805623438e+04 2.796328676125924540e+04 3.225442559130501468e+04 1.694151603187166984e+04 2.701608736915135160e+04 3.697185678777150315e+04 2.876061127742961617e+04 3.145440462443430442e+04 3.055706551841632609e+04 2.672532936943510867e+04 3.731343133940392727e+04 2.658137564507720526e+04 2.180972936133188705e+04 3.299297778511470096e+04 2.922560017449387306e+04 2.488987256246881952e+04 2.935151505691935745e+04 2.154460382669336832e+04 3.262618918888689950e+04 2.184543265516046085e+04 2.734765521533335050e+04 2.608838327913679313e+04 2.145830062365525009e+04 3.218803188511035114e+04 2.613377138348362860e+04 3.215535130414894957e+04 2.849072795573650728e+04 2.006023880073770488e+04 2.638440420697531590e+04 3.039954382056496615e+04 2.120675144381492282e+04 2.603779249473469099e+04 2.806044948396210748e+04 3.088878011124077602e+04 2.918560669843052528e+04 2.498515584289367689e+04 2.005151282889823051e+04 3.142128066109451174e+04 3.195427846394712105e+04 2.195948634208752264e+04 3.127489788100667647e+04 3.116983050525401995e+04 3.048349705464028011e+04 2.938470669868934056e+04 2.718431410721672000e+04 2.008101250978244934e+04 3.476851506134800729e+04 2.678497170273379379e+04 2.256412512115086793e+04 3.329073958230484277e+04 2.620316663541308299e+04 3.425340694237173011e+04 3.032337608905423986e+04 2.832259770087388461e+04 2.868916718725960163e+04 3.055416863047816514e+04 3.137566203917739767e+04 3.079676106367884495e+04 1.743496819728523769e+04 2.515613259527453920e+04 2.483184242711959450e+04 1.740965462408206076e+04 2.320254427049684091e+04 2.481796856730223953e+04 2.733206648425490857e+04 3.113892854239702865e+04 2.440650499858975309e+04 4.388760341377562872e+04
2.100000000000000000e+02 2.112687566633400638e+04 1.823456744913263901e+04 2.564457861739086366e+04 2.948203486444284135e+04 2.518913689427688223e+04 1.851859319215305004e+04 2.329053377450150947e+04 2.786590450930240331e+04 2.527141408317489186e+04 3.126314173013771870e+04 2.160029655020096470e+04 2.185675286176533700e+04 2.180213220549731341e+04 3.211241522657717360e+04 3.073347513576087294e+04 1.807070159481204973e+04 2.476424451438983670e+04 3.205415004928426060e+04 2.477386660697016850e+04 2.687517253299033109e+04 2.364642695500186164e+04 2.070149150114325312e+04 3.645023090876545029e+04 2.571529614428382774e+04 1.642430689653641821e+04 2.418514393814864161e+04 1.749525374718187595e+04 2.153463356000849672e+04 2.270298392990151115e+04 2.504284344146848889e+04 2.324507978240345619e+04 2.472441743596997549e+04 3.062133853353917948e+04 2.154259951680014274e+04 2.095188112009532779e+04 2.728215866233186898e+04 2.740831285346014920e+04 2.877362263454111599e+04 1.806820151372435794e+04 2.726685631349269534e+04 2.632783627954750409e+04 2.637371874427864168e+04 2.553350340933159896e+04 2.640343710996960726e+04 2.987404781534505673e+04 1.551084652453970375e+04 2.390186508535314351e+04 3.447179468089411967e+04 2.700820503125603500e+04 2.993034069565358368e+04 2.820298495135095800e+04 2.506355642375803291e+04 3.386237649139429413e+04 2.492161116116585254e+04 2.008350862646684254e+04 3.036456247581681964e+04 2.668077162954012238e+04 2.392238056807406610e+04 2.737773577965652657e+04 2.007424147135121893e+04 3.063144272875412571e+04 1.925124490025964769e+04 2.475853175225952873e+04 2.471803849263724624e+04 1.984601068528651376e+04 3.115049464023552355e+04 2.476858009509482508e+04 2.969273721274971831e+04 2.693007042958135571e+04 1.863943116240245945e+04 2.499685831694127410e+04 2.847732892843692389e+04 1.980451359572555157e+04 2.509806723076386697e+04 2.641923434832024213e+04 2.886942016548617903e+04 2.712149142476827183e+04 2.259617930270139550e+04 1.862807403351979883e+04 2.896681893888938066e+04 2.968372535941750903e+04 1.934828954146932301e+04 2.869499700433943144e+04 2.875944353015208253e+04 2.716830028906529333e+04 2.674082457575107765e+04 2.474573164208707749e+04 1.863201864601940179e+04 3.254752364039875101e+04 2.441592356310308242e+04 1.986622426138471565e+04 3.134366184949966555e+04 2.417820193093429407e+04 3.206275868781061581e+04 2.776489182144498773e+04 2.716774988117905377e+04 2.624033988135793334e+04 2.720982978375767925e+04 2.799611947980181867e+04 2.880103817339819943e+04 1.581489382521763218e+04 2.298702570950163499e+04 2.338864474422975763e+04 1.595497973021235703e+04 2.204741438764759005e+04 2.259828763188854646e+04 2.498275078986927110e+04 2.855592040399177858e+04 2.241743412076107779e+04 4.004363550875672809e+04
2.105882352941176521e+02 1.924560875180988296e+04 1.659511540908362804e+04 2.306357932893595353e+04 2.715065315759039731e+04 2.284721017692815440e+04 1.679206364059603584e+04 2.142486092056546477e+04 2.616303040738722848e+04 2.336673736247263150e+04 2.872355027828610400e+04 1.999892164851016787e+04 2.024246156584962591e+04 2.048187034051454611e+04 3.012146379379974314e+04 3.009947984850663124e+04 1.659964357804685278e+04 2.344339395951220649e+04 3.001637564291632589e+04 2.345015673212487673e+04 2.495053027460895464e+04 2.132164890680446115e+04 1.939322778672097411e+04 3.462906311583053321e+04 2.411202101969233627e+04 1.460504337329431473e+04 2.231138854200984497e+04 1.573772290658521342e+04 1.998582800916620909e+04 2.142754736467690600e+04 2.375312284313466080e+04 2.137247550121783570e+04 2.290194865493454927e+04 2.912506650754901057e+04 2.025260479328237125e+04 1.942823153341592842e+04 2.506646756906411974e+04 2.528973766100031935e+04 2.753523041530467526e+04 1.625381771405867585e+04 2.555790462747131096e+04 2.486750558272999842e+04 2.413562319602156640e+04 2.340594103087931580e+04 2.473699288228949445e+04 2.745260442383136615e+04 1.411047337005464942e+04 2.104914970233270287e+04 3.190445067681547880e+04 2.518525167457934003e+04 2.826213252642225052e+04 2.583781059967746478e+04 2.334163626206953995e+04 3.051510310116050459e+04 2.320342634265926972e+04 1.838865316824928595e+04 2.774299320174780951e+04 2.417559199540649206e+04 2.281443829914378512e+04 2.536419628957506211e+04 1.857722353894538901e+04 2.853765219661397714e+04 1.687541912090135520e+04 2.224504289808639805e+04 2.323523768822700367e+04 1.822863164992983729e+04 2.989371692577048816e+04 2.328998779350107361e+04 2.721852409611337498e+04 2.525105580377075239e+04 1.720014236933064603e+04 2.349549198301389333e+04 2.647350070728346691e+04 1.836879628017215873e+04 2.404471750403409897e+04 2.469281640249222983e+04 2.679144098574296731e+04 2.503055458027012355e+04 2.029018590816429059e+04 1.718672358955888194e+04 2.652209596278742174e+04 2.737813544945964532e+04 1.695774393666579635e+04 2.615732490317310294e+04 2.632750786514483116e+04 2.407125193411813962e+04 2.418006556082536190e+04 2.238068482457098071e+04 1.716852915350944386e+04 3.024228712264948626e+04 2.211526172088720341e+04 1.740329813137491510e+04 2.932847789368464873e+04 2.214764899103276912e+04 2.979368493091740311e+04 2.523306781640216286e+04 2.585169767086198772e+04 2.384070305365614695e+04 2.406611585762391769e+04 2.483162083140587492e+04 2.677754626605919475e+04 1.430503786191986546e+04 2.084477795063512531e+04 2.186819548931340250e+04 1.453768414603727979e+04 2.078991584348063407e+04 2.044900286335502824e+04 2.266004981308813512e+04 2.599449409724727229e+04 2.044792877910810057e+04 3.625317884720456641e+04
2.111764705882353041e+02 1.741662877168348859e+04 1.502177608992661590e+04 2.060068715874281770e+04 2.483600888055924224e+04 2.059196073249728215e+04 1.513934097665223635e+04 1.956716147903061938e+04 2.438576099218515083e+04 2.145491071176479454e+04 2.619217275467749278e+04 1.838478043673963475e+04 1.862750549003175183e+04 1.911936808261454280e+04 2.803081737484116093e+04 2.923210243581865871e+04 1.515477421101822438e+04 2.201733909358952587e+04 2.788874559119978949e+04 2.202198359288528809e+04 2.299749640385969542e+04 1.910142334115202539e+04 1.805379754849565143e+04 3.264476959342519331e+04 2.243478757783857509e+04 1.295287820209765778e+04 2.044453960236713829e+04 1.407498943398281699e+04 1.842862248966129846e+04 2.009477545098441260e+04 2.235129272659796698e+04 1.950932570280617801e+04 2.105867626880329044e+04 2.748153507146914490e+04 1.890738261799055545e+04 1.789938487929466646e+04 2.288078848836165707e+04 2.320390554572216206e+04 2.613946259262640888e+04 1.453642744933072026e+04 2.377334256959850609e+04 2.330731690079150576e+04 2.192681392948378561e+04 2.134279455497038362e+04 2.300110591680962534e+04 2.503689060092512591e+04 1.276196703465933751e+04 1.846823255119089663e+04 2.931794542644179455e+04 2.332715294435478791e+04 2.648686743214358285e+04 2.350369638132652108e+04 2.159479052685028364e+04 2.731678495768483845e+04 2.146182347827394187e+04 1.674790027577216097e+04 2.517124361448160562e+04 2.175067114927938019e+04 2.159379709419261053e+04 2.334725247293383654e+04 1.708186797980959091e+04 2.638927288161274555e+04 1.472925371170193648e+04 1.984406740012285445e+04 2.167335970271697443e+04 1.663442535689781289e+04 2.845254808964312906e+04 2.173132249061600669e+04 2.477403106586475769e+04 2.349358674348474233e+04 1.576866522608644846e+04 2.191411920116195324e+04 2.442961130795892677e+04 1.692679433937640351e+04 2.289712485133207883e+04 2.291538130877178628e+04 2.469360583623567800e+04 2.294995858857323037e+04 1.809934688629465381e+04 1.575374103982168344e+04 2.412650833661989964e+04 2.507801145959711357e+04 1.479903990603003149e+04 2.369602152014673266e+04 2.392026270696612119e+04 2.121592284450386796e+04 2.173630986155975552e+04 2.012088884678545219e+04 1.571705626259593009e+04 2.789750510055700943e+04 1.991385594087673235e+04 1.518400409292864606e+04 2.727773171939885651e+04 2.014796696535206866e+04 2.748920753646180310e+04 2.276806857173596291e+04 2.440875539747320363e+04 2.152560334092479388e+04 2.115249188488760774e+04 2.190725490018298660e+04 2.475607140493700354e+04 1.291424459994609242e+04 1.876549341444798119e+04 2.030351836224792714e+04 1.317582827403058945e+04 1.945886180171368687e+04 1.839807713763177526e+04 2.040353882800313295e+04 2.349783847173369941e+04 1.853076420222146044e+04 3.257737300519892597e+04
2.117647058823529278e+02 1.566601256777052185e+04 1.353279431993196886e+04 1.828494332169547852e+04 2.257415798567500678e+04 1.845073346080853662e+04 1.358029307941668230e+04 1.774950709287512655e+04 2.257134126190113238e+04 1.956911486145068557e+04 2.371221564612941074e+04 1.678686704035899311e+04 1.703751366802758639e+04 1.774031696137676408e+04 2.588545624545910687e+04 2.815744444711079632e+04 1.375762969654976405e+04 2.051988351469133704e+04 2.571609104458766888e+04 2.052313115664602446e+04 2.105203167966961337e+04 1.701086709673564474e+04 1.670799480686340394e+04 3.054258789828097724e+04 2.071932650871501392e+04 1.147009629877191946e+04 1.861551765380395227e+04 1.252487853168737274e+04 1.689011241350936325e+04 1.873049207786010084e+04 2.087101711305282879e+04 1.768765400168210908e+04 1.922922066590341637e+04 2.573047864107276473e+04 1.753378117787303563e+04 1.639216812189859411e+04 2.075706417572982900e+04 2.117772901050642395e+04 2.462191568874746372e+04 1.293392922922800608e+04 2.195104638697350310e+04 2.168210699664598360e+04 1.978266718901095010e+04 1.936694637050793608e+04 2.123182724601355221e+04 2.266881609500997729e+04 1.148353542300067056e+04 1.616159415779071060e+04 2.675624163982985556e+04 2.146678974288982863e+04 2.464177221068999643e+04 2.123762834988500617e+04 1.985558626002225355e+04 2.430357361598122952e+04 1.972913505981062553e+04 1.518025145315374539e+04 2.268648100590817921e+04 1.943989630276221214e+04 2.028937883880595837e+04 2.135946285856628674e+04 1.561368713726341775e+04 2.422791337422324432e+04 1.281701079931644927e+04 1.758509658022552685e+04 2.006552287495805649e+04 1.508843284981099896e+04 2.686460402946483737e+04 2.012569106379665391e+04 2.239560049924578925e+04 2.169615868504882746e+04 1.436873658328631791e+04 2.028626302373900035e+04 2.238462789429433178e+04 1.550348427392470876e+04 2.167587078616221697e+04 2.111974533419832005e+04 2.261151301098510521e+04 2.091260328281392867e+04 1.604896518684873990e+04 1.435283467191039381e+04 2.181400286142967525e+04 2.282003000456085283e+04 1.287629022761766464e+04 2.133974612291161247e+04 2.157841593595696395e+04 1.861675010123758693e+04 1.943644235026329261e+04 1.799170745562514639e+04 1.430136859449696385e+04 2.555504737065670997e+04 1.783673279637564701e+04 1.321007780894584357e+04 2.522234304032247019e+04 1.821093064491058976e+04 2.518961315334986284e+04 2.040395085749359350e+04 2.287410560769303265e+04 1.932425387212326677e+04 1.848859661191698251e+04 1.923871551894947333e+04 2.276392486342515258e+04 1.164746223862282204e+04 1.677970471330900546e+04 1.872583740283922816e+04 1.188438228890736173e+04 1.808289832877653680e+04 1.646807010134100346e+04 1.824661182457744508e+04 2.110277312777408224e+04 1.669376407408670639e+04 2.906719032020671511e+04
2.123529411764705799e+02 1.401498072005644644e+04 1.214257468447392421e+04 1.613798420944285317e+04 2.039586655506115494e+04 1.644477577637837385e+04 1.213021164490185765e+04 1.599954690428760296e+04 2.075456662820101337e+04 1.773838278950166205e+04 2.132096179378150555e+04 1.523119833285863024e+04 1.549504435190387085e+04 1.636868900317274347e+04 2.372755659614949036e+04 2.690572122943256909e+04 1.242648629887711832e+04 1.898396427129888252e+04 2.354009709119457693e+04 1.898648839168811537e+04 1.914632636625907617e+04 1.506878809612756595e+04 1.537866957721968720e+04 2.836726143016657443e+04 1.899929609280758814e+04 1.015522981308388989e+04 1.685104561188391017e+04 1.110027201957503530e+04 1.539408733548945747e+04 1.735922109779043603e+04 1.934533883425966269e+04 1.593502895741787688e+04 1.744436271112265968e+04 2.391135040579068300e+04 1.615744613880084216e+04 1.493006145421609108e+04 1.872229860208167520e+04 1.923396907143832141e+04 2.301871802201521859e+04 1.145918947429200489e+04 2.012645801756974106e+04 2.002567762324784417e+04 1.773326620530819127e+04 1.749677407655255229e+04 1.946296600610513633e+04 2.038455244796153056e+04 1.028981067352176979e+04 1.412508313919929424e+04 2.425815331579093618e+04 1.963380754988420813e+04 2.276296743821707423e+04 1.907083733212765583e+04 1.815318721869893125e+04 2.150263588106716270e+04 1.803428312115821609e+04 1.370083194903339609e+04 2.031953734359534792e+04 1.727016069703382163e+04 1.893013634251045005e+04 1.942905100402686003e+04 1.419484537204721892e+04 2.209127937400465089e+04 1.113693720608819240e+04 1.549023479306299123e+04 1.844340175505591105e+04 1.361197787539491401e+04 2.516869416668855774e+04 1.850479385303506206e+04 2.011404688039831672e+04 1.989464150266293655e+04 1.302101285005765021e+04 1.864396601843304961e+04 2.037388389940176421e+04 1.412102953227818216e+04 2.040213587755325716e+04 1.933645018366435397e+04 2.057685941600548904e+04 1.894662049625196596e+04 1.415754855393980142e+04 1.300461948043664597e+04 1.961272923369069758e+04 2.063633434172510897e+04 1.118756461300770206e+04 1.911154563615207007e+04 1.933638813955519799e+04 1.627997778814140111e+04 1.730041734563865612e+04 1.601225905408703693e+04 1.294199422752664032e+04 2.325292451009600700e+04 1.590295351760454105e+04 1.147743922862959880e+04 2.319099904187145876e+04 1.636313892092215428e+04 2.293148128756197548e+04 1.816833029195701238e+04 2.128250570873513789e+04 1.725964970114484458e+04 1.608509020047517879e+04 1.683328725761290116e+04 2.082556260761918747e+04 1.050621687898588971e+04 1.491204235582319052e+04 1.716370685299776233e+04 1.067518076606859177e+04 1.668950983298509527e+04 1.467603925542453726e+04 1.621612204893345915e+04 1.883935687045775558e+04 1.495950262289306193e+04 2.576304818238782900e+04
2.129411764705882320e+02 1.247982175947769792e+04 1.086172890125190133e+04 1.417437814304058884e+04 1.832628310465933464e+04 1.458938024382219373e+04 1.079994164757984981e+04 1.434009099678823259e+04 1.896691014478840589e+04 1.598716792244255339e+04 1.904925774099106638e+04 1.374022389838702111e+04 1.401922351714816250e+04 1.502616858595863414e+04 2.159537400867084216e+04 2.550991382573838200e+04 1.117617259794715392e+04 1.744059993997341371e+04 2.139825987711329071e+04 1.744300129161951918e+04 1.730819232583146004e+04 1.328794720821083320e+04 1.408622387020783208e+04 2.616155666434023078e+04 1.730530961975514947e+04 9.003648335243968177e+03 1.517331591325925001e+04 9.809405560683566364e+03 1.396065850197390318e+04 1.600355976151582763e+04 1.780559656707837712e+04 1.427414593479761970e+04 1.573043715707795491e+04 2.206197047462415867e+04 1.480204213379011526e+04 1.353282928281842942e+04 1.679835152841752279e+04 1.739119718920958258e+04 2.136524439172676284e+04 1.012034848716545093e+04 1.833162950065605037e+04 1.836970008668602532e+04 1.580303550101386463e+04 1.574633120413007782e+04 1.772516557678481331e+04 1.821402487696962635e+04 9.191815045335621107e+03 1.234914418638990537e+04 2.185669117354348418e+04 1.785410732502614337e+04 2.088437841361260143e+04 1.702851851507836182e+04 1.651282452050031497e+04 1.893253327219001949e+04 1.640225821301107862e+04 1.232094447431424669e+04 1.809471290264902564e+04 1.526141726073207610e+04 1.754403968542853181e+04 1.757960533671700978e+04 1.284383136376096627e+04 2.001240709452994633e+04 9.682324268487318477e+03 1.357450377847775417e+04 1.683624139618422487e+04 1.222239455788667510e+04 2.340334889733366072e+04 1.689793268218096637e+04 1.795439420195309140e+04 1.812131457539424810e+04 1.174274267942132246e+04 1.701679845746864157e+04 1.842829464702887344e+04 1.279837421604756673e+04 1.909710618792765672e+04 1.759303093701881517e+04 1.861694335515721468e+04 1.707512213443752989e+04 1.243715128891951463e+04 1.172629224577640889e+04 1.754495594301409801e+04 1.855407710504312854e+04 9.725958720157161224e+03 1.702894814855946606e+04 1.722192377046771071e+04 1.420477025306962605e+04 1.534160043733989187e+04 1.419574319738388840e+04 1.165592292247733167e+04 2.102451872015019762e+04 1.412577103785194231e+04 9.977302406909429919e+03 2.120965167794618174e+04 1.462579865158077882e+04 2.074695315955894330e+04 1.608235409604613415e+04 1.966714706352509529e+04 1.534873077150224890e+04 1.394471886168322817e+04 1.469099084447202949e+04 1.896230776011703347e+04 9.489143626908380611e+03 1.318119749228029832e+04 1.564236092716368148e+04 9.556997869780683686e+03 1.530418688652443598e+04 1.303369221167933756e+04 1.433234363169169592e+04 1.673081886003550244e+04 1.334525685474953389e+04 2.269491428641483435e+04
2.135294117647058840e+02 1.107201726652207617e+04 9.697242949214567489e+03 1.240219036947270251e+04 1.638488199567956690e+04 1.289424342306202925e+04 9.596153890747211335e+03 1.278894625182560230e+04 1.723587851495943323e+04 1.433514425575158566e+04 1.692132718361592561e+04 1.233245991309442979e+04 1.262556145770642979e+04 1.373173177184755878e+04 1.952242476101155262e+04 2.400441960769996876e+04 1.001803795755508327e+04 1.591803503301412093e+04 1.932314338673687234e+04 1.592082432723721104e+04 1.556069797181328431e+04 1.167552472668764858e+04 1.284825494865060864e+04 2.396502457975685320e+04 1.566420607426614515e+04 8.008162503466721319e+03 1.359986847764043341e+04 8.656291121715807094e+03 1.260608673873385305e+04 1.468369017721684941e+04 1.628053388399088908e+04 1.272266605157734557e+04 1.410898261043981438e+04 2.021738826623308341e+04 1.348864091156140239e+04 1.221635364325955743e+04 1.500195291182677465e+04 1.566388833663538207e+04 1.969499535852012923e+04 8.921256303104275503e+03 1.659451543640732052e+04 1.674283428190567429e+04 1.401065449442457430e+04 1.412563311886327756e+04 1.604521287660856979e+04 1.618072350796991304e+04 8.197073920827409893e+03 1.082002192856513830e+04 1.957872913295739636e+04 1.614953624141108594e+04 1.903684248100173500e+04 1.512982200564045525e+04 1.495547880543791325e+04 1.660386828883056660e+04 1.485380851053837432e+04 1.104827697832297054e+04 1.602987098912357033e+04 1.342700081751404832e+04 1.615721998836969215e+04 1.582999397431339639e+04 1.157532809521679519e+04 1.801918152220740740e+04 8.442543911440961892e+03 1.184638501031344094e+04 1.527009156008893478e+04 1.093295787066838602e+04 2.160550824675578042e+04 1.533123978783590610e+04 1.593587034998874333e+04 1.640417078408538509e+04 1.054762012086682262e+04 1.543109032895583550e+04 1.657383905976238384e+04 1.155101425947018288e+04 1.778140819982690300e+04 1.591347028294857591e+04 1.675439321233840383e+04 1.531617205780249969e+04 1.089392057517021203e+04 1.053148828626917020e+04 1.562721010851388746e+04 1.659519597482982135e+04 8.480639735711130925e+03 1.510423873120171083e+04 1.525603318597493853e+04 1.238440678316556841e+04 1.356731967222413368e+04 1.254993191525595466e+04 1.045649211896874658e+04 1.889807339499173031e+04 1.251300617545754176e+04 8.697237098069817876e+03 1.930112477647242849e+04 1.301475272544173640e+04 1.866324339881773631e+04 1.416093431975172462e+04 1.805870137152601819e+04 1.360274236613000539e+04 1.206350191951208035e+04 1.280579845050024232e+04 1.719217488715679065e+04 8.592530055628390983e+03 1.160012931726412535e+04 1.418328192004222547e+04 8.535715499967331198e+03 1.394977457269442857e+04 1.154773640064793108e+04 1.260920448951010258e+04 1.479376155147502323e+04 1.186317174851867094e+04 1.988282105573587978e+04
2.141176470588235361e+02 9.798529387319515081e+03 8.652736970190124339e+03 1.082370839300342050e+04 1.458563678215415166e+04 1.136398583356584641e+04 8.521723463293848909e+03 1.135897443577651757e+04 1.558459611576916723e+04 1.279721253980476104e+04 1.495486755793445082e+04 1.102233245697957136e+04 1.132593072621951433e+04 1.250136989406673092e+04 1.753696064551583186e+04 2.242376545655312293e+04 8.960053500763498960e+03 1.444110054751124517e+04 1.734192882870757967e+04 1.444468600596182296e+04 1.392202803920562110e+04 1.023373067561339303e+04 1.167934123431361695e+04 2.181303525714905118e+04 1.409856838656745822e+04 7.159605898147858170e+03 1.214365374045543467e+04 7.641223276067884399e+03 1.134278667996877994e+04 1.341703180832996077e+04 1.479561827422258648e+04 1.129328034818155174e+04 1.259662742905415507e+04 1.840898757019304321e+04 1.223528682817107801e+04 1.099264524798296770e+04 1.334490098774864964e+04 1.406261632670495965e+04 1.803867236797756777e+04 7.861993191327430395e+03 1.493851568008231698e+04 1.517007461137548489e+04 1.236920956654778274e+04 1.264101288863902118e+04 1.444558496186115008e+04 1.430179579483432281e+04 7.309844342628039158e+03 9.520882764130745272e+03 1.744495723397796974e+04 1.453775817759935853e+04 1.724743153490382974e+04 1.338807304280869539e+04 1.349775535114474042e+04 1.452012468477143557e+04 1.340532098305533145e+04 9.887222137859536815e+03 1.413677076469415442e+04 1.177415900093380878e+04 1.479328839497145964e+04 1.419446098077209354e+04 1.040025224243874800e+04 1.613412141307358434e+04 7.404016651290898153e+03 1.030853254969443879e+04 1.376727094345558726e+04 9.752982405610222486e+03 1.980941723791291952e+04 1.382713554688896693e+04 1.407211812609468143e+04 1.476648624114149970e+04 9.445796767681626079e+03 1.390939249358784036e+04 1.483129880262807455e+04 1.039092738098476730e+04 1.647458975701152303e+04 1.431784382564115003e+04 1.500709697795731154e+04 1.368294805216068926e+04 9.528784178330042778e+03 9.430296277200810437e+03 1.387059496617542572e+04 1.477640212953619812e+04 7.437821929860895580e+03 1.334487146921254316e+04 1.345321554500414277e+04 1.080747961170251801e+04 1.197955692886219003e+04 1.107777023179884418e+04 9.353429042169800596e+03 1.689643334053567378e+04 1.106758177171314128e+04 7.622140157553395511e+03 1.748483729276288796e+04 1.154070901028156368e+04 1.670238662721970104e+04 1.241318492868074463e+04 1.648457673223380334e+04 1.202773930451924571e+04 1.043196266707568066e+04 1.116684686669458461e+04 1.552978576755309587e+04 7.810836612434755807e+03 1.017646782597828678e+04 1.280397304568955587e+04 7.614559721350533437e+03 1.264600762127190319e+04 1.022037167458753720e+04 1.105473516240632853e+04 1.303858217209036229e+04 1.052059364767085390e+04 1.733769486831502945e+04
2.147058823529411882e+02 8.662210579199523636e+03 7.728792572854388709e+03 9.436266107085208205e+03 1.293737678842954847e+04 9.998778523596902232e+03 7.576178422080823111e+03 1.005833708973567991e+04 1.403160234186948401e+04 1.138368131468208958e+04 1.316138387332690581e+04 9.820207061478789910e+03 1.012867720459894736e+04 1.134795010759082470e+04 1.566172444594691842e+04 2.080144023124271553e+04 8.007017406562369615e+03 1.303078929823229373e+04 1.547623644649951166e+04 1.303547112224305602e+04 1.240554241316662046e+04 8.960503868698913720e+03 1.059095851216774827e+04 1.973609646845364477e+04 1.262647689431065555e+04 6.447369751907254795e+03 1.081324893736610466e+04 6.761328094504251567e+03 1.017947462611274568e+04 1.221803008620018045e+04 1.337257491374507663e+04 9.993962379732547561e+03 1.120518389267613929e+04 1.666384946445374226e+04 1.105673343462703997e+04 9.870000381365178328e+03 1.183440441798309985e+04 1.259432529145734588e+04 1.642346996038419456e+04 6.939435676950726702e+03 1.338225753597227231e+04 1.367232830564594224e+04 1.088653977931713598e+04 1.129551733361294464e+04 1.294422272474382225e+04 1.258837088635647706e+04 6.531426299246010785e+03 8.432818097061035587e+03 1.547007927881999603e+04 1.303228603184843087e+04 1.553899746362867882e+04 1.181117296218343472e+04 1.215192893198607089e+04 1.267862929476031968e+04 1.206887024725227639e+04 8.839269303173046865e+03 1.242158374019904659e+04 1.030472905412500586e+04 1.347283997154711869e+04 1.268287136621165700e+04 9.325931374206806140e+03 1.437439794731437360e+04 6.551081192982278480e+03 8.958591617680776835e+03 1.234605331162139191e+04 8.688059152913181606e+03 1.804575842681817448e+04 1.240400791120833492e+04 1.237157766985807757e+04 1.322664131624493893e+04 8.444024905502781621e+03 1.247016397479376792e+04 1.321623048757889592e+04 9.326639602076793381e+03 1.519466355012171516e+04 1.282214829490987722e+04 1.338830430258913293e+04 1.218405298874240907e+04 8.338221170477079795e+03 8.429403545651695822e+03 1.228124311942045097e+04 1.310934938938600862e+04 6.581641876147758012e+03 1.175397678329965493e+04 1.182190697148621257e+04 9.459035241083718574e+03 1.057572106613304641e+04 9.778037603329668855e+03 8.353022032343316823e+03 1.503701026512770477e+04 9.788157062819316707e+03 6.735094369211195954e+03 1.577663980046475081e+04 1.020962795694921988e+04 1.488119700707728407e+04 1.084300795506683244e+04 1.496838891532244088e+04 1.062518543422180846e+04 9.036335979781571950e+03 9.759590546884779542e+03 1.398637202713812076e+04 7.137169854108478830e+03 8.913057032560604057e+03 1.151791447141826939e+04 6.794381872253120491e+03 1.140922976057855522e+04 9.049872726611620237e+03 9.671676362242646064e+03 1.147005397535863085e+04 9.320528514322793853e+03 1.506240656364865208e+04
2.152941176470588118e+02 7.662297484884967162e+03 6.923324699400535792e+03 8.233108821164523761e+03 1.144427772155462480e+04 8.795028602708511244e+03 6.756188072364085201e+03 8.890883934488234445e+03 1.259084229554767990e+04 1.010058685726297517e+04 1.154670441613799449e+04 8.732572177647027274e+03 9.038840680425668324e+03 1.028119703277753251e+04 1.391395225449939244e+04 1.916888703891317346e+04 7.160837789881741628e+03 1.170403714010978547e+04 1.374218680404024235e+04 1.171000678097924720e+04 1.102000251793142525e+04 7.850248364420798680e+03 9.591509281823684432e+03 1.775945103459735037e+04 1.126147582408300696e+04 5.859875012337883163e+03 9.613194591866413248e+03 6.011122656633474435e+03 9.121429629775215290e+03 1.109806961449125083e+04 1.202912720326960516e+04 8.828366273738765813e+03 9.941914481824507675e+03 1.500436676120332049e+04 9.964340237278431232e+03 8.853270136203156653e+03 1.047352973127994665e+04 1.126265190736526711e+04 1.487258926891242299e+04 6.147833540595700470e+03 1.193959270869416650e+04 1.226621169714445023e+04 9.565728326113483490e+03 1.008931835797888016e+04 1.155451007394458065e+04 1.104606415303458743e+04 5.860525784328862756e+03 7.535707372649150784e+03 1.366320603298010792e+04 1.164264563206023195e+04 1.392993439411103282e+04 1.040213288733251102e+04 1.092612920692810440e+04 1.107157167658933577e+04 1.085240707455552001e+04 7.903432355109942364e+03 1.088553698552720016e+04 9.015905515637894496e+03 1.221313756713255680e+04 1.130106743904708310e+04 8.356386080325677540e+03 1.275205143437558763e+04 5.866748125756608715e+03 7.790065349784024875e+03 1.102055958860395367e+04 7.740391450025691483e+03 1.634103115843165142e+04 1.107609809134808529e+04 1.083799574829501398e+04 1.179816258175518124e+04 7.545902013033820367e+03 1.112766543041065052e+04 1.173914052511545924e+04 8.363403967558740987e+03 1.395772698351674262e+04 1.143829772295146358e+04 1.190686847256368128e+04 1.082393708371610228e+04 7.315064263315834069e+03 7.532343419326075491e+03 1.086085932545809010e+04 1.160095008971298739e+04 5.894916660634683467e+03 1.033092397561652979e+04 1.036509413234804924e+04 8.321616539058966737e+03 9.349449304976527856e+03 8.646029219466347058e+03 7.458390602004322318e+03 1.333194554040941694e+04 8.669812941617008619e+03 6.018101912300955519e+03 1.418876222975229939e+04 9.023223617492367339e+03 1.321141470507597660e+04 9.449775138149596387e+03 1.352964532339358266e+04 9.392603275554123684e+03 7.859702123775346081e+03 8.566854127332617281e+03 1.256985634874821335e+04 6.563693900142560778e+03 7.808586740908114734e+03 1.033467514333470353e+04 6.073963719200901323e+03 1.025228185521758678e+04 8.031217710699221243e+03 8.458188232116375730e+03 1.008801306873907561e+04 8.262181577325651233e+03 1.305295386698018592e+04
2.158823529411764639e+02 6.794952101140014747e+03 6.231976925154173841e+03 7.204253645414975836e+03 1.010644193534747683e+04 7.746079771297703701e+03 6.056063390592522410e+03 7.856645226404397363e+03 1.127182288995726776e+04 8.950115060479267413e+03 1.011162693786079035e+04 7.762344204963883385e+03 8.058454783215755924e+03 9.307779937889397843e+03 1.230558809435907278e+04 1.755468630606814986e+04 6.420866322859875254e+03 1.047369034368042048e+04 1.215066151300716228e+04 1.048103534573187790e+04 9.769929070853146186e+03 6.894567432830757753e+03 8.686446792990867834e+03 1.590293118386384594e+04 1.001272349845375720e+04 5.384974961389570126e+03 8.544417563292690829e+03 5.383058902582674818e+03 8.170833468321338842e+03 1.006549920037726406e+04 1.077892742873843781e+04 7.796328767379098281e+03 8.809930048224541679e+03 1.344809549944783430e+04 8.966110236436636114e+03 7.944209930511398852e+03 9.261715508589408273e+03 1.006827992014738811e+04 1.340496648835737324e+04 5.479371644885736714e+03 1.061977891614454347e+04 1.096404374697199273e+04 8.405690955010879406e+03 9.020120664714453596e+03 1.028542984574765251e+04 9.675609166767735587e+03 5.293643304740668100e+03 6.808934113911963323e+03 1.202839332643151829e+04 1.037464733148896448e+04 1.243413906899213544e+04 9.159694217654570821e+03 9.824637678000326559e+03 9.687028831732213803e+03 9.760056864212388973e+03 7.076684449304413647e+03 9.525632025897564745e+03 7.901045360802427240e+03 1.102796517145626058e+04 1.005130183096264591e+04 7.492685271742025179e+03 1.127436204593611910e+04 5.333332015426857652e+03 6.793180039486235728e+03 9.800829290859715911e+03 6.909198444020247734e+03 1.471717648193632704e+04 9.853566196863408550e+03 9.471015879197921095e+03 1.048995170896421587e+04 6.752188526931476190e+03 9.892033476055044957e+03 1.040582341965467458e+04 7.503464666870803740e+03 1.277766849073067897e+04 1.017426456167057950e+04 1.056759451747674939e+04 9.603393111184059308e+03 6.449291231294764657e+03 6.739814678425438615e+03 9.607317838578146620e+03 1.025380310774554346e+04 5.359779400668302515e+03 9.071904948054789202e+03 9.081037382894290204e+03 7.376178768981967551e+03 8.291395327226369773e+03 7.674222875639108679e+03 6.669823828850327118e+03 1.178843381836316985e+04 7.704745877907858812e+03 5.452691652507929575e+03 1.272986340707310774e+04 7.979536873606032714e+03 1.170000542340399261e+04 8.229055620106386414e+03 1.218362508303109826e+04 8.324238139073891944e+03 6.883011839017881357e+03 7.569760012290271334e+03 1.128500037606496335e+04 6.081974056562255100e+03 6.858268063568481921e+03 9.260149295151963088e+03 5.450329817600320894e+03 9.184540114531737345e+03 7.156724679950349127e+03 7.408610773591142788e+03 8.888101298743533334e+03 7.341542141346774770e+03 1.129969728947127624e+04
2.164705882352941160e+02 6.053819171590852420e+03 5.648522595680617997e+03 6.337306557942722065e+03 8.920523910216375953e+03 6.842894102650617242e+03 5.468247975667016362e+03 6.952387921755470416e+03 1.007990226790949055e+04 7.931091604251248100e+03 8.852641321551322108e+03 6.909258424435139204e+03 7.186901192787227956e+03 8.431484484518672616e+03 1.084366301575440593e+04 1.598394367208270342e+04 5.784258802113021375e+03 9.348631751547154636e+03 1.070771843397214252e+04 9.357343859333434011e+03 8.656055680592928184e+03 6.082960751671096659e+03 7.878474149935126661e+03 1.418103910554071990e+04 8.885287881939799263e+03 5.010287979022216859e+03 7.604709516599857125e+03 4.868032227772639089e+03 7.327160761571814874e+03 9.125750347288185367e+03 9.631649848052325979e+03 6.894433807799619899e+03 7.808682294569803162e+03 1.200781383071206801e+04 8.066844540394484284e+03 7.141877912418512096e+03 8.195321943115877730e+03 9.009307798826313956e+03 1.203519736334242953e+04 4.924695971083177938e+03 9.427809551274045589e+03 9.774007388981382974e+03 7.401817853310039936e+03 8.083552609826864682e+03 9.141862797761721595e+03 8.473565866972454387e+03 4.825465360345838235e+03 6.231959132926265738e+03 1.056527613785994618e+04 9.230734503288529595e+03 1.106114476691310847e+04 8.078993344217338745e+03 8.848265833278499485e+03 8.509949231491027604e+03 8.792498668894473667e+03 6.354375493556528454e+03 8.335392633248951824e+03 6.950468711498434459e+03 9.927631054143768779e+03 8.932716622536936484e+03 6.733343707470458867e+03 9.944332045132117855e+03 4.932964782932036542e+03 5.955710302307680649e+03 8.693038572293266043e+03 6.191154655616614946e+03 1.319142986397213645e+04 8.742704350969919687e+03 8.266810449775759480e+03 9.306659846611368266e+03 6.061170954836406963e+03 8.769502852842353605e+03 9.217824288643552791e+03 6.746382391827508400e+03 1.166596298574535467e+04 9.034339642160748554e+03 9.371663031764557672e+03 8.520090344145588460e+03 5.728772712570734257e+03 6.050046333567895999e+03 8.515276779231031469e+03 9.066697712357405180e+03 4.958195016841041252e+03 7.970511931250735870e+03 7.964049810396968496e+03 6.602866691002886000e+03 7.389971786784250980e+03 6.852906986993452847e+03 5.985160355453082957e+03 1.040916706263478954e+04 6.882936656057888285e+03 5.020406495084711423e+03 1.140517279176448574e+04 7.073542042506626785e+03 1.034957745016861736e+04 7.173348483882658002e+03 1.094143098742337497e+04 7.411704308701980153e+03 6.085980235463000099e+03 6.748518413045608213e+03 1.013361147408527177e+04 5.683253331103259370e+03 6.054511387144666514e+03 8.296885055271299279e+03 4.919053467067572456e+03 8.212077259639201657e+03 6.416665958319802485e+03 6.514231748229241020e+03 7.862521467216910423e+03 6.551979040051965967e+03 9.788581888329790672e+03
2.170588235294117680e+02 5.430575076135044583e+03 5.165258456464969640e+03 5.618211089810111844e+03 7.880367976509155596e+03 6.074690644970530229e+03 4.983783744614594980e+03 6.172200643386807315e+03 9.016681822369348083e+03 7.039507675305827433e+03 7.762687016727373702e+03 6.170314897887135885e+03 6.421294796827440223e+03 7.653452255132128812e+03 9.530798449714387971e+03 1.447788540056272723e+04 5.246343988553193412e+03 8.334035670595005286e+03 9.415118188694039418e+03 8.344022796094830483e+03 7.675844389541447526e+03 5.403463264990412426e+03 7.167799646544547613e+03 1.260321826974658507e+04 7.880554226100674896e+03 4.723465705623916620e+03 6.789233144240190086e+03 4.455843233621941181e+03 6.587593266970106924e+03 8.281531586271898050e+03 8.593219696390178797e+03 6.116605359814647272e+03 6.934512896793268737e+03 1.069175763264988564e+04 7.268389899006569067e+03 6.443056921155503005e+03 7.268185559414023373e+03 8.081619349175940442e+03 1.077363466696759315e+04 4.473391493072180310e+03 8.364853500683211678e+03 8.700445472353216246e+03 6.546631286866161645e+03 7.273533133325839117e+03 8.124993690853083535e+03 7.433061655982249249e+03 4.449243072849863893e+03 5.784763520475014957e+03 9.269755316663557096e+03 8.210385000407259213e+03 9.816397490029246910e+03 7.152235950120459165e+03 7.994788804173247627e+03 7.523066762161475708e+03 7.947398322025012931e+03 5.730617085903061707e+03 7.305604375235756379e+03 6.152222060036126095e+03 8.919098615005690590e+03 7.941839882779509935e+03 6.074738256473196998e+03 8.761240551088307257e+03 4.648000651219483188e+03 5.263737025357791026e+03 7.699833544733131930e+03 5.580841237310203724e+03 1.177637812876959106e+04 7.746265788576559316e+03 7.218720111241374980e+03 8.249167814588443434e+03 5.469048134461337213e+03 7.762744493884531948e+03 8.172985546191166577e+03 6.089398588246256622e+03 1.063156094570453752e+04 8.019482840239763391e+03 8.317098858839961395e+03 7.569119043337031144e+03 5.139954164100427079e+03 5.459185078370530391e+03 7.576786992432818806e+03 8.035162012181515820e+03 4.672366818934493494e+03 7.018288670745550007e+03 7.005289307188243583e+03 5.981652505423888215e+03 6.632027035501059800e+03 6.170754052879055052e+03 5.400187110951314935e+03 9.192866112945530404e+03 6.192771872558902942e+03 4.703183518734758763e+03 1.021671033874488603e+04 6.297757702025914114e+03 9.158883027746831431e+03 6.272787671733384741e+03 9.810188702669242048e+03 6.644594538310040662e+03 5.447842266267904961e+03 6.083080116473090129e+03 9.114797359124611830e+03 5.358668140773050254e+03 5.387577817805683480e+03 7.444478333242414919e+03 4.474547432569444027e+03 7.337922041993394487e+03 5.799840517101903970e+03 5.764027696092346559e+03 7.000772495222658108e+03 5.884822430706743035e+03 8.502295829358217816e+03
2.176470588235294201e+02 4.915447506858547968e+03 4.773379337555411439e+03 5.031910317288031365e+03 6.977628136724749311e+03 5.429522067370333389e+03 4.592739313840566865e+03 5.508077526428881356e+03 8.080467471035080962e+03 6.269054632126944853e+03 6.831904839966630789e+03 5.540249335477454224e+03 5.756878737001589798e+03 6.972467063428213805e+03 8.365787757349446110e+03 1.305365304876254413e+04 4.800984141008330880e+03 7.431719594039387630e+03 8.270918895129374505e+03 7.442819258498436284e+03 6.824031621292206182e+03 4.843210003960070935e+03 6.552429830294766361e+03 1.117427059786201426e+04 6.996705328479687523e+03 4.512404434421085170e+03 6.091032005409707381e+03 4.135604943354423995e+03 5.947436108567357223e+03 7.533080362677804260e+03 7.666144445302777058e+03 5.454697027759088087e+03 6.181225931412780483e+03 9.503991382364018136e+03 6.569953271261087139e+03 5.842677346311800648e+03 6.472157901923686950e+03 7.279245812340837801e+03 9.626627759216484264e+03 4.114403675279102572e+03 7.428768333260680265e+03 7.744256391230708687e+03 5.830427068584350309e+03 6.582608476769223671e+03 7.232790309160446668e+03 6.544526837376334697e+03 4.157145596340930751e+03 5.448177838583453195e+03 8.134697193843664536e+03 7.310541227890624214e+03 8.701640484763796849e+03 6.369351673362656584e+03 7.259408381022519279e+03 6.707720654709135488e+03 7.219870533896892994e+03 5.198623917389687449e+03 6.425015690566315243e+03 5.492779006215867412e+03 8.006219011496508756e+03 7.073078697648355046e+03 5.511520955877788765e+03 7.721232087816123567e+03 4.461325601055857078e+03 4.702318751095369407e+03 6.820742806098352048e+03 5.071187814821917527e+03 1.048018521697813412e+04 6.863874253638722621e+03 6.317873032410514497e+03 7.315131490221347121e+03 4.970320235806568235e+03 6.871283141811289170e+03 7.266041146901933644e+03 5.527818079049698099e+03 9.680865774801939551e+03 7.127736024689696023e+03 7.399260894685249696e+03 6.743521743064741713e+03 4.668457274589687586e+03 4.961685119994182060e+03 6.781871638428895494e+03 7.152027046244958910e+03 4.485047058645617653e+03 6.205239406259413954e+03 6.193525864315299259e+03 5.492841128023833335e+03 6.003442222551469968e+03 5.615329421420328799e+03 4.909036847852456049e+03 8.134859759385292818e+03 5.621601898574179359e+03 4.483641304595254951e+03 9.163570641934255036e+03 5.642834772307777712e+03 8.123369541606205530e+03 5.515793782880405161e+03 8.793359347950115989e+03 6.011036140844647889e+03 4.947969158826831517e+03 5.553658249334916945e+03 8.225256860786475954e+03 5.099411985927797105e+03 4.846180224123608241e+03 6.700001888655809125e+03 4.110332733490664396e+03 6.562387957120939063e+03 5.294089615063325255e+03 5.145351193847279319e+03 6.290337845758011099e+03 5.329911114558030931e+03 7.421325892291293712e+03
2.182352941176470722e+02 4.497692412349317237e+03 4.463326550660963221e+03 4.562914227535165082e+03 6.202348568970553970e+03 4.894779697247931836e+03 4.284594427178333717e+03 4.950477000330337432e+03 7.266773180417154435e+03 5.611645129696206823e+03 6.048353563603703151e+03 5.012005135286174664e+03 5.187413358346697350e+03 6.385272006011005942e+03 7.344217925696285420e+03 1.172427876188971641e+04 4.440916554088537850e+03 6.640561063703081345e+03 7.270101727647104781e+03 6.652555345412494717e+03 6.093178082382268258e+03 4.388920042692917377e+03 6.028484664312854875e+03 9.894879649457439882e+03 6.229243222069972944e+03 4.365409058069623825e+03 5.501524916147767726e+03 3.896093822688769251e+03 5.400519966264678260e+03 6.878454679368804136e+03 6.849916651164873656e+03 4.899054951441752564e+03 5.540656154370902186e+03 8.444878965491319832e+03 5.968460096552931645e+03 5.334224539418449240e+03 5.797610642507139346e+03 6.594713327854395175e+03 8.596872694659923582e+03 3.836401138363995869e+03 6.614652323808858455e+03 6.903355863038402276e+03 5.241876672190621321e+03 6.002258670351511682e+03 6.460521906915578256e+03 5.796395222307695803e+03 3.940581594809192666e+03 5.204116541614622292e+03 7.150615005742492940e+03 6.526048661802907191e+03 7.715374159142651479e+03 5.718607743307026794e+03 6.635225462912715557e+03 6.044570198579227508e+03 6.602949878357575471e+03 4.751007374565260761e+03 5.680979174091810819e+03 4.957663327202191795e+03 7.190039544621425193e+03 6.319189953965096720e+03 5.037013872972054742e+03 6.817909666312710215e+03 4.356587268035309535e+03 4.256067688430432099e+03 6.052638683300993762e+03 4.653890183807570793e+03 9.306953830965660018e+03 6.092483284629683112e+03 5.553762823458047933e+03 6.499557367759232875e+03 4.558165828516515830e+03 6.091963968714143448e+03 6.489225592547484666e+03 5.055393707525994614e+03 8.817792301321180275e+03 6.354671501147966410e+03 6.611330609475048732e+03 6.034793674645160536e+03 4.299594463271275345e+03 4.550685847708125038e+03 6.119063498767118290e+03 6.407983187468789765e+03 4.379767438854207285e+03 5.520286654112343967e+03 5.515856985925297522e+03 5.117456507580850484e+03 5.489643908513880888e+03 5.173532419801413198e+03 4.504570256765433442e+03 7.227683751993423357e+03 5.156227477442957024e+03 4.345290664380531780e+03 8.242255215918512476e+03 5.098104133048200310e+03 7.235750918480116525e+03 4.889656982819703444e+03 7.891136071017697759e+03 5.498186248687293300e+03 4.566354282690826949e+03 5.141131732690782883e+03 7.459596760202970472e+03 4.896857571258811731e+03 4.418020011271960357e+03 6.058447802024626071e+03 3.819282278842284995e+03 5.883446431920940086e+03 4.886748731332044372e+03 4.644547287998615502e+03 5.717310466163104138e+03 4.876092041084254561e+03 6.524887830584722906e+03
2.188235294117646959e+02 4.166019286677437776e+03 4.225105012671498116e+03 4.195770579851271577e+03 5.543490186553114654e+03 4.457622990971362015e+03 4.048576797593858828e+03 4.488838041612193592e+03 6.568839461166624460e+03 5.057903518458945655e+03 5.398669445700134020e+03 4.577187290976576151e+03 4.705546399974307860e+03 5.886901972914426551e+03 6.459097794624828566e+03 1.049881699094699434e+04 4.158068271794645625e+03 5.956951481393020913e+03 6.405195398337917140e+03 5.969582160109083816e+03 5.474200960626743836e+03 4.027298451402021783e+03 5.590521320643474610e+03 8.762198793456829662e+03 5.571522362365308254e+03 4.271319585292623742e+03 5.010970425989929936e+03 3.726045964897034537e+03 4.939576943679737269e+03 6.313849100229872420e+03 6.141459411097854172e+03 4.439036116031262281e+03 5.003210597649083866e+03 7.511616029214553237e+03 5.458935147654932734e+03 4.910118664757574152e+03 5.233895595986283297e+03 6.019371259700090377e+03 7.683840549358337739e+03 3.628080240221973781e+03 5.915405822187301055e+03 6.173173870726561290e+03 4.768573430456178357e+03 5.523174046896581785e+03 5.801289807282034417e+03 5.175747918374721849e+03 3.790485382237855447e+03 5.035736779878731795e+03 6.306308511887572422e+03 5.850086538693961302e+03 6.853359529616635882e+03 5.187166869919642522e+03 6.113704811718590463e+03 5.514199412201823179e+03 6.088053818937606593e+03 4.380021080041884488e+03 5.060019628499007922e+03 4.531986377060625273e+03 6.469163314081344652e+03 5.671717101336884298e+03 4.643574762603154340e+03 6.042906990485166716e+03 4.318360848901498684e+03 3.909628195713818968e+03 5.390219006407549386e+03 4.319793637240847602e+03 8.257183148800291747e+03 5.426856821543665319e+03 4.914771154348559321e+03 5.795377863106150471e+03 4.224795916886165287e+03 5.419439458518644642e+03 5.832870688283824165e+03 4.664699657272352852e+03 8.043898754081864354e+03 5.693853023000278881e+03 5.944783553775549990e+03 5.433340195743991899e+03 4.018795902246103196e+03 4.218366087611666444e+03 5.575890444105928509e+03 5.792110440758365257e+03 4.341005316837240571e+03 4.951673286923450178e+03 4.958352224308548102e+03 4.837525045920798220e+03 5.076032448434072649e+03 4.831971144552275291e+03 4.178732119552963013e+03 6.461671821461414766e+03 4.783312690445434782e+03 4.272684425130178170e+03 7.447037166326893384e+03 4.652070919118224992e+03 6.486575546359353211e+03 4.381042120051194615e+03 7.100894784855725447e+03 5.092663047458382607e+03 4.283981178768700374e+03 4.827346003991659927e+03 6.810664144971670794e+03 4.742648096368857296e+03 4.090251887930072371e+03 5.513164283525030442e+03 3.593838466143110963e+03 5.297121233311453580e+03 4.565033454949802035e+03 4.247489002446644008e+03 5.266944542791915410e+03 4.511663708032048817e+03 5.791719098146262695e+03
2.194117647058823479e+02 3.908960118755023814e+03 4.048566058196710401e+03 3.915443036298091556e+03 4.989394113526599540e+03 4.105333909662562291e+03 3.873950906879642389e+03 4.112041605352653278e+03 5.978146440722112857e+03 4.597613601630667290e+03 4.868653964623411412e+03 4.226484008186993378e+03 4.303155441237294326e+03 5.471018842538623176e+03 5.701465511689586492e+03 9.382603499159808052e+03 3.943840019912793650e+03 5.375261516301852680e+03 5.666874336483861043e+03 5.388244870325587726e+03 4.956871672503624723e+03 3.745359412900010739e+03 5.231855600389195388e+03 7.770468818709116022e+03 5.015270716118186101e+03 4.219608703221263568e+03 4.608891002275145183e+03 3.614402017320755476e+03 4.556582540146017891e+03 5.833921155394096786e+03 5.535588632524941204e+03 4.063470179728471976e+03 4.558367309591728372e+03 6.698791276575175289e+03 5.034887956485309587e+03 4.562059414841527541e+03 4.769753001940299328e+03 5.543698527511882276e+03 6.884254213901032927e+03 3.478415051119348391e+03 5.322277213379668865e+03 5.547159978368441443e+03 4.397513285621073010e+03 5.135503958691528169e+03 5.246546225358967604e+03 4.668886270890932792e+03 3.697567363847696015e+03 4.927538936040803492e+03 5.589444497741721534e+03 5.274577606044368622e+03 6.109137396421793710e+03 4.761580560013329887e+03 5.685118674832429861e+03 5.097613371569557785e+03 5.665424506296190884e+03 4.077761302884515317e+03 4.548321930033624085e+03 4.200896788339223349e+03 5.840137028920182274e+03 5.121384344704420982e+03 4.322926767511105027e+03 5.386421524769743883e+03 4.332265654295903914e+03 3.648060844180603908e+03 4.826485869026259024e+03 4.059236052985696006e+03 7.328289230952220350e+03 4.860047817187914916e+03 4.388626606071079550e+03 5.194001840284571699e+03 3.961777800592367839e+03 4.846653091890584619e+03 5.285968945780672584e+03 4.347483258059228319e+03 7.358578808313431182e+03 5.137289303681273850e+03 5.389831295161913658e+03 4.928883703903995411e+03 3.811953034384282546e+03 3.956268051670177101e+03 5.139304583361456025e+03 5.292369086818208416e+03 4.354300180384797386e+03 4.487307997476268611e+03 4.506615243999935956e+03 4.636273547678469185e+03 4.748330692059268586e+03 4.577275029840908246e+03 3.922874763014186101e+03 5.825518955632670441e+03 4.489726137521148303e+03 4.251520184674016491e+03 6.770344477663390535e+03 4.292848178664341503e+03 5.864770068526470823e+03 3.976413132601333928e+03 6.417672285755944358e+03 4.780913799789464974e+03 4.083088996519557440e+03 4.595327295269911701e+03 6.269884735869136421e+03 4.628767112830727456e+03 3.849875116356855870e+03 5.056272036894687517e+03 3.426205135695317495e+03 4.797884522997740532e+03 4.316360729846071081e+03 3.940028449417283809e+03 4.924130198430989367e+03 4.224759514732201751e+03 5.200731964456674177e+03
2.200000000000000000e+02 3.715181259051241341e+03 3.923654985391493938e+03 3.707603783183515134e+03 4.528178321336878980e+03 3.825600350918044114e+03 3.750259872792473743e+03 3.808810545852611540e+03 5.484903855607606602e+03 4.220115902887925586e+03 4.443782011979915296e+03 3.950046543506407943e+03 3.971656743096844821e+03 5.130239072152864537e+03 5.060954755415889849e+03 8.377611847908201526e+03 3.789357660786948145e+03 4.888297687384955680e+03 5.044511743193966140e+03 4.901338342143039881e+03 4.530267443638132136e+03 3.530677192730985553e+03 4.944872387943982176e+03 6.911633974705488981e+03 4.551080112970556911e+03 4.200457930385025975e+03 4.284450322788632548e+03 3.550506164210315092e+03 4.243059477898188561e+03 5.432116686126315471e+03 5.025470572543463277e+03 3.761058081506594590e+03 4.195119847027111064e+03 5.998948240829138740e+03 4.688688488186929135e+03 4.281331467504357533e+03 4.393664795562042855e+03 5.157586463942470800e+03 6.192586185508866947e+03 3.376857390760515500e+03 4.825374572611421172e+03 5.017274980449706163e+03 4.115505846394371474e+03 4.829080220777335853e+03 4.786583306575353163e+03 4.261826012047698896e+03 3.652530283259936368e+03 4.865423627475085596e+03 4.987067767885244393e+03 4.790567578600840534e+03 5.474539477039584199e+03 4.428213939219961503e+03 5.338959673122857566e+03 4.776632043756309940e+03 5.324539745539394971e+03 3.836327297102432567e+03 4.132137203013026010e+03 3.949945266892362270e+03 5.297847504740311706e+03 4.658443996975893242e+03 4.066448875448796116e+03 4.837695880808447328e+03 4.385044692065705021e+03 3.457139491890672616e+03 4.353202861902344921e+03 3.862347870077145217e+03 6.515154405994263470e+03 4.383855993672383192e+03 3.962796470802668864e+03 4.685821937762774724e+03 3.760324445166877922e+03 4.365300941231076649e+03 4.836687840278085787e+03 4.094988183647521964e+03 6.759301594054148154e+03 4.675864659735620990e+03 4.935825623364056810e+03 4.510816509323563878e+03 3.665685330749681725e+03 3.755586591552520531e+03 4.796053748221318529e+03 4.896042043827489579e+03 4.406332883867907185e+03 4.115056072936345117e+03 4.146258585828602008e+03 4.498258416567185122e+03 4.492859693717719892e+03 4.396351682010126751e+03 3.728045340531892634e+03 5.306801784829991448e+03 4.262815112106501147e+03 4.268707644035037447e+03 6.203147619750367994e+03 4.008526856360167585e+03 5.358144481466239085e+03 3.662379048772968872e+03 5.834648750598733386e+03 4.549523147884098762e+03 3.947351604460371163e+03 4.429426378702170041e+03 5.827598562592660528e+03 4.547594802960619745e+03 3.684053810353546396e+03 4.679049833922442303e+03 3.308515552739284885e+03 4.379039053827116732e+03 4.128609373718765710e+03 3.708364752508602123e+03 4.673792159485965385e+03 4.003670520445574311e+03 4.731532146875435501e+03
2.205882352941176521e+02 3.573739497666254010e+03 3.840623201966613124e+03 3.558850143791706614e+03 4.148067343541232731e+03 3.606735034784705931e+03 3.667523362311098936e+03 3.568045189958394531e+03 5.078505157678075193e+03 3.914650530032735787e+03 4.109627995463682055e+03 3.737821884640945882e+03 3.702277471712531678e+03 4.856445582868719612e+03 4.526305225253007848e+03 7.482876916541984428e+03 3.685691442531988287e+03 4.487734071122746172e+03 4.526674938791724344e+03 4.500537305763799850e+03 4.183169244129770959e+03 3.371572978209463599e+03 4.721318729330941096e+03 6.175931842082694857e+03 4.168852520356529567e+03 4.204817671955222977e+03 4.026780503538793710e+03 3.524264579651863187e+03 3.990341927723293793e+03 5.100984838018988739e+03 4.603057784247316704e+03 3.520705110893155961e+03 3.902361413730094682e+03 5.403124627798187248e+03 4.411921765282592787e+03 4.059069425693792709e+03 4.094153302073443683e+03 4.850597448896225615e+03 5.601554500589564668e+03 3.313492688399279359e+03 4.414129218526091790e+03 4.574451764606555116e+03 3.909516120942738326e+03 4.593617953583156122e+03 4.410979213826465639e+03 3.940710439305775708e+03 3.646253991639290234e+03 4.836717262163091618e+03 4.486037684333213292e+03 4.388568063803594669e+03 4.940172937024482962e+03 4.173602307897090213e+03 5.064315978311591607e+03 4.534190570461398238e+03 5.054486393948194745e+03 3.647947813579375179e+03 3.798109979629362897e+03 3.765370561569669007e+03 4.835910135657662977e+03 4.272975340747468181e+03 3.865426487177988747e+03 4.385440318937880875e+03 4.464617348304998814e+03 3.323570758547104560e+03 3.961316776653667603e+03 3.719309169569126880e+03 5.810678385017500659e+03 3.989250778882591931e+03 3.624812043057095252e+03 4.260666384902428945e+03 3.611547911201965690e+03 3.966257347394926455e+03 4.472825091504165357e+03 3.898244230867522219e+03 6.241885894136932620e+03 4.299735165754102127e+03 4.571620073211526687e+03 4.168499398688015390e+03 3.567538878263234437e+03 3.607422265802611491e+03 4.532997006325916118e+03 4.590124012878185567e+03 4.484977839373647839e+03 3.822979502579314158e+03 3.863291275079799561e+03 4.409441193996365655e+03 4.296749811683996995e+03 4.276594727556650469e+03 3.585235683503010023e+03 4.892446057557856875e+03 4.090619171905451367e+03 4.312409755616237817e+03 5.735340014856599737e+03 3.787482456809400901e+03 4.953848599301682953e+03 3.425966910560469387e+03 5.343615775161572856e+03 4.385466943254417856e+03 3.861986009934157209e+03 4.315406253495672900e+03 5.473385162746146307e+03 4.491956308560437719e+03 3.580371992620649962e+03 4.372282408093953563e+03 3.232978550872609503e+03 4.033074372410027536e+03 3.990325186492460034e+03 3.539333745514868042e+03 4.501216843476713620e+03 3.837109810097007539e+03 4.364813456887669417e+03
2.211764705882353041e+02 3.474285929585752001e+03 3.790206040477856732e+03 3.456855755186583792e+03 3.837658088933068939e+03 3.437837235323961977e+03 3.616394761136873512e+03 3.379095271030050299e+03 4.747936661071555136e+03 3.670644978219928817e+03 3.852211908237826719e+03 3.579836292755548584e+03 3.486290036461571617e+03 4.641077977278530852e+03 4.085809145783990061e+03 6.694956766531749963e+03 3.624044722824554810e+03 4.164507465448918992e+03 4.101555857381275928e+03 4.176789929002907229e+03 3.904402423238480878e+03 3.257246815341125512e+03 4.552575028789288808e+03 5.552438284285001828e+03 3.858193662270077311e+03 4.224454953741202189e+03 3.825258255264029685e+03 3.526269018270123524e+03 3.789800882668725080e+03 4.832475491677802893e+03 4.259490969400354516e+03 3.331789277699443574e+03 3.669206245004485936e+03 4.901351881037938256e+03 4.195713864822222604e+03 3.886483050194769930e+03 3.860027532526295090e+03 4.612199169737546072e+03 5.102597927247174084e+03 3.279157222325131897e+03 4.077702550415327551e+03 4.209013311882487869e+03 3.766940530847057744e+03 4.418896171784285798e+03 4.108992753489726056e+03 3.692144518418132066e+03 3.669951989830410184e+03 4.830174669589968289e+03 4.073389581170617475e+03 4.058859118203988601e+03 4.495864569693785597e+03 3.984742153487606629e+03 4.850204469496623460e+03 4.354556594505334033e+03 4.844291825464693829e+03 3.505080090901005860e+03 3.533532173482665257e+03 3.634314338597323513e+03 4.447036744600216480e+03 3.955135865201503293e+03 3.711263273545126594e+03 4.018193470536049517e+03 4.560112544268748024e+03 3.235146567999299350e+03 3.641334855141195021e+03 3.620565378786149722e+03 5.206308146783811026e+03 3.666750143542831211e+03 3.362531188090650630e+03 3.908187997234666454e+03 3.506676759202674475e+03 3.639955433510051989e+03 4.182199295907529631e+03 3.748321122455674413e+03 5.800795424212479702e+03 3.998682993516278657e+03 4.285886650899442429e+03 3.891507989909429853e+03 3.506125876040764979e+03 3.502998413250720660e+03 4.337367210576130674e+03 4.361656044692554133e+03 4.579335256168688829e+03 3.599531301834977967e+03 3.644423319537482712e+03 4.357223202996175132e+03 4.148095699844133378e+03 4.206049889046211320e+03 3.485595359581614957e+03 4.569135733008674833e+03 3.962030266154564288e+03 4.372064260472274327e+03 5.356101251712986596e+03 3.618621178755890014e+03 4.638773939007052832e+03 3.254829623511177942e+03 4.935415267041048537e+03 4.276317350026339227e+03 3.813804437365568901e+03 4.240486004241277442e+03 5.196372127929258568e+03 4.455165859827455279e+03 3.527030977313625954e+03 4.126566727133579661e+03 3.192005115586313423e+03 3.751989098971017484e+03 3.890876796948371066e+03 3.420626798303495889e+03 4.392314056142468871e+03 3.714422120068502863e+03 4.082642118013478012e+03
2.217647058823529278e+02 3.407221960836432572e+03 3.763767513833417070e+03 3.390466723584311694e+03 3.586126584167458077e+03 3.308905313073611069e+03 3.588281452371796604e+03 3.231971462595083722e+03 4.482135984511606694e+03 3.477948159814940936e+03 3.658270310811985382e+03 3.466430250307583265e+03 3.315209242480668763e+03 4.475396904535644353e+03 3.727690010800043638e+03 6.008408284818464381e+03 3.595914361710229514e+03 3.909168840298364103e+03 3.757334383980750317e+03 3.920667291636770642e+03 3.683119565257233262e+03 3.177863449951509665e+03 4.429901346155889769e+03 5.029554933727892603e+03 3.608749494346619485e+03 4.251990743648911121e+03 3.669731302208619582e+03 3.547890435388023434e+03 3.633032468499414790e+03 4.618213769824933479e+03 3.985458494651610181e+03 3.184368613584905233e+03 3.485248988737553191e+03 4.483102818825102077e+03 4.031023739914283397e+03 3.755045010103347522e+03 3.680581063300773167e+03 4.431974428702888872e+03 4.686316342800231723e+03 3.265522058128910885e+03 3.805331916487610215e+03 3.911040127301586381e+03 3.675822820303391836e+03 4.294919769345659915e+03 3.869902214727774208e+03 3.503454953430604746e+03 3.715302772337870010e+03 4.835965058080754716e+03 3.736624126765920664e+03 3.791750219318657400e+03 4.131055422860216822e+03 3.849321623777323111e+03 4.685859771814070882e+03 4.223475432388727313e+03 4.683211355318311689e+03 3.400487400996636097e+03 3.326531142710668973e+03 3.544974088052138995e+03 4.123373155193596176e+03 3.695367370044863037e+03 3.595656766591377618e+03 3.724622047532474426e+03 4.661887263518072359e+03 3.180840513250806453e+03 3.383652059577811087e+03 3.557004389196853481e+03 4.692529065076605548e+03 3.406749821099659584e+03 3.164343559004449162e+03 3.618187748934897627e+03 3.437238948830282879e+03 3.376716999725808364e+03 3.952974466218861835e+03 3.636545300836682600e+03 5.429442680376314456e+03 3.762424531240018496e+03 4.067387730994230424e+03 3.669830476958070449e+03 3.471214126791554463e+03 3.433843444497833843e+03 4.196984863341538585e+03 4.198006410534128008e+03 4.679748627837784625e+03 3.433709568664067319e+03 3.477293902338632051e+03 4.330449516894194858e+03 4.036063320354003736e+03 4.173545592208826747e+03 3.420609690565771871e+03 4.323661996396379436e+03 3.866906618018841073e+03 4.438389995547967374e+03 5.054235322667129367e+03 3.491570033137239989e+03 4.399898838298788178e+03 3.137397446461632171e+03 4.600338680558784290e+03 4.210405360436259798e+03 3.791222397810672192e+03 4.193350953429043329e+03 4.985521440418626298e+03 4.431068180333551936e+03 3.512997143612465152e+03 3.932575385725288925e+03 3.178317453717340868e+03 3.527574106971458605e+03 3.820568234353091157e+03 3.340946923590975530e+03 4.333821033269694453e+03 3.625743432136100182e+03 3.868645895463749184e+03
2.223529411764705799e+02 3.363812403489691405e+03 3.753413794798345862e+03 3.349752742564621713e+03 3.383381835577624315e+03 3.210907693516062409e+03 3.575431838245322979e+03 3.117501127202598127e+03 4.270297211547277584e+03 3.327014020065928889e+03 3.515459120507243370e+03 3.388447078330688328e+03 3.180953690208776607e+03 4.350719733390747024e+03 3.440413835805452891e+03 5.416254986022937373e+03 3.593225015728260132e+03 3.712187069747354144e+03 3.482475366125558139e+03 3.722665163478312024e+03 3.509027098786852548e+03 3.124600620609761336e+03 4.344656733038749735e+03 4.595431672957027331e+03 3.410484460602308900e+03 4.280927442062180489e+03 3.550697420346338731e+03 3.581346824819004269e+03 3.512012063858446254e+03 4.449747867658658834e+03 3.771508913084829601e+03 3.069332402022268980e+03 3.340765403203228743e+03 4.137680316902655250e+03 3.908898256280035639e+03 3.656643903086441696e+03 3.545745980104380578e+03 4.299806633118771970e+03 4.342866396651922514e+03 3.265148451254279280e+03 3.586614604996557318e+03 3.670683098324833736e+03 3.625016876379241694e+03 4.212064181286834355e+03 3.683287316270823339e+03 3.362882874839469878e+03 3.774558811880565827e+03 4.845644680902346408e+03 3.463929734747826842e+03 3.577799665833990275e+03 3.835140982289119165e+03 3.755896135371915534e+03 4.560978207912311518e+03 4.128254037854167109e+03 4.560970721731026970e+03 3.327300439080481283e+03 3.166200411855404582e+03 3.486702875816288270e+03 3.856800042520462739e+03 3.484560325293903134e+03 3.510740664710303463e+03 3.493762588330009748e+03 4.761533167886042065e+03 3.150858060587504951e+03 3.178826432259189914e+03 3.520098341395175339e+03 4.259305012997359881e+03 3.199800749051447838e+03 3.019325101475695192e+03 3.380873761732084404e+03 3.395212111091751922e+03 3.167029976314900523e+03 3.773919807267142005e+03 3.554679987506036923e+03 5.120490028262603118e+03 3.580871033967862786e+03 3.905204695673374317e+03 3.494021390954670096e+03 3.453774793319444598e+03 3.391940620842251064e+03 4.100427872346027470e+03 4.087100515898081539e+03 4.777810008502459823e+03 3.315176626046422825e+03 3.350631318175446722e+03 4.319389907567890987e+03 3.950956525069541385e+03 4.168793441442048788e+03 3.382244939004114713e+03 4.143213085173254512e+03 3.796146946814614239e+03 4.503380331984146324e+03 4.818477591205682074e+03 3.396816239964073702e+03 4.224577052435093719e+03 3.062982251741215350e+03 4.328479697190994557e+03 4.176945911787053774e+03 3.784232998025370307e+03 4.164136715453281795e+03 4.829889544178693541e+03 4.414077234346198566e+03 3.528108212757761521e+03 3.781277221327190091e+03 3.185042325719027758e+03 3.351654380838759153e+03 3.770713820955175379e+03 3.290111164372606254e+03 4.313456084098460451e+03 3.562115891195538097e+03 3.708123441336033011e+03
2.229411764705882320e+02 3.336260676878388495e+03 3.752077238415299234e+03 3.326021824605855272e+03 3.220173199606588241e+03 3.135819347013912193e+03 3.570992750308143059e+03 3.027434308525013876e+03 4.102122130182616274e+03 3.209038758969018090e+03 3.412496225312501338e+03 3.337378970410234160e+03 3.075973585033473682e+03 4.258625853282744174e+03 3.212936113087836020e+03 4.910430133878152446e+03 3.608439798035583863e+03 3.564203898418997596e+03 3.265963322128825894e+03 3.573457147807405818e+03 3.372559189671484546e+03 3.089666947535619329e+03 4.288490868901933027e+03 4.238321241121672756e+03 3.253902973014037798e+03 4.305666168534475219e+03 3.459439449371399860e+03 3.619748718490820011e+03 3.419217145121041540e+03 4.318767790429476008e+03 3.608315006980153157e+03 2.978502436231081447e+03 3.226858893636791436e+03 3.854543796719868169e+03 3.820689118896865239e+03 3.583705744716560730e+03 3.446208157997924900e+03 4.206041082438473495e+03 4.062306077522046053e+03 3.271518699230649418e+03 3.411731870961434652e+03 3.478421141552365498e+03 3.604303373463998923e+03 4.161203044467119071e+03 3.539255586929078163e+03 3.259717343465242266e+03 3.840635161208354475e+03 4.852118193510915262e+03 3.244344792570059326e+03 3.407994153472212020e+03 3.597755113968374644e+03 3.694015420479277964e+03 4.465917408835897731e+03 4.057793832070058670e+03 4.467964332731200557e+03 3.279066649981831233e+03 3.042681409850253658e+03 3.450064546408283150e+03 3.639193568336029784e+03 3.314180626503508847e+03 3.449197049945233630e+03 3.315210086284226236e+03 4.851872442300153125e+03 3.136649659252250331e+03 3.017803086699733740e+03 3.502013320768975973e+03 3.896459781803950136e+03 3.036835157257847641e+03 2.917349097203992642e+03 3.187059289906744652e+03 3.373143695825212490e+03 3.001773922477547330e+03 3.634608470733081504e+03 3.495069566710200888e+03 4.866138541993947911e+03 3.444342524351769043e+03 3.788925633388631923e+03 3.355316405288954229e+03 3.445995744574093806e+03 3.369847466297141636e+03 4.037161707482933707e+03 4.017603676622224157e+03 4.866354248436720809e+03 3.234348308294205253e+03 3.254353704039625427e+03 4.315702339181195384e+03 3.884249464543272097e+03 4.182463039301159370e+03 3.363063423143690216e+03 4.015607953954352979e+03 3.741731094921177828e+03 4.560284844374381464e+03 4.637766510824174475e+03 3.325801701745789160e+03 4.100772369696384885e+03 3.021843203335749422e+03 4.110036593873030142e+03 4.166130696901215742e+03 3.784355605860848300e+03 4.144393004403447776e+03 4.718858010294294218e+03 4.399211169735444855e+03 3.563145387093480167e+03 3.664116952317383493e+03 3.205789764736791312e+03 3.216289467583460009e+03 3.733680725161704686e+03 3.259107706135529497e+03 4.320029387136915830e+03 3.515562971185637707e+03 3.588088546188224427e+03
2.235294117647058840e+02 3.317751107779770791e+03 3.753572933807972731e+03 3.311806351370187258e+03 3.088157982215770971e+03 3.076630090251417187e+03 3.569040411661409507e+03 2.954506017010370215e+03 3.968019102348176148e+03 3.116056670681117339e+03 3.339252173743432195e+03 3.305474272337417460e+03 2.993347680496003250e+03 4.191130969167827061e+03 3.034889704158745189e+03 4.482182548045951989e+03 3.634649186511249354e+03 3.456241592691083042e+03 3.097480072738103900e+03 3.464100469143249029e+03 3.265003355767069479e+03 3.066296010283573196e+03 4.253507210443570330e+03 3.946866674569150746e+03 3.130217463314393626e+03 4.321512966246919859e+03 3.388120369206444138e+03 3.657124883956380927e+03 3.347721935732851307e+03 4.217293621396555864e+03 3.486889893413408572e+03 2.904690825071694690e+03 3.135558684073798759e+03 3.623573789040421161e+03 3.758232042029083004e+03 3.529287102607155703e+03 3.373488497014682252e+03 4.141621968041658874e+03 3.834885670363099962e+03 3.279045828236813122e+03 3.271616980795214204e+03 3.325265252488218721e+03 3.604467403970476425e+03 4.133818884375732523e+03 3.428616467000790180e+03 3.184377776726142201e+03 3.907179261584734832e+03 4.849589329373323380e+03 3.067867267663431903e+03 3.273890636870495200e+03 3.408998918202485129e+03 3.654308192880803290e+03 4.391852697240451562e+03 4.002581382070216478e+03 4.395410329916153387e+03 3.249790512933313948e+03 2.947204649981927560e+03 3.426852095430007921e+03 3.462644055495896282e+03 3.176362763663773421e+03 3.404341514178382113e+03 3.179259401062249708e+03 4.926942726138458966e+03 3.130894445091967100e+03 2.892089308737856300e+03 3.495690253816724635e+03 3.593996312939287236e+03 2.909343645844220646e+03 2.849160289060278956e+03 3.028305101246709455e+03 3.364243308050749874e+03 2.872396036391907728e+03 3.525560269541705111e+03 3.450750110569493245e+03 4.658396322317790691e+03 3.343737357555870858e+03 3.708795311279420730e+03 3.245713134259753133e+03 3.441266950436126990e+03 3.360787433230399074e+03 3.997634325072811862e+03 3.979061042177796480e+03 4.939442235940747196e+03 3.182457912876415776e+03 3.179619490557443896e+03 4.312382597405762681e+03 3.828590563081402252e+03 4.206234273768592175e+03 3.356310912355386790e+03 3.929478208692326461e+03 3.696732078807115613e+03 4.603579271824581156e+03 4.501477315161944716e+03 3.270978527144981854e+03 4.017242773424767620e+03 3.005221570255238476e+03 3.935563323848271466e+03 4.169192445463139848e+03 3.784565153863019987e+03 4.127031178055815872e+03 4.642332732458718056e+03 4.382121412574205351e+03 3.609877625741319662e+03 3.573156056425217685e+03 3.234718101729466980e+03 3.113934021053602464e+03 3.702903392531585723e+03 3.240115385930267621e+03 4.343516917397978432e+03 3.479130212041898631e+03 3.497262561413736876e+03
2.241176470588235361e+02 3.302462647371141884e+03 3.752629637322473627e+03 3.300826515886622474e+03 2.979935442172709372e+03 3.027329956167615364e+03 3.564587928879488572e+03 2.892461247767528221e+03 3.859252243885151074e+03 3.040999296936298833e+03 3.286796983015794012e+03 3.285810585260232074e+03 2.926851986664494234e+03 4.140830206424011521e+03 2.896719897304986716e+03 4.122436451506886442e+03 3.665639732426931459e+03 3.379865745525240982e+03 2.967531857825979387e+03 3.386197233759058690e+03 3.178582895834695591e+03 3.048721357784760130e+03 4.232397937139107853e+03 3.710324935099819868e+03 3.031467742084110341e+03 4.324672709067323012e+03 3.329842329777582108e+03 3.688430140303411463e+03 3.291266683434774222e+03 4.137832750879164450e+03 3.398757923386257062e+03 2.841720795542762062e+03 3.059875652925063150e+03 3.435277255181834335e+03 3.713989186302403596e+03 3.487142612285160794e+03 3.319994834289944265e+03 4.098205275135262127e+03 3.651284619289937837e+03 3.283064804713768353e+03 3.158072387469823298e+03 3.202912275144712112e+03 3.617343276266150042e+03 4.122096429561820514e+03 3.343007630340244305e+03 3.128453287214009379e+03 3.968622854608967373e+03 4.833500788087702858e+03 2.925519269286374310e+03 3.167723501931385726e+03 3.259617567273404802e+03 3.628530135415418044e+03 4.330892451337477723e+03 3.954644954650843374e+03 4.335464767544396636e+03 3.233966769089871377e+03 2.872097706886794185e+03 3.410076003900564501e+03 3.319633344035842583e+03 3.063973816380090284e+03 3.370184133530089639e+03 3.077005315576581779e+03 4.981970449512801679e+03 3.127461111238649210e+03 2.793884450843559534e+03 3.494899683675545930e+03 3.342353541805310670e+03 2.809506869125145840e+03 2.806418637466690143e+03 2.897012732525185584e+03 3.362449579339182947e+03 2.771041563260782823e+03 3.438334439480314813e+03 3.415528121999603172e+03 4.489320435099210954e+03 3.270660763093925198e+03 3.655830529321439826e+03 3.158022741528608094e+03 3.434143124779518530e+03 3.358716030682770452e+03 3.973339696416690003e+03 3.961999152943023546e+03 4.992332215935480235e+03 3.151598279896574695e+03 3.118836014267124483e+03 4.303702445794955565e+03 3.777782355765999910e+03 4.232829467624158497e+03 3.355978981014593955e+03 3.874403169471664569e+03 3.655304144295861988e+03 4.628923452258897669e+03 4.399616591395919386e+03 3.225830876436182734e+03 3.963678663607983253e+03 3.005351325029867439e+03 3.796170177110645909e+03 4.178443969862546510e+03 3.779206798316823097e+03 4.106258521096731783e+03 4.590910265263557449e+03 4.359113883294428888e+03 3.661083264463755313e+03 3.501178017833988179e+03 3.266585526413508887e+03 3.037561120827142076e+03 3.672874015339595644e+03 3.226492809059555839e+03 4.375103242582325038e+03 3.446896146794969809e+03 3.426026639289623290e+03
2.247058823529411882e+02 3.285558360342605738e+03 3.744897246548045587e+03 3.287936321847884301e+03 2.889053040786173824e+03 2.982876298166052493e+03 3.553572133745076826e+03 2.836048767354201573e+03 3.768044485979983165e+03 2.977723164146848376e+03 3.247410536891977699e+03 3.272337838716051010e+03 2.871002966531306356e+03 4.101010523402367653e+03 2.789773583411062191e+03 3.822100434266592856e+03 3.695943777239011524e+03 3.327307278883864910e+03 2.867532615851544051e+03 3.332015045948308398e+03 3.106501492875478561e+03 3.032137049533007485e+03 4.218550887285838144e+03 3.518732084349347588e+03 2.950596717172755689e+03 4.312229952235726159e+03 3.278673997468439211e+03 3.709536852713304597e+03 3.244304154447508608e+03 4.073506228600745999e+03 3.336083655103481306e+03 2.784416775415962547e+03 2.993822037040436953e+03 3.280938098759461809e+03 3.681156803966625375e+03 3.451769642639174435e+03 3.279048758546225599e+03 4.068247543893356124e+03 3.502796362173075977e+03 3.279807654840700707e+03 3.063841917613920032e+03 3.103853030523531288e+03 3.635832078367024224e+03 4.118997764850563726e+03 3.274978340797306828e+03 3.084706512331003978e+03 4.020216475781592180e+03 4.800463351117818092e+03 2.809374048267011858e+03 3.082480163651069688e+03 3.141129235666339355e+03 3.609580613686797278e+03 4.276154992903702805e+03 3.907483879567480926e+03 4.281297211852823239e+03 3.226607623089362733e+03 2.810766685420049726e+03 3.393928233645843193e+03 3.203172336659595203e+03 2.970651876677912242e+03 3.341468634681076310e+03 3.000407406828915555e+03 5.013331611555720883e+03 3.121350924490849138e+03 2.716169082302802963e+03 3.494273208654540213e+03 3.132603338560810244e+03 2.730286273554451782e+03 2.781718273709664572e+03 2.786475472220250595e+03 3.362473746895630939e+03 2.690643096936834354e+03 3.365578683942816042e+03 3.384030026629038730e+03 4.351227646426108549e+03 3.217516305627328620e+03 3.621904091505786710e+03 3.085896635923876602e+03 3.420287976003229687e+03 3.358363632767282979e+03 3.956853351070060853e+03 3.957993320918555582e+03 5.021438602248407733e+03 3.134745374199601429e+03 3.065634300225734023e+03 4.285137698884796009e+03 3.726741261529483836e+03 4.256026741861466689e+03 3.356844321536096231e+03 3.841003323038720282e+03 3.612650357545316638e+03 4.633106840655098495e+03 4.322977661882192479e+03 3.184868641027370359e+03 3.930799772637703427e+03 3.015450845422157727e+03 3.683676564554798006e+03 4.187294443177333051e+03 3.763899403964500834e+03 4.077501124357448134e+03 4.556010903299297752e+03 4.327160068285302259e+03 3.710552909892377556e+03 3.441760768597652714e+03 3.296788384200715882e+03 2.980751623484254196e+03 3.639112282409437739e+03 3.212742779734880514e+03 4.407197448540291589e+03 3.413957635287500580e+03 3.366343644415083872e+03
2.252941176470588402e+02 3.263154313829103558e+03 3.726932856073111907e+03 3.269056057718298689e+03 2.809989893939140075e+03 2.939146347005753341e+03 3.532822350603173618e+03 2.780989261023166819e+03 3.687638878496014058e+03 2.921010487387779449e+03 3.214563242355685816e+03 3.259895282386904455e+03 2.821077978722076296e+03 4.065733406982908491e+03 2.706349390828647756e+03 3.572323607725513739e+03 3.720871121984335787e+03 3.291547699326606107e+03 2.789850141198020992e+03 3.294571102656419953e+03 3.042955286178085316e+03 3.012646508378792987e+03 4.206129160554817645e+03 3.363016369848039631e+03 2.881488345325384671e+03 4.282116011805184826e+03 3.229650321185041321e+03 3.717211265586701302e+03 3.202025531358406170e+03 4.018144841016795908e+03 3.291763321725599781e+03 2.728569435451139270e+03 2.932400827174158167e+03 3.152718371092274992e+03 3.653740351250050935e+03 3.418432206778310956e+03 3.244890680681558933e+03 4.045070814619634348e+03 3.381464320418535863e+03 3.266364483612801905e+03 2.982644132364703637e+03 3.021439748883051834e+03 3.653896491453818726e+03 4.118318810769243100e+03 3.218035470207459184e+03 3.047048671644067326e+03 4.058046910194313114e+03 4.748174131908085656e+03 2.712552187050991506e+03 3.011948370826729843e+03 3.045911515535746275e+03 3.591492688111038660e+03 4.221809724925380578e+03 3.855976554236312495e+03 4.227130814097849907e+03 3.223263993369973377e+03 2.757656996439931390e+03 3.373726934527414414e+03 3.106901467963863070e+03 2.890822635238865132e+03 3.313692020374258846e+03 2.942325111518685844e+03 5.018499294189678949e+03 3.108627365117037698e+03 2.652758282284815323e+03 3.489313540037676830e+03 2.956591740452456634e+03 2.665478647100259877e+03 2.768586284488559613e+03 2.690894120188620036e+03 3.359821916632188277e+03 2.624973625804663698e+03 3.301040897087282247e+03 3.351725025050654494e+03 4.236871355392131591e+03 3.177564504606924856e+03 3.599800563979382787e+03 3.023832046856533907e+03 3.396403846696919118e+03 3.355257045871202990e+03 3.941842920054985825e+03 3.959704939296920656e+03 5.024277350934567039e+03 3.125765497085636071e+03 3.014816976623932987e+03 4.253287275766259881e+03 3.671440454420826882e+03 4.270656001386756543e+03 3.354487181171559314e+03 3.820997242968349383e+03 3.564973180952203620e+03 4.613981446631570179e+03 4.263257738709144178e+03 3.143597542327847805e+03 3.910415496982371678e+03 3.029700069031801377e+03 3.590719401529214338e+03 4.190245057953756259e+03 3.735430576335832484e+03 4.037317163474996505e+03 4.529978815735631542e+03 4.283896455626824718e+03 3.753076638318561436e+03 3.389319790150779681e+03 3.321386164325484060e+03 2.937753473552989362e+03 3.598117632034122835e+03 3.194457389720644187e+03 4.433425849213558649e+03 3.376393951156111143e+03 3.311657976378929561e+03
2.258823529411764639e+02 3.232271558382578405e+03 3.696167950238227149e+03 3.241094657090226974e+03 2.738122482603595927e+03 2.892878632600323272e+03 3.500013645686676682e+03 2.723923576218645394e+03 3.612323209877109548e+03 2.866547751363889802e+03 3.182873002938879836e+03 3.244206315635861756e+03 2.773115765098179963e+03 4.029889264446338984e+03 2.639715703702438077e+03 3.364700856379944071e+03 3.736523427545438153e+03 3.266372490486732204e+03 2.727821668477020921e+03 3.267684705555975142e+03 2.983117902553272415e+03 2.987202749342749030e+03 4.190124393165815491e+03 3.235066904497365613e+03 2.818973679242757953e+03 4.233062837525427312e+03 3.178748924823411016e+03 3.709075964797060806e+03 3.160368160121258825e+03 3.966356492759698085e+03 3.259483463890425810e+03 2.670881424941988371e+03 2.871570871596298275e+03 3.043717059304065060e+03 3.626599703510432391e+03 3.383166509043606311e+03 3.212666788641592120e+03 4.022904201267961071e+03 3.280174183560801794e+03 3.240632447517740729e+03 2.909173423926818941e+03 2.949918780043970855e+03 3.666536789655247048e+03 4.114726570268739124e+03 3.166657500651398550e+03 3.010491896015795646e+03 4.079037620419932409e+03 4.675324822801771916e+03 2.629193740549170343e+03 2.950738796464263487e+03 2.967250851979067647e+03 3.569400673769966943e+03 4.163086343613669669e+03 3.796272611547946781e+03 4.168250300769766909e+03 3.220040791771923068e+03 2.708198433356985788e+03 3.345846000730021842e+03 3.025157977062149712e+03 2.819697659500709051e+03 3.283106682532210016e+03 2.896528436217718991e+03 4.995977681841846788e+03 3.086335534493590785e+03 2.598324267144724217e+03 3.476385628906009515e+03 2.807031114976536628e+03 2.609739712304087334e+03 2.761465364836763001e+03 2.605364548320854283e+03 3.350798005845816988e+03 2.568668800038924473e+03 3.239550024054399728e+03 3.314924268248567842e+03 4.139583904571963103e+03 3.144952853111748482e+03 3.583246707233692177e+03 2.967160202146669690e+03 3.360150014529896907e+03 3.345721650466902702e+03 3.923056569010806470e+03 3.960892254816838886e+03 4.999397995457239631e+03 3.119408302627507965e+03 2.962285773528335085e+03 4.205784272413783583e+03 3.608839202570622092e+03 4.272578141368594515e+03 3.345290902468036620e+03 3.807226883114282828e+03 3.509411075951604744e+03 4.570382758100680803e+03 4.213138824798175847e+03 3.098470335639809491e+03 3.895453299859290382e+03 3.043206110834863011e+03 3.510821910290034793e+03 4.182865831739941314e+03 3.691645634838344449e+03 3.983302058286115880e+03 4.506150082546963858e+03 4.227611411622086052e+03 3.784417413788422891e+03 3.339125161050239967e+03 3.337112942484418909e+03 2.903514858940292015e+03 3.547306985903303030e+03 3.168248022198925810e+03 4.448604227257450475e+03 3.331213158381036919e+03 3.256780109584132333e+03
2.264705882352941160e+02 3.190773789951672825e+03 3.650858527556969875e+03 3.201863975227060109e+03 2.669675100575116630e+03 2.841605113360753421e+03 3.453606689866853230e+03 2.662344416451129746e+03 3.537421262973603007e+03 2.810885079096813115e+03 3.148043037632522100e+03 3.221854003634858145e+03 2.723898738957477235e+03 3.989224668505411046e+03 2.584101170337403801e+03 3.191425371376771182e+03 3.739792324979634031e+03 3.246396313414311862e+03 2.675743305065696859e+03 3.246001760451669270e+03 2.923102142422192628e+03 2.953541409301602926e+03 4.166384656594367698e+03 3.127762257486856925e+03 2.758809120851266016e+03 4.164543302268424668e+03 3.122846109876737046e+03 3.683559606110531149e+03 3.116006125450487161e+03 3.913565314621364905e+03 3.233750319585398302e+03 2.608897220213605578e+03 2.808191548207145843e+03 2.947990365587685574e+03 3.595466837005827983e+03 3.342769242217567353e+03 3.178399857821487331e+03 3.996902634799483167e+03 3.192705203142852042e+03 3.201253936181138215e+03 2.839073155414307621e+03 2.884432388065899886e+03 3.669751266290857984e+03 4.103776855125350266e+03 3.116280679698505082e+03 2.971083425516134412e+03 4.080933352062068025e+03 4.581499814170323589e+03 2.554410048714761615e+03 2.894284766748699894e+03 2.899359063580107431e+03 3.539488785998934418e+03 4.096254455796720322e+03 3.725672559868903136e+03 4.100980525891999605e+03 3.213605433176000588e+03 2.658737736577161286e+03 3.307632537193693224e+03 2.953011879181466611e+03 2.753255762545099969e+03 3.246706194324275657e+03 2.857687481686979027e+03 4.945222754224142591e+03 3.052413986676936929e+03 2.548392084978422645e+03 3.452690425639220393e+03 2.677546342459178959e+03 2.558580427989236796e+03 2.755683320243267190e+03 2.525841492680777719e+03 3.332489084202537470e+03 2.517221880935173886e+03 3.176970748984931106e+03 3.270758557905039652e+03 4.053382327138033361e+03 3.114720605022100699e+03 3.566919061431656246e+03 2.912018872614371958e+03 3.310051796641268538e+03 3.326866077498820232e+03 3.896291414680965772e+03 3.956397927995178179e+03 4.946302251923234508e+03 3.111286819609431404e+03 2.904953096176930103e+03 4.141199266472735872e+03 3.536800159269782398e+03 4.258648559595189909e+03 3.326424257968372785e+03 3.793655346569008998e+03 3.443962873177657912e+03 4.502038872355786225e+03 4.166333813469279448e+03 3.046822137058935823e+03 3.879958940729417009e+03 3.051960030272567565e+03 3.438425814116490528e+03 4.161755103641292408e+03 3.631331511336806216e+03 3.913986149387614660e+03 4.478889857929827485e+03 4.157218286469600571e+03 3.801273102227765776e+03 3.287294928989009350e+03 3.341375951844066549e+03 2.873694425185898581e+03 3.484939881713060458e+03 3.131663511380088948e+03 4.448692550046933320e+03 3.276283811934634741e+03 3.197760357965389176e+03
2.270588235294117680e+02 3.137294426528216718e+03 3.590021463066359502e+03 3.149987981658635363e+03 2.601660731005780690e+03 2.783577708175976113e+03 3.392777199232458315e+03 2.594517664450029770e+03 3.459258127454059377e+03 2.751381884967493079e+03 3.106785744624614381e+03 3.190240973104941531e+03 2.670920932203160191e+03 3.940345339981162851e+03 2.534665512395863971e+03 3.045400167817707825e+03 3.728341519467373018e+03 3.227065410575069563e+03 2.628840544566722656e+03 3.224996732881822936e+03 2.859904725300959853e+03 2.910108984629981933e+03 4.131618896840388516e+03 3.034970461357742352e+03 2.697634243565706583e+03 4.076700778044399158e+03 3.059657566644541930e+03 3.639835167321008612e+03 3.066326833987828650e+03 3.856026185873301984e+03 3.209895905796853185e+03 2.540923299144757038e+03 2.739953631571554070e+03 2.860543627761377138e+03 3.556939621313487351e+03 3.294771519856099985e+03 3.138947437926818111e+03 3.963144282664728962e+03 3.113749591668743506e+03 3.147546609176216407e+03 2.768888764640896625e+03 2.820997382316524181e+03 3.660483176665091833e+03 4.081912804517854511e+03 3.063263844879428689e+03 2.925827085861648357e+03 4.062268110975217041e+03 4.467067507942835618e+03 2.484222828337392002e+03 2.838824505671637780e+03 2.837364918193669837e+03 3.498924352859874034e+03 4.018579097390629613e+03 3.642500493150595958e+03 4.022640929646811855e+03 3.201188998228928540e+03 2.606463475153941999e+03 3.257315985013845875e+03 2.886277656194572955e+03 2.688212516988035986e+03 3.202197556760944735e+03 2.821346420636559287e+03 4.866550703179248558e+03 3.005601480372400601e+03 2.499314659869648494e+03 3.416223551853473509e+03 2.562687186835512421e+03 2.508342484488453920e+03 2.747412193116454091e+03 2.449086872493414830e+03 3.302735060689567035e+03 2.466958245408815856e+03 3.110139156233814901e+03 3.217138688474975424e+03 3.973042172575484074e+03 3.082783156838589548e+03 3.546431687348017931e+03 2.855313654571393272e+03 3.245403778968605366e+03 3.296551218247292582e+03 3.858344759447405067e+03 3.942116333065435356e+03 4.865350748319054219e+03 3.097846258191941160e+03 2.840643842336226953e+03 4.058938175795667576e+03 3.453999045337152893e+03 4.226665573718695669e+03 3.295808512361199973e+03 3.775341582694817589e+03 3.367404065557720514e+03 4.409470286229812700e+03 4.117602299106161809e+03 2.986794890372580994e+03 3.859073066936355644e+03 3.052785998077973090e+03 3.368894533748315098e+03 4.124483452869720168e+03 3.554098649601304260e+03 3.828727896301634246e+03 4.443601264442543652e+03 4.072216788006517618e+03 3.801226749832734640e+03 3.230769369784897208e+03 3.332240539070553950e+03 2.844653348599007131e+03 3.410034941241447086e+03 3.083100320210965947e+03 4.430733328726739273e+03 3.210256137135431800e+03 3.131757716049320152e+03
2.276470588235294201e+02 3.071155293934677047e+03 3.513359500848174775e+03 3.084808095664068787e+03 2.531813362017089730e+03 2.717690224123739881e+03 3.317337216377662571e+03 2.519395527357015453e+03 3.375102340817846198e+03 2.686140650098995593e+03 3.056735657828769945e+03 3.147535952664512934e+03 2.612342923913631239e+03 3.880696574487395083e+03 2.487452995915034990e+03 2.920306503268514462e+03 3.700574527442817271e+03 3.204639942252013498e+03 2.583222117768255430e+03 3.200954665635620131e+03 2.791336594167536987e+03 2.855987342708696360e+03 4.083379541523309854e+03 2.951522327326379582e+03 2.632912021095872660e+03 3.970268801324340984e+03 2.987666132602048037e+03 3.577748795933267957e+03 3.009394359206409263e+03 3.790815584218781169e+03 3.184063105195293701e+03 2.465940662943275584e+03 2.665298803734138346e+03 2.777297225314282514e+03 3.508454108172900760e+03 3.237399511740394701e+03 3.091948631926003600e+03 3.918607788857102150e+03 3.038901983035450485e+03 3.079426704297772631e+03 2.696003718833633229e+03 2.756463019431154407e+03 3.636556848772318517e+03 4.046444798575246750e+03 3.004834698478262453e+03 2.872594994065487754e+03 4.022319162942143521e+03 4.333065808226342597e+03 2.415492028136844510e+03 2.781366711783809933e+03 2.777283044006038836e+03 3.445778678637989287e+03 3.928254759857908539e+03 3.545972149489202820e+03 3.931478574161404140e+03 3.180579453921011464e+03 2.549324884177181048e+03 3.193911032479496498e+03 2.821502896463207890e+03 2.621978076810874882e+03 3.147960712197821522e+03 2.783883379806245102e+03 4.761036088893806664e+03 2.945340502095209558e+03 2.448229894687925480e+03 3.365720848237764130e+03 2.457908568355267107e+03 2.456155474279155442e+03 2.733618663706709867e+03 2.372604899673447562e+03 3.260084772557919223e+03 2.414991611945940804e+03 3.036782698775667996e+03 3.152700509915603561e+03 3.894138370371361816e+03 3.045898400384979595e+03 3.518305917664712524e+03 2.794668647647464240e+03 3.166169069563380617e+03 3.253345758574478623e+03 3.806950202713187082e+03 3.914943254408860412e+03 4.757659515957633630e+03 3.076322298110000702e+03 2.767990214507759447e+03 3.959135382280594058e+03 3.359827912868122439e+03 4.175305536500071867e+03 3.252071295770529105e+03 3.748395135366980867e+03 3.279196234341420677e+03 4.293881823714194979e+03 4.062737808735339513e+03 2.917253197009568794e+03 3.828987127836700438e+03 3.043284441400383002e+03 3.298489775158884186e+03 4.069523973583582574e+03 3.460261612351433541e+03 3.727603206179087010e+03 4.396707850620931822e+03 3.972642570622558196e+03 3.782687715474234665e+03 3.167267963900694667e+03 3.308403216542218161e+03 2.813431536378012424e+03 3.322279356324709624e+03 3.021706808313934744e+03 4.392776499960348701e+03 3.132475044209305452e+03 3.056905928088102428e+03
2.282352941176470722e+02 2.992279939886012471e+03 3.421177787775849993e+03 3.006286862057879716e+03 2.458515056525648106e+03 2.643397916738988897e+03 3.227650716963772538e+03 2.436525388363218553e+03 3.283090432471337863e+03 2.613932580166233947e+03 2.996355060123276871e+03 3.092609841624324417e+03 2.546936681640052029e+03 3.808523998309683975e+03 2.439333594622234614e+03 2.810637560194891648e+03 3.655589307414005361e+03 3.176160331051177309e+03 2.535821830816052625e+03 3.170937427764663880e+03 2.715943262595237684e+03 2.790816074571349418e+03 4.020025589940947611e+03 2.873165545245080011e+03 2.562856535187719146e+03 3.846483976689610245e+03 2.906040358199125421e+03 3.497740914600855831e+03 2.943901996929730558e+03 3.715801888143529595e+03 3.153174431593714417e+03 2.383513745975155416e+03 2.583332276359155912e+03 2.695033424067340547e+03 3.448238640132566616e+03 3.169523909415325306e+03 3.035762107079473935e+03 3.861131306926146408e+03 2.964625545434120795e+03 2.997327850148166362e+03 2.618563511848938560e+03 2.688453825977695033e+03 3.596604796556799101e+03 3.995513064959939129e+03 2.939022319518844142e+03 2.810033150639065752e+03 3.961047772927484402e+03 4.181084733867293835e+03 2.345836922497346222e+03 2.719643280773055722e+03 2.715965757631536235e+03 3.378938283245655839e+03 3.824322681214157910e+03 3.436061868913240232e+03 3.826584506378202605e+03 3.150106624197586370e+03 2.485947352182500708e+03 3.117117036416066640e+03 2.755938971325607781e+03 2.552606364681710602e+03 3.082997643449742554e+03 2.742459652607857151e+03 4.630402021651504583e+03 2.871679537286677714e+03 2.393004306050119339e+03 3.300592940229657415e+03 2.359527228206006839e+03 2.399880414964504780e+03 2.712007613700745878e+03 2.294569141029921866e+03 3.203740433250232400e+03 2.359166959261333432e+03 2.955429453574636682e+03 3.076738149653540859e+03 3.813057454463878912e+03 3.001618679665346917e+03 3.479924931078792724e+03 2.728369185181970806e+03 3.072876890797408578e+03 3.196470098528191102e+03 3.740701323507747929e+03 3.872710841362668816e+03 4.624988804689346580e+03 3.044690408822263180e+03 2.686323469964782817e+03 3.842544388142768639e+03 3.254295011795791652e+03 4.104046116922883812e+03 3.194489301252503537e+03 3.709914582973219240e+03 3.179392706677946535e+03 4.157049600615823692e+03 3.998530670773287056e+03 2.837694819366683987e+03 3.786882263083402904e+03 3.021770170872601284e+03 3.224327187278480778e+03 3.996170978799090335e+03 3.350720880406550805e+03 3.611293541810949137e+03 4.335612862769257845e+03 3.859007323219387672e+03 3.744824024804298460e+03 3.095232701176232695e+03 3.269153248471210645e+03 2.777711545409717019e+03 3.221934343813323721e+03 2.947284556870527013e+03 4.333792635445979613e+03 3.042888163278013053e+03 2.972180230761954590e+03
2.288235294117646959e+02 2.901103904430980492e+03 3.314294793124135140e+03 2.914911435621852888e+03 2.380720079009916390e+03 2.560636525810346939e+03 3.124546207990294533e+03 2.345957385623650680e+03 3.182138322314582638e+03 2.534117916817639070e+03 2.924834986403750463e+03 3.024963779894875188e+03 2.474022721326295596e+03 3.722817596683269585e+03 2.387935020084064035e+03 2.711702496411502125e+03 3.593121286458745999e+03 3.139400791599413878e+03 2.484331443325395867e+03 3.132737216854546205e+03 2.632918525021595997e+03 2.714714048915776857e+03 3.940668870839140254e+03 2.796504188735716980e+03 2.486351904426004694e+03 3.706994339925250642e+03 2.814547089984471313e+03 3.400761805253772309e+03 2.869115774086246347e+03 3.629598031953226382e+03 3.114887384477576688e+03 2.293698372985668811e+03 2.493731615456354120e+03 2.611328637822779001e+03 3.375253061671664454e+03 3.090600293954120843e+03 2.969397063905543291e+03 3.789355719218729519e+03 2.888199523745470742e+03 2.902117513239255004e+03 2.535391704638512692e+03 2.615300919319104651e+03 3.539987694304300931e+03 3.928034736831907594e+03 2.864579388944772290e+03 2.737463698908412425e+03 3.879028825272286213e+03 4.013148903606999738e+03 2.273553215982479742e+03 2.652051579286153355e+03 2.651041732338241673e+03 3.298009390020455157e+03 3.706575248968089909e+03 3.313371460722530173e+03 3.707797435078233775e+03 3.108618782239265329e+03 2.415546681823480867e+03 3.027216182532560651e+03 2.687497248050015514e+03 2.478737522390746108e+03 3.006872867586393568e+03 2.694960600338905351e+03 4.476905012179217010e+03 2.785175687680258307e+03 2.332166569114740923e+03 3.220851228134064058e+03 2.264660215076442000e+03 2.338043108103296618e+03 2.680960290631860971e+03 2.213744798963909943e+03 3.133492814032700153e+03 2.297993370656876778e+03 2.865310650584163341e+03 2.989128476315961507e+03 3.726984223507619390e+03 2.948231249118523010e+03 3.429475184684099531e+03 2.655298610519945669e+03 2.966520833179453348e+03 3.125731125668491131e+03 3.658965246669011322e+03 3.814110279739104953e+03 4.469626936814564942e+03 3.001607268219086109e+03 2.595565687036390045e+03 3.710427893539726483e+03 3.137923679131019526e+03 4.013079776886772834e+03 3.122921919092516873e+03 3.657912603893628329e+03 3.068542685936391081e+03 4.001205677797137469e+03 3.922710179415792027e+03 2.748158778097299546e+03 3.730854313318185632e+03 2.987206325712617399e+03 3.144315507431009337e+03 3.904449392388618890e+03 3.226847323780623810e+03 3.480974749031787269e+03 4.258638492187252268e+03 3.732231675410518619e+03 3.687487363049498072e+03 3.013760525978138958e+03 3.214324139236938663e+03 2.735772962962210840e+03 3.109739107093336315e+03 2.860188606184128275e+03 4.253576750263583563e+03 2.941951579593694078e+03 2.877267080858851841e+03
2.294117647058823479e+02 2.798484497062437185e+03 3.193950625175848927e+03 2.811598666111881812e+03 2.297877829717955137e+03 2.469742292356380403e+03 3.009228519128607786e+03 2.248152961893089469e+03 3.071843861866397219e+03 2.446563428443479097e+03 2.841994371811916608e+03 2.944651471167993350e+03 2.393401816123990102e+03 3.623242213683990030e+03 2.331568686551548581e+03 2.619606046639127726e+03 3.513476946362542094e+03 3.092812815530014632e+03 2.427127272602427183e+03 3.084820159607389996e+03 2.542014598996716359e+03 2.628201491024864481e+03 3.845106261931781319e+03 2.718927866070309392e+03 2.402866086517805797e+03 3.553766443224711566e+03 2.713460782837381885e+03 3.288183983527582313e+03 2.784811120073424263e+03 3.531499616318130393e+03 3.067539447935472253e+03 2.196951219853884140e+03 2.396654713329827700e+03 2.524475636847451824e+03 3.289116103303763339e+03 3.000602515142985794e+03 2.892439220873947306e+03 3.702654530621051435e+03 2.807652678424710757e+03 2.795013050013397333e+03 2.445901352223820140e+03 2.535965650013496088e+03 3.466709097876142550e+03 3.843637420923871105e+03 2.780897555807897334e+03 2.654786304417026258e+03 3.777371729794394014e+03 3.831602856019788760e+03 2.197528562843615873e+03 2.577589008233098866e+03 2.580844983482822954e+03 3.203218428587053495e+03 3.575451887030169019e+03 3.179003460081447429e+03 3.575598878160059485e+03 3.055451313004314670e+03 2.337843801115008318e+03 2.924972495601860373e+03 2.614694302814114963e+03 2.399535376179255309e+03 2.919647450279022905e+03 2.639930108575973009e+03 4.303217807583234389e+03 2.686799373319262941e+03 2.264834272313824385e+03 3.127027670961506374e+03 2.171150632712357947e+03 2.269760392722334927e+03 2.639468149584516141e+03 2.129409092599183623e+03 3.049649344611906599e+03 2.230570101036492815e+03 2.766259787483910259e+03 2.890249721867315657e+03 3.633866683431437195e+03 2.884689828405050775e+03 3.365877391522899870e+03 2.574870613507678627e+03 2.848459647104259147e+03 3.041450011118080511e+03 3.561788961733069300e+03 3.738604889007961901e+03 4.294272367834930265e+03 2.946345843008979500e+03 2.496123771619591480e+03 3.564449611361921143e+03 3.011652657506766445e+03 3.903219864087341193e+03 3.037738287877443781e+03 3.591230658843275251e+03 2.947596202789608014e+03 3.828923478848935702e+03 3.833869914825496835e+03 2.649133267410950339e+03 3.659827905396500682e+03 2.939135137987275812e+03 3.057083294775615741e+03 3.795017450218292652e+03 3.090371416934144236e+03 3.338208661594915611e+03 4.164948647574751703e+03 3.593573225077019742e+03 3.611132155763288210e+03 2.922528045316126281e+03 3.144236982277187963e+03 2.686439753001921872e+03 2.986815697258721229e+03 2.761229043446237483e+03 4.152644985887537587e+03 2.830535898554607229e+03 2.772438915605775037e+03
2.300000000000000000e+02 2.685612152709196380e+03 3.061715275857393408e+03 2.697603302193320360e+03 2.209856554605816200e+03 2.371374412688169286e+03 2.883192374814792856e+03 2.143896792742654725e+03 2.952384404966900092e+03 2.351559310656820344e+03 2.748179370557638322e+03 2.852198241503988356e+03 2.305283750903716737e+03 3.510057650312386613e+03 2.269151881122145824e+03 2.531209060715318174e+03 3.417460022371826199e+03 3.035461280329731380e+03 2.363192901834902841e+03 3.026262526779090422e+03 2.443451482415041482e+03 2.532123876561030556e+03 3.733740904075406434e+03 2.638533976084451751e+03 2.312362319899873455e+03 3.388993672977559527e+03 2.603472486219706752e+03 3.161713691652644229e+03 2.691204801113874055e+03 3.421411653928625128e+03 3.010085483924367509e+03 2.094042942114006564e+03 2.292649300497260811e+03 2.433399341733664642e+03 3.190024245951752164e+03 2.899951089305923233e+03 2.804973645517156456e+03 3.601053295659510241e+03 2.721686865525995927e+03 2.677499496036741675e+03 2.350004924687359107e+03 2.449958547195829851e+03 3.377326770554815539e+03 3.742582051283514829e+03 2.687918881322492325e+03 2.562380986129700887e+03 3.657635029907261469e+03 3.639001729111082568e+03 2.117158452822087838e+03 2.495782098401537041e+03 2.504337384472853955e+03 3.095310838617504032e+03 3.431930148717490283e+03 3.034440991656216738e+03 3.431003782315947319e+03 2.990388000224152165e+03 2.252981443801550540e+03 2.811533640546251718e+03 2.536589349646284063e+03 2.314621932792594180e+03 2.821808521753740933e+03 2.576500578934702389e+03 4.112313303718196948e+03 2.577842677197646481e+03 2.190636527408255915e+03 3.020090727065932242e+03 2.077485137566507092e+03 2.194662428480926337e+03 2.587063990142658440e+03 2.041272120957608195e+03 2.952957635135193414e+03 2.156508694776385710e+03 2.658611569738151957e+03 2.780897055577128867e+03 3.532363179070006481e+03 2.810539860680153652e+03 3.288709229029800554e+03 2.486959086764675249e+03 2.720322589711068758e+03 2.944385490718290839e+03 3.449800904119841107e+03 3.646336209667065759e+03 4.101917132828816648e+03 2.878725482013107467e+03 2.388788231603405620e+03 3.406569986184076697e+03 2.876739999162140975e+03 3.775801857583125638e+03 2.939739996774942028e+03 3.509446105463963249e+03 2.817812167800161660e+03 3.643006856501295260e+03 3.731379970843271167e+03 2.541465922268047962e+03 3.573462611018574080e+03 2.877606459137547517e+03 2.961897125694514216e+03 3.669065265057774923e+03 2.943278873000381736e+03 3.184839858401273887e+03 4.054458739895567305e+03 3.444552626198870712e+03 3.516730465495088538e+03 2.821711110858768279e+03 3.059637155740081198e+03 2.629022781628177199e+03 2.854577031962391175e+03 2.651575566033975065e+03 4.032126813365281123e+03 2.709834763950037541e+03 2.658435596922821333e+03
2.305882352941176521e+02 2.563925383489640808e+03 2.919399346595514999e+03 2.574430634671245116e+03 2.116869162398998469e+03 2.266441312145009761e+03 2.748139316549089017e+03 2.034213765223637665e+03 2.824413034726884689e+03 2.249737637026652010e+03 2.644164973549973183e+03 2.748518711243874350e+03 2.210215047312772185e+03 3.384031796693888737e+03 2.200128308112099603e+03 2.444074201917036589e+03 3.306292757958123730e+03 2.966955389978959829e+03 2.292040036949950718e+03 2.956681916473409728e+03 2.337827761716837358e+03 2.427578792388999773e+03 3.607495678905678687e+03 2.554046230169656610e+03 2.215211120456457593e+03 3.215008508068488936e+03 2.485600587438350431e+03 3.023303724959624105e+03 2.588884068264594589e+03 3.299767098882263326e+03 2.942029742479913239e+03 1.985976467863681137e+03 2.182566037995898569e+03 2.337569429374773335e+03 3.078664947981742898e+03 2.789439010664024863e+03 2.707506226294332919e+03 3.485141520380939255e+03 2.629594232945361455e+03 2.551250811862003957e+03 2.248025090357090903e+03 2.357256446407854128e+03 3.272862432738298139e+03 3.625677488042809728e+03 2.586045947421045639e+03 2.461013980458825245e+03 3.521737520638792830e+03 3.438009844258825979e+03 2.032264253399849622e+03 2.406612552508494900e+03 2.421027484273341997e+03 2.975450725652215169e+03 3.277415706982953907e+03 2.881436213071498969e+03 3.275450144715526676e+03 2.913615950181258540e+03 2.161444100089698622e+03 2.688337288306517621e+03 2.452716832593625440e+03 2.224010300844511676e+03 2.714196451582122791e+03 2.504320082420385461e+03 3.907352430693109454e+03 2.459832734003764472e+03 2.109635113685978467e+03 2.901360039927592425e+03 1.982707272723531105e+03 2.112813203431308466e+03 2.523751119399111758e+03 1.949399991732066383e+03 2.844526505777444982e+03 2.075853612684062682e+03 2.543103017140838801e+03 2.662197896392560779e+03 3.421775673638997432e+03 2.725839757415224085e+03 3.198122252631208084e+03 2.391826887318615263e+03 2.583920964088775236e+03 2.835654825194581463e+03 3.324110413872940626e+03 3.538025566488388904e+03 3.895734644679351732e+03 2.799038609801072653e+03 2.274638120671410434e+03 3.238947839076577566e+03 2.734672366771667839e+03 3.632582358366382323e+03 2.830081704237162285e+03 3.412774233708145857e+03 2.680671177638613244e+03 3.446385457207403306e+03 3.615290007429246998e+03 2.426277924741812512e+03 3.472053796781891833e+03 2.803105066084163354e+03 2.858574725588546698e+03 3.528211961277910632e+03 2.787714248633543320e+03 3.022899108293391691e+03 3.927736395717894538e+03 3.286879943153821841e+03 3.405684355820281326e+03 2.711902025587658500e+03 2.961626736870430705e+03 2.563259625220910948e+03 2.714640022836939806e+03 2.532666779240569213e+03 3.893655163802398420e+03 2.581278016421691063e+03 2.536353935218849074e+03
2.311764705882353041e+02 2.435031081752577393e+03 2.768969588378339722e+03 2.443755209914662373e+03 2.019402497247607471e+03 2.156031886010286144e+03 2.605900322596493879e+03 1.920292486097932624e+03 2.688956505717595974e+03 2.141994166357132599e+03 2.531060733223090665e+03 2.634835379107893459e+03 2.109007745298294140e+03 3.246349785226071162e+03 2.124388978607678382e+03 2.356401577178183288e+03 3.181534523264504060e+03 2.887376685402367912e+03 2.213629232014406170e+03 2.876165464836936735e+03 2.226035147561730810e+03 2.315847001856283896e+03 3.467721954304729479e+03 2.464731783917946814e+03 2.112104911670438923e+03 3.034200972262177856e+03 2.361105714033620643e+03 2.875069879478218809e+03 2.478735167690673734e+03 3.167440593605190770e+03 2.863354713673104015e+03 1.873912100595905258e+03 2.067477114760860786e+03 2.236912783613320244e+03 2.956127490174145350e+03 2.670156841550973695e+03 2.600885615858451729e+03 3.355980026266031473e+03 2.531171600479834979e+03 2.418056388347078155e+03 2.140608813076622027e+03 2.258220122441930926e+03 3.154711817334875377e+03 3.494190107411297959e+03 2.476053213800737012e+03 2.351748535377050302e+03 3.371868525512614269e+03 3.231309283142428740e+03 1.943014829195858056e+03 2.310442223223716610e+03 2.330888086458678117e+03 2.845123554032773882e+03 3.113634730106333336e+03 2.721908977454624619e+03 3.110691170099220017e+03 2.825675448924774628e+03 2.063982417847696979e+03 2.557023555201709314e+03 2.363016580162310220e+03 2.128037789501764109e+03 2.597931808312133398e+03 2.423478346724988114e+03 3.691579182900297383e+03 2.334451431970467638e+03 2.022246209506939977e+03 2.772422050731730906e+03 1.886330075058966713e+03 2.024631873530486246e+03 2.449932253979330653e+03 1.854141903674309788e+03 2.725747135956997226e+03 1.989003712685660503e+03 2.420779321276070277e+03 2.535529160041313844e+03 3.301973067700155298e+03 2.631080334863427652e+03 3.094755392341655352e+03 2.290055327333261630e+03 2.441167244765879332e+03 2.716654888232261328e+03 3.186207708634578466e+03 3.414873838694305505e+03 3.678974808466117793e+03 2.707975792482464385e+03 2.154953808869421664e+03 3.063849805008274416e+03 2.587081662932054769e+03 3.475638660284163507e+03 2.710192010416414632e+03 3.301967992187802338e+03 2.537795048862484691e+03 3.242018816049849192e+03 3.486226657706008609e+03 2.304884025193144680e+03 3.356431107877115664e+03 2.716477904582502106e+03 2.747396211223261616e+03 3.374404055693006285e+03 2.625893942969069485e+03 2.854515364789328032e+03 3.785896482108354121e+03 3.122383940429164340e+03 3.279737717771085954e+03 2.594026841256297303e+03 2.851594596154042392e+03 2.489253207947801002e+03 2.568745484430905890e+03 2.406125717003597401e+03 3.739257217878698611e+03 2.446451026821127471e+03 2.407546530765898297e+03
2.317647058823529278e+02 2.300631607760749375e+03 2.612471074758306258e+03 2.307346549841227443e+03 1.918151338550824448e+03 2.041352641678103964e+03 2.458365251395792257e+03 1.803416492752139220e+03 2.547317841115618194e+03 2.029414930495705448e+03 2.410222182672975578e+03 2.512599819422752716e+03 2.002671179146302848e+03 3.098522562847252175e+03 2.042194798517267373e+03 2.266957584053871869e+03 3.045000356429375643e+03 2.797205937867851389e+03 2.128292287013882287e+03 2.785197015693488083e+03 2.109178271234008207e+03 2.198328717290027271e+03 3.316106920005374377e+03 2.370319205111878091e+03 2.003977329223451989e+03 2.848945315123102773e+03 2.231411434055686186e+03 2.719212963652018516e+03 2.361873249829162887e+03 3.025660332447753262e+03 2.774448770917030288e+03 1.759100282613870149e+03 1.948601594433719583e+03 2.131727881374767094e+03 2.823814041389638987e+03 2.543419444283783832e+03 2.486227264613087755e+03 3.215006845278382116e+03 2.426634724299219215e+03 2.279754171992495230e+03 2.028646402317476714e+03 2.153514569574453162e+03 3.024557007313561371e+03 3.349751152185870978e+03 2.359001586321227478e+03 2.235861999721065331e+03 3.210400187038699642e+03 3.021520055618626429e+03 1.849852801941546431e+03 2.207939211975361559e+03 2.234274750179597049e+03 2.706043881967923426e+03 2.942531530239329186e+03 2.557856814354034213e+03 2.938692856475921417e+03 2.727406269951511149e+03 1.961543066099193084e+03 2.419354979640451347e+03 2.267764132881521164e+03 2.027300679710205713e+03 2.474343918915715676e+03 2.334432961495017935e+03 3.468224963580335498e+03 2.203462624617017809e+03 1.929164789692791828e+03 2.635048804065195327e+03 1.788250689616816317e+03 1.930816646149541612e+03 2.366338981586007776e+03 1.756062293865045604e+03 2.598216193255144844e+03 1.896636362717476004e+03 2.292906031804227041e+03 2.402438878378568006e+03 3.173308412030875388e+03 2.527104512905513729e+03 2.979647427538281136e+03 2.182475601412267224e+03 2.294003091092681643e+03 2.588985390886375171e+03 3.037866923039251560e+03 3.278461804111408583e+03 3.454868737703436636e+03 2.606550720203815672e+03 2.031138598277293340e+03 2.883569219479125422e+03 2.435670065840450206e+03 3.307271471911397384e+03 2.581696716468723480e+03 3.178217800933402032e+03 2.390874251663571613e+03 3.032811166855253305e+03 3.345288942431792293e+03 2.178719554393695034e+03 3.227856949467199229e+03 2.618862526286278353e+03 2.629016114053454658e+03 3.209817527296179833e+03 2.460029665844207557e+03 2.681837691911950969e+03 3.630494300737778758e+03 2.952946262461776769e+03 3.140889736838220870e+03 2.469264971240890645e+03 2.731146363736522744e+03 2.407411010558829275e+03 2.418686345845777851e+03 2.273682931717155043e+03 3.571248252734103062e+03 2.307021751358597612e+03 2.273530845945033889e+03
2.323529411764705799e+02 2.162459840022914250e+03 2.451957556035811649e+03 2.167002988782634475e+03 1.813957771588883816e+03 1.923671605735254616e+03 2.307420503948716942e+03 1.684903951927259641e+03 2.400985667624449434e+03 1.913209006847144792e+03 2.283169251241033180e+03 2.383418294877470089e+03 1.892347960193313384e+03 2.942297445504078041e+03 1.954102460793328191e+03 2.175000429307515333e+03 2.898681643605413683e+03 2.697250730404395199e+03 2.036657532354612158e+03 2.684584877003459951e+03 1.988501317630905532e+03 2.076485900558799131e+03 3.154582343086477522e+03 2.270918899827637688e+03 1.891928672719984434e+03 2.661536244626166081e+03 2.098032249176389087e+03 2.557947867373862209e+03 2.239575198424402970e+03 2.875920942654429837e+03 2.676034337373557264e+03 1.642822886776648829e+03 1.827238625510814927e+03 2.022603316139926619e+03 2.683353442088952306e+03 2.410695792116584926e+03 2.364841202191285447e+03 3.063944289711916099e+03 2.316534788067159752e+03 2.138171530581865227e+03 1.913196913338893410e+03 2.044033609057391914e+03 2.884282636130961237e+03 3.194264753478998045e+03 2.236157960470814942e+03 2.114770148866321051e+03 3.039803968783635355e+03 2.811132936134723423e+03 1.753426531766257540e+03 2.100006553027594236e+03 2.131847110628175415e+03 2.560069909082502363e+03 2.766173896247614266e+03 2.391277216166961352e+03 2.761539483756195750e+03 2.619891924558599840e+03 1.855204848648332472e+03 2.277145009606947042e+03 2.167502806536732805e+03 1.922591859571540908e+03 2.344902987215026769e+03 2.237937485834132531e+03 3.240424378065999463e+03 2.068647707582884777e+03 1.831293185099369794e+03 2.491121939870380629e+03 1.688669253750237203e+03 1.832272933042152999e+03 2.273963323484501416e+03 1.655878941361570924e+03 2.463662995666583356e+03 1.799635951747989111e+03 2.160889155933864004e+03 2.264573650575910960e+03 3.036533282431590123e+03 2.415029123035278644e+03 2.854150595527570658e+03 2.070103675685740200e+03 2.144336986112616160e+03 2.454376248748797025e+03 2.881054137066194926e+03 3.130653492721448401e+03 3.226545144212002469e+03 2.496026949845971558e+03 1.904649945921489916e+03 2.700355558600382210e+03 2.282144734827959383e+03 3.129913066681279361e+03 2.446346263687667488e+03 3.043053683692717641e+03 2.241604365556202083e+03 2.821538353586942776e+03 3.193944647964016895e+03 2.049275432379776248e+03 3.087927463186523710e+03 2.511617896281741650e+03 2.504378614547820234e+03 3.036765962929577654e+03 2.292263119821842338e+03 2.506967883577128759e+03 3.463419858949403533e+03 2.780442193013031556e+03 2.991311640410897326e+03 2.338973164925511810e+03 2.602036327302901100e+03 2.318386104011187854e+03 2.266244962241458779e+03 2.137107980673449674e+03 3.392131096476682160e+03 2.164676456611476169e+03 2.135909138994695240e+03
2.329411764705882320e+02 2.022222880558932047e+03 2.289431138509659831e+03 2.024494198517272935e+03 1.707756838526603133e+03 1.804269404479112836e+03 2.154895510327323791e+03 1.566056246973134421e+03 2.251552036573390069e+03 1.794648313445201438e+03 2.151512723351671866e+03 2.248983100327187003e+03 1.779255732853813925e+03 2.779573180753664928e+03 1.860894701552271954e+03 2.080204895049265815e+03 2.744670997084014289e+03 2.588575154869180096e+03 1.939579244318284054e+03 2.575391821707456529e+03 1.865322369952366216e+03 1.951791290045448932e+03 2.985237180724132486e+03 2.166947411007738992e+03 1.777158709660280465e+03 2.474135617355025715e+03 1.962509903529203484e+03 2.393441243973741621e+03 2.113217122382903199e+03 2.719899979138681374e+03 2.569098031880495910e+03 1.526343283808277420e+03 1.704709216522907582e+03 1.910341888077754675e+03 2.536519993190016521e+03 2.273543864885047697e+03 2.238164658964701175e+03 2.904709858139787229e+03 2.201679166098672340e+03 1.995074590934286334e+03 1.795421169433500381e+03 1.930830128723227972e+03 2.735897559053106761e+03 3.029819242289345311e+03 2.108921264369574146e+03 1.989959761650057999e+03 2.862573651775521739e+03 2.602455479730764182e+03 1.654528414956008874e+03 1.987715190019105421e+03 2.024494392717382880e+03 2.409126161241864338e+03 2.586668219352210144e+03 2.224102327871257785e+03 2.581348885403808708e+03 2.504403507282043392e+03 1.746121650379543325e+03 2.132195691326145607e+03 2.062979314444040028e+03 1.814842603727759069e+03 2.211157040688040979e+03 2.134972381405202214e+03 3.011143750086980617e+03 1.931750009777230389e+03 1.729675156683182195e+03 2.342563270485434714e+03 1.588013789562652164e+03 1.730047115026924757e+03 2.173992259291594110e+03 1.554407750208888274e+03 2.323882278037422566e+03 1.699027902077667022e+03 2.026204150902597803e+03 2.123613541272392013e+03 2.892712431510341958e+03 2.296170446759188508e+03 2.719847374535193921e+03 1.954079660631000024e+03 1.993991949394014000e+03 2.314620505539130136e+03 2.717842476771842485e+03 2.973504506931324613e+03 2.996959532214794308e+03 2.377847706815996844e+03 1.776940675748820695e+03 2.516355048990201340e+03 2.128162406442046176e+03 2.946042970498934210e+03 2.305948964865099697e+03 2.898251818147445647e+03 2.091632082588171670e+03 2.610787689443092404e+03 3.033930579921716344e+03 1.918041911311105650e+03 2.938478055755699643e+03 2.396258700121159563e+03 2.374637799976525002e+03 2.857616494363346192e+03 2.124612248889422517e+03 2.331904407691754841e+03 3.286796375900587464e+03 2.606689191235856924e+03 2.833268672752071325e+03 2.204615269046933008e+03 2.466102948513053889e+03 2.223021007761312831e+03 2.113140183241402156e+03 1.998150096044238580e+03 3.204502915994811701e+03 2.021064739797924631e+03 1.996299541608692607e+03
2.335294117647058840e+02 1.881554976243785404e+03 2.126791898969271188e+03 1.881512973417673948e+03 1.600528726136072009e+03 1.684397808704620047e+03 2.002518672448128200e+03 1.448115705921224162e+03 2.100640167720487625e+03 1.675015130886514726e+03 2.016889603091947265e+03 2.111010907430590123e+03 1.664635461064576475e+03 2.612321730735334313e+03 1.763515829907501711e+03 1.982588725171333863e+03 2.585093163793705116e+03 2.472433035103996644e+03 1.838072399910780632e+03 2.458868489770509768e+03 1.740976257451277888e+03 1.825684591593492769e+03 2.810236593011174136e+03 2.059056697126719428e+03 1.660907531449709950e+03 2.288730194359440247e+03 1.826358714778242529e+03 2.227758393912569773e+03 1.984217678552445705e+03 2.559380011388425828e+03 2.454824184767443512e+03 1.410865446289564943e+03 1.582306995690524218e+03 1.795891493509699785e+03 2.385158977499679168e+03 2.133551604889430564e+03 2.107700969019765125e+03 2.739333060934435252e+03 2.083058105903768137e+03 1.852126574828984985e+03 1.676522873581095155e+03 1.815053151210460101e+03 2.581463446168414976e+03 2.858603975775589788e+03 1.978756122686236949e+03 1.862929998841106226e+03 2.681156437117558653e+03 2.397571196906166733e+03 1.554040072525415781e+03 1.872242402261372035e+03 1.913266581689041914e+03 2.255135502538039418e+03 2.406085539229402002e+03 2.058146411964936760e+03 2.400198952454280061e+03 2.382344849705479191e+03 1.635472687036013212e+03 1.986245137144553382e+03 1.955084207671100557e+03 1.705069324980478314e+03 2.074675244160757757e+03 2.026680310756864628e+03 2.783123204810040988e+03 1.794428652648271964e+03 1.625436508627438798e+03 2.191273423997427471e+03 1.486872199349867287e+03 1.625266829932492101e+03 2.067746539506855243e+03 1.452514331053540218e+03 2.180673947682849303e+03 1.595919383661181882e+03 1.890334558900309503e+03 1.981215339720406291e+03 2.743141419115538611e+03 2.171974940261455231e+03 2.578472225286518551e+03 1.835612707973274155e+03 1.844663609068301867e+03 2.171514392944778137e+03 2.550335824247737946e+03 2.809177299417507129e+03 2.768837162008611358e+03 2.253570307495311226e+03 1.649410328705505435e+03 2.333562954194250324e+03 1.975284391294017269e+03 2.758112871844774418e+03 2.162311357295455309e+03 2.745747398843984683e+03 1.942511013259367019e+03 2.402911212013539625e+03 2.867159133218397983e+03 1.786461415124259929e+03 2.781495527333298469e+03 2.274394334360285029e+03 2.241084595247737525e+03 2.674715203464999831e+03 1.958929074519985761e+03 2.158497795912496258e+03 3.102885450557271724e+03 2.433404077587803386e+03 2.669048798707674905e+03 2.067699298782712503e+03 2.325209620792869373e+03 2.122295465975086699e+03 1.960984538662001114e+03 1.858488395820911819e+03 3.010971407476071363e+03 1.877754147045312493e+03 1.856278568423319939e+03
2.341176470588235361e+02 1.741979831170920306e+03 1.965797766928114015e+03 1.739636286468228036e+03 1.493257983817480408e+03 1.565246012163312571e+03 1.851882774690393489e+03 1.332232287135101842e+03 1.949842764033624462e+03 1.555557790344352952e+03 1.880907747055998016e+03 1.971188947137626428e+03 1.549706955372787661e+03 2.442518311559651011e+03 1.663013449649040695e+03 1.882442380153190015e+03 2.422043303853454290e+03 2.350205823373437397e+03 1.733253394304078029e+03 2.336391521152346286e+03 1.616766344988023320e+03 1.699536073044812383e+03 2.631748926446020960e+03 1.948069288404728923e+03 1.544405129882695746e+03 2.107100291153034050e+03 1.691020353766708922e+03 2.062820120876877354e+03 1.853988083976222697e+03 2.396178213338053411e+03 2.334532956844158889e+03 1.297501871470186188e+03 1.461258027676933807e+03 1.680283683917024746e+03 2.231120348184188970e+03 1.992285133548590466e+03 1.974965370651430703e+03 2.569880056633715867e+03 1.961778281563895689e+03 1.710855115054107728e+03 1.557698510049945980e+03 1.697892273568086466e+03 2.423031312766903284e+03 2.682833755586901589e+03 1.847134892508211124e+03 1.735142797087073632e+03 2.497893565202414720e+03 2.198311631634301648e+03 1.452884739842349518e+03 1.754816609007626766e+03 1.799312243553243206e+03 2.099961079913402500e+03 2.226399734704579714e+03 1.895065509030164776e+03 2.220066141852480541e+03 2.255200242161646202e+03 1.524420256103955808e+03 1.840924839282619814e+03 1.844797966760881764e+03 1.594326189913205326e+03 1.936998270435492259e+03 1.914306567687161305e+03 2.558832729774163909e+03 1.658221543787514292e+03 1.519732875584642670e+03 2.039079405206067349e+03 1.385932355303354825e+03 1.519088665432813514e+03 1.956624499566396025e+03 1.351072996856369627e+03 2.035790695742611888e+03 1.491447255320836348e+03 1.754720610226150256e+03 1.838964874678342994e+03 2.589269350103907982e+03 2.043956343800592549e+03 2.431839977056462885e+03 1.715932157149230989e+03 1.697888336899316755e+03 2.026805264820529374e+03 2.380602155481178215e+03 2.639864888922870705e+03 2.544629900576896489e+03 2.124806424438980230e+03 1.523366464378547562e+03 2.153787343138129927e+03 1.824941785069406023e+03 2.568481876643960277e+03 2.017186642619735949e+03 2.587555264062495553e+03 1.795667456510930606e+03 2.199992088085543855e+03 2.695632988848005425e+03 1.655890354762535708e+03 2.619038132209031573e+03 2.147673471070200321e+03 2.105081363247458739e+03 2.490323083631907593e+03 1.796868780664443875e+03 1.988417268281016050e+03 2.914000977454877557e+03 2.262169057943645385e+03 2.500899492832356373e+03 1.929722499012964136e+03 2.181191966010610486e+03 2.017278671182448534e+03 1.811251219845575633e+03 1.719691792340620395e+03 2.814081485833279203e+03 1.736194497520560390e+03 1.717334670915754714e+03
2.347058823529411882e+02 1.604881950107551120e+03 1.808034605734961815e+03 1.600295576421441865e+03 1.386899648470254533e+03 1.447914228579145856e+03 1.704419601467659731e+03 1.219438877320818847e+03 1.800671254278287961e+03 1.437454511037180737e+03 1.745100110104547639e+03 1.831129452638567727e+03 1.435631943279000097e+03 2.272080798555061392e+03 1.560486901445179910e+03 1.780263514794053435e+03 2.257533798816546550e+03 2.223345950461216944e+03 1.626287467788239383e+03 2.209407098846311328e+03 1.493925156536336317e+03 1.574617504488330951e+03 2.451882070923966694e+03 1.834919863783924939e+03 1.428829687704088201e+03 1.930798983041480824e+03 1.557827953320932693e+03 1.900369505307216969e+03 1.723889634395811299e+03 2.232084685844157320e+03 2.209623646976291184e+03 1.187249850611508691e+03 1.342689535199536067e+03 1.564580379135893509e+03 2.076201559274100418e+03 1.851244859927335938e+03 1.841438441621033917e+03 2.398387363403204290e+03 1.839004271355740002e+03 1.572628462815117018e+03 1.440095944854940171e+03 1.580530099356105438e+03 2.262586770586642160e+03 2.504682115448287732e+03 1.715488617023666620e+03 1.607982454784062838e+03 2.314971106539347602e+03 2.006240201251002418e+03 1.351986835674815438e+03 1.636669313959732108e+03 1.683823481154295905e+03 1.945358623363051947e+03 2.049437820846184422e+03 1.736328656342210024e+03 2.042776390795479074e+03 2.124486118723144045e+03 1.414075034219861209e+03 1.697726667278292780e+03 1.733143515608900998e+03 1.483663917086370247e+03 1.799596421227896826e+03 1.799145518516445691e+03 2.340441602303356831e+03 1.524517606534511515e+03 1.413705263783220516e+03 1.887691356852095623e+03 1.285930517863179830e+03 1.412653493188195171e+03 1.842051740563326348e+03 1.250932580727333743e+03 1.890894092331952834e+03 1.386733720241168839e+03 1.620717766397931200e+03 1.698338565101256563e+03 2.432628388426127913e+03 1.913639979702683831e+03 2.281781728615862448e+03 1.596245438168351029e+03 1.555021047179699508e+03 1.882148033982826973e+03 2.210617391289709758e+03 2.467723959810993165e+03 2.326486647798563354e+03 1.993168825657746538e+03 1.399995461825230677e+03 1.978623811267276778e+03 1.678410235830836882e+03 2.379362898540789956e+03 1.872231525020164781e+03 2.425699428896329664e+03 1.652375382098784939e+03 2.003823576950357392e+03 2.521369514969327611e+03 1.527569914522545560e+03 2.453164929378380293e+03 2.017734884640262862e+03 1.968005024335598137e+03 2.306563055422242542e+03 1.639869385373638352e+03 1.823127935628041314e+03 2.722433158403744983e+03 2.094406719013501970e+03 2.330973296750234113e+03 1.792125120508695090e+03 2.035812414668680049e+03 1.909086620275697669e+03 1.665250559647702403e+03 1.583188278206305995e+03 2.616253359522424034e+03 1.597691398881609075e+03 1.580832494001911300e+03
2.352941176470588402e+02 1.471486825952439858e+03 1.654895985901857102e+03 1.464755756807034913e+03 1.282352195905623830e+03 1.333394389027466104e+03 1.561383331317150805e+03 1.110634541211219585e+03 1.654516007224253826e+03 1.321785353635178353e+03 1.610888387445118269e+03 1.692332749508886764e+03 1.323484784654075838e+03 2.102819376546377498e+03 1.457042568948498001e+03 1.676697309054828793e+03 2.093450101617062501e+03 2.093326415704827923e+03 1.518343251343457723e+03 2.079380802991011478e+03 1.373583894364739763e+03 1.452080384626146952e+03 2.272630000980773730e+03 1.720603734641927758e+03 1.315274557935833172e+03 1.761141104183649759e+03 1.427979351111579945e+03 1.741948347424081931e+03 1.595198825025699762e+03 2.068810211446843368e+03 2.081524256425692329e+03 1.080975682331020607e+03 1.227607023841839236e+03 1.449829079138578663e+03 1.922100078816525865e+03 1.711829641441512877e+03 1.708527388345817144e+03 2.226805614103791413e+03 1.715908143391407293e+03 1.438640041965096998e+03 1.324781674898071287e+03 1.464102724678795084e+03 2.102004455781212528e+03 2.326224543390841518e+03 1.585166907220049552e+03 1.482724039312221976e+03 2.134381367590159698e+03 1.822646878069426293e+03 1.252238808891998588e+03 1.518994548820711771e+03 1.567988751698208944e+03 1.792939001760537622e+03 1.876842476564719391e+03 1.583199803966445188e+03 1.869968149409807438e+03 1.991707660106114645e+03 1.305468649621753002e+03 1.557979030796552252e+03 1.621145420032922402e+03 1.374095262031267112e+03 1.663835753886519797e+03 1.682493671230730342e+03 2.129800734569620545e+03 1.394537551538107891e+03 1.308443207707039619e+03 1.738668935631500744e+03 1.187608336150389505e+03 1.307049704435551348e+03 1.725437193983019824e+03 1.152889340104521807e+03 1.747519513509024137e+03 1.282849802800512862e+03 1.489564922913612008e+03 1.560674166773655770e+03 2.274771456243074226e+03 1.782514889164051510e+03 2.130089430622362215e+03 1.477703056545584786e+03 1.417221907729868235e+03 1.739070413937306512e+03 2.042219844989638659e+03 2.294818379692766484e+03 2.116236505089760612e+03 1.860225629838854047e+03 1.280342208470556216e+03 1.809440483437395869e+03 1.536793862801554951e+03 2.192780405666341267e+03 1.728972032944194780e+03 2.262152460935822091e+03 1.513740268170119862e+03 1.815899543736997884e+03 2.346335807095458222e+03 1.402605105988232708e+03 2.285875130376956804e+03 1.886165180214610473e+03 1.831198983633247281e+03 2.125378390270804175e+03 1.489141147562860397e+03 1.663877738390201557e+03 2.530383915528724629e+03 1.931363431783105398e+03 2.161282977938803924e+03 1.656252977887790166e+03 1.890722747605268978e+03 1.798844733838936691e+03 1.524115327001832384e+03 1.450243284592982263e+03 2.419732513848137387e+03 1.463388492006528395e+03 1.447987149630158456e+03
2.358823529411764639e+02 1.342849087447744523e+03 1.507571996231338744e+03 1.334102502667344879e+03 1.180437078250108925e+03 1.222557554359209689e+03 1.423842027557610436e+03 1.006575205267124943e+03 1.512616941850272497e+03 1.209511819407677649e+03 1.479555772693853669e+03 1.556158895291182489e+03 1.214230519783480531e+03 1.936396530338226967e+03 1.353756590988110474e+03 1.572483237109495803e+03 1.931515950978684714e+03 1.961597066095563832e+03 1.410554510764954784e+03 1.947753979114358344e+03 1.256750154979257331e+03 1.332940827059181174e+03 2.095830060178528583e+03 1.606132418317635484e+03 1.204723453543592768e+03 1.599200997013591177e+03 1.302518943613905321e+03 1.588882905755157026e+03 1.469080226517003666e+03 1.907944027954109288e+03 1.951647441758358354e+03 9.794058094807716088e+02 1.116879358367114264e+03 1.337026425779437204e+03 1.770375744919796034e+03 1.575309212358726427e+03 1.577535423117219352e+03 2.056953730348924637e+03 1.593627586434589148e+03 1.309900744272764314e+03 1.212716365913134041e+03 1.349668166076882017e+03 1.943011774916899185e+03 2.149392265729069550e+03 1.457406909996721424e+03 1.360510331278118656e+03 1.957894826694955555e+03 1.648552207170035899e+03 1.154474882354697456e+03 1.402915900027885300e+03 1.452953510245282132e+03 1.644140751601034935e+03 1.710046102997178878e+03 1.436729288942592575e+03 1.703067073698460035e+03 1.858321179668168952e+03 1.199533333064145381e+03 1.422831818527688256e+03 1.509795963525665911e+03 1.266567056254053568e+03 1.530952209510807734e+03 1.565609681993331606e+03 1.928436724848793347e+03 1.269322681144626358e+03 1.204955764224523818e+03 1.593396870929646184e+03 1.091678042419779786e+03 1.203284150845465547e+03 1.608135870249862137e+03 1.057666348893988925e+03 1.607049608064977065e+03 1.180786495213191301e+03 1.362361750808218403e+03 1.427150334426390145e+03 2.117218694431372114e+03 1.651994136723891643e+03 1.978469483442618184e+03 1.361370595372650769e+03 1.285451065909360977e+03 1.598946738698899708e+03 1.877075538069368804e+03 2.123073153410328359e+03 1.915383629059497025e+03 1.727462120814075433e+03 1.165297808127721737e+03 1.647372135207964902e+03 1.401017209654053431e+03 2.010539529593802627e+03 1.588777926175568155e+03 2.098784968669930549e+03 1.380690863785963984e+03 1.637415305707075959e+03 2.172394847400550589e+03 1.281951637712789761e+03 2.119057894683654467e+03 1.754463608354972393e+03 1.695934013885885633e+03 1.948502286178586473e+03 1.345664535865367498e+03 1.511693111797741494e+03 2.339913968942697466e+03 1.774100593561708138e+03 1.993666260868031941e+03 1.523328748805121450e+03 1.747434675190314692e+03 1.687656047904168645e+03 1.388793920745127934e+03 1.321946337784230309e+03 2.226551493635563020e+03 1.334257630725202489e+03 1.319847633864426143e+03
2.364705882352941160e+02 1.219848172688565455e+03 1.367046329543637967e+03 1.209236916266209846e+03 1.081884425556875613e+03 1.116147278426518596e+03 1.292676315373306579e+03 9.078706476021939125e+02 1.376044039611161679e+03 1.101463757521140678e+03 1.352228448049294002e+03 1.423807562407535443e+03 1.108710033696789651e+03 1.774297470164173319e+03 1.251644564574739661e+03 1.468408870316525736e+03 1.773268004579809713e+03 1.829547796093771240e+03 1.303989367509680278e+03 1.815907255189606303e+03 1.144293534031521403e+03 1.218070952477061610e+03 1.923130834895021735e+03 1.492496346028516882e+03 1.098033573347269339e+03 1.445818011532281844e+03 1.182327381353218016e+03 1.442277971296608257e+03 1.346566964312165965e+03 1.750921532260669437e+03 1.821353411465595400e+03 8.831244221800180867e+02 1.011230918570709377e+03 1.227089981542191708e+03 1.622422959274044160e+03 1.442804613068120716e+03 1.449638942971496590e+03 1.890483820662467679e+03 1.473232256670188463e+03 1.187238091300710266e+03 1.104738172585001848e+03 1.238182537085847116e+03 1.787162039358896664e+03 1.975936764424573767e+03 1.333310704869340952e+03 1.242336668947759108e+03 1.787042304033612936e+03 1.484719312367333941e+03 1.059451479281352022e+03 1.289461186188910688e+03 1.339788804143809102e+03 1.500212070681186333e+03 1.550255814006678065e+03 1.297753606442282035e+03 1.543271539723375327e+03 1.725702776782648471e+03 1.097088153632408876e+03 1.293249060318641341e+03 1.400027940154795715e+03 1.161938904724161830e+03 1.402033518159116966e+03 1.449681603515770803e+03 1.737556307069720788e+03 1.149730821821095560e+03 1.104149816743135034e+03 1.453069382598286893e+03 9.987956948710718734e+02 1.102260603762357960e+03 1.491418611820260367e+03 9.658989136104408999e+02 1.470696290050966354e+03 1.081433361363440554e+03 1.240054573995315423e+03 1.298774481863670189e+03 1.961413388682414507e+03 1.523383352978091125e+03 1.828505647544342992e+03 1.248207800132953707e+03 1.160470513537462239e+03 1.462980296877051160e+03 1.716653777201090406e+03 1.954239211669148972e+03 1.725112474728413645e+03 1.596250513968705263e+03 1.055594518815815491e+03 1.493322516930505117e+03 1.271824339625666198e+03 1.834205986281358037e+03 1.452845472691224586e+03 1.937325588739261093e+03 1.253977920966499141e+03 1.469277325179829631e+03 2.001263066084722368e+03 1.166409728535925524e+03 1.954452804060162180e+03 1.624014244384351741e+03 1.563377878908997218e+03 1.777438180472776139e+03 1.210195720412179753e+03 1.367382317968278812e+03 2.152901929205320812e+03 1.623492913281135770e+03 1.829760271591755100e+03 1.394431705201048999e+03 1.607298589738624514e+03 1.576574995660421109e+03 1.260050598997966517e+03 1.199205346159754981e+03 2.038503383316309055e+03 1.211096198945041806e+03 1.197288577278587127e+03
2.370588235294117680e+02 1.103190101605003520e+03 1.234100290431478697e+03 1.090876757472703503e+03 9.873242863019167999e+02 1.014778262951817169e+03 1.168584257367364444e+03 8.149870325055413787e+02 1.245686675740005057e+03 9.983325536399172506e+02 1.229864727698695560e+03 1.296305547770185740e+03 1.007631492533552773e+03 1.617810220692083021e+03 1.151638292245731918e+03 1.365270539481122341e+03 1.620039128352044827e+03 1.698478610640456054e+03 1.199626428427644214e+03 1.685130730290883093e+03 1.036938054663781941e+03 1.108195716514678679e+03 1.755970183567745607e+03 1.380634531948106769e+03 9.959254994486091164e+02 1.301608183967439118e+03 1.068118204510894884e+03 1.303018405311462629e+03 1.228548055664102094e+03 1.599001560004977819e+03 1.691919483479236760e+03 7.925761649339399355e+02 9.112399123593713739e+02 1.120837605906098133e+03 1.479451921370867467e+03 1.315275934832344319e+03 1.325872064033800825e+03 1.728856116890573958e+03 1.355698023167568181e+03 1.071301334291090370e+03 1.001552906586773474e+03 1.130483349826422682e+03 1.635816121961746148e+03 1.807404489111387193e+03 1.213830797953053889e+03 1.129042858940824544e+03 1.623106353421961103e+03 1.331672090627930629e+03 9.678336085007086922e+02 1.179544177941236285e+03 1.229467402880681220e+03 1.362201335993772545e+03 1.398447843719811544e+03 1.166902152402262573e+03 1.391547665668421132e+03 1.595123480251632373e+03 9.988311393949777539e+02 1.170008393019934147e+03 1.292693944978901527e+03 1.060967976455845246e+03 1.278008140712871409e+03 1.335801053846347713e+03 1.558059460065451503e+03 1.036438508541100873e+03 1.006815253271662186e+03 1.318682571105953230e+03 9.095416111997210464e+02 1.004765014372601854e+03 1.376448523078875269e+03 8.781255494582953816e+02 1.339490275421538627e+03 9.855638535028130036e+02 1.123429637912911630e+03 1.176377884029826873e+03 1.808686987137250071e+03 1.397857218180073460e+03 1.681630974396431611e+03 1.139054113282331855e+03 1.042851660010655905e+03 1.332193159763341328e+03 1.562212322360665212e+03 1.789868220381619494e+03 1.546301512851322741e+03 1.467827285885933179e+03 9.518066866563273152e+02 1.347973183409109197e+03 1.149783867549189836e+03 1.665095821806789672e+03 1.322187876876778091e+03 1.779330937114215203e+03 1.134178800437791551e+03 1.312120168864060815e+03 1.834478816265868545e+03 1.056623852914736744e+03 1.793620458384549011e+03 1.496065155830064214e+03 1.434573118140147017e+03 1.613449700904965312e+03 1.083278029239686020e+03 1.231544797774730114e+03 1.971014786438263855e+03 1.480232568013534092e+03 1.670984947111949850e+03 1.270485072782409816e+03 1.471489875788261315e+03 1.466586455887120110e+03 1.138471363905556700e+03 1.082747441832676259e+03 1.857125771222443063e+03 1.094530296495872108e+03 1.081008900196968625e+03
2.376470588235294201e+02 9.934148402804469242e+02 1.109322966068260939e+03 9.795631804212534917e+02 8.972829613218290206e+02 9.189396111006420824e+02 1.052091469375337056e+03 7.282540347938415835e+02 1.122250743602837019e+03 9.006701591927185291e+02 1.113251398718449764e+03 1.174501350113237777e+03 9.115675687434350039e+02 1.468015023582386220e+03 1.054569045550905685e+03 1.263841163017103554e+03 1.472950115391858390e+03 1.569576637644669518e+03 1.098337830416900033e+03 1.556601148816137083e+03 9.352607585491214195e+02 1.003894777331188152e+03 1.595562958822511291e+03 1.271411009351597613e+03 8.989794426942733025e+02 1.166981097248093647e+03 9.604405846846447048e+02 1.171777007685740273e+03 1.115762332897425267e+03 1.453252672533505802e+03 1.564516510453870978e+03 7.080733850639551292e+02 8.173421508158056668e+02 1.018974036292905339e+03 1.342478479754454156e+03 1.193516979094274802e+03 1.207118167535000566e+03 1.573323750105976387e+03 1.241888778137889858e+03 9.625715332497550207e+02 9.037305841959044983e+02 1.027279363076713935e+03 1.490132498616705789e+03 1.645121587365624009e+03 1.099762759619126655e+03 1.021311458351105216e+03 1.467121164631073498e+03 1.189718377450518801e+03 8.801868718986079330e+02 1.073953193998946972e+03 1.122847148544915626e+03 1.230955208337155682e+03 1.255370451015470280e+03 1.044609567146855625e+03 1.248632722930988166e+03 1.467730980975057037e+03 9.053367526180206823e+02 1.053706472558963469e+03 1.188551593075350411e+03 9.642996996659076103e+02 1.159640925960322875e+03 1.224944464500764980e+03 1.390559816840179337e+03 9.299483654204454979e+02 9.136164092747929999e+02 1.191033940617963253e+03 8.244074690403477916e+02 9.114570904525838841e+02 1.264264134594816596e+03 7.947837602387714924e+02 1.214277810231200419e+03 8.938270220569311277e+02 1.013113098210948010e+03 1.060617399492760569e+03 1.660233317984923360e+03 1.276443644114159270e+03 1.539108642990178396e+03 1.034620471989726184e+03 9.329878639966725586e+02 1.207423124409969432e+03 1.414791406470898210e+03 1.631297271804176262e+03 1.379544189198431695e+03 1.343277923777766091e+03 8.543568601427621161e+02 1.211797909441695765e+03 1.035298940078347869e+03 1.504274392599920475e+03 1.197632732662381841e+03 1.626165357661275266e+03 1.021706921485068165e+03 1.166329156928895827e+03 1.673381317891227127e+03 9.530877460428025643e+02 1.637923023081756128e+03 1.371714455920207001e+03 1.310422589862395853e+03 1.457559565786185885e+03 9.652584087163752429e+02 1.104585755176595285e+03 1.795689353077405713e+03 1.344838345854970157e+03 1.518535066142248752e+03 1.152250478913106917e+03 1.341002372550868586e+03 1.358590109324496325e+03 1.024474863942203910e+03 9.731254277255648049e+02 1.683694906924531779e+03 9.850231445239835466e+02 9.715366364576577780e+02
2.382352941176470722e+02 8.909080006065959196e+02 9.931262152222777786e+02 8.756720714471380234e+02 8.121836697469451565e+02 8.290019391682587866e+02 9.435654900202139288e+02 6.478755613193848149e+02 1.006262488191741113e+03 8.088929643165273546e+02 1.003006080746144903e+03 1.059065929974286973e+03 8.209575278304140511e+02 1.325781722000046329e+03 9.611569993179848552e+02 1.164844698161053884e+03 1.332908731380432073e+03 1.443899492333800708e+03 1.000878530569831128e+03 1.431365546219057933e+03 8.396955042135869007e+02 9.056085358215010501e+02 1.442897326246285274e+03 1.165597553694932913e+03 8.076367581402562337e+02 1.042160468698191835e+03 8.596869814583628795e+02 1.049027717092043076e+03 1.008797995983428791e+03 1.314547568120723781e+03 1.440191671686947075e+03 6.298068192843910538e+02 7.298390823058321075e+02 9.220838391890205230e+02 1.212321574638689299e+03 1.078155834792698215e+03 1.094107598216696488e+03 1.424926292103013566e+03 1.132544896180923388e+03 8.613755625603081398e+02 8.117072057042846609e+02 9.291463154756554559e+02 1.351064637523200872e+03 1.490187613499622785e+03 9.917444480474676993e+02 9.196714104392012814e+02 1.319879748503537030e+03 1.058976421500752849e+03 7.969743245362473090e+02 9.733457532583305465e+02 1.020660923124417536e+03 1.107123379690717911e+03 1.121553791537940015e+03 9.311325520692540749e+02 1.115045551319921969e+03 1.344537719250686905e+03 8.170579648588860664e+02 9.447691529515091133e+02 1.088254341710251992e+03 8.724636923505813684e+02 1.047534416708755089e+03 1.117960582522277718e+03 1.235410505499173951e+03 8.306007897741719717e+02 8.250890247833856392e+02 1.070728159881717602e+03 7.437892101753931229e+02 8.228674674717824473e+02 1.155768634693842841e+03 7.162100607788811431e+02 1.095723355075177551e+03 8.067446055845164210e+02 9.095765322724181488e+02 9.519826645485142080e+02 1.517091253303547546e+03 1.160014980824825898e+03 1.402020852018253663e+03 9.354865423858459508e+02 8.311105473711611467e+02 1.089326679116699097e+03 1.275215418893430297e+03 1.479642255316386581e+03 1.225175244296367055e+03 1.223528516422601342e+03 7.635259978344067804e+02 1.085081247581031221e+03 9.286209072317492428e+02 1.352562913804345726e+03 1.079825451706058402e+03 1.478989504106975346e+03 9.168250124110734305e+02 1.032067262071916502e+03 1.519099167299999635e+03 8.561534528503343608e+02 1.488513755768399051e+03 1.251902662628375083e+03 1.191681836129487010e+03 1.310556055233402276e+03 8.563073737948697044e+02 9.867343943985424630e+02 1.628123706161203245e+03 1.217668812081609303e+03 1.373379803144246353e+03 1.040328505834228963e+03 1.216648294988742009e+03 1.253389527157456087e+03 9.183268650576760592e+02 8.707288925135671889e+02 1.519228398606556311e+03 8.828873427002209837e+02 8.692385773115810252e+02
2.388235294117646959e+02 7.959159755385865083e+02 8.857633036807410463e+02 7.794289346511027361e+02 7.323509108482809324e+02 7.452274550530001989e+02 8.432331798517928974e+02 5.739431769148419562e+02 8.980777503480571795e+02 7.232896206589193753e+02 8.995846740370698171e+02 9.504986428141963870e+02 7.361134434160100000e+02 1.191774355611005376e+03 8.720060880823207299e+02 1.068936938729524400e+03 1.200615183466906501e+03 1.322364803158003042e+03 9.078812038889333280e+02 1.310330875794590156e+03 7.505409853764076615e+02 8.136475770255367479e+02 1.298738572990512466e+03 1.063862245451491162e+03 7.222057824836426789e+02 9.272074075643866991e+02 7.661048397489272475e+02 9.350628213090622012e+02 9.080970112256617313e+02 1.183564648768173129e+03 1.319857266123242653e+03 5.578588678503787150e+02 6.489093124626849658e+02 8.306298775656759972e+02 1.089607193937116790e+03 9.696605944248969990e+02 9.874208380806931018e+02 1.284491126404525176e+03 1.028277735171302993e+03 7.679031569898254475e+02 7.257909933518144499e+02 8.365276689116017224e+02 1.219364784962235262e+03 1.343477165770302690e+03 8.902606009211762057e+02 8.245061786494651415e+02 1.181947163249176583e+03 9.394034448118842420e+02 7.185575282812778823e+02 8.782485966608851413e+02 9.235125004468249017e+02 9.911686486313177511e+02 9.973253858742776856e+02 8.265696491129236847e+02 9.911023632967117010e+02 1.226414954072024102e+03 7.343321432350122677e+02 8.434653855042405439e+02 9.923470863545773000e+02 7.858742399940935002e+02 9.421350116524629357e+02 1.015563989315367166e+03 1.092734003911075888e+03 7.385888307381138702e+02 7.416419234794750537e+02 9.581877541886533436e+02 6.679848890294504145e+02 7.393995262657464309e+02 1.051724907736612295e+03 6.426434838360271442e+02 9.843175138631899017e+02 7.247128402707294299e+02 8.131469625336935678e+02 8.508076727728976039e+02 1.380135093150653802e+03 1.049285474267044492e+03 1.271265127147943303e+03 8.421027940368915097e+02 7.373079857341258503e+02 9.783870858214563668e+02 1.144101181358135818e+03 1.335799139469525244e+03 1.083300800620638256e+03 1.109343422936535489e+03 6.794667282993787012e+02 9.679399408039590753e+02 8.298658304424889138e+02 1.210551649839216907e+03 9.692377379767364118e+02 1.338757045398667287e+03 8.196610761451623830e+02 9.093046100226855515e+02 1.372547486552049804e+03 7.660437261281193742e+02 1.346334551595904486e+03 1.137410844926423579e+03 1.078957460275538324e+03 1.173005805582930861e+03 7.564415030963372146e+02 8.780648479018711896e+02 1.469277413013408477e+03 1.098938204577758370e+03 1.236269005895596592e+03 9.351643880384110616e+02 1.099063564818679424e+03 1.151685709102552210e+03 8.201574475726406490e+02 7.757988122392226842e+02 1.364495412587392138e+03 7.883002512538898827e+02 7.743337005046053036e+02
2.394117647058823479e+02 7.085635451610766040e+02 7.873502611197329770e+02 6.909263319152245231e+02 6.580178331129419576e+02 6.677824081249486881e+02 7.512004706707458581e+02 5.064514005524588356e+02 7.978954395950250955e+02 6.440320463747520989e+02 8.032928842510507366e+02 8.491375290806212206e+02 6.572295907223691529e+02 1.066461507409067508e+03 7.876037390588836615e+02 9.766921731476286368e+02 1.076572885155587983e+03 1.205745147598635640e+03 8.198562393341949246e+02 1.194259180837079612e+03 6.679720794943872306e+02 7.282047074003064608e+02 1.163639280130822044e+03 9.667632710730067629e+02 6.428711541057521117e+02 8.220450914639676512e+02 6.798112612626390501e+02 8.300131525190251978e+02 8.139634731087302271e+02 1.060795600750285303e+03 1.204284926887505435e+03 4.922186465008203982e+02 5.746226454809104780e+02 7.449566088042973888e+02 9.747778090254619201e+02 8.683492283743465805e+02 8.874961715457092168e+02 1.152641407024071214e+03 9.295693255084418070e+02 6.822259870710611267e+02 6.461721424767608823e+02 7.497394647847623901e+02 1.095593197901966505e+03 1.205648400329586138e+03 7.956519907662512878e+02 7.360653606316930109e+02 1.053678532599534265e+03 8.308251557293756377e+02 6.452011210068435503e+02 7.890622768712734114e+02 8.318775240746975896e+02 8.833812691596525610e+02 8.828296945583135766e+02 7.308831666249218415e+02 8.769368026654517507e+02 1.114092262196538513e+03 6.573900533263822581e+02 7.499239437236027470e+02 9.012659993834540728e+02 7.048347356049149539e+02 8.437431040119155341e+02 9.183338999727394594e+02 9.624543083236007988e+02 6.539753839027189315e+02 6.635625862681699800e+02 8.536677908162160975e+02 5.971966225704563840e+02 6.613351343800214863e+02 9.527554924222014279e+02 5.742319152677556531e+02 8.803890192551132259e+02 6.480081160900222130e+02 7.240204472651098513e+02 7.572858567088043173e+02 1.250071863504983867e+03 9.448143072366952993e+02 1.147557074591318496e+03 7.547966344323649537e+02 6.515457525404284524e+02 8.749265368493802271e+02 1.021871502217967986e+03 1.200451870543535961e+03 9.538308452534256503e+02 1.001328376246823382e+03 6.022188283659365879e+02 8.603462430368738296e+02 7.390327455282439360e+02 1.078618134927472056e+03 8.661801382918748686e+02 1.206218271893302244e+03 7.302262320389029355e+02 7.978494912076268974e+02 1.234432296856578887e+03 6.828667261698236643e+02 1.212120610726485666e+03 1.028863679739775534e+03 9.727106042567145323e+02 1.045271591317410184e+03 6.655472592655817152e+02 7.785186873110706074e+02 1.319879254584308683e+03 9.887344602601542647e+02 1.107744819343605059e+03 8.370579126812943969e+02 9.887178996766812134e+02 1.054074647643062917e+03 7.299799961164725346e+02 6.884448068271384500e+02 1.220032886625997889e+03 7.013213993093686440e+02 6.869093602231941986e+02
2.400000000000000000e+02 6.288731106697856603e+02 6.978888372171627452e+02 6.101430344047547578e+02 5.893359689566025281e+02 5.967511694473657826e+02 6.674734199372911689e+02 4.453141193970863014e+02 7.057741260183382792e+02 5.711887341299429863e+02 7.143009121714908360e+02 7.551728526092064158e+02 5.843943022901949007e+02 9.501313591387388442e+02 7.083246939008980689e+02 8.885949832377032180e+02 9.611034830981931236e+02 1.094667870101048493e+03 7.371959022014391394e+02 1.083767502808692143e+03 5.920536481143761876e+02 6.493689721459147677e+02 1.037954614195925615e+03 8.747472499232062546e+02 5.697056835362026277e+02 7.264841091894384135e+02 6.008097564558854629e+02 7.338702592713812010e+02 7.265751216707244566e+02 9.465577585965042999e+02 1.094104755069591192e+03 4.327980926366661265e+02 5.069558560256861028e+02 6.652972031750550741e+02 8.681061112816669265e+02 7.744026835315492008e+02 7.946411352398558847e+02 1.029809527138119165e+03 8.367763699176420005e+02 6.043180066836171136e+02 5.729352482363599393e+02 6.689785901380008681e+02 9.801318198260488543e+02 1.077157086414141077e+03 7.081281774751230387e+02 6.544789987554771642e+02 9.352405360218225496e+02 7.329651196704869562e+02 5.770802104657839209e+02 7.060695409888664926e+02 7.461088626619945217e+02 7.838965270864480317e+02 7.780507005562423046e+02 6.439220514058517892e+02 7.725227549750929938e+02 1.008161863484708988e+03 5.863672350931808523e+02 6.641519624678637683e+02 8.153418528408408292e+02 6.295453103416959948e+02 7.525262547638991464e+02 8.267174183293591341e+02 8.443303168224904312e+02 5.767118319161859290e+02 5.910258051129056867e+02 7.572734628523628544e+02 5.315358176381248541e+02 5.888434425629010320e+02 8.593469933543473189e+02 5.110406167117199061e+02 7.841199417238836986e+02 5.767956673341150236e+02 6.422781964283431080e+02 6.714875948155763581e+02 1.127444489260089313e+03 8.470131704905840024e+02 1.031438542440591391e+03 6.737818342464078114e+02 5.736879957475397305e+02 7.791214408527645219e+02 9.087729095240260904e+02 1.074085761053496981e+03 8.365127068636094236e+02 8.999380376542709428e+02 5.317260674064735895e+02 7.621520321460184277e+02 6.560229293589339932e+02 9.569493943042141382e+02 7.708176369169119653e+02 1.081929617726888182e+03 6.484335584909802037e+02 6.973796226004063783e+02 1.105261110427037238e+03 6.066323346810638668e+02 1.086410803942382245e+03 9.267368388713475724e+02 8.732646140454236274e+02 9.275339458867545090e+02 5.834053344839096553e+02 6.879281155804004584e+02 1.180441202579135279e+03 8.870382641480708799e+02 9.881578754290018196e+02 7.461765251693003620e+02 8.859284339686466865e+02 9.610481834837185033e+02 6.477111445938248835e+02 6.086640878764457057e+02 1.086166553662162869e+03 6.219112112300962281e+02 6.069392909393969830e+02
2.405882352941176521e+02 5.567848182157650854e+02 6.172902383431205635e+02 5.369640885293456449e+02 5.263867118146187067e+02 5.321513464888805629e+02 5.919798935867291902e+02 3.903814625757464682e+02 6.216507108379481679e+02 5.047396425717245165e+02 6.326603139485941938e+02 6.686630952531261300e+02 5.176035049229752758e+02 8.429102821578509293e+02 6.344382308527483474e+02 8.050366485777800563e+02 8.543650898925311594e+02 9.896190432103863941e+02 6.601820577597202373e+02 9.793320630091780004e+02 5.227559865288135370e+02 5.771409214631991063e+02 9.218613764048952817e+02 7.881515580850012839e+02 5.026839920648948805e+02 6.402475546917218026e+02 5.290082510119713106e+02 6.465095883313764489e+02 6.459971253507873143e+02 8.410103578792331973e+02 9.898085413834913879e+02 3.794484785785484178e+02 4.458094373435129683e+02 5.917837493225675871e+02 7.697119496744210210e+02 6.878803777284560965e+02 7.090467986888453424e+02 9.162548369877548566e+02 7.501377699046784073e+02 5.340763221146098658e+02 5.060735860063795144e+02 5.943335588697880212e+02 8.732012582470592861e+02 9.582750884174563453e+02 6.277829140832752728e+02 5.797737126304106141e+02 8.266353320662491342e+02 6.454733120906796557e+02 5.142899618093083518e+02 6.294466559586851417e+02 6.664454239377885187e+02 6.927144157711143180e+02 6.828361560407286106e+02 5.654450046661149827e+02 6.776988765534403001e+02 9.090869829638124884e+02 5.213171078850485856e+02 5.860545348230797345e+02 7.348062120436342184e+02 5.601129690373271615e+02 6.685345565138019310e+02 7.410366492525229205e+02 7.379891845296568818e+02 5.066573913302162850e+02 5.241046313247538819e+02 6.689795716522230578e+02 4.710308758048755635e+02 5.219919785462000164e+02 7.718580292822375668e+02 4.530623203442733598e+02 6.955630936336757486e+02 5.111405279723501280e+02 5.679043930244997682e+02 5.933793176582045135e+02 1.012639840157208710e+03 7.561575969184231099e+02 9.232903375603760878e+02 5.991705086450226645e+02 5.035188270105750803e+02 6.910199097789906091e+02 8.048964162793154173e+02 9.570052474980797115e+02 7.309644535164773060e+02 8.054872974202058913e+02 4.678537368534336451e+02 6.731130018618945314e+02 5.806594456156982460e+02 8.455666520411100464e+02 6.831873958395819955e+02 9.662679558988387498e+02 5.741172744780549237e+02 6.074727688487440673e+02 9.853583954436486465e+02 5.372693611737144010e+02 9.695628915714479490e+02 8.313678745941790567e+02 7.808159548428127437e+02 8.198152883017398835e+02 5.097147147456483367e+02 6.060391085919198986e+02 1.051277237856911142e+03 7.937426763742099638e+02 8.776866915367900219e+02 6.625707865728392107e+02 7.908762361463292336e+02 8.729980121638187711e+02 5.731909906470951910e+02 5.363613441346562922e+02 9.630353664244300944e+02 5.499502886148088692e+02 5.343026135785042925e+02
2.411764705882353041e+02 4.921768820223027774e+02 5.453988827936007056e+02 4.712010903309878245e+02 4.691939821691613588e+02 4.739493906145923461e+02 5.245912018970419695e+02 3.414565774739348285e+02 5.453602411384492825e+02 4.445919989184142196e+02 5.583222710721721569e+02 5.895524865143416946e+02 4.567752781048186534e+02 7.447837458097376384e+02 5.661180604333595738e+02 7.263154306383196399e+02 7.563726224439853922e+02 8.909508521297512971e+02 5.889966486494513447e+02 8.812957612873818789e+02 4.599712106701153971e+02 5.114485839521743173e+02 8.153798450799108650e+02 7.072098609486914711e+02 4.416971933040567251e+02 5.629952984673013816e+02 4.642376350929109776e+02 5.677139075571286639e+02 5.721974147791962650e+02 7.441733099621586689e+02 8.917564958103537265e+02 3.319768191419981349e+02 3.910246987980468703e+02 5.244597369080314593e+02 6.795815075947145942e+02 6.087372276058196121e+02 6.308041056826364184e+02 8.120844470311885743e+02 6.697848208167936264e+02 4.713419790696129326e+02 4.455045555669272517e+02 5.257970911007696486e+02 7.748801768929746459e+02 8.491119644453183355e+02 5.546113778094054396e+02 5.118899509882872394e+02 7.277257580950874853e+02 5.679531545244415156e+02 4.568567574689491835e+02 5.592769279807729390e+02 5.930237245099527854e+02 6.097205830245477500e+02 5.969225568967102618e+02 4.951431059422187104e+02 5.921937552222054819e+02 8.172135827253944171e+02 4.622251772489204313e+02 5.154546486551627140e+02 6.597998403845747362e+02 4.965635807937633217e+02 5.917174241515990616e+02 6.614988334257300266e+02 6.429587258293273635e+02 4.435985111329632105e+02 4.627829209046986421e+02 5.886510595237907637e+02 4.156366627313445292e+02 4.607592875778548773e+02 6.905301427608447966e+02 4.002283817119514424e+02 6.146608341741467711e+02 4.510200274442419186e+02 5.008049436264247447e+02 5.228434111750962074e+02 9.059006814849147986e+02 6.724011362023353513e+02 8.233482537655979741e+02 5.309869327419447700e+02 4.407632415205663960e+02 6.105606060175980474e+02 7.102001320871771668e+02 8.493547065513408825e+02 6.367072910941154760e+02 7.181653850007515985e+02 4.104062505843016879e+02 5.929122281696286336e+02 5.127064170272462889e+02 7.443516957356863486e+02 6.032177971248347603e+02 8.594484528615403178e+02 5.070516931667795575e+02 5.276359834266961570e+02 8.748846603491356291e+02 4.746430302446449900e+02 8.617721859219328735e+02 7.429697555674201794e+02 6.954475750237817238e+02 7.220055538228973546e+02 4.441158741527680149e+02 5.325338881227157799e+02 9.325257463818218184e+02 7.086725507905472341e+02 7.763593293940089097e+02 5.861913298134211345e+02 7.036246645067640202e+02 7.902219983674694959e+02 5.062030284095395132e+02 4.713688501337723551e+02 8.506181601110025667e+02 4.852586612641697457e+02 4.688031432407416901e+02
2.417647058823529278e+02 4.348855745873291880e+02 4.820155229088570081e+02 4.126121131550000882e+02 4.177375641314004611e+02 4.220762312459780787e+02 4.651431396287329676e+02 2.983118834797498948e+02 4.766560752578329812e+02 3.905964223196612011e+02 4.911565279176188596e+02 5.176893449829966585e+02 4.017648451908619904e+02 6.556186713259029375e+02 5.034542216394135039e+02 6.526400931953480722e+02 6.670194305991528836e+02 7.988917838535146529e+02 5.237342398753697807e+02 7.898784642649093257e+02 4.035299643340211446e+02 4.521636416369175322e+02 7.183971852093119423e+02 6.320602460396031574e+02 3.865679927900898747e+02 4.943469444401786177e+02 4.062702244982002640e+02 4.971962977157401724e+02 5.050628593308015297e+02 6.559477366990187193e+02 8.001867747122479386e+02 2.901617277630431317e+02 3.424006833237860405e+02 4.632941078266114232e+02 5.975877447509117246e+02 5.368415153028580562e+02 5.599215227104459700e+02 7.172760650924896026e+02 5.957533846236989348e+02 4.159201526210074462e+02 3.910856373794325123e+02 4.632798216204395771e+02 6.851261925950831255e+02 7.496387108537674067e+02 4.885284711221437419e+02 4.506997026103059625e+02 6.382609071052741001e+02 4.999865857709780812e+02 4.047504038746786250e+02 4.955656894124532528e+02 5.258914090250262916e+02 5.347077193469934855e+02 5.199599561958664253e+02 4.326614453382799184e+02 5.156508489095220966e+02 7.327846652234823068e+02 4.090238191215695451e+02 4.521128697244373029e+02 5.903827377725078804e+02 4.388550997461136376e+02 5.219411000431882712e+02 5.882087853666442925e+02 5.586981610919016248e+02 3.872678010218207305e+02 4.069688084977622680e+02 5.160638116505933795e+02 3.652451093845918422e+02 4.050485039743521725e+02 6.155008849301785858e+02 3.524204977845952271e+02 5.412645183865894296e+02 3.963371973890343156e+02 4.408264657228073702e+02 4.596982381688804367e+02 8.073405522148350428e+02 5.957915527863754050e+02 7.317216842929125278e+02 4.691825326931641484e+02 3.851071062238654008e+02 5.375921941476970005e+02 6.245329428944038455e+02 7.511414721890821511e+02 5.531962274265963515e+02 6.380520018702401330e+02 3.591443573388467030e+02 5.211825938614516645e+02 4.518875712100270903e+02 6.530737088461730764e+02 5.307480444098974885e+02 7.615450470617043948e+02 4.469694892526552508e+02 4.573328946639502419e+02 7.738581321272288278e+02 4.185722756789226082e+02 7.630927357946303573e+02 6.616464119353775004e+02 6.171439176467667949e+02 6.338883528382722261e+02 3.862126215785166892e+02 4.670522598597474939e+02 8.241742701011365853e+02 6.316034216709987277e+02 6.840763984622860789e+02 5.169065961374494691e+02 6.241388756239301756e+02 7.129325237379197233e+02 4.464933332264321280e+02 4.134662548811719489e+02 7.487614560871688809e+02 4.276145175086597305e+02 4.101884169616564577e+02
2.423529411764705799e+02 3.847244362660181309e+02 4.269192226396738761e+02 3.609208164319722414e+02 3.719666803126066270e+02 3.764425298546648833e+02 4.134559967979599833e+02 2.607044329612228353e+02 4.152297550642842339e+02 3.425628797887218298e+02 4.309703601473121921e+02 4.528445615148028196e+02 3.523795194191306450e+02 5.751862845321722943e+02 4.464663427286411093e+02 5.841359873590720326e+02 5.860993612631996257e+02 7.135588478677925650e+02 4.644159789674558283e+02 7.051893412204371998e+02 3.532179377197861072e+02 3.991173742184572575e+02 6.306915800333545121e+02 5.627553214246222524e+02 3.370656803288164838e+02 4.339031059951014981e+02 3.548376652151583244e+02 4.346221717274402749e+02 4.444157215358095527e+02 5.761372849014575195e+02 7.152271372346233420e+02 2.537684069373844977e+02 2.997104600064018882e+02 4.081962263521114664e+02 5.235113144241425971e+02 4.719929498284132023e+02 4.963433134209709010e+02 6.317019091999424063e+02 5.279973497071129032e+02 3.675993424843273374e+02 3.426303401887402629e+02 4.066245347273908806e+02 6.037974566078013368e+02 6.597125602189266829e+02 4.293875181198626478e+02 3.960241452717235688e+02 5.579013059835533568e+02 4.411568544059788906e+02 3.578968942311115029e+02 4.382561102882864930e+02 4.650220643473980431e+02 4.673967252399853010e+02 4.515359238128665424e+02 3.776193466946469357e+02 4.476525321413821530e+02 6.559564039788360787e+02 3.616071617673445076e+02 3.957463108662725517e+02 5.265452798318603982e+02 3.868914685183002575e+02 4.590062899949169832e+02 5.211829548026207704e+02 4.846266275788127018e+02 3.373620912594579977e+02 3.565085783158682489e+02 4.509251022230005219e+02 3.196963833365671803e+02 3.547012706514782394e+02 5.468184302609580527e+02 3.094825931925437885e+02 4.751539448434779729e+02 3.469345321962793491e+02 3.877749704466364165e+02 4.037177259275387655e+02 7.169606776040898239e+02 5.262882791710219408e+02 6.484137592864582302e+02 4.136514721032662578e+02 3.362158670028227903e+02 4.718927807200143434e+02 5.476583407038777978e+02 6.622599089177272162e+02 4.798484817958355393e+02 5.651347588169616074e+02 3.138015884407521412e+02 4.575277196247686220e+02 3.979037204199656799e+02 5.714158371465573509e+02 4.655476987633582553e+02 6.725125100388163446e+02 3.935789667028806775e+02 3.960086701155399282e+02 6.821778994634507853e+02 3.688464298747476846e+02 6.734600234385696922e+02 5.874095558932544918e+02 5.458069029000827186e+02 5.551668443698331430e+02 3.355922856312453746e+02 4.092114713263710541e+02 7.260855428166358934e+02 5.622794554249362591e+02 6.006345147762239094e+02 4.545207252464650765e+02 5.523057699215996763e+02 6.412663122470014514e+02 3.937886677203231329e+02 3.623995638429739188e+02 6.572074997208294462e+02 3.767720289466886356e+02 3.581679860086204030e+02
2.429411764705882320e+02 3.415023433981304493e+02 3.798877899406743381e+02 3.158343871101486116e+02 3.318134079429087251e+02 3.369532391177213526e+02 3.693531826522007009e+02 2.283901412929425589e+02 3.607300637323480714e+02 3.002760926173035045e+02 3.775270883687957166e+02 3.947296984440586698e+02 3.083932157524347986e+02 5.031847522704801463e+02 3.951177027694706112e+02 5.208531235408016755e+02 5.133285948574773556e+02 6.349712816962080524e+02 4.110043535560128589e+02 6.272406358128298507e+02 3.087917904426016662e+02 3.521160592090882915e+02 5.519562426675295228e+02 4.992737169479480599e+02 2.929206136225409978e+02 3.812648032337334030e+02 3.096478893399989261e+02 3.796299322255391644e+02 3.900299016087918176e+02 5.044694976392001990e+02 6.369081217665767554e+02 2.225625054157509339e+02 2.627164590766754486e+02 3.590312357364917375e+02 4.570612704859053110e+02 4.139404223477822597e+02 4.399678515818777669e+02 5.551528389208930321e+02 4.664027994733165201e+02 3.261692512200451688e+02 2.999237074358883888e+02 3.556204467298297800e+02 5.306742280581416935e+02 5.791020063262723170e+02 3.769988051617754081e+02 3.476507811835716097e+02 4.862430647041649650e+02 3.910688106906809480e+02 3.161913160270207186e+02 3.872452529604631764e+02 4.103306854824079437e+02 4.074571229902625760e+02 3.911981070771174132e+02 3.296289309993379675e+02 3.877427002411067747e+02 5.868154089325498717e+02 3.198456928699944797e+02 3.460465257180800336e+02 4.682200041657148404e+02 3.405367317915869307e+02 4.026654380263281041e+02 4.603644833556616618e+02 4.201491235404257623e+02 2.935593026106914749e+02 3.112004500649425154e+02 3.928931783764655847e+02 2.787901805446395542e+02 3.095115709300696381e+02 4.844571345124450659e+02 2.712325614795223032e+02 4.160562993824602813e+02 3.026076432283981035e+02 3.414337819235016696e+02 3.546500639226797489e+02 6.346681182655839848e+02 4.637804581857209314e+02 5.733422989180381819e+02 3.642463128885849528e+02 2.937517704757465253e+02 4.131888198551439473e+02 4.792777344173566689e+02 5.825157933037226030e+02 4.160692707141845972e+02 4.993272518984112480e+02 2.740996697759063636e+02 4.015411324640414250e+02 3.504489723809036832e+02 4.990007810272078927e+02 4.073356291290398872e+02 5.922092420439042826e+02 3.465800707596739016e+02 3.431123947126100120e+02 5.996476702592866559e+02 3.252410041089969468e+02 5.927142864832086389e+02 5.201961768398169852e+02 4.812722838955373845e+02 4.854886647366245143e+02 2.918440160905130938e+02 3.586243873956178732e+02 6.380238598154049896e+02 5.004302554646020553e+02 5.257495191953688618e+02 3.987911021273920937e+02 4.879537799686777362e+02 5.752953345742753299e+02 3.478132662376714848e+02 3.178989859101774869e+02 5.756217105381448391e+02 3.324779752199752352e+02 3.124306405530269330e+02
2.435294117647058840e+02 3.050401666104719993e+02 3.407163343227697965e+02 2.770600477827067039e+02 2.972056271379870509e+02 3.035211913981396492e+02 3.326781895456734333e+02 2.011366890722191840e+02 3.127808780465027780e+02 2.635100589747276558e+02 3.305637139577571588e+02 3.430142616506546460e+02 2.695602182965368456e+02 4.392610023223053872e+02 3.493295882789341249e+02 4.627756529649113304e+02 4.483667070275038213e+02 5.630651302700239285e+02 3.634182571851355874e+02 5.559623045908522272e+02 2.699941439648716823e+02 3.109555469554539400e+02 4.818226587513015602e+02 4.415324479249795786e+02 2.538378743772129837e+02 3.360508129344696613e+02 2.704008240100176295e+02 3.318499573003824707e+02 3.416465651801037211e+02 4.406166306676468025e+02 5.651771675401943185e+02 1.963226843021107868e+02 2.311846017522433101e+02 3.156353188661947229e+02 3.978950320434807395e+02 3.623990272815523781e+02 3.906654694399724121e+02 4.873619981744043343e+02 4.108023822745232110e+02 2.914371286483439576e+02 2.627370322454245297e+02 3.100171090028050003e+02 4.654798845781069190e+02 5.075113232673417656e+02 3.311474989545205290e+02 3.053497217979342508e+02 4.228405247321465481e+02 3.493666164559182903e+02 2.795105651946028047e+02 3.423999014264955463e+02 3.616892887074376404e+02 3.545263044552074234e+02 3.384750213356408040e+02 2.883118468810908439e+02 3.354475623888250766e+02 5.253964860771112626e+02 2.836002525648063397e+02 3.026960669653087734e+02 4.152936407755778419e+02 2.996289469366199683e+02 3.526392489643302497e+02 4.056387003497511046e+02 3.646796286942113738e+02 2.555339391493742482e+02 2.708079185162409885e+02 3.415956039651080118e+02 2.422967735919301049e+02 2.692390825981137255e+02 4.283334724276076031e+02 2.374735792062463986e+02 3.636641603131191118e+02 2.631184547684887320e+02 3.015803252025061738e+02 3.122351578849114162e+02 5.602944590058702943e+02 4.081049842864721313e+02 5.063608456569335203e+02 3.207933395534815304e+02 2.573894198421146484e+02 3.611730764884585483e+02 4.190527123822997169e+02 5.116502557832093885e+02 3.612747728043576103e+02 4.404871842941857381e+02 2.397627293003120030e+02 3.528235482452433303e+02 3.092254924642530227e+02 4.354148823659768368e+02 3.557979987910343311e+02 5.204200595497932227e+02 3.056790215439190774e+02 2.981167804803505987e+02 5.259993447058172933e+02 2.875323387785255136e+02 5.206237284402625392e+02 4.598861584575560073e+02 4.233258859411265007e+02 4.244693945214330029e+02 2.545750939151151044e+02 3.149158327426195001e+02 5.596809710901322887e+02 4.457863341560195636e+02 4.590788752514528142e+02 3.494451264721090524e+02 4.308720278529329448e+02 5.150383960849007963e+02 3.083041311842432606e+02 2.796953583512348587e+02 5.036189130149791708e+02 2.944869734004713564e+02 2.726603142872752983e+02
2.441176470588235361e+02 2.751858181639075838e+02 3.092337430772961397e+02 2.443199681722221328e+02 2.680792139187715861e+02 2.760794978769836803e+02 3.033096950842120805e+02 1.787350065742296579e+02 2.709975606369263801e+02 2.320414921466775979e+02 2.898073681857276256e+02 2.973418393375170012e+02 2.356280015828299099e+02 3.830312505122800530e+02 3.089955208788941263e+02 4.098322700363092395e+02 3.908365199415532061e+02 4.977082297120762746e+02 3.215478877038229371e+02 4.912170229161696966e+02 2.365674398447888223e+02 2.754348114455791006e+02 4.198825587775597796e+02 3.893997037220084394e+02 2.195098773696929868e+02 2.979129621985045446e+02 2.368026879784991650e+02 2.909217404808500191e+02 2.989888880693423516e+02 3.842154319912394840e+02 4.999132133213158227e+02 1.748517860166566606e+02 2.048970465429936212e+02 2.778304902540957642e+02 3.456371710938749402e+02 3.170660455798673070e+02 3.482954143731586214e+02 4.280273981928592093e+02 3.609894939624551284e+02 2.632424121912827673e+02 2.308415188456316685e+02 2.695376447347551334e+02 4.079008917047221985e+02 4.446039901972156372e+02 2.916105815745596601e+02 2.688888418021228972e+02 3.672270465962140520e+02 3.157488142778695988e+02 2.477255707676666248e+02 3.035717398895525321e+02 3.189421962732984070e+02 3.082273290068202982e+02 2.928948072843954833e+02 2.533140917803019931e+02 2.902943780476604161e+02 4.717003098871191469e+02 2.527351631976800093e+02 2.653835356097894760e+02 3.676190690614531036e+02 2.639935679120297891e+02 3.086321775195904706e+02 3.568485948309241849e+02 3.176613410285635268e+02 2.229710693839671194e+02 2.350723751771998309e+02 2.966460999936679173e+02 2.099675327264541238e+02 2.336217899034710683e+02 3.783219274941788512e+02 2.080048194025220027e+02 3.176522852111397697e+02 2.282076513451439155e+02 2.680015238541377016e+02 2.762205947980442033e+02 4.936144362233623042e+02 3.590640499048363381e+02 4.472792031501278984e+02 2.831071708154128714e+02 2.268296345007413493e+02 3.155213575142294076e+02 3.666258213840959570e+02 4.493626904262659991e+02 3.149121799361811327e+02 3.884340727937791939e+02 2.105301795303409733e+02 3.109981848227996579e+02 2.739567866763844677e+02 3.802303244549296437e+02 3.106049676149597758e+02 4.568783509344098661e+02 2.706014837369872339e+02 2.605351828277751451e+02 4.609157969548872416e+02 2.555109574394120955e+02 4.569070056755371638e+02 4.063195789768399777e+02 3.717193272539936402e+02 3.717141679102912804e+02 2.234252242672846762e+02 2.777370642316290059e+02 4.907008558986836988e+02 3.980931861152338342e+02 4.002427855811808399e+02 3.061959381176180841e+02 3.808284446931977527e+02 4.604730645001271228e+02 2.750247534002297130e+02 2.475349914145643879e+02 4.407878654921880184e+02 2.625751710311446345e+02 2.385505406635361112e+02
2.447058823529411882e+02 2.518275498161612234e+02 2.853169039045448017e+02 2.173644630291283590e+02 2.443892711778634634e+02 2.545925812606095064e+02 2.811746623965902359e+02 1.610092619828960210e+02 2.350017143160853834e+02 2.056619835712702127e+02 2.549903703254923641e+02 2.573448859733373411e+02 2.063489555838030185e+02 3.340999163475373734e+02 2.739949989144495817e+02 3.619071125530771837e+02 3.403424519871905432e+02 4.387151610617536903e+02 2.852691129533362755e+02 4.328151537495921843e+02 2.082664878995083484e+02 2.453683535970183414e+02 3.657082288169921185e+02 3.427076839078982857e+02 1.896277945066629229e+02 2.665493294979346501e+02 2.085787359476508129e+02 2.565090760874910529e+02 2.617756919919109464e+02 3.348855158021583520e+02 4.409413227048298722e+02 1.579865436243051420e+02 1.836634363601848463e+02 2.454386360268723593e+02 2.998967408349809034e+02 2.776356749644307911e+02 3.127215792603317936e+02 3.768329785558413505e+02 3.167319231362081950e+02 2.414695450174790494e+02 2.040207213797417864e+02 2.338910783163926226e+02 3.576053788193317473e+02 3.900245504240690479e+02 2.581725328834261290e+02 2.380476409041403087e+02 3.189337517733028449e+02 2.899807944361381260e+02 2.207128175723652532e+02 2.706115654065187641e+02 2.819206468459368011e+02 2.681850749867335253e+02 2.540018363464519666e+02 2.243189133877556571e+02 2.518280074705847653e+02 4.257104866596314992e+02 2.271303054140317670e+02 2.338170265643624361e+02 3.250269443429538683e+02 2.334560333888319406e+02 2.703466807076915757e+02 3.138098645048274307e+02 2.785840163516219832e+02 1.955787479733719749e+02 2.037248002842422068e+02 2.576597160519435761e+02 1.815447236016950399e+02 2.023876576338794280e+02 3.342704263625735734e+02 1.826314152340543444e+02 2.776929603756623237e+02 1.976062077453593417e+02 2.405076098803298805e+02 2.463759432564554572e+02 4.343640248601666372e+02 3.164418057252284484e+02 3.958829852800345179e+02 2.510044036606965108e+02 2.018115854500179296e+02 2.759077982881217395e+02 3.216395634644681536e+02 3.953321862815813574e+02 2.764768617437558191e+02 3.429661355476957851e+02 1.861682417994481114e+02 2.757241385449765403e+02 2.443994452722621418e+02 3.330251573498044877e+02 2.714259334503616401e+02 4.012870975082115024e+02 2.411042453560833394e+02 2.299360000619582252e+02 4.040523314630408436e+02 2.289935337585917807e+02 4.012544831059778403e+02 3.593133025853614981e+02 3.261849124343871722e+02 3.268371701402749636e+02 1.980788359194251882e+02 2.467783788585732339e+02 4.307028516262832341e+02 3.571239061603982350e+02 3.488436924388931288e+02 2.687568409126595270e+02 3.375865816443547942e+02 4.115476261615776821e+02 2.477772028167834151e+02 2.211928134809484732e+02 3.867137226379841763e+02 2.365523161020692555e+02 2.098173583894744354e+02
2.452941176470588402e+02 2.349053873862526984e+02 2.689025624376744190e+02 1.959834316019214384e+02 2.261201911444420318e+02 2.390657152265447394e+02 2.662593050831318351e+02 1.478253424925625268e+02 2.044342263411611782e+02 1.841888037689943758e+02 2.258637278621423832e+02 2.226580057080953736e+02 1.814909369257735534e+02 2.920766667157940901e+02 2.442064541909446120e+02 3.188507769630119242e+02 2.964871461400068711e+02 3.858618095787146558e+02 2.544569964159356346e+02 3.805292974356895570e+02 1.848696128105659966e+02 2.205973290577350383e+02 3.188708953358422491e+02 3.012651282783153306e+02 1.638917370374946358e+02 2.417154317792258951e+02 1.854843966668923088e+02 2.283132453833126192e+02 2.297338333967656752e+02 2.922460794844885754e+02 3.880469907147303843e+02 1.456057949949831141e+02 1.673305838922992450e+02 2.182945415447641722e+02 2.602829258597013222e+02 2.438123393088201283e+02 2.838267206901116424e+02 3.334678096827709055e+02 2.777847304211920800e+02 2.260589157503414128e+02 1.820816174695851828e+02 2.027836038544690211e+02 3.142600741161629685e+02 3.434185715785177990e+02 2.306395464348379960e+02 2.126296609420090533e+02 2.775060705606957754e+02 2.719046902855121743e+02 1.983649731629188295e+02 2.433822736583178710e+02 2.504564175409902305e+02 2.340406415431179994e+02 2.213710947956998041e+02 2.010578290813343472e+02 2.196252416201382971e+02 3.874095718165027051e+02 2.066919615978702609e+02 2.077359315249000247e+02 2.873367689360268287e+02 2.078533582515073022e+02 2.374960893376003526e+02 2.763252217540211291e+02 2.469985012048634587e+02 1.730988691193014120e+02 1.764964043909915006e+02 2.242662532857392534e+02 1.567704518756289644e+02 1.752652351172982037e+02 2.960149968591411493e+02 1.611735767511369488e+02 2.434697836100352220e+02 1.710458486079492957e+02 2.189442070692780362e+02 2.225052613398324297e+02 3.822575814395841576e+02 2.800198098563770941e+02 3.519517810383700294e+02 2.243160656761341727e+02 1.821232280033207473e+02 2.420185725165737836e+02 2.837533957191055265e+02 3.492371124338462778e+02 2.455267023710549950e+02 3.038760317592243041e+02 1.664800956197490507e+02 2.467078480820190975e+02 2.203533811313114938e+02 2.934009957011623442e+02 2.379431825012326271e+02 3.533383712275810353e+02 2.169854311523330637e+02 2.059545614619820810e+02 3.550564654986093274e+02 2.078333920522199776e+02 3.533478819367946357e+02 3.186765554093499873e+02 2.864494729466281342e+02 2.894788297458840134e+02 1.782754528699436207e+02 2.217798985860688106e+02 3.793027614656200512e+02 3.226903376234237726e+02 3.044839235856155142e+02 2.368543171565550836e+02 3.009208629105463046e+02 3.681928015136206227e+02 2.264125849539348962e+02 2.004837545340698171e+02 3.409981856588274240e+02 2.162721607833739768e+02 1.862106655422355743e+02
2.458823529411764639e+02 2.244206625120117451e+02 2.599967696045144976e+02 1.800160359687165226e+02 2.132944307363350731e+02 2.295529519904998210e+02 2.586178719932713648e+02 1.390978306333118724e+02 1.789666088141597413e+02 1.674742800769037956e+02 2.022090313482380282e+02 1.929297142653215360e+02 1.608466217449792737e+02 2.565915152164491815e+02 2.195192261842117887e+02 2.804911864357641775e+02 2.588862997646105555e+02 3.388993094557575319e+02 2.289982655994616891e+02 3.341082034655215125e+02 1.661883750165260949e+02 2.009993777513294333e+02 2.789570740898292911e+02 2.648693538630193984e+02 1.420196826230715317e+02 2.232334492463952813e+02 1.673148168721194224e+02 2.060842275640357286e+02 2.026093021432948831e+02 2.559308414526896627e+02 3.409898860145834760e+02 1.376372420778975254e+02 1.557905788825758577e+02 1.962577822571476247e+02 2.264189567228225144e+02 2.153225383506338346e+02 2.615249890787933964e+02 2.976432219264246442e+02 2.439021926602020187e+02 2.170158594934067082e+02 1.648642694849893928e+02 1.759287304371184462e+02 2.775454396529485734e+02 3.044504934665335441e+02 2.088521775590593847e+02 1.924734123511547921e+02 2.425181264826699135e+02 2.614467908247914352e+02 1.806005214718643401e+02 2.217704362997886562e+02 2.243942680382832862e+02 2.054640029096012768e+02 1.946204340136699500e+02 1.833198307916898955e+02 1.933069571059256191e+02 3.567936916380448338e+02 1.913623563776643266e+02 1.869210994514220658e+02 2.543673002678657156e+02 1.870446002429818009e+02 2.098160700117252304e+02 2.441977458184257443e+02 2.225286094818663400e+02 1.553165085502382965e+02 1.531281838362488941e+02 1.961219553243986127e+02 1.353947076404884058e+02 1.519931703633885718e+02 2.633934506157608553e+02 1.434748316161816035e+02 2.146898408607619899e+02 1.482684346656436958e+02 2.032026242108435099e+02 2.044577882027479632e+02 3.370037980341916182e+02 2.495910775514180386e+02 3.152756812384042746e+02 2.028987297446926732e+02 1.676101084393623069e+02 2.135640061401901733e+02 2.526586424808962761e+02 3.107726419955907886e+02 2.216937966480997773e+02 2.709652651660422293e+02 1.513146957455139159e+02 2.237127522045246906e+02 2.016706069136918416e+02 2.609983298262172866e+02 2.098639110065286104e+02 3.127310521957901983e+02 1.980932774090244379e+02 1.883026823473922775e+02 3.135857624824994332e+02 1.919295355637307807e+02 3.128780769389878174e+02 2.842252821424489184e+02 2.522470182341658642e+02 2.593206714221051925e+02 1.638182521314201949e+02 2.025406123689295157e+02 3.361316972416563544e+02 2.946527841619385413e+02 2.667813852170301629e+02 2.102395494665314857e+02 2.706301772273777146e+02 3.303330316223718910e+02 2.108398605782249433e+02 1.852723620150487704e+02 3.032772189468942656e+02 2.016411999701432478e+02 1.675240381064907069e+02
2.464705882352941160e+02 2.204435507438392960e+02 2.586818545790734447e+02 1.693586287341084358e+02 2.059798584034562907e+02 2.261633433079512940e+02 2.583791631111020592e+02 1.347954971938309825e+02 1.583106863603055672e+02 1.554137296572808111e+02 1.838486845285979996e+02 1.678326792122473137e+02 1.442416681698397838e+02 2.273078894125615648e+02 1.998443621804046302e+02 2.466440835731721108e+02 2.271816560368430657e+02 2.975671513694289274e+02 2.088025284971421911e+02 2.932898366009587221e+02 1.520758444967191565e+02 1.864970980788064310e+02 2.455827984171747573e+02 2.333175760204370022e+02 1.237552066358050382e+02 2.109995737334036505e+02 1.539128104414531606e+02 1.896299898926267815e+02 1.801769849154030112e+02 2.256011140831213027e+02 2.995168201273046975e+02 1.340627294815290611e+02 1.489873028724408641e+02 1.792233468166718069e+02 1.979542492885589695e+02 1.919252051048798648e+02 2.457725990897462793e+02 2.691077116142259911e+02 2.148487099857480018e+02 2.144176885246673123e+02 1.522500240717386930e+02 1.530562855140458396e+02 2.471689264110610225e+02 2.728192347927811738e+02 1.926963092493189436e+02 1.774617663214941103e+02 2.135849789317936995e+02 2.586225107376604342e+02 1.673722711560035066e+02 2.056963170946513060e+02 2.036030325674172730e+02 1.821649265317671791e+02 1.734207311705052632e+02 1.709588723601222853e+02 1.725481967929280813e+02 3.338854430421455959e+02 1.811277746636712891e+02 1.712034055970674444e+02 2.259461846005702341e+02 1.709200833743477119e+02 1.870746488060268859e+02 2.172431001492007852e+02 2.048804746935073808e+02 1.420677998912666169e+02 1.333793697029726388e+02 1.729194973185840638e+02 1.171824813729598702e+02 1.323285991099232888e+02 2.362578827097151759e+02 1.294093603760399844e+02 1.910942694282050240e+02 1.290342358609483995e+02 1.932283022070316463e+02 1.921367634028326563e+02 2.983202425420189456e+02 2.249725350681509610e+02 2.856699290173989425e+02 1.866441972739613107e+02 1.581826016487347317e+02 1.902890679695071015e+02 2.280912710438733200e+02 2.796660661384064497e+02 2.046936174588624908e+02 2.440570563406691349e+02 1.405742938047787618e+02 2.065672197269149990e+02 1.882625819801322962e+02 2.355094434670433543e+02 1.869306336335368712e+02 2.791865742602422529e+02 1.843335402359060140e+02 1.767760252804725383e+02 2.793235848825319749e+02 1.812341782002724244e+02 2.795608503466783077e+02 2.557951184105256175e+02 2.233300955857584995e+02 2.360977762135342175e+02 1.545808853739756046e+02 1.889257519185529475e+02 3.008525072646827994e+02 2.729283027673226343e+02 2.353832309000373471e+02 1.886984417344376084e+02 2.465497053071555342e+02 2.978971203197332329e+02 2.010330607967475771e+02 1.754806523654429213e+02 2.732362828866916402e+02 1.926257322343044791e+02 1.536030602783636994e+02
2.470588235294117680e+02 2.231185799405623413e+02 2.651208676889257276e+02 1.639709134026715560e+02 2.042955205560655543e+02 2.290653404184559747e+02 2.657507015717710601e+02 1.349453069595469969e+02 1.422266109346833218e+02 1.479518816896439830e+02 1.706544059035081489e+02 1.470723979492556737e+02 1.315416540507754917e+02 2.039335834598337556e+02 1.851240433203318219e+02 2.171228443464677298e+02 2.010520571297218453e+02 2.616051564260212672e+02 1.938120199002694335e+02 2.578133030878820477e+02 1.424333816746895138e+02 1.770650829080338724e+02 2.184056206106511979e+02 2.064172875114976478e+02 1.088740050864729056e+02 2.049894748133165763e+02 1.451752062437386996e+02 1.788238320082612347e+02 1.622490404132089452e+02 2.009569043260974297e+02 2.633736270573118645e+02 1.349220617996088833e+02 1.469213325557776386e+02 1.671308441193205283e+02 1.745746953341430867e+02 1.734204934376182621e+02 2.365764654032467718e+02 2.476594212694722614e+02 1.904084944513892310e+02 2.184187010726812730e+02 1.441682041517777577e+02 1.339201825267819004e+02 2.228761775701169086e+02 2.482713397411349945e+02 1.821123427639741408e+02 1.675297265189599898e+02 1.903727130716242755e+02 2.635389541316728241e+02 1.586746324821791063e+02 1.951221797332594576e+02 1.879851726279412958e+02 1.639021314970373453e+02 1.575040251531812316e+02 1.638996375343129728e+02 1.570861971398981325e+02 3.187447490103362497e+02 1.760251635650811295e+02 1.604706871433499771e+02 2.019186421986232176e+02 1.594092574013326953e+02 1.690807319953868273e+02 1.953003869841766118e+02 1.938495039760634029e+02 1.332463642204797054e+02 1.170347269459977468e+02 1.543962901734288380e+02 1.019199306653426902e+02 1.160543916323225346e+02 2.144857560355519581e+02 1.188883609202071483e+02 1.724671520552174400e+02 1.131290854577137850e+02 1.890273304428114898e+02 1.855063374477822151e+02 2.659462163854483379e+02 2.060157085965113595e+02 2.629874529650900854e+02 1.754875973471534678e+02 1.538215731102838788e+02 1.719821850615758194e+02 2.098424136029669000e+02 2.556896664487902342e+02 1.943317781775292588e+02 2.230074787816915602e+02 1.342206552546657861e+02 1.951707705887699547e+02 1.801061238791855885e+02 2.166888719040018998e+02 1.689299057475362531e+02 2.524624603107030225e+02 1.756754845756671841e+02 1.712593594808980981e+02 2.519924988325602442e+02 1.757587205867982902e+02 2.531503735849505290e+02 2.332527173788340917e+02 1.994797231291526316e+02 2.196087955115294790e+02 1.505126317857100560e+02 1.808725087736320347e+02 2.731735468810664429e+02 2.574974840672463756e+02 2.099773985227247124e+02 1.720600413930396542e+02 2.285608276544084561e+02 2.708279756759916381e+02 1.970368395779707669e+02 1.710941506415461220e+02 2.506229309944090460e+02 1.892571920536363450e+02 1.443521736151225525e+02
2.476470588235294201e+02 2.326681041152208991e+02 2.795595694260654795e+02 1.638804434115902211e+02 2.084158301768435138e+02 2.384893774297093216e+02 2.810205953641304859e+02 1.396350034023008391e+02 1.305294349981267032e+02 1.450878793766858337e+02 1.625541271641723426e+02 1.303945184840602280e+02 1.226579183413856811e+02 1.862297830134160108e+02 1.753396609774067372e+02 1.917476534753396891e+02 1.802227856668006325e+02 2.307644458166576555e+02 1.840099124158877828e+02 2.274297391692498707e+02 1.372160483346039257e+02 1.727355931065929155e+02 1.971345979523468941e+02 1.839957306479180374e+02 9.718938497515858899e+01 2.052620427462317707e+02 1.410577285348971088e+02 1.736099656412495449e+02 1.486820167737688507e+02 1.817462162108436985e+02 2.323160774317701964e+02 1.403154177018481334e+02 1.496533057327880840e+02 1.599723456069276608e+02 1.560113245427609172e+02 1.596571469315790068e+02 2.340008261358088646e+02 2.331563306229492412e+02 1.703941639845114935e+02 2.292531822587398551e+02 1.406013643014706247e+02 1.183051448733796320e+02 2.044603642185709589e+02 2.306118508483713470e+02 1.771026725846253953e+02 1.626706852557949219e+02 1.726066551204982602e+02 2.763951908438635314e+02 1.545496654968906114e+02 1.900588991361821058e+02 1.774848166733477797e+02 1.504908958729546100e+02 1.466698623533745831e+02 1.621417757413306617e+02 1.467266257117347834e+02 3.114775909670166243e+02 1.761472471504455370e+02 1.546732070194111941e+02 1.821552940467482244e+02 1.524872363077752482e+02 1.556912799216300982e+02 1.782417137132314622e+02 1.893251711445842034e+02 1.288084460847958610e+02 1.039108709050781272e+02 1.403412939728181072e+02 8.941970807805583377e+01 1.029854077068409453e+02 1.979896262189964204e+02 1.118655331207009880e+02 1.586429085709583262e+02 1.003705370771975680e+02 1.906711299120978254e+02 1.845966666904536169e+02 2.396540426749883750e+02 1.926156992747324352e+02 2.471293261644217978e+02 1.694139655514470064e+02 1.545826174562692472e+02 1.584825685844178054e+02 1.977668263207619930e+02 2.386713138151592659e+02 1.905086442253027030e+02 2.077149274249181303e+02 1.322800961012060554e+02 1.894987667632103410e+02 1.772479817402260949e+02 2.043616121633049261e+02 1.556995530546791713e+02 2.323637574860822212e+02 1.721566043826125281e+02 1.717299633642673768e+02 2.313655161466383561e+02 1.755782548993785497e+02 2.334505513756155608e+02 2.165055414222494221e+02 1.805140049694785205e+02 2.097237101019358363e+02 1.516420222044178558e+02 1.783942431794115180e+02 2.528599868680915108e+02 2.484098673994796229e+02 1.903022293576691482e+02 1.602035284592414541e+02 2.165992483671516311e+02 2.490914612612605197e+02 1.989704582074938912e+02 1.721662536337283029e+02 2.352570035812844083e+02 1.916358528011914473e+02 1.397401688551296104e+02
2.482352941176470722e+02 2.493936929643996052e+02 3.023258932447442930e+02 1.691854480183536396e+02 2.185730439575573030e+02 2.547285258210379197e+02 3.045570118015498906e+02 1.490142751581703351e+02 1.230942678715961449e+02 1.468788249927626453e+02 1.595372458138694469e+02 1.175908478170332643e+02 1.175522997254427793e+02 1.740181712404900054e+02 1.705183962562066142e+02 1.703538569732812960e+02 1.644731953094838275e+02 2.048172016114293115e+02 1.794270272896084464e+02 2.019120095740589136e+02 1.364366188827350754e+02 1.736027950198941880e+02 1.815382593195818686e+02 1.659083389011675536e+02 8.855678274465653033e+01 2.119613747956464920e+02 1.415784081694288545e+02 1.740073370960951706e+02 1.393827051355251569e+02 1.677725471039506999e+02 2.061196317989953286e+02 1.504043439602249066e+02 1.573057411357938520e+02 1.577987645111749373e+02 1.420473438461035016e+02 1.505384467720182045e+02 2.381717507153894928e+02 2.255240688733738637e+02 1.546541548257619354e+02 2.472363517038077134e+02 1.415890911841223954e+02 1.060323618932351479e+02 1.917695760467348691e+02 2.197128137599611364e+02 1.777373888997774429e+02 1.629411156860226981e+02 1.600777489212999853e+02 2.974802363209075793e+02 1.550918235000912944e+02 1.905707945696908325e+02 1.720941998947806155e+02 1.418091408457732143e+02 1.407899259843599964e+02 1.657625918450389122e+02 1.413480938929994011e+02 3.122424159510386517e+02 1.816460476904323400e+02 1.538276316220286333e+02 1.665590434796114323e+02 1.501799380139499931e+02 1.468171140635401457e+02 1.659803370295013281e+02 1.912937543721139377e+02 1.287767599918706196e+02 9.386160456312659051e+01 1.306004041069711832e+02 7.952549506447292060e+01 9.297377545424191680e+01 1.867253507055818602e+02 1.083416519197478465e+02 1.495121978928430053e+02 9.061308436108397757e+01 1.982992288992398926e+02 1.895071563178262863e+02 2.192586232205056263e+02 1.847183529299705356e+02 2.380530392764079579e+02 1.684632142561560499e+02 1.605988407120407260e+02 1.496860374395454869e+02 1.917892587413085153e+02 2.285026808640970160e+02 1.932218704879229847e+02 1.981277989707752170e+02 1.348473103465794622e+02 1.896055656377866683e+02 1.798080571814828659e+02 1.984291078964165820e+02 1.471344042042671560e+02 2.187522747919023516e+02 1.738860219752075977e+02 1.782592131104613031e+02 2.172750608371227372e+02 1.808345341239402444e+02 2.203240995490104126e+02 2.055099453868024000e+02 1.662953740976577990e+02 2.063893230037906790e+02 1.580789579676133485e+02 1.815831849902969282e+02 2.397425547007574096e+02 2.457878891974523015e+02 1.761541373777208719e+02 1.530637388140207236e+02 2.106612362670489347e+02 2.326841593877532262e+02 2.070301403002994505e+02 1.788208451132767607e+02 2.270383674789000565e+02 1.999328417131940512e+02 1.398043361329336562e+02
2.488235294117646959e+02 2.736754109003474582e+02 3.338269353952043730e+02 1.800560223790235455e+02 2.350579784900133973e+02 2.781372162594088309e+02 3.368052555435250497e+02 1.632945092114350700e+02 1.198601251579768530e+02 1.534418926891434865e+02 1.616582841460011082e+02 1.085041380047885440e+02 1.162408167727310797e+02 1.671861829618058835e+02 1.707382782004679314e+02 1.527994555938273606e+02 1.536427176468751270e+02 1.835652459489109845e+02 1.801469354196046311e+02 1.810632039885820177e+02 1.401682389810447376e+02 1.798255575458961744e+02 1.714506620774492944e+02 1.520461103713215607e+02 8.287739062413788815e+01 2.253170515635476647e+02 1.468195609676296840e+02 1.801117494801727048e+02 1.343127695548014060e+02 1.589006601693489529e+02 1.845880422126316773e+02 1.654113479020188890e+02 1.700633258775995955e+02 1.607247596956711959e+02 1.325236745815015240e+02 1.460267733308038203e+02 2.492795121149363808e+02 2.247613994062180893e+02 1.430789725905800367e+02 2.727632281304364597e+02 1.472303679998893813e+02 9.696416761837561182e+01 1.847123496504039792e+02 2.155194832141154393e+02 1.841581989028988176e+02 1.684637010498825020e+02 1.526472425257161945e+02 3.271687914451223378e+02 1.604513421385398146e+02 1.967786678600211303e+02 1.718584617969230237e+02 1.378020718910431128e+02 1.398110794028301314e+02 1.749182518217064342e+02 1.409050668818660199e+02 3.212541109973557241e+02 1.927348078363536672e+02 1.580195713515620923e+02 1.550709938860886155e+02 1.525678137733844721e+02 1.424274236159319571e+02 1.584773748144061756e+02 1.998391198976720204e+02 1.332431054614670245e+02 8.678236261785917804e+01 1.250805118237312001e+02 7.211580274731663565e+01 8.591328367135733401e+01 1.806987625603539414e+02 1.083682279618302289e+02 1.450263838813156383e+02 8.375248633423628064e+01 2.121201754565718431e+02 2.004078888084650316e+02 2.046252824480344543e+02 1.823256236603256184e+02 2.357785480089102350e+02 1.727334966666754497e+02 1.720822101249591469e+02 1.455494054400406867e+02 1.919087892826497637e+02 2.251451272642338495e+02 2.025669920201023331e+02 1.942503718921254574e+02 1.420880138251856124e+02 1.956261837061252038e+02 1.879812496903592773e+02 1.988730884939241719e+02 1.431906001887578839e+02 2.115536341143773313e+02 1.810465827182040357e+02 1.910124427226540433e+02 2.096197153140815885e+02 1.917374083227497295e+02 2.136994316552155340e+02 2.002775467865009205e+02 1.567364881790728077e+02 2.096325681790956423e+02 1.700153657074323519e+02 1.906116397156946789e+02 2.337237967728445085e+02 2.498293521453007031e+02 1.673934412618306737e+02 1.506352643454242184e+02 2.108080111741599012e+02 2.216399450438778729e+02 2.214897865975248124e+02 1.912532408599382734e+02 2.259522901676310767e+02 2.143904667760600660e+02 1.446533147965456578e+02
2.494117647058823479e+02 3.059689608488990871e+02 3.745434915006038636e+02 1.967336925561667726e+02 2.582189367664385031e+02 3.091279766579755233e+02 3.782824696920213228e+02 1.827471483411194697e+02 1.208325526681550315e+02 1.649550203128109160e+02 1.690389811938043465e+02 1.030317717526329915e+02 1.187963221286956497e+02 1.656905297987286758e+02 1.761316870661089240e+02 1.389717071577763363e+02 1.476353570597563589e+02 1.668474189592103016e+02 1.863093958956153529e+02 1.647239245411034574e+02 1.485457383408348448e+02 1.916287764189094958e+02 1.667756362314520118e+02 1.423418940347549437e+02 8.010098484932822771e+01 2.456426825651203103e+02 1.569283971418402928e+02 1.920963309165069006e+02 1.334922003374669259e+02 1.550607130030911947e+02 1.675607689554542503e+02 1.856180959445772203e+02 1.881716976568192194e+02 1.689321397651549148e+02 1.273430891088113981e+02 1.461468511803802528e+02 2.675788149541800749e+02 2.309434174983150854e+02 1.356063127215095676e+02 3.063053937929091148e+02 1.576845238734870520e+02 9.100781795503752392e+01 1.832613727140719107e+02 2.180542897601984009e+02 1.965805792416900601e+02 1.794289252699664416e+02 1.502497988946659007e+02 3.659147722496822439e+02 1.708362468706777122e+02 2.088610393861840464e+02 1.768788093602224762e+02 1.384854726439990884e+02 1.437569297301791948e+02 1.898435116203257564e+02 1.454292985317312628e+02 3.387854982314628387e+02 2.096882840428518193e+02 1.674047059589058506e+02 1.476753860765980733e+02 1.597881576485501682e+02 1.425529980955372196e+02 1.557470831150014874e+02 2.151416691618490518e+02 1.423697718701963879e+02 8.261383967612681545e+01 1.237523305763275232e+02 6.710711994189084351e+01 8.174295445201843791e+01 1.799707783568272816e+02 1.120502636401882768e+02 1.452006419593511453e+02 7.972930596618259358e+01 2.324105740163090843e+02 2.175392572501161794e+02 1.956759026188892960e+02 1.854991424059458893e+02 2.403921304465133346e+02 1.823829541703351538e+02 1.893234789454732265e+02 1.460935031699889635e+02 1.982012134834717187e+02 2.286333141769291046e+02 2.187361569521472404e+02 1.961468968456756556e+02 1.542403919500923735e+02 2.077764910923306161e+02 2.020379320422921126e+02 2.057573740888394696e+02 1.438885466882023252e+02 2.107622005278936115e+02 1.938956102202448335e+02 2.102471552765740341e+02 2.083688130097681039e+02 2.085647076602728305e+02 2.135753571587294175e+02 2.008798651798591379e+02 1.518047993619463512e+02 2.195617340354562543e+02 1.877244155278975200e+02 2.057317187826444069e+02 2.347819270444780670e+02 2.608083604606918016e+02 1.639484437989638366e+02 1.529751858450044892e+02 2.171683012705158262e+02 2.160352993103516610e+02 2.427000170298178716e+02 2.097294300257629516e+02 2.320725204489559417e+02 2.353208566917189728e+02 1.544686469727895144e+02
2.500000000000000000e+02 3.468006675033113311e+02 4.250221580229581377e+02 2.195293712604822360e+02 2.884587851978927233e+02 3.481661828591712151e+02 4.295699272618460327e+02 2.077006475458321120e+02 1.260851068899801106e+02 1.816561689972472209e+02 1.818688278787032573e+02 1.011284404338990583e+02 1.253501534074100903e+02 1.695590584242076488e+02 1.868872760760868061e+02 1.287928312191077111e+02 1.464227725172942769e+02 1.545457841024654329e+02 1.981121296827151070e+02 1.527784162016032781e+02 1.617656323008127686e+02 2.093031985201948828e+02 1.674893359288461170e+02 1.367756044650224112e+02 8.022802539000826982e+01 2.733327207814941175e+02 1.721162433492410457e+02 2.102103825476663417e+02 1.370016245864482016e+02 1.562508477314761421e+02 1.549192576060477791e+02 2.113622062523203624e+02 2.119347214066405058e+02 1.826717309441723387e+02 1.264730451710008197e+02 1.509876891537861070e+02 2.933868895726981236e+02 2.442225240378557771e+02 1.322250772219926205e+02 3.484056262013240257e+02 1.731707739506498456e+02 8.811843598698196445e+01 1.874554554999708955e+02 2.274186401318680169e+02 2.152941436533166382e+02 1.960951045179146490e+02 1.528951574268739648e+02 4.142426559386315716e+02 1.865129328278695766e+02 2.270535922655348600e+02 1.873140500516656175e+02 1.439477007480025463e+02 1.527280036043617599e+02 2.108499781256893755e+02 1.550298508415016840e+02 3.651663223077567864e+02 2.328413640022783397e+02 1.822085045306056088e+02 1.444035716908601046e+02 1.720359885272644647e+02 1.472882388050621500e+02 1.578606999857900917e+02 2.374754888784395632e+02 1.563897400827950719e+02 8.134486498212947936e+01 1.266520715737644736e+02 6.445647966411317498e+01 8.044987822745743244e+01 1.846609181306937160e+02 1.195480962539097476e+02 1.501157455014778463e+02 7.853171523047514313e+01 2.595122726229853924e+02 2.412098031006509302e+02 1.923933859269596383e+02 1.943620241174312753e+02 2.520480513410660990e+02 1.976298569652743424e+02 2.126906373203968315e+02 1.514048796883188288e+02 2.108195329080038789e+02 2.390765999107327389e+02 2.420150520684418041e+02 2.039438962646173650e+02 1.716153257766349611e+02 2.263519017037293679e+02 2.223229831542286377e+02 2.192277109640090202e+02 1.493145459696807791e+02 2.164439192696054306e+02 2.127643043981967708e+02 2.363095783330030599e+02 2.135649468599482930e+02 2.316605411215654158e+02 2.200236852918586976e+02 2.074512242379719851e+02 1.515258468384176354e+02 2.363656390694146694e+02 2.115582710797714014e+02 2.272735646667755134e+02 2.429723666850320853e+02 2.790746645606870970e+02 1.658178485000168223e+02 1.602044475392300740e+02 2.299390616665072287e+02 2.159932774089250813e+02 2.710854973918566770e+02 2.345836477668781299e+02 2.455621567596799650e+02 2.631028830627835760e+02 1.695050541267418112e+02
2.505882352941176521e+02 3.967602860850043385e+02 4.858650782560998778e+02 2.488196806375643462e+02 3.262301695119732017e+02 3.957628253985170659e+02 4.913029787551541858e+02 2.385360107939361001e+02 1.357597019020690254e+02 2.038411653978910181e+02 2.004040711025854478e+02 1.028078678464841573e+02 1.360927520676713129e+02 1.788910160565429806e+02 2.032502895337756286e+02 1.222247949368267967e+02 1.500459853696728203e+02 1.465906645435919415e+02 2.158108833758294622e+02 1.451595106573056455e+02 1.800847875627688666e+02 2.332036996770418966e+02 1.736411602447788312e+02 1.353783268151485970e+02 8.331106857888353545e+01 3.088574926973067249e+02 1.926564118681473872e+02 2.347765976247877404e+02 1.449834804828200561e+02 1.625382772898419717e+02 1.465920684122671389e+02 2.430326172421459319e+02 2.417102637220402528e+02 2.022636796060279778e+02 1.299472889445426631e+02 1.607032608406970269e+02 3.270794559418019958e+02 2.648272191792368062e+02 1.329782926922597426e+02 3.996703696537136921e+02 1.939663431313939554e+02 8.830117183931490388e+01 1.973997899021238993e+02 2.437925974718384339e+02 2.406612064201445946e+02 2.187868457576956303e+02 1.606683884036839629e+02 4.727366732743218449e+02 2.078052739011174026e+02 2.516468307480133433e+02 2.033804742941840686e+02 1.543504142230225682e+02 1.669005720108006301e+02 2.383228618807179657e+02 1.698917661710056279e+02 4.007797287426449202e+02 2.625859916902659847e+02 2.027245390375020690e+02 1.453369717202246250e+02 1.895634864095711407e+02 1.567919449145113049e+02 1.649488395257432387e+02 2.672037380813226264e+02 1.756056563084011373e+02 8.301456704885781335e+01 1.338820169293923072e+02 6.416348868846853293e+01 8.207134193691258872e+01 1.949492317982224563e+02 1.310782837806126793e+02 1.599185606156920869e+02 8.019761176024181282e+01 2.938276992572727409e+02 2.717922873393873715e+02 1.948244418439484775e+02 2.090989118344674864e+02 2.709680706916308282e+02 2.187511152613998036e+02 2.426258568002826053e+02 1.616361987904675743e+02 2.299925824157268437e+02 2.566582875491902200e+02 2.727780566670174380e+02 2.178306807235078679e+02 1.945953273866713289e+02 2.517245620579701608e+02 2.492533381110047230e+02 2.395097034386554355e+02 1.596211517712151817e+02 2.287371190364143274e+02 2.380556859446566875e+02 2.696295847969513488e+02 2.253244461234942548e+02 2.614319716899321975e+02 2.331897510962345450e+02 2.201898897222104665e+02 1.559852583372358765e+02 2.603108420029033709e+02 2.419443507231526667e+02 2.556420263991999207e+02 2.584270365572498918e+02 3.050513349777224335e+02 1.730715847707086823e+02 1.725079044168379596e+02 2.493843838746601307e+02 2.216860572716550166e+02 3.071404920065065198e+02 2.662142484806576590e+02 2.666723391426945113e+02 2.981773488463360877e+02 1.900893819940493756e+02
2.511764705882353041e+02 4.564916624468041277e+02 5.577174202695887288e+02 2.850416698154077153e+02 3.720288816798299081e+02 4.524653458546017077e+02 5.641587278616310641e+02 2.756809338681984514e+02 1.500658714264751836e+02 2.318601141947656004e+02 2.249651750061574091e+02 1.081436389480076912e+02 1.512732679139920435e+02 1.938557813295529115e+02 2.255212659112840470e+02 1.192731900054921539e+02 1.586157899018853072e+02 1.429645394444799820e+02 2.397178071832470323e+02 1.418524360746768878e+02 2.038177664033855478e+02 2.637459863757345033e+02 1.853531300219386537e+02 1.382353250846529136e+02 8.945552321443638277e+01 3.527564412860650691e+02 2.188807086331847245e+02 2.661866716197358187e+02 1.576420502961577768e+02 1.740589339698444178e+02 1.425588706039850990e+02 2.810635704280754226e+02 2.779044957773272131e+02 2.280961590590449646e+02 1.378662865823962704e+02 1.755119027886966308e+02 3.690846309945607118e+02 2.930587803533342708e+02 1.379649414540725729e+02 4.607600959786649355e+02 2.204032000666755664e+02 9.161261792760323885e+01 2.132645681897506051e+02 2.674325209457905430e+02 2.731135432386992079e+02 2.478919213040464342e+02 1.737288220715811349e+02 5.420279648136701098e+02 2.350922383250324970e+02 2.829819780979225925e+02 2.253501120974434286e+02 1.699280526792646526e+02 1.865241826509779912e+02 2.727162150133725049e+02 1.902734184239435535e+02 4.460562884212823178e+02 2.993664071263922324e+02 2.293113630523863264e+02 1.506090184287872091e+02 2.126779707831715598e+02 1.712868790279085260e+02 1.772024543522230431e+02 3.047723064991270689e+02 2.003875531182904979e+02 8.771385967021213048e+01 1.456100049351374821e+02 6.627186122547720970e+01 8.669628853355700926e+01 2.110766039543087231e+02 1.469135064376821163e+02 1.748212665089221218e+02 8.481608233855274648e+01 3.358133835418576041e+02 3.097180026997212963e+02 2.030807440846722045e+02 2.299543071398287566e+02 2.974388397558203678e+02 2.460791865868789898e+02 2.796408724022248862e+02 1.770053533219177666e+02 2.560218560219259984e+02 2.816327791325870749e+02 3.114816463939671962e+02 2.380581094009156971e+02 2.236321450116250560e+02 2.843389614155649383e+02 2.833139941107130539e+02 2.669049031283062163e+02 1.750262499255806006e+02 2.478513276732364830e+02 2.702410685880154233e+02 3.107139605339203285e+02 2.438358963755202637e+02 2.983440625315122929e+02 2.532909468925224985e+02 2.393574586083390443e+02 1.653294921662063928e+02 2.917369311692264091e+02 2.793800775074107605e+02 2.913117638453210816e+02 2.813515091811127604e+02 3.392306890096793950e+02 1.858501004745188254e+02 1.901330275420361318e+02 2.758326025151957310e+02 2.333360127009081282e+02 3.514226181871815129e+02 3.050779073484412152e+02 2.957388265548589743e+02 3.410404398628937201e+02 2.166182076777293446e+02
2.517647058823529278e+02 5.266812903694318493e+02 6.412527406617341512e+02 3.286859174641351728e+02 4.263854219695671759e+02 5.188466170760008254e+02 6.488415419102059332e+02 3.196025584394033103e+02 1.692789399264788415e+02 2.661123917782338708e+02 2.559327689594513515e+02 1.172691796886449112e+02 1.711980964981030979e+02 2.146901191146752126e+02 2.540531380462929292e+02 1.199901887865164554e+02 1.723119009722718431e+02 1.437048058844075058e+02 2.701981384518859954e+02 1.428975000767998154e+02 2.333328426782489373e+02 3.014017072290317287e+02 2.028177797018669253e+02 1.454879345719249102e+02 9.881976182911220974e+01 4.056295512483725929e+02 2.511745890915669861e+02 3.048953093159989862e+02 1.752423609696967333e+02 1.910157464735855228e+02 1.428533265262818190e+02 3.259271865555469390e+02 3.209647410425849330e+02 2.606224409729294962e+02 1.503965328836245874e+02 1.956944593742315419e+02 4.198748257038346310e+02 3.292859011727965708e+02 1.473407165737842206e+02 5.323775686000627729e+02 2.528633885799005725e+02 9.816150632544379562e+01 2.352820120888345627e+02 2.986667230158442976e+02 3.131473385400052507e+02 2.838565591615379162e+02 1.923076953955654176e+02 6.227797687081831555e+02 2.688039776900201332e+02 3.214451794596217837e+02 2.535473943032525028e+02 1.909860764216645350e+02 2.119179022093910589e+02 3.145466192266365510e+02 2.165025733420360439e+02 5.014656876205488629e+02 3.436726767061346095e+02 2.623879595942366336e+02 1.604060395704286179e+02 2.417384407263276955e+02 1.910581171554678974e+02 1.948723533325142512e+02 3.507017519609337342e+02 2.311692787014620478e+02 9.558626443946253914e+01 1.620678739333767169e+02 7.087048151102824534e+01 9.446612382035642952e+01 2.333434488721627247e+02 1.673814426461336211e+02 1.950993088680807261e+02 9.252822672489139677e+01 3.859717173413807245e+02 3.554693690668491399e+02 2.173384797792763550e+02 2.572292178351361827e+02 3.318072448580319360e+02 2.799973908434336636e+02 3.243107650996601592e+02 1.977933131053235911e+02 2.892765650387110554e+02 3.143207362653399741e+02 3.586560632560849626e+02 2.649356069783167982e+02 2.592429613279562659e+02 3.247059705066991455e+02 3.250524113238006407e+02 3.017851146827806588e+02 1.958108770711863542e+02 2.740641770381852211e+02 3.098549697199077855e+02 3.601380166751253569e+02 2.693567839549529026e+02 3.429132643657847552e+02 2.806133124020051923e+02 2.652765054179798199e+02 1.797653123659651726e+02 3.310499575722940904e+02 3.244260620338574768e+02 3.348207415291080338e+02 3.120201247950169545e+02 3.821684313730669373e+02 2.043621818835009947e+02 2.133872911817487079e+02 3.096716236339689203e+02 2.512152575223928466e+02 4.045447688642889261e+02 3.516821627586554655e+02 3.331765222878707391e+02 3.922354594261869920e+02 2.495540491306684601e+02
2.523529411764705799e+02 6.080448337470323850e+02 7.371563784486495479e+02 3.802880448776539311e+02 4.898547982018916969e+02 5.954921808173291993e+02 7.460665641134431780e+02 3.707988501269701942e+02 1.937370795600130293e+02 3.070402216967942195e+02 2.937420640105444249e+02 1.303768833825987201e+02 1.962283229959055859e+02 2.416939797722492642e+02 2.892467263173666652e+02 1.244765876028200609e+02 1.913808561160521435e+02 1.489054405181893515e+02 3.076652061041025945e+02 1.483916652884896052e+02 2.690466767065180989e+02 3.466919194712910439e+02 2.262946141354061922e+02 1.573343352768760042e+02 1.116145731513613413e+02 4.681269603578800229e+02 2.899709571104264683e+02 3.514126231341755329e+02 1.981079060472339677e+02 2.136755402122360010e+02 1.475648826618510725e+02 3.781246885037562038e+02 3.713709085987541698e+02 3.003563015917084726e+02 1.677687434439521610e+02 2.215911405643323917e+02 4.799567380109864985e+02 3.739373612972146930e+02 1.613176894704388360e+02 6.152540844131298172e+02 2.917729670067880647e+02 1.081086930298646109e+02 2.637418595499239586e+02 3.378892126325794720e+02 3.613163131652273137e+02 3.271791189965367721e+02 2.167045124118215256e+02 7.156707898248855599e+02 3.094163744181057041e+02 3.674600428646828618e+02 2.883442243230799704e+02 2.178979285049601344e+02 2.434652831767121484e+02 3.643852925868263810e+02 2.489711532484153338e+02 5.675061766186520344e+02 3.960325660239917624e+02 3.024277346132862476e+02 1.749670663408111864e+02 2.771506404979692206e+02 2.164501528914603341e+02 2.182672820801348337e+02 4.055775113481093967e+02 2.684435860700237413e+02 1.068280610788386582e+02 1.835488217541437450e+02 7.809399592630282427e+01 1.055748612561302764e+02 2.621067843681607883e+02 1.928625580789916398e+02 2.210880816687962636e+02 1.035273346317899410e+02 4.448409944140601056e+02 4.095708419447048527e+02 2.378363145958634561e+02 2.912761586975668706e+02 3.744737698854108885e+02 3.209336515760608677e+02 3.772660948535026932e+02 2.243406747586705023e+02 3.301869705243364024e+02 3.551023047751448303e+02 4.148952539469323710e+02 2.988264809527536841e+02 3.020051164699150945e+02 3.733952323864273808e+02 3.750712564520249543e+02 3.445849597143149481e+02 2.223157751611138906e+02 3.077164444382456736e+02 3.574884081412120054e+02 4.185355234687985444e+02 3.022083137912890720e+02 3.956991530958991348e+02 3.155062458541560204e+02 2.983264841735552864e+02 1.995580031542206711e+02 3.787140726091764122e+02 3.776976997856090748e+02 3.867620584105304715e+02 3.507691646395748535e+02 4.344759236513124279e+02 2.288813382807708194e+02 2.426342176361819440e+02 3.513425007009756769e+02 2.756436449611345552e+02 4.671651961030866005e+02 4.065763037646185012e+02 3.794719748221410782e+02 4.523428527801569885e+02 2.894201287048132372e+02
2.529411764705882320e+02 7.013117221534378132e+02 8.461071027363947223e+02 4.404186537448613876e+02 5.630046720667419322e+02 6.829858848194036227e+02 8.565414090151078881e+02 4.297886614752114269e+02 2.238372368327599986e+02 3.551208621203121538e+02 3.388757537823383927e+02 1.477163765754187068e+02 2.267760284406667211e+02 2.752248965556366898e+02 3.315446356900549745e+02 1.328829129307704875e+02 2.161326821300226868e+02 1.587175442162154866e+02 3.525737913369637226e+02 1.584890115289413757e+02 3.114176481115169963e+02 4.001789467126649811e+02 2.561051542668439538e+02 1.740291735307190493e+02 1.281019227776348259e+02 5.409367653950805561e+02 3.357426078245194390e+02 4.062949364322794850e+02 2.266171860459625691e+02 2.423646155497012842e+02 1.568394565530836076e+02 4.381762937233306161e+02 4.296255576934953524e+02 3.478657294813999101e+02 1.902749553152848421e+02 2.535970913305741021e+02 5.498595558394364389e+02 4.274927991853170397e+02 1.801628690023910337e+02 7.101338097435265126e+02 3.375945872771725931e+02 1.216664134332631590e+02 2.989853470559986590e+02 3.855515855347780985e+02 4.182230482948282884e+02 3.784021817806790864e+02 2.472821427478574776e+02 8.213769405678577868e+02 3.574440454420399078e+02 4.214786145070735301e+02 3.301535076171558671e+02 2.511007015436659628e+02 2.816080309974524312e+02 4.228486054950574839e+02 2.881286908832645963e+02 6.446919649980613940e+02 4.570017703183051481e+02 3.499510222344664498e+02 1.945825170384081559e+02 3.193606970936338598e+02 2.478627235430144538e+02 2.477505494964175057e+02 4.700384193194502132e+02 3.127558238276197358e+02 1.216877401286732834e+02 2.104036989088035909e+02 8.812292093315902264e+01 1.202685775610296872e+02 2.977756842522971965e+02 2.237867492857223795e+02 2.531783223751178298e+02 1.180583910532028540e+02 5.129838203924703066e+02 4.725781952913839064e+02 2.648718017184130531e+02 3.324925622583641029e+02 4.258839518153035328e+02 3.693527074952685894e+02 4.391833378310171838e+02 2.570429369910648916e+02 3.792360337673649724e+02 4.044085023994530843e+02 4.808450994715507818e+02 3.401415646581693295e+02 3.525492753558559684e+02 4.310258943366712856e+02 4.340194582971845421e+02 3.957927579212646378e+02 2.549366574327962383e+02 3.492052905327685721e+02 4.137805434498133650e+02 4.865869741521231049e+02 3.427684926088213047e+02 4.572945215287743963e+02 3.583754144028957285e+02 3.389379169574888806e+02 2.250283037938195605e+02 4.352414289407935826e+02 4.398551458717195715e+02 4.477741184357876136e+02 3.979881769238886591e+02 4.968105805732955105e+02 2.597407725176396980e+02 2.782880763744778960e+02 4.013312952592605143e+02 3.069851699369725111e+02 5.399757678186425665e+02 4.703406709031588662e+02 4.351739218393437909e+02 5.219685853071800921e+02 3.367936495219616404e+02
2.535294117647058840e+02 8.072080806862979898e+02 9.687573883569738200e+02 5.096718127939784040e+02 6.464020595468855390e+02 7.818942167697085779e+02 9.809464226137902187e+02 4.971005924272067773e+02 2.600299082462276488e+02 4.108574680866718154e+02 3.918554709536571181e+02 1.695919328256718757e+02 2.632994389638261623e+02 3.156910129005794943e+02 3.814236585835850519e+02 1.454095972040769595e+02 2.469363390166327861e+02 1.733487805991821631e+02 4.054119233145103749e+02 1.734001044387302386e+02 3.609379062628564725e+02 4.624566522230766168e+02 2.926266505006408352e+02 1.958820233091662999e+02 1.485930001540382079e+02 6.247711401848566766e+02 3.889933983594073084e+02 4.701340789386882193e+02 2.611990279779537332e+02 2.774630241924428447e+02 1.708790313411591342e+02 5.066099328477284871e+02 4.962427425720936753e+02 4.037649787209747956e+02 2.182645213529995658e+02 2.921566690191644398e+02 6.301215847020714591e+02 4.904717403536411098e+02 2.041956512721354216e+02 8.177564494669494479e+02 3.908187642355642879e+02 1.390967996590446489e+02 3.413977927336610492e+02 4.421531872675735144e+02 4.845085777168039272e+02 4.381030966619430842e+02 2.844606751893213641e+02 9.405517654165166732e+02 4.134318575536843809e+02 4.839709244820131175e+02 3.794212293261643936e+02 2.910894992454157659e+02 3.268384178886749396e+02 4.905870656994845262e+02 3.344745138637888999e+02 7.335388555724422304e+02 5.271526544246557933e+02 4.055161824699261501e+02 2.195917325154470632e+02 3.688473681706938692e+02 2.857453844380915484e+02 2.837352408497779948e+02 5.447636107983661304e+02 3.646962460771911196e+02 1.404647266883810346e+02 2.430361934385626625e+02 1.011832423917719694e+02 1.388441576673875772e+02 3.408051657136328458e+02 2.606288284069745487e+02 2.918102321886688628e+02 1.364168773877720469e+02 5.909740755926205793e+02 5.450663304853997033e+02 2.987962770600115618e+02 3.813126868771794307e+02 4.865180998481361598e+02 4.257468831985363522e+02 5.107737059390231025e+02 2.963444749820733932e+02 4.369494762298041906e+02 4.627109113357352044e+02 5.571900288740029055e+02 3.893312880276770329e+02 4.115510616378061286e+02 4.982557353309067594e+02 5.025816031009496214e+02 4.559398263858573159e+02 2.941182091622316648e+02 3.989758163974094600e+02 4.794086881920101746e+02 5.650062577278409890e+02 3.914635720237679948e+02 5.283139486703096281e+02 4.096739522792807406e+02 3.875849335061560623e+02 2.565480795686580109e+02 5.011804819402672138e+02 5.115917391855603000e+02 5.185291935944611623e+02 4.541096379923696418e+02 5.698644373732673785e+02 2.973270113082168677e+02 3.208072633471840618e+02 4.601593222830349532e+02 3.456428351197296251e+02 6.236885269741259208e+02 5.435744824684003333e+02 5.008819738887227686e+02 6.017310265085102401e+02 3.922975765424946530e+02
2.541176470588235361e+02 9.264381467050500305e+02 1.105712567290648622e+03 5.886521418852230454e+02 7.405987078462906084e+02 8.927495119946074738e+02 1.119913742791878803e+03 5.732607275391510484e+02 3.028127333443073326e+02 4.747686880123959554e+02 4.532317992757343745e+02 1.963589724724748464e+02 3.062968664703121817e+02 3.635427839075967995e+02 4.393856847311342904e+02 1.623061815228587648e+02 2.842139264301311528e+02 1.930617064468918898e+02 4.666911649708595746e+02 1.933902440141828549e+02 4.181241348887235745e+02 5.341391866927612000e+02 3.362844508358786584e+02 2.232546566811980142e+02 1.734454795717663842e+02 7.203508322256749352e+02 4.502481437455768400e+02 5.435451942708314164e+02 3.023266807878428608e+02 3.193975587134803504e+02 1.899401432705731736e+02 5.839488541150797118e+02 5.717357052927804943e+02 4.687049306989513866e+02 2.521390051020815406e+02 3.377564190549143177e+02 7.212754657174026534e+02 5.634209877952706620e+02 2.337841347358473740e+02 9.388384255304636099e+02 4.519538974522539547e+02 1.607096127315033698e+02 3.913998014691308072e+02 5.082296254980066124e+02 5.608402916360848849e+02 5.068830257208134071e+02 3.287100042527708865e+02 1.073805785307998121e+03 4.779449837680054998e+02 5.554132246209701407e+02 4.366171245634729985e+02 3.384104432230446378e+02 3.796904022604331885e+02 5.682727719953794576e+02 3.885486397276488901e+02 8.345483198141795356e+02 6.070615652993980120e+02 4.697092646722796303e+02 2.503793339529082971e+02 4.261129335358843946e+02 3.305907693792942723e+02 3.266780021524869539e+02 6.304578439500481863e+02 4.248908850540705657e+02 1.635073244424275458e+02 2.818969013953762328e+02 1.175454591594062208e+02 1.616472658956739394e+02 3.916885113404047161e+02 3.039027726505740361e+02 3.374663146109548961e+02 1.589468163249258339e+02 6.793825267200054441e+02 6.276156847386816935e+02 3.400082750271812415e+02 4.381980985505452395e+02 5.568793686639310181e+02 4.906254919257230540e+02 5.927703171884172662e+02 3.427312387659990236e+02 5.038843160910885786e+02 5.305097746891974566e+02 6.446380539026266661e+02 4.468762180383035911e+02 4.797210700677339332e+02 5.757686736402367842e+02 5.814656778488401869e+02 5.255882655042835268e+02 3.403468074557628142e+02 4.575110014820055540e+02 5.550766644933813723e+02 6.545257714747358477e+02 4.487579339853147644e+02 6.093808793135756332e+02 4.698920535777567125e+02 4.447761949516267350e+02 2.945347125452609021e+02 5.771027753360646102e+02 5.936208661590334259e+02 5.997203822070686101e+02 5.195970351143572543e+02 6.543509075876418137e+02 3.420721981432661210e+02 3.706863575989085575e+02 5.283718457751432425e+02 3.920519590775909364e+02 7.190205998396219229e+02 6.268822705416713461e+02 5.772335173650715205e+02 6.922464237260054460e+02 4.565909008014828032e+02
2.547058823529411882e+02 1.059664468105202559e+03 1.257509251322718910e+03 6.779606319251678315e+02 8.461154178024296471e+02 1.016032363936782303e+03 1.274005575051200367e+03 6.587793988186937213e+02 3.527228677934255643e+02 5.473770777133620413e+02 5.235729331874164245e+02 2.284196280861422963e+02 3.562994306091161434e+02 4.192634029996303866e+02 5.059472433942639782e+02 1.838695377012321615e+02 3.284336537396409312e+02 2.181709679387760730e+02 5.369355027102168378e+02 2.187765912449983432e+02 4.835071025721373985e+02 6.158482811833741835e+02 3.875431063462034444e+02 2.565570981488140205e+02 2.030599575233646306e+02 8.283881912689512319e+02 5.200413315921597359e+02 6.271531671965676651e+02 3.505106435580935909e+02 3.686334862448644003e+02 2.143312509921331639e+02 6.706982764964069474e+02 6.566035854838456771e+02 5.433618381899555061e+02 2.923459349554202049e+02 3.909167576479258628e+02 8.238322224936705425e+02 6.469005162864210661e+02 2.693402704437058901e+02 1.074052829343514532e+03 5.215151123054209847e+02 1.868591553615304974e+02 4.494372050404886636e+02 5.843397446848440495e+02 6.478982421584231588e+02 5.853545624163714365e+02 3.805411723465401224e+02 1.221685139414536252e+03 5.515575819908648327e+02 6.362750763756376955e+02 5.022240613585937581e+02 3.936523116459480320e+02 4.407294959334587361e+02 6.565854416205626194e+02 4.509213994337479789e+02 9.481903401423282958e+02 6.972948942931637930e+02 5.431323087427072096e+02 2.873703694336977037e+02 4.916728167804804457e+02 3.829265710896920041e+02 3.770714247639595555e+02 7.278353579868497718e+02 4.939910105272030023e+02 1.912098191560790212e+02 3.274762468446622279e+02 1.375230180513180755e+02 1.890694855707497197e+02 4.509480975137838072e+02 3.541547337621311726e+02 3.906629245630778087e+02 1.860380039002922103e+02 7.787613196011427590e+02 7.207974262579450624e+02 3.889455075354657083e+02 5.036268201236129016e+02 6.374803603200795123e+02 5.645029789319255542e+02 6.859138179646632807e+02 3.967221583566241065e+02 5.806159727336130345e+02 6.083206532797115642e+02 7.439043498458347585e+02 5.132761867836584315e+02 5.577933116550352679e+02 6.642607424875058086e+02 6.713892324039051118e+02 6.053173455973643513e+02 3.941419621454534195e+02 5.253201396436376172e+02 6.415015764692757330e+02 7.558800875582065828e+02 5.151425397289955299e+02 7.011133729292387216e+02 5.395450560036138086e+02 5.110442970814464729e+02 3.394442214502090565e+02 6.635883562222836645e+02 6.866613681602256065e+02 6.920470777481898494e+02 5.949315563664005140e+02 7.509898351955462203e+02 3.944450986972464079e+02 4.284468863299035206e+02 6.065253326450226723e+02 4.466720035856147888e+02 8.266776372692684163e+02 7.208590791939010387e+02 6.648889504091001754e+02 7.941131597233857065e+02 5.303573920835443687e+02
2.552941176470588402e+02 1.207487169572196990e+03 1.424593414587362759e+03 7.781793435150977984e+02 9.634255275836666215e+02 1.152153531907953720e+03 1.443692016136428037e+03 7.541371371425937014e+02 4.103281323380527965e+02 6.291964567769491623e+02 6.034520578810478355e+02 2.662173211751230610e+02 4.138625435852026158e+02 4.833579814238141239e+02 5.816277583962227027e+02 2.104410656470946890e+02 3.801015644015882913e+02 2.490393453907465471e+02 6.166689376801014078e+02 2.499241451865584906e+02 5.576200629719759263e+02 7.081992037151885597e+02 4.468962097632619930e+02 2.962424299454629022e+02 2.378754815672308496e+02 9.495688916730105120e+02 5.989047400457936874e+02 7.215777722471032121e+02 4.062902428450148591e+02 4.256650488944077324e+02 2.444089616444116473e+02 7.673312633548781605e+02 7.513173067941310137e+02 6.284244845406667537e+02 3.393714178738134137e+02 4.521823637112754568e+02 9.382643917136507525e+02 7.414680423955649076e+02 3.113138381576020493e+02 1.224008487394853546e+03 6.000120384872898285e+02 2.179403047213456830e+02 5.159698132750750119e+02 6.710512130121575183e+02 7.463599733483082446e+02 6.741280318503329454e+02 4.404964575448805135e+02 1.384649847568236282e+03 6.348401947197949085e+02 7.270054787705367971e+02 5.767262284132782497e+02 4.574367878326209507e+02 5.105413849434235658e+02 7.561970896134894247e+02 5.221818230120476301e+02 1.074885341621600901e+03 7.983940455383955168e+02 6.263903635844120572e+02 3.310242279791518172e+02 5.660440156104691596e+02 4.433062106921844929e+02 4.354350654618442604e+02 8.376023748452422524e+02 5.726611933388809348e+02 2.240086752328032844e+02 3.802962415146089938e+02 1.614700712092862886e+02 2.215445656824409184e+02 5.191247746067252820e+02 4.119547687347609894e+02 4.519405717700444711e+02 2.181223451131664035e+02 8.896275319492098106e+02 8.251576025501548202e+02 4.460754641361976951e+02 5.780812735414281178e+02 7.288284405049400902e+02 6.478859350795289629e+02 7.909365453115470928e+02 4.588592963256267581e+02 6.677240562864573121e+02 6.966598037816884244e+02 8.556935069602253634e+02 5.890380980233325090e+02 6.465120789137746442e+02 7.644246267795215317e+02 7.730640442319109980e+02 6.957086096969378559e+02 4.560465056009913383e+02 6.029258815997769716e+02 7.393990681090770067e+02 8.697882968615369919e+02 5.911220403583346297e+02 8.041086473864440904e+02 6.191601408652275040e+02 5.869337326058612234e+02 3.917631170565205139e+02 7.612099679434957125e+02 7.914215789959628182e+02 7.961990353692639246e+02 6.805975303078398611e+02 8.604909576572847527e+02 4.549408669840950665e+02 4.946268365247130987e+02 6.951734149497901853e+02 5.099769677967044572e+02 9.473359417889710130e+02 8.260745987596834539e+02 7.645153664117005974e+02 9.078949816443091549e+02 6.142928834134110048e+02
2.558823529411764639e+02 1.370423036047479627e+03 1.607298965434041065e+03 8.898554066767411541e+02 1.092938141624233594e+03 1.301436040474281754e+03 1.629329371704237246e+03 8.597702209881880435e+02 4.762170569804266620e+02 7.207185233345271627e+02 6.934337481071305547e+02 3.102304055048492160e+02 4.795563011876512292e+02 5.563417384115399500e+02 6.669368280576239840e+02 2.424028925055318666e+02 4.397521443494840696e+02 2.860727008846237709e+02 7.064021326298751546e+02 2.872406251292893558e+02 6.409862904437923135e+02 8.117857376384091594e+02 5.148552066850920710e+02 3.428004229159704437e+02 2.783642141617546599e+02 1.084532869076171437e+03 6.873542554521335433e+02 8.274179225682831884e+02 4.702240758829375409e+02 4.910049172464003959e+02 2.805731646816507237e+02 8.742742346358852501e+02 8.563050589352424140e+02 7.245800612053595842e+02 3.937317076115562600e+02 5.221114777496352417e+02 1.064988786384132709e+03 8.476626853598509115e+02 3.601853273208238306e+02 1.389228791060826779e+03 6.879358315787455922e+02 2.543836974921947842e+02 5.914592373107332151e+02 7.689250593004087477e+02 8.568842557242332987e+02 7.737968105840209319e+02 5.091383864968826174e+02 1.563052502527981005e+03 7.283461966444855307e+02 8.280184499454206843e+02 6.605964511067065814e+02 5.304074847863583955e+02 5.897195252360778568e+02 8.677557538615903923e+02 6.029250072332367836e+02 1.214985873333255313e+03 9.108597628929961729e+02 7.200775067984151292e+02 3.818274164755675315e+02 6.497326346581110101e+02 5.122984004662054076e+02 5.023052774328169789e+02 9.604386875277152740e+02 6.615662079173757775e+02 2.623778334253633489e+02 4.409011963432383254e+02 1.897785342985733053e+02 2.595437812865561682e+02 5.967660639868673798e+02 4.778874479786482539e+02 5.218531268617952037e+02 2.556693288308873093e+02 1.012446321804023228e+03 9.412007018154356501e+02 5.118848238348453492e+02 6.620353202754649828e+02 8.314101683898426245e+02 7.412593406545994412e+02 9.085456125880365335e+02 5.296969154347972335e+02 7.657772055699845168e+02 7.960286626830311434e+02 9.806808790324173515e+02 6.746627461376200472e+02 7.466175384951442311e+02 8.769331127899612284e+02 8.871796799354558516e+02 7.973300666887090529e+02 5.266157086864419625e+02 6.908502271776601447e+02 8.494674146939526054e+02 9.969354722152859267e+02 6.772008863226758422e+02 9.189268750181416863e+02 7.092619967267150969e+02 6.729877194914010943e+02 4.519991327730679700e+02 8.705164435726370584e+02 9.085823889091443561e+02 9.128394465867477265e+02 7.770670228849519390e+02 9.835362179802646097e+02 5.240697719335610145e+02 5.697691312440329057e+02 7.948519036846088284e+02 5.824445914347788857e+02 1.081623808474436828e+03 9.430566839878804331e+02 8.767691195631149412e+02 1.034103710442631609e+03 7.090913437530765577e+02
2.564705882352941444e+02 1.548884094654543333e+03 1.805826640848744091e+03 1.013484189353403394e+03 1.234980970137009763e+03 1.464097334629796478e+03 1.831138645400949827e+03 9.760557271689269783e+02 5.509876598093102302e+02 8.223986334860934448e+02 7.940592620827054589e+02 3.609647124868605488e+02 5.539546253873571686e+02 6.387270595108485622e+02 7.623604293165102490e+02 2.801729724844535099e+02 5.079376645894283229e+02 3.297137137945383643e+02 8.066180025381735277e+02 3.311701403153592196e+02 7.341056084814979386e+02 9.271640505455160337e+02 5.919370209384434247e+02 3.967498601215580152e+02 3.250250577620665240e+02 1.233854317880631015e+03 7.858757772582131338e+02 9.452348638134501471e+02 5.428791844199888601e+02 5.651724534105561588e+02 3.232609535286131290e+02 9.918920204175448134e+02 9.719372790404235047e+02 8.324985883604178980e+02 4.559635748977017897e+02 6.012639476112530019e+02 1.204348817945554629e+03 9.659876122649892523e+02 4.164575888446068461e+02 1.570130155339872090e+03 7.857453199870411709e+02 2.966499095656122904e+02 6.763557056698386987e+02 8.784990711216980799e+02 9.800935783940368538e+02 8.849215259904777895e+02 5.870375136596337597e+02 1.757117252690787382e+03 8.325971668144815112e+02 9.396779853951626365e+02 7.542825485253487159e+02 6.132175428693710728e+02 6.788515553201502826e+02 9.918680949884541178e+02 6.937383068915828517e+02 1.368757945821087787e+03 1.035135709961724842e+03 8.247617370638390639e+02 4.402850616018281471e+02 7.432204123440586727e+02 5.904754140703655594e+02 5.782237269027871207e+02 1.096978149982114246e+03 7.613566127340161529e+02 3.068229553317023601e+02 5.098472372810032880e+02 2.228743178723501899e+02 3.035702413468614509e+02 6.844130433381981220e+02 5.525411731475790020e+02 6.009558120636038439e+02 2.991804449794782386e+02 1.147613532729855478e+03 1.069372517977018788e+03 5.868675925676225233e+02 7.559403247100839280e+02 9.456747810217360666e+02 8.450719309080548101e+02 1.039404747628876976e+03 6.097893305128119437e+02 8.753168214594381880e+02 9.068973588116228939e+02 1.119492878733645739e+03 7.706305347700226775e+02 8.588298368614924811e+02 1.002421315793229155e+03 1.014385757260735772e+03 9.107193463981043351e+02 6.064051787743777595e+02 7.895993478016080189e+02 9.723702731530121355e+02 1.137953095178354488e+03 7.738683319298060042e+02 1.046074083571227675e+03 8.103573335396282573e+02 7.697337858216214954e+02 5.206707191427569796e+02 9.920151767400067229e+02 1.038779170674544730e+03 1.042586855211271768e+03 8.847835082816818613e+02 1.120760752851821962e+03 6.023447621770945943e+02 6.544089401155035830e+02 9.060627755935340701e+02 6.645442935483854399e+02 1.230101936966287440e+03 1.072274129721623694e+03 1.002277089751679682e+03 1.173181338806572967e+03 8.154295543919980673e+02
2.570588235294117680e+02 1.743156923654387128e+03 2.020224218812589925e+03 1.149492220308272863e+03 1.389783583524128517e+03 1.640232284385499725e+03 2.049185431119103214e+03 1.103296639764367001e+03 6.352351864988926309e+02 9.346411952583581524e+02 9.058311585931527361e+02 4.189451041825503808e+02 6.376233894403247859e+02 7.310097503255334459e+02 8.683464762753617379e+02 3.241991293508336867e+02 5.852164641428538516e+02 3.804344910995615692e+02 9.177567068726976913e+02 3.821857512923319291e+02 8.374403311774833583e+02 1.054835963135742304e+03 6.786508017330046414e+02 4.586296707669191619e+02 3.783763105800382505e+02 1.398021408858172890e+03 8.949106342924917499e+02 1.075534844762674766e+03 6.248191855453550261e+02 6.486810741481772311e+02 3.729394368327631923e+02 1.120473010592487299e+03 1.098511684506797337e+03 9.528163296657315868e+02 5.266136538947251893e+02 6.901883076889392896e+02 1.356597042142324653e+03 1.096892236045425307e+03 4.806464177506246074e+02 1.767001085545002979e+03 8.938527380289611983e+02 3.452227050048249453e+02 7.710842312006772090e+02 1.000270527624171677e+03 1.116555944448305354e+03 1.008013633508007388e+03 6.747592212384309960e+02 1.966919989023489961e+03 9.480676503303387790e+02 1.062282956157016088e+03 8.581931452405317486e+02 7.065160873112014315e+02 7.785048463867068449e+02 1.129081418098764289e+03 7.951866839678466476e+02 1.536362846020686220e+03 1.171591902078864905e+03 9.409691758528084620e+02 5.069113092934312021e+02 8.469506534307462289e+02 6.784003547421572193e+02 6.637248894851818477e+02 1.247788650258347388e+03 8.726533629312806397e+02 3.578746468687357378e+02 5.876908241980406729e+02 2.612127072596385347e+02 3.541521934869478514e+02 7.825862851913781242e+02 6.364964341430021477e+02 6.897922449479939360e+02 3.491826145466671960e+02 1.295438466956376260e+03 1.210042933287429150e+03 6.715122465655815631e+02 8.602106547380769825e+02 1.072017265863701596e+03 9.597211796439189584e+02 1.184115472884001520e+03 6.996778333289391867e+02 9.968402118863319856e+02 1.029687767963617489e+03 1.272686824677409959e+03 8.773865443547222185e+02 9.838321586115416721e+02 1.141468184284803101e+03 1.155273493302784118e+03 1.036366325293832460e+03 6.959578283147675393e+02 8.996476988525203069e+02 1.108718625123955007e+03 1.293399019023939445e+03 8.815827719205817630e+02 1.185984753086236196e+03 9.229187104211391670e+02 8.776685357232724982e+02 5.982955161186599753e+02 1.126154236734056212e+03 1.182583138995706122e+03 1.185996486378056034e+03 1.004145113215653737e+03 1.272733199195416091e+03 6.902681704401812794e+02 7.490601499529778948e+02 1.029257619495106155e+03 7.567241784228556298e+02 1.393243580468957589e+03 1.214119346685309893e+03 1.141617235483385457e+03 1.325482086234341068e+03 9.339508119428179498e+02
2.576470588235293917e+02 1.953382771598350018e+03 2.250368640249335385e+03 1.298220179129223879e+03 1.557461319197796229e+03 1.829797605483829329e+03 2.283361517875106529e+03 1.241707302218938594e+03 7.295389245458811729e+02 1.057784961319023751e+03 1.029197492362753792e+03 4.847060642372676966e+02 7.311076816871134270e+02 8.336546818815992310e+02 9.852899916424310049e+02 3.749520768387071143e+02 6.721402898815393883e+02 4.387280887943974221e+02 1.040200337557992952e+03 4.407809339292400068e+02 9.514008279727127046e+02 1.195231957702438649e+03 7.754839498572609955e+02 5.289889433127523262e+02 4.389473749754775440e+02 1.577416205557261264e+03 1.014840770883019331e+03 1.218751570288555058e+03 7.165914869298688927e+02 7.420248498690117458e+02 4.300974522610827080e+02 1.260214740419649843e+03 1.236238672009202674e+03 1.086118446948090650e+03 6.062268512291238949e+02 7.894080616750942454e+02 1.521878401784084645e+03 1.240754282167054726e+03 5.532701265312365422e+02 1.979982221786179707e+03 1.012609286453199843e+03 4.006013526691385778e+02 8.760303552602811124e+02 1.134678582195980653e+03 1.266766293262798172e+03 1.143518679638405501e+03 7.728497015385943314e+02 2.192370352725735302e+03 1.075169599814451431e+03 1.196052234155508586e+03 9.726832167183580395e+02 8.109336631790772572e+02 8.892113801645647300e+02 1.279865417224122439e+03 9.077974159249446302e+02 1.717839943130467873e+03 1.320508340677572278e+03 1.069167837676338195e+03 5.822187057644008519e+02 9.613138161878922574e+02 7.766135740977475734e+02 7.593226737827218358e+02 1.413351997053531022e+03 9.960317010337842021e+02 4.160806884035675353e+02 6.749763857985919913e+02 3.052728899656471526e+02 4.118353274174028797e+02 8.917710710040757931e+02 7.303131587620430309e+02 7.888807048020662478e+02 4.062206171645601671e+02 1.456127149587751774e+03 1.363488995400845852e+03 7.662880662757006576e+02 9.752088870363888873e+02 1.210761395122544172e+03 1.085538175267711267e+03 1.343197904669706531e+03 7.998768505912092905e+02 1.130783414852333635e+03 1.164756425452354051e+03 1.440730701825330243e+03 9.953252054094896266e+02 1.122252987591202555e+03 1.294577675845222302e+03 1.310356846871949301e+03 1.174695497485474561e+03 7.957900827631167431e+02 1.021421678690949989e+03 1.259052179325588213e+03 1.463737418627952820e+03 1.000755662735115493e+03 1.339004531014516715e+03 1.047367961222550321e+03 9.972418524259165906e+02 6.853779518257618975e+02 1.273304441879680553e+03 1.340482420058678599e+03 1.343541345772930981e+03 1.135487765616860770e+03 1.439935673864210457e+03 7.883177308851370526e+02 8.542011948242217159e+02 1.164820868614714527e+03 8.593973427607601252e+02 1.571414878256182647e+03 1.368891239846948793e+03 1.295298731991707200e+03 1.491254971420977427e+03 1.065247889292224954e+03
2.582352941176470722e+02 2.179539224345142429e+03 2.495950317642583286e+03 1.459906266445929305e+03 1.738000384793605235e+03 2.032597872784714809e+03 2.533368817750663311e+03 1.391399566812322064e+03 8.344482178109133201e+02 1.192088434779313729e+03 1.164535823044028120e+03 5.587813580289132460e+02 8.349183068557888419e+02 9.470809941797073179e+02 1.113518113209257763e+03 4.329173983046574108e+02 7.692407885008794892e+02 5.050989832893919242e+02 1.174257515973251202e+03 5.074600054211738893e+02 1.076330941890547138e+03 1.348694120200422049e+03 8.828875819243952492e+02 6.083758735253238683e+02 5.072695158056463356e+02 1.772295022674187749e+03 1.145973917459708218e+03 1.375228712287097778e+03 8.187137132196684206e+02 8.456644798486707941e+02 4.952362289960499311e+02 1.411210173544134022e+03 1.385227370919973282e+03 1.232921102745292501e+03 6.953338844639018816e+02 8.994073037645488284e+02 1.700214421270712592e+03 1.397862034209514832e+03 6.348381982695307215e+02 2.209047847276943230e+03 1.142290737399554473e+03 4.632920133508832805e+02 9.915256750175675506e+02 1.282086539332197844e+03 1.431127827464276152e+03 1.291799425601993789e+03 8.818212365018436003e+02 2.433195805574336191e+03 1.214236708000242515e+03 1.341110384714903603e+03 1.098039577531938676e+03 9.270667903022223300e+02 1.011452131185625490e+03 1.444593999608565355e+03 1.032044326843476711e+03 1.913090720977365663e+03 1.482059103303433176e+03 1.209751204090704732e+03 6.667066494007959818e+02 1.086632970807820357e+03 8.856183728588231361e+02 8.654963283555711087e+02 1.594043894186892430e+03 1.132004506180977387e+03 4.819972254030878389e+02 7.722231703012411117e+02 3.555515659626771594e+02 4.771740586776533632e+02 1.012402071052308884e+03 8.345172555365909375e+02 8.986997667346732896e+02 4.708485002702790894e+02 1.629766425092251438e+03 1.529878506099418018e+03 8.716308324189774339e+02 1.101230948286869307e+03 1.362142943850995607e+03 1.222772641098277290e+03 1.517071507386608801e+03 9.108594997316694162e+02 1.277503979846463608e+03 1.312377575354571263e+03 1.623983118578630183e+03 1.124774799014117207e+03 1.274647818979346766e+03 1.462159767667158576e+03 1.480053505901822291e+03 1.326048425038361984e+03 9.063774666388118249e+02 1.155283104010971329e+03 1.423820622818870334e+03 1.649318948657095461e+03 1.131735277333897784e+03 1.505373189751275731e+03 1.184059453910923139e+03 1.128840766275920714e+03 7.823960756466890416e+02 1.433741745583007059e+03 1.512863263842263450e+03 1.515593332228130294e+03 1.279068490021938260e+03 1.622743708241054719e+03 8.969320697675977954e+02 9.702604174888798525e+02 1.313053059986540802e+03 9.729276941248223238e+02 1.764855704615534250e+03 1.536778640889592452e+03 1.463742047477719098e+03 1.670627085555936446e+03 1.209845468340693742e+03
2.588235294117646959e+02 2.421423805791170253e+03 2.756460290609290951e+03 1.634670375479766562e+03 1.931244434388128866e+03 2.248273747296495458e+03 2.798706056521036317e+03 1.552369903240803296e+03 9.504678725358309066e+02 1.337715801020251092e+03 1.312137335331950453e+03 6.416928495622393029e+02 9.495177663395541003e+02 1.071647140808109725e+03 1.253275317277261365e+03 4.985865722530131734e+02 8.770153429522835040e+02 5.800525652887135948e+02 1.320148313672538052e+03 5.827275889749673752e+02 1.212493558374621443e+03 1.515459503597838193e+03 1.001261670043364461e+03 6.973257714303333614e+02 5.838657573159099456e+02 1.982769887942145260e+03 1.288529107241161455e+03 1.545202842524754033e+03 9.316595473236740190e+02 9.600128925590272502e+02 5.688590739079987770e+02 1.573435032914543854e+03 1.545472719215556026e+03 1.393653470989481320e+03 7.944381201564882531e+02 1.020615936959827536e+03 1.891488889949763006e+03 1.568397152444565108e+03 7.258391554646467512e+02 2.453989415913448738e+03 1.283083474707628739e+03 5.337982638317414512e+02 1.117833445881349689e+03 1.442764442961494069e+03 1.609933681220509925e+03 1.453119331189528793e+03 1.002137022088008507e+03 2.688928429024755133e+03 1.365509060258530553e+03 1.497474233251326723e+03 1.234466670351930816e+03 1.055461876068646916e+03 1.145641219727359157e+03 1.623527429607060867e+03 1.168331869917306221e+03 2.121864702466941253e+03 1.656297458962340670e+03 1.363021956041386375e+03 7.608490754620210055e+02 1.223149433384794520e+03 1.005866225978791931e+03 9.826758918924967929e+02 1.790114551273144116e+03 1.281005406983251760e+03 5.561790134804394938e+02 8.799115028488141661e+02 4.125556530100586201e+02 5.507218566550120613e+02 1.144847820966278050e+03 9.495865916908447844e+02 1.019673548005822113e+03 5.436200265803895491e+02 1.816309375956632266e+03 1.709254718239158819e+03 9.879281166087328074e+02 1.238491523313009111e+03 1.526293552931544127e+03 1.371578481724311359e+03 1.706036252795485098e+03 1.033042776063659630e+03 1.437264018433300635e+03 1.472726787817676723e+03 1.822673993541757227e+03 1.265982168811428664e+03 1.441480619252854012e+03 1.644511852407985316e+03 1.664666267389216500e+03 1.490666538619097309e+03 1.028139829397515996e+03 1.301512767761252007e+03 1.603364911619111808e+03 1.850361664727512562e+03 1.274790646944643413e+03 1.685208488084942019e+03 1.333263514530734255e+03 1.272773345825884917e+03 8.897878567093932816e+02 1.607630210560529122e+03 1.699991649595926447e+03 1.702404878196089157e+03 1.435049286777075395e+03 1.821406776039767010e+03 1.016495911439831616e+03 1.097601254080114359e+03 1.474154579634770244e+03 1.097615573148730846e+03 1.973661553417367031e+03 1.717844685452286967e+03 1.647259293013157958e+03 1.863588057120731946e+03 1.368182379693805842e+03
2.594117647058823763e+02 2.678640015780746580e+03 3.031180634315531734e+03 1.822499382118001449e+03 2.136883087762108971e+03 2.476292691319612004e+03 3.078658692328253892e+03 1.724487898668589423e+03 1.078043211195235244e+03 1.494723600297795429e+03 1.472191534189737695e+03 7.339386157269382238e+02 1.075305949257496650e+03 1.207636030685911692e+03 1.404709069172532281e+03 5.724471101501384283e+02 9.959124604454544851e+02 6.640837864201894263e+02 1.477989761346932710e+03 6.670772210250598846e+02 1.360056664810642815e+03 1.695644274418579926e+03 1.130940137885990453e+03 7.963482776167568318e+02 6.692400038406926797e+02 2.208791371720673851e+03 1.442622831139303116e+03 1.728787245055523726e+03 1.055844236208604570e+03 1.085420701049630225e+03 6.514601874526849770e+02 1.746736598813140517e+03 1.716843863776303579e+03 1.568639863745319417e+03 9.040018945024892218e+02 1.153394753690632342e+03 2.095435357828840097e+03 1.752418468606454553e+03 8.267278098607919219e+02 2.714401633834169843e+03 1.435071206356975381e+03 6.126108442200942363e+02 1.255134537374640104e+03 1.616872300151757372e+03 1.803349345742449032e+03 1.627626721788995837e+03 1.134195791739171909e+03 2.958894885796402832e+03 1.529118368948727721e+03 1.665040674193217910e+03 1.382072931313531626e+03 1.196598720697074668e+03 1.292110132458603402e+03 1.816795453249513230e+03 1.316979255243017860e+03 2.343747577280515998e+03 1.843142182340426871e+03 1.529176190375833357e+03 8.650815590118706950e+02 1.371008982566806708e+03 1.137741813347460038e+03 1.111227426400065042e+03 2.001670422156511449e+03 1.443372060460060766e+03 6.391687661010072361e+02 9.984686653213806267e+02 4.767941210452383984e+02 6.330206769023739071e+02 1.289395245404943125e+03 1.075936634195378019e+03 1.152156858849915125e+03 6.250782337236066724e+02 2.015562326141439144e+03 1.901522318306292163e+03 1.115504460589445443e+03 1.387110038579066213e+03 1.703225664851478541e+03 1.532000173819251131e+03 1.910254621845840347e+03 1.166772681833044999e+03 1.610214017027166619e+03 1.645865398287521884e+03 2.036886343728575639e+03 1.419097934572974964e+03 1.623105526195487528e+03 1.841800901568017707e+03 1.864365092262040889e+03 1.668674804964872237e+03 1.161426495244601938e+03 1.460294564393919245e+03 1.797899323769859848e+03 2.066933081178694920e+03 1.430095932198823675e+03 1.878491178538066151e+03 1.495150476378301619e+03 1.429252948643040781e+03 1.007937165106161046e+03 1.795006161972528162e+03 1.901995808275064064e+03 1.904091499465210973e+03 1.603481849216121191e+03 2.036029633004779953e+03 1.147325306439273390e+03 1.236507488714292549e+03 1.648210156981793489e+03 1.233683484162748755e+03 2.197766882339132280e+03 1.912012627510346647e+03 1.846035365114911656e+03 2.069976158101436795e+03 1.540594080470546714e+03
2.600000000000000000e+02 2.950586401278394987e+03 3.319178476217780826e+03 2.023234131836004508e+03 2.354442834345436495e+03 2.715942693923266688e+03 3.372292632665734800e+03 1.907486474862299701e+03 1.217545011481628308e+03 1.663048648419575557e+03 1.644771716284158629e+03 8.359804866174167728e+02 1.212605810844860798e+03 1.355240612733885882e+03 1.567856478840643376e+03 6.549719069974447621e+02 1.126316972967944366e+03 7.576650783784141368e+02 1.647782391729705523e+03 7.609792641641565751e+02 1.519080187815222644e+03 1.889229011027025308e+03 1.272176135069589236e+03 9.059139786262310281e+02 7.638655237494964467e+02 2.450133448007106381e+03 1.608256159791483469e+03 1.925956960040621652e+03 1.191610022213893217e+03 1.222161787800120919e+03 7.435127506492374323e+02 1.930824251613267506e+03 1.899074330126529503e+03 1.758082543066087510e+03 1.024432519427729176e+03 1.298020691627677252e+03 2.311626902059925669e+03 1.949847209847695240e+03 9.379121053958889433e+02 2.989671429477155925e+03 1.598222761590091977e+03 7.001967281803363221e+02 1.403514108500052089e+03 1.804444343673396361e+03 2.011396260445309053e+03 1.815339956172299480e+03 1.278316478985041613e+03 3.242209839463846947e+03 1.705074256851220753e+03 1.843576169128800075e+03 1.540858137167395853e+03 1.350874016447907024e+03 1.451092381806412959e+03 2.024381636011503815e+03 1.478205125430021781e+03 2.578151978506177329e+03 2.042365606284782416e+03 1.708288603923685514e+03 9.797880530026841370e+02 1.530248835175699242e+03 1.281548114263134948e+03 1.251438347271503972e+03 2.228657348965345136e+03 1.619329873847995714e+03 7.314857370024407146e+02 1.128254644825675541e+03 5.487689946952558557e+02 7.245896351233176347e+02 1.446234658088761989e+03 1.213906023008285501e+03 1.296420489806182331e+03 7.157442077954583510e+02 2.227174043403641917e+03 2.106435341473415065e+03 1.254606742011618508e+03 1.547097618177287814e+03 1.892818801061029944e+03 1.703960373313702576e+03 2.129734820283567842e+03 1.312309518080139242e+03 1.796377659699771357e+03 1.831726295231251697e+03 2.266539694879701528e+03 1.584162547836815293e+03 1.819749104800538589e+03 2.054046775548711594e+03 2.079170422470154335e+03 1.860066543814915121e+03 1.306501580331236710e+03 1.631700401571853945e+03 2.007494432336879299e+03 2.298933922383741447e+03 1.597715768218983612e+03 2.085051679625008546e+03 1.669775545591362516e+03 1.598383176632017694e+03 1.137159680484740875e+03 1.995763746220302437e+03 2.118850210202898324e+03 2.120615718988394747e+03 1.784293662599498930e+03 2.266555197491978106e+03 1.289653077112959863e+03 1.387169002644178590e+03 1.835174617002327068e+03 1.381262314559056904e+03 2.436930443446270601e+03 2.119053335551382588e+03 2.060110296752940030e+03 2.289466468310599794e+03 1.727295625425628486e+03
2.605882352941176805e+02 3.236448904198068249e+03 3.619304039601566274e+03 2.236558305370396283e+03 2.583280552631444152e+03 2.966329110946607216e+03 3.678451831438224417e+03 2.100954169230532443e+03 1.369254691224023873e+03 1.842497389855713436e+03 1.829821700054230632e+03 9.482312341901789523e+02 1.361649355779717325e+03 1.514550206161611413e+03 1.742632034383419295e+03 7.466079602831532611e+02 1.268535326323091112e+03 8.612337284548420939e+02 1.829398125887148353e+03 8.648682674290806744e+02 1.689504036557294285e+03 2.096045614252163887e+03 1.425127945120402273e+03 1.026440634832823434e+03 8.681729681907033864e+02 2.706380816282613978e+03 1.785303321223756711e+03 2.136535495627935234e+03 1.339211786926098057e+03 1.370419375445649621e+03 8.454564405621072183e+02 2.125262131238726397e+03 2.091754209973224988e+03 1.962045522358540438e+03 1.156068230278365490e+03 1.454672523554293093e+03 2.539468530758309953e+03 2.160453971508695759e+03 1.059739770966159313e+03 3.278970456133816242e+03 1.772381300196602751e+03 7.969876875200390032e+02 1.562949265829492106e+03 2.005374858770806895e+03 2.233937089404893868e+03 2.016134153975603795e+03 1.434723342097948262e+03 3.537773357980896435e+03 1.893251897076650266e+03 2.032708111135508716e+03 1.710702013106378672e+03 1.518584983854337224e+03 1.622708841235058344e+03 2.246109415286876811e+03 1.652112963516904983e+03 2.824311296747453980e+03 2.253583860802891195e+03 1.900298816253731729e+03 1.105287518021174719e+03 1.700785889586576786e+03 1.437491886972344901e+03 1.403503132189412781e+03 2.470845802276598533e+03 1.808976608849788136e+03 8.336136822527179220e+02 1.269548027366027554e+03 6.289656252489243116e+02 8.259130383168230765e+02 1.615445499937225122e+03 1.363742422078323898e+03 1.452637044923341364e+03 8.161052146117118582e+02 2.450627263347074404e+03 2.323587164908558407e+03 1.405389980948526045e+03 1.718345276856525743e+03 2.094807674986264828e+03 1.887249093932702635e+03 2.364315775215394297e+03 1.469813794260099712e+03 1.995638179930969045e+03 2.030101429723351885e+03 2.511375512548667757e+03 1.761093689858492326e+03 2.031493636969453519e+03 2.281107221814202603e+03 2.308938121353319275e+03 2.064689837333217383e+03 1.463529857215244419e+03 1.815676421925279101e+03 2.232061683585330229e+03 2.546083936371606796e+03 1.777591755953573511e+03 2.304558694059089248e+03 1.857065045450469597e+03 1.780143949219284877e+03 1.277689067241742350e+03 2.209642415537065972e+03 2.350361253112882878e+03 2.351772797886853368e+03 1.977275667291242826e+03 2.512749368373566540e+03 1.443614962182057525e+03 1.549668179456657754e+03 2.034860254414105611e+03 1.540378269976424008e+03 2.690723085895498116e+03 2.338575043309991543e+03 2.289363246444213019e+03 2.521561511845648511e+03 1.928365656669484224e+03
2.611764705882353041e+02 3.535197013844896901e+03 3.930192910129798292e+03 2.461989654317828354e+03 2.822580032106761792e+03 3.226375051409080243e+03 3.995760268940321566e+03 2.304329687180398651e+03 1.533349960339748350e+03 2.032737136773516568e+03 2.027144166233943679e+03 1.071041598908975629e+03 1.522564194128234703e+03 1.685537865397795940e+03 1.928816993899592262e+03 8.477646029559949739e+02 1.422781227008708356e+03 9.751789091348572356e+02 2.022569876764144965e+03 9.791300047465558691e+02 1.871137556863812279e+03 2.315766192691732613e+03 1.589845643023568982e+03 1.158279268704972537e+03 9.825381073635471694e+02 2.976918961078472876e+03 1.973501812148679846e+03 2.360183571466364810e+03 1.498803276869043657e+03 1.530272771722398147e+03 9.576845831126265693e+02 2.329464120203710991e+03 2.294324667731825230e+03 2.180439845689545109e+03 1.299164380839511296e+03 1.623417402897547390e+03 2.778192445524183768e+03 2.383847889122816468e+03 1.192485077204943082e+03 3.581251289291712965e+03 1.957255193699698793e+03 9.033684989429331154e+02 1.733298088064419517e+03 2.219405747013457585e+03 2.470662989322162048e+03 2.229729751363477135e+03 1.603531726385560205e+03 3.844272329268577323e+03 2.093381449371301642e+03 2.231918460971636705e+03 1.891354465984626813e+03 1.699913725829437681e+03 1.806954228743906469e+03 2.481630284446399401e+03 1.838677672184182484e+03 3.081276793303255999e+03 2.476249386463600786e+03 2.104999522181115026e+03 1.241820680119809367e+03 1.882406490557898678e+03 1.605669960884712737e+03 1.567509805141821289e+03 2.727818472800704058e+03 2.012268291965648359e+03 9.459883726061560765e+02 1.422532357999072019e+03 7.178423225649568167e+02 9.374279786436460427e+02 1.796983258141691749e+03 1.525588936760682600e+03 1.620867571776902878e+03 9.266023752264189852e+02 2.685233078894285427e+03 2.552403118765552790e+03 1.567904010875741960e+03 1.900613720327005694e+03 2.308772525035126364e+03 2.081514772714710944e+03 2.613654420523516364e+03 1.639332885285485418e+03 2.207726517580709242e+03 2.240631261525057198e+03 2.770945260233291265e+03 1.949675113777612751e+03 2.258261888468886809e+03 2.522664983946117900e+03 2.553346533334265132e+03 2.282235963816748608e+03 1.632563466092272847e+03 2.012030713341633373e+03 2.471339817176753058e+03 2.807910314693162491e+03 1.969530561403865249e+03 2.536510320392239464e+03 2.056804304762683842e+03 1.974379065778892482e+03 1.429663680473797513e+03 2.436216690911589922e+03 2.596155224187455588e+03 2.597178766375924170e+03 2.182072029295170978e+03 2.774188134174176412e+03 1.609236596506745173e+03 1.723967507057967168e+03 2.246926131076048023e+03 1.710941025858879357e+03 2.958518350328843553e+03 2.570015567286774967e+03 2.533498630775390211e+03 2.765584651164417210e+03 2.143731855023223943e+03
2.617647058823529278e+02 3.845583841535505144e+03 4.250272588886825361e+03 2.698873950421532300e+03 3.071351713828307311e+03 3.494825318875979519e+03 4.322628333994268360e+03 2.516899115463478665e+03 1.709891401685501705e+03 2.233289404660858963e+03 2.236390951430399582e+03 1.204687420400196288e+03 1.695361102657358515e+03 1.868049233897308568e+03 2.126050648364441713e+03 9.588014608708550668e+02 1.589161995096928877e+03 1.099828588001706521e+03 2.226883196861173474e+03 1.104088405629089493e+03 2.063650876514250285e+03 2.547894286605892830e+03 1.766259050483795363e+03 1.301700410448941057e+03 1.107269528644859520e+03 3.260927628755157002e+03 2.172444649866432428e+03 2.596390351223867128e+03 1.670424139199620868e+03 1.701685289774399735e+03 1.080531154280800365e+03 2.542691518079434900e+03 2.506075036302569060e+03 2.413010774806466543e+03 1.453880109835867643e+03 1.804198564762000160e+03 3.026856531286610334e+03 2.619468366323205373e+03 1.336335884277863670e+03 3.895247678274148257e+03 2.152411017997960244e+03 1.019665037357713686e+03 1.914290238029807597e+03 2.446116363199157149e+03 2.721083387208521344e+03 2.455683221369959028e+03 1.784734949393281568e+03 4.160186279290360289e+03 2.305039510579386388e+03 2.440539895563383197e+03 2.082427730557249106e+03 1.894912525966633439e+03 2.003685072692694348e+03 2.730414550152961056e+03 2.037733704416276851e+03 3.347918191601792842e+03 2.709646304413034159e+03 2.322026477313761916e+03 1.389537310880918767e+03 2.074758032816335799e+03 1.786056495230567634e+03 1.743427437299464145e+03 2.998960756792586380e+03 2.229006760054387087e+03 1.068984890839148648e+03 1.587283208830585863e+03 8.158195183818319265e+02 1.059511680063947324e+03 1.990667870415865536e+03 1.699471397906405173e+03 1.801049379035182483e+03 1.047618076564908961e+03 2.930128310997381959e+03 2.792135869034528696e+03 1.742081305773777558e+03 2.093525091129526118e+03 2.534131839112369562e+03 2.286257555201387277e+03 2.877215395398455712e+03 1.820789058070794681e+03 2.432211754319585452e+03 2.462796634316262953e+03 3.044601171169089866e+03 2.149547498650252692e+03 2.499803786929521266e+03 2.778217396712391292e+03 2.811886106989951259e+03 2.512230118556864909e+03 1.813529869642993162e+03 2.220423070646630094e+03 2.724883760002140662e+03 3.083739071869897089e+03 2.173193903174224488e+03 2.780227862096744957e+03 2.268627563905539319e+03 2.180785582976362093e+03 1.593114056812059744e+03 2.674888508360951164e+03 2.855668953190938282e+03 2.856261058519742619e+03 2.398172138894396539e+03 3.050247630661707262e+03 1.786421779368197576e+03 1.909898527763655011e+03 2.470869732496085362e+03 1.892733302250375345e+03 3.239486334694077868e+03 2.812637428152346274e+03 2.792034742389196708e+03 3.020676548921428093e+03 2.373158111312556230e+03
2.623529411764706083e+02 4.166150508586985779e+03 4.577773546514306872e+03 2.946381816110430009e+03 3.328435736107833691e+03 3.770254059323705860e+03 4.657263709973561163e+03 2.737795817679693300e+03 1.898810217723993901e+03 2.443525701827658395e+03 2.457055573129639015e+03 1.349357140320805456e+03 1.879922820418101310e+03 2.061793053582578523e+03 2.333823759007740136e+03 1.080016349747687627e+03 1.767666026153980283e+03 1.235436587498282051e+03 2.441770263524273105e+03 1.239992657084445682e+03 2.266568294628394142e+03 2.791758859186632435e+03 1.954167121125961557e+03 1.456880768745355681e+03 1.242596549655105946e+03 3.557377710808809752e+03 2.381574771666414108e+03 2.844467321603189703e+03 1.853988238703421985e+03 1.884493471764232709e+03 1.214257882116072551e+03 2.764053470726061732e+03 2.726142681074516076e+03 2.659327176551109460e+03 1.620265879271760468e+03 1.996824507436752356e+03 3.284346192242652705e+03 2.866579620842798249e+03 1.491381428265765862e+03 4.219479140727499725e+03 2.357268696618382364e+03 1.146132427266858258e+03 2.105519570226692394e+03 2.684915929059714472e+03 2.984518637511442193e+03 2.693380496310730450e+03 1.978192579560889044e+03 4.483797402040061570e+03 2.527643027962431916e+03 2.657754680022109369e+03 2.283390677098274864e+03 2.103490521148009975e+03 2.212609392461323750e+03 2.991744891817381813e+03 2.248965034163740256e+03 3.622928023146238047e+03 2.952888761208621418e+03 2.550851018035000379e+03 1.548484169696944718e+03 2.277342711954309834e+03 1.978491747203686145e+03 1.931095098601844711e+03 3.283454404565440200e+03 2.458829226229362121e+03 1.202904954413202177e+03 1.763756444018000366e+03 9.232686140987391354e+02 1.192468873540088453e+03 2.196173919609956101e+03 1.885286948961497501e+03 1.992985364387611753e+03 1.179463361247960847e+03 3.184276103737347512e+03 3.041863974526384482e+03 1.927726197150479265e+03 2.296556918562560440e+03 2.770137930774480083e+03 2.500825064798810672e+03 3.154263957759518689e+03 2.013968922148701267e+03 2.668494017104083923e+03 2.695913414138154621e+03 3.331490530767717246e+03 2.360201544666109839e+03 2.755685407665929688e+03 3.047068842492190015e+03 3.083851839738532817e+03 2.754024848566530636e+03 2.006221258600694455e+03 2.440357022931105348e+03 2.992056212886374851e+03 3.372689662767844766e+03 2.388090888077260388e+03 3.034852683624273595e+03 2.492010264666367220e+03 2.398905352132837834e+03 1.767951692203021594e+03 2.924882498862786633e+03 3.128143437237317812e+03 3.128252233735175196e+03 2.624905350022498169e+03 3.340097354267011269e+03 1.974942329053640151e+03 2.107152595445959378e+03 2.706021278991784129e+03 2.085402225397360780e+03 3.532591075086042565e+03 3.065525982068082158e+03 3.064295335975912167e+03 3.285795049933301470e+03 2.616233985286569805e+03
2.629411764705882320e+02 4.495234665161004159e+03 4.910744475436438734e+03 3.203508783256450442e+03 3.592508494872665324e+03 4.051076052999043441e+03 4.997686567285037199e+03 2.966003341370267208e+03 2.099897532748058893e+03 2.662665875802689243e+03 2.688468361579469274e+03 1.505139936059133561e+03 2.075994435728828648e+03 2.266333727401268789e+03 2.551474478049587105e+03 1.211633329114470598e+03 1.958151500356183305e+03 1.382170017280849379e+03 2.666506465847942309e+03 1.387004651728677572e+03 2.479264057505103665e+03 3.046511082686212376e+03 2.153229217129434801e+03 1.623890616019840763e+03 1.388657549680589682e+03 3.865032065552707081e+03 2.600182106043293970e+03 3.103545327805798934e+03 2.049273474009795791e+03 2.078398140349791902e+03 1.359041737917978026e+03 2.992510326007894037e+03 2.953515752439373955e+03 2.918773622817215710e+03 1.798252081930752865e+03 2.200959979891266357e+03 3.549379628139708075e+03 3.124268379852832823e+03 1.657600993495183502e+03 4.552259754273724866e+03 2.571099337462433141e+03 1.282943591632965081e+03 2.306438920719312136e+03 2.935038789517610894e+03 3.260095710811155186e+03 2.942033072090619953e+03 2.183620437595238400e+03 4.813204987492604232e+03 2.760445894866474646e+03 2.882596348497337658e+03 2.493565679330450166e+03 2.325402077489941348e+03 2.433278634026771670e+03 3.264713124564443206e+03 2.471897338933291849e+03 3.904829631052505192e+03 3.204922322174974397e+03 2.790775075916955757e+03 1.718594054563890495e+03 2.489513664037624039e+03 2.182672560073503973e+03 2.130212489935403482e+03 3.580274735471796248e+03 2.701200324827198074e+03 1.347964446472025656e+03 1.951777756933248384e+03 1.040500723666996464e+03 1.336519376944314445e+03 2.413023124414188260e+03 2.082794212042208073e+03 2.196335154001697902e+03 1.322365581832942553e+03 3.446469986881079421e+03 3.300493591549947269e+03 2.124506027251558407e+03 2.509038472640851523e+03 3.015875527458736087e+03 2.724410817433546526e+03 3.443862053743473098e+03 2.218514767906372526e+03 2.915800317477142016e+03 2.939129868870069004e+03 3.630553323910906329e+03 2.580973464543841146e+03 3.025280660069573059e+03 3.328326473060376884e+03 3.368339077752566936e+03 3.006796415642974353e+03 2.210285890735538942e+03 2.671174332652706653e+03 3.272022377951977433e+03 3.673673337129274842e+03 2.613572745108659092e+03 3.299346318452508058e+03 2.726263888042830786e+03 2.628119076284377570e+03 1.953959246548495685e+03 3.185244470365266352e+03 3.412620792288659231e+03 3.412186965428348230e+03 2.861438502664663247e+03 3.642696968640141222e+03 2.174429817137548071e+03 2.315273720911247437e+03 2.951540924738476861e+03 2.288452812376327984e+03 3.836591780489354278e+03 3.327590936683330256e+03 3.349404416469306852e+03 3.559718523268116314e+03 2.872366687815266687e+03
2.635294117647058556e+02 4.830983432705020277e+03 5.247071732099852852e+03 3.469078626556497966e+03 3.862092591921938947e+03 4.335561599119524544e+03 5.341749157123643272e+03 3.200361223098349910e+03 2.312795625587985796e+03 2.889779281185667514e+03 2.929794434611863380e+03 1.672014856742133361e+03 2.283175779976904778e+03 2.481086231463144486e+03 2.778186938351685058e+03 1.353791234325454980e+03 2.160336838351973711e+03 1.540097446981363191e+03 2.900209805532744213e+03 1.545187280458303121e+03 2.700960749870967447e+03 3.311124531626014232e+03 2.362958440291759416e+03 1.802682283857590164e+03 1.545489141872384153e+03 4.182450240294664582e+03 2.827403222959056166e+03 3.372574732904095526e+03 2.255913422630414971e+03 2.282957318887285055e+03 1.514963054103731793e+03 3.226880007025888062e+03 3.187038951181669290e+03 3.190545455566832061e+03 1.987639198316499915e+03 2.416119131008096701e+03 3.820516635123267861e+03 3.391444820797953525e+03 1.834853839408752265e+03 4.891711363923455792e+03 2.793025620004604662e+03 1.430178344627822980e+03 2.516357266110559976e+03 3.195542755097927056e+03 3.546747427766302735e+03 3.200677307552578895e+03 2.400582702565222007e+03 5.146343862898952466e+03 3.002538384057884741e+03 3.113954428401054884e+03 2.712127933183483037e+03 2.560237343172511828e+03 2.665081943427968781e+03 3.548220418378744853e+03 2.705892650852602401e+03 4.191988877882336055e+03 3.464528827973218085e+03 3.040929234965724845e+03 1.899676232797722605e+03 2.710473756047978895e+03 2.398144910816870379e+03 2.340332674693283479e+03 3.888191546989131893e+03 2.955406795680552477e+03 1.504281629765952175e+03 2.151034037639675262e+03 1.167755520413326394e+03 1.491786286185810468e+03 2.640579111789417766e+03 2.291605292564418050e+03 2.410608368618447457e+03 1.476456509739694411e+03 3.715341301257826672e+03 3.566763677151961019e+03 2.331944204555511988e+03 2.730149842861828802e+03 3.270263558192927576e+03 2.956055545998961861e+03 3.744868095451445242e+03 2.433918137664557435e+03 3.173183393747309765e+03 3.191427360965160005e+03 3.940523839376217438e+03 2.811043320564570877e+03 3.307766093577111860e+03 3.620899371132568831e+03 3.664242737724405742e+03 3.269544332208596643e+03 2.425221507475009730e+03 2.912052464038092694e+03 3.563748081681187614e+03 3.985395213924197378e+03 2.848830390672129852e+03 3.572493993044258332e+03 2.970533822344246801e+03 2.867643086347663484e+03 2.150782487996916188e+03 3.454843166977357669e+03 3.707944757658948220e+03 3.706902608867022082e+03 3.106776504798231599e+03 3.956796830067419251e+03 2.384369399486712155e+03 2.533653706844422686e+03 3.206419044128253972e+03 2.501243754453468227e+03 4.150047880215249279e+03 3.597571196751446678e+03 3.646284553929310732e+03 3.841052734431255431e+03 3.140776039720608424e+03
2.641176470588235361e+02 5.171370408058870453e+03 5.584502583927479463e+03 3.741750131384951146e+03 4.135570169263934076e+03 4.621854634129351325e+03 5.687159145428197917e+03 3.439573831059126860e+03 2.536991254620881591e+03 3.123788836213899685e+03 3.180034506442199017e+03 1.849841080306701087e+03 2.500915849926880128e+03 2.705313456787065661e+03 3.012992702174083206e+03 1.506532874484597869e+03 2.373793178521867958e+03 1.709178002572479500e+03 3.141843234065348042e+03 1.714493556691348203e+03 2.930730386489370176e+03 3.584398493805503222e+03 2.582717425411772638e+03 1.993079996221849115e+03 1.713016287117347929e+03 4.507997288841632326e+03 3.062223979204500665e+03 3.650329114671699699e+03 2.473391231145921211e+03 2.497581501317745733e+03 1.681994598968590026e+03 3.465847318833269128e+03 3.425422226525218321e+03 3.473647039836974727e+03 2.188089620230152377e+03 2.641661022647243499e+03 4.096170732694586150e+03 3.666846965750023173e+03 2.022870733813099378e+03 5.235780894411332156e+03 3.022025060612009383e+03 1.587813409939735266e+03 2.734439580897693304e+03 3.465310759001254155e+03 3.843215202934044555e+03 3.468176920149130183e+03 2.628486290017270221e+03 5.481006695042343381e+03 3.252849614010498954e+03 3.350582044429593225e+03 2.938107674722779848e+03 2.807415182687460856e+03 2.907243195176236895e+03 3.840980989473380305e+03 2.950146779540265470e+03 4.482629397562738632e+03 3.730334424916581156e+03 3.300273788570091256e+03 2.091408474178391316e+03 2.939277029629528897e+03 2.624298832242384833e+03 2.560857026807282182e+03 4.205773946885631631e+03 3.220555169488649426e+03 1.671866083005272912e+03 2.361066682169477644e+03 1.305190481449340950e+03 1.658284968853072314e+03 2.878044971077363698e+03 2.511180053595063328e+03 2.635160303131635828e+03 1.641761304527137554e+03 3.989370040824403532e+03 3.839254528623314400e+03 2.549415757046670933e+03 2.958923734802740000e+03 3.532060112158605534e+03 3.194651445656889337e+03 4.055940404496461724e+03 2.659515736030475637e+03 3.439523816250332857e+03 3.451624131808151560e+03 4.259936097888268705e+03 3.049436123449300339e+03 3.602118954353232311e+03 3.923501361661625651e+03 3.970260283446918493e+03 3.541094246918838508e+03 2.650371227699171868e+03 3.162004932015825489e+03 3.866001495374306160e+03 4.306360400276705150e+03 3.092894949881155298e+03 3.852911638426752233e+03 3.223800156588778009e+03 3.116529017744869179e+03 2.357924436810148109e+03 3.732375551920319140e+03 4.012764955979177103e+03 4.011043530069724511e+03 3.359766127297448293e+03 4.280942608955438118e+03 2.604096153486699222e+03 2.761529878021041441e+03 3.469479779747783596e+03 2.722985800170132734e+03 4.471328219153742793e+03 3.874043243607868590e+03 3.953659002328222869e+03 4.128241380374379332e+03 3.420492544064975846e+03
2.647058823529411598e+02 5.514216586822352838e+03 5.920671820071653201e+03 4.020027185813809865e+03 4.411199343126084386e+03 4.907993970559556146e+03 6.031506606422649384e+03 3.682222013923687882e+03 2.771811498139223659e+03 3.363477977353839833e+03 3.438029018386737334e+03 2.038349803776482759e+03 2.728509853385523002e+03 2.938126330892996975e+03 3.254775055034490379e+03 1.669795200949505897e+03 2.597939029708157250e+03 1.889251780254648565e+03 3.390220024143904539e+03 1.894757143711176923e+03 3.167498363292690556e+03 3.864964859865981907e+03 2.811716572418999931e+03 2.194771379990936566e+03 1.891043742465054038e+03 4.839856597602989495e+03 3.303484985280630553e+03 3.935412316608297260e+03 2.701035766756926478e+03 2.721531370155606055e+03 1.859991868974397903e+03 3.707976119918363111e+03 3.667252390781873601e+03 3.766893493852805022e+03 2.399121518240640853e+03 2.876787735734470061e+03 4.374624711368364842e+03 3.949048559060933258e+03 2.221247205600455800e+03 5.582261701110048307e+03 3.256936121899199406e+03 1.755713520580003205e+03 2.959709285179410017e+03 3.743055882602520796e+03 4.148055507643373858e+03 3.743228813540261399e+03 2.866577872934949482e+03 5.814869764910118647e+03 3.510153204741753598e+03 3.591106486292994759e+03 3.170395168946096874e+03 3.066178770901246935e+03 3.158820835332858678e+03 4.141529533759168771e+03 3.203689604753043113e+03 4.774851169824907629e+03 4.000820947588111267e+03 3.567603051183214120e+03 2.293331065127673810e+03 3.174833157117860992e+03 2.860365895463513880e+03 2.791032769344250028e+03 4.531399211516892137e+03 3.495572658344281990e+03 1.850608853524931646e+03 2.581267192759263708e+03 1.452870636058441733e+03 1.835913122117022112e+03 3.124463707553049517e+03 2.740822727159851183e+03 2.869190193963162073e+03 1.818188547346409450e+03 4.266899030825139562e+03 4.116399667395910001e+03 2.776145325581751422e+03 3.194250196612737454e+03 3.799870844905602098e+03 3.438949444015460358e+03 4.375544622580228861e+03 2.894488031153936390e+03 3.713535404659580763e+03 3.718382463265472779e+03 4.587133363634890884e+03 3.295026011073775862e+03 3.907118857190326253e+03 4.234657617774836581e+03 4.284898436642875822e+03 3.820104164507901260e+03 2.884922053043842425e+03 3.419884818028749578e+03 4.177358617616146148e+03 4.634884014619473419e+03 3.344641234037948834e+03 4.139056378440235676e+03 3.484881691952055462e+03 3.373666678283463625e+03 2.574741604255626498e+03 4.016375544379032817e+03 4.325544850871819108e+03 4.323069146999774603e+03 3.619102901208095773e+03 4.613483817768031258e+03 2.832793950486159702e+03 2.997985513082580383e+03 3.739387891442738692e+03 2.952742808433915798e+03 4.798624085528662363e+03 4.155432808970256701e+03 4.270057564212524994e+03 4.419580033357020511e+03 3.710358839090027686e+03
2.652941176470588402e+02 5.857214796700895022e+03 6.253131312841789622e+03 4.302272168302034515e+03 4.687133605435767095e+03 5.191937073351786239e+03 6.372293917552229686e+03 3.926777539965587493e+03 3.016422141345560249e+03 3.607500493454748721e+03 3.702465205254965440e+03 2.237137808374375254e+03 2.965098665330442145e+03 3.178486671614100487e+03 3.502276356047466834e+03 1.843400684428167096e+03 2.832037428650887705e+03 2.080031727759539081e+03 3.644012114261312036e+03 2.085684346752585043e+03 3.410050291402587391e+03 4.151298239492393805e+03 3.049015071670995439e+03 2.407300861810984316e+03 2.079249100030997852e+03 5.176046563483424507e+03 3.549890013596319477e+03 4.226268950826438413e+03 2.938020412482007487e+03 2.953918096975216031e+03 2.048684815308485213e+03 3.951724188380713713e+03 3.911007370483565410e+03 4.068915903627658281e+03 2.620104898102897550e+03 3.120545230348888708e+03 4.654048964891733704e+03 4.236470292179899843e+03 2.429438889311734783e+03 5.928818377966924345e+03 3.496467150575697360e+03 1.933623979580750301e+03 3.191053516074654908e+03 4.027329704135068368e+03 4.459649990281954160e+03 4.024372203370545776e+03 3.113943595111090872e+03 6.145521620415840516e+03 3.773075932601207114e+03 3.834042497253480633e+03 3.407748512791519715e+03 3.335594212122523004e+03 3.418710769689771496e+03 4.448232163470346677e+03 3.465388465326498135e+03 5.066652027227849430e+03 4.274340323008319501e+03 3.841552857086806853e+03 2.504842888564573514e+03 3.415914575908918778e+03 3.105419370278350925e+03 3.029953165199774048e+03 4.863265387597697554e+03 3.779211247732697302e+03 2.040273959892981793e+03 2.810875203700119982e+03 1.610759258165501024e+03 2.024442280065571595e+03 3.378721504865970928e+03 2.979681177115420269e+03 3.111742185735315616e+03 2.005521624741344795e+03 4.546151067567453538e+03 4.396500926904202970e+03 3.011207819594724697e+03 3.434884152178242857e+03 4.072160455078748328e+03 3.687569294001192702e+03 4.701964850770134944e+03 3.137860542653227185e+03 3.993773965930543454e+03 3.990218921864552613e+03 4.920281430341556188e+03 3.546543326411809176e+03 4.221352992751031707e+03 4.552714981741383781e+03 4.606483737055898018e+03 4.105074123087109001e+03 3.127906021853721086e+03 3.684391446633575470e+03 4.496212439571891082e+03 4.969105164381297072e+03 3.602794420494297356e+03 4.429240327205221547e+03 3.752443140515540563e+03 3.637789846870082783e+03 2.800442873372329359e+03 4.305226059790298677e+03 4.644573565922161833e+03 4.641265771492612657e+03 3.883341193800425572e+03 4.952586424347190587e+03 3.069497004137076146e+03 3.241953194940783305e+03 4.014658848363697416e+03 3.189435630288500761e+03 5.129966052686670082e+03 4.440029855583065910e+03 4.593826303647870191e+03 4.713233345915745304e+03 4.009034627118325716e+03
2.658823529411764639e+02 6.197957587564943424e+03 6.579382011818886895e+03 4.586722615258729093e+03 4.961443868651638695e+03 5.471586253449980177e+03 6.706968332129561531e+03 4.171620180702879225e+03 3.269829163451571276e+03 3.854393263751736868e+03 3.971887500640383223e+03 2.445663185512709788e+03 3.209671324202607593e+03 3.425213139631444392e+03 3.754108294708596532e+03 2.027050350071596768e+03 3.075195878684561649e+03 2.281097485816434983e+03 3.901761578923360958e+03 2.286848056405622174e+03 3.657041823626371297e+03 4.441729685389687802e+03 3.293524872792080259e+03 2.630065423814391579e+03 2.277177687586317461e+03 5.514441109656069784e+03 3.800017412794538814e+03 4.521198474510144479e+03 3.183364773407877237e+03 3.193706587931465037e+03 2.247671545986523142e+03 4.195460688972018943e+03 4.155073204011890084e+03 4.378170349471986810e+03 2.850260364016974563e+03 3.371827293395790548e+03 4.932522911197096619e+03 4.527394520490872310e+03 2.646759251635548480e+03 6.273014986152825259e+03 3.739208150903832120e+03 2.121164900270243379e+03 3.427231263170362126e+03 4.316534269437505827e+03 4.776219435768801304e+03 4.310001257603807062e+03 3.369511909156996808e+03 6.470494419881967588e+03 4.040109699506429934e+03 4.077808321621358573e+03 3.648804384248709539e+03 3.614552338918945225e+03 3.685652494908629706e+03 4.759301166295340408e+03 3.733954725731172402e+03 5.355952006300755784e+03 4.549132156630657846e+03 4.120611516829391803e+03 2.725200009554816006e+03 3.661166683000315970e+03 3.358377505662935164e+03 3.276560636883071311e+03 5.199408057660954910e+03 4.070055416458929358e+03 2.240491709586901379e+03 3.048979324368148355e+03 1.778709736975348960e+03 2.223511090134798906e+03 3.639554353341211026e+03 3.226749096610783454e+03 3.361709416668948052e+03 2.203411831226583217e+03 4.825249192144789049e+03 4.677746665217912778e+03 3.253532131964360360e+03 3.679455931182436416e+03 4.347267478912907791e+03 3.939012789345690180e+03 5.033318836790114801e+03 3.388508260699111815e+03 4.278649533761387829e+03 4.265518110141348188e+03 5.257386047627234802e+03 3.802584901460691526e+03 4.543225432905801426e+03 4.875856210048548746e+03 4.933177005011058100e+03 4.394359322444280224e+03 3.378204566867193535e+03 3.954080298540214244e+03 4.820786171415741592e+03 5.307004897996822365e+03 3.865939836279905194e+03 4.721647809419218902e+03 4.025005654195751958e+03 3.907485633049440821e+03 3.034091054929755501e+03 4.597174684425529449e+03 4.967981443396033683e+03 4.963762244047090462e+03 4.150907565338046879e+03 5.296249513072923037e+03 3.313094481939383058e+03 3.492221109534096740e+03 4.293672211491465532e+03 3.431848858508749345e+03 5.463244647068785525e+03 4.726006773462293495e+03 4.923141354810605662e+03 5.007255528230315576e+03 4.315005342950196791e+03
2.664705882352941444e+02 6.533967310616963005e+03 6.896907494493539161e+03 4.871510524234658988e+03 5.232142465647964855e+03 5.744816238459994565e+03 7.032956068523365502e+03 4.415056723655699898e+03 3.530882799455917393e+03 4.102591414595480273e+03 4.244710813622459682e+03 2.663243121541190703e+03 3.461070118067924795e+03 3.676989759584696003e+03 4.008764906983603851e+03 2.220318308075196001e+03 3.326368959757022367e+03 2.491891043271221861e+03 4.161894788328600043e+03 2.497683554139382068e+03 3.907011014437284302e+03 4.734463237903302797e+03 3.544017356098287109e+03 2.862312577280656114e+03 2.484239397784028370e+03 5.852793306514477081e+03 4.052334087705009097e+03 4.818372138638927936e+03 3.435938962290792006e+03 3.439721304258912369e+03 2.456413716631548596e+03 4.437485572339651299e+03 4.397763009438850531e+03 4.692950169983309024e+03 3.088660174274428755e+03 3.629382135026908145e+03 5.208058372195203447e+03 4.819982842219067606e+03 2.872379561164379538e+03 6.612345663068769682e+03 3.983645075308208106e+03 2.317827162800913356e+03 3.666884045806646554e+03 4.608936964011901182e+03 5.095840899857217664e+03 4.598380505937211638e+03 3.632059105256395469e+03 6.787296701560277143e+03 4.309626106186357902e+03 4.320743790605440154e+03 3.892091185197888535e+03 3.901773613057488092e+03 3.958238069614809774e+03 5.072812779261878859e+03 4.007953373311146606e+03 5.640619517980600904e+03 4.823343676012339529e+03 4.403133602122246884e+03 2.953516606134962331e+03 3.909120567906526958e+03 3.618009539617486553e+03 3.529652682594000908e+03 5.537720313147941852e+03 4.366532947673436865e+03 2.450753831839580471e+03 3.294520448931370083e+03 1.956458622531000856e+03 2.432620301362700047e+03 3.905557423271793141e+03 3.480870830548972208e+03 3.617840708482339323e+03 2.411373247575001642e+03 5.102239012621454094e+03 4.958232434858523447e+03 3.501907403055268787e+03 3.926484284942294835e+03 4.623421716337023099e+03 4.191679275239547678e+03 5.367576431819331447e+03 3.645162738144435025e+03 4.566441427589189516e+03 4.542548905793570157e+03 5.596313488957940535e+03 4.061626923094105678e+03 4.870969634745014446e+03 5.202117491129783048e+03 5.262991089572371493e+03 4.686186162275673269e+03 3.634555453454944654e+03 4.227375850635044117e+03 5.149149623035765217e+03 5.646427376606362486e+03 4.132535601733017756e+03 5.014355215518114164e+03 4.300960220379192833e+03 4.181206436372965982e+03 3.274607005694087547e+03 4.890351927679042092e+03 5.293758891651458725e+03 5.288548796529053106e+03 4.420116617954212415e+03 5.642325373431378466e+03 3.562337717098209396e+03 3.747442103857533311e+03 4.574687930551192039e+03 3.678640369233147794e+03 5.796233964441681564e+03 5.011439057222116389e+03 5.256025979692337387e+03 5.299613133375397410e+03 4.626594084599702910e+03
2.670588235294117680e+02 6.862728495025247867e+03 7.203208476652929676e+03 5.154684189874668846e+03 5.497208980095273546e+03 6.009503025562376024e+03 7.347697586605834658e+03 4.655342072594910860e+03 3.798284812350003449e+03 4.350445884792565266e+03 4.519236630806577523e+03 2.889054103820029468e+03 3.717998601604335363e+03 3.932377433303143334e+03 4.264638141914628250e+03 2.422648320904555476e+03 3.584363816314345968e+03 2.711714762083046480e+03 4.422739100648418571e+03 2.717486638461680741e+03 4.158393332841949814e+03 5.027595445528742857e+03 3.799132845407523291e+03 3.103140955411632149e+03 2.699707742063905698e+03 6.188762059043966474e+03 4.305211920955293863e+03 5.115852996559355233e+03 3.694470955754656643e+03 3.690654989855068379e+03 2.674234300044003703e+03 4.676050926602060827e+03 4.637337898345675967e+03 5.011401863329517255e+03 3.334232170824529021e+03 3.891822015346236185e+03 5.478624952842166749e+03 5.112296577212861848e+03 3.105331509419096619e+03 6.944267329836791760e+03 4.228176464870407472e+03 2.522970534455411780e+03 3.908549172579547303e+03 4.902688517895674522e+03 5.416468235999021090e+03 4.887663382646475839e+03 3.900218000814666084e+03 7.093447490745841606e+03 4.579893906390552729e+03 4.561130553680239245e+03 4.136044757314284652e+03 4.195816299503127084e+03 4.234924304334364024e+03 5.386728185239179766e+03 4.285815598284434600e+03 5.918499347157674492e+03 5.095052102335376730e+03 4.687356770720809436e+03 3.188768516944831390e+03 4.158208313402339627e+03 3.882944664811006987e+03 3.787890623825214789e+03 5.875976142280748718e+03 4.666929053216195825e+03 2.670410753342076987e+03 3.546298092805816850e+03 2.143620428263238409e+03 2.651129980205384527e+03 4.175197420102897013e+03 3.740749200904195732e+03 3.878750338667273354e+03 2.628779810309047207e+03 5.375113307685179279e+03 5.235984068628433306e+03 3.754992236008813961e+03 4.174392035038197719e+03 4.898764316136486741e+03 4.443883690728368492e+03 5.702581551919693993e+03 3.906422145572950740e+03 4.855316414025190170e+03 4.819483686172603484e+03 5.934814558110251710e+03 4.322040593191040898e+03 5.202664873667358734e+03 5.529409290560030058e+03 5.593812081192866572e+03 4.978671299995946356e+03 3.895562753086664543e+03 4.502587323813397234e+03 5.479239270615347777e+03 5.985104344748979202e+03 4.400928082655186699e+03 5.305353625134709546e+03 4.578583944461312967e+03 4.457285099944364447e+03 3.520776596647799124e+03 5.182792545346477709e+03 5.619778442869231185e+03 5.613499169539012655e+03 4.689189703570546953e+03 5.988543082871643492e+03 3.815850304420161592e+03 4.006145673903422448e+03 4.855865303681718615e+03 3.928353487788197526e+03 6.126618229930779307e+03 5.294328527458696044e+03 5.590371254476420290e+03 5.588210317694281002e+03 4.941977005077983449e+03
2.676470588235293917e+02 7.181721508500280834e+03 7.495837725170457816e+03 5.434232299734856497e+03 5.754617158465031935e+03 6.263553149855320044e+03 7.648683228877075635e+03 4.890701712472657164e+03 4.070598585202089907e+03 4.596243060576993230e+03 4.793671720389793336e+03 3.122134627742206249e+03 3.979032444662347643e+03 4.189827990133456296e+03 4.520035905203085349e+03 2.633352525600285389e+03 3.847848569547523311e+03 2.939731669307403990e+03 4.682542070652439179e+03 2.945414086756046345e+03 4.409539095850263038e+03 5.319137466560886423e+03 4.057392949490800675e+03 3.351503565888851881e+03 2.922721266110876059e+03 6.519941096629726417e+03 4.556946650462647995e+03 5.411618445365857042e+03 3.957556655525997940e+03 3.945080058201192060e+03 2.900317611622724598e+03 4.909383627295374936e+03 4.872029371611718489e+03 5.331544065825044527e+03 3.585766389373452057e+03 4.157635703856989494e+03 5.742176799197455694e+03 5.402319688165981461e+03 3.344512384948829094e+03 7.266233799907714456e+03 4.471132203066524198e+03 2.735823953755336788e+03 4.150675377919421408e+03 5.195843724847258272e+03 5.735955376557886666e+03 5.175913268066399723e+03 4.172489503395413522e+03 7.386510766145976049e+03 4.849098775595174629e+03 4.797213824884670430e+03 4.379026244214833241e+03 4.495087953607197051e+03 4.514047655570437200e+03 5.698917231419536620e+03 4.565854298149254646e+03 6.187441572432505382e+03 5.362288805546334515e+03 4.971421276630473585e+03 3.429799475433348107e+03 4.406780586838619456e+03 4.151683958012404219e+03 4.049811227176811826e+03 6.211856631042098343e+03 4.969403586785364496e+03 2.898671220059311963e+03 3.802979364809541039e+03 2.339684071369799312e+03 2.878259022784898207e+03 4.446827797140732400e+03 4.004956154927115676e+03 4.142930509050337605e+03 2.854864537179193576e+03 5.641838073239741789e+03 5.508982627810501072e+03 4.011326605787031895e+03 4.421523869928932072e+03 5.171370132171289697e+03 4.693876715352025712e+03 6.036076986096470137e+03 4.170764121547142167e+03 5.143349466436350667e+03 5.094419748051556780e+03 6.270551304411602359e+03 4.582110264466242370e+03 5.536255762653251622e+03 5.855540232866146653e+03 5.923423407376632895e+03 5.269843308328732746e+03 4.159709565092002777e+03 4.777927079023930673e+03 5.808881209465544089e+03 6.320682338669112141e+03 4.669369980011372718e+03 5.592573508614645107e+03 4.856059104855215082e+03 4.733952692138851489e+03 3.771260298383463123e+03 5.472459022727824049e+03 5.943819665528236328e+03 5.936395486923607677e+03 4.956275789338787945e+03 6.332534988231356692e+03 4.072140916234337510e+03 4.266752507671863896e+03 5.135284489474224756e+03 4.179431790494930283e+03 6.452020710273821351e+03 5.572628423950793149e+03 5.923959728915883716e+03 5.870915772470453703e+03 5.259201954668131293e+03
2.682352941176470722e+02 7.488456986051732201e+03 7.772434494047167391e+03 5.708109587817298234e+03 6.002362511639547847e+03 6.504932984340526673e+03 7.933488474063278773e+03 5.119355191934154391e+03 4.346262081558180398e+03 4.838226064098141251e+03 5.066149157376627954e+03 3.361390412350774113e+03 4.242632847332876736e+03 4.447700744395296169e+03 4.773202030958409523e+03 2.851612256914363115e+03 4.115363424357308759e+03 3.174968309604839305e+03 4.939492469876376163e+03 3.180486613560100068e+03 4.658732797962334189e+03 5.607039310026650128e+03 4.317215341044146953e+03 3.606213784742013104e+03 3.152287338903476666e+03 6.843890020131718302e+03 4.805778385793215421e+03 5.703584948073781561e+03 4.223672794290670026e+03 4.201462588075743952e+03 3.133711788443420573e+03 5.135708971136756190e+03 5.100062708864517845e+03 5.651289424841607797e+03 3.841924420621314312e+03 4.425203528909440138e+03 5.996680179389346449e+03 5.687983667160962796e+03 3.588692832152027677e+03 7.575730599145174892e+03 4.710794040426366337e+03 2.955488018175840352e+03 4.391640544740560472e+03 5.486384449944916923e+03 6.052082164673573971e+03 5.461126733890557261e+03 4.447256902288021593e+03 7.664129575477822982e+03 5.115365216085367138e+03 5.027225340648868041e+03 4.619341820245299459e+03 4.797859951129413275e+03 4.793841951853646606e+03 6.007184380476081060e+03 4.846282185723171096e+03 6.445331039013545706e+03 5.623064927878260278e+03 5.253391741815291425e+03 3.675329879602501478e+03 4.653126225084313774e+03 4.422614929421797569e+03 4.313840918979843082e+03 6.542978567069290875e+03 5.272011034229078177e+03 3.134604347099162169e+03 4.063110719553955732e+03 2.544011374149566109e+03 3.113087011667791103e+03 4.718706444761287457e+03 4.271946111182630375e+03 4.408766448301108539e+03 3.088721236908399533e+03 5.900379707572870757e+03 5.775190714657782337e+03 4.269346367907332933e+03 4.666166178015780133e+03 5.439271735924336099e+03 4.939866486948545571e+03 6.365731753672573177e+03 4.436561203676136756e+03 5.428546712153851331e+03 5.365402707257317161e+03 6.601126091701928090e+03 4.840053542731046036e+03 5.869574979534938393e+03 6.178243361386812467e+03 6.249532533688437979e+03 5.557666476181863800e+03 4.425373357513301016e+03 5.051531288528128243e+03 6.135816824036561229e+03 6.650752124726406691e+03 4.936040561568227531e+03 5.873911181553433380e+03 5.131494290156711031e+03 5.009358592223476990e+03 4.024605487890879886e+03 5.757267111398022280e+03 6.263596381199489770e+03 6.254955475899624616e+03 5.219474233384293257e+03 6.671865708097750939e+03 4.329618551036635836e+03 4.527591548457341560e+03 5.410969969577477968e+03 4.430236080849474092e+03 6.770034440266231286e+03 5.844270022342446282e+03 6.254491805251121150e+03 6.145590927467518668e+03 5.576209889540721633e+03
2.688235294117646959e+02 7.780510152958078834e+03 8.030757691584143686e+03 5.974263604921534352e+03 6.238489882583035978e+03 6.731697149507649556e+03 8.199808023555653563e+03 5.339540167451367779e+03 4.623603448287244646e+03 5.074617292953921606e+03 5.334751030258080391e+03 3.605602147585558669e+03 4.507162554486300905e+03 4.704281064209104443e+03 5.022337940583715863e+03 3.076481222695422275e+03 4.385334548894258660e+03 3.416319966958298664e+03 5.191742939423915232e+03 3.421594271909877989e+03 4.904214211227494161e+03 5.889215649758570180e+03 4.576930910402323207e+03 3.865953900888054250e+03 3.387288374896282221e+03 7.158166356705458384e+03 5.049913760870713304e+03 5.989634350601592814e+03 4.491192226403843961e+03 4.458178595348916133e+03 3.373333771092084589e+03 5.353274706445394258e+03 5.319680885339497763e+03 5.968469072060917824e+03 4.101251292368256145e+03 4.692814829430336431e+03 6.240141229723676588e+03 5.967194010629979857e+03 3.836527176562779459e+03 7.870309665149712600e+03 4.945417411217456902e+03 3.180939892779315869e+03 4.629771112443621860e+03 5.772244544072377721e+03 6.362582041583085811e+03 5.741258605460323452e+03 4.722802758316005566e+03 7.924059220228965387e+03 5.376779931591742752e+03 5.249406911472840875e+03 4.855263823332459651e+03 5.102284852120932555e+03 5.072458250455128109e+03 6.309296475243566420e+03 5.125232187774945487e+03 6.690116532323082538e+03 5.875397781205505453e+03 5.531280809574690466e+03 3.923968042683519343e+03 4.895493350790593468e+03 4.694028569585432706e+03 4.578312426528304968e+03 6.866924808162415502e+03 5.572722890051930335e+03 3.377144101248271909e+03 4.325132131179892895e+03 2.755837590310748510e+03 3.354558625947768633e+03 4.989015611381219969e+03 4.540071775478722884e+03 4.674553922653270092e+03 3.329308663645897468e+03 6.148732506601988462e+03 6.032579605319881921e+03 4.527400003435095641e+03 4.906568302287133520e+03 5.700484838992045297e+03 5.180041664606105769e+03 6.689170396235784210e+03 4.702098597113838878e+03 5.708870208434014785e+03 5.630451375087648557e+03 6.924112312384007964e+03 5.094043231566032773e+03 6.200368478060954658e+03 6.495204433628903644e+03 6.569799538559354005e+03 5.840066387680742992e+03 4.690843616991605813e+03 5.321482525156686279e+03 6.457730558143601229e+03 6.972879773533195475e+03 5.199067767425096463e+03 6.147256360660023347e+03 5.402947516291494139e+03 5.281592671743914252e+03 4.279261047772466554e+03 6.035112676366967207e+03 6.576785595398511759e+03 6.566861399359445386e+03 5.476859009256160789e+03 7.004062979135981550e+03 4.586610083000827217e+03 4.786919067782596358e+03 5.680915539426862779e+03 4.679063422870149225e+03 7.078253985465106780e+03 6.107190101662359666e+03 6.579614101359895358e+03 6.410118735470331558e+03 5.890858883618872824e+03
2.694117647058823763e+02 8.055554509748561031e+03 8.268717350677101422e+03 6.230662216187449303e+03 6.461120574367810150e+03 6.942015811966742149e+03 8.445488132470898563e+03 5.549536476754997238e+03 4.900859006182557096e+03 5.303641766702612586e+03 5.597532779944850517e+03 3.853435641323298114e+03 4.770903894956769363e+03 4.957800909330892864e+03 5.265625565729455047e+03 3.306891096809051305e+03 4.656090294306453870e+03 3.662558522137197087e+03 5.437433806343673496e+03 3.667504392497128265e+03 5.144200703379239712e+03 6.163572919248086691e+03 4.834802961308075282e+03 4.129286463565729719e+03 3.626490440422919164e+03 7.460358444805186082e+03 5.287549157401133016e+03 6.267641476872283420e+03 4.758401633677660357e+03 4.713532411688641332e+03 3.617976682811519368e+03 5.560375039347283746e+03 5.529168601623331597e+03 6.280858982465035297e+03 4.362189845448140659e+03 4.958687533447692658e+03 6.470633494112066728e+03 6.237857629191328670e+03 4.086566096177880354e+03 8.147623367022451930e+03 5.173254160160374340e+03 3.411040472220037373e+03 4.863362940188892026e+03 6.051336173677821535e+03 6.665171207500797209e+03 6.014248197307599185e+03 4.997328035799500867e+03 8.164198644982733640e+03 5.631416582401170672e+03 5.462034337878173574e+03 5.085053057137298310e+03 5.406416479188796075e+03 5.347986875912462892e+03 6.603011721246192792e+03 5.400779767655391879e+03 6.919839314176705557e+03 6.117337680891969285e+03 5.803074397202651198e+03 4.174223865895773088e+03 5.132111779502293757e+03 4.964138608434347589e+03 4.841483565543247096e+03 7.181275884787899486e+03 5.869452198237184348e+03 3.625096324838671080e+03 4.587393719634496847e+03 2.974274106602854772e+03 3.601490476476725689e+03 5.255883647324650155e+03 4.807602268844223545e+03 4.938518764566622849e+03 3.575457113300405581e+03 6.384946250843803682e+03 6.279156759629712724e+03 4.783767504647488749e+03 5.140964975584488457e+03 5.953034464038201804e+03 5.412595261641026809e+03 7.004003712508665558e+03 4.965593987897845182e+03 5.982264067865083234e+03 5.887583681093985433e+03 7.237086293631830813e+03 5.342230444324169184e+03 6.526322894426640232e+03 6.804091714101845355e+03 6.881867269155881331e+03 6.114956666988685356e+03 4.954341594507684022e+03 5.585833846812012780e+03 6.772279389954221188e+03 7.284638742078158430e+03 5.456551779293933578e+03 6.410520389304454511e+03 5.668450786826885633e+03 5.548709062278168858e+03 4.533594215927113510e+03 6.303899454363446239e+03 6.881057838321117742e+03 6.869790257627554638e+03 5.726503837726807433e+03 7.326649832998776219e+03 4.841379698149851720e+03 5.042939657856512895e+03 5.943110400697791192e+03 4.924167803860868844e+03 7.374307869573987773e+03 6.359358839536097548e+03 6.896949561290486599e+03 6.662432625061736871e+03 6.200950126256570911e+03
2.700000000000000000e+02 8.311394202906547434e+03 8.484403576708407854e+03 6.475321151784381982e+03 6.668478407483488809e+03 7.134200076425880070e+03 8.668556480524597646e+03 5.747689837294070458e+03 5.176193451693428869e+03 5.523550935440768626e+03 5.852548433370720886e+03 4.103454469081761999e+03 5.032078961713880744e+03 5.206460702272890558e+03 5.501251141603901488e+03 3.541659356066157670e+03 4.925879769311575728e+03 3.912342720173183352e+03 5.674717571586557824e+03 3.916872015281890071e+03 5.376910491638152962e+03 6.428037093318582265e+03 5.089048128763701243e+03 4.394667976115068086e+03 3.868554264434577362e+03 7.748118205545079945e+03 5.516894477497988191e+03 6.535502313105377652e+03 5.023521292163190083e+03 4.965776860660876082e+03 3.866319823062328396e+03 5.755374260028942444e+03 5.726875893209241440e+03 6.586208168100728471e+03 4.623097383575965978e+03 5.220989530880050552e+03 6.686324616013229388e+03 6.497910824013960337e+03 4.337271582757820397e+03 8.405457185698336616e+03 5.392575857688708311e+03 3.644543927009476647e+03 5.090703190723692387e+03 6.321577166451068479e+03 6.957578768803982712e+03 6.278046574036895436e+03 5.268973263001356827e+03 8.382619670445959855e+03 5.877361129288898155e+03 5.663440963568317784e+03 5.306981685543521962e+03 5.708232292920716645e+03 5.618480995954701939e+03 6.886109519637522681e+03 5.670966928403587190e+03 7.132660279690841890e+03 6.346994587289744231e+03 6.066757837772726816e+03 4.424524690886576536e+03 5.361216135432190640e+03 5.231102702348047387e+03 5.101557906315609216e+03 7.483642321648636425e+03 6.160079612110839662e+03 3.877148315166756674e+03 4.848174367523359251e+03 3.198313395837141798e+03 3.852580497711189764e+03 5.517408403108770472e+03 5.072743314989302235e+03 5.198838209267341881e+03 3.825877564351430010e+03 6.607153107289123909e+03 6.512993063665494446e+03 5.036680940207027561e+03 5.367599583924959006e+03 6.194981532775716914e+03 5.635748865450678750e+03 7.307860373098115815e+03 5.225219128654744054e+03 6.246681485493895707e+03 6.134843023974191055e+03 7.537659769054124808e+03 5.582768818388587533e+03 6.845094833493060833e+03 7.102586648005330062e+03 7.183392394547633558e+03 6.380266598216146122e+03 5.214041773834860578e+03 5.842634004385671687e+03 7.077123434265520700e+03 7.583642528662191580e+03 5.706589637346377458e+03 6.661664609306244529e+03 5.926035630262483210e+03 5.808751090666366508e+03 4.785909375788236503e+03 6.561567267971967340e+03 7.174108147870493667e+03 7.161444769704547070e+03 5.966507904159314421e+03 7.637177533026836500e+03 5.092150058768081180e+03 5.293828573353315733e+03 6.195565935828988586e+03 5.163782049333754912e+03 7.655890916287804430e+03 6.598807552803034923e+03 7.204128604880424973e+03 6.900544923545085112e+03 6.504255660505597007e+03
2.705882352941176805e+02 8.545994221039898548e+03 8.676112463523393671e+03 6.706331044488964835e+03 6.858914235380612809e+03 7.306725043410306171e+03 8.867248958401252821e+03 5.932434626741620377e+03 5.447721796508552870e+03 5.732646331787830604e+03 6.097876357140416076e+03 4.354134710127038488e+03 5.288871199389357571e+03 5.448452331874706942e+03 5.727429254706617030e+03 3.779499437923195728e+03 5.192893148360933083e+03 4.164230717501366598e+03 5.901783664524201413e+03 4.168252546199825701e+03 5.600586255505359077e+03 6.680581527498879041e+03 5.337858555289507422e+03 4.660464960371792586e+03 4.112048378353360022e+03 8.019193273283819508e+03 5.736197211169383081e+03 6.791162312224109883e+03 5.284726412138818887e+03 5.213134773419404155e+03 4.116940852350670866e+03 5.936729188176551361e+03 5.911240815219091928e+03 6.882267740453883562e+03 4.882264277096353908e+03 5.477861440152138130e+03 6.885501531765356049e+03 6.745347165443277845e+03 4.587033892936176926e+03 8.641760151820948522e+03 5.601697069376458785e+03 3.880109309124791707e+03 5.310092767007209659e+03 6.580918638508636832e+03 7.237577045255121448e+03 6.530643824888033123e+03 5.535841249536559189e+03 8.577593153863406769e+03 6.112737474879950241e+03 5.852040595847866825e+03 5.519356342511461662e+03 6.005657704691778235e+03 5.881981383096018362e+03 7.156420202515214442e+03 5.933827190520531076e+03 7.326885232300955977e+03 6.562564007977061920e+03 6.320342574443442572e+03 4.673232975666554012e+03 5.581069394436363837e+03 5.493045071662199007e+03 5.356706847177079908e+03 7.771696828147890301e+03 6.442480657525533388e+03 4.131880676859152118e+03 5.105702079568628506e+03 3.426836205512255674e+03 4.106419651423204414e+03 5.771681500225676245e+03 5.333658868858494316e+03 5.453663616531000116e+03 4.079173180818736910e+03 6.813593347059593725e+03 6.732249325755988139e+03 5.284346371158309921e+03 5.584747501566153005e+03 6.424449103349085817e+03 5.847776739694440948e+03 7.598418676306318957e+03 5.479122654975611113e+03 6.500111991882251459e+03 6.370324717094467815e+03 7.823512185186834358e+03 5.813838891596313260e+03 7.154341018844826067e+03 7.388414860030927230e+03 7.472076726153219170e+03 6.633968837361917394e+03 5.468094686508336054e+03 6.089953098668474013e+03 7.369956923318172812e+03 7.867577007403095195e+03 5.947300312708675847e+03 6.898728141443077220e+03 6.173759168944335215e+03 6.059776882564726293e+03 5.034468454653700974e+03 6.806119938352724603e+03 7.453687063149965070e+03 7.439584237546876466e+03 6.195021458617631652e+03 7.933258527571299055e+03 5.337124589626530906e+03 5.537755157493892511e+03 6.436342412793504991e+03 5.396140606424322868e+03 7.920795760736444208e+03 6.823655667272937535e+03 7.498820627979975143e+03 7.122574191038264871e+03 6.798547127099824138e+03
2.711764705882353041e+02 8.757508048535833950e+03 8.842368464394794501e+03 6.921883525404985448e+03 7.030928255744605849e+03 7.458250106952416900e+03 9.040032896634817007e+03 6.102315261151267805e+03 5.713532578970499344e+03 5.929302562801764907e+03 6.331644874697125488e+03 4.603881535489860653e+03 5.539448146253608684e+03 5.681982609764285371e+03 5.942426822495895067e+03 4.019032994647650412e+03 5.455283659230819467e+03 4.416694820035752855e+03 6.116882742503426016e+03 4.420116547115788308e+03 5.813518623778694746e+03 6.919254293093857996e+03 5.579424938034743718e+03 4.924971957897473658e+03 4.355464194470932853e+03 8.271457681242354738e+03 5.943766019863399379e+03 7.032644160342524629e+03 5.540169727830532793e+03 5.453821488440008579e+03 4.368330136815815422e+03 6.103010284558279636e+03 6.080810813488762506e+03 7.166820458968204548e+03 5.137934158707573260e+03 5.727440237551526479e+03 7.066593807196993112e+03 6.978244650790288688e+03 4.834190105035902889e+03 8.854672714507596538e+03 5.798998129375851931e+03 4.116314231158012262e+03 5.519868851041332164e+03 6.827372478162777043e+03 7.503011506663278851e+03 6.770096172620161269e+03 5.796020882362706288e+03 8.747611883733754439e+03 6.335732688485032668e+03 6.026349117993189793e+03 5.720540950869019980e+03 6.296591692029817750e+03 6.136541843140394121e+03 7.411854422700150280e+03 6.187411204590025591e+03 7.500987744926674168e+03 6.762351614460283599e+03 6.561892713265064231e+03 4.918665604575132420e+03 5.789986116731514812e+03 5.748080189668668027e+03 5.605092725497128413e+03 8.043205843960801758e+03 6.714553448018206836e+03 4.387781405186216944e+03 5.358175730475017190e+03 3.658620815267379839e+03 4.361505854241795532e+03 6.016813205566996658e+03 5.588494085566421745e+03 5.701143983613307682e+03 4.333852968298324413e+03 7.002639368777128766e+03 6.935201346180389919e+03 5.524966663293796046e+03 5.790739296585967168e+03 6.639647840755854304e+03 6.047029187313822149e+03 7.873437874923730305e+03 5.725453774132392027e+03 6.740608487772662556e+03 6.592201676752083586e+03 8.092422151203712019e+03 6.033672482184389082e+03 7.451749097321118825e+03 7.659376733176006383e+03 7.745698129187418999e+03 6.874106727702142052e+03 5.714650490404234006e+03 6.325908334850577376e+03 7.648539175443381282e+03 8.134231873262610861e+03 6.176849776308699802e+03 7.119854625685909014e+03 6.409729995305147895e+03 6.299885148968641261e+03 5.277512405281676365e+03 7.035652347480681783e+03 7.717631065274347748e+03 7.702054871947617357e+03 6.410270846596282354e+03 8.212598636608709057e+03 5.574510528503927162e+03 5.772906614407042980e+03 6.663575143400931665e+03 5.619502666398730980e+03 8.166942992087138919e+03 7.032136426995682086e+03 7.778765227414231958e+03 7.326770911122622238e+03 7.081624998359906385e+03
2.717647058823529278e+02 8.944302070236610234e+03 8.981942803570475007e+03 7.120295631449913344e+03 7.183189940625146846e+03 7.587636000183990291e+03 9.185626284991494686e+03 6.256005782252223980e+03 5.971712083498922766e+03 6.111989354652462680e+03 6.552057468315948427e+03 4.851047611625846002e+03 5.781984879385349814e+03 5.905296899032723559e+03 6.144586344807536989e+03 4.258804020672589104e+03 5.711190445591932075e+03 4.668138042254199718e+03 6.318350316835770172e+03 4.670866443649208122e+03 6.014069188359811051e+03 7.142204563120771127e+03 5.811960045128955244e+03 5.186431268627347890e+03 4.597232864707166300e+03 8.502940629084088869e+03 6.137993557191249238e+03 7.258074479186303506e+03 5.788004996586274501e+03 5.686067877285559007e+03 4.618907035319650277e+03 6.252920884079656389e+03 6.234262268971906451e+03 7.437710152222465695e+03 5.388325360090620961e+03 5.967883429830719251e+03 7.228194580152343406e+03 7.194791693854402183e+03 5.077044145152889541e+03 9.042551309102213054e+03 5.982947069887447469e+03 4.351670230806374093e+03 5.718427119453342129e+03 7.059038079950955762e+03 7.751829907283235116e+03 6.994552168748570693e+03 6.047611673607776538e+03 8.891409491809015890e+03 6.544621468618341169e+03 6.185004533226954663e+03 5.908978719324653866e+03 6.578933512712691481e+03 6.380254767105582687e+03 7.650431330558561967e+03 6.429812489576502230e+03 7.653629145230531321e+03 6.944796178238536413e+03 6.789551059821098534e+03 5.159114368383125111e+03 5.986355175256370785e+03 5.994337067085060880e+03 5.844892478717189988e+03 8.296059706807234761e+03 6.974246513268507442e+03 4.643261951408268033e+03 5.603787674885954402e+03 3.892354413216635294e+03 4.616259895120721012e+03 6.250957366306138283e+03 5.835398949349599206e+03 5.939449963596007365e+03 4.588347475863934960e+03 7.172817570824192444e+03 7.120263257624658763e+03 5.756764712782623064e+03 5.983983247460670100e+03 6.838900244227788789e+03 6.231954900583121344e+03 8.130788442744573331e+03 5.962386363599670403e+03 6.966313446595203459e+03 6.798749192607680925e+03 8.342297492611674897e+03 6.240576449935505480e+03 7.735068293438025648e+03 7.913377065844053504e+03 8.002140504782890275e+03 7.098820711843020945e+03 5.951883049249747273e+03 6.548689180405769548e+03 7.910724623420423086e+03 8.381530514983889589e+03 6.393475576649172581e+03 7.323317320464844670e+03 6.632133607631530140e+03 6.527240521033122604e+03 5.513283598333531700e+03 7.248376260670142983e+03 7.963891840045358549e+03 7.946818893760685569e+03 6.610582473359027063e+03 8.473028091632084397e+03 5.802542324122940954e+03 5.997511991883222436e+03 6.875499756974993034e+03 5.832175181494622848e+03 8.392409239354035890e+03 7.222620739584970579e+03 8.041802689181450660e+03 7.511541085677100455e+03 7.351347700100960537e+03
2.723529411764706083e+02 9.104976467169395619e+03 9.093867687673227920e+03 7.300032392626231740e+03 7.314555088597880967e+03 7.693958498937816330e+03 9.303012748545997965e+03 6.392327401693870343e+03 6.220369045997510511e+03 6.279292088881470590e+03 6.757416861486043672e+03 5.093952713775019220e+03 6.014687801111148474e+03 6.116702443596115700e+03 6.332348228501039557e+03 4.497294910981589055e+03 5.958762382122756208e+03 4.916912381677486337e+03 6.504629166128258476e+03 4.918854813385290981e+03 6.200692513332763156e+03 7.347707509205246424e+03 6.033722223753437902e+03 5.443054071878857940e+03 4.835743634465813557e+03 8.711852849682509259e+03 6.317378166227941620e+03 7.465709027908428652e+03 6.026410852921762853e+03 5.908143519820251640e+03 4.867037829757015061e+03 6.385314202339312033e+03 6.370417962531319972e+03 7.692870581350689463e+03 5.631653331642311059e+03 6.197393230650481200e+03 7.369078820214528605e+03 7.393311493653785874e+03 5.313887759657900460e+03 9.203989360421999663e+03 6.152120218298594409e+03 4.584639831763940492e+03 5.904243253491903488e+03 7.274127916116957749e+03 7.982109853392291370e+03 7.202277575543093008e+03 6.288748540306967698e+03 9.007975444379622786e+03 6.737789399125974342e+03 6.326785030600643040e+03 6.083213149293097558e+03 6.850609890150562933e+03 6.611276485578014217e+03 7.870305254519243135e+03 6.659192735736333816e+03 7.783675428397192263e+03 7.108490333158457361e+03 7.001564065245239362e+03 5.392867409320328989e+03 6.168661412017249859e+03 6.229983754719761237e+03 6.074321507891448164e+03 8.528301094986589305e+03 7.219586145307281186e+03 4.896675149472406702e+03 5.840746988785302165e+03 4.126646370320693677e+03 4.869043125376739226e+03 6.472335961418958505e+03 6.072552318227206342e+03 6.166797975632424823e+03 4.841026339374357121e+03 7.322827642632561037e+03 7.286008570400269491e+03 5.978006826178588199e+03 6.162986711577800634e+03 7.020663149281924234e+03 6.401121816713099179e+03 8.368480703023464230e+03 6.188142994523115703e+03 7.175483937886275271e+03 6.988368061731523085e+03 8.571203433288626911e+03 6.432955429581151293e+03 8.002139495805193292e+03 8.148453262180907586e+03 8.239422232871185770e+03 7.306373355431844175e+03 6.178013990588257911e+03 6.756581744613830779e+03 8.154491741293509222e+03 8.607558003254796859e+03 6.595510547040206802e+03 7.507542261579104888e+03 6.839256781012609281e+03 6.740098202311644854e+03 5.740048507847965084e+03 7.442644345928047187e+03 8.190563808126585172e+03 8.171981969924660916e+03 6.794405337077567310e+03 8.712530660056909255e+03 6.019504978746486813e+03 6.209865771473853783e+03 7.070475851951387995e+03 6.032535477385117701e+03 8.595452893182993648e+03 7.393638915865345552e+03 8.285903002012300931e+03 7.675467210535201048e+03 7.605660276196823361e+03
2.729411764705882320e+02 9.238381927409627679e+03 9.177446014823864971e+03 7.459726753035315596e+03 7.424079553129014130e+03 7.776518385215485068e+03 9.391451862664054715e+03 6.510263352916344047e+03 6.457659205082968583e+03 6.429930406799466255e+03 6.946147544139254933e+03 5.330904318248555683e+03 6.235817993761707839e+03 6.314590752010695724e+03 6.504271418212490971e+03 4.732943652702301733e+03 6.196181829576844393e+03 5.161338264796433577e+03 6.674289844806645306e+03 5.162403873003637273e+03 6.371956602179800029e+03 7.534187072972644273e+03 6.243038310060775075e+03 5.693042399721651236e+03 5.069363148556348278e+03 8.896609710367980369e+03 6.480543626184606183e+03 7.653955746855825964e+03 6.253614530055353498e+03 6.118379382211845950e+03 5.111054919871071434e+03 6.499207758363762878e+03 6.488261972314064224e+03 7.930352779092613673e+03 5.866153318404326455e+03 6.414240230829303073e+03 7.488218330297718239e+03 7.572284049378327836e+03 5.543021968384992761e+03 9.337834022782051761e+03 6.305220951830670856e+03 4.813654594546939734e+03 6.075893145012943933e+03 7.470991187794477810e+03 8.192084245922211267e+03 7.391678366876984001e+03 6.517626193102916659e+03 9.096565445584168629e+03 6.913754215453869620e+03 6.450624613088891238e+03 6.241907251025388177e+03 7.109601898015598636e+03 6.827851643800510828e+03 8.069790056509362330e+03 6.873806198378480985e+03 7.890210516498982543e+03 7.252198626358498586e+03 7.196305060753124963e+03 5.618230917259265880e+03 6.335505681732692210e+03 6.453251293933452871e+03 6.291657042341018496e+03 8.738150757486240764e+03 7.448702481789464400e+03 5.146334247395167949e+03 6.067302649710454716e+03 4.360043045335213719e+03 5.118176441765731397e+03 6.679262650317100452e+03 6.298185660475167424e+03 6.381473605230537942e+03 5.090217052174503806e+03 7.451558860745421043e+03 7.431188458729004196e+03 6.187025448920579038e+03 6.326375845140065394e+03 7.183547907738168760e+03 6.553235890378392469e+03 8.584691158824232843e+03 6.401018413526876429e+03 7.366514644697565018e+03 7.159605642781351889e+03 8.777387991777388379e+03 6.609332987798223257e+03 8.250923869699709030e+03 8.362801259795378428e+03 8.455722403463712908e+03 7.495172292386349909e+03 6.391336116059195774e+03 6.947991446343959069e+03 8.377969797360847224e+03 8.810586164577172894e+03 6.781404837483728443e+03 7.671128641908465397e+03 7.029510226609753772e+03 6.936827066748514881e+03 5.956120268623524680e+03 7.616971745506702064e+03 8.395909307076433834e+03 8.375818136428999424e+03 6.960331346075644433e+03 8.929270219343736244e+03 6.223756611397906454e+03 6.408350386022199928e+03 7.247008620243865153e+03 6.219052676407685794e+03 8.774536529919461827e+03 7.543899524723667128e+03 8.509192754665491520e+03 7.817326219846192544e+03 7.842621572808448946e+03
2.735294117647058556e+02 9.343632276936728886e+03 9.232256594315535040e+03 7.598196772423777475e+03 7.511029713944365540e+03 7.834847592643429380e+03 9.450484998417154202e+03 6.608971153506512564e+03 6.681809267611069117e+03 6.562774609709357719e+03 7.116816352022707179e+03 5.560218623038213082e+03 6.443714056140876892e+03 6.497458712689600361e+03 6.659052168237634760e+03 4.964162280347658452e+03 6.421688139816086732e+03 5.399724826820687667e+03 6.826049275233411208e+03 5.399825792364910740e+03 6.526561604670962879e+03 7.700236267776816931e+03 6.438325542260143266e+03 5.934611610918149381e+03 5.296455515077388554e+03 9.055851017665350810e+03 6.626257045087451843e+03 7.821395239616226718e+03 6.467914913086707202e+03 6.315189705779247561e+03 5.349276889311558079e+03 6.593795053987635583e+03 6.586951868588903380e+03 8.148350661414760907e+03 6.090102994460157788e+03 6.616786045428537363e+03 7.584793523239378374e+03 7.730365635457864300e+03 5.762778780845318579e+03 9.443198813883769617e+03 6.441096410108927557e+03 5.037134091893240111e+03 6.232071564261880667e+03 7.648135293890505636e+03 8.380164185809684568e+03 7.561321346849421388e+03 6.732522739247737263e+03 9.156707471550000264e+03 7.071185073009238295e+03 6.555626071445161870e+03 6.383860860045722802e+03 7.353971346125026685e+03 7.028336249811538437e+03 8.247380882099700102e+03 7.072022586274686546e+03 7.972545931137300613e+03 7.374872782967192506e+03 7.372295515634647018e+03 5.833550862077717284e+03 6.485623074763803743e+03 6.662456942627955868e+03 6.495260738778075392e+03 8.924030396184918573e+03 7.659854168540648971e+03 5.390533199273540959e+03 6.281766248428039034e+03 4.591044073152062083e+03 5.361960404883639058e+03 6.870164897862034195e+03 6.510606155876284902e+03 6.581854122498159086e+03 5.334224916012482936e+03 7.558103203985456275e+03 7.554747125044305903e+03 6.382241051040720777e+03 6.472913509486686053e+03 7.326338030116227856e+03 6.687157616466089166e+03 8.777786061924567548e+03 6.599401818294856639e+03 7.537958764546080602e+03 7.311174482489593174e+03 8.959304391625508288e+03 6.768370808520466198e+03 8.479529605413761601e+03 8.554798966803531584e+03 8.649404410857305265e+03 7.663790846323546248e+03 6.590235771327893417e+03 7.121463849539140028e+03 8.579463202274182549e+03 8.989095642484979180e+03 6.949746200671464067e+03 7.812866470385926732e+03 7.201449363932726556e+03 7.115930992867275563e+03 6.159880684384866072e+03 7.770054977515955215e+03 8.578380939048092841e+03 8.556792065599438502e+03 7.107113429023384015e+03 9.121614347720351361e+03 6.413750027339032385e+03 6.591457495244116217e+03 7.403768099385409187e+03 6.390307802136583632e+03 8.928346034800395500e+03 7.672305363651214975e+03 8.709979439448432458e+03 7.936104181614582558e+03 8.060429760925079790e+03
2.741176470588235361e+02 9.420112663315134341e+03 9.258154894300530941e+03 7.714459763838604886e+03 7.574889436574247156e+03 7.868711639086319337e+03 9.479936474088040995e+03 6.687791856065749016e+03 6.891140132843744141e+03 6.676859521872330333e+03 7.268150739016081388e+03 5.780241909450446656e+03 6.636813696001265271e+03 6.663928189429594568e+03 6.795540560353325418e+03 5.189356054468056755e+03 6.633600609472687211e+03 5.630390915547703116e+03 6.958786843323268840e+03 5.629443691655208568e+03 6.663356360435835995e+03 7.844634821376855143e+03 6.618112286921302257e+03 6.166013066657120362e+03 5.515402759680776398e+03 9.188457082627464843e+03 6.753444318954682785e+03 7.966798543540814535e+03 6.667704791707320510e+03 6.497092706018351237e+03 5.580029285545940184e+03 6.668454283900620794e+03 6.665828105768927344e+03 8.345224433819907063e+03 6.301844797724583259e+03 6.803504725128927930e+03 7.658201716191208106e+03 7.866405409120148761e+03 5.971542557582071822e+03 9.519471725919851451e+03 6.558751813450223381e+03 5.253505472295222717e+03 6.371608890569784307e+03 7.804244814979729199e+03 8.544959045503941525e+03 7.709952241796855560e+03 6.931822223709492391e+03 9.188203421342317597e+03 7.208919287253744187e+03 6.641071255591077716e+03 6.508025756854053725e+03 7.581886047070439417e+03 7.211219154563419579e+03 8.401773025125214190e+03 7.252348343962217768e+03 8.030226669703823063e+03 7.475663858680916746e+03 7.528223868422105625e+03 6.037234363677943293e+03 6.617898968261350092e+03 6.856026128421555768e+03 6.683600056602137556e+03 9.084582222197097508e+03 7.851450927868623694e+03 5.627567552162266111e+03 6.482534040845126583e+03 4.818119739832311097e+03 5.598696011214296050e+03 7.043604436000269743e+03 6.708218821918539106e+03 6.766429674084546605e+03 5.571353771377745943e+03 7.641765127180896343e+03 7.655833912614451037e+03 6.562182701259753230e+03 6.601514832176992059e+03 7.448004021004359856e+03 6.801916033219165911e+03 8.946341968780554453e+03 6.781797980522348553e+03 7.688546267303803688e+03 7.441968298276434325e+03 9.115630183276160096e+03 6.908885746503952760e+03 8.686236518044417608e+03 8.723026694750036768e+03 8.819036594159681044e+03 7.810985911198779831e+03 6.773213962856073522e+03 7.275703305242181159e+03 8.757473125687034553e+03 9.141794508745226267e+03 7.099278028606499902e+03 7.931750948940965827e+03 7.353792732194919154e+03 7.276068174012808413e+03 6.349801327641960597e+03 7.900787923247726212e+03 8.736640916476839266e+03 8.713578189021687649e+03 7.233680961338018278e+03 9.288154626522518811e+03 6.588052941345617000e+03 6.757807618933209596e+03 7.539605722099450759e+03 6.545012161059700702e+03 9.055806029739909718e+03 7.777966217056681671e+03 8.886773002069496215e+03 8.031007514414182879e+03 8.257445721510946896e+03
2.747058823529411598e+02 9.467483427560244309e+03 9.255269422327442953e+03 7.807743112741720324e+03 7.615363488279623198e+03 7.878108390335918557e+03 9.479910323502652318e+03 6.746256423457501114e+03 7.084088588362246810e+03 6.771395753231160597e+03 7.399054464712919071e+03 5.989371632132471859e+03 6.813674042422117964e+03 6.812763561468588705e+03 6.912754616278499270e+03 5.406943209378277970e+03 6.830340193690873093e+03 5.851686149497731094e+03 7.071557930170635700e+03 5.849612672585817563e+03 6.781352547398966635e+03 7.966363688169358284e+03 6.781056947469875922e+03 6.385556451739842487e+03 5.724625379824445190e+03 9.293560807398260295e+03 6.861202986972200051e+03 8.089141704286202184e+03 6.851491684141135920e+03 6.662729716279730383e+03 5.801665597587480988e+03 6.722754102946998501e+03 6.724420239790028972e+03 8.519521335340989026e+03 6.499807323160080159e+03 6.973002420977421025e+03 7.708061916271804876e+03 7.979458824605912923e+03 6.167770935437002663e+03 9.566319030515287523e+03 6.657362262315882617e+03 5.461223212628470719e+03 6.493485676899011196e+03 7.938197475022328035e+03 8.685293260543938231e+03 7.836510888548377807e+03 7.114035434821856143e+03 9.191126411940711478e+03 7.325976342202374326e+03 6.706428353897675152e+03 6.613518290535123015e+03 7.791643575360365503e+03 7.375141283968630887e+03 8.531877381384794717e+03 7.413445613594851238e+03 8.063033370656406078e+03 7.553931011571566160e+03 7.662961691698011236e+03 6.227770284055120101e+03 6.731382621345144798e+03 7.032512811666145353e+03 6.855268049722409160e+03 9.218684995676871040e+03 8.022073796643158857e+03 5.855755714441320379e+03 6.668107701482701486e+03 5.039729299016611549e+03 5.826705872575139438e+03 7.198295539285847553e+03 6.889547139595097178e+03 6.933822717475251920e+03 5.799927062748540266e+03 7.702067820238807144e+03 7.733812085143533295e+03 6.725507088004655088e+03 6.711260359289153712e+03 7.547715134782007226e+03 6.896719985205274497e+03 9.089162803139413882e+03 6.946846442667708288e+03 7.817199301715631918e+03 7.551074909417979143e+03 9.245282581205310635e+03 7.029864324725508595e+03 8.869517773222130927e+03 8.866284306184083107e+03 8.963409517488651545e+03 7.935712911552945116e+03 6.938905618501717072e+03 7.409588922077665302e+03 8.910715810930370935e+03 9.267633196543549275e+03 7.228914865831929092e+03 8.026993586892597705e+03 7.485437727993733461e+03 7.416067770587707855e+03 6.524463318229552897e+03 8.008274463185503919e+03 8.869576867846784808e+03 8.845076332386157446e+03 7.339152315735612319e+03 9.427723266035114648e+03 6.745366326183773708e+03 6.906167666010858738e+03 7.653567910033448243e+03 6.682023545518891297e+03 9.156091288492914828e+03 7.860208126544543120e+03 9.038303894699056400e+03 8.101470588631681494e+03 8.432213772220888131e+03
2.752941176470588402e+02 9.485679494952391906e+03 9.223993875737858616e+03 7.877491791506089612e+03 7.632377422273407319e+03 7.863263043493762780e+03 9.450782675237003787e+03 6.784088937949436513e+03 7.259227537753146862e+03 6.845778111834518313e+03 7.508620555723845428e+03 6.186077228705312336e+03 6.972990121406141952e+03 6.942887196635044347e+03 7.009891602858847364e+03 5.615375029877145607e+03 7.010450035721335553e+03 6.062012181665781100e+03 7.163604571259234945e+03 6.058741010617661232e+03 6.879736250268426375e+03 8.064616398041812317e+03 6.925965033092626982e+03 6.591631789893651330e+03 5.922602696978427957e+03 9.370555742565065884e+03 6.948812480183455591e+03 8.187617153306760883e+03 7.017917043947967613e+03 6.810882542543881755e+03 6.012588374365886921e+03 6.756456246016607111e+03 6.762450325563694605e+03 8.669993501624569035e+03 6.682525838273586487e+03 7.124035162966476491e+03 7.734215999146809736e+03 8.068797786079393518e+03 6.350014868242436023e+03 9.583684448779260492e+03 6.736281739121310238e+03 5.658788953251250859e+03 6.596844970269308760e+03 8.049077241225063517e+03 8.800219720795495959e+03 7.940143258187409629e+03 7.277819145114379353e+03 9.165813786523420276e+03 7.421568996658822471e+03 6.751356168336161318e+03 6.699629386139365124e+03 7.981693229205561693e+03 7.518912750898632112e+03 8.636832681728883472e+03 7.554148996786285352e+03 8.070980702133694649e+03 7.609247121803616210e+03 7.775576959154407632e+03 6.403748905316486344e+03 6.825298200754429672e+03 7.190617948048634389e+03 7.009001379316428938e+03 9.325466142931070863e+03 8.170492770687470511e+03 6.073460503573883216e+03 6.837113772976985274e+03 5.254340017630456714e+03 6.044355717714131060e+03 7.333121051573497425e+03 7.053252087950997520e+03 7.082805590491766452e+03 6.018309264203023304e+03 7.738755969768953946e+03 7.788264154104585941e+03 6.871015543997915302e+03 6.801406627337522877e+03 7.624847946325057819e+03 6.970966442023942363e+03 9.205293376520214224e+03 7.093338784541928362e+03 7.923044640821241046e+03 7.637786176263128255e+03 9.347430095778396208e+03 7.130474542473893052e+03 9.028058775638393854e+03 8.983604905522033732e+03 9.081549723857948266e+03 8.037137568262671266e+03 7.086096949512138963e+03 7.522187950756972896e+03 9.038137614211495020e+03 9.365815489038706801e+03 7.337755282498891575e+03 8.098029750771687759e+03 7.595473647520032500e+03 7.534944050668169439e+03 6.682575690993287026e+03 8.091837888211221980e+03 8.976314200090202576e+03 8.950423832893919098e+03 7.422844367899023382e+03 9.539405920554036129e+03 6.884540869292273783e+03 7.035466278409501683e+03 7.744906542552826068e+03 6.800360369255840851e+03 9.228634277846640543e+03 7.918579271334167970e+03 9.163537855477212361e+03 8.147159681041659496e+03 8.583479678269390206e+03
2.758823529411764639e+02 9.474905563942675144e+03 9.164975805587535433e+03 7.923371774678759721e+03 7.626074022189090101e+03 7.824620115478371190e+03 9.393190535685933355e+03 6.801206585110373453e+03 7.415282580515017798e+03 6.899590417835770495e+03 7.596140210616500553e+03 6.368918182852315113e+03 7.113609932658255275e+03 7.053391196314704757e+03 7.086335827969848651e+03 5.813153794396712328e+03 7.172612525071355776e+03 6.259841390723683617e+03 7.234362475711380284e+03 6.255308770414565515e+03 6.957875964814564213e+03 8.138806184030112490e+03 7.051802632705426731e+03 6.782728402128105699e+03 6.107890760977531500e+03 9.419099418920397511e+03 7.015740559245230543e+03 8.261640740637692943e+03 7.165772031309920749e+03 6.940487321953977698e+03 6.211267917940564985e+03 6.769514952890082895e+03 6.779832864409119793e+03 8.795611258033755803e+03 6.848659457849244063e+03 7.255522903535210389e+03 7.736726358268893819e+03 8.133916551430743311e+03 6.516935700777205057e+03 9.571784191234164609e+03 6.795048700765093599e+03 5.844769058418941313e+03 6.681000973369009444e+03 8.136183022153836646e+03 8.889028552253485032e+03 8.020209407674318754e+03 7.421991409769661004e+03 9.112856652536358524e+03 7.495110567074754726e+03 6.775705051718169670e+03 6.765831039798296842e+03 8.150653992164347983e+03 7.641525921063549504e+03 8.716012954946680111e+03 7.673478252017591331e+03 8.054312177705897739e+03 7.641400406504531020e+03 7.865343222446418622e+03 6.563878487495518129e+03 6.899052163825967909e+03 7.329204376814750503e+03 7.143694715989659016e+03 9.404309153629423236e+03 8.295680084396763050e+03 6.279108211968677097e+03 6.988319602590409886e+03 5.460444582669778356e+03 6.250073366374423131e+03 7.447144505083709191e+03 7.198147582640360270e+03 7.212314330935282669e+03 6.224924917392801035e+03 7.751794829827447757e+03 7.818993328101438237e+03 6.997667660760936997e+03 6.871393051378960081e+03 7.678991008044908995e+03 7.024245228732626856e+03 9.294027954904522630e+03 7.220232239509194187e+03 8.005421767114562499e+03 7.701603881670272131e+03 9.421499169645247093e+03 7.210073959708399343e+03 9.160771205635852311e+03 9.074263793245947454e+03 9.172728766198515586e+03 8.114643423953866659e+03 7.213739132622890793e+03 7.612765033497760669e+03 9.138925164020469310e+03 9.435804682510031853e+03 7.425090855411404846e+03 8.144522168242862790e+03 7.683190555122568185e+03 7.631906448642051146e+03 6.822990226004671058e+03 8.151026003063046119e+03 9.056223595567258599e+03 9.029002987331186887e+03 7.484278158406613329e+03 9.622549491916492116e+03 7.004589838948064425e+03 7.144805516382797578e+03 7.813085387993298355e+03 6.899212065340610025e+03 9.273127926475195636e+03 7.952851868057276988e+03 9.261685687462073474e+03 8.167972918473446953e+03 8.710204085057650445e+03
2.764705882352941444e+02 9.435627544930321164e+03 9.079101233185951060e+03 7.945271297831012816e+03 7.596806784298476487e+03 7.762831922429673796e+03 9.308016422257835075e+03 6.797717252241061033e+03 7.551149142844048583e+03 6.932608688918214284e+03 7.661110492180770962e+03 6.536564137656267121e+03 7.234549703462435900e+03 7.143548724544515608e+03 7.141664971658290597e+03 5.998853733986257794e+03 7.315667233127938744e+03 6.443738299266180547e+03 7.283466388162698422e+03 6.437889151866270367e+03 7.015329250761194089e+03 8.188571279488686741e+03 7.157709834417209095e+03 6.957456009806154725e+03 6.279142603343871087e+03 9.439113799920920428e+03 7.061648371887865324e+03 8.310856940311061408e+03 7.294013733962937295e+03 7.050648513604825894e+03 6.396263705293846215e+03 6.762074011593106661e+03 6.776672487863967035e+03 8.895575530109699685e+03 6.997009646875195358e+03 7.366563614718524150e+03 7.715870604742854994e+03 8.174535726926261304e+03 6.667323786938065496e+03 9.531098160265784827e+03 6.833389967922641517e+03 6.017814700028726293e+03 6.745446906513620888e+03 8.199035939103809142e+03 8.951254080493972651e+03 8.076289743201051351e+03 7.545547246559129235e+03 9.033085352361391415e+03 7.546220532878651284e+03 6.779515706546827460e+03 6.811781425619452421e+03 8.297333110605824913e+03 7.742168082574867185e+03 8.769033266754131546e+03 7.770650480150671683e+03 8.013491798270870277e+03 7.650393777966946800e+03 7.931747432035625025e+03 6.707003110940662737e+03 6.952239421211702393e+03 7.447311729133934023e+03 7.258415290391082635e+03 9.454858625269673212e+03 8.396822895460618383e+03 6.471210693155849185e+03 7.120650060162633963e+03 5.656581960930135210e+03 6.442370839763693766e+03 7.539621730820887024e+03 7.323216317309830629e+03 7.321462539838083103e+03 6.418280704542247804e+03 7.741366543792642915e+03 7.826022454060840573e+03 7.104594793686175763e+03 6.920847540650915107e+03 7.709947417590607074e+03 7.056342028240868785e+03 9.354917023549118312e+03 7.326663116813646411e+03 8.063889607647455705e+03 7.742243778182841197e+03 9.467178571163323795e+03 7.268216426299955856e+03 9.266806187823502114e+03 9.137785546915440136e+03 9.236470270128344055e+03 8.167837695041919687e+03 7.320961825118883098e+03 7.680790348614562390e+03 9.212513963295023132e+03 9.477327340798516161e+03 7.490413857742901200e+03 8.166362032947353327e+03 7.748086997305369550e+03 7.706368630329573534e+03 6.944716935044302772e+03 8.185614190701229745e+03 9.108926561921438406e+03 9.080446327225687128e+03 7.523182780622400060e+03 9.676767711180504193e+03 7.104701715019470612e+03 7.233471892246556308e+03 7.857784784145739650e+03 6.977948867346603947e+03 9.289525612359480874e+03 7.963021553184907134e+03 9.332211357545411374e+03 8.164037527331141973e+03 8.811575126725467271e+03
2.770588235294117680e+02 9.368559829033660208e+03 8.967476353227013533e+03 7.943297378080430462e+03 7.545129928585348352e+03 7.678744406911560873e+03 9.196369945787651886e+03 6.773913636613902781e+03 7.665904270509078742e+03 6.944800014032104627e+03 7.703236986512742988e+03 6.687810450069810031e+03 7.335004086098571861e+03 7.212820376587871579e+03 7.175651874371580561e+03 6.171137872086391326e+03 7.438623638999575633e+03 6.612376462198302761e+03 7.310750922668043131e+03 6.605165270225831591e+03 7.051844932312658784e+03 8.213775082699437917e+03 7.243009051045494743e+03 7.114560917687739675e+03 6.435124017769114289e+03 9.430780486483474306e+03 7.086391023650910029e+03 8.335138857632773579e+03 7.401776089704474543e+03 7.140647801573893958e+03 6.566241391534282229e+03 6.734460324696225143e+03 6.753258112552040984e+03 8.969324168960161842e+03 7.126533663408497887e+03 7.456442092483786837e+03 7.672132593889611599e+03 8.190601193334570780e+03 6.800112193846805894e+03 9.462356936700065489e+03 6.851220511521301887e+03 6.176677791227371017e+03 6.789858259494263621e+03 8.237381234745336769e+03 8.986676076068930342e+03 8.108186122528754822e+03 7.647668924664631049e+03 8.927552036525687072e+03 7.574725419277729088e+03 6.763014193421882737e+03 6.837325647648932318e+03 8.420738622609447702e+03 7.820228709589474420e+03 8.795749832507230167e+03 7.845086941436400593e+03 7.949192215618532828e+03 7.636439906349715784e+03 7.974492530191686456e+03 6.832115627727533138e+03 6.984644951140981902e+03 7.544166115364838333e+03 7.352412211084890259e+03 9.477019598969156505e+03 8.473330110245398828e+03 6.648382908502684586e+03 7.233199130987171884e+03 5.841354589423403922e+03 6.619861851654245584e+03 7.610007166558104473e+03 7.427620343162676363e+03 7.409549985747370556e+03 6.596983102719502313e+03 7.707862522301875288e+03 7.809588759698223839e+03 7.191108572631115749e+03 6.949587625026142632e+03 7.717732908642921757e+03 7.067237080624481678e+03 9.387767959365539355e+03 7.411955137807949541e+03 8.098227910375752799e+03 7.759634909297524246e+03 9.484418032894349381e+03 7.304654186817392656e+03 9.345561165960712970e+03 9.173945328589661585e+03 9.272551180767339247e+03 8.196551907512881371e+03 7.407081612323440822e+03 7.725942639405118825e+03 9.258590930353562726e+03 9.490371313625566472e+03 7.533420190943224952e+03 8.163665404086701528e+03 7.789872492750887432e+03 7.757952347109711809e+03 7.046934430158429677e+03 8.195603515840844921e+03 9.134295284547391930e+03 9.104636344184333211e+03 7.539494588231362286e+03 9.701940733609088056e+03 7.184247827223296554e+03 7.300942511585190005e+03 7.878901322524760872e+03 7.036126786724331396e+03 9.278035940694704550e+03 7.949302361351741638e+03 9.374834095181684461e+03 8.135702707062439913e+03 8.887014952660692870e+03
2.776470588235293917e+02 9.274649441485322313e+03 8.831406658618852816e+03 7.917769690610413818e+03 7.471786001019002470e+03 7.573380578756351497e+03 9.059566756897122104e+03 6.730264996908707872e+03 7.758816398722072336e+03 6.936319081850927432e+03 7.722433852729909631e+03 6.821592730057556764e+03 7.414354340777118523e+03 7.260858328946421352e+03 7.188263859086158845e+03 6.328774671102903085e+03 7.540672129350527030e+03 6.764554824029768497e+03 7.316248926554011632e+03 6.755946336611018523e+03 7.067362882686401463e+03 8.214503560731089237e+03 7.307211318632602342e+03 7.252941064985792764e+03 6.574728715283637939e+03 9.394532521272170925e+03 7.090015684664736000e+03 8.334585363703288749e+03 7.488379088717832019e+03 7.209951111880768622e+03 6.719989255985768978e+03 6.687175219901369019e+03 6.710054781717161859e+03 9.016535398168558459e+03 7.236356490184385621e+03 7.524636735914484234e+03 7.606190950447267824e+03 8.182280226941514229e+03 6.914389230848626539e+03 9.366525656394967882e+03 6.848640750197747366e+03 6.320226327592148664e+03 6.814093871677983770e+03 8.251187455820623654e+03 8.995317954215612190e+03 8.115920243204934195e+03 7.727734187715092958e+03 8.797510426933529743e+03 7.580657160030905288e+03 6.726604735679558871e+03 6.842494166957040761e+03 8.520089909011510827e+03 7.875304372854833673e+03 8.796257172308882218e+03 7.896417421449838912e+03 7.862280412834042181e+03 7.599953657341334292e+03 7.993497443854419544e+03 6.938369222197818999e+03 6.996243043961786498e+03 7.619187722559048780e+03 7.425123896130514368e+03 9.470953525143238949e+03 8.524836600078480842e+03 6.809360073185299370e+03 7.325239670849934555e+03 6.013445840756656253e+03 6.781279047857804471e+03 7.657957916637444214e+03 7.510709725638814234e+03 7.476069166729480457e+03 6.759755637844818011e+03 7.651873230741318366e+03 7.770135734478011727e+03 7.256707390701792065e+03 6.957619281514803333e+03 7.702571101742955761e+03 7.057101361098724738e+03 9.392642625397467782e+03 7.475625572528874727e+03 8.108436011573543510e+03 7.753916216210931452e+03 9.473423533552499066e+03 7.319337415026361668e+03 9.396683755957896210e+03 9.182767020591307300e+03 9.280999859426634430e+03 8.200839767777635643e+03 7.471608293718873028e+03 7.748109701683673848e+03 9.277093888642839374e+03 9.475180511160064270e+03 7.554009611337516617e+03 8.136766795234605524e+03 7.808467578119888458e+03 7.786488745811931949e+03 7.128998548102674249e+03 8.181216040401914142e+03 9.132449309470410299e+03 9.101702034115431161e+03 7.533353863163693859e+03 9.698211392232527942e+03 7.242787957004871714e+03 7.346888926784343312e+03 7.876544991199809374e+03 7.073490402304012605e+03 9.239114321249597197e+03 7.912118990912548725e+03 9.389527259486971161e+03 8.083529799095422277e+03 8.936183573105690812e+03
2.782352941176470722e+02 9.155057236161264882e+03 8.672373931180294676e+03 7.869211363402613642e+03 7.377690914467101720e+03 7.447921925052978622e+03 8.899105172841507738e+03 6.667406516009002189e+03 7.829352148864158153e+03 6.907501981705253456e+03 7.718820767186733065e+03 6.936999127448615582e+03 7.472173530485121773e+03 7.287507480661246518e+03 7.179659182025694463e+03 6.470652879123516868e+03 7.621192022897388597e+03 6.899212050138247832e+03 7.300186769153931891e+03 6.889181877843825532e+03 7.062010898970038397e+03 8.191059255937376292e+03 7.350019558082088224e+03 7.371658678035480989e+03 6.696991308047119674e+03 9.331042689560017607e+03 7.072756908143322107e+03 8.309514937432913939e+03 7.553334782305214503e+03 7.258212598489525590e+03 6.856432694312883541e+03 6.620883342747059942e+03 6.647693059994432588e+03 9.037127612743162899e+03 7.325780090183663560e+03 7.570823200941117648e+03 7.518904898421408689e+03 8.149954370533953806e+03 7.009408377047026079e+03 9.244784920450883874e+03 6.825931226164329928e+03 6.447457979913035160e+03 6.818194219640195115e+03 8.240642221034586328e+03 8.977441345892992103e+03 8.099728709170437469e+03 7.785321299725587778e+03 8.644393488317458832e+03 7.564248225450987775e+03 6.670859974682804932e+03 6.827498486399558715e+03 8.594824662913122665e+03 7.907200378261451078e+03 8.770881707242935590e+03 7.924481398260400056e+03 7.753800894854700346e+03 7.541541686731134178e+03 7.988893764695852042e+03 7.025086413322919725e+03 6.987193771924941757e+03 7.671995318289111310e+03 7.476182329717284119e+03 9.437070481487471625e+03 8.551203912268823842e+03 6.953012911678998535e+03 7.396230372447350419e+03 6.171636101566608886e+03 6.925489235703374106e+03 7.683334594838126577e+03 7.572028206564190441e+03 7.520708759425579956e+03 6.905454287403311355e+03 7.574175292801218347e+03 7.708302300929360172e+03 7.301079900829275175e+03 6.945132862683109124e+03 7.664885886369481341e+03 7.026290114439017088e+03 9.369851069329077291e+03 7.517388363765343456e+03 8.094728209814842558e+03 7.725430103112662437e+03 9.434648852085907492e+03 7.312410821469240545e+03 9.420071761462793802e+03 9.164517676779205431e+03 9.262090389718770894e+03 8.180971706063567581e+03 7.514248038793981323e+03 7.747385666109894373e+03 9.268207223101049749e+03 9.432245860028511743e+03 7.552283009947848768e+03 8.086209605124732661e+03 7.804000506580355250e+03 7.792016562029424676e+03 7.190448128379881382e+03 8.142886862509518323e+03 9.103748581717134584e+03 9.072011834879334856e+03 7.505098428804350988e+03 9.665977552363881841e+03 7.280072893111283520e+03 7.371177917660487765e+03 7.851032954132109808e+03 7.089972705564367971e+03 9.173450961012538755e+03 7.852096076267042918e+03 9.376513429302443910e+03 8.008279528546618167e+03 8.958978867031442860e+03
2.788235294117646959e+02 9.011136711546907463e+03 8.492011590919761147e+03 7.798337028510730306e+03 7.263917208759405185e+03 7.303688348152223625e+03 8.716641186639310035e+03 6.586126559314375299e+03 7.877179980417049592e+03 6.858857408143616340e+03 7.692716826604674679e+03 7.033280272123960458e+03 7.508228825695784508e+03 7.292803713141017397e+03 7.150180666641650532e+03 6.595794665056531812e+03 7.679756709118708386e+03 7.015438614627468269e+03 7.262977028131028419e+03 7.003973672910483401e+03 7.036098917998435354e+03 8.143952361167172967e+03 7.371328972920968226e+03 7.469950334276243666e+03 6.801098145530377224e+03 9.241208688592460021e+03 7.035029215312029919e+03 8.260456331551395124e+03 7.596350498778259862e+03 7.285275824157503848e+03 6.974646554515779826e+03 6.536399634147698634e+03 6.566956408561339231e+03 9.031255519648029804e+03 7.394289822825709052e+03 7.594875015993037778e+03 7.411298121797612112e+03 8.094209329085809259e+03 7.084595657056634082e+03 9.098509266118668165e+03 6.783544671283871139e+03 6.557511502280227432e+03 6.802376977741820156e+03 8.206144894107903383e+03 8.933537223479734166e+03 8.060055026982206073e+03 7.820211064279099446e+03 8.469789398449094733e+03 7.525924054509452617e+03 6.596509037573900969e+03 6.792724210043594212e+03 8.644602621188476405e+03 7.915929299152503518e+03 8.720172080536760404e+03 7.929325998233920473e+03 7.624956932665916611e+03 7.461989592839717261e+03 7.961019353001897798e+03 7.091765298795279705e+03 6.957836698263385188e+03 7.702407687615585928e+03 7.505414500606420006e+03 9.376017979752994506e+03 8.552517568347773704e+03 7.078360672201211855e+03 7.445819803047732421e+03 6.314817596476112158e+03 7.051506563295513843e+03 7.686199099459747231e+03 7.611315789206085356e+03 7.543354132399140326e+03 7.033080841466516176e+03 7.475716295683630051e+03 7.624909329620195422e+03 7.324105621239454194e+03 6.912496440206822626e+03 7.605290935100151728e+03 6.975333725782479632e+03 9.319941819401312387e+03 7.537154174631562455e+03 8.057526124987315598e+03 7.674713086660975932e+03 9.368783766163969631e+03 7.284207460271381024e+03 9.415869436406750538e+03 9.119698492764424373e+03 9.216333361803790467e+03 8.137426381999190198e+03 7.534903661219050264e+03 7.724065276994047053e+03 9.232354022470890413e+03 9.362292945558579959e+03 7.528536700810249386e+03 8.012733786313669953e+03 7.776801050980595392e+03 7.774777123692386340e+03 7.231007921808045467e+03 8.081253267660268648e+03 9.048783140408346298e+03 9.016163183617785762e+03 7.455254541686038465e+03 9.605880905588868700e+03 7.296044071626899495e+03 7.373869367240353313e+03 7.802880643767448419e+03 7.085692108855455444e+03 9.081955918037840092e+03 7.770044856666131636e+03 9.336255898660139792e+03 7.910896710373451242e+03 8.955533149086080812e+03
2.794117647058823763e+02 8.844410832446581480e+03 8.292079014566463229e+03 7.706038484410843012e+03 7.131675493183432991e+03 7.142116839680379599e+03 8.513962258523702985e+03 6.487352198938101537e+03 7.902170809142588041e+03 6.791055695099297736e+03 7.644631763650238099e+03 7.109856643093902676e+03 7.522480821803917024e+03 7.276969400903436508e+03 7.100346888036431665e+03 6.703366597935159007e+03 7.716135813454783602e+03 7.112486625429151900e+03 7.205208529764915511e+03 7.099585407160278010e+03 6.990110657451416046e+03 8.073888893547964472e+03 7.371224528954989182e+03 7.547234299012694464e+03 6.886395817336583605e+03 9.126135439044492159e+03 6.977417318434768276e+03 8.188136498346496410e+03 7.617328989213684508e+03 7.291172093171839151e+03 7.073865217068274433e+03 6.434674472653589874e+03 6.468766741583435760e+03 8.999302978590250859e+03 7.441558157667556770e+03 7.596861335693964065e+03 7.284540706877061893e+03 8.015822224486885716e+03 7.139554396374074713e+03 8.929243680288445830e+03 6.722095841501043651e+03 6.649676120408184033e+03 6.767030180593466866e+03 8.148296322163231707e+03 8.864313966378502300e+03 7.997538870470755683e+03 7.832385837545717550e+03 8.275416287024167104e+03 7.466292841009402764e+03 6.504423874379714107e+03 6.738721838102936999e+03 8.669305898080237966e+03 7.901706437016153359e+03 8.644886566327102628e+03 7.911200988347028215e+03 7.477090364399248756e+03 7.362246837294200304e+03 7.910409112928034119e+03 7.138083271888848685e+03 6.908682177747595233e+03 7.710442146329939533e+03 7.512840767974949813e+03 9.288666531947539625e+03 8.529081134498812389e+03 7.184582054387564312e+03 7.473847550218826655e+03 6.442007279375099642e+03 7.158503412800192564e+03 7.666809519887484385e+03 7.628508526808769602e+03 7.544084869238407919e+03 7.141793952922355857e+03 7.357597682349396564e+03 7.520944080480609955e+03 7.325852702011183283e+03 6.860246753938973598e+03 7.524576921276496250e+03 6.904926396336491052e+03 9.243688892944370309e+03 7.535027639098468171e+03 7.997448210196932450e+03 7.602483997968486619e+03 9.276739035040500312e+03 7.235239938582436480e+03 9.384460276509551477e+03 9.049032613451232464e+03 9.144463536317420221e+03 8.070879313641700719e+03 7.533671903767382901e+03 7.678635429819746605e+03 9.170184895256834352e+03 9.266266585473789746e+03 7.483254007118185655e+03 7.917261067239071053e+03 7.727391475237856866e+03 7.735206670782429683e+03 7.250588765660302670e+03 7.997141269703505714e+03 8.968359690503768434e+03 8.934969006319264736e+03 7.384525350121198244e+03 9.518792586535995724e+03 7.290830535219504782e+03 7.355211391008022474e+03 7.732790065710702038e+03 7.060946884135923938e+03 8.965741348641999139e+03 7.666947600136907568e+03 9.269446922588460438e+03 7.792492945582617722e+03 8.926206368490049499e+03
2.800000000000000000e+02 8.656547388097467774e+03 8.074435245657646192e+03 7.593368367585482702e+03 6.982294855968841148e+03 6.964739612221759671e+03 8.292960528919156786e+03 6.372133264369967037e+03 7.904395686564434982e+03 6.704915895198198086e+03 7.575254562802493638e+03 7.166323343164505786e+03 7.515080100645857783e+03 7.240406269152109417e+03 7.030840992685610217e+03 6.792688435179175030e+03 7.730294468618179963e+03 7.189777122182348648e+03 7.127634266040676266e+03 7.175449793069352381e+03 6.924693040141194615e+03 7.981756516846448903e+03 7.349975796149632515e+03 7.603115136534862359e+03 6.952397154831110129e+03 8.987115074799785361e+03 6.900664169974515971e+03 8.093466056965578900e+03 7.616365824115689975e+03 7.276116092723027577e+03 7.153490133676659752e+03 6.316777522175970262e+03 6.354168598758977168e+03 8.941872630864909297e+03 7.467445460828824253e+03 7.577041881689589900e+03 7.139929784526653748e+03 7.915746471963771000e+03 7.174067223534942968e+03 8.738678692913646955e+03 6.642349319683662543e+03 6.723398508429802860e+03 6.712703017092373557e+03 8.067885993739131663e+03 8.770682689804551046e+03 7.913002740411225204e+03 7.822025542846948156e+03 8.063096321809714027e+03 7.386132927424606351e+03 6.395603868912159669e+03 6.666195384500823820e+03 8.669036056835824638e+03 7.864942500974178074e+03 8.545977824691472051e+03 7.870550940606138283e+03 7.311660121272384458e+03 7.243409859499991398e+03 7.837783145007520034e+03 7.163897882412466970e+03 6.840400499979051347e+03 7.696310097175552983e+03 7.498670637965164133e+03 9.176092593291376033e+03 8.481407291092482410e+03 7.271023474622042158e+03 7.480342599998903097e+03 6.552358039442715381e+03 7.245818881254046573e+03 7.625612336225130093e+03 7.623735319824200815e+03 7.523169616444114581e+03 7.230917875368700152e+03 7.221056102264435140e+03 7.397542732312956105e+03 7.306573022485403271e+03 6.789077948853573616e+03 7.423696465317392722e+03 6.815912785553209687e+03 9.142075963609073369e+03 7.511301802939968184e+03 7.915296772045553553e+03 7.509629863770728662e+03 9.159628826683238003e+03 7.166189274288573870e+03 9.326456422893801573e+03 8.953450113075721674e+03 9.047424581419072638e+03 7.982189133180932004e+03 7.510838016421907923e+03 7.611764139076124593e+03 9.082563879611849188e+03 9.145312777223014564e+03 7.417094415536933411e+03 7.800878008768919244e+03 7.656474963891292646e+03 7.673925937003054969e+03 7.249284987918306797e+03 7.891549885116424775e+03 8.863485560974067994e+03 8.829441651537070356e+03 7.293777079786084869e+03 9.405795850217376938e+03 7.264743071522216269e+03 7.315632786756787937e+03 7.641635864146220229e+03 7.016207072682726903e+03 8.826101527915185216e+03 7.543940144335922923e+03 9.176992950023663070e+03 7.654327414115498868e+03 8.871576076866656877e+03
2.805882352941176805e+02 8.449333454235222234e+03 7.841012650750907596e+03 7.461522016839036041e+03 6.817202328422446044e+03 6.773161869851147458e+03 8.055605853646106880e+03 6.241625330230791405e+03 7.884120635715118624e+03 6.601391087736372356e+03 7.485440034511204431e+03 7.202452317187469816e+03 7.486361128758708219e+03 7.183685934204972909e+03 6.942497633441566904e+03 6.863239594507463153e+03 7.722389736676654138e+03 7.246904807160742166e+03 7.031157257225501780e+03 7.231173168787930081e+03 6.840643603844810059e+03 7.868608217459048319e+03 7.308029245375268147e+03 7.637385488781964341e+03 6.998784742590303722e+03 8.825605066519767206e+03 6.805657183819846978e+03 7.977522598896091949e+03 7.593743971952394531e+03 7.240498970582179027e+03 7.213094922534215584e+03 6.183880597622024652e+03 6.224312177153840821e+03 8.859772794379017796e+03 7.471998170974517961e+03 7.535859178354002324e+03 6.978869239365790236e+03 7.795094661689773602e+03 7.188095503193367222e+03 8.528624447385580424e+03 6.545205619269411727e+03 6.778287390032674921e+03 6.640094709476444223e+03 7.965876906544208396e+03 8.653740053898081896e+03 7.807436563099339764e+03 7.789501013781300571e+03 7.834729673528926469e+03 7.286378311639208732e+03 6.271159426905688633e+03 6.575989228760928199e+03 8.644108094026973049e+03 7.806233644772352818e+03 8.424575337285989008e+03 7.808004803298872503e+03 7.130220242577259341e+03 7.106703868727037843e+03 7.744032699365419830e+03 7.169245200911537722e+03 6.753808984383383176e+03 7.660410020355055167e+03 7.463295762413861667e+03 9.039559072890755488e+03 8.410206132345685546e+03 7.337204898664404936e+03 7.465518954241913889e+03 6.645167651701287468e+03 7.312964687605567633e+03 7.563232074679118341e+03 7.597312044340352259e+03 7.481058304043912358e+03 7.299948559057338571e+03 7.067443631644615380e+03 7.255971566966938553e+03 7.266694764114567079e+03 6.699828467440363056e+03 7.303747428199235401e+03 6.709272998184600510e+03 9.016278125824315794e+03 7.466449955173553462e+03 7.812042765421916556e+03 7.397189899637075541e+03 9.018750769823320297e+03 7.077891724680669540e+03 9.242685196000071301e+03 8.834070501788641195e+03 8.926351397613701920e+03 7.872381578367130714e+03 7.466867727702247976e+03 7.524287225285278510e+03 8.970551716451842367e+03 9.000758343429235538e+03 7.330880491147167049e+03 7.664817419310120385e+03 7.564921910310524254e+03 7.591727499213374358e+03 7.227369234199156381e+03 7.765633467622243188e+03 8.735350291879674842e+03 8.700774370745344640e+03 7.184023492295060350e+03 9.268166394469555598e+03 7.218266027552735977e+03 7.255733180577884013e+03 7.530449377648640620e+03 6.952104187706134326e+03 8.664491053700648990e+03 7.402292887144002634e+03 9.059997296360626933e+03 7.497786510650243144e+03 8.792424724075346603e+03
2.811764705882353041e+02 8.224649373153470151e+03 7.593790922579865764e+03 7.311818237621680055e+03 6.637902082187021733e+03 6.569039705067786599e+03 7.803919199012546414e+03 6.097071979005249887e+03 7.841798765481403279e+03 6.481552502563239614e+03 7.376193307596346131e+03 7.218191887886142467e+03 7.436833648496460228e+03 7.107538269959261925e+03 6.836288143625580233e+03 6.914663164760941072e+03 7.692764397154671315e+03 7.283640201009418888e+03 6.916814970692968927e+03 7.266537464497968358e+03 6.738896260744749270e+03 7.735644280126274680e+03 7.245998211461854225e+03 7.650025143343357740e+03 7.025411926139518982e+03 8.643204872015874571e+03 6.693412871899327911e+03 7.841532259578996673e+03 7.549925896910085612e+03 7.184879144597910454e+03 7.252427805714604801e+03 6.037239776092184911e+03 6.080435639939713838e+03 8.754001733436811264e+03 7.455444211107729643e+03 7.473928561428678222e+03 6.802848815708347502e+03 7.655119921827660619e+03 7.181776147242789193e+03 8.300984455157133198e+03 6.431685898422447281e+03 6.814115744045840984e+03 6.550041538742986631e+03 7.843388541156596148e+03 8.514749203027546173e+03 7.681980404025212920e+03 7.735364733451702705e+03 7.592268718344953413e+03 7.168102378011340079e+03 6.132294598983904507e+03 6.469073444436496175e+03 8.595041516222336213e+03 7.726349194103439913e+03 8.281966170704732576e+03 7.724363178559447988e+03 6.934397515550783282e+03 6.953463495892412539e+03 7.630204137636152154e+03 7.154335555035073412e+03 6.649857575240112055e+03 7.603317868008303776e+03 7.407280607180256993e+03 8.880494004991358452e+03 8.316371050074800223e+03 7.382823060626143160e+03 7.429768781401359774e+03 6.719885661769571016e+03 7.359628535336927598e+03 7.480458771168217027e+03 7.549733224264491582e+03 7.418371920507303003e+03 7.348557262122201791e+03 6.898207233318004000e+03 7.097607045970817126e+03 7.206812634107845952e+03 6.593466381431297123e+03 7.165954806158410065e+03 6.586106284672088805e+03 8.867641545618113014e+03 7.401115240860061022e+03 7.688808758057542036e+03 7.266337991801265161e+03 8.855564253139235007e+03 6.971323912629441111e+03 9.134172934981217622e+03 8.692183245984302630e+03 8.782550318041921855e+03 7.742631810874247094e+03 7.402396896467116676e+03 7.417193188402691703e+03 8.835386968566323048e+03 8.834088977820896616e+03 7.225583027660295556e+03 7.510438489106963971e+03 7.453754238005818479e+03 7.489561068808527125e+03 7.185284892808932454e+03 7.620682641703234367e+03 8.585305361267977787e+03 8.550321127871678982e+03 7.056408772867310290e+03 9.107350729866775509e+03 7.152046815856117973e+03 7.176270949387646397e+03 7.400401132159948247e+03 6.869418992036158670e+03 8.482501697632784271e+03 7.243390792219784089e+03 8.919740740850458678e+03 7.324362502903032691e+03 8.689724324226326644e+03
2.817647058823529278e+02 7.984442815244582562e+03 7.334771986252369061e+03 7.145679065574712695e+03 6.445954528531489814e+03 6.354058572316327627e+03 7.539946862632884404e+03 5.939786630151236750e+03 7.778060055333363380e+03 6.346572582022256938e+03 7.248653007335678012e+03 7.213663887108303243e+03 7.367171909997661714e+03 7.012838021354376906e+03 6.713304423688350653e+03 6.946767601365635528e+03 7.641938247897156543e+03 7.299929256397912468e+03 6.785762310323223574e+03 7.281499662430868739e+03 6.620505605091549114e+03 7.584192879818027905e+03 7.164650871903328152e+03 7.641197456913697351e+03 7.032301322544986760e+03 8.441631709728988426e+03 6.565060355199750120e+03 7.686850029029017605e+03 7.485543315583749973e+03 7.109971000538842418e+03 7.271411597315717700e+03 5.878177264194618147e+03 5.923847091445990372e+03 8.625729936148416527e+03 7.418186040463830068e+03 7.392025922821332642e+03 6.613423075540154969e+03 7.497196052324651646e+03 7.155416067914668020e+03 8.057729330294443571e+03 6.302915607471663861e+03 6.830820620206932290e+03 6.443502510700761377e+03 7.701678292576399144e+03 8.355119062864712760e+03 7.537905816549251540e+03 7.660339312622477337e+03 7.337692990658018061e+03 7.032500400289656682e+03 5.980289261119257390e+03 6.346528029390197844e+03 8.522548810205180416e+03 7.626217314362570505e+03 8.119574124468680566e+03 7.620583634591202099e+03 6.725869373884518609e+03 6.785112828878116488e+03 7.497481353655187377e+03 7.119546987286174044e+03 6.529613092857566699e+03 7.525775365186370436e+03 7.331350954099129012e+03 8.700467767878504674e+03 8.200962516392719408e+03 7.407752102122166434e+03 7.373653153419111732e+03 6.776117935326712541e+03 7.385674860656913552e+03 7.378233625624416163e+03 7.481661327643822005e+03 7.335890360106493972e+03 7.376591558883303151e+03 6.714867967590726948e+03 6.923915400669139672e+03 7.127676111738507643e+03 6.471073522181653971e+03 7.011651590755372126e+03 6.447613727685377853e+03 8.697661628036850743e+03 7.316098074177280978e+03 7.546850482399489920e+03 7.118364008839984308e+03 8.671667340689215052e+03 6.847586474538013135e+03 9.002126669435891017e+03 8.529226622095276980e+03 8.617477744395102491e+03 7.594245300228652013e+03 7.318219107051814717e+03 7.291606396723944272e+03 8.678465344306054249e+03 8.646925873383639555e+03 7.102304587094408816e+03 7.339205950812553965e+03 7.324128249151378441e+03 7.368517129708462562e+03 7.123636312556812300e+03 7.458104034393105394e+03 8.414842515681333680e+03 8.379574792828270802e+03 6.912189347001695751e+03 8.924942968899345942e+03 7.066883499427618517e+03 7.078149429463336674e+03 7.252782006371320676e+03 6.769067528321436839e+03 8.281838417650700649e+03 7.068712613391643572e+03 8.757660248629708803e+03 7.135631810220040279e+03 8.564619055189106803e+03
2.823529411764706083e+02 7.730703244901455037e+03 7.065955995832216104e+03 6.964609109318625997e+03 6.242955821620113966e+03 6.129912591620511193e+03 7.265735835217609747e+03 5.771134408485672793e+03 7.693698946766952758e+03 6.197707427089378143e+03 7.104073114375665682e+03 7.189158302171017567e+03 7.278201929638511501e+03 6.900589785084101095e+03 6.574741797706944453e+03 6.959525947541331334e+03 7.570597216899660452e+03 7.295890486764717934e+03 6.639253813943184468e+03 7.276188774375928915e+03 6.486630298344364746e+03 7.415689832742340514e+03 7.064896469772052114e+03 7.611243235573719176e+03 7.019641019176237933e+03 8.222695826316794410e+03 6.421823973597905024e+03 7.514939068872977259e+03 7.401384952983185030e+03 7.016631762082837668e+03 7.270141145907064129e+03 5.708063254400353799e+03 5.755906419817532878e+03 8.476280594963001931e+03 7.360791422581763072e+03 7.291073711480463317e+03 6.412190628824754640e+03 7.322796874521904101e+03 7.109484349863628267e+03 7.800871034152465654e+03 6.160107388468935824e+03 6.828500626237399956e+03 6.321543851592459760e+03 7.542121776272779243e+03 8.176382520666004893e+03 7.376596157985550235e+03 7.565303990364381207e+03 7.072985180862471680e+03 6.880871083523524248e+03 5.816481081036635260e+03 6.209526136679807678e+03 8.427521552652809987e+03 7.506909057324997775e+03 7.938938037341713425e+03 7.497764382178461346e+03 6.506342248096068943e+03 6.603145202395982778e+03 7.347167033476567667e+03 7.065416471589513094e+03 6.394242484722549307e+03 7.428676280892132127e+03 7.236380530401051146e+03 8.501169362850454490e+03 8.065190180251702259e+03 7.412041625444432611e+03 7.297890793363037119e+03 6.813628918486580005e+03 7.391143109828629349e+03 7.257632952636922710e+03 7.393914140516842053e+03 7.234538334889623911e+03 7.384073825089284583e+03 6.519000167131172930e+03 6.736431795445323587e+03 7.030175916634806526e+03 6.333828601194072689e+03 6.842259013882041472e+03 6.295080280627706998e+03 8.507959985072324343e+03 7.212341902442672108e+03 7.387537243132434014e+03 6.954654344869310080e+03 8.468772798826688813e+03 6.707886821516340206e+03 8.847913923083171539e+03 8.346765457142912055e+03 8.432717648546476994e+03 7.428637729823160953e+03 7.215271433986650663e+03 7.148769179616708243e+03 8.501317745786935120e+03 8.441001578249823069e+03 6.962261955520868469e+03 7.152668868443070096e+03 7.177316330946604467e+03 7.229809299419175659e+03 7.043177082738009631e+03 7.279399421191438705e+03 8.225571046209748602e+03 8.190144578203592573e+03 6.752714951703776933e+03 8.722660692931334779e+03 6.963710707151569295e+03 6.962401563227552288e+03 7.088983716302996072e+03 6.652085873258369247e+03 8.064294906630841069e+03 6.879809859916179448e+03 8.575326542555223568e+03 6.933233120771259564e+03 8.418406119943896556e+03
2.829411764705882320e+02 7.465437347854595828e+03 6.789318932010425669e+03 6.770174788982301834e+03 6.030517957593515348e+03 5.898284934840850838e+03 6.983310715023078046e+03 5.592514197365982909e+03 7.589660039172465076e+03 6.036278901171165671e+03 6.943804143139800544e+03 7.145125828209837891e+03 7.170887077085420060e+03 6.771911867709443868e+03 6.421881256429874156e+03 6.953072867614603638e+03 7.479580507523547567e+03 7.271809744557268459e+03 6.478625289953889478e+03 7.250900528296523589e+03 6.338515708851853560e+03 7.231657731001024331e+03 6.947770053072527844e+03 7.560672366747331580e+03 6.987778584931912519e+03 7.988275758062464774e+03 6.265005437123018055e+03 7.327349541060054435e+03 7.298382526103993769e+03 6.905846969823197469e+03 7.248878477462770206e+03 5.528298087976417264e+03 5.578007433422946633e+03 8.307108852673771253e+03 7.283982177434507321e+03 7.172125399315235882e+03 6.200773814416862479e+03 7.133475203974989199e+03 7.044602445328217982e+03 7.532438055755597816e+03 6.004543653448887198e+03 6.807411214318100974e+03 6.185322675522638747e+03 7.366192374269289758e+03 7.980173894734699388e+03 7.199526243303861520e+03 7.451279419516625239e+03 6.800108698014375477e+03 6.714597487448701031e+03 5.642247713053328880e+03 6.059316960622118131e+03 8.311014500307335766e+03 7.369620990926985542e+03 7.741689473494910089e+03 7.357126610420018551e+03 6.277530765868793424e+03 6.409103105132242490e+03 7.180663090901492069e+03 6.992629235660904669e+03 6.244995540871025696e+03 7.313051176975469389e+03 7.123376095522996366e+03 8.284382194326803074e+03 7.910393554655504886e+03 7.395912410409160657e+03 7.203344929553471957e+03 6.832341666407082812e+03 7.376243537688606921e+03 7.119850999748197864e+03 7.287450385815239315e+03 7.115369891363931856e+03 7.371197342911269516e+03 6.312211035000697848e+03 6.536739807078260128e+03 6.915329006386377841e+03 6.182989901619466764e+03 6.659266577887104177e+03 6.129856608698307355e+03 8.300260771511148050e+03 7.090917510972653872e+03 7.212331756710509580e+03 6.776672051763591298e+03 8.248683752923887369e+03 6.553520986852616261e+03 8.673041143436381390e+03 8.146468128378612164e+03 8.229958245639187226e+03 7.247314357006117461e+03 7.094618853672721343e+03 6.990022980382541391e+03 8.305587390058526580e+03 8.218135505003972867e+03 6.806767784222824048e+03 6.952439229543841066e+03 7.014687780050653600e+03 7.074755745997383201e+03 6.944796664284512190e+03 7.086144496908563269e+03 8.019194553680237732e+03 7.983732776569564521e+03 6.579409315506234634e+03 8.502320157958169148e+03 6.843584190042102819e+03 6.830173408604909127e+03 6.910478658674934195e+03 6.519613886387057391e+03 7.831729226963727342e+03 6.678285890566303351e+03 8.374420814599870937e+03 6.718845904981889362e+03 8.252515247498720782e+03
2.835294117647058556e+02 7.190645645816299293e+03 6.506791971355408350e+03 6.563983784004621157e+03 5.810249967969429235e+03 5.660829676603512780e+03 6.694652410171330303e+03 5.405341252080846971e+03 7.467022363917957591e+03 5.863656812585442822e+03 6.769273831919617805e+03 7.082168367565044719e+03 7.046312420633574220e+03 6.628019306010335640e+03 6.256071320776272842e+03 6.927699404603559742e+03 7.369866106706216669e+03 7.228132871279650317e+03 6.305275194608901984e+03 7.206089820379946104e+03 6.177476196049115970e+03 7.033684999577470990e+03 6.814416222785233913e+03 7.490153364931623400e+03 6.937212941577337915e+03 7.740293911376124925e+03 6.095965758121037652e+03 7.125697290712902941e+03 7.177595264210652203e+03 6.778714689536311198e+03 7.208045749525722385e+03 5.340295048381412926e+03 5.391560565433807824e+03 8.119780085245458395e+03 7.188621209009363156e+03 7.036348816404930403e+03 5.980799343255986059e+03 6.930841803944132153e+03 6.961532537305456572e+03 7.254451836521918267e+03 5.837558969579544282e+03 6.767957947125805731e+03 6.036070213653390965e+03 7.175440481255320265e+03 7.768206105001368996e+03 7.008241738344629994e+03 7.319411147152763988e+03 6.520986795940633783e+03 6.535127827264316693e+03 5.458989303039391416e+03 5.897208332101027736e+03 8.174228137361668814e+03 7.215656869201118752e+03 7.529530225644881284e+03 7.199995972072506447e+03 6.041138200328678977e+03 6.204558415719283403e+03 6.999450642826775038e+03 6.902006404670107258e+03 6.083187216534171057e+03 7.180050867617654148e+03 6.993461295540827450e+03 8.051959731771289626e+03 7.738021856288886738e+03 7.359749857979226363e+03 7.091008741502230805e+03 6.832335619769599361e+03 7.341350834320246577e+03 6.966181881407613218e+03 7.163354018498863297e+03 6.979551748816837062e+03 7.338320090646816425e+03 6.096120982968117460e+03 6.326451258084201072e+03 6.784262514610097242e+03 6.019877610611273667e+03 6.464212166023036843e+03 5.953340830521905445e+03 8.076366770827962682e+03 6.953006200772019838e+03 7.022769596933461798e+03 6.585936908995331578e+03 8.013269277783274447e+03 6.385855362345846515e+03 8.479131235659795493e+03 7.930083245207501932e+03 8.010968484647002697e+03 7.051849101734061151e+03 6.957437468050314237e+03 6.816789131728464781e+03 8.093006526625110382e+03 7.980209502305456226e+03 6.637211739978294645e+03 6.740170904893125225e+03 6.837689336909807935e+03 6.904759991894187806e+03 6.829505677311452018e+03 6.879967809831045088e+03 7.797487577764647540e+03 7.762111448780093269e+03 6.393750809380214378e+03 8.265811486366930694e+03 6.707664384290931594e+03 6.682706759609323854e+03 6.718799786306633905e+03 6.372878144404967315e+03 7.586039843061794272e+03 6.465775358147197039e+03 8.156710999762201027e+03 6.494169510633556456e+03 8.068487356039341648e+03
2.841176470588235361e+02 6.908300704351110653e+03 6.220242859236816003e+03 6.347665159556636354e+03 5.583740216713725204e+03 5.419155251976055297e+03 6.401678873759012276e+03 5.211030638337329947e+03 7.326982388245495713e+03 5.681241336150648749e+03 6.581967773989065790e+03 7.001027750115753406e+03 6.905667966567905751e+03 6.470206265136647744e+03 6.078709989034803584e+03 6.883845832026828248e+03 7.242554951021169472e+03 7.165456308863610502e+03 6.120646186884053350e+03 7.142361281147653244e+03 6.004877328107662834e+03 6.823405078148985012e+03 6.666072002590982265e+03 7.400501037278042531e+03 6.868584523007005373e+03 7.480693079266586210e+03 5.916107324774042354e+03 6.911642771575478946e+03 7.040193418847733483e+03 6.636428899930125226e+03 7.148216204661616757e+03 5.145463993604941606e+03 5.197976315229713691e+03 7.915947778276234203e+03 7.075698108984558530e+03 6.885008634799023639e+03 5.753879996933485927e+03 6.716544719500143401e+03 6.861164429453966477e+03 6.968904740381800366e+03 5.660522830567570054e+03 6.710687910108154028e+03 5.875074814621460064e+03 6.971472671845604964e+03 7.542247982510059956e+03 6.804338725906485706e+03 7.170952032274877638e+03 6.237483808409333506e+03 6.343956273477847390e+03 5.268111845254051332e+03 5.724549401260666855e+03 8.018489852705594785e+03 7.046408728838610841e+03 7.304210082308721212e+03 7.027783462119091382e+03 5.798838181381566756e+03 5.991093505549592919e+03 6.805070004251863793e+03 6.794491249028182210e+03 5.910180074525766940e+03 7.030928906218584416e+03 6.847859603113755838e+03 7.805801574999662989e+03 7.549613236181653519e+03 7.304095353655785402e+03 6.961989547882736588e+03 6.813842332986220754e+03 7.286995616825100115e+03 6.798000988033312751e+03 7.022817408821212666e+03 6.828345872521887941e+03 7.285956498006777110e+03 5.872344924568379611e+03 6.107186875562495516e+03 6.638196793645775870e+03 5.845856301430806525e+03 6.258662546047431533e+03 5.766960719657729896e+03 7.838135645016682247e+03 6.799882246702952216e+03 6.820438756256156921e+03 6.384005826923640598e+03 7.764440401791639488e+03 6.206308198708138661e+03 8.267900498647170025e+03 7.699416499896455207e+03 7.777574585541908164e+03 6.843863838358555768e+03 6.804997001161951630e+03 6.630549421075555074e+03 7.865373074565360184e+03 7.729143857860985008e+03 6.455041591011966375e+03 6.517539129486697675e+03 6.647825552972797595e+03 6.721291529532212735e+03 6.698420114423664018e+03 6.662530021670245333e+03 7.562272494434701002e+03 7.527099415926333677e+03 6.197253379439992386e+03 8.015074115667868682e+03 6.557199266112519581e+03 6.521321359834730174e+03 6.515520654138490499e+03 6.213174653048945402e+03 7.329142494895563686e+03 6.243924496990749503e+03 7.924028161795243250e+03 6.260903283028028454e+03 7.867952640549031457e+03
2.847058823529411598e+02 6.620327086299207622e+03 5.931459445197169771e+03 6.122850256799897579e+03 5.352540167428130189e+03 5.174809650326879819e+03 6.106228114669458591e+03 5.010981713092772225e+03 7.170836163366278015e+03 5.490446048932169106e+03 6.383410268049236947e+03 6.902573047838335697e+03 6.750231297172517770e+03 6.299828320202644136e+03 5.891226911141220626e+03 6.822092650108723319e+03 7.098854146754154499e+03 7.084516031792066315e+03 5.926207023664374901e+03 7.060458095511953616e+03 5.822118434674816854e+03 6.602476210440668183e+03 6.504049279749789093e+03 7.292662726127230599e+03 6.782663805986025181e+03 7.211413930174852794e+03 5.726856433911279055e+03 6.686870543468870892e+03 6.887440890559878426e+03 6.480262322905493420e+03 7.070103379511572712e+03 4.945196042723891878e+03 4.998649721331601540e+03 7.697331310560694874e+03 6.946313588210352464e+03 6.719448335754983418e+03 5.521597731104125160e+03 6.492249172816588725e+03 6.744501277484890124e+03 6.677739940145081164e+03 5.474822706178702902e+03 6.636279401005970612e+03 5.703665096037052535e+03 6.755931298759021047e+03 7.304102031834883746e+03 6.589443606448044193e+03 7.007244107112454003e+03 5.951388342392285267e+03 6.142604256800964322e+03 5.071011367649013664e+03 5.542713773113747266e+03 7.845234240569147914e+03 6.863337647812682917e+03 7.067505161903872249e+03 6.841966082178121724e+03 5.552258176271984667e+03 5.770283186487156854e+03 6.599100795402837321e+03 6.671134335921499769e+03 5.727366871150937186e+03 6.867023566543227389e+03 6.687876709457700599e+03 7.547830168029136985e+03 7.346773862327218012e+03 7.229635768137385639e+03 6.817492158822521560e+03 6.777239179495369171e+03 7.213854116099028943e+03 6.616746191077027106e+03 6.867123805767158046e+03 6.663091497760192397e+03 7.214767309922925051e+03 5.642474855782885243e+03 5.880557945332218878e+03 6.478428103944776012e+03 5.662317706480853303e+03 6.044194651262331718e+03 5.572156463407703995e+03 7.587456771487819424e+03 6.632894833434026623e+03 6.606959603030509243e+03 6.172453834616224412e+03 7.504126994174258471e+03 6.016331545940763135e+03 8.041135480349533282e+03 7.456307950700907895e+03 7.531637142325183049e+03 6.625008147855252901e+03 6.638642837335020886e+03 6.432826911992537134e+03 7.624527675481162987e+03 7.466874237522303702e+03 6.261744497178762686e+03 6.286220996245589049e+03 6.446639439690502513e+03 6.525866569020265160e+03 6.552744810519305247e+03 6.435504017408427899e+03 7.315397034236886611e+03 7.280539895728131341e+03 5.991448059037434177e+03 7.752072955418306265e+03 6.393506843224728982e+03 6.347396850756563254e+03 6.302236072774702734e+03 6.041851363990150276e+03 7.062948154916126441e+03 6.014372337723577402e+03 7.678243208249534291e+03 6.020727867693898588e+03 7.652608551300157160e+03
2.852941176470588402e+02 6.328583352310801274e+03 5.642135544385110734e+03 5.891154811243564836e+03 5.118149728273042456e+03 4.929267438677115024e+03 5.810043377588061048e+03 4.806563723079884767e+03 6.999961013524374721e+03 5.292681817258026967e+03 6.175145729511733407e+03 6.787786565753780451e+03 6.581349835308281399e+03 6.118284736210335723e+03 5.695066144409433946e+03 6.743149989202187498e+03 6.940059408745338260e+03 6.986174966517812209e+03 5.723435165402745042e+03 6.961249365993075116e+03 5.630615526476667583e+03 6.372562012411133765e+03 6.329717139809620676e+03 7.167703174495040912e+03 6.680338499082877206e+03 6.934373927459523657e+03 5.529646429636876746e+03 6.453069551753952510e+03 6.720677470422395345e+03 6.311549090851372966e+03 6.974548796499863784e+03 4.740849496438995629e+03 4.794946098787531810e+03 7.465693989201195109e+03 6.801663105110387733e+03 6.541071998525006165e+03 5.285488281688421921e+03 6.259618506523414908e+03 6.612644243205892053e+03 6.382833232466714435e+03 5.281848010962892658e+03 6.545530367135704182e+03 5.523193400323424612e+03 6.530474750641161336e+03 7.055582980388183387e+03 6.365193762311967475e+03 6.829699965135113416e+03 5.664398841057724894e+03 5.932602420083565448e+03 4.869059271741025441e+03 5.353083232972575388e+03 7.655982924909143549e+03 6.667954583517689571e+03 6.821197136738843255e+03 6.644067564965455858e+03 5.302964543746064010e+03 5.543678033973263155e+03 6.383142779122187676e+03 6.533077832437736106e+03 5.536153871729833554e+03 6.689739439914239483e+03 6.514882617011286129e+03 7.279968643875736234e+03 7.131157127981860867e+03 7.137191375254314153e+03 6.658801652472696333e+03 6.723041356785533935e+03 7.122736184551446058e+03 6.423899187770297431e+03 6.697629474044265407e+03 6.485187062873920695e+03 7.125547815891778555e+03 5.408063850476342850e+03 5.648149323009479303e+03 6.306310993659601081e+03 5.470664097871113881e+03 5.822377810310553286e+03 5.370364240625922321e+03 7.326228953625057329e+03 6.453449998925350883e+03 6.383965464524987510e+03 5.952855871406551159e+03 7.234255634977170303e+03 5.817393608298491927e+03 7.800670114871553778e+03 7.202610150830883867e+03 7.275028978269894651e+03 6.396939870201185840e+03 6.459777851610021571e+03 6.225167224083647852e+03 7.372331395410409641e+03 7.195329662350244689e+03 6.058828761039468191e+03 6.047876993994445911e+03 6.235693666485564790e+03 6.320029125875539648e+03 6.393756548871961058e+03 6.200555942540644537e+03 7.058712802657059910e+03 7.024279021296775682e+03 5.777865368720564220e+03 7.478775564927507730e+03 6.217957533292682456e+03 6.162354853435217592e+03 6.080543567757242272e+03 5.860290941687049781e+03 6.789342473895934745e+03 5.778733281301008901e+03 7.421244459534866110e+03 5.775287950353665110e+03 7.424198066996837952e+03
2.858823529411764639e+02 6.034846268580816286e+03 5.353859162521731378e+03 5.654162398387446956e+03 4.882004447895026715e+03 4.683918906456562581e+03 5.514760931993588201e+03 4.599102937214231133e+03 6.815797019399835335e+03 5.089341691973847446e+03 5.958720972894402621e+03 6.657748986019483709e+03 6.400423097847530698e+03 5.927001205372459481e+03 5.491669838936921224e+03 6.647845693904273503e+03 6.767537298439095139e+03 6.871409225843642162e+03 5.513800414677861227e+03 6.845716291879849450e+03 5.431785207466386055e+03 6.135313273537151872e+03 6.144484344920718286e+03 7.026788589804320509e+03 6.562599756498101669e+03 6.651448060633810201e+03 5.325901892540233348e+03 6.211914734953284096e+03 6.541300961456585355e+03 6.131667422659778822e+03 6.862508449956101686e+03 4.533737241076626560e+03 4.588188107302372373e+03 7.222821805656014476e+03 6.643020018557794174e+03 6.351326326514533321e+03 5.047027523132982424e+03 6.020296345952446245e+03 6.466776696044323216e+03 6.085977192479401310e+03 5.082975022960845308e+03 6.439345568232412916e+03 5.335019984650471088e+03 6.296758639017642963e+03 6.798497571690636505e+03 6.133219318640858546e+03 6.639784324786177422e+03 5.378111405755826127e+03 5.715473620539909462e+03 4.663589032963182945e+03 5.157032388399849879e+03 7.452324232900111383e+03 6.461801595773087683e+03 6.567053693338424637e+03 6.435639708974456880e+03 5.052449716014832120e+03 5.312789095034879210e+03 6.158797487757132330e+03 6.381539391828795488e+03 5.337944962789720194e+03 6.500529240311099784e+03 6.330293881946794500e+03 7.004120013488603036e+03 6.904443480749242553e+03 7.027702496258662904e+03 6.487265994808466530e+03 6.651892233037371625e+03 7.014572095089295544e+03 6.220967379277812142e+03 6.515745708828515490e+03 6.296072327012723690e+03 7.019214747768677626e+03 5.170611704323260710e+03 5.411503905097668394e+03 6.123240981509463381e+03 5.272292639404734473e+03 5.594757283288195140e+03 5.163000996515123006e+03 7.056339402117741884e+03 6.262992720329184522e+03 6.153084395935896282e+03 5.726769851805164762e+03 6.956729025101253683e+03 5.610962118229313091e+03 7.548363552210400485e+03 6.940167488042842706e+03 7.009614302313916596e+03 6.161306754583876682e+03 6.269844625372438713e+03 6.009120681587012768e+03 7.110644565961546505e+03 6.916412154865712182e+03 5.847806471534352568e+03 5.804134097344157453e+03 6.016552707195794028e+03 6.105332943712961423e+03 6.222787010965649642e+03 5.959327687399904789e+03 6.794055048434476703e+03 6.760145850816751590e+03 5.558018832324130017e+03 7.197130838174460223e+03 6.031956906161703955e+03 5.967641604585278401e+03 5.852025984340677496e+03 5.669894160757088684e+03 6.510166973931582106e+03 5.538581142780111804e+03 7.154916286570094599e+03 5.526176794963294924e+03 7.184488586303447846e+03
2.864705882352941444e+02 5.740797124527452979e+03 5.068102902675422229e+03 5.413409364023785201e+03 4.645464228245395134e+03 4.440060923147191716e+03 5.221900014854746587e+03 4.389871060349668369e+03 6.619828579110653664e+03 4.881786954627768864e+03 5.735668385929616306e+03 6.513623807688949455e+03 6.208885124520965292e+03 5.727413189427443285e+03 5.282462783598934948e+03 6.537112277051689489e+03 6.582707247331213694e+03 6.741293380548104324e+03 5.298749459776092408e+03 6.714937371698468269e+03 5.227029349427182751e+03 5.892350881953632779e+03 5.949782227204279479e+03 6.871169971890842135e+03 6.430527458318033496e+03 6.364451243194538620e+03 5.117023773995151714e+03 5.965049777355441620e+03 6.350749382827835689e+03 5.942022660668834760e+03 6.735038259558060417e+03 4.325115525524701297e+03 4.379644203846040000e+03 6.970503022154754944e+03 6.471718423459748010e+03 6.151682950264474130e+03 4.807619484549491062e+03 5.775890044140210193e+03 6.308147947286272938e+03 5.788867379654888282e+03 4.879552761466334232e+03 6.318722875503179239e+03 5.140497958648615167e+03 6.056418199776896472e+03 6.534625558833975447e+03 5.895125990812134660e+03 6.438995691102545607e+03 5.094009848226563918e+03 5.492716989221085896e+03 4.455884230394655788e+03 4.955914254265845557e+03 7.235892892510492857e+03 6.246433685164731287e+03 6.306810337191562212e+03 6.218244127833767379e+03 4.802121050531874062e+03 5.079074023948496688e+03 5.927650900222583005e+03 6.217795745290675768e+03 5.134126606524428098e+03 6.300875794108293121e+03 6.135556074084211104e+03 6.722147853823148580e+03 6.668320912315962232e+03 6.902215006406938301e+03 6.304278584883914846e+03 6.564552369685164194e+03 6.890398108454398425e+03 6.009466222714459036e+03 6.322921001304458514e+03 6.097210775638467567e+03 6.896792059519906616e+03 4.931552244442322262e+03 5.172108614246630168e+03 5.930637476862912990e+03 5.068580602518596606e+03 5.362839008933015975e+03 4.951450286433057045e+03 6.779644135701431878e+03 6.062989421582298746e+03 5.915921870632239916e+03 5.495720866038280292e+03 6.673406945742081007e+03 5.398488487547449949e+03 7.286078773685962005e+03 6.670796794200782642e+03 6.737229145534430245e+03 5.919729332991144474e+03 6.070307855618897520e+03 5.786225361469433665e+03 6.841306825153702448e+03 6.631977782044629748e+03 5.630176989929117553e+03 5.556570271897754537e+03 5.790765823269088287e+03 5.883324231264606169e+03 6.041205864132823990e+03 5.713420551321086350e+03 6.523223899346631697e+03 6.489933607461053725e+03 5.333389653588257715e+03 6.909049063078105064e+03 5.836928735652149953e+03 5.764711058083110402e+03 5.618235299475152715e+03 5.472063783929817873e+03 6.227201867768319971e+03 5.295434686948843591e+03 6.881119125580889886e+03 5.274922254756130314e+03 6.935251606020131476e+03
2.870588235294117680e+02 5.448010456863362378e+03 4.786216837356490032e+03 5.170371441091630004e+03 4.409804150911008946e+03 4.198889941330556212e+03 4.932855243482287733e+03 4.180075311865830372e+03 6.413566449377850404e+03 4.671334639066887576e+03 5.507490533043551295e+03 6.356641449879253742e+03 6.008187509648476407e+03 5.520950047553654258e+03 5.068838311913227699e+03 6.411973063321041082e+03 6.387023963158918377e+03 6.596985097545425560e+03 5.079691911593030454e+03 6.570073106647697387e+03 5.017721066884717402e+03 5.645250408180115301e+03 5.747048279185920364e+03 6.702166176603127496e+03 6.285275163218672787e+03 6.075122829027355692e+03 4.904375938794658396e+03 5.714071498898186292e+03 6.150483697712048524e+03 5.744030926178903428e+03 6.593278918736514242e+03 4.116174323695468956e+03 4.170518736176931270e+03 6.710508990904398161e+03 6.289136195946363841e+03 5.943621453157977157e+03 4.568586306108773897e+03 5.527955845722115555e+03 6.138056969638930241e+03 5.493091076835878994e+03 4.672890364354851954e+03 6.184738999402091395e+03 4.940959291920253236e+03 5.811052065147065150e+03 6.265702363919385789e+03 5.652479488943596152e+03 6.228848749552649679e+03 4.813458144708910368e+03 5.265793363476888771e+03 4.247168102857815029e+03 4.751047225193271515e+03 7.008350439029451081e+03 6.023401553242592854e+03 6.042153835774874096e+03 5.993435172861977662e+03 4.553291856532807287e+03 4.843925083410546904e+03 5.691257493409458220e+03 6.043166332547698403e+03 4.926054171615953237e+03 6.092274712743645978e+03 5.932126929129532982e+03 6.435858885316450142e+03 6.424466571650836158e+03 6.761865086536574381e+03 6.111261232885348363e+03 6.461887450480626285e+03 6.751341429517193319e+03 5.790902760578809648e+03 6.120623815260732954e+03 5.890072868640217166e+03 6.759395929966083713e+03 4.692242411357025958e+03 4.931382212307365080e+03 5.729927447158529503e+03 4.860871906621826383e+03 5.128076056942587456e+03 4.737049668981779178e+03 6.497950032171546809e+03 5.854911222751567038e+03 5.674045086842447745e+03 5.261186970427836059e+03 6.386089052838332464e+03 5.181393386337745142e+03 7.015662634159242771e+03 6.396269665267134769e+03 6.459663478055168525e+03 5.673785257969134364e+03 5.862637686064939771e+03 5.557991446974834616e+03 6.566118694681329544e+03 6.343819827003320825e+03 5.407411755707348675e+03 5.306700824869029020e+03 5.559851519431761517e+03 5.655525645691559475e+03 5.850404276175295308e+03 5.464380810271568407e+03 6.247967294661963024e+03 6.215382800075112755e+03 5.105412982192377058e+03 6.616383943049067057e+03 5.634298939630358291e+03 5.555009017020477586e+03 5.380678001984922957e+03 5.268189606200384333e+03 5.942151096615950337e+03 5.050745075591514251e+03 6.601671017024616049e+03 5.022974895978572931e+03 6.678243659044720516e+03
2.876470588235293917e+02 5.157944976639277229e+03 4.509423473647389983e+03 4.926452123940119236e+03 4.176206978224649902e+03 3.961496809159894383e+03 4.648891328940137100e+03 3.970850083809716125e+03 6.198530398517643334e+03 4.459246362090571893e+03 5.275646026212199104e+03 6.188083249650830112e+03 5.799783097196541348e+03 5.309020352926440864e+03 4.852145465510840040e+03 6.273527747131762226e+03 6.181960279733594689e+03 6.439709418842015111e+03 4.857987709063969305e+03 6.412350221909122411e+03 4.805191946614111657e+03 5.395528285855445574e+03 5.537710618705291381e+03 6.521146886748191719e+03 6.128054695524963790e+03 5.785113195475241810e+03 4.689273059873432430e+03 5.460515930266044052e+03 5.941971172569816190e+03 5.539103585976990871e+03 6.438440271505505734e+03 3.908029321107354008e+03 3.961943584802436817e+03 6.444576491235815411e+03 6.096678245382373461e+03 5.728613361642734162e+03 4.331159952050115862e+03 5.277985615636342118e+03 5.957836320119364245e+03 5.200118169058815511e+03 4.464245726306230608e+03 6.038534755536325065e+03 4.737702000863677313e+03 5.562207602262450564e+03 5.993403513272166492e+03 5.406791399284065847e+03 6.010857487284820309e+03 4.537694985767420803e+03 5.036112254700286030e+03 4.038594707048503096e+03 4.543703189547796683e+03 6.771366185137292632e+03 5.794235444847010513e+03 5.774707487320162727e+03 5.762743889406378003e+03 4.307174231407103434e+03 4.608658739085724847e+03 5.451125698760940395e+03 5.858997353484722225e+03 4.715039506133803116e+03 5.876217956804155619e+03 5.721460301285549576e+03 6.146987498775434688e+03 6.174529737459892203e+03 6.607863550074115665e+03 5.909647689092914334e+03 6.344855211315109045e+03 6.598604480454741861e+03 5.566760153799370528e+03 5.910325992503961970e+03 5.676120101170085945e+03 6.608219180901292020e+03 4.453953274650018102e+03 4.690664896201511510e+03 5.522529947602135508e+03 4.650464968267389850e+03 4.891856662674446852e+03 4.521079440671634984e+03 6.212998868415263132e+03 5.640218195789870151e+03 5.428968760031317288e+03 5.024586551475451415e+03 6.096499742995017186e+03 4.961053569114331367e+03 6.738927231379663681e+03 6.118296544580960472e+03 6.178645176562261440e+03 5.424995343829837111e+03 5.648293836826087500e+03 5.325886948120999477e+03 6.286825013895793745e+03 6.053653773560012269e+03 5.180940446335524939e+03 5.055966416477850544e+03 5.325283390302600310e+03 5.423421627110859845e+03 5.651779142997573217e+03 5.213686836396910621e+03 5.969965836220457277e+03 5.938166152459549266e+03 4.875465592895672671e+03 6.320916601653237194e+03 5.425480351955498918e+03 5.339958324872260164e+03 5.140802025218133167e+03 5.059634467979590227e+03 5.656629345655111138e+03 4.805884976302928408e+03 6.318331066891307273e+03 4.771697927216603603e+03 6.415188651379924522e+03
2.882352941176470722e+02 4.871936819108692362e+03 4.238814947792805469e+03 4.682972830644422174e+03 3.945757514160781739e+03 3.728863448245997006e+03 4.371139847967971946e+03 3.763250120519113807e+03 5.976232850446860539e+03 4.246718806692210819e+03 5.041537020486615802e+03 6.009265666910770051e+03 5.585110768678985551e+03 5.092998339577742627e+03 4.633677670200322609e+03 6.122937631419786157e+03 5.968990752966826221e+03 6.270742925590978302e+03 4.634935996691973742e+03 6.243045841454632864e+03 4.590720671323372699e+03 5.144629729439308903e+03 5.323173581952998575e+03 6.329515900876584965e+03 5.960120764039829737e+03 5.495972510505001082e+03 4.472969952918666422e+03 5.205846163353304291e+03 5.726669671162831946e+03 5.328632714323975051e+03 6.271785629090327348e+03 3.701715504041622808e+03 3.754971369388923449e+03 6.174391536423123398e+03 5.895760442400242027e+03 5.508107142892979937e+03 4.096475873768164092e+03 5.027395491144770858e+03 5.768836523364548157e+03 4.911294415775872949e+03 4.254815634778588901e+03 5.881300319317109825e+03 4.531978632336299597e+03 5.311367966277020969e+03 5.719330868503873717e+03 5.159506844773940429e+03 5.786519362829461897e+03 4.267830535425590824e+03 4.805020362489545732e+03 3.831241618096687944e+03 4.335097278557484060e+03 6.526599355288348306e+03 5.560430323020020296e+03 5.506018177357213972e+03 5.527663399961091272e+03 4.064873925366672665e+03 4.374507108008462637e+03 5.208704977163127296e+03 5.666646274241399624e+03 4.502339935677651738e+03 5.654178383691394629e+03 5.504991145769933610e+03 5.857182249178575148e+03 5.920116100232779900e+03 6.441479893747859023e+03 5.700867986769645540e+03 6.214491902541609306e+03 6.433449143598844785e+03 5.338483532515400839e+03 5.693487155422572869e+03 5.456790232501954051e+03 6.444515502798964008e+03 4.217862776315600968e+03 4.451209641707336232e+03 5.309841686908380325e+03 4.438601990826300607e+03 4.655493977488372366e+03 4.304753040239936126e+03 5.926453173478159442e+03 5.420344685872722948e+03 5.182142548389102558e+03 4.787267295423183896e+03 5.806274955538533504e+03 4.738790228614170701e+03 6.457633013553076125e+03 5.838512650824121920e+03 5.895825850654323403e+03 5.174811272770725736e+03 5.428710929587183273e+03 5.091324923273467903e+03 6.005100119505164002e+03 5.763104519028092909e+03 4.952138523860051464e+03 4.805723064969719417e+03 5.088477392703345686e+03 5.188445158362008442e+03 5.446718114086545938e+03 4.962738144806123273e+03 5.690819499744832683e+03 5.659875450928061582e+03 4.644855340140475164e+03 6.024341597046008246e+03 5.211858737332202509e+03 5.120945342193064789e+03 4.899985373581557724e+03 4.847721646950742979e+03 5.372151218335327940e+03 4.562139619932876485e+03 6.032784685789680225e+03 4.522359011992779415e+03 6.147761700871161338e+03
2.888235294117646959e+02 4.591194891807228487e+03 3.975351999813926795e+03 4.441164863798502665e+03 3.719438688634364553e+03 3.501861206932895584e+03 4.100598129342778520e+03 3.558245338805893425e+03 5.748163518229795955e+03 4.034875612347791048e+03 4.806498259703510485e+03 5.821524827293135786e+03 5.365581184152029891e+03 4.874211667253955966e+03 4.414662891925185249e+03 5.961410800052230115e+03 5.749576278148620986e+03 6.091398037091970764e+03 4.411765699298301115e+03 6.063471897946445097e+03 4.375523191987086648e+03 4.893918462915150485e+03 5.104804523878944565e+03 6.128694750786618897e+03 5.782755920035029703e+03 5.209141624394164864e+03 4.256652532645256542e+03 4.951441954638588868e+03 5.506013012370017350e+03 5.113977772554399053e+03 6.094616079885022373e+03 3.498182229378863667e+03 3.550570236258250588e+03 5.901575048697880447e+03 5.687794331250514915e+03 5.283514538550850375e+03 3.865568283258219253e+03 4.777516213821531892e+03 5.572411051308495189e+03 4.627836803477107424e+03 4.045727432342212524e+03 5.714260509315746276e+03 4.324986149467809810e+03 5.059940836166482768e+03 5.445000816401657175e+03 4.911993780112570676e+03 5.557300716711938549e+03 4.004845050858709328e+03 4.573791671009598758e+03 3.626104144748201634e+03 4.126378873851648677e+03 6.275682407862999753e+03 5.323432498543182191e+03 5.237545365995048087e+03 5.289635630858096192e+03 3.827386897440364010e+03 4.142611098601233607e+03 4.965374595705517095e+03 5.467467099706131194e+03 4.289148737495799651e+03 5.427595537418529602e+03 5.284121675814314585e+03 5.567994496242547029e+03 5.662773831572975723e+03 6.264026379443946098e+03 5.486333786316672558e+03 6.071898211095765873e+03 6.257180840694889412e+03 5.107467335587056368e+03 5.471540248432284898e+03 5.233483674288656402e+03 6.269583668885423322e+03 3.985050258294827472e+03 4.214175368248567793e+03 5.093223843407039567e+03 4.226459730854643567e+03 4.420217552572903514e+03 4.089208937578800942e+03 5.639884235256897227e+03 5.196685880751227160e+03 4.934940281554405374e+03 4.550497023465942220e+03 5.516951181774303222e+03 4.515858831642170117e+03 6.173473689604221363e+03 5.558465988816758909e+03 5.612768694245093684e+03 4.924605028121160103e+03 5.205285052387235737e+03 4.855652337396486473e+03 5.722534998028128030e+03 5.473695630212917422e+03 4.722316510040992398e+03 4.557233899444034250e+03 4.850780956471224272e+03 4.951966167995185970e+03 5.236585700511198411e+03 4.712846175670014418e+03 5.412036409225059288e+03 5.382010422354469483e+03 4.414812142145256075e+03 5.728255111280595884e+03 4.994779940563455966e+03 4.899307722526809812e+03 4.659526431845820298e+03 4.633723507148461977e+03 5.090122539961160328e+03 4.320699563178692188e+03 5.746630896996432057e+03 4.276123996817365878e+03 5.877574797712373766e+03
2.894117647058823763e+02 4.316798253387174555e+03 3.719864939966953443e+03 4.202163161265849340e+03 3.498129308888596370e+03 3.281250783271271757e+03 3.838129946456142534e+03 3.356717156950387107e+03 5.515775391049278369e+03 3.824760965226554163e+03 4.571787817929654921e+03 5.626201753642707445e+03 5.142564006547831923e+03 4.653930733825854986e+03 4.196255434747153231e+03 5.790187484215663972e+03 5.525149775018508080e+03 5.903007723897559117e+03 4.189627581231180557e+03 5.874959850192959493e+03 4.160744367289295042e+03 4.644668240985848570e+03 4.883921978760587990e+03 5.920107208745675962e+03 5.597255881444957595e+03 4.925945115311246809e+03 4.041430316253230103e+03 4.698591309331978664e+03 5.281397637433579803e+03 4.896453526505066293e+03 5.908255287095005770e+03 3.298289879375585315e+03 3.349620184333995439e+03 5.627670314280070670e+03 5.474172771511093742e+03 5.056198206058401411e+03 3.639367286638690075e+03 4.529585432265098461e+03 5.369902242774995102e+03 4.350831013555988648e+03 3.838032230664320196e+03 5.538660511452205355e+03 4.117857219074639943e+03 4.809249012662668065e+03 5.171834476084952257e+03 4.665534187433991974e+03 5.324623490165638032e+03 3.749589418795636448e+03 4.343619333262416149e+03 3.424091160239709552e+03 3.918624338677945616e+03 6.020205764666391588e+03 5.084627703819951421e+03 4.970652114124402942e+03 5.050039723842098283e+03 3.595597696143378471e+03 3.914015339598041010e+03 4.722434046722015410e+03 5.262796606033378339e+03 4.076587168400202245e+03 5.197862821631258157e+03 5.060208944379724016e+03 5.280869189910823479e+03 5.403981224256671339e+03 6.076842514384202332e+03 5.267424863615466165e+03 5.918225133622576323e+03 6.071133051593703385e+03 4.875044103989233918e+03 5.245878312379465569e+03 5.007551418323773760e+03 6.084751961322931493e+03 3.756492803930590071e+03 3.980621920104492347e+03 4.873990163908963950e+03 4.015141839692594658e+03 4.187166552520242476e+03 3.875504201396141525e+03 5.354762130514583077e+03 4.970585887271242427e+03 4.688650937012920622e+03 4.315456101510540975e+03 5.229956600409375824e+03 4.293440633841693852e+03 5.888063056359429538e+03 5.279607293524878514e+03 5.330938420375556234e+03 4.675660267406079583e+03 4.979361722342513531e+03 4.620140562833430522e+03 5.440626515021953310e+03 5.186840753091856641e+03 4.492710702766082250e+03 4.311662815390833202e+03 4.613463588233949849e+03 4.715281501460687650e+03 5.022710561093942488e+03 4.465227021871486613e+03 5.135023628322783225e+03 5.105969640179580892e+03 4.186480783550471642e+03 5.434145327892939349e+03 4.775538512160044775e+03 4.676323747607556470e+03 4.420636158366365635e+03 4.418851694501701786e+03 4.811833730985379589e+03 4.082655377535714706e+03 5.461371694624606789e+03 4.034052506433351027e+03 5.606164172708255137e+03
2.900000000000000000e+02 4.049695457142428040e+03 3.473056115838829555e+03 3.967001838025954839e+03 3.282603338862767941e+03 3.067683680551752332e+03 3.584467890690730201e+03 3.159456231714574642e+03 5.280472127736111361e+03 3.617334597504800058e+03 4.338579536270204699e+03 5.424628394808148187e+03 4.917376387108261952e+03 4.433359385541718439e+03 3.979529198255323990e+03 5.610525779618857086e+03 5.297103207751109949e+03 5.706910856569444149e+03 3.969588020826187403e+03 5.678846069067123608e+03 3.947451200915511436e+03 4.398056253370087688e+03 4.661785264473644929e+03 5.705164547599001708e+03 5.404915636584033564e+03 4.647586385519127361e+03 3.828330437216788596e+03 4.448483796502869154e+03 5.054170586945396280e+03 4.677319456807854294e+03 5.714034806052125532e+03 3.102807952404719799e+03 3.152910780343293482e+03 5.354132369383058176e+03 5.256256819779148827e+03 4.827460946650283404e+03 3.418697511067975938e+03 4.284741674592030904e+03 5.162628198601582881e+03 4.081230783302250529e+03 3.632699562544742093e+03 5.355752039298226009e+03 3.911653029004808559e+03 4.560522786792726038e+03 4.901149857506940862e+03 4.421316996319883401e+03 5.089853462976494484e+03 3.502787222762596230e+03 4.115609126579589429e+03 3.226022347220234224e+03 3.712831081405302029e+03 5.761704103313815722e+03 4.845330925789035064e+03 4.706597962366330648e+03 4.810182053777532019e+03 3.370279365698117545e+03 3.689664720051665881e+03 4.481095303323302687e+03 5.053941703511609376e+03 3.865698013617491142e+03 4.966316140500436632e+03 4.834553719844708212e+03 4.997137697289525931e+03 5.145136202781159227e+03 5.881279925308161182e+03 5.045476961816685616e+03 5.754659902718243757e+03 5.876652218753629313e+03 4.642474978943965652e+03 5.017842719843788473e+03 4.780284301504101677e+03 5.891363136324278457e+03 3.533063101877972258e+03 3.751506672031806374e+03 4.653396571539939941e+03 3.805672658695433711e+03 3.957384707198403248e+03 3.664609504446061692e+03 5.072447856295809288e+03 4.743327224843185832e+03 4.444471389390056174e+03 4.083231682529411501e+03 4.946604226716045559e+03 4.072635729939081557e+03 5.602923773111760056e+03 5.003282036871320088e+03 5.051693171083676134e+03 4.429165404765342828e+03 4.752225364107932364e+03 4.385977536059035629e+03 5.160768612061995555e+03 4.903837125802823721e+03 4.264475723571998060e+03 4.070069895246171654e+03 4.377709312578326717e+03 4.479606685295871102e+03 4.806374119658657037e+03 4.220995876479515573e+03 4.861079974759059041e+03 4.833043453410936309e+03 3.960915264311553983e+03 5.143384888969490930e+03 4.555367739288942175e+03 4.453203134811513337e+03 4.184431903231077740e+03 4.204248750211675542e+03 4.538455253368807462e+03 3.848993987699324407e+03 5.178403446489048292e+03 3.797095235970332396e+03 5.334979660772618445e+03
2.905882352941176805e+02 3.790705612076264515e+03 3.235503804699366356e+03 3.736611311003210631e+03 3.073530604475309701e+03 2.861704842747000384e+03 3.340217229103629961e+03 2.967161609126257190e+03 5.043596897706009258e+03 3.413468352703114761e+03 4.107957053017804355e+03 5.218114588934971835e+03 4.691272964457351009e+03 4.213627215832389084e+03 3.765472582897311440e+03 5.423687981223103634e+03 5.066775970263121053e+03 5.504438275903036811e+03 3.752624304148946521e+03 5.476458028913686576e+03 3.736627525687784328e+03 4.155158194841290424e+03 4.439585628515363169e+03 5.485251954055695023e+03 5.207016300964987749e+03 4.375144738105404940e+03 3.618293216919444603e+03 4.202205697831475845e+03 4.825618956565744156e+03 4.457770545303215840e+03 5.513280124525334941e+03 2.912414389311288687e+03 2.961140310025974486e+03 5.082319299826898714e+03 5.035363828802470380e+03 4.598536329841415863e+03 3.204278230503451596e+03 4.044020191576547404e+03 4.951870841981361082e+03 3.819859078663842411e+03 3.430613538782382875e+03 5.166780373991144188e+03 3.707357533485889689e+03 4.314894110555270345e+03 4.634155929589966036e+03 4.180432742282571780e+03 4.854289996261820306e+03 3.265038373910092560e+03 3.890774582196370375e+03 3.032626802164957098e+03 3.509913226646423482e+03 5.501644344769401869e+03 4.606777791512515250e+03 4.446533703140815305e+03 4.571287838070322323e+03 3.152094797911540354e+03 3.470402498399884735e+03 4.242476734459054569e+03 4.842167928796350679e+03 3.657440648312383018e+03 4.734224086604802324e+03 4.608390978604195880e+03 4.718012639362747905e+03 4.887547596776174032e+03 5.678688056643034543e+03 4.821770941200958077e+03 5.582412166475768572e+03 5.675083458595709089e+03 4.410941709775989693e+03 4.788712861377584886e+03 4.552903843160038377e+03 5.690760047231235149e+03 3.315528931422155893e+03 3.527682755791737236e+03 4.432632185001940343e+03 3.598992595972420077e+03 3.731816840648452853e+03 3.457405785436429596e+03 4.794187417899506727e+03 4.516121855830170716e+03 4.203500878524915606e+03 3.854813533148345869e+03 4.668087179088515768e+03 3.854457676640451155e+03 5.319478150629573975e+03 4.730724379837392917e+03 4.776278497572898232e+03 4.186208480359035093e+03 4.525090277898131717e+03 4.154261650304882096e+03 4.884245565377119419e+03 4.625861087648320790e+03 4.038678541076892543e+03 3.833408555788782451e+03 4.144610725260715299e+03 4.246069242599281097e+03 4.588800547522861052e+03 3.981163258224692981e+03 4.591390779903992552e+03 4.564408827752729849e+03 3.739074858488079371e+03 4.857225495308031896e+03 4.335431216304007648e+03 4.231079423676358601e+03 3.951932929262937250e+03 3.990981303290988762e+03 4.271034934511924803e+03 3.620596634021184400e+03 4.899010305143521691e+03 3.566092842610213211e+03 5.065375903302530787e+03
2.911764705882353041e+02 3.540520942125520833e+03 3.007667324598984123e+03 3.511817053709396077e+03 2.871478720823449294e+03 2.663756424821004657e+03 3.105860997389308068e+03 2.780441068382145659e+03 4.806422755695115484e+03 3.213944087932091406e+03 3.880909544525887213e+03 5.007936213772240080e+03 4.465437370521683079e+03 3.995783334088492211e+03 3.554984833968666408e+03 5.230927654573520158e+03 4.835444770678051100e+03 5.296899837920542268e+03 3.539621413567666877e+03 5.269101440332510720e+03 3.529170234393529881e+03 3.916945111258517500e+03 4.218438816266540016e+03 5.261716131861431677e+03 5.004813065388834730e+03 4.109574203770273016e+03 3.412169223959205283e+03 3.960736839849830176e+03 4.596960841154364061e+03 4.238929549300964027e+03 5.307297678372222435e+03 2.727696252099852700e+03 2.774916065359340791e+03 4.813485416334860020e+03 4.812756851577116322e+03 4.370581001077102883e+03 2.996724851733196374e+03 3.808350361082515519e+03 4.738865213666685122e+03 3.567410723870777474e+03 3.232570426976187719e+03 4.972972121223560862e+03 3.505873080395797388e+03 4.073392439176413518e+03 4.371948581748051765e+03 3.943869912508622292e+03 4.619157333540649233e+03 3.036823883420115180e+03 3.670033646762704393e+03 2.844542932253201798e+03 3.310698539417360735e+03 5.241415234201467683e+03 4.370117621768732533e+03 4.191497993997425510e+03 4.334494520443528017e+03 2.941599391529325203e+03 3.256969875401382069e+03 4.007598697812735281e+03 4.628689286964178791e+03 3.452687519057016289e+03 4.502779613513032018e+03 4.382881855991387056e+03 4.444584733007615796e+03 4.632428211455522614e+03 5.470400667923682704e+03 4.597523439233692443e+03 5.402700721142705333e+03 5.467757059930255309e+03 4.181540285658228640e+03 4.559697296220588214e+03 4.326554668085967933e+03 5.484272129509731712e+03 3.104553910549861030e+03 3.309898788835962023e+03 4.212811823577117138e+03 3.395954850522705328e+03 3.511306985758021256e+03 3.254682167314349954e+03 4.521107916735062645e+03 4.290103784309910225e+03 3.966737242600346235e+03 3.631091467853305858e+03 4.395475779988087197e+03 3.639829670824943150e+03 5.039040958776430671e+03 4.463053044775727358e+03 4.505823139422240274e+03 3.947773703102863237e+03 4.299093163615695630e+03 3.925997162925117209e+03 4.612227024671947220e+03 4.353965494618792036e+03 3.816294097209669872e+03 3.602524274149938719e+03 3.915164679776675712e+03 4.015703690089174870e+03 4.371148148905488597e+03 3.746632907225331110e+03 4.327024484327736900e+03 4.301126056578489624e+03 3.521821601025091240e+03 4.576794390696153641e+03 4.116815856019617058e+03 4.011003884934521921e+03 3.724057561500695556e+03 3.780034643281459012e+03 4.010497058176145856e+03 3.398238412254292598e+03 4.624359563358628293e+03 3.341776393345404358e+03 4.798605359671929364e+03
2.917647058823529278e+02 3.299710827918304403e+03 2.789893261940226239e+03 3.293339736745699156e+03 2.676916224817140119e+03 2.474182580917323776e+03 2.881766205206981795e+03 2.599812596779384876e+03 4.570144719146604984e+03 3.019452932824666277e+03 3.658328922174818672e+03 4.795324483940885330e+03 4.240975243270975625e+03 3.780791703680323280e+03 3.348873827854219599e+03 5.033477604290706950e+03 4.604314998475306311e+03 5.085572590389955622e+03 3.331370309936814920e+03 5.058048501376850254e+03 3.325886880127723998e+03 3.684281731428041894e+03 3.999379262027439836e+03 5.035854185208143463e+03 4.799524168860661121e+03 3.851704189261308784e+03 3.210717668067138220e+03 3.724949088838395710e+03 4.369337897384197277e+03 4.021840810565309766e+03 5.097362911039244864e+03 2.549151403567878333e+03 2.594755854167769030e+03 4.548776339535193983e+03 4.589635607920491566e+03 4.144668478669189426e+03 2.796551544008264500e+03 3.578554706274304408e+03 4.524790112361996762e+03 3.324456517555274786e+03 3.039277537664901502e+03 4.775524068595746030e+03 3.308017537143636673e+03 3.836942265455703364e+03 4.115508314034520481e+03 3.712512889235541024e+03 4.385597585661324956e+03 2.818511742368788873e+03 3.454206852165231339e+03 2.662319518574357062e+03 3.115926887816857288e+03 4.982318813027777651e+03 4.136408104129648564e+03 3.942415654792848727e+03 4.100846677604794422e+03 2.739244839036325175e+03 3.050006936755072275e+03 3.777380730480208513e+03 4.414659465598238057e+03 3.252222017084579420e+03 4.273093396345271685e+03 4.159107152756281721e+03 4.177821357361700393e+03 4.380889661211579551e+03 5.257723445898603131e+03 4.373878995171126917e+03 5.216740888779118904e+03 5.255976091447409090e+03 3.955276224620311950e+03 4.331926535365948439e+03 4.102298438610278936e+03 5.273202878503774627e+03 2.900699654813869529e+03 3.098799915699677967e+03 3.994970124268081236e+03 3.197323561914592574e+03 3.296597894903427004e+03 3.057135339898833990e+03 4.254215439948367020e+03 4.066323194600023726e+03 3.735074649815815519e+03 3.412854263340248508e+03 4.129716482467350943e+03 3.429582139967564672e+03 4.762814075093145220e+03 4.201268977463836563e+03 4.241336759885620268e+03 3.714739643627863188e+03 4.075287221211715405e+03 3.702091275140812286e+03 4.345765121855251891e+03 4.089078940224998405e+03 3.598202545088350689e+03 3.378154781003255721e+03 3.690269579019884532e+03 3.789448153145484866e+03 4.154502303956377546e+03 3.518201112689597267e+03 4.068931103003475982e+03 4.044137226618767727e+03 3.309919337619614907e+03 4.303092859745986971e+03 3.900526463385576335e+03 3.793940946683072980e+03 3.501621876402221005e+03 3.572308858484378561e+03 3.757643200036947292e+03 3.182589143643805528e+03 4.355498919219056006e+03 3.124769129621410684e+03 4.535813326043278721e+03
2.923529411764706083e+02 3.068726941698147584e+03 2.582422413543518815e+03 3.081796691317295881e+03 2.490216592707258314e+03 2.293234938340117424e+03 2.668190895423685106e+03 2.425706946319767212e+03 4.335873278392219618e+03 2.830595774793975579e+03 3.441008528360517630e+03 4.581456580510559434e+03 4.018908814866913417e+03 3.569527837180185998e+03 3.147855191375748291e+03 4.832538905880882339e+03 4.374513610762743156e+03 4.871690113924033540e+03 3.128567470660168965e+03 4.844527298646507006e+03 3.127494602445134660e+03 3.457926409287240858e+03 3.783355638243020621e+03 4.808903934429604305e+03 4.592321126872825516e+03 3.602241510244331494e+03 3.014606086774450432e+03 3.495606247688694566e+03 4.143809265379602948e+03 3.807465501876772578e+03 4.884709518338944690e+03 2.377191180595692458e+03 2.421090431557372085e+03 4.289225763377946350e+03 4.367128778098003750e+03 3.921784467992134523e+03 2.604174932353048007e+03 3.355349333141362422e+03 4.310760106785721291e+03 3.091448505852969447e+03 2.851353280373313282e+03 4.575593161937003060e+03 3.114522593631628752e+03 3.606362115747233020e+03 3.865699654747213117e+03 3.487141398439140175e+03 4.154665166182748180e+03 2.610363674743367483e+03 3.244016879049208001e+03 2.486417825774559788e+03 2.926249766877488128e+03 4.725563553670831425e+03 3.906611614029117391e+03 3.700097554674129242e+03 3.871292559636813166e+03 2.545383827285761981e+03 2.850054721064719160e+03 3.552640271090278475e+03 4.201164380716370033e+03 3.056737738860661011e+03 4.046188644312427641e+03 3.938062365211909764e+03 3.918566859785601537e+03 4.133938858988521133e+03 5.041922753485350768e+03 4.151903724251389576e+03 5.025732628572233807e+03 5.041005076919665044e+03 3.733061276466788058e+03 4.106447332806301347e+03 3.881109275734599123e+03 5.058818530765618561e+03 2.704428881296779309e+03 2.894930079530861804e+03 3.780056992959034233e+03 3.003773275273512354e+03 3.088331934602995261e+03 2.865370098332380167e+03 3.994394642405269678e+03 3.845742136366206523e+03 3.509302875728279105e+03 3.200789930203658514e+03 3.871632479891136882e+03 3.224451773838960435e+03 4.491883067132742326e+03 3.946254701951249899e+03 3.983709284920729260e+03 3.487878835485826130e+03 3.854637748451962125e+03 3.483352579951750158e+03 4.085793106095161875e+03 3.832006610886580802e+03 3.385187781435612578e+03 3.160931631766087321e+03 3.470724055266897722e+03 3.568142374740421928e+03 3.939869782781429876e+03 3.296557591003658672e+03 3.817942183319457399e+03 3.794266351541595213e+03 3.104033960140159252e+03 4.036996281623706636e+03 3.687481755233595777e+03 3.580765078145049756e+03 3.285339752397538177e+03 3.368616315617347027e+03 3.513154407961162633e+03 2.974215516063293308e+03 4.093355409019521630e+03 2.915589462958016611e+03 4.278034533017099420e+03
2.929411764705882320e+02 2.847909340071150382e+03 2.385397330639765642e+03 2.877704534270578733e+03 2.311663059435788455e+03 2.121078742906949628e+03 2.465291794660683991e+03 2.258470850306091961e+03 4.104629475589419599e+03 2.647884674323155650e+03 3.229643102382442976e+03 4.367447508310229750e+03 3.800172781137087895e+03 3.362776894232484210e+03 2.952552618910656747e+03 4.629270947739326402e+03 4.147083544647493909e+03 4.656433034831027726e+03 2.931815643832288060e+03 4.629712476390392112e+03 2.934620222017028937e+03 3.238532222946224920e+03 3.571227871549551310e+03 4.582035549815835111e+03 4.384320104930581692e+03 3.361773788841755504e+03 2.824411178085374559e+03 3.273365328543016858e+03 3.921347097363422108e+03 3.596678217320750718e+03 4.670519852460643961e+03 2.212143906806810264e+03 2.254266830493660109e+03 4.035753862563701659e+03 4.146287715048421887e+03 3.702823626180738302e+03 2.419918615392971788e+03 3.139345553832139103e+03 4.097818860718262840e+03 2.868726132986641005e+03 2.669328305705186722e+03 4.374287541915852671e+03 2.926033294612376267e+03 3.382364964494562628e+03 3.623271873789227357e+03 3.268431191049929566e+03 3.927322774344132085e+03 2.412542491435914599e+03 3.040089285711543653e+03 2.317214498411442946e+03 2.742231011778990251e+03 4.472259052521743797e+03 3.681592825047529459e+03 3.465241838298802577e+03 3.646682024335389542e+03 2.360275541600050929e+03 2.657558333736161330e+03 3.334092657360961766e+03 3.989216114984448268e+03 2.866838733682871407e+03 3.822997417482779383e+03 3.720654046333772385e+03 3.667544273419397996e+03 3.892476059945182897e+03 4.824215543089791936e+03 3.932580265026814686e+03 4.830849658807641390e+03 4.824059910605920777e+03 3.515711584885331376e+03 3.884218328179917080e+03 3.663870647829058271e+03 4.842337777188779000e+03 2.516109490100910079e+03 2.698735303646669763e+03 3.568934487668013844e+03 2.815889407206744636e+03 2.887053041550681883e+03 2.679900956941471122e+03 3.742409848219610922e+03 3.629231513354219715e+03 3.290107872458610927e+03 2.995487148829287889e+03 3.621925713528564756e+03 3.025081684737033356e+03 4.227215384743022696e+03 3.698775110779453371e+03 3.733711763283606160e+03 3.267858765139612842e+03 3.638019085519710188e+03 3.270490884935377380e+03 3.833125626279627795e+03 3.583432478826665374e+03 3.177937351951569326e+03 2.951382874297759827e+03 3.257227021408035398e+03 3.352527167178493983e+03 3.728174404621204758e+03 3.082287458242867160e+03 3.574772238873499191e+03 3.552220792912506568e+03 2.904734882614629441e+03 3.779255776903022252e+03 3.478511696987657160e+03 3.372259018693998769e+03 3.075824158577455819e+03 3.169680323063269498e+03 3.277594709276327649e+03 2.773584300578888815e+03 3.838735917527778383e+03 2.714654917938334620e+03 4.026191449498477596e+03
2.935294117647058556e+02 2.637493373211622384e+03 2.198870414599883588e+03 2.681482697191950137e+03 2.141454085107131050e+03 1.957799379438163669e+03 2.273132473418369955e+03 2.098371141631166665e+03 3.877341452911296528e+03 2.471745422220187720e+03 3.024830010682997909e+03 4.154343388207430507e+03 3.585611702989359856e+03 3.161232984870044675e+03 2.763499239658566694e+03 4.424782719278255172e+03 3.922979510129738628e+03 4.440920899013556664e+03 2.741625713282953257e+03 4.414717200860801313e+03 2.747801497321544048e+03 3.026649348122185984e+03 3.363765472786426017e+03 4.356344685726909120e+03 4.176574660653767751e+03 3.130773994368938475e+03 2.640620700424254665e+03 3.058779014939991612e+03 3.702833413982769343e+03 3.390264942474742838e+03 4.455916657293550088e+03 2.054259046057666183e+03 2.094552323332373817e+03 3.789167266040775303e+03 3.928081655114876867e+03 3.488587679113179092e+03 2.244018402548340873e+03 2.931052796591678543e+03 3.886933830986863541e+03 2.656523302351539314e+03 2.493647669224596029e+03 4.172658827490726253e+03 2.743108711853980822e+03 3.165559878708699671e+03 3.388861209602661347e+03 3.056956037091360486e+03 3.704438830086589405e+03 2.225119898104080221e+03 2.842954421797195209e+03 2.155005357467691283e+03 2.564348522027817125e+03 4.223412529429566348e+03 3.462117851680085096e+03 3.238436489616926337e+03 3.427765872526726071e+03 2.184091699119094301e+03 2.472870943618941055e+03 3.122352439819149367e+03 3.779748230404605238e+03 2.683040962822276924e+03 3.604358312033254151e+03 3.507697652982125419e+03 3.425358411019080449e+03 3.657294438050473673e+03 4.605760570623861895e+03 3.716804281232272842e+03 4.633229463564000071e+03 4.606299040758037336e+03 3.303947123156914586e+03 3.666107231262380083e+03 3.451373560510946845e+03 4.624922865486401861e+03 2.336019459404799363e+03 2.510567890825287122e+03 3.362375047605036798e+03 2.634169888648592860e+03 2.693209748333343668e+03 2.501154709044660649e+03 3.498907490844420863e+03 3.417569540712521302e+03 3.078073616554750060e+03 2.797437885047175769e+03 3.381180188365040067e+03 2.832022734605216101e+03 3.969660162774402579e+03 3.459479701556227155e+03 3.491998621889345031e+03 3.055243990227812446e+03 3.426213033453733715e+03 3.064118236827770943e+03 3.588460438094048186e+03 3.343922905552157772e+03 2.977043487179013937e+03 2.749936801963895505e+03 3.050378931881442895e+03 3.143245087591702031e+03 3.520254124948001390e+03 2.875874344193043271e+03 3.340021570460026396e+03 3.318594160684218423e+03 2.712497590057532761e+03 3.530501278888688375e+03 3.274356139856209211e+03 3.169113253697276832e+03 2.873589543901224260e+03 2.976135149097383874e+03 3.051415753578406566e+03 2.581066454501329190e+03 3.592329113946719644e+03 2.522286983946460623e+03 3.781094047458310797e+03
2.941176470588235361e+02 2.437617215444466638e+03 2.022812196635850796e+03 2.493457991472103458e+03 1.979709374971817169e+03 1.803409334229624847e+03 2.091691902825982652e+03 1.945599392543259000e+03 3.654842488787184720e+03 2.302520807292345125e+03 2.827071550021024905e+03 3.943116016336372013e+03 3.375978720778315619e+03 2.965499748231610738e+03 2.581140091772645064e+03 4.220125283607602796e+03 3.703065290638692659e+03 4.226205386013791212e+03 2.558419500067110221e+03 4.200586433638585731e+03 2.567489300816759624e+03 2.822728526492708625e+03 3.161647076454944454e+03 4.132846971864165425e+03 3.970069749914904151e+03 2.909606028811663691e+03 2.463636230421013806e+03 2.852299225350154757e+03 3.489058365714517549e+03 3.188922262694420169e+03 4.241956144191829480e+03 1.903712008695152235e+03 1.942139134105594621e+03 3.550160406250930464e+03 3.713394254723863469e+03 3.279784902882480310e+03 2.076628165487043134e+03 2.730882373876971997e+03 3.678992373369573215e+03 2.454975976351775898e+03 2.324673858886583275e+03 3.971695715977937198e+03 2.566223579780869841e+03 2.956454840765695280e+03 3.162994251276400519e+03 2.853190787551689937e+03 3.486786243664474569e+03 2.048084778342575191e+03 2.653050360105125037e+03 2.000009769634317763e+03 2.392996939122484036e+03 3.979926735885059315e+03 3.248854674020742550e+03 3.020162997398316747e+03 3.215196500960919366e+03 2.016923264257398387e+03 2.296258603798202330e+03 2.917935819823429483e+03 3.573612397605102160e+03 2.505774691623933450e+03 3.391015573493177726e+03 3.299916646599433989e+03 3.192500142354663694e+03 3.429080914516215216e+03 4.387651007109848251e+03 3.505382306826641980e+03 4.433964577865130195e+03 4.388815968724737104e+03 3.098392453257873967e+03 3.452889307218154954e+03 3.244316127967460488e+03 4.407672057788760867e+03 2.164352342247237630e+03 2.330691421683496174e+03 3.161060947475367811e+03 2.459027740990744860e+03 2.507159145963425090e+03 2.329473915390297861e+03 3.264419937490460143e+03 3.211441427917291094e+03 2.873685010934198999e+03 2.607040885324101964e+03 3.149866518587823975e+03 2.645735941479264511e+03 3.719949603794596442e+03 3.228906038174664900e+03 3.259111189398693114e+03 2.850499443720385898e+03 3.219908449164593549e+03 2.864751110930298637e+03 3.352381400106161891e+03 3.113931329695011300e+03 2.783005321175965491e+03 2.556926584855015335e+03 2.850684187039757944e+03 2.940842264020176572e+03 3.316859453695008142e+03 2.677704579002775972e+03 3.114180169646002923e+03 3.093870212391852419e+03 2.527707063723268220e+03 3.291245750164893707e+03 3.075664789734998067e+03 2.971926718213968797e+03 2.679055348189227516e+03 2.788527001742646917e+03 2.834962427416935498e+03 2.396942098802443979e+03 3.354708739142986360e+03 2.338716722160283553e+03 3.543441070367372959e+03
2.947058823529411598e+02 2.248329825015037841e+03 1.857119850852465788e+03 2.313869710818786643e+03 1.826476212298288601e+03 1.657855225497528409e+03 1.920873016959978713e+03 1.800277051252665387e+03 3.437870244301573621e+03 2.140474675025610395e+03 2.636778184300844259e+03 3.734658790051929827e+03 3.171935384054931546e+03 2.776091886105415142e+03 2.405835375884414589e+03 4.016285516580375315e+03 3.488112310583148883e+03 4.013264812446172073e+03 2.382533426960306770e+03 3.988291575197597922e+03 2.394050733151069380e+03 2.627125332207686824e+03 2.965461232034049772e+03 3.912474008779191990e+03 3.765716967995348568e+03 2.698531087282392946e+03 2.293776866029319990e+03 2.654281522401812708e+03 3.280719773654241180e+03 2.993257765694031605e+03 4.029622290918041017e+03 1.760609303270797682e+03 1.797149458080740033e+03 3.319318136193971441e+03 3.503021477766009866e+03 3.077030702867758464e+03 1.917826079050247017e+03 2.539152208311033974e+03 3.474799024142714643e+03 2.264130255434396076e+03 2.162690483110277455e+03 3.772318683602400142e+03 2.395770828185811297e+03 2.755460528651481582e+03 2.946092332485539373e+03 2.657515307105733427e+03 3.275042510242430581e+03 1.881351435304564575e+03 2.470726634391860898e+03 1.852375529428228674e+03 2.228490997500391131e+03 3.742599386322606733e+03 3.042374650598881544e+03 2.810801052498694389e+03 3.009529673886966975e+03 1.858787260053058390e+03 2.127905589894963214e+03 2.721264051977402232e+03 3.371576269199231774e+03 2.335387678979941029e+03 3.183619351049226680e+03 3.097942827481932000e+03 2.969351660535952306e+03 3.208418362434857045e+03 4.170908321387725664e+03 3.299030754063892346e+03 4.234094803426410181e+03 4.172633129124869811e+03 2.899578516565082737e+03 3.245247124071128383e+03 3.043304211843345001e+03 4.191613267218689543e+03 2.001223294701617760e+03 2.159286288480005624e+03 2.965584949697265529e+03 2.290794361979193127e+03 2.329171580675509176e+03 2.165121048413867356e+03 3.039370158637694203e+03 3.011440239169353390e+03 2.677331772534282663e+03 2.424606071563887326e+03 2.928347359550769397e+03 2.466595706267090918e+03 3.478701540324147118e+03 3.007484217246244953e+03 3.035482256497526578e+03 2.653994563962402935e+03 3.019702078278947283e+03 2.672813540936477239e+03 3.125362621521264828e+03 2.893803883666195816e+03 2.596231975359683929e+03 2.372595591251035330e+03 2.658554388910141370e+03 2.745771297125150795e+03 3.118652943900464834e+03 2.488072005400718353e+03 2.897632651029658064e+03 2.878427879860254052e+03 2.350662052326869798e+03 3.061890537325669357e+03 2.882998142466768059e+03 2.781208554998699128e+03 2.492550196039474940e+03 2.607316126351987805e+03 2.628479184774082114e+03 2.221406112315594328e+03 3.126337916253033200e+03 2.164090902900753463e+03 3.313822480074100895e+03
2.952941176470588402e+02 2.069601537486565121e+03 1.701627677647050632e+03 2.142877691048553061e+03 1.681737985452363091e+03 1.521026789064825834e+03 1.760513554156957071e+03 1.662462688161919232e+03 3.227070143457645827e+03 1.985798514111987288e+03 2.454275044834165783e+03 3.529786622932309456e+03 2.974055411699064280e+03 2.593440126824302297e+03 2.237866649553024217e+03 3.814183774509578598e+03 3.278802262723116655e+03 3.803002777687852358e+03 2.214225074025673621e+03 3.778729153423646494e+03 2.227775090102164995e+03 2.440107794513601220e+03 2.775710610096361052e+03 3.696073435960739062e+03 3.564353849470488967e+03 2.497717250496197721e+03 2.131285550137742121e+03 2.464992842129803648e+03 3.078426472505455422e+03 2.803793938516893832e+03 3.819825374631652721e+03 1.624995900570001368e+03 1.659642777512777002e+03 3.097122377598162075e+03 3.297673438762768001e+03 2.880851948832865219e+03 1.767623143664052350e+03 2.356094559889239008e+03 3.275076771942000960e+03 2.083953065798551961e+03 2.007908701112409290e+03 3.575378694977305713e+03 2.232067052951437745e+03 2.562897470649236311e+03 2.738479530969233110e+03 2.470221751347542522e+03 3.069793663276899679e+03 1.724770108664364216e+03 2.296251050711230619e+03 1.712186029118172883e+03 2.071071708827308612e+03 3.512126943384207607e+03 2.843157785628708098e+03 2.610636580692022562e+03 2.811229897820098358e+03 1.709635843691095943e+03 1.967922423175104768e+03 2.532670199538654288e+03 3.174325238976659875e+03 2.172151282689069831e+03 2.982729786417066862e+03 2.902320269757608912e+03 2.756195407532922218e+03 2.995791529870093200e+03 3.956480350953072502e+03 3.098378897000811321e+03 4.034603528545078916e+03 3.958699893913067626e+03 2.707947979068488166e+03 3.043774130701362992e+03 2.848855820493246938e+03 3.977702043812726515e+03 1.846677465788146947e+03 1.996457896972267918e+03 2.776454427150918491e+03 2.129725725954199334e+03 2.159438136338188087e+03 2.008285261531402512e+03 2.824080324619608746e+03 2.818071356010875206e+03 2.489315573724285969e+03 2.250361797028063393e+03 2.716886505471430610e+03 2.294896091086424804e+03 3.246426313142456365e+03 2.795545092336114521e+03 2.821444367720011087e+03 2.466010759191287889e+03 2.826102957826984039e+03 2.488643502242133764e+03 2.907776366027747372e+03 2.683788606490684288e+03 2.417048809748756412e+03 2.197105658246234270e+03 2.474315034013947752e+03 2.558397401246960726e+03 2.926212472304280709e+03 2.307186022351581869e+03 2.690666707634684826e+03 2.672549671130815568e+03 2.181582214257104170e+03 2.842734343201017509e+03 2.696831992280738632e+03 2.597383169782620826e+03 2.314319304457675116e+03 2.432881975282614349e+03 2.432119621496415675e+03 2.054576330786514973e+03 2.907577351157718567e+03 1.998480753825555212e+03 3.092725940858608737e+03
2.958823529411764639e+02 1.901322067006242150e+03 1.556106477574118344e+03 1.980558519760758600e+03 1.545412474419602177e+03 1.392756017417376597e+03 1.610385269714962760e+03 1.532149757083171608e+03 3.022984654702693661e+03 1.838607588867361073e+03 2.279796096527752070e+03 3.329222307295911378e+03 2.782815079349561529e+03 2.417883931633321936e+03 2.077431708632228492e+03 3.614658194195150372e+03 3.075715813394318047e+03 3.596232889160469767e+03 2.053668338477635189e+03 3.572705720183164885e+03 2.068868647009991491e+03 2.261851143267080261e+03 2.592803651233843084e+03 3.484394829482036130e+03 3.366729711572005272e+03 2.307235341225984484e+03 1.976324510673775421e+03 2.284606254005881510e+03 2.882688240862941711e+03 2.620959495309794420e+03 3.613386557477028873e+03 1.496853087318745111e+03 1.529613541894240598e+03 2.883943813894018604e+03 3.097962596201197357e+03 2.691678191312330455e+03 1.625961201481349008e+03 2.181851377002406934e+03 3.080455018765625482e+03 1.914330204811137946e+03 1.860463051177479201e+03 3.381642755243297415e+03 2.075346939129711245e+03 2.378990175212896702e+03 2.540376603077635536e+03 2.291509074624798814e+03 2.871524463497734814e+03 1.578126197569617489e+03 2.129804647058841965e+03 1.579457658374679340e+03 1.920901783529022623e+03 3.289093072593543184e+03 2.651584586225885687e+03 2.419856229567343235e+03 2.620662569305656689e+03 1.569354921834680454e+03 1.816342690321789632e+03 2.352393121620668353e+03 2.982451034394104227e+03 2.016255450293256445e+03 2.788807710831413260e+03 2.713496314996746605e+03 2.553208440281237472e+03 2.791578823401355294e+03 3.745225249443345547e+03 2.903958414143729897e+03 3.836400525785940772e+03 3.747876436648007257e+03 2.523847645270261182e+03 2.848964803378393299e+03 2.661392391027852227e+03 3.766805250478663766e+03 1.700687615944225399e+03 1.842233629750413456e+03 2.594082889644968873e+03 1.975997620310452248e+03 1.998066611252265375e+03 1.859078464077058470e+03 2.618765596282710703e+03 2.631744009017999360e+03 2.309844406221986446e+03 2.084450309608542739e+03 2.515643448041784723e+03 2.130845447677867469e+03 3.023518015057333741e+03 2.593314020683671515e+03 2.617223572935576613e+03 2.286736012032997678e+03 2.639523905616759748e+03 2.312486897692733692e+03 2.699886324799306294e+03 2.484030205229755666e+03 2.245691630514942972e+03 2.030533231495511018e+03 2.298199553661647315e+03 2.378992048272750253e+03 2.740021626040658248e+03 2.135167110388983019e+03 2.493467497601993728e+03 2.476416168098566231e+03 2.020603629764733114e+03 2.633967417705250227e+03 2.517549436433911978e+03 2.420783073952354243e+03 2.144519592806265791e+03 2.265516674177039022e+03 2.245942493415065201e+03 1.896490404862461219e+03 2.698678680650819388e+03 1.841879180522562820e+03 2.880528465861766108e+03
2.964705882352941444e+02 1.743325583889674590e+03 1.420286174294270495e+03 1.826928042467131263e+03 1.417372154417364754e+03 1.272836933243938574e+03 1.470217297617514305e+03 1.409285270148690415e+03 2.826075647805913832e+03 1.698960777476803514e+03 2.113506493814091755e+03 3.133615245319837868e+03 2.598614751868527037e+03 2.249692619954887959e+03 1.924665343299042888e+03 3.418481019531845050e+03 2.879354225726543973e+03 3.393696780391733682e+03 1.900974500697680924e+03 3.370955851921818066e+03 1.917475130431074831e+03 2.092461487036713152e+03 2.417075783062236042e+03 3.278109740760737168e+03 3.173523452459698092e+03 2.127085478028304351e+03 1.828995682385771715e+03 2.113225023077719925e+03 2.693937413421343081e+03 2.445110288440159366e+03 3.411055669892718925e+03 1.376116991693813588e+03 1.407009854884258175e+03 2.680068179684138158e+03 2.904424390163664157e+03 2.509863492861395116e+03 1.492733764973654161e+03 2.016497725892565995e+03 2.891489079007403689e+03 1.755091632794466477e+03 1.720431125425649498e+03 3.191810728863944405e+03 1.925783039650588762e+03 2.203890973980990111e+03 2.351926980009050567e+03 2.121506456110595991e+03 2.680640888394637386e+03 1.441162942040127518e+03 1.971503576903341127e+03 1.454158686401593741e+03 1.778085419128612784e+03 3.073993246362866103e+03 2.467959020486181998e+03 2.238572703726199506e+03 2.438116967860568820e+03 1.437785150501981434e+03 1.673144532151117346e+03 2.180600621353251427e+03 2.796471458389127292e+03 1.867828957526494605e+03 2.602236713029580187e+03 2.531843107339898779e+03 2.360489600302268627e+03 2.596077113877233387e+03 3.537929371106233248e+03 2.716224475442642415e+03 3.640336687719966449e+03 3.540951521385999968e+03 2.347550831363927955e+03 2.661236381759392316e+03 2.481260577439165445e+03 3.559718773726306608e+03 1.563175337307649897e+03 1.696584599452685779e+03 2.418811108917456295e+03 1.829725688996242297e+03 1.845103463014264889e+03 1.717555583259947298e+03 2.423561272758026462e+03 2.452793048047423781e+03 2.139056063292796352e+03 1.926950006935204328e+03 2.324700548310555860e+03 1.974587620833400251e+03 2.810281836660290537e+03 2.400937409015442427e+03 2.422966196757649868e+03 2.116288569641066715e+03 2.460303270336527476e+03 2.144520037243678871e+03 2.501874430322770422e+03 2.294597154358677926e+03 2.082328585015239241e+03 1.872892503612519477e+03 2.130372000263399968e+03 2.207755569922379891e+03 2.560490340725697934e+03 1.972070243877286430e+03 2.306143929847172785e+03 2.290132159548366872e+03 1.867800532797371943e+03 2.435699382080696978e+03 2.345461973716787725e+03 2.251670261777818723e+03 1.983242383090745307e+03 2.105445629168299092e+03 2.069937780744797237e+03 1.747127954150231744e+03 2.499811636906121748e+03 1.694223305887919878e+03 2.677522421150108130e+03
2.970588235294117680e+02 1.595387211059842684e+03 1.293853371511705745e+03 1.681936707245379012e+03 1.297441248112881340e+03 1.161023270038627288e+03 1.339693537387742481e+03 1.293766649892239684e+03 2.636714123736802321e+03 1.566856016028179056e+03 1.955496333120999452e+03 2.943528642383870192e+03 2.421769533733459411e+03 2.089058002509341350e+03 1.779633766808336759e+03 3.226343891467871799e+03 2.690128511824283578e+03 3.196049809365445071e+03 1.756186897244127522e+03 3.174127972688108457e+03 1.773670078890881086e+03 1.931970036067656793e+03 2.248781116957562517e+03 3.077798277869724643e+03 2.985330342409009063e+03 1.957191805537272103e+03 1.689335564251075539e+03 1.950876693370312069e+03 2.512519112237871468e+03 2.276520800627988592e+03 3.213496807489910680e+03 1.262675509993286369e+03 1.291730250842896567e+03 2.485687700201021471e+03 2.717505966464862468e+03 2.335677769720206925e+03 1.367782820418016854e+03 1.860036357061106628e+03 2.708648791572429673e+03 1.606007920759823719e+03 1.587828859304728439e+03 3.006501843384978656e+03 1.783479921814323234e+03 2.037673646689573616e+03 2.173190035101750254e+03 1.960267267228461833e+03 2.497460553075716234e+03 1.313578907816779292e+03 1.821393483286932451e+03 1.336205780699795469e+03 1.642663217670565700e+03 2.867223541130629656e+03 2.292500348742064489e+03 2.066818542529234037e+03 2.263798266108397002e+03 1.314719142155924601e+03 1.538246516118373393e+03 2.017383035011270977e+03 2.616819547998896724e+03 1.726934015577808623e+03 2.423314015272065717e+03 2.357648698511985458e+03 2.178053125331811771e+03 2.409493356132063582e+03 3.335292153346118994e+03 2.535545702381807132e+03 3.447187939507795818e+03 3.338627403364392194e+03 2.179249694662918046e+03 2.480919271198624756e+03 2.308723644610132396e+03 3.357152262970957054e+03 1.434007504926510819e+03 1.559421670934663098e+03 2.250898722087857095e+03 1.690960270407842472e+03 1.700528999296918755e+03 1.583709923750545613e+03 2.238515933874317398e+03 2.281470510179906341e+03 1.977011978185814996e+03 1.777870202896909632e+03 2.144056820698152023e+03 1.826196195953213646e+03 2.606925123524809351e+03 2.218475873434510504e+03 2.238731987635627320e+03 1.954710931119247562e+03 2.288696450354342687e+03 1.984843218236066377e+03 2.313833572834161259e+03 2.115475677262530553e+03 1.927053964986982010e+03 1.724130641310730425e+03 1.970920689742910781e+03 2.044810383071244814e+03 2.387945563689245773e+03 1.817879650148433484e+03 2.128722251482156480e+03 2.113720402773784826e+03 1.723180138287225645e+03 2.247952567943762915e+03 2.180801486879670847e+03 2.090228844745937295e+03 1.830507921757934810e+03 1.952820844664395281e+03 1.904021652654141462e+03 1.606406443358592696e+03 2.311056814644260612e+03 1.555390557330175398e+03 2.483907001729083731e+03
2.976470588235293917e+02 1.457233958481848731e+03 1.176461324882543067e+03 1.545479157303982902e+03 1.185404637743855574e+03 1.057037174666341116e+03 1.218462968566550671e+03 1.185449753941394647e+03 2.455187764273930497e+03 1.442238632953375145e+03 1.805789647830628383e+03 2.759444292287042572e+03 2.252516906124971229e+03 1.936102407660682957e+03 1.642343077339887714e+03 3.038860670348031817e+03 2.508366525403482683e+03 3.003864867863632298e+03 1.619289553067358838e+03 2.982788262424750883e+03 1.637469084406945967e+03 1.780342799966346320e+03 2.088100221897146184e+03 2.883954467936269339e+03 2.802666114215222478e+03 1.797413817086994868e+03 1.557323614795644062e+03 1.797523027679333381e+03 2.338698695486059933e+03 2.115391607539935649e+03 3.021292008447637272e+03 1.156376319795199151e+03 1.183631758298628938e+03 2.300911321493283140e+03 2.537572593104488078e+03 2.169314758370921027e+03 1.250907932487480139e+03 1.712407498020769481e+03 2.532324267619923376e+03 1.466801344702327242e+03 1.462618705963688626e+03 2.826258221891800076e+03 1.648482020416995738e+03 1.880343126846015821e+03 2.004151759684617673e+03 1.807778659065138754e+03 2.322220693448752172e+03 1.195037999561528522e+03 1.679458517082010530e+03 1.225472170422676299e+03 1.514620320610517638e+03 2.669089159561295219e+03 2.125351767253421713e+03 1.904556560540080000e+03 2.097836307271649275e+03 1.199910708664859385e+03 1.411516860023114305e+03 1.862762532900550923e+03 2.443849679325599027e+03 1.593574465060991997e+03 2.252258427304237557e+03 2.191124768136586681e+03 2.005839931726517761e+03 2.231954100929595370e+03 3.137929623286818241e+03 2.362211268164703597e+03 3.257656603914223979e+03 3.141523200857262964e+03 2.019063752892613138e+03 2.308264650013030405e+03 2.143969457833686647e+03 3.159732456097261547e+03 1.313005525253206088e+03 1.430604781331358481e+03 2.090531936664819114e+03 1.559694560340671615e+03 1.564266624825046847e+03 1.457481638092430103e+03 2.063602582586832796e+03 2.117953671977089016e+03 1.823706781986910528e+03 1.637160387848123037e+03 1.973639235336653428e+03 1.685683017031853979e+03 2.413567916948058610e+03 2.045915099892645230e+03 2.064505076981189177e+03 1.801979646879985467e+03 2.124883925506516789e+03 1.833489710799188288e+03 2.135778465777333167e+03 1.946581052415054728e+03 1.779896986051307977e+03 1.584137609658008159e+03 1.819867393738825740e+03 1.890209996701937371e+03 2.222638377590950313e+03 1.672518690829862635e+03 1.961157003969203060e+03 1.947132397512239550e+03 1.586691716540238531e+03 2.070673596806721889e+03 2.023728140833093903e+03 1.936573321838063066e+03 1.686274790257665245e+03 1.807728897560167525e+03 1.748047567791193387e+03 1.474190679396215955e+03 2.132416712126469520e+03 1.425208414303868039e+03 2.299798259406389207e+03
2.982352941176470722e+02 1.328552397427899905e+03 1.067736889700193842e+03 1.417400757988211353e+03 1.081013984437829549e+03 9.605752782464045367e+02 1.106146780777675758e+03 1.084154551675365155e+03 2.281705705734761978e+03 1.325007063874913229e+03 1.664350583707855776e+03 2.581764832241353361e+03 2.091021404909330158e+03 1.790884048163966099e+03 1.512744993916734984e+03 2.856567779045966745e+03 2.334317158904860207e+03 2.817633728595939374e+03 1.490213128286545498e+03 2.797421973263888503e+03 1.508833477368404147e+03 1.637487355595178315e+03 1.935145164794428410e+03 2.696988797579188031e+03 2.625968729361457918e+03 1.647554216025543155e+03 1.432888042349295119e+03 1.653066831141469493e+03 2.172666369993988155e+03 1.961854266497209437e+03 2.834942418104826629e+03 1.057032487161446625e+03 1.082535552574750454e+03 2.125771507007259061e+03 2.364911306678864548e+03 2.010897114677364243e+03 1.141872519769894780e+03 1.573495606653794312e+03 2.362829064750862472e+03 1.337153607058470470e+03 1.344715241791491735e+03 2.651546009473225695e+03 1.520778988799332183e+03 1.731842126202942381e+03 1.844731982040997991e+03 1.663968162630722873e+03 2.155083131188031530e+03 1.085176405238288226e+03 1.545627460347241822e+03 1.121793230377885038e+03 1.393891944075947777e+03 2.479809574406797765e+03 1.966586156613984940e+03 1.751687066887342780e+03 1.940291414662284978e+03 1.093081314944926135e+03 1.292779771337670354e+03 1.716699518647626974e+03 2.277841005671554740e+03 1.467701424316147268e+03 2.089215346712934661e+03 2.032411592865323200e+03 1.843725409155295438e+03 2.063511823870433545e+03 2.946375301911918541e+03 2.196435185791619006e+03 3.072370419665064219e+03 2.950175749078632634e+03 1.867045563707112024e+03 2.143449208244188412e+03 1.987115556024534499e+03 2.968003851442263567e+03 1.199951690333179386e+03 1.309949449413898265e+03 1.937828462976371384e+03 1.435870251932971541e+03 1.436189192437039083e+03 1.338763605848201450e+03 1.898726334501964175e+03 1.962350187118552185e+03 1.679074845036227771e+03 1.504716603139118206e+03 1.813310541175871322e+03 1.553004117327257745e+03 2.230250117087314266e+03 1.883173271079552251e+03 1.900201510839425055e+03 1.658011930655897913e+03 1.968976376611611158e+03 1.690431927120338514e+03 1.967653034468019314e+03 1.787765470628125968e+03 1.640827773672834383e+03 1.452752959907808645e+03 1.677173512491567863e+03 1.743945091648771950e+03 2.064748440218544147e+03 1.535856571705772467e+03 1.803338427818985338e+03 1.790255916300042145e+03 1.458232768687602174e+03 1.903741295178491328e+03 1.874335465511953771e+03 1.790753920683588831e+03 1.550446334577814241e+03 1.670196284161309904e+03 1.601813993106576163e+03 1.350299423398686031e+03 1.963823301407116105e+03 1.303461171603373714e+03 2.125235863324723596e+03
2.988235294117646959e+02 1.208995908103159763e+03 9.672869187254683538e+02 1.297504142630813931e+03 9.839936389977362978e+02 8.713142865247839381e+02 1.002344940948166254e+03 9.896705216484147059e+02 2.116403687239204373e+03 1.215018487485880769e+03 1.531089549334534013e+03 2.410816730686403844e+03 1.937379795041971192e+03 1.653402497745074470e+03 1.390742647386295175e+03 2.679925459019760183e+03 2.168155148431731959e+03 2.637769129001834244e+03 1.368840843189555017e+03 2.618435668136189634e+03 1.387675982623904247e+03 1.503259520828773475e+03 1.789964819048790105e+03 2.517231489988620069e+03 2.455600706013259241e+03 1.507366545831227086e+03 1.315911578057285851e+03 1.517358758039639952e+03 2.014542288763696888e+03 1.815976446125179109e+03 2.654870239206426049e+03 9.644278308096377259e+02 9.882323097368159779e+02 1.960231289331106382e+03 2.199735145309415202e+03 1.860481932656005256e+03 1.040409961352827850e+03 1.443136021829752508e+03 2.200403933608982243e+03 1.216713136874095198e+03 1.233990744986044092e+03 2.482757296672209122e+03 1.400311089882757187e+03 1.592057777959136274e+03 1.694791755343406294e+03 1.528710217941338215e+03 1.996139764645162131e+03 9.836090805939076063e+02 1.419779901877019256e+03 1.024971975194149536e+03 1.280368946651430406e+03 2.299524384508079947e+03 1.816212041666461573e+03 1.608055012154581846e+03 1.791160379941307156e+03 9.939261400071717389e+02 1.181821635665000031e+03 1.579099020986160667e+03 2.119001539916035654e+03 1.349218936754670949e+03 1.934262198625531028e+03 1.881583299627160159e+03 1.691527150683498803e+03 1.904151495482160726e+03 2.761081930110465692e+03 2.038361119668658830e+03 2.891882452828629539e+03 2.765041304849060452e+03 1.723186594571537853e+03 1.986580291369521547e+03 1.838214655501470361e+03 2.782430373632837018e+03 1.094595306920806252e+03 1.197233117929513583e+03 1.792842814465318952e+03 1.319383173930117209e+03 1.316125363224604598e+03 1.227407135566849320e+03 1.743731964810303225e+03 1.814703628541394210e+03 1.542996880196187703e+03 1.380387773757105151e+03 1.662877040395345375e+03 1.428065549714682220e+03 2.056938688239843941e+03 1.730108522807035797e+03 1.745676746097235082e+03 1.522672341226369326e+03 1.821020195188758635e+03 1.555587564730950362e+03 1.809337954883679458e+03 1.638825779588441492e+03 1.509763430870708362e+03 1.329772470223579376e+03 1.542746339747204047e+03 1.605949666666970870e+03 1.914388789786144571e+03 1.407715061191696577e+03 1.655099943763935471e+03 1.642922372805945088e+03 1.337655174667431993e+03 1.746974639151952033e+03 1.732655660932345427e+03 1.652762286307528257e+03 1.422877087454499360e+03 1.540194936797066703e+03 1.465071987824640246e+03 1.234511845971022922e+03 1.805145586557618117e+03 1.189896435465496324e+03 1.960190002670561853e+03
2.994117647058823763e+02 1.098191571146151546e+03 8.747041578811617910e+02 1.185555471165870586e+03 8.940461696568835350e+02 7.889162569002672853e+02 9.066423767201813462e+02 9.017619031527276547e+02 1.959349603574272123e+03 1.112094440459604812e+03 1.405869445151610080e+03 2.246853858263619713e+03 1.791626565768979617e+03 1.523604416201278354e+03 1.276196436472263713e+03 2.509319905599752474e+03 2.009986155088481382e+03 2.464607694439106126e+03 1.255014391689604054e+03 2.446160088119568172e+03 1.273866397416234122e+03 1.377469929671506407e+03 1.652550467053769580e+03 2.344936484399639085e+03 2.291852287560631794e+03 1.376562680352860070e+03 1.206237127651217861e+03 1.390203970681650844e+03 1.864381946721488475e+03 1.677767360155557299e+03 2.481421568905174809e+03 8.783220823799774735e+02 9.004874667725390509e+02 1.804191399427966417e+03 2.042187870308249558e+03 1.718066379946959842e+03 9.462292887129606243e+02 1.321121579772679752e+03 2.045221072745261836e+03 1.105102041272709130e+03 1.130280723305075298e+03 2.320212778231357333e+03 1.286974644221694689e+03 1.460828293585885149e+03 1.554140507862883169e+03 1.401832776810920905e+03 1.845418255886298539e+03 8.899356791631637407e+02 1.301752315511058441e+03 9.347842932778138447e+02 1.173903320790402859e+03 2.128299367689840892e+03 1.674179717995357805e+03 1.473457055761640504e+03 1.650382729002058568e+03 9.021198505214329089e+02 1.078396998476559247e+03 1.449817126540184745e+03 1.967472607756722255e+03 1.237989564326714344e+03 1.787414161348743164e+03 1.738653466472786477e+03 1.549012552458584651e+03 1.753797296801359607e+03 2.582424135018049583e+03 1.888067530693635717e+03 2.716672068661281628e+03 2.586498071348254143e+03 1.587423234490670211e+03 1.837701419416044473e+03 1.697260284165802432e+03 2.603397820214789590e+03 9.966586364405191034e+02 1.092201214896019565e+03 1.655571768081384789e+03 1.210088892555754001e+03 1.203865717893271722e+03 1.123227663823578268e+03 1.598411550954826907e+03 1.674999148922919176e+03 1.415306398762261779e+03 1.263981944380621599e+03 1.522096144246548192e+03 1.310729297505433578e+03 1.893535166632103483e+03 1.586526323820542757e+03 1.600733158194639600e+03 1.395779407746944798e+03 1.681003163389776091e+03 1.428825884493433250e+03 1.660658046855075099e+03 1.499511066099150185e+03 1.386574064250222818e+03 1.214954612898901132e+03 1.416445393940463646e+03 1.476107328880823616e+03 1.771611019527420467e+03 1.287875053379010978e+03 1.516225504856749694e+03 1.504914171152225208e+03 1.224771246421304568e+03 1.600140522773470593e+03 1.598665257590845158e+03 1.522537250386748838e+03 1.303379128655795284e+03 1.417647835329237523e+03 1.337532452572613693e+03 1.126573784143143484e+03 1.656197178362649083e+03 1.084231440340285189e+03 1.804568469215452751e+03
3.000000000000000000e+02 9.957464530722945710e+02 7.895726464084397094e+02 1.081290417936217636e+03 8.108575124611609226e+02 7.130333530122400134e+02 8.186144547911371774e+02 8.201725620165107102e+02 1.810549297045559115e+03 1.016026126345694479e+03 1.288511763069406015e+03 2.090061616543446689e+03 1.653739508807725542e+03 1.401389225393929109e+03 1.168929570337321366e+03 2.345065896163639081e+03 1.859852322663507039e+03 2.298413358869407602e+03 1.148539657556648535e+03 2.280853695711143246e+03 1.167237178926996194e+03 1.259890498167106216e+03 1.522841425421102258e+03 2.180285860818652054e+03 2.134945078578820358e+03 1.254819873033543900e+03 1.103673367452704497e+03 1.271368682678013556e+03 1.722181790387827277e+03 1.547183288023367595e+03 2.314869706151490391e+03 7.984556980645164685e+02 8.190460713351080813e+02 1.657497383663421942e+03 1.892348996831930208e+03 1.583593573946443030e+03 8.590205407129059267e+02 1.207208906738197129e+03 1.897388835315275401e+03 1.001922439724178048e+03 1.033389224405603045e+03 2.164164938363739566e+03 1.180627451400305063e+03 1.337949446260657396e+03 1.422543145040719764e+03 1.283123598857489469e+03 1.702887922590559810e+03 8.037460131709708548e+02 1.191344009318465396e+03 8.509839415185613234e+02 1.074313576209680605e+03 1.966132926559408816e+03 1.540387411312449558e+03 1.347648452110137669e+03 1.517846858396546850e+03 8.173218344657451553e+02 9.822342028890136589e+02 1.328667271523254158e+03 1.823333686371047861e+03 1.133839928532723661e+03 1.648629987933546772e+03 1.603580768407086225e+03 1.415906167463985412e+03 1.612319320155201240e+03 2.410701586193525145e+03 1.745573107333882035e+03 2.547146482635671873e+03 2.414849423277194546e+03 1.459642840041611180e+03 1.696797940448063173e+03 1.564192589350935805e+03 2.431216945542765643e+03 9.058423038625364825e+02 9.945729477405545822e+02 1.525959993474849171e+03 1.107808133517773058e+03 1.099168696921249193e+03 1.026010197884433182e+03 1.462511750197472793e+03 1.543169351990334007e+03 1.295796155305190950e+03 1.155272285075491027e+03 1.390683713721541835e+03 1.200819047332439823e+03 1.739883036349009444e+03 1.452186691040272308e+03 1.465127294691149245e+03 1.277111995023311692e+03 1.548860261053079284e+03 1.309973764363400733e+03 1.521389619194599163e+03 1.369529991707104728e+03 1.271088775737755441e+03 1.108026748726231972e+03 1.298088466597731440e+03 1.354257350381736387e+03 1.636410612587432297e+03 1.176082841393150375e+03 1.386456677892027983e+03 1.375971793994090376e+03 1.119359580212180390e+03 1.462961325942796520e+03 1.472290683166836516e+03 1.399970575666997092e+03 1.191728194413702795e+03 1.302434546757469661e+03 1.218873074379936725e+03 1.026203572678078899e+03 1.516743668755963654e+03 9.861588741072954463e+02 1.658223702654663612e+03
3.005882352941176805e+02 9.012534869214211994e+02 7.114724964396710902e+02 9.844198784358420653e+02 7.341016877297348628e+02 6.433121559357423394e+02 7.378319918162238764e+02 7.446305672272610536e+02 1.669952419305258218e+03 9.265795800149123806e+02 1.178802422841912858e+03 1.940561380629237874e+03 1.523645420536919119e+03 1.286614730560433827e+03 1.068733610396344147e+03 2.187410093039830826e+03 1.717737846662930451e+03 2.139381387247317434e+03 1.049192191292028383e+03 2.122706681791063602e+03 1.067588785619115470e+03 1.150260494827585717e+03 1.400730706795815422e+03 2.023394723920127262e+03 1.985036107761532548e+03 1.141787410507315144e+03 1.008000044434627284e+03 1.160586332864819497e+03 1.587884929387392049e+03 1.424133136702862657e+03 2.155419059372537504e+03 7.245543444834777347e+02 7.436373489964774990e+02 1.519946537837900905e+03 1.750239074289986547e+03 1.456958316359877699e+03 7.784597052794680394e+02 1.101124476325120895e+03 1.756956553653431229e+03 9.067624070070687594e+02 9.430939238944442877e+02 2.014801730521549189e+03 1.081093942250576674e+03 1.223180816018003497e+03 1.299726806924186803e+03 1.172336405253851581e+03 1.568465672594311627e+03 7.246249211752993915e+02 1.088322813949418787e+03 7.733071782120503030e+02 9.813898341544935420e+02 1.812962507728499077e+03 1.414687421228669564e+03 1.230349591511331028e+03 1.393396144320653320e+03 7.391810548521015107e+02 8.930407348565578332e+02 1.215426352026570157e+03 1.686607452376442552e+03 1.036565991958504583e+03 1.517817829459884706e+03 1.476274716087168372e+03 1.291896749589033107e+03 1.479540161304099684e+03 2.246142827309594850e+03 1.610842267951166377e+03 2.383643035817647160e+03 2.250327575658097430e+03 1.339689601192638293e+03 1.563802746274179071e+03 1.438904102517610454e+03 2.266127128580854333e+03 8.218304642035807319e+02 9.040466957422318046e+02 1.403905659611504234e+03 1.012332101376563514e+03 1.001766215793813672e+03 9.355144839633533138e+02 1.335740905176615570e+03 1.419099983635258241e+03 1.184224202924985775e+03 1.054002818723605515e+03 1.268321047416306556e+03 1.098125730226960286e+03 1.595774981459198216e+03 1.326811054916440753e+03 1.338576860143974955e+03 1.166415504059297746e+03 1.424479413666619166e+03 1.198821647771405196e+03 1.391267500921006786e+03 1.248557692163625006e+03 1.163101411009996809e+03 1.008690885042202467e+03 1.187457670078836372e+03 1.240200728785164301e+03 1.508732368728436768e+03 1.072056116111695246e+03 1.265499468325770067e+03 1.255800522623427014e+03 1.021170614599409532e+03 1.335122117906910717e+03 1.353413921610316038e+03 1.284912694601470093e+03 1.087669532439505019e+03 1.194396728486327447e+03 1.108744857533875575e+03 9.330976346667881671e+02 1.386509732143668316e+03 8.953524027852778318e+02 1.520959681544833302e+03
3.011764705882353041e+02 8.142967251871967846e+02 6.399841604221194302e+02 8.946352693182940357e+02 6.634451102722305222e+02 5.793975122888638225e+02 6.638656618671642491e+02 6.748524057541254706e+02 1.537458380527740019e+03 8.435004185017400005e+02 1.076497461816341684e+03 1.798415241051483008e+03 1.401225740793245222e+03 1.179102673631520474e+03 9.753736341460027006e+02 2.036534795283631865e+03 1.583574675520086430e+03 1.987642719848844308e+03 9.567224802865481479e+02 1.971845309081765890e+03 9.746948552459783741e+02 1.048292407852363112e+03 1.286070577057533001e+03 1.874316262602971847e+03 1.842222218714623523e+03 1.037092871634200947e+03 9.189730204903919457e+02 1.057563489799933222e+03 1.461386814228755156e+03 1.308483945534521808e+03 2.003209423211372496e+03 6.563330338485681068e+02 6.739789074328675724e+02 1.391294712073699202e+03 1.615825084498234901e+03 1.338012931260726418e+03 7.042132294058670823e+02 1.002570297334194834e+03 1.623919698523043735e+03 8.192012411570267432e+02 8.591509415672411478e+02 1.872250646465669433e+03 9.881703035775318540e+02 1.116251751459821435e+03 1.185387314178910401e+03 1.069196647799862149e+03 1.442021920811542486e+03 6.521566025680343728e+02 9.924305141156042964e+02 7.014770890256652365e+02 8.948987765718154606e+02 1.668671141061289745e+03 1.296892047216860419e+03 1.121252230256052826e+03 1.276835000667922714e+03 6.673404092699599914e+02 8.105081326745726074e+02 1.109840509044257487e+03 1.557264916442551566e+03 9.459381164464383573e+02 1.394841132282235094e+03 1.356601348481715149e+03 1.176643844221132895e+03 1.355241369445879400e+03 2.088909488725417305e+03 1.483790728490947686e+03 2.226432111536827051e+03 2.093097836298009042e+03 1.227370391411519222e+03 1.438602055378270961e+03 1.321245442321854625e+03 2.108300515518821612e+03 7.442954850918943066e+02 8.203050287527621549e+02 1.289265979390048642e+03 9.234273954116703180e+02 9.113689264433661492e+02 8.514798809820183578e+02 1.217775685615492648e+03 1.302635718993159571e+03 1.080319746046692217e+03 9.598938661787702813e+02 1.154661468109138468e+03 1.002412839955695290e+03 1.460959966691717000e+03 1.210088903073062511e+03 1.220767362507331882e+03 1.063407662640607214e+03 1.307707230650643169e+03 1.095129226072444908e+03 1.269991757557621895e+03 1.136242315413888264e+03 1.062376102686564082e+03 9.166292012084659291e+02 1.084305077548877307e+03 1.133705920462332642e+03 1.388475858263043165e+03 9.754895589941171465e+02 1.153030726862112033e+03 1.144076896928123233e+03 9.299318744674094432e+02 1.216277438277805231e+03 1.241878000488729867e+03 1.177178206482771429e+03 9.909234490389727625e+02 1.093343435349217316e+03 1.006778193640693644e+03 8.469356254440729117e+02 1.265185920630007104e+03 8.114717232065729604e+02 1.392538658911106040e+03
3.017647058823529278e+02 7.344561201505039207e+02 5.746921618249689345e+02 8.116134374589333902e+02 5.985504574650456107e+02 5.209359310295017167e+02 5.962898711378098824e+02 6.105468318572485487e+02 1.412922192929608627e+03 7.665183908210254913e+02 9.813283922307717830e+02 1.663631032913867330e+03 1.286322198892774395e+03 1.078643958590459079e+03 8.885931676531093899e+02 1.892561968509204689e+03 1.457248282682141735e+03 1.843268653561297697e+03 8.708608496809509916e+02 1.828336656326168622e+03 8.883070799225864675e+02 9.536774002381362152e+02 1.178678074008281328e+03 1.733047073328684519e+03 1.706544760070228676e+03 9.403478294701205868e+02 8.363290391004012463e+02 9.619854102186161526e+02 1.342540983191844589e+03 1.200066336498103738e+03 1.858320560988692250e+03 5.934998861882936581e+02 6.097805833782666696e+02 1.271262823683057832e+03 1.489025920483594064e+03 1.226572823295982971e+03 6.359421074174473461e+02 9.112292590373430130e+02 1.498225005943977976e+03 7.388142823234699108e+02 7.812993748837079693e+02 1.736583018849211157e+03 9.016292182333016854e+02 1.016867062408510378e+03 1.079195268211695975e+03 9.734070654650387269e+02 1.323386387502743219e+03 5.859284384727814086e+02 9.033879638305988919e+02 6.352075458334418272e+02 8.145882251893505099e+02 1.533093903654327733e+03 1.186779416200080050e+03 1.020025355350238556e+03 1.167934565912073140e+03 6.014406498718574312e+02 7.343165512267701160e+02 1.011630736842517422e+03 1.435230728270912323e+03 8.617058661165415288e+02 1.279524330068788458e+03 1.244388789606828141e+03 1.069784025018291686e+03 1.239169639778713645e+03 1.939100866988157122e+03 1.364291075400658883e+03 2.075720463080734589e+03 1.943263061177108057e+03 1.122460335572226541e+03 1.321041072178345985e+03 1.211030936352138042e+03 1.957846476735229544e+03 6.729022237930041683e+02 7.430193309656733618e+02 1.181862625981248812e+03 8.408408077058750223e+02 8.276711618624440234e+02 7.736299470951586272e+02 1.108267413329584770e+03 1.193585709806870000e+03 9.837886911421651348e+02 8.726471288802183608e+02 1.049336443312148276e+03 9.134214980274501841e+02 1.335150043807939937e+03 1.101683984659079670e+03 1.111358407807075764e+03 9.677840885932301944e+02 1.198354573195169678e+03 9.986308593216651843e+02 1.157234123627227746e+03 1.032211157899822183e+03 9.686525304005691623e+02 8.315090287010908696e+02 9.883581764805110197e+02 1.034514306386758790e+03 1.275500830444031408e+03 8.860601436687572914e+02 1.048704254067631837e+03 1.040454703894262366e+03 8.453529523693143801e+02 1.106057763040025520e+03 1.137492369081189054e+03 1.076551284211364646e+03 9.011905305759216844e+02 9.990562008778006202e+02 9.125884563913857619e+02 7.673851676800293262e+02 1.152435071291983832e+03 7.341671965777180731e+02 1.272687631344064584e+03
3.023529411764706083e+02 6.613117406834466010e+02 5.151883039481286914e+02 7.350211732289679958e+02 5.390801141434071724e+02 4.675785352323056827e+02 5.346861059271492422e+02 5.514183490273308053e+02 1.296160254487336033e+03 6.953515185172329893e+02 8.930071996484335841e+02 1.536167331062490348e+03 1.178742216441452683e+03 9.850038334288764190e+02 8.081188182880833892e+02 1.755557701829575535e+03 1.338603242347356172e+03 1.706275733322114775e+03 7.913220792715886773e+02 1.692193450965627335e+03 8.081597803576230490e+02 8.660903876557567855e+02 1.078340178790276696e+03 1.599532603369209710e+03 1.577994410480152737e+03 8.511531616278032288e+02 7.597901605370002471e+02 8.735211413374779568e+02 1.231164496454382970e+03 1.098679695408666703e+03 1.720777074016465576e+03 5.357595219575630381e+02 5.507479143275902516e+02 1.159542996314884249e+03 1.369717804602065144e+03 1.122421941874587446e+03 5.733055336895928349e+02 8.267700483213889129e+02 1.379775718775704945e+03 6.651771564700221688e+02 7.092654851288284590e+02 1.607818630007586762e+03 8.212244355714544781e+02 9.247122545787308354e+02 9.808017251658386613e+02 8.846527700772574008e+02 1.212353784182664867e+03 5.255342799632572905e+02 8.208998485783666865e+02 5.742067988060197194e+02 7.401914507234688472e+02 1.406024159836376839e+03 1.084099024281710854e+03 9.263206270122595924e+02 1.066438269507424366e+03 5.411238294585942867e+02 6.641388883422099525e+02 9.204980131433936776e+02 1.320388339058645215e+03 7.836024837397869760e+02 1.171658373180879835e+03 1.139432668820939625e+03 9.709366814488757882e+02 1.131042740764421069e+03 1.796758721871707166e+03 1.252178212226303685e+03 1.931654951495579780e+03 1.800868533610080704e+03 1.024708131322869122e+03 1.210929485606985281e+03 1.108043980426673215e+03 1.814816397709274497e+03 6.073118750841949804e+02 6.718539886194623705e+02 1.081486962021012005e+03 7.643036945099676132e+02 7.503554584216951753e+02 7.016766280442992638e+02 1.006847948552811999e+03 1.091728889197333501e+03 8.943187559402673514e+02 7.919503771774183178e+02 9.519613183530461811e+02 8.308751441831008151e+02 1.218026768547860001e+03 1.001240074286126742e+03 1.009989521445640776e+03 8.792233738863961889e+02 1.096201886376439006e+03 9.090406431699370842e+02 1.052643979434632456e+03 9.360762698237280119e+02 8.816508734097384377e+02 7.529875125721321183e+02 8.993249050777233151e+02 9.423454634513510655e+02 1.169632421035755897e+03 8.034319433695424095e+02 9.521563587281311811e+02 9.445705607495139020e+02 7.671300290231964709e+02 1.004075377089050676e+03 1.040038091892066404e+03 9.827907600280773295e+02 8.181564627697412106e+02 9.112939046367907849e+02 8.257811360551960433e+02 6.941061775006496646e+02 1.047898324930997660e+03 6.630840263182352601e+02 1.161104475328531407e+03
3.029411764705882320e+02 5.944474728556510854e+02 4.610743950904064832e+02 6.645192947205089240e+02 4.846991907331957350e+02 4.189835896601900913e+02 4.786457700876481454e+02 4.971703089864099070e+02 1.186955867048693335e+03 6.297098995610563179e+02 8.112310498991257646e+02 1.415938602136114469e+03 1.078264129895356291e+03 8.979265911178574697e+02 7.336645259360248019e+02 1.625536751385627213e+03 1.227448744232754962e+03 1.576630718406603592e+03 7.178096281415497515e+02 1.563379121661463387e+03 7.339741498109165150e+02 7.851947145250730955e+02 9.848188852117333454e+02 1.473672543351392960e+03 1.456516020276633299e+03 7.691037528349587546e+02 6.890678272985094281e+02 7.918282593603697705e+02 1.127043348124130034e+03 1.004097199167521694e+03 1.590553294378116107e+03 4.828160777926378273e+02 4.965852366627854622e+02 1.055804355120262016e+03 1.257739630304841967e+03 1.025317946849695545e+03 5.159641266833406235e+02 7.488516766194383081e+02 1.268436722084642042e+03 5.978694911791004643e+02 6.427665361469769323e+02 1.485930312826196769e+03 7.466949786715863411e+02 8.394584662054155615e+02 8.898434102922246893e+02 8.026059616260814664e+02 1.108689203533106138e+03 4.705772577325312227e+02 7.446590727148233100e+02 5.181807038318015657e+02 6.714311325216813202e+02 1.287219704827301939e+03 9.885769196125044118e+02 8.397773749253643700e+02 9.720670119801599185e+02 4.860363162659100453e+02 5.996445109420253630e+02 8.361281780164333668e+02 1.212585127893054960e+03 7.113490355202000046e+02 1.071006067176804891e+03 1.041501247760924571e+03 8.797092692768387678e+02 1.030555053517545957e+03 1.661872314065746423e+03 1.147254628667395309e+03 1.794326607028006265e+03 1.665906849517268483e+03 9.338410875766089703e+02 1.108046842644321941e+03 1.012042133484033798e+03 1.679208574952497884e+03 5.471853956596005446e+02 6.064701572011521193e+02 9.879050704895064428e+02 6.935360527865427684e+02 6.790966888558252776e+02 6.353241112113614690e+02 9.131350830286202154e+02 9.968191714839105089e+02 8.115842461655986426e+02 7.174817722244731613e+02 8.621404943079966188e+02 7.544839364945464695e+02 1.109247306952887357e+03 9.083863343563177750e+02 9.162855783915958909e+02 7.973918199770159845e+02 1.001004354833514753e+03 8.260571469652321639e+02 9.558538599045351702e+02 8.474395863778157718e+02 8.010763930897821865e+02 6.807157815008088164e+02 8.168983878991707570e+02 8.569019125661014868e+02 1.070666313029137655e+03 7.272605564119857036e+02 8.630110330448881086e+02 8.560490283554046300e+02 6.949500641565958858e+02 9.099298689758542196e+02 9.492727399354180307e+02 8.956349495498536726e+02 7.414964621855040150e+02 8.297973198760921605e+02 7.459564434416359973e+02 6.267547490998288140e+02 9.512006619290924618e+02 5.978659936597302931e+02 1.057463721230046076e+03
3.035294117647058556e+02 5.334542189664674652e+02 4.119645114700754220e+02 5.997663093979733731e+02 4.350781371922021208e+02 3.748186285956188044e+02 4.277725515913491563e+02 4.475076566289465063e+02 1.085064570875781556e+03 5.692991513792692331e+02 7.356865657350114134e+02 1.302820229482055765e+03 9.846421925996902473e+02 8.171401239840924973e+02 6.649354900846790315e+02 1.502467173358563286e+03 1.123563882742146689e+03 1.454255655225605324e+03 6.500195020670453232e+02 1.441812775412106475e+03 6.654621575597619767e+02 7.106464091618747716e+02 8.978559148688570986e+02 1.355326177486870165e+03 1.342013557965324708e+03 6.937927593411733369e+02 6.238665971241791794e+02 7.165571641383417045e+02 1.029937543688721462e+03 9.160705725103741770e+02 1.467578342270610165e+03 4.343758628602976160e+02 4.469984264704991688e+02 9.596984452468547033e+02 1.152898158050459870e+03 9.349971210855968593e+02 4.635827417354654472e+02 6.771275590588082878e+02 1.164039530713536351e+03 5.364781314728205643e+02 5.815142982309464514e+02 1.370848696523863964e+03 6.777690549867805885e+02 7.607669214321566642e+02 8.059475373039683745e+02 7.269302598692021320e+02 1.012133305141801202e+03 4.206721277894929472e+02 6.743507788573184598e+02 4.668355791914631254e+02 6.080229761038467586e+02 1.176408536968569479e+03 8.999206855270666665e+02 7.600271336077347542e+02 8.845240454741439180e+02 4.358313822750610598e+02 5.405025654048503156e+02 7.581963218762466568e+02 1.111637418655836200e+03 6.446582119172534249e+02 9.773070799336632035e+02 9.503403916583567934e+02 7.957021066785400762e+02 9.373828103295059009e+02 1.534383410430140657e+03 1.049295444370143741e+03 1.663774913548482118e+03 1.538323010947570538e+03 8.495698063614712510e+02 1.012147558543658874e+03 9.227620556910048890e+02 1.550973256342848117e+03 4.921865062647725608e+02 5.465291188860903731e+02 9.008624332458524577e+02 6.282502459995496338e+02 6.135657864249824343e+02 5.742722994599851063e+02 8.267374419599545945e+02 9.085901946901595920e+02 7.352504043026021918e+02 6.489137715741744614e+02 7.794721472052808622e+02 6.839487564944454334e+02 1.008450051571182826e+03 8.227422051758405814e+02 8.298616972746059446e+02 7.219477431836190817e+02 9.124967036263534510e+02 7.493677691772677463e+02 8.664845792866518650e+02 7.658975814558676802e+02 7.266236715296272450e+02 6.143427038152984778e+02 7.407612601113044093e+02 7.778736576198381272e+02 9.783735042869093377e+02 6.571970904486666996e+02 7.808846480335780598e+02 7.745072751735833663e+02 6.284945866972966542e+02 8.232130434588931394e+02 8.649350061334903330e+02 8.148061636123080689e+02 6.708793115518769810e+02 7.542933471036280935e+02 6.727134325142114903e+02 5.649866164717234369e+02 8.619560143900945377e+02 5.381587511455443291e+02 9.614219442310262593e+02
3.041176470588235361e+02 4.779326170823242705e+02 3.674868326784194323e+02 5.404216622753923502e+02 3.898949798030059242e+02 3.347622096423455105e+02 3.816843506765184202e+02 4.021393091893962719e+02 9.902192183516240220e+02 5.138234924338563587e+02 6.660537460154739620e+02 1.196653495120747721e+03 8.976112524943074504e+02 7.423600566129899789e+02 6.016317192034092614e+02 1.386275109038824667e+03 1.026702712986772895e+03 1.339032889115154831e+03 5.876437535071501088e+02 1.327374273912113722e+03 6.023300903374212112e+02 6.420980137531672653e+02 8.171771443085546025e+02 1.244317684232340525e+03 1.234354952127620891e+03 6.248153566886729777e+02 5.638874927816541458e+02 6.473549426316302515e+02 9.395859135298662750e+02 8.343345356284735317e+02 1.351741103111984103e+03 3.901496635879386758e+02 4.016972819979961855e+02 8.708642108045473833e+02 1.054972974227162013e+03 8.511789599263421451e+02 4.158328851950300873e+02 6.112491787411686346e+02 1.066387184348041728e+03 4.805998692937680516e+02 5.252181834559755771e+02 1.262466897954139540e+03 6.141676263800259221e+02 6.882930139026792631e+02 7.287361137915975178e+02 6.572846053977342535e+02 9.224071551543200940e+02 3.754471838670349371e+02 6.096559655515609393e+02 4.198807199544656328e+02 5.496789819379222308e+02 1.073294395892058674e+03 8.178239513363586184e+02 6.866977601946992991e+02 8.034994845259664089e+02 3.901713847946635951e+02 4.863848900712475256e+02 6.863708461877508853e+02 1.017335192241466302e+03 5.832377781582547414e+02 8.902827110145320830e+02 8.656781094215305075e+02 7.185126746307934127e+02 8.511888819629208456e+02 1.414191416822220617e+03 9.580533099380892281e+02 1.539992201952474261e+03 1.418019446229592177e+03 7.715925380450254352e+02 9.229657742543199674e+02 8.399239962692256540e+02 1.430017670999723123e+03 4.419842988614765318e+02 4.916952154174918519e+02 8.200883884442996532e+02 5.681543760778778278e+02 5.534330699127436901e+02 5.182199193562454411e+02 7.472589786205968494e+02 8.267598410643531679e+02 6.649773480293317789e+02 5.859166408444173157e+02 7.035524427290166614e+02 6.189648625034274119e+02 9.152598766809169319e+02 7.439218177646857839e+02 7.503277282624112559e+02 6.525453539686012618e+02 8.303976960034970034e+02 6.786527080476001856e+02 7.841498412272643463e+02 6.910454114010756257e+02 6.579804654152895864e+02 5.535182140104817563e+02 6.705896088229974339e+02 7.049422544701798188e+02 8.925049672756358632e+02 5.928917214177230335e+02 7.053901522106328912e+02 6.995592516741295412e+02 5.674430948839624307e+02 7.435133858483713993e+02 7.867490375945358210e+02 7.400148727987306074e+02 6.059709744483830036e+02 6.844989238390330684e+02 6.056536295351628496e+02 5.084601993880269788e+02 7.797718462608859227e+02 4.836126939129046036e+02 8.726227181720107637e+02
3.047058823529411598e+02 4.274953049398930602e+02 3.272850820252295989e+02 4.861485708998218911e+02 3.488371748674001651e+02 2.985053215201512558e+02 3.400148009679428469e+02 3.607802068377357614e+02 9.021346599563283917e+02 4.629884629191525391e+02 6.020094810093895603e+02 1.097250383160586580e+03 8.168911379079861490e+02 6.732935670762774407e+02 5.434512192403436757e+02 1.276849460164775110e+03 9.365990147461614015e+02 1.230810014485485453e+03 5.303735966676481439e+02 1.219909084772566302e+03 5.442817459446143857e+02 5.792019933451946372e+02 7.424966997618968207e+02 1.140441171581511753e+03 1.133376806500675229e+03 5.617720048739039385e+02 5.088309971942954917e+02 5.838688028879369085e+02 8.557106431416054875e+02 7.586109340080495258e+02 1.242895136132174684e+03 3.498547047758923441e+02 3.603975615406171187e+02 7.889324938740692232e+02 9.637212672260848194e+02 7.735704098412895746e+02 3.723947500393236965e+02 5.508693292667762762e+02 9.752588512314280251e+02 4.298437155245645727e+02 4.735880330983450790e+02 1.160645138175181955e+03 5.556076416443576136e+02 6.216899496860388581e+02 6.578298164497566631e+02 5.933267458325118469e+02 8.392167462495262953e+02 3.345457785986807266e+02 5.502547286251689229e+02 3.770305548691987383e+02 4.961103655393678196e+02 9.775618511856112036e+02 7.419705950598146273e+02 6.194170686242742931e+02 7.286744345364534183e+02 3.487295734615502170e+02 4.369685375703313639e+02 6.203170834689542517e+02 9.294467268128495334e+02 5.267936610475593397e+02 8.096402520678290102e+02 7.872288768434815438e+02 6.477394372163009848e+02 7.716271788654792090e+02 1.301158358177615810e+03 8.732628374295098865e+02 1.422928196724440795e+03 1.304861009517298271e+03 6.995991543145298692e+02 8.402197795907451336e+02 7.632359984418045542e+02 1.316211029502164592e+03 3.962554535758059728e+02 4.416383920223867108e+02 7.453002105432767621e+02 5.129552923448688944e+02 4.983711703461141269e+02 4.668672684422926977e+02 6.743029134564980041e+02 7.510344039763295996e+02 6.004236022041492333e+02 5.281615597628720025e+02 6.339792653814189407e+02 5.592251627435167620e+02 8.292928415942117226e+02 6.715379446525959111e+02 6.772922158768095642e+02 5.888382237444792509e+02 7.544143341592204024e+02 6.135885468982037310e+02 7.084603912565336259e+02 6.224805693167018035e+02 5.948311857109306402e+02 4.978962140075234402e+02 6.060565245761309825e+02 6.377845220893401574e+02 8.127959054549022540e+02 5.339968316798835986e+02 6.361408233929627158e+02 6.308194019582118699e+02 5.114760630115720801e+02 6.704200015065217713e+02 7.144284004246096629e+02 6.709635223315494841e+02 5.464378172740237005e+02 6.201245797919702909e+02 5.443841951727459900e+02 4.568392426800296562e+02 7.042533038845390365e+02 4.338854146150076758e+02 7.907011581523746599e+02
3.052941176470588402e+02 3.817687681318074624e+02 2.910196086634925337e+02 4.366164778809547897e+02 3.116031370104071812e+02 2.657524615786010145e+02 3.024144125852661773e+02 3.231530296538830953e+02 8.205121587822634410e+02 4.165033032387626122e+02 5.432306948861471483e+02 1.004398196054572281e+03 7.421906935976472823e+02 6.096428489511183670e+02 4.900928223539721671e+02 1.174046496744603019e+03 8.529707222347658444e+02 1.129404604808846216e+03 4.779021623860550676e+02 1.119233115467915013e+03 4.910212607115986998e+02 5.216137342173008165e+02 6.735207114567494955e+02 1.043465540287128761e+03 1.038888953300454887e+03 5.042712555418493707e+02 4.583996953053604102e+02 5.257491005695285367e+02 7.780214695210704576e+02 6.886125406846813348e+02 1.140863463366624501e+03 3.132163049571427109e+02 3.228227133455586113e+02 7.135301405154114036e+02 8.788822136544629302e+02 7.018697768394367813e+02 3.329589028332471230e+02 4.956449442241625434e+02 8.904142514668815238e+02 3.838327519632696863e+02 4.263365654433299596e+02 1.065215234213991607e+03 5.018049274823779911e+02 5.606119845508729895e+02 5.928514025521689064e+02 5.347163195045184239e+02 7.622571775237283873e+02 2.976274709722647458e+02 4.958291131916336667e+02 3.380064845565721612e+02 4.470301271892861337e+02 8.888811714030915709e+02 6.720385477142623358e+02 5.578160398918895453e+02 6.597247455380000929e+02 3.111915433051789819e+02 3.919379224603865737e+02 5.597005323228955831e+02 8.477228070919669562e+02 4.750326940857300997e+02 7.350770575829106974e+02 7.146975556572796222e+02 5.829851686761063547e+02 6.983466309697849965e+02 1.195113754571337267e+03 7.946448746199058633e+02 1.312494465345450863e+03 1.198679908836885488e+03 6.332747596839226389e+02 7.636161806334747553e+02 6.923977665335542042e+02 1.209389386507271865e+03 3.546860961227583857e+02 3.960363646856289392e+02 6.762068744110359830e+02 4.623612635437980884e+02 4.480575704234717023e+02 4.199186054926335032e+02 6.074752402630620054e+02 6.811123892113432703e+02 5.412492176178535601e+02 4.753233417473499003e+02 5.703554784915577329e+02 5.044231343606839459e+02 7.501605163278635473e+02 6.052054852836960208e+02 6.103659226688957915e+02 5.304823411825204857e+02 6.842456562460404257e+02 5.538514455456625001e+02 6.390277063263225727e+02 5.598060788091494260e+02 5.368599899279530518e+02 4.471370825824607778e+02 5.468352495891563194e+02 5.760758635850060045e+02 7.389697458216008954e+02 4.801697407129976796e+02 5.727535560663320666e+02 5.679059250827002643e+02 4.602775735112646203e+02 6.035260761335283632e+02 6.476797190848218406e+02 6.073499874266364031e+02 4.919494297009783281e+02 5.608776517518106175e+02 4.885206258694773283e+02 4.097950686415446739e+02 6.350068819318355509e+02 3.886437783990250523e+02 7.152880032120156102e+02
3.058823529411764639e+02 3.403947886613294145e+02 2.583681395054704808e+02 3.915031141959214551e+02 2.779034364322599799e+02 2.362224347773283739e+02 2.685513828048564733e+02 2.889896131907387939e+02 7.450434082908172968e+02 3.740829927857794814e+02 4.893970845255568065e+02 9.178639049161356525e+02 6.732114677186900735e+02 5.511082065139786437e+02 4.412586535014852984e+02 1.077694349036649328e+03 7.755240597723905012e+02 1.034608889581417998e+03 4.299268813066795474e+02 1.025137219757097682e+03 4.422555909037566835e+02 4.689941320945505367e+02 6.099507044155017184e+02 9.531390655720649647e+02 9.506788630081592828e+02 4.519321071697049774e+02 4.123005534741957376e+02 4.726519368475629221e+02 7.062195005878567144e+02 6.240465129678107132e+02 1.045443172641090541e+03 2.799692163807210932e+02 2.887052835969240050e+02 6.442836266112738031e+02 8.001811723691150746e+02 6.357702520125587853e+02 2.972276326540849709e+02 4.452395311118228847e+02 8.115977394107097780e+02 3.422055756585018003e+02 3.831814772383654599e+02 9.759848805206115685e+02 4.524767371446552602e+02 5.047172393347145771e+02 5.334286856903895568e+02 4.811175274408905125e+02 6.912164440596062605e+02 2.643688534836272765e+02 4.460655928713244975e+02 3.025384084532540783e+02 4.021552896115937301e+02 8.069126261949816126e+02 6.077032028888052082e+02 5.015315889456965692e+02 5.963243616654340258e+02 2.772563644352013057e+02 3.509866228149949166e+02 5.041896824889427648e+02 7.719007446168586739e+02 4.276650042462845818e+02 6.662842098965020341e+02 6.477829733625555946e+02 5.238598358730316704e+02 6.309947441509440296e+02 1.095859396044766754e+03 7.219103581962806402e+02 1.208568905714173070e+03 1.099280343711327077e+03 5.723029027863633473e+02 6.928536694796005122e+02 6.271041425050935914e+02 1.109360403023674507e+03 3.169733062593382442e+02 3.545764206598309443e+02 6.125124482296729411e+02 4.160842877922291905e+02 4.021767759807351013e+02 3.770841985817613704e+02 5.463877500473643067e+02 6.166879425351911550e+02 4.871184861332968694e+02 4.270827763715490164e+02 5.122917082145343102e+02 4.542553578698718866e+02 6.774737867575304335e+02 5.445444924019083146e+02 5.491648849289827012e+02 4.771387530100137724e+02 6.195861911639774462e+02 4.991199504092907091e+02 5.754672183967746832e+02 5.026332062017489193e+02 4.837535028604057175e+02 4.009097850243549601e+02 4.926019463911878233e+02 5.194931861112212346e+02 6.707417838846024551e+02 4.310750291861602363e+02 5.148516924335635849e+02 5.104435814179460635e+02 4.135375831876079928e+02 5.424318610756415637e+02 5.862059470909763377e+02 5.488706693493710418e+02 4.421810555222994594e+02 5.064651359608694747e+02 4.376890191760135735e+02 3.670084582367803137e+02 5.716436083848387852e+02 3.475656275639115051e+02 6.460132580385790106e+02
3.064705882352941444e+02 3.030315528095044897e+02 2.290262528668571917e+02 3.504962269513525257e+02 2.474617241997844985e+02 2.096488911031090652e+02 2.381121138235044157e+02 2.580320895343371035e+02 6.754142120822651805e+02 3.354499738184632065e+02 4.401935171086670948e+02 8.373982837237784906e+02 6.096510648403080950e+02 4.973908167497651220e+02 3.966562692910013084e+02 9.875972588789796873e+02 7.039573080371441165e+02 9.461940545551927926e+02 3.861515470388204676e+02 9.373916119106049791e+02 3.976966709890352263e+02 4.210118167753890930e+02 5.514866530207887081e+02 8.691937222274016221e+02 8.685157112247776467e+02 4.043859661808853616e+02 3.702468905738721787e+02 4.242413945980037511e+02 6.400007175085390827e+02 5.646175006552069817e+02 9.564097850117418602e+02 2.498587055136488289e+02 2.577880614527344960e+02 5.808222748036466783e+02 7.273334919611321538e+02 5.749630927562159286e+02 2.649160028236991593e+02 3.993252344962684219e+02 7.385421297211778437e+02 3.046174087823937384e+02 3.438472521433319002e+02 8.927417941523515310e+02 4.073439807305315981e+02 4.536701528656396363e+02 4.791970852055498540e+02 4.322014463202950765e+02 6.257788845769412092e+02 2.344640795235983148e+02 4.006572077352574297e+02 2.703659673938383321e+02 3.612088197829621663e+02 7.313105089029675128e+02 5.486404637840879559e+02 4.502089380466861712e+02 5.381483087441488351e+02 2.466374176748541913e+02 3.138188491983156041e+02 4.534584778948650978e+02 7.017080612709871730e+02 3.844060850703083361e+02 6.029498493200934490e+02 5.861811545284989506e+02 4.699830376072080185e+02 5.692207515468427346e+02 1.003173780433608272e+03 6.547638619799516846e+02 1.111000062450641281e+03 1.006443098792903243e+03 5.163684506834788408e+02 6.276264672539153935e+02 5.670482481367436094e+02 1.015907805166810590e+03 2.828263270192168761e+02 3.169568913546474391e+02 5.539191667475835175e+02 3.738421038668381584e+02 3.604221428783318402e+02 3.380820617090112705e+02 4.906606380614846330e+02 5.574539459870572955e+02 4.377022889978374565e+02 3.831286163723359550e+02 4.594087203703853106e+02 4.084237318024156593e+02 6.108462399077777718e+02 4.891827916427619698e+02 4.933130404861082638e+02 4.284758402539512190e+02 5.601290607596971540e+02 4.490774386442831769e+02 5.174011073067398456e+02 4.505837753453426444e+02 4.352031845610394498e+02 3.588936410270848683e+02 4.430381013879605234e+02 4.677174746376429653e+02 6.078224979578698139e+02 3.863865173353688647e+02 4.620674538986701236e+02 4.580660902608350966e+02 3.709538496044627323e+02 4.867472165731993528e+02 5.297093075024879454e+02 4.952232323553683955e+02 3.968156743659510539e+02 4.565962137365385161e+02 3.915279572558320638e+02 3.281711989408620980e+02 5.137818129357780208e+02 3.103411469059225851e+02 5.825094154833928997e+02
3.070588235294117680e+02 2.693544286410115092e+02 2.027075940885432885e+02 3.132949784417028241e+02 2.200153875447286680e+02 1.857806282243082592e+02 2.108014613572607345e+02 2.300337703468656798e+02 6.113077866369402500e+02 3.003355865246701910e+02 3.953120683932367569e+02 7.627397184105600445e+02 5.512061329145519721e+02 4.481951454591111315e+02 3.560004759527932947e+02 9.035397679343618620e+02 6.379642294378871838e+02 8.639144167731575408e+02 3.462880433881639988e+02 8.557499244165135224e+02 3.570632404199835719e+02 3.773450052818927247e+02 4.978296865736232917e+02 7.913491748182464107e+02 7.921542927786791779e+02 3.612782170993788213e+02 3.319600253825365712e+02 3.801914079137180806e+02 5.790591104140577272e+02 5.100304290198078547e+02 8.735214084032892288e+02 2.226413738417865034e+02 2.298249623436676927e+02 5.227810410277802475e+02 6.600480126412513755e+02 5.191404473830660891e+02 2.357526351744848228e+02 3.575845499858273229e+02 6.709722053995606075e+02 2.707408706315363247e+02 3.080666500440576669e+02 8.152575692210149327e+02 3.661331486248315628e+02 4.071435450520203290e+02 4.298017906161963424e+02 3.876479722553604574e+02 5.656282496524843282e+02 2.076251440390344385e+02 3.593053549597703977e+02 2.412395242282108825e+02 3.239212502929431707e+02 6.617267129571287114e+02 4.945294121048974034e+02 4.035036057102976201e+02 4.848753070545324135e+02 2.190629751621157482e+02 2.801506223034006098e+02 4.071884144154644787e+02 6.368658544224199431e+02 3.449785515663434694e+02 5.447621371923097513e+02 5.295882049995632315e+02 4.209860491985797921e+02 5.126783733247370947e+02 9.168164813807455857e+02 5.929067984731894967e+02 1.019611371480955654e+03 9.199297337786751996e+02 4.651600828516376396e+02 5.676274034049390593e+02 5.119242685001748896e+02 9.287957518726760782e+02 2.519674822222074795e+02 2.828883268876344346e+02 5.001301454382017369e+02 3.353598715832238781e+02 3.224973789683064069e+02 3.026393867135876690e+02 4.399246950343329559e+02 5.031047489979406464e+02 3.926800784799010557e+02 3.431592395323420419e+02 4.113393824975084954e+02 3.666373472897671491e+02 5.498971002601527971e+02 4.387581774859969528e+02 4.424444517934460350e+02 3.841712293812386179e+02 5.055687279594201300e+02 4.034142152144446527e+02 4.644606845251650498e+02 4.032920636629349929e+02 3.909073566635611883e+02 3.207797466994982187e+02 3.978325748673329372e+02 4.204359926593409114e+02 5.499205339212772969e+02 3.457888817771801087e+02 4.140439610291453505e+02 4.104181367359359456e+02 3.322335265514191747e+02 4.360937399863696555e+02 4.778938826767166006e+02 4.461090110177418637e+02 3.555457407775436991e+02 4.109844502458261672e+02 3.496899973146025786e+02 2.929873169759424059e+02 4.610494722079790790e+02 2.766739379206679246e+02 5.244142689514206950e+02
3.076470588235293917e+02 2.390564590239411302e+02 1.791438667149593300e+02 2.796110330404505362e+02 1.953159688420338682e+02 1.643816955958342874e+02 1.863427516185530521e+02 2.047597859368708271e+02 5.524076963581718474e+02 2.684812114267324432e+02 3.544537211659070977e+02 6.936177269291097218e+02 4.975750005979741104e+02 4.032310226256664123e+02 3.190148234998022758e+02 8.252904895127089731e+02 5.772371208110065481e+02 7.875112257546560386e+02 3.100577623219791121e+02 7.799530288074486180e+02 3.200823734550326662e+02 3.376830173929597549e+02 4.486844400155210906e+02 7.193164450426611438e+02 7.213385784549035407e+02 3.222694378388755467e+02 2.971706258128717764e+02 3.401872711665418478e+02 5.230894484842013981e+02 4.599929133373790364e+02 7.965225750839578041e+02 1.980857542019927848e+02 2.045816711315921168e+02 4.698028880589802725e+02 5.980302089512647399e+02 4.679978105255664786e+02 2.094802345883761063e+02 3.197117017211461985e+02 6.086078858963112452e+02 2.402664633577620634e+02 2.755819329517983647e+02 7.432912790065789750e+02 3.285779204615961930e+02 3.648203381563105268e+02 3.848995327599644725e+02 3.471474159925272716e+02 5.104504080612416601e+02 1.835819217041536717e+02 3.217212682743714254e+02 2.149208983756650184e+02 2.900320035017658711e+02 5.978139024005095052e+02 4.450546124495804747e+02 3.610830187391911750e+02 4.361900120396135776e+02 1.942765306636424327e+02 2.497106548858276369e+02 3.650702832081943257e+02 5.770918321116674861e+02 3.091135883006559197e+02 4.914118444816987221e+02 4.777028256205746857e+02 3.765134615042291557e+02 4.610281664184667534e+02 8.365320509448567918e+02 5.360402576802260910e+02 9.342051480651941802e+02 8.394866547919348250e+02 4.183724381000448034e+02 5.125506282156311499e+02 4.614298708362094317e+02 8.477727785446083999e+02 2.241328289113579331e+02 2.520943690927687726e+02 4.508517492473462198e+02 3.003715699001303392e+02 2.881177399477871290e+02 2.704936843074256672e+02 3.938230876171430737e+02 4.533385404224690660e+02 3.517415105432129394e+02 3.068839801128201543e+02 3.677302340584270723e+02 3.286140478941546803e+02 4.942537385875986047e+02 3.929202281672659751e+02 3.962051260987195178e+02 3.439133548357523864e+02 4.556033820179887357e+02 3.618292598041841757e+02 4.162883583836967318e+02 3.604063137089336806e+02 3.505728938982717864e+02 2.862720935891544514e+02 3.566833048411840537e+02 3.773441401718804400e+02 4.967453365356107042e+02 3.089789460929504799e+02 3.704368817575235084e+02 3.671569879227285469e+02 2.970944585549203794e+02 3.901064802625463699e+02 4.304678651915926935e+02 4.012350646792745579e+02 3.180745796107804608e+02 3.693496560657713985e+02 3.118428298528208984e+02 2.611740104994927947e+02 4.130861361762538877e+02 2.462817842690636212e+02 4.713732951875341541e+02
3.082352941176470722e+02 2.118486020641937557e+02 1.580846376726091478e+02 2.491693852650534211e+02 1.731293886578393710e+02 1.452313232556501248e+02 1.644776086960692112e+02 1.819875257427856070e+02 4.984004351663196530e+02 2.396391746603797799e+02 3.173297639575142739e+02 6.297561711660986248e+02 4.484599872996957970e+02 3.622154129489273942e+02 2.854328412199199079e+02 7.526057331532380203e+02 5.214695387402625784e+02 7.167162201875599976e+02 2.771927496798520565e+02 7.097325482586102225e+02 2.864907271853407451e+02 3.017274865737811069e+02 4.037611007811030959e+02 6.528012600865417880e+02 6.558050096831409519e+02 2.870363003448181871e+02 2.656197950699921080e+02 3.039268516501055615e+02 4.717897262294020493e+02 4.142173811174451998e+02 7.251478180453161713e+02 1.759726942966138381e+02 1.818360837285011087e+02 4.215407946785530271e+02 5.409850160720127406e+02 4.212361622455957217e+02 1.858559024066579468e+02 2.854137220228394654e+02 5.511671004605129838e+02 2.129028096046468193e+02 2.461458205290911110e+02 6.765928192197308135e+02 2.944205041442069728e+02 3.263949496586246255e+02 3.441600143975868491e+02 3.104018004240664368e+02 4.599357012896293782e+02 1.620820212715462389e+02 2.876272034575974317e+02 1.911838837143071430e+02 2.592904651998612167e+02 5.392283068657766307e+02 3.999080747253327672e+02 3.226278034918738058e+02 3.917849269009703903e+02 1.720369341040759252e+02 2.222410002502651594e+02 3.268056073882698342e+02 5.221030378639337641e+02 2.765521379187072739e+02 4.425946190425116811e+02 4.302285182976843885e+02 3.362244854018721298e+02 4.139395286111391670e+02 7.620537867180072453e+02 4.838675283084762668e+02 8.545663932762836339e+02 7.648487817099666017e+02 3.757079408635885898e+02 4.620940023002670500e+02 4.152683094729466120e+02 7.725755777441650025e+02 1.990725817256646621e+02 2.243123888950465243e+02 4.057956507039892244e+02 2.686211203227734927e+02 2.570109493162669878e+02 2.413936878977721108e+02 3.520128078594109979e+02 4.078594064008362352e+02 3.145877742919009279e+02 2.740241856486630354e+02 3.282427269901212412e+02 2.940816983667224918e+02 4.435537894925660112e+02 3.513317629948484182e+02 3.542544853115030605e+02 3.074027146751857344e+02 4.099370094558403252e+02 3.240316730528006701e+02 3.725392534553576525e+02 3.215899201291223335e+02 3.139166123375487700e+02 2.550883956502536591e+02 3.192987107260607331e+02 3.381469992032403979e+02 4.480094684776461804e+02 2.756666834512171818e+02 3.309157352157998275e+02 3.279537849120291639e+02 2.652661942338050380e+02 3.484353080391200024e+02 3.871454937495649347e+02 3.603159247353567025e+02 2.841175146627239769e+02 3.314194714568201334e+02 2.776701224652864539e+02 2.324623288491290225e+02 3.695445123461028629e+02 2.188971838888431023e+02 4.230416853535274981e+02
3.088235294117646959e+02 1.874597564793501761e+02 1.392969847055008756e+02 2.217089274267732151e+02 1.532359792248694248e+02 1.281237028260851503e+02 1.449656073774029608e+02 1.615068905245608732e+02 4.489776665534721474e+02 2.135734060952727873e+02 2.836629002598810416e+02 5.708761509370400518e+02 4.035693836008313156e+02 3.248738915418852002e+02 2.549989917113403521e+02 6.852328192089510139e+02 4.703586698663184507e+02 6.512548615943488812e+02 2.474365873969121310e+02 6.448140704973910715e+02 2.560355283776586361e+02 2.691932804714646750e+02 3.627771314301971302e+02 5.915070533871967200e+02 5.952854922797033623e+02 2.552721866409925155e+02 2.370599094143991010e+02 2.711215106847532184e+02 4.248632728818087116e+02 3.724228647386140096e+02 6.591249323194998624e+02 1.560955724204799537e+02 1.613785598447393284e+02 3.776593962251301946e+02 4.886193120262366278e+02 3.785637780581668039e+02 1.646512585604317849e+02 2.544112645153307142e+02 4.983683271028884860e+02 1.883766609105678356e+02 2.195222257006568327e+02 6.149059570523568254e+02 2.634127245158888400e+02 2.915743888759030824e+02 3.072670219367064988e+02 2.771258573813071848e+02 4.137809696012148493e+02 1.428904730982806939e+02 2.567573576990447464e+02 1.698145738292917599e+02 2.314568083576700701e+02 4.856321336639886113e+02 3.587909037415342368e+02 2.878327740717363667e+02 3.513619918176995043e+02 1.521183508707121632e+02 1.974974630972056389e+02 2.921077810912004225e+02 4.716182518885051422e+02 2.470458262430149432e+02 3.980129119614138631e+02 3.868754518910640172e+02 2.997939260967394262e+02 3.710923586670322152e+02 6.931071195911008544e+02 4.360962794649701095e+02 7.804663765620592812e+02 6.957429783891369652e+02 3.368783152690297129e+02 4.159611456725907033e+02 3.731502026621284926e+02 7.029324182044354075e+02 1.765513382684403325e+02 1.992938864123257474e+02 3.646805768906955905e+02 2.398632646748222044e+02 2.289178679277735284e+02 2.151000042998538788e+02 3.141657691929077600e+02 3.663790619691102393e+02 2.809326195668113542e+02 2.443140063226618679e+02 2.925541371826741397e+02 2.627791951626431342e+02 3.974468928657496463e+02 3.136699787412994169e+02 3.162665096706439840e+02 2.743528386309748726e+02 3.682811413663746976e+02 2.897418312338754163e+02 3.328824793486289195e+02 2.865222941940846795e+02 2.806663878935427192e+02 2.269606793847456174e+02 2.853988061909949465e+02 3.025605771023859916e+02 4.034306138308999152e+02 2.455759526226570415e+02 2.951648855001574248e+02 2.924945193288576206e+02 2.364907497768369069e+02 3.107459432056239734e+02 3.476486857068237555e+02 3.230750479761139218e+02 2.534027114115624215e+02 2.969306548581861875e+02 2.468720849164057256e+02 2.065976174289020548e+02 3.300916934479351426e+02 1.942676544953730513e+02 3.790860032752838151e+02
3.094117647058823763e+02 1.656365899747341643e+02 1.225650104031596896e+02 1.969828059892937233e+02 1.354303760721158199e+02 1.128676409262243538e+02 1.275837955999301272e+02 1.431203729138927088e+02 4.038381388798605371e+02 1.900599040635291885e+02 2.531881014204631981e+02 5.166985956975320278e+02 3.626191259654511896e+02 2.909418386562297769e+02 2.274694017777699173e+02 6.229131104328273523e+02 4.236073851633130403e+02 5.908492702042655083e+02 2.205450476491364213e+02 5.849200550515901114e+02 2.284753275570235473e+02 2.398091664491521442e+02 3.254587069272644726e+02 5.351376510386534164e+02 5.395100884668250956e+02 2.266875428835891455e+02 2.112552214997243425e+02 2.414967614699360752e+02 3.820205463641125903e+02 3.343365128835006885e+02 5.981779390459826118e+02 1.382603437180097785e+02 1.430120090831181017e+02 3.378363039351647785e+02 4.406440955653885680e+02 3.396977431498652322e+02 1.456523893618897887e+02 2.264391524540426701e+02 4.499328307575133863e+02 1.664327243746382692e+02 1.954867722714677427e+02 5.579710954610603721e+02 2.353168554472771632e+02 2.600790839476836140e+02 2.739192483817510038e+02 2.470477702819670753e+02 3.716912595072797671e+02 1.257892790378714949e+02 2.288585463379696705e+02 1.506115174840140867e+02 2.063026030827024329e+02 4.366956242727897006e+02 3.214146389531321120e+02 2.564076400850856885e+02 3.146338746839767850e+02 1.343100576517569209e+02 1.752498254737643322e+02 2.607029339528435230e+02 4.253600883845255112e+02 2.203576592968894943e+02 3.573776034377523843e+02 3.473620457381212532e+02 2.669128730190964802e+02 3.321783919034334076e+02 6.294127139055943871e+02 3.924404409290195304e+02 7.116659434248136904e+02 6.318911588313458196e+02 3.016058067560753102e+02 3.738631821206552672e+02 3.347950206058075082e+02 6.385662881480803890e+02 1.563481157082258335e+02 1.768046947801514364e+02 3.272337600299476321e+02 2.138642177951459757e+02 2.035929465975880248e+02 1.913855691190329935e+02 2.799696231655475458e+02 3.286182959585432286e+02 2.505031318459491274e+02 2.175009521537926105e+02 2.603582047701599436e+02 2.344572260180909211e+02 3.555960939431263910e+02 2.796272911232994716e+02 2.819305779554734386e+02 2.444909920248634023e+02 3.303563049288631532e+02 2.586922735219804963e+02 2.970020957927952168e+02 2.548994457690681656e+02 2.505620030091650108e+02 2.016356367424382938e+02 2.547160432721447876e+02 2.703127837261179138e+02 3.627332794903786635e+02 2.184449857968178890e+02 2.628842551521359496e+02 2.604807248373916195e+02 2.105231409339241111e+02 2.767206916966138124e+02 3.117083873931545099e+02 2.892459912995598756e+02 2.256717779878480030e+02 2.656301257217347711e+02 2.191657932496201795e+02 1.833397482172708806e+02 2.944100885821803217e+02 1.721558346500285097e+02 3.391855296944166298e+02
3.100000000000000000e+02 1.461432167476621089e+02 1.076892553597296285e+02 1.747585812405229433e+02 1.195212593764901641e+02 9.928611736133942145e+01 1.121261030643926091e+02 1.266430100566970367e+02 3.626892811634956502e+02 1.688870076397498110e+02 2.256532137581260145e+02 4.669465420362525379e+02 3.253341899786656199e+02 2.601653911262226302e+02 2.026123709529007328e+02 5.653847645750325910e+02 3.809259810316689254e+02 5.352208455045207529e+02 1.962865245826137368e+02 5.297724275640745191e+02 2.035805331876262301e+02 2.133182484412532744e+02 2.915418872493751792e+02 4.833996266768298256e+02 4.882094106974404326e+02 2.010100191119712179e+02 1.879822711694279747e+02 2.147927000370238488e+02 3.429806349187559817e+02 2.996948268579222940e+02 5.420297398304743410e+02 1.222854568078276287e+02 1.265518439015974934e+02 3.017631163135701513e+02 3.967763453340290312e+02 3.043651806417355488e+02 1.286596624677345062e+02 2.012467318437388997e+02 4.055866054507754939e+02 1.468333266443102332e+02 1.738271207406256167e+02 5.055277502067385740e+02 2.099062535641887735e+02 2.316434572058750803e+02 2.438308530648709791e+02 2.199096789940233521e+02 3.333812333099193665e+02 1.105768546379500208e+02 2.036906606001882665e+02 1.333857255160373825e+02 1.836112276695567687e+02 3.920987727594492185e+02 2.875023194437458187e+02 2.280774693008899021e+02 2.813249845363400823e+02 1.184161214108839317e+02 1.552818893165274403e+02 2.323305578421585835e+02 3.830567990805180898e+02 1.962625157091377446e+02 3.204093311171715754e+02 3.114162560468410561e+02 2.372891281649792461e+02 2.969022487803050581e+02 5.706892608372997984e+02 3.526217789685215394e+02 6.479185655791687850e+02 5.730130895554876815e+02 2.696241509991090197e+02 3.355201848435012835e+02 2.999322892773960234e+02 5.791977179364810127e+02 1.382562400908631730e+02 1.566250111189812060e+02 2.931921279495495583e+02 1.904021130822001453e+02 1.808044664124884093e+02 1.700359065018944591e+02 2.491282942887228558e+02 2.943081334911281033e+02 2.230402595410782851e+02 1.933462351045674552e+02 2.313655073999929073e+02 2.088788087278423689e+02 3.176789221148184197e+02 2.489119011243109014e+02 2.509520402952372820e+02 2.175586499719759956e+02 2.958932059516069444e+02 2.306283516909022069e+02 2.645977968059359000e+02 2.264343302051245814e+02 2.233557721571877721e+02 1.788747838375637400e+02 2.269959279669482157e+02 2.411441561553476163e+02 3.256502177825532272e+02 1.940266733007060509e+02 2.337897746721326087e+02 2.316299214282885259e+02 1.871317102207727601e+02 2.460589084953398640e+02 2.790656603909328624e+02 2.585733357653172675e+02 2.006801528214517418e+02 2.372757597385465544e+02 1.942852887921418699e+02 1.624631816008517546e+02 2.621980660613970144e+02 1.523394255495134360e+02 3.030332923922539976e+02
3.105882352941176805e+02 1.287607386423674711e+02 9.448601448350144949e+01 1.548182204551383450e+02 1.053310100066228472e+02 8.721575777940894625e+01 9.840265841993270612e+01 1.119022036487158545e+02 3.252485268688248539e+02 1.498555077441868377e+02 2.008193674831346698e+02 4.213471259696232210e+02 2.914497133303458440e+02 2.323021496274340620e+02 1.802086930769009712e+02 5.123851976481500969e+02 3.420336312506310037e+02 4.840925934900177481e+02 1.744422950644159869e+02 4.790948847566238555e+02 1.811337623711509934e+02 1.894781964237926388e+02 2.607735282534110297e+02 4.360043471705051843e+02 4.411167283057817485e+02 1.779844061546326657e+02 1.670301154991146859e+02 1.907642247122449248e+02 3.074724813986878189e+02 2.682446461086747718e+02 4.904044757142975755e+02 1.080016536231553488e+02 1.118258065855401497e+02 2.691461609331092859e+02 3.567405975680437109e+02 2.723042281790433776e+02 1.134874175543673402e+02 1.785980096764275515e+02 3.650620240298696899e+02 1.293579445583797565e+02 1.543431339824503254e+02 4.573167512233330854e+02 1.869657852810472036e+02 2.060162900088960782e+02 2.167317908923858738e+02 1.954679757331991823e+02 2.985762971418321285e+02 9.706738218740862578e+01 1.810269299214669161e+02 1.179605441455107950e+02 1.631781047209503583e+02 3.515327346971459406e+02 2.567892937767283570e+02 2.025829331680509142e+02 2.511722447324076484e+02 1.042549675250519243e+02 1.373913700874991264e+02 2.067439124072477341e+02 3.444438018479178822e+02 1.745474472542800868e+02 2.868395573413816919e+02 2.787766095608407682e+02 2.106474121753230122e+02 2.649822122178545669e+02 5.166559626152367173e+02 3.163712051718886755e+02 5.889731277537163123e+02 5.188288797219769322e+02 2.406792863022348854e+02 3.006623516110555556e+02 2.683025391213759576e+02 5.245473063208926305e+02 1.220831077914793354e+02 1.385492686139754142e+02 2.623032368824395348e+02 1.692672727499723919e+02 1.603346160116994952e+02 1.508492342734475358e+02 2.213622869951633731e+02 2.631907524832554941e+02 1.982991352732756241e+02 1.716249294724938181e+02 2.053036213217363013e+02 1.858196405574005894e+02 2.833881870050649923e+02 2.212481371147072480e+02 2.230525540149293704e+02 1.933117622098939137e+02 2.646336483262115280e+02 2.053086629992243672e+02 2.353853452108668876e+02 2.008569607937476746e+02 1.988129490168028894e+02 1.584544452131647461e+02 2.019974138832500898e+02 2.148083578097713371e+02 2.919235890595936098e+02 1.720886521767143904e+02 2.076136177486316114e+02 2.056758369478854149e+02 1.660982777567298285e+02 2.184772298957876160e+02 2.494725256414671435e+02 2.308133756071858329e+02 1.781972956328741873e+02 2.116369780367287774e+02 1.719814996618425766e+02 1.437568625424739537e+02 2.331703566926743463e+02 1.346109818211250797e+02 2.703368293384664298e+02
3.111764705882353041e+02 1.132866750288880269e+02 8.278661160512046990e+01 1.369579400738502102e+02 9.269525613706113631e+01 7.650624307048441608e+01 8.623904878440484367e+01 9.873744676857583613e+01 2.912443518918931318e+02 1.327786176997826431e+02 1.784611796038543616e+02 3.796332884243232684e+02 2.607118691713076828e+02 2.071216939069728369e+02 1.600518043196718452e+02 4.636532614958073850e+02 3.066595652876397935e+02 4.371911567172430750e+02 1.548066002478587393e+02 4.326148934017393231e+02 1.609300128741830918e+02 1.680613002571727179e+02 2.329119824070181437e+02 3.926697252314161233e+02 3.979697992737729919e+02 1.573724182268292395e+02 1.482003943906855170e+02 1.691810806104546998e+02 2.752358539648810165e+02 2.397439018589259092e+02 4.430295893805051719e+02 9.525167144174885436e+01 9.867369194644011543e+01 2.397069898735391575e+02 3.202702490412828524e+02 2.432647699715742249e+02 9.996355735319009739e+01 1.582716346702418662e+02 3.280992293060556335e+02 1.138026274695267972e+02 1.368468958528672488e+02 4.130821609198371789e+02 1.662920876357647728e+02 1.829608843165147221e+02 1.923679333192363288e+02 1.734934147195288574e+02 2.670134925684062637e+02 8.509009593788842096e+01 1.606540170059698767e+02 1.041714304470253580e+02 1.448107847077360475e+02 3.147009364578059376e+02 2.290238072982651545e+02 1.796803599888199017e+02 2.239256258841305964e+02 9.165886201987881066e+01 1.213896759868522395e+02 1.837102413572694388e+02 3.092649405142025785e+02 1.550118253925214447e+02 2.564113898606178168e+02 2.491929987827649882e+02 1.867293637187702302e+02 2.361507700774145917e+02 4.670347189280240627e+02 2.834298190745793704e+02 5.345764310772752879e+02 4.690611884057378802e+02 2.145298657137473697e+02 2.690309322881885805e+02 2.396580281616696482e+02 4.743379421242864851e+02 1.076498259995526610e+02 1.223858947536948563e+02 2.343259796991143560e+02 1.502623148768573458e+02 1.419794137926154178e+02 1.336364176973397662e+02 1.964087771364982018e+02 2.350201655612099785e+02 1.760492144914878168e+02 1.521259661130111454e+02 1.819170851065987904e+02 1.650682616058694236e+02 2.524325135070073145e+02 1.963765759132182325e+02 1.979702073190517240e+02 1.715208332814553671e+02 2.363312306383219550e+02 1.825052897927429001e+02 2.090967868632622810e+02 1.779143436572236681e+02 1.767119575291889930e+02 1.401655947447610515e+02 1.794931114322475594e+02 1.910724860436545782e+02 2.613058773818389113e+02 1.524132408081275116e+02 1.841042378660295640e+02 1.823684359944320761e+02 1.472181308188183948e+02 1.937095951998712167e+02 2.226925887065951031e+02 2.057346008444695826e+02 1.580067171958851873e+02 1.884951348642283904e+02 1.520219930616046327e+02 1.270239843682287670e+02 2.070582285987160560e+02 1.187775795596386672e+02 2.408187007902059236e+02
3.117647058823529278e+02 9.953431808207727727e+01 7.243661217163389665e+01 1.209879331796743287e+02 8.146236478757757027e+01 6.701967488124545014e+01 7.547552360570738017e+01 8.699996569122576773e+01 2.604170837953103046e+02 1.174818220886162266e+02 1.583668144420377075e+02 3.415452119822477357e+02 2.328785239935249933e+02 1.844058908647850217e+02 1.419477852346730913e+02 4.189311591762702278e+02 2.745439928685043469e+02 3.942485638049411705e+02 1.371865940346451964e+02 3.900654268063435666e+02 1.427766925764510120e+02 1.488543674193984998e+02 2.077275736138401783e+02 3.531216866201904736e+02 3.585124226907000207e+02 1.389523211854179578e+02 1.313072698331373829e+02 1.498277458245514140e+02 2.460220816227249827e+02 2.139621621069048274e+02 3.996376072059348417e+02 8.388986542399935331e+01 8.694699768534108841e+01 2.131826509757223960e+02 2.871086069535079446e+02 2.170089656126766329e+02 8.792906463334911393e+01 1.400607302743132152e+02 2.944472644203592608e+02 9.997933648591325095e+01 1.211625972679695309e+02 3.725729359390369382e+02 1.476936713690771512e+02 1.622550625230296077e+02 1.705010222946193039e+02 1.537710682502952295e+02 2.384421341930184042e+02 7.448852081233906119e+01 1.423719629354830261e+02 9.186562313465110208e+01 1.283288914356791679e+02 2.813199298162929267e+02 2.039673679959358594e+02 1.591416263225817431e+02 1.993484842938095767e+02 8.047333637508677384e+01 1.071015586233802281e+02 1.630108073190309312e+02 2.772735068304689889e+02 1.374673287752305839e+02 2.288801737939807310e+02 2.224272562265095985e+02 1.652933726305595314e+02 2.101549416439823972e+02 4.215520271309425766e+02 2.535497205304939428e+02 4.844754345114017156e+02 4.234371256590198982e+02 1.909475605987868789e+02 2.403789160791496613e+02 2.137632394142884209e+02 4.282967467508041182e+02 9.479078058020553499e+01 1.079569487969055075e+02 2.090310913091252587e+02 1.332021234226440640e+02 1.255484997117348769e+02 1.182208049470352904e+02 1.740215265650533354e+02 2.095626940849501239e+02 1.560742361112046979e+02 1.346519947298125430e+02 1.609671967392577585e+02 1.464260744116539854e+02 2.245366421975781748e+02 1.740539929850459941e+02 1.754594586918076118e+02 1.519708513782293835e+02 2.107518311508412694e+02 1.620038740292234536e+02 1.854804731326630645e+02 1.573702483605499651e+02 1.568444460993647454e+02 1.238135637711895924e+02 1.592693293454139507e+02 1.697171940835720534e+02 2.335605909420350486e+02 1.347972252287626134e+02 1.630262355695124370e+02 1.614737731503772693e+02 1.302998862356486995e+02 1.715070941854739601e+02 1.985014663102753332e+02 1.831179930391579092e+02 1.399058527996036787e+02 1.676437349198937454e+02 1.341906004135609862e+02 1.120816437095634370e+02 1.836094841846998236e+02 1.046603884560909563e+02 2.142167892300427354e+02
3.123529411764706083e+02 8.733201291669399779e+01 6.329501795250967433e+01 1.067319928378316547e+02 7.149286975736387717e+01 5.862990906003148694e+01 6.596617355690960949e+01 7.655229188325873224e+01 2.325194828658853226e+02 1.038026228826226429e+02 1.403378811007015372e+02 3.068315189178844662e+02 2.077196889092206504e+02 1.639490583421112433e+02 1.257152408252236455e+02 3.779660866285332190e+02 2.454388159478705234e+02 3.550037182162372460e+02 1.214021682502075237e+02 3.511864232235407144e+02 1.264935211446673122e+02 1.316584908407821217e+02 1.850029105401770266e+02 3.170953839091518489e+02 3.224957589861775205e+02 1.225184608968482394e+02 1.161772416753922386e+02 1.325031875127050114e+02 2.195945843382844771e+02 1.906809918465000919e+02 3.599676648033578772e+02 7.378177032182053097e+01 7.650849694321783545e+01 1.893257790340601616e+02 2.570097112749542134e+02 1.933115800987186503e+02 7.723745270373841265e+01 1.237726096006621930e+02 2.638649858773652568e+02 8.771522020073652470e+01 1.071263311671620784e+02 3.355443361424854629e+02 1.309908946378029952e+02 1.436910212350511244e+02 1.509084613000230490e+02 1.361001407808777230e+02 2.126242676095120601e+02 6.511968061612741110e+01 1.259940059949000073e+02 8.090175972584869157e+01 1.135639634349516740e+02 2.511199950953644873e+02 1.813949506223892456e+02 1.407539005917694794e+02 1.772177281744774007e+02 7.055655303446529558e+01 9.436470585680162060e+01 1.444407998884324229e+02 2.482330402622398253e+02 1.217378276246536757e+02 2.040138948104081749e+02 1.982535400512525143e+02 1.461142726805758798e+02 1.867564152371210753e+02 3.799406041914920706e+02 2.264946126769448540e+02 4.384192329543326423e+02 3.816898954417155778e+02 1.697172025043054191e+02 2.144715258779027351e+02 1.903952082138236221e+02 3.861567367040904628e+02 8.335312101921185501e+01 9.509768579212853012e+01 1.862014683996517874e+02 1.179136999812092057e+02 1.108648236432115368e+02 1.044379646013467635e+02 1.539706437085299058e+02 1.865972617844117565e+02 1.381720660394570643e+02 1.190191196464247980e+02 1.422316740758363096e+02 1.297072337875580388e+02 1.994415418569463156e+02 1.540531541345594349e+02 1.552909319669340107e+02 1.344610750687395750e+02 1.876739043188302389e+02 1.436035490052855152e+02 1.643009158940232339e+02 1.390048388505381638e+02 1.390152219260087350e+02 1.092176552610264508e+02 1.411259794762349316e+02 1.505366732531601599e+02 2.084627580018544108e+02 1.190515437562712862e+02 1.441600821457253403e+02 1.427737194010827295e+02 1.151652276040386909e+02 1.516376644141043073e+02 1.766870388562706182e+02 1.627571622551097335e+02 1.237058238392875751e+02 1.488885113315573960e+02 1.182869317136242699e+02 9.876040831819967991e+01 1.625882801781691569e+02 9.209416188139654480e+01 1.902844017855035190e+02
3.129411764705882320e+02 7.652239922633403069e+01 5.523344518597539832e+01 9.402705233617737690e+01 6.265886650599250629e+01 5.122187033468825490e+01 5.757809227593754997e+01 6.726778705161184746e+01 2.073171249151530162e+02 9.159020887702094171e+01 1.241892281059215577e+02 2.752502268759141089e+02 1.850177949179512780e+02 1.455579700620078540e+02 1.111850690500733805e+02 3.405116430466910629e+02 2.191081169264120376e+02 3.192036360060739639e+02 1.072856734586523828e+02 3.157260070313124629e+02 1.119123201930840281e+02 1.162887062919595991e+02 1.645330252433583951e+02 2.843361612213543026e+02 2.896794029666688175e+02 1.078806893290800701e+02 1.026488728586413970e+02 1.170205077809054472e+02 1.957292128386854131e+02 1.696941450573248176e+02 3.237667700390647951e+02 6.480361342945877823e+01 6.723176558857588248e+01 1.679045123523394238e+02 2.297389454244125773e+02 1.719601488312450215e+02 6.775417382351902518e+01 1.092283846020901308e+02 2.361217553908229263e+02 7.685184229210940998e+01 9.458578323898952078e+01 3.017591043031693516e+02 1.160158233459432608e+02 1.270750645869618296e+02 1.333829893624713065e+02 1.202936713995747340e+02 1.893349187060062206e+02 5.685328807855440658e+01 1.113462958553084405e+02 7.114941990248286174e+01 1.003591921110054557e+02 2.238455425497214435e+02 1.610950278665247026e+02 1.243192853690806743e+02 1.573238160377866279e+02 6.177864396553756876e+01 8.302923845099238065e+01 1.278091049906852419e+02 2.219179264149494202e+02 1.076591519354793292e+02 1.815933943451719017e+02 1.764585462066359867e+02 1.289829051337227668e+02 1.657315249389186249e+02 3.419407595095489683e+02 2.020402046483087020e+02 3.961607812019017842e+02 3.435601728787021329e+02 1.506367722087242385e+02 1.910865215223477946e+02 1.693436708567903679e+02 3.476582268989103568e+02 7.319619815985153366e+01 8.365604295595043993e+01 1.656323224330316748e+02 1.042359153493745367e+02 9.776424175777505354e+01 9.213533765404882558e+01 1.360422160142878454e+02 1.659155223029978004e+02 1.221544103238038161e+02 1.050565452813916210e+02 1.255041968968376978e+02 1.147384233474949866e+02 1.769043358010685836e+02 1.361624787322928114e+02 1.372510646261757756e+02 1.188047152086706006e+02 1.668886207177017127e+02 1.271167378611857259e+02 1.453385048971977369e+02 1.226141980908524545e+02 1.230420452692879394e+02 9.621066608433815759e+01 1.248763516446176567e+02 1.333384919736859615e+02 1.857992467896037283e+02 1.050008617872473877e+02 1.273017254435577996e+02 1.260655610496417012e+02 1.016485644994729682e+02 1.338856611753801076e+02 1.570495469401305115e+02 1.444583319710141325e+02 1.092310943360137827e+02 1.320473542771231621e+02 1.041257991615091214e+02 8.690380627946036896e+01 1.437748216418101492e+02 8.092666539089691469e+01 1.687902080649598133e+02
3.135294117647058556e+02 6.696161944757035656e+01 4.813530078549822377e+01 8.272266082652457442e+01 5.484337955188161118e+01 4.469085940073845364e+01 5.019053348055358299e+01 5.903012694082457301e+01 1.845886112113802824e+02 8.070504455883151707e+01 1.097486266590519932e+02 2.465694941312488595e+02 1.645678075685273711e+02 1.290517465679525344e+02 9.820013774597477152e+01 3.063289869060180308e+02 1.953284730248158496e+02 2.866044452507431970e+02 9.468155901628449556e+01 2.834414724488576667e+02 9.887671821796389793e+01 1.025735610277745877e+02 1.461253729273993827e+02 2.546002998864031781e+02 2.598322458015631469e+02 9.486372563091632060e+01 9.057242443160066614e+01 1.032065033912328573e+02 1.742144211491713293e+02 1.508076154903884003e+02 2.907908355350738816e+02 5.684179094911446839e+01 5.900066903307422450e+01 1.487022675217590688e+02 2.050734526966669193e+02 1.527549966589081976e+02 5.935599353978448534e+01 9.626249604004402727e+01 2.109979394058273385e+02 6.724438171008303300e+01 8.339986031989140258e+01 2.709884197554363254e+02 1.026119916418028737e+02 1.122272292404140757e+02 1.177322414709235545e+02 1.061781374289319615e+02 1.683621993423065248e+02 4.957093069385791040e+01 9.826752247810486551e+01 6.248863308207781131e+01 8.856908244959167575e+01 1.992553124600149204e+02 1.428694663413378123e+02 1.096543428272294562e+02 1.394706284441122364e+02 5.402102611366294127e+01 7.295717413461530043e+01 1.129379727761323551e+02 1.981138047608835677e+02 9.507877403438759245e+01 1.614124391244960179e+02 1.568415647818900709e+02 1.137055945974458950e+02 1.468710825741196402e+02 3.073015115989855417e+02 1.799744486077611896e+02 3.574583694476400524e+02 3.087972403544632130e+02 1.335172654755365613e+02 1.700143368369039365e+02 1.504110719948663757e+02 3.125499918382829492e+02 6.419096072007138787e+01 7.349207771378715393e+01 1.471312005376014156e+02 9.201918140135767032e+01 8.609504740849001792e+01 8.117181312185161346e+01 1.200378339021711724e+02 1.473218439604597734e+02 1.078464316716327289e+02 9.260614056330915389e+01 1.105938573135288436e+02 1.013585353217785752e+02 1.566980809422650509e+02 1.201855937707216953e+02 1.211416603556815375e+02 1.048285176517953232e+02 1.481998557924096929e+02 1.123688603481943176e+02 1.283891062325703274e+02 1.080097609894123707e+02 1.087553338834063936e+02 8.463834613159569642e+01 1.103467932528753153e+02 1.179433331737313040e+02 1.653689301024229792e+02 9.248308145750387155e+01 1.122621001675343706e+02 1.111615010059912976e+02 8.959659632891025183e+01 1.180513303814240942e+02 1.394015557838035306e+02 1.280402118098726589e+02 9.631904083066902444e+01 1.169501471639841981e+02 9.153657618028681497e+01 7.636776408852158227e+01 1.269649276038229146e+02 7.101805674395293977e+01 1.495180330522042595e+02
3.141176470588235361e+02 5.851851132949975920e+01 4.189496665029816569e+01 7.268041158366831667e+01 4.793971459374682098e+01 3.894186103361662532e+01 4.369407692350857531e+01 5.173275905922166373e+01 1.641256158868154102e+02 7.101841509534300201e+01 9.685637076714358784e+01 2.205681758303820459e+02 1.461772030368205435e+02 1.142616309505866496e+02 8.661489638377534561e+01 2.751877913027227578e+02 1.738891058001090926e+02 2.569721778257191431e+02 8.344594060301511718e+01 2.541000523359141425e+02 8.724177396462701495e+01 9.035461133968226477e+01 1.295997105549008950e+02 2.276555631111702667e+02 2.327331320102516088e+02 8.330645524901625265e+01 7.980943835777833328e+01 9.090114140041141866e+01 1.548512884679187778e+02 1.338395528527266549e+02 2.608055019473188167e+02 4.979232122317096554e+01 5.170882211955186136e+01 1.315174039402770916e+02 1.828023889921681189e+02 1.355091212006661863e+02 5.193034583278048189e+01 8.472218091839195608e+01 1.882852403538426529e+02 5.876081504402969102e+01 7.343825811538786752e+01 2.430126546362439512e+02 9.063408805690555425e+01 9.898083415635595372e+01 1.037782285981503634e+02 9.359298884416139686e+01 1.495072623802109604e+02 4.316526132565220308e+01 8.660846541553218003e+01 5.480935271072287662e+01 7.805905237560209287e+01 1.771224109386357952e+02 1.265333073982092600e+02 9.658956293123800663e+01 1.234752262824558784e+02 4.717570615667508349e+01 6.402184196234750857e+01 9.966260989563886596e+01 1.766178183059127207e+02 8.385542846411875928e+01 1.432776465591183523e+02 1.392144097076106561e+02 1.001035386329346011e+02 1.299800927017953995e+02 2.757814929669909247e+02 1.600976228604861831e+02 3.220768719960866520e+02 2.771598979933031615e+02 1.181824398894122368e+02 1.510580778961241037e+02 1.334124478377405012e+02 2.805901974512599963e+02 5.621932501953062911e+01 6.447736716558088688e+01 1.305178749664350164e+02 8.112504999014117857e+01 7.571743864976886584e+01 7.141726208483326843e+01 1.057740273747625537e+02 1.306331714996893538e+02 9.508629132472147205e+01 8.152193885254324357e+01 9.732453680092621084e+01 8.941828113290193869e+01 1.386114243171708154e+02 1.059408026911312390e+02 1.067793480543680573e+02 9.237227798851527893e+01 1.314240605533553889e+02 9.919794200514836291e+01 1.132635638462676440e+02 9.501767397280100624e+01 9.599778548571228498e+01 7.435880965532811615e+01 9.737630716855721857e+01 1.041846365061518895e+02 1.469827005214728217e+02 8.134878416421194913e+01 9.886655438915605032e+01 9.788809175146499797e+01 7.886783501105215066e+01 1.039501931385282916e+02 1.235677981442348710e+02 1.133337541068480192e+02 8.481945934763768946e+01 1.034384953110855605e+02 8.036250107697408396e+01 6.702000186462237252e+01 1.119695178587202804e+02 6.224023607671946223e+01 1.322665327205893107e+02
3.147058823529411598e+02 5.107379711638654385e+01 3.641700084365589163e+01 6.377333415853709653e+01 4.185080789702684001e+01 3.388886306769146728e+01 3.798980906788958833e+01 4.527834493307071284e+01 1.457328097674649428e+02 6.241192819607545061e+01 8.536481686533008428e+01 1.970361998144291817e+02 1.296658317358244403e+02 1.010306897159893538e+02 7.629492264235749133e+01 2.468669930437184519e+02 1.545918861673844447e+02 2.300833621668534477e+02 7.344611967201770142e+01 2.274795056663479897e+02 7.687354799471421529e+01 7.948585999687387016e+01 1.147878760738822450e+02 2.032815559314887821e+02 2.081713446473374063e+02 7.306119952788678518e+01 7.023226081747438343e+01 7.995699683721326778e+01 1.374534280393415315e+02 1.186200802225617821e+02 2.335867557943794566e+02 4.356028450744654634e+01 4.525903323785107091e+01 1.161627771389584751e+02 1.627270241121897811e+02 1.200479839617266720e+02 4.537468026153477041e+01 7.446688802496403525e+01 1.677868763935914842e+02 5.128109690979361801e+01 6.458098560992739579e+01 2.176219496758779144e+02 7.994757297632821746e+01 8.718196183289994394e+01 9.135675404147498568e+01 8.239011348831141390e+01 1.325841359458503348e+02 3.753920426100916785e+01 7.623150057388218670e+01 4.801091111084563323e+01 6.870498152007360204e+01 1.572342052079159203e+02 1.119144544549220939e+02 8.496875858049779140e+01 1.091675131996219932e+02 4.114458729079483845e+01 5.610727539060573577e+01 8.783068798892097107e+01 1.572387216394506027e+02 7.385866751109365680e+01 1.270083024937272285e+02 1.234012382737773805e+02 8.801214835612793763e+01 1.148773703407243971e+02 2.471496407778878677e+02 1.422222884893462265e+02 2.897887845712780859e+02 2.484171690917939941e+02 1.044684825617572272e+02 1.340334012577139049e+02 1.181751998112773236e+02 2.515471331901437111e+02 4.917353209351997378e+01 5.649438282424740265e+01 1.156241286212723196e+02 7.142576579341098864e+01 6.650295353047084745e+01 6.275202524098578039e+01 9.308164626322479762e+01 1.156787880433916200e+02 8.372462649985149596e+01 7.166959171252474903e+01 8.553422742769210174e+01 7.877974008626920011e+01 1.224481531562733352e+02 9.326048372039949186e+01 9.399497502016589578e+01 8.128828841886503653e+01 1.163900256013492935e+02 8.745416487175710074e+01 9.978712635420508548e+01 8.347810765720640802e+01 8.462392866375307676e+01 6.524190812118533245e+01 8.581607353088672596e+01 9.190816354109905717e+01 1.304633807757423654e+02 7.146063144669999190e+01 8.695422144010981924e+01 8.608559997160969601e+01 6.933206581176571603e+01 9.141237231995057755e+01 1.093849282409224344e+02 1.001818368371597359e+02 7.459401966449713939e+01 9.136538243580879737e+01 7.045995097929460371e+01 5.873940216842222384e+01 9.861401593404971777e+01 5.447617628053925642e+01 1.168487706528876942e+02
3.152941176470588402e+02 4.451932880154176786e+01 3.161539986898220889e+01 5.588532590935188438e+01 3.648862056325746295e+01 2.945422565222778388e+01 3.298856671213070513e+01 3.957823904118783531e+01 1.292277949130473473e+02 5.477704765798464592e+01 7.513794969052305817e+01 1.757749626974699595e+02 1.148657904121759969e+02 8.921352080974128285e+01 6.711650243294972995e+01 2.211555616698315703e+02 1.372513569021042485e+02 2.057256395976145598e+02 6.456013038745693677e+01 2.033687034826583613e+02 6.764869714953357516e+01 6.983323682472139637e+01 1.015335823982699139e+02 1.812701076256190049e+02 1.859470980008177605e+02 6.399302776664975312e+01 6.172359993021581204e+01 7.023871325846184277e+01 1.218468983602473656e+02 1.049911252063240426e+02 2.089215700941091427e+02 3.805930026608615435e+01 3.956278557836446197e+01 1.024653341859377491e+02 1.446608515616135548e+02 1.062093029281632113e+02 3.959585287433549894e+01 6.536773244406714412e+01 1.493177670841067481e+02 4.469639721755598316e+01 5.671792031417899693e+01 1.946167960411195565e+02 7.042832297357534799e+01 7.668896917142123471e+01 8.031685660111475045e+01 7.243334345790340478e+01 1.174195801542851854e+02 3.260522093855031045e+01 6.701012927766112171e+01 4.200150926782797711e+01 6.039278755287106293e+01 1.393922314544606422e+02 9.885337181959982900e+01 7.464850651531455128e+01 9.638991782399075703e+01 3.583882459058342818e+01 4.910764394305081026e+01 7.730189787922394373e+01 1.397969963756810330e+02 6.496845038417843909e+01 1.124361924497453487e+02 1.092383813591065831e+02 7.728042016843627948e+01 1.013951817609656842e+02 2.211859133751037234e+02 1.261732561031099351e+02 2.603752867181418083e+02 2.223490235479208081e+02 9.222369909334125282e+01 1.187684025214818035e+02 1.045388919031920096e+02 2.251999535681361237e+02 4.295554635548580791e+01 4.943590551913658970e+01 1.022935674451107957e+02 6.280384379795670924e+01 5.833393712617495908e+01 5.506643518644445834e+01 8.180526689209420965e+01 1.023000932690583511e+02 7.362406429081063663e+01 6.292585767181302714e+01 7.507439599691954868e+01 6.931593454186666747e+01 1.080267745338669414e+02 8.199053232825522741e+01 8.263303561180048007e+01 7.144083062679449370e+01 1.029386658992178667e+02 7.699943914312805759e+01 8.779891300556951705e+01 7.324461032768353164e+01 7.449970526199622611e+01 5.716864552009198519e+01 7.552901437918109195e+01 8.097159733198172660e+01 1.156456373985491553e+02 6.269280543440889630e+01 7.637743156550766344e+01 7.560741981834910064e+01 6.086985169749348046e+01 8.028196580766837087e+01 9.670128812830741083e+01 8.843896045928619287e+01 6.551575510107329592e+01 8.059485497529207976e+01 6.169775949912128254e+01 5.141541965038583584e+01 8.673778994058311298e+01 4.761929761941908623e+01 1.030918201079980747e+02
3.158823529411764639e+02 3.875710538795480886e+01 2.741271056649801707e+01 4.891027801105417439e+01 3.177334412922640539e+01 2.556790669539379124e+01 2.861002258071725990e+01 3.455175682214014188e+01 1.144403262897680946e+02 4.801432400507452769e+01 6.605052845027225317e+01 1.565967860598702259e+02 1.016206643847410760e+02 7.867547462405160275e+01 5.896583360420145681e+01 1.978521416681375911e+02 1.216940038122972396e+02 1.836973004574505239e+02 5.667592888865126355e+01 1.815671766543162562e+02 5.945369377714159498e+01 6.127368540984009115e+01 8.969164506961386962e+01 1.614246767127790179e+02 1.658710633726270203e+02 5.597872340301270810e+01 5.417574009887083974e+01 6.162207947286842113e+01 1.078694480631237838e+02 9.280567206373191880e+01 1.866074603311807891e+02 3.321080204334651853e+01 3.453950726378347724e+01 9.026512900677361984e+01 1.284289251419589277e+02 9.384226647180378222e+01 3.450931064431983231e+01 5.730658827345660455e+01 1.327039223680425550e+02 3.890810913173665142e+01 4.974804816999706247e+01 1.738076187716302456e+02 6.196188104028016852e+01 6.737157672263637664e+01 7.051981879497293448e+01 6.359755451186410369e+01 1.038522919982911645e+02 2.828441873451557953e+01 5.882813891773994897e+01 3.669748085857405329e+01 5.301766835214857565e+01 1.234113390894747795e+02 8.720224129680597969e+01 6.549717187614001546e+01 8.499654678150415066e+01 3.117799773220439619e+01 4.292641927573531291e+01 6.794706366252505347e+01 1.241242092165577162e+02 5.707436883113953741e+01 9.940481007370098609e+01 9.657357699810268059e+01 6.776988918876483581e+01 8.937832426937727348e+01 1.976808611902625614e+02 1.117868630942597434e+02 2.336260293020120571e+02 1.987459628562033629e+02 8.130767953039652696e+01 1.051028526995215913e+02 9.235446425699355188e+01 2.013382715300997461e+02 3.747622756790003251e+01 4.320417427607938521e+01 9.038085636534367495e+01 5.515129873125814441e+01 5.110268917555679025e+01 4.826003384539910712e+01 7.180215400772993917e+01 9.034981356713484502e+01 6.465832149544782226e+01 5.517774240212489900e+01 6.580893381533337561e+01 6.091002164898021931e+01 9.517949389457240272e+01 7.198933993535425202e+01 7.255064587031539247e+01 6.270526427483464005e+01 9.092223216732399749e+01 6.770654997234446171e+01 7.715088418508230461e+01 6.418305764060549734e+01 6.550163687215960806e+01 5.003027979394716596e+01 6.638892778995820265e+01 7.124368464904219422e+01 1.023752616464670098e+02 5.493010224402136998e+01 6.700069813923997231e+01 6.631906193438199182e+01 5.337169718865828827e+01 7.041596645457430270e+01 8.537613961274293217e+01 7.797045288933806262e+01 5.746818914888601881e+01 7.100124635258896433e+01 5.395620066717657437e+01 4.494721298042500734e+01 7.619311769749313612e+01 4.157258764969984810e+01 9.083579051727807041e+01
3.164705882352941444e+02 3.369875784747648595e+01 2.373950262842877734e+01 4.275173633585882982e+01 2.763298853270922351e+01 2.216701583145528076e+01 2.478214618396237157e+01 3.012583772797048454e+01 1.012125780450570858e+02 4.203313764109662998e+01 5.798790500053770813e+01 1.393257044942496918e+02 8.978570689522530301e+01 6.929263185143645387e+01 5.173883538899824686e+01 1.767662974748588169e+02 1.077586129266474870e+02 1.638083456892772745e+02 4.969117051034697852e+01 1.618861467838305828e+02 5.218465007616459417e+01 5.369489436952173378e+01 7.912806324875069208e+01 1.435611436620698100e+02 1.477652666243889712e+02 4.890636590025506081e+01 4.749031940857831557e+01 5.399375171186935063e+01 9.537075073711906725e+01 8.192787209712881236e+01 1.664535783125349440e+02 2.894369570598216157e+01 3.011623555988479239e+01 7.941522625837876603e+01 1.138683100576248677e+02 8.280762648193883990e+01 3.003868382483121025e+01 5.017579070826212018e+01 1.177829756238458003e+02 3.382732808493086196e+01 4.357922802415959040e+01 1.550157855243433858e+02 5.444332835132227899e+01 5.911064595482450557e+01 6.183889834549299280e+01 5.576842515009828105e+01 9.173307083041139265e+01 2.450602845988587575e+01 5.157937277747878113e+01 3.202297009779237413e+01 4.648389380057747644e+01 1.091199625586786368e+02 7.682495711266516025e+01 5.739461815721824678e+01 7.485315177109593776e+01 2.708966672978068146e+01 3.747602064197414506e+01 5.964795134814610833e+01 1.100634633160813536e+02 5.007545771102950027e+01 8.776949551647751946e+01 8.526609589662051292e+01 5.935429409748783058e+01 7.868406921815162036e+01 1.764368210140102349e+02 9.891125943773619156e+01 2.093407428310686385e+02 1.774102208586079996e+02 7.159126456787211623e+01 9.288840206115440878e+01 8.148431512367267260e+01 1.797633920677803872e+02 3.265493689737439809e+01 3.771051906732056835e+01 7.975180569560119181e+01 4.836944376725795536e+01 4.471116049389603830e+01 4.224130638170296237e+01 6.294196572003981771e+01 7.969206819283887455e+01 5.671197387915012911e+01 4.832222248807420328e+01 5.761380784584260084e+01 5.345510544119513696e+01 8.375212619150951809e+01 6.312752280978884301e+01 6.361726487004509067e+01 5.496777118146687968e+01 8.020438217770579570e+01 5.945898686487517182e+01 6.770760584736825649e+01 5.617129032194550575e+01 5.751665473229136438e+01 4.372797292362253785e+01 5.828030144603886953e+01 6.260409335617212179e+01 9.050938744722348872e+01 4.806761463238106558e+01 5.870040918728358292e+01 5.809784235051640877e+01 4.673777884343222411e+01 6.168393059951034729e+01 7.527970680879349175e+01 6.865243289148182271e+01 5.034506618222813756e+01 6.246910623872109625e+01 4.712657110667328908e+01 3.924327702866944634e+01 6.684492713717189361e+01 3.624819805676195728e+01 7.993374928335724405e+01
3.170588235294117680e+02 2.926466164525401581e+01 2.053358463324530447e+01 3.732208869141309293e+01 2.400266501781263884e+01 1.919512688565905023e+01 2.144039455533677341e+01 2.623437422413908493e+01 8.939835262076876177e+01 3.675097628166148667e+01 5.084520710126604826e+01 1.237968680266333479e+02 7.922707250931603085e+01 6.095103406426260051e+01 4.534038912081200579e+01 1.577180750407960090e+02 9.529551866082137224e+01 1.458799585741468263e+02 4.351244030759190906e+01 1.441479972577678552e+02 4.574657120939149024e+01 4.699443539917336921e+01 6.971925007251765294e+01 1.275071602813479785e+02 1.314625489985049569e+02 4.267437160868512791e+01 4.157758489743173413e+01 4.725038025120097984e+01 8.421163292399681666e+01 7.223229607846104727e+01 1.482801914617058117e+02 2.519369713491403218e+01 2.622694800183165142e+01 6.978074533103647070e+01 1.008273869601781456e+02 7.297690868148778520e+01 2.611504523449765003e+01 4.387728241727902656e+01 1.044035303274649635e+02 2.937395677355292278e+01 3.812747557456093972e+01 1.380731145513059914e+02 4.777656142560198305e+01 5.179730778854126783e+01 5.415838116069802766e+01 4.884158269574007250e+01 8.092401673655079719e+01 2.120661574356956436e+01 4.516693268354239166e+01 2.790925379434370868e+01 4.070408572337692021e+01 9.635924092564764010e+01 6.759629145758695756e+01 5.023128488674117165e+01 6.583629481195964672e+01 2.350862882492415196e+01 3.267704512196086597e+01 5.229642299236095226e+01 9.746872554717810999e+01 4.387945711191314757e+01 7.739663898037260026e+01 7.518596922143535721e+01 5.191858800180697386e+01 6.918125985407921519e+01 1.572674071327792262e+02 8.740566520141607043e+01 1.873289342902937733e+02 1.581552653942289908e+02 6.295573206543514289e+01 8.198780362142312583e+01 7.180151882162775223e+01 1.602878183970261716e+02 2.841878017634363474e+01 3.287457560512699217e+01 7.028261378792116432e+01 4.236815723024917446e+01 3.907015484353358659e+01 3.692694713009009888e+01 5.510576716031563649e+01 7.020158131255905687e+01 4.967960158778251412e+01 4.226543591022163326e+01 5.037607280974444990e+01 4.685346379326385602e+01 7.360309782275898272e+01 5.528695577619789248e+01 5.571371778320333590e+01 4.812449320625096050e+01 7.065939545691281864e+01 5.215012315449878599e+01 5.934526808862601399e+01 4.909812977217461594e+01 5.044129936082378407e+01 3.817195614551220473e+01 5.109748600676949337e+01 5.494258663763218209e+01 7.991576084586996842e+01 4.200988356569284576e+01 5.136387083934420872e+01 5.083192976022146325e+01 4.087715858872100938e+01 5.396696274379975478e+01 6.629241317691344193e+01 6.037103121300482655e+01 4.404952773514686015e+01 5.489244962139969175e+01 4.111024819164884292e+01 3.422064120139646803e+01 5.856980621439658563e+01 3.156663782107695582e+01 7.025077057795847679e+01
3.176470588235293917e+02 2.538325526650440267e+01 1.773938494425054557e+01 3.254197207799383307e+01 2.082403518090091765e+01 1.660173780916947450e+01 1.852707603690771876e+01 2.281770877736700953e+01 7.886266885333759546e+01 3.209292008293678578e+01 4.452678428031123303e+01 1.098564170434062532e+02 6.982139518150832203e+01 5.354620447634817282e+01 3.968381803569443633e+01 1.405381239923491421e+02 8.416624314550011832e+01 1.297445024312891633e+02 3.805471759711802804e+01 1.281862652516149979e+02 4.005284670896758570e+01 4.107915945200409880e+01 6.135158326013335284e+01 1.131019955561394852e+02 1.168065123719176199e+02 3.719078979704741528e+01 3.635587269179924874e+01 4.129799512703860387e+01 7.426367094053370010e+01 6.360350299411538799e+01 1.319187064369583027e+02 2.190283278371315845e+01 2.281206048889301741e+01 6.123824490776859619e+01 8.916554525430983347e+01 6.423195510918050388e+01 2.267634646904614470e+01 3.832200721565882162e+01 9.242491990322886863e+01 2.547601712584370404e+01 3.331645712597702413e+01 1.228218889677057746e+02 4.187381161521543049e+01 4.533236554412306418e+01 4.737292448351057317e+01 4.272201007413563900e+01 7.129808545268696207e+01 1.832945986155858975e+01 3.950262457240073388e+01 2.429423746348234303e+01 3.559871768695369099e+01 8.498256811901660512e+01 5.940138043320946082e+01 4.390754030503121896e+01 5.783282500898169332e+01 2.037634402502921205e+01 2.845769814681164078e+01 4.579386290868635712e+01 8.620454263726308852e+01 3.840230522195640361e+01 6.816323262223660606e+01 6.621354991461254258e+01 4.535823705062461642e+01 6.074974053845234323e+01 1.399975744255295922e+02 7.713999771875769795e+01 1.674102114313112395e+02 1.408058664307403376e+02 5.529228734678781620e+01 7.227449664039897925e+01 6.318936631986439778e+01 1.427353389273036157e+02 2.470203778258155936e+01 2.862370321511465221e+01 6.185942314798213459e+01 3.706537605955908532e+01 3.409875511142420379e+01 3.224133490920659284e+01 4.818534133875542835e+01 6.176321921396258574e+01 4.346519855944179511e+01 3.692210807528205407e+01 4.399316846845740514e+01 4.101601996545686291e+01 6.460280815426141032e+01 4.836010103166014318e+01 4.873151799266980788e+01 4.208093127770150943e+01 6.217171119523837319e+01 4.568266337270160449e+01 5.195101665896324761e+01 4.286267285970511409e+01 4.418118135667713631e+01 3.328092066999916909e+01 4.474413472109834089e+01 4.815847464682992296e+01 7.047235015688158910e+01 3.667028851368289821e+01 4.488863374291852182e+01 4.441967384836816279e+01 3.570722595959470169e+01 4.715699953091245789e+01 5.830442403332386903e+01 5.302190166425975804e+01 3.849353024929099121e+01 4.817427393171869454e+01 3.581799852133345752e+01 2.980427588430185892e+01 5.125532200560050455e+01 2.745616915770240496e+01 6.166333025323303474e+01
3.182352941176470722e+02 2.199036343495372847e+01 1.530735004096922403e+01 2.833966225345687207e+01 1.804476445894625769e+01 1.434174455312095731e+01 1.599073034318354658e+01 1.982212497068915624e+01 6.948124367393049283e+01 2.799110325024807011e+01 3.894561073215366065e+01 9.736118427097756012e+01 6.145527607644562806e+01 4.698260542002637408e+01 3.469032999707910392e+01 1.250676076626939164e+02 7.424302019100480265e+01 1.152453287743602317e+02 3.324080820721221841e+01 1.138454370728832572e+02 3.502470313938624003e+01 3.586455775044883154e+01 5.392087760689994269e+01 1.001962054369610229e+02 1.036512817681094276e+02 3.237258027922159442e+01 3.175105717661567084e+01 3.605135895423245529e+01 6.540868296371544943e+01 5.593552740854056538e+01 1.172114889681402303e+02 1.901893688676630134e+01 1.981791995844059429e+01 5.367503778611951759e+01 7.875276453036777013e+01 5.646438307346064533e+01 1.966685410909794740e+01 3.342927427579876110e+01 8.171682341096762059e+01 2.206896790379080642e+01 2.907695756813227561e+01 1.091146800101058290e+02 3.665512126780348723e+01 3.962565481861654604e+01 4.138685900519579519e+01 3.732341610253585884e+01 6.273854822737234826e+01 1.582394940920082682e+01 3.450636996265328094e+01 2.112194292905427773e+01 3.109558317373701541e+01 7.485501129700243439e+01 5.213513837831273889e+01 3.833299818172869777e+01 5.073928776689061948e+01 1.764036779991321779e+01 2.475321181880629240e+01 4.005055921063240731e+01 7.614563705640135538e+01 3.356759591157528178e+01 5.995633157637133337e+01 5.823898603178876954e+01 3.957848575447015094e+01 5.327971417415841415e+01 1.244634670567510710e+02 6.799439089871887631e+01 1.494143672307566533e+02 1.251979554899068177e+02 4.850148788554450618e+01 6.363209020260376292e+01 5.554082688264973910e+01 1.269408929193551927e+02 2.144558988552161694e+01 2.489239152292455515e+01 5.437779869318777060e+01 3.238655530807489669e+01 2.972372631868017123e+01 2.811598560790337942e+01 4.208246002990204460e+01 5.427144631698113386e+01 3.798154404211755519e+01 3.221494983624629072e+01 3.837218482352563598e+01 3.586177615390903384e+01 5.663291808148827755e+01 4.224929547616168435e+01 4.257214689442265154e+01 3.675130824664356766e+01 5.463538645741096644e+01 3.996804540834980202e+01 4.542223352346702825e+01 3.737355770953927703e+01 3.865039754953531315e+01 2.898139073851173464e+01 3.913259969981374553e+01 4.216001640542986451e+01 6.206686439407909717e+01 3.197041397214822211e+01 3.918178393124983927e+01 3.876889802459096046e+01 3.115311305211131909e+01 4.115605618942039001e+01 5.121511708824524334e+01 4.650966827312947771e+01 3.359723386237923393e+01 4.222602298629360007e+01 3.116926872864430109e+01 2.592648759845602768e+01 4.479929236290180228e+01 2.385219603989796155e+01 5.405862857009172018e+01
3.188235294117646959e+02 1.902855411995808055e+01 1.319338158765867774e+01 2.465048153775605400e+01 1.561800177509443976e+01 1.237494477504649915e+01 1.378554682531831688e+01 1.719935966070404376e+01 6.113994133011345156e+01 2.438418789127020148e+01 3.402269257084263643e+01 8.617834041715605053e+01 5.402474378726768123e+01 4.117308579628978293e+01 3.028846614527676095e+01 1.111580160757477103e+02 6.540827805967391839e+01 1.022364977191109006e+02 2.900078396264142455e+01 1.009806705613001583e+02 3.059066139546896324e+01 3.127413547297152618e+01 4.733183903246434454e+01 8.865123759922312274e+01 9.186120622727686680e+01 2.814491477636222072e+01 2.769600911477165894e+01 3.143333069454040185e+01 5.753819348304785564e+01 4.913134719505777070e+01 1.040115987093266767e+02 1.649516972804677906e+01 1.719631765608275842e+01 4.698850104079100731e+01 6.946913805627541194e+01 4.957502506881636606e+01 1.703661243152372151e+01 2.912613772726489714e+01 7.215884271390228832e+01 1.909505581263467633e+01 2.534635901975516248e+01 9.681409579046531633e+01 3.204782001604735342e+01 3.459541062241436293e+01 3.611349970122849129e+01 3.256761405716051883e+01 5.513842707997220316e+01 1.364501452921865621e+01 3.010562524494235959e+01 1.834201519223014998e+01 2.712927243468612915e+01 6.585270486329250161e+01 4.570166013047035136e+01 3.342584598135741913e+01 4.446132325550798470e+01 1.525381316237294982e+01 2.150528478159361967e+01 3.498509014165860975e+01 6.717645636017201127e+01 2.930604215801323420e+01 5.267249275141796971e+01 5.116167444243036755e+01 3.449363567571889888e+01 4.667109249823612060e+01 1.105121723393063178e+02 5.985868146694608782e+01 1.331813413289154369e+02 1.111783848983057652e+02 4.249266006245281346e+01 5.595382098980091001e+01 4.875799013744886423e+01 1.127503441023990263e+02 1.859636709172799129e+01 2.162168870443304058e+01 4.774218783805683586e+01 2.826413552793836104e+01 2.587893457890437432e+01 2.448901795589233643e+01 3.670816508669265943e+01 4.762976596719121858e+01 3.314958057374084177e+01 2.807406735621922422e+01 3.342914247062039124e+01 3.131725125316021163e+01 4.958563068920038575e+01 3.686604770162889366e+01 3.714634289844175186e+01 3.205794187282690899e+01 4.795353763005053338e+01 3.492584482913910904e+01 3.966582549771852939e+01 3.254824658668584902e+01 3.377095080427420015e+01 2.520711527983632294e+01 3.418333177868534278e+01 3.686382133655597926e+01 5.459624183488460858e+01 2.783943031038213434e+01 3.415924631823519775e+01 3.379620622970874422e+01 2.714712197812368188e+01 3.587548804368792332e+01 4.493253749792935992e+01 4.074736648794042537e+01 2.928840198384538240e+01 3.696704478137188943e+01 2.709149971454953842e+01 2.252633408132598802e+01 3.910906577953004870e+01 2.069667851215128707e+01 4.733390707646745454e+01
3.194117647058823763e+02 1.644653456382097190e+01 1.135831175804459647e+01 2.141623170504119855e+01 1.350189020800301165e+01 1.066557616100303818e+01 1.187082441523015852e+01 1.490614004604262632e+01 5.373420804998803391e+01 2.121685796555259174e+01 2.968648885445650976e+01 7.618498668471703184e+01 4.743470677361121091e+01 3.603833344364700508e+01 2.641356441586997761e+01 9.867091479052599823e+01 5.755410279672523188e+01 9.058244035137518324e+01 2.527144054124322281e+01 8.945745048455775361e+01 2.668600822462425981e+01 2.723880496653928063e+01 4.149751726101872151e+01 7.833899236771199526e+01 8.131049265494525002e+01 2.444050859975240542e+01 2.413007022716989525e+01 2.737425163502556202e+01 5.055288493937901251e+01 4.310234569720625331e+01 9.218246217589143043e+01 1.428956131288062359e+01 1.490402751454031716e+01 4.108539505276549164e+01 6.120437641117244709e+01 4.347336600436798904e+01 1.474093628362350472e+01 2.534679725663939465e+01 6.364003988565408321e+01 1.650270729041066886e+01 2.206813683402985404e+01 8.579246651453541972e+01 2.798601186725279177e+01 3.016765182273064028e+01 3.147447761928084375e+01 2.838391860814385126e+01 4.839992198426425318e+01 1.175259918943560322e+01 2.623482005312590104e+01 1.590925304157773468e+01 2.364066454753738356e+01 5.786222670556370673e+01 4.001362719254352385e+01 2.911219600493859261e+01 3.891307072563864722e+01 1.317484600353648538e+01 1.866154750972821219e+01 3.052372508966028875e+01 5.919069682097572382e+01 2.555495370559677326e+01 4.621720752827607015e+01 4.488970693942866319e+01 3.002635100832459614e+01 4.083285138388625768e+01 9.800141285681775116e+01 5.263187984249682927e+01 1.185610971098689816e+02 9.860462381566976831e+01 3.718332034295917765e+01 4.914200009306199490e+01 4.275150624750043704e+01 1.000201864178788753e+02 1.610683005198753648e+01 1.875865734236457527e+01 4.186537736265043463e+01 2.463702504938552806e+01 2.250478793745180184e+01 2.130463887799952261e+01 3.198207317246750847e+01 4.175015932062955670e+01 2.889781076927280523e+01 2.443639412848803261e+01 2.908830138738214899e+01 2.731593391569961327e+01 4.336298188136101572e+01 3.213035582287761116e+01 3.237341245041874060e+01 2.793063736289598609e+01 4.203778022926063329e+01 3.048319376186617546e+01 3.459753017798274044e+01 2.831233617456811302e+01 2.947218345197820355e+01 2.189848568712407584e+01 2.982429584627652019e+01 3.219426329939156517e+01 4.796612793725158497e+01 2.421349990763785698e+01 2.974511209468522566e+01 2.942631270334364757e+01 2.362817265819650459e+01 3.123527681705688863e+01 3.937285339750480517e+01 3.565588750689409636e+01 2.550182171381144158e+01 3.232405778008740782e+01 2.351947310063977170e+01 1.954906777747569535e+01 3.410082143523672471e+01 1.793757577001596815e+01 4.139577373861548892e+01
3.200000000000000000e+02 1.419858579492869843e+01 9.767418896829980213e+00 1.858465564791999824e+01 1.165910968622787358e+01 9.181887455949347299e+00 1.021047082041702758e+01 1.290374697855428110e+01 4.716850232855141201e+01 1.843933448754819437e+01 2.587235227800060855e+01 6.726772000451757094e+01 4.159840468644731715e+01 3.150633621663103412e+01 2.300724157226602529e+01 8.747763447942715231e+01 5.058169236202413543e+01 8.015757228630330644e+01 2.199577576027266801e+01 7.915119717646484787e+01 2.325228515167598786e+01 2.369630369854412066e+01 3.633876262183942885e+01 6.914135018270478383e+01 7.188281660720340938e+01 2.119898724799426759e+01 2.099854920933984559e+01 2.381135537802552093e+01 4.436204589054690928e+01 3.776777662612381903e+01 8.159749956796876802e+01 1.236458166177964202e+01 1.290237007400197555e+01 3.588119850925136234e+01 5.385729401007156980e+01 3.807698405982284839e+01 1.273993561355770510e+01 2.203202617340521741e+01 5.605845915281889802e+01 1.424595824032643065e+01 1.919137696662198067e+01 7.593149230444218745e+01 2.441007794531285668e+01 2.627558739607762561e+01 2.739909735347057662e+01 2.470856605692048902e+01 4.243383844466574573e+01 1.011117138117150915e+01 2.283481583375519008e+01 1.378316542332151684e+01 2.057643969533018335e+01 5.077997106659205429e+01 3.499172330277281162e+01 2.532546250892146134e+01 3.401658295289965395e+01 1.136621490144818836e+01 1.617505691883978614e+01 2.659984632856735587e+01 5.209081250472875269e+01 2.225773438375945190e+01 4.050433687954430440e+01 3.933932024594868437e+01 2.610699235600372958e+01 3.568240095349980834e+01 8.679918198739787272e+01 4.622163419933758632e+01 1.054134292154191570e+02 8.734440175765580250e+01 3.249860897124490577e+01 4.310745865193383963e+01 3.744003070022039026e+01 8.861718973393820420e+01 1.393447985891544505e+01 1.625585910093354869e+01 3.666795416566171184e+01 2.145010187452237460e+01 1.954770422590527446e+01 1.851265234706537655e+01 2.783170756515786692e+01 3.655252976074056903e+01 2.516171601867357310e+01 2.124514604318725119e+01 2.528149864957146065e+01 2.379775425258425869e+01 3.787614618480673556e+01 2.797005100962705626e+01 2.818056705041962573e+01 2.430610401890191241e+01 3.680767345996755324e+01 2.657421757412195618e+01 3.014124712665705985e+01 2.459889929863442859e+01 2.569022875820229856e+01 1.900198314699741431e+01 2.599040568360564052e+01 2.808291150932490865e+01 4.209035025056562773e+01 2.103520950298597114e+01 2.587099377370671860e+01 2.559140082975167019e+01 2.054127457562101711e+01 2.716334775852755357e+01 3.445981768029935921e+01 3.116343481062883924e+01 2.217874782584647519e+01 2.823062917661613369e+01 2.039469097014771037e+01 1.694560842616437668e+01 2.969889421902265525e+01 1.552832210771184585e+01 3.615954261444561268e+01
3.205882352941176805e+02 1.224403693083646161e+01 8.389980496399074283e+00 1.610892682835553558e+01 1.005644971647956254e+01 7.895742008287986557e+00 8.772540884792940474e+00 1.115760558685339987e+01 4.135572498337140246e+01 1.600691547024192829e+01 2.252199092129283287e+01 5.932217003608677430e+01 3.643686415054281724e+01 2.751185743937589834e+01 2.001689708253088895e+01 7.745891674236911228e+01 4.440080545739257900e+01 7.084587523701071632e+01 1.912248952199383112e+01 6.994684865650955885e+01 2.023679799035675586e+01 2.059063900982476625e+01 3.178369161294163803e+01 6.094967469217041867e+01 6.347089221882993115e+01 1.836628731769964418e+01 1.825223913583838709e+01 2.068820568243749847e+01 3.888302131905691539e+01 3.305423525744761548e+01 7.213971187491250703e+01 1.068673842607666380e+01 1.115680429713655464e+01 3.129946290721804658e+01 4.733528605002032208e+01 3.331099940556463679e+01 1.099807099561514612e+01 1.912862581145161300e+01 4.932063367688642330e+01 1.228392374370829643e+01 1.667031569538734104e+01 6.712185132684629707e+01 2.126619599046209430e+01 2.285904686376234096e+01 2.382372097797714972e+01 2.148415884833737621e+01 3.715901987599126244e+01 8.689271899361257212e+00 1.985238846149643877e+01 1.192755396495114439e+01 1.788861193033731922e+01 4.451152304877260235e+01 3.056406338052877558e+01 2.200576654872670446e+01 2.970125586364363457e+01 9.794812607110674918e+00 1.400381905834468732e+01 2.315339240805802135e+01 4.578751427200014490e+01 1.936339879479699633e+01 3.545555181510594878e+01 3.443435041874771230e+01 2.267298300484016593e+01 3.114497086480531252e+01 7.678333979637635309e+01 4.054369368029880150e+01 9.360770945611854188e+01 7.727530692029304760e+01 2.837073640965472165e+01 3.776899567697766003e+01 3.274967680915259649e+01 7.841801034338546117e+01 1.204139937802540672e+01 1.407086983908222244e+01 3.207777409625696663e+01 1.865373641805208749e+01 1.695960435911953113e+01 1.606799179708343317e+01 2.419185869077237783e+01 3.196415665377214310e+01 2.188319988511477732e+01 1.844930340214824582e+01 2.194751867862304451e+01 2.070857704548429368e+01 3.304476397614261884e+01 2.432016942564364115e+01 2.450228859329549636e+01 2.112739729899480068e+01 3.219017395863857445e+01 2.313949291677204556e+01 2.622839470125327566e+01 2.134785934222590953e+01 2.236748353617582907e+01 1.646965496405633189e+01 2.262298089974840209e+01 2.446798101749780230e+01 3.689039435634688857e+01 1.825303096411574799e+01 2.247541007929084245e+01 2.223051002944263743e+01 1.783702350668870196e+01 2.359491713150937642e+01 3.012423973431620894e+01 2.720499380242371856e+01 1.926637304002450435e+01 2.462666786630568438e+01 1.766478997824649255e+01 1.467204574879847812e+01 2.583512742881184465e+01 1.342733416532511903e+01 3.154859354468293731e+01
3.211764705882353041e+02 1.054677581870806158e+01 7.198862049586127299e+00 1.394716892901599259e+01 8.664413288816012582e+00 6.782252235374375715e+00 7.528811689989646005e+00 9.636901154712912643e+00 3.621665530843179681e+01 1.387953888462069862e+01 1.958295360466694035e+01 5.225252049600880611e+01 3.187836188193914211e+01 2.399592669399628164e+01 1.739523843199318520e+01 6.850452178247418544e+01 3.892921153371899123e+01 6.254044437079242158e+01 1.660550958462804161e+01 6.173840614296693730e+01 1.759214733127236485e+01 1.787155988102813708e+01 2.776716461549311532e+01 5.366430010571825449e+01 5.597602296176467007e+01 1.589409312321720869e+01 1.584695849824174907e+01 1.795416176205448267e+01 3.404066885633807260e+01 2.889514035809235892e+01 6.370123714363045053e+01 9.226199894448196659e+00 9.636544033290787681e+00 2.727118990269764609e+01 4.155380141407921002e+01 2.910753617983513664e+01 9.483739647810182305e+00 1.658890965939120221e+01 4.334108501432257299e+01 1.058030591209712767e+01 1.446390243486897909e+01 5.926278165698927580e+01 1.850587952316466911e+01 1.986393696237270845e+01 2.069118229255985142e+01 1.865913689915816676e+01 3.250178996224902050e+01 7.459098276255631710e+00 1.723973571030658292e+01 1.031012128230939773e+01 1.553408495720414528e+01 3.897103950029482888e+01 2.666563940121815790e+01 1.909937129937316058e+01 2.590327532678954370e+01 8.431270768299929941e+00 1.211034189135974870e+01 2.013032663598461625e+01 4.019926510476898329e+01 1.682611161901002461e+01 3.099978561031604940e+01 3.010569948067230328e+01 1.966820701127156923e+01 2.715301627276462071e+01 6.784117261225874529e+01 3.552137467576127960e+01 8.302257100323856776e+01 6.828435093980075976e+01 2.473844933251642075e+01 3.305283402963442541e+01 2.861348139852899308e+01 6.930875684927160307e+01 1.039382451219178805e+01 1.216582401215575260e+01 2.802944242211390247e+01 1.620333661404361436e+01 1.469743490048024270e+01 1.393027830302520620e+01 2.100397649185171645e+01 2.791916199337154580e+01 1.901005685368117071e+01 1.600311872224766319e+01 1.903149675634195859e+01 1.799971659694482895e+01 2.879628997508099175e+01 2.112235372706205183e+01 2.127972491440280933e+01 1.834338772009973084e+01 2.811910245270099651e+01 2.012552841539126192e+01 2.279729632597940636e+01 1.850539779740001123e+01 1.945210234932656235e+01 1.425862127673889113e+01 1.966922621438290975e+01 2.129380533923043828e+01 3.229488677444543754e+01 1.582081153537518148e+01 1.950320110585033717e+01 1.928895500164938070e+01 1.547112431999138948e+01 2.047187396798472747e+01 2.630347055109374210e+01 2.372181850971312755e+01 1.671732511936864540e+01 2.145793646173401470e+01 1.528299132718959541e+01 1.268917228865784175e+01 2.244825511557759867e+01 1.159755026754536900e+01 2.749375237016650786e+01
3.217647058823529278e+02 9.074797290086923596e+00 6.170140819801923193e+00 1.206200539570324537e+01 7.456850006467423242e+00 5.819444126794292238e+00 6.454393436844451770e+00 8.314222792500924442e+00 3.167939894806701062e+01 1.202137267829468747e+01 1.700814090222055341e+01 4.597102074992154996e+01 2.785790281535996726e+01 2.090535030719219733e+01 1.509983207451681331e+01 6.051280987318900628e+01 3.409214971429864249e+01 5.514301986977903880e+01 1.440354107760635394e+01 5.442846432463636575e+01 1.527578325363688627e+01 1.549405791960110967e+01 2.423028077928328372e+01 4.719400977748706083e+01 4.930763789310055500e+01 1.373930874968261051e+01 1.374311780854384146e+01 1.556387407867835826e+01 2.976682751333749977e+01 2.523023114532893629e+01 5.618288757355882268e+01 7.956445351916777042e+00 8.314202651949527123e+00 2.373423552926922753e+01 3.643582071817036194e+01 2.540519962707191581e+01 8.168892000217478966e+00 1.437021620478019557e+01 3.804182338796307761e+01 9.102938300567693375e+00 1.253538789651620711e+01 5.226164393736287650e+01 1.608553855591971882e+01 1.724172582545791954e+01 1.795023202620822644e+01 1.618727716361912883e+01 2.839540968998272774e+01 6.396123851930937576e+00 1.495401119758405706e+01 8.902105750478650492e+00 1.347423131238944904e+01 3.408064414718595003e+01 2.323778716248227028e+01 1.655814791034226729e+01 2.256508633075477022e+01 7.249585399049361278e+00 1.046121624229794733e+01 1.748213107498563090e+01 3.525177890147243431e+01 1.460475110220587069e+01 2.707270032712744268e+01 2.629081559928299683e+01 1.704244187157310719e+01 2.364564842790989374e+01 5.986892972881302200e+01 3.108503794668055775e+01 7.354556284152984347e+01 6.026750827231709451e+01 2.154651676744929389e+01 2.889208993724224328e+01 2.497088686557757597e+01 6.118453543230744884e+01 8.961745992899455615e+00 1.050698964864030849e+01 2.446381047958267629e+01 1.405891773788243171e+01 1.272271768558890059e+01 1.206340394883102007e+01 1.821559581053476506e+01 2.435799538559330912e+01 1.649547010537558123e+01 1.386565346338038651e+01 1.648435746695371051e+01 1.562747737158811923e+01 2.506537090468142992e+01 1.832428629879382598e+01 1.846011792902165283e+01 1.590825910212681649e+01 2.453462801412254635e+01 1.748427112609802592e+01 1.979259762710510628e+01 1.602339735841335866e+01 1.689751783135965013e+01 1.233061294787384909e+01 1.708173887718436390e+01 1.851033392803093491e+01 2.823908911396894084e+01 1.369729444855472167e+01 1.690497763785010576e+01 1.671777749281663361e+01 1.340394130296108521e+01 1.774219644119362727e+01 2.294090630059384139e+01 2.066093973230461600e+01 1.448919141020655665e+01 1.867558255312147253e+01 1.320758537545882660e+01 1.096204705423079950e+01 1.948331703694815786e+01 1.000600102057627971e+01 2.393269847631075820e+01
3.223529411764706083e+02 7.799788149899571366e+00 5.282762782256497758e+00 1.042013965367467776e+01 6.410618745662489459e+00 4.987950531445853208e+00 5.527374448443031163e+00 7.165232827039281993e+00 2.767885251721389395e+01 1.040042994861579118e+01 1.475534349737908180e+01 4.039749614322236937e+01 2.431671551321299418e+01 1.819224547667726810e+01 1.309267985649953836e+01 5.339030571222667021e+01 2.982180039670134519e+01 4.856350816036147933e+01 1.247964480460500880e+01 4.792773286003303213e+01 1.324958567309615631e+01 1.341790012853584457e+01 2.111989312672536201e+01 4.145551616741480672e+01 4.338282237409626418e+01 1.186356808462789481e+01 1.190531209764401943e+01 1.347681074768528475e+01 2.599980325258121283e+01 2.200508361141219993e+01 4.949367549550049006e+01 6.853941456418561451e+00 7.165462745883490747e+00 2.063274367058385295e+01 3.191134267594889096e+01 2.214857576740954670e+01 7.028677860216737017e+00 1.243445426086581485e+01 3.335185355175364208e+01 7.823367868964252736e+00 1.085193739869768415e+01 4.603347528715717374e+01 1.396606454271949893e+01 1.494895846240789972e+01 1.555501589691017550e+01 1.402722293402513110e+01 2.477955356118949837e+01 5.478749976308553649e+00 1.295688616071156041e+01 7.677942581104145958e+00 1.167449749849354923e+01 2.976984189022605065e+01 2.022767780007812277e+01 1.433907531881595254e+01 1.963488622415444596e+01 6.226773132208576200e+00 9.026728413145322705e+00 1.516533055471164637e+01 3.087752774315950433e+01 1.266249725295653050e+01 2.361617479014812204e+01 2.293319441457923347e+01 1.475082794290239185e+01 2.056809139030215050e+01 5.277134749619049359e+01 2.717157971892156354e+01 6.507276860385077555e+01 5.312924329451521288e+01 1.874524100056439124e+01 2.522625927870213403e+01 2.176724446818842651e+01 5.394897961125023045e+01 7.718541659886513528e+00 9.064374223181802748e+00 2.132749273145982016e+01 1.218469689972140557e+01 1.100113070523493342e+01 1.043514314630429318e+01 1.577979632886720118e+01 2.122693966930403420e+01 1.429753800918779483e+01 1.200034393656957654e+01 1.426228921906636771e+01 1.355272065566873430e+01 2.179325318067391493e+01 1.587915770828118411e+01 1.599626639164708131e+01 1.378103757270416807e+01 2.138277360966485219e+01 1.517264023075782120e+01 1.716471745139807226e+01 1.385892155691185579e+01 1.466198692377083823e+01 1.065154138877644208e+01 1.481804253030748697e+01 1.607265656028457812e+01 2.466440869389109736e+01 1.184567106588306018e+01 1.463660345594637846e+01 1.447323227812898061e+01 1.160007748620725465e+01 1.535940493484303282e+01 1.998551214278387889e+01 1.797469496109566123e+01 1.254407476326315773e+01 1.623569482568627720e+01 1.140145340027541643e+01 9.459590422472771820e+00 1.689110758132641976e+01 8.623412973425066852e+00 2.080940116077672997e+01
3.229411764705882320e+02 6.696745251804850696e+00 4.518230257651763004e+00 8.991965126017264609e+00 5.505277675385832126e+00 4.270731428011258934e+00 4.728497897836501096e+00 6.168361491419460663e+00 2.415618621805058908e+01 8.988210538396767646e+00 1.278680842330516754e+01 3.545886129291585576e+01 2.120176714797574036e+01 1.581359655225227634e+01 1.133982077257596899e+01 4.705125097058495243e+01 2.605677225962812216e+01 4.271949738114111739e+01 1.080084087471232657e+01 4.215455229843890805e+01 1.147946910070195869e+01 1.160719029486042153e+01 1.838814434342384274e+01 3.637294335123326050e+01 3.812584684502468235e+01 1.023277825496207960e+01 1.030193904866303889e+01 1.165681494812495522e+01 2.268387255607543906e+01 1.917064641726167551e+01 4.355033235789227319e+01 5.897843445929701112e+00 6.168771519024033090e+00 1.791660963824379849e+01 2.791688315556502076e+01 1.928775097030939634e+01 6.041120914314856094e+00 1.074767742887270039e+01 2.920669025984689071e+01 6.716470705366544003e+00 9.384270175484807908e+00 4.050053648677764073e+01 1.211243839986905080e+01 1.294680023929993418e+01 1.346458581709591051e+01 1.214204257088562500e+01 2.159980701939308290e+01 4.687989086353025137e+00 1.121413911315421608e+01 6.614950229695786277e+00 1.010403363207905159e+01 2.597495321800199974e+01 1.758783263268883701e+01 1.240377099614538992e+01 1.706614396010269985e+01 5.342556102434376619e+00 7.780499305638066687e+00 1.314104413133938465e+01 2.701526116684482304e+01 1.096644583982637045e+01 2.057781220764323749e+01 1.998189973617153825e+01 1.275337121935671902e+01 1.787116740385215152e+01 4.646116282773498796e+01 2.372393981110246841e+01 5.750840180792809520e+01 4.678202654689375350e+01 1.628999268060652028e+01 2.200072402906386770e+01 1.895333901655742181e+01 4.751376849361692933e+01 6.640636451532913043e+00 7.811358435058309624e+00 1.857240398538803916e+01 1.054871335436250845e+01 9.502116284239852106e+00 9.016789089008458546e+00 1.365469710047305441e+01 1.847763853130108558e+01 1.237883058612654352e+01 1.037459575146357693e+01 1.232625344005283452e+01 1.174045736953768504e+01 1.892722164098035975e+01 1.374516645491886813e+01 1.384602119666627829e+01 1.192514969606456354e+01 1.861494232473924981e+01 1.315208787930143686e+01 1.486933187663942668e+01 1.197372906575632001e+01 1.270816415620227069e+01 9.191098101871961745e+00 1.284014930154114786e+01 1.394055434444840635e+01 2.151792665560947526e+01 1.023316281739618105e+01 1.265871220529558627e+01 1.251630604977607497e+01 1.002798090312501955e+01 1.328205044570671056e+01 1.739136798952104002e+01 1.562028309240464097e+01 1.084817652700220059e+01 1.409888156712604612e+01 9.831622889162854761e+00 8.154207883380061972e+00 1.462765787282706675e+01 7.423840796792096519e+00 1.807358460677955847e+01
3.235294117647058556e+02 5.743626804814070397e+00 3.860318698695672790e+00 7.751203730958696525e+00 4.722800642955873762e+00 3.652819523886841502e+00 4.040868441052795745e+00 5.304525946419255789e+00 2.105834829224545501e+01 7.759367329583704453e+00 1.106883200850246318e+01 3.108863935947670143e+01 1.846529950721713220e+01 1.373083542705116500e+01 9.810959668389166666e+00 4.141715011947141534e+01 2.274160870481504304e+01 3.753577353935052940e+01 9.337739214175412528e+00 3.703441115505512471e+01 9.935013209423704694e+00 1.002996130716880963e+01 1.599202656310268011e+01 3.187731939773566125e+01 3.346769914853582151e+01 8.816698737063676461e+00 8.904843157490665462e+00 1.007169262274650556e+01 1.976880721467321678e+01 1.668279938972420240e+01 3.827682772018471269e+01 5.069720535859854493e+00 5.305060304908959523e+00 1.554097501060001107e+01 2.439498987470442870e+01 1.677785584710474964e+01 5.186820254444636902e+00 9.279688797564496383e+00 2.554788630005730354e+01 5.760100795550518349e+00 8.106322383748096883e+00 3.559186007236709059e+01 1.049336218360505413e+01 1.120061087109635878e+01 1.164244312741372589e+01 1.049881773952581732e+01 1.880718593620486345e+01 4.007177061239473481e+00 9.695272769045185868e+00 5.693040950580439130e+00 8.735347707925356531e+00 2.263857259706388803e+01 1.527566548257362200e+01 1.071805488641208726e+01 1.481714440674866218e+01 4.579074145065197499e+00 6.699152371988665422e+00 1.137456497353159079e+01 2.360953962603618450e+01 9.487246858186129117e+00 1.791047085450038523e+01 1.739110670534675762e+01 1.101448150149736627e+01 1.551081039662173744e+01 4.085862567477654750e+01 2.069062881066608384e+01 5.076438584230414364e+01 4.114584877446819178e+01 1.414077223868513222e+01 1.916627957668633542e+01 1.648493670511334130e+01 4.179814247521593984e+01 5.707190540648899635e+00 6.724359489017641245e+00 1.615531949182207327e+01 9.122473521224273796e+00 8.198518089678294984e+00 7.782816534696368471e+00 1.180298488362263853e+01 1.606664772629014948e+01 1.070597476041784191e+01 8.959406560413079035e+00 1.064152838471136420e+01 1.015946669211301057e+01 1.642007029766124759e+01 1.188505321621421729e+01 1.197181503903110844e+01 1.030801072296055487e+01 1.618746856425518743e+01 1.138818746912048319e+01 1.286689115800179017e+01 1.033382240693514476e+01 1.100270138225991978e+01 7.922384238749448748e+00 1.111414945695744194e+01 1.207807836277143920e+01 1.875194549784395193e+01 8.830633398609062823e+00 1.093625654085909815e+01 1.081227043020427203e+01 8.659578597462795457e+00 1.147323826779983413e+01 1.511723779604034412e+01 1.355934333204242392e+01 9.371409366765083959e+00 1.222987370860731282e+01 8.468857423383562733e+00 7.021443483065191060e+00 1.265375266469047055e+01 6.384330038193315460e+00 1.568022455431500539e+01
3.241176470588235361e+02 4.921034452799588621e+00 3.294820578870179872e+00 6.674573047820508087e+00 4.047318668327336333e+00 3.121089821845806078e+00 3.449686903057141318e+00 4.556872799610453662e+00 1.833759265020210449e+01 6.691398106826097703e+00 9.571381139270863869e+00 2.722649405687699442e+01 1.606438960263988136e+01 1.190944787640946068e+01 8.479120688539991235e+00 3.641631856326818450e+01 1.982631478846911222e+01 3.294384324785078633e+01 8.064196556136032257e+00 3.249946953128024063e+01 8.589118772288687254e+00 8.657796480109661630e+00 1.389296434035055405e+01 2.790608075188693604e+01 2.934562525998218874e+01 7.588553026110707478e+00 7.688985564156102015e+00 8.692829496030975989e+00 1.720942254353082390e+01 1.450193497840540680e+01 3.360389374537290053e+01 4.353304448552272277e+00 4.557487402590632009e+00 1.346575362871254100e+01 2.129377537226067929e+01 1.457863374069411400e+01 4.448677767488391055e+00 8.003674981247662856e+00 2.232257680573030711e+01 4.934770041625566428e+00 6.994935921772428955e+00 3.124280332031207053e+01 9.080916361115583868e+00 9.679548340368251402e+00 1.005611428574645139e+01 9.068260764969105381e+00 1.635768127685402362e+01 3.421712901758468650e+00 8.373157862355336434e+00 4.894455270762227528e+00 7.543984651154999277e+00 1.970905293236662104e+01 1.325305103566925524e+01 9.251543745734988278e+00 1.285056187618946666e+01 3.920622994526578253e+00 5.762008131697644586e+00 9.834969475577137743e+00 2.061028608114036231e+01 8.198768858155451866e+00 1.557182034475260402e+01 1.511966978736978184e+01 9.502544682965433864e+00 1.344760926382222976e+01 3.589101425855888294e+01 1.802527735463652192e+01 4.475992382056961816e+01 3.614773776008092909e+01 1.226179742417992813e+01 1.667868539514351767e+01 1.432235814987424050e+01 3.672842131664945242e+01 4.899813668069022299e+00 5.782521045274937599e+00 1.403745916914683889e+01 7.880621232555934164e+00 7.066245534060789701e+00 6.710569895991433498e+00 1.019147615635811377e+01 1.395501202907789917e+01 9.249269069145100275e+00 7.729016304958977734e+00 9.177287323379053063e+00 8.781941428388130078e+00 1.422960635309322086e+01 1.026566775809727972e+01 1.034022562691948188e+01 8.900642070625579549e+00 1.406119318337697166e+01 9.850250000419645602e+00 1.112217053075000806e+01 8.909031302367097283e+00 9.515875093814130992e+00 6.821569329239504320e+00 9.609829702665292572e+00 1.045315635080664229e+01 1.632355957127391477e+01 7.612230509108520060e+00 9.438090800767458433e+00 9.330266853736970845e+00 7.469938565275278108e+00 9.900187300381125155e+00 1.312616287534258674e+01 1.175755989366620469e+01 8.087038043755683248e+00 1.059715277348647255e+01 7.287278608086224629e+00 6.039660602212859608e+00 1.093448003861253071e+01 5.484607338648552322e+00 1.358907577095514441e+01
3.247058823529411598e+02 4.211924490733543358e+00 2.809314617904158151e+00 5.741480500289611655e+00 3.464884907102274703e+00 2.664051519574688331e+00 2.942011047665566092e+00 3.910542819272885495e+00 1.595103177146319418e+01 5.764361211612703428e+00 8.267741712313696922e+00 2.381777642568698283e+01 1.396053392865823639e+01 1.031860486413844669e+01 7.320326750314749553e+00 3.198343482938122051e+01 1.726590850878592320e+01 2.888146642143377107e+01 6.956999164344542130e+00 2.848809440859716346e+01 7.417688313561471958e+00 7.465479977728497474e+00 1.205642372667012907e+01 2.440259515017594438e+01 2.570268276998228885e+01 6.524672839548759207e+00 6.632138323626643128e+00 7.494838644221382573e+00 1.496514923157938526e+01 1.259256439475584344e+01 2.946855913916928671e+01 3.734259936804831703e+00 3.911203266765934217e+00 1.165518995372737798e+01 1.856647237050869492e+01 1.265403498119652959e+01 3.811650006128000090e+00 6.895868955645152454e+00 1.948304302764138640e+01 4.223357606579445367e+00 6.029570742983098697e+00 2.739461073317609063e+01 7.850239832510268023e+00 8.356201308983697729e+00 8.676758602512402163e+00 7.824360526620191436e+00 1.421182961659712518e+01 2.918823875103940146e+00 7.223704514783000796e+00 4.203518870039329336e+00 6.508229713045516007e+00 1.714001832863642960e+01 1.148592177252438518e+01 7.977277903217874666e+00 1.113305989737931867e+01 3.353416754774007025e+00 4.950804257136849351e+00 8.494754672131943352e+00 1.797235782508229462e+01 7.077787509961193102e+00 1.352392320173589013e+01 1.313071533043045669e+01 8.189528024978628196e+00 1.164638204804892574e+01 3.149215942526672052e+01 1.568620820191763698e+01 3.942106718401861798e+01 3.172128426623522657e+01 1.062111838498883998e+01 1.449824129289957497e+01 1.243007667518242876e+01 3.223752981729517586e+01 4.202304537433914078e+00 4.967429549387778920e+00 1.218409636385148254e+01 6.800632624059769427e+00 6.083965033961866276e+00 5.779975840723690084e+00 8.790712673064362548e+00 1.210786674835246579e+01 7.982326872619657898e+00 6.660585443305715891e+00 7.906209922296799419e+00 7.583159560272306976e+00 1.231818763515660997e+01 8.857568479515553150e+00 8.921570815586157721e+00 7.677318530768943106e+00 1.220106528050017225e+01 8.510967662779700404e+00 9.603853220474848129e+00 7.672628569925503683e+00 8.221240236145948899e+00 5.867577737673395966e+00 8.300318309707362729e+00 9.037226362335056606e+00 1.419424803019465919e+01 6.555055665756178485e+00 8.136585569852952560e+00 8.042923753664677378e+00 6.436956776078284648e+00 8.533822469201531646e+00 1.138508080931698352e+01 1.018429219305851241e+01 6.971347926669475115e+00 9.172604298994695426e+00 6.264019896655388386e+00 5.189749870456052072e+00 9.438814925803798772e+00 4.706797641197854709e+00 1.176423097121686823e+01
3.252941176470588402e+02 3.601346177617772426e+00 2.392958116225738507e+00 4.933743297461198551e+00 2.963261616750979766e+00 2.271660297935953921e+00 2.506540240714091539e+00 3.352456586987151432e+00 1.386021504910432789e+01 4.960614341881047551e+00 7.134193591112087063e+00 2.081308835656761147e+01 1.211925808849507646e+01 8.930818657732501720e+00 6.313303345204864137e+00 2.805910180888004390e+01 1.501999503462879382e+01 2.529220280350661909e+01 5.995570190769901942e+00 2.494440620389664076e+01 6.399331177774761237e+00 6.430674865851242039e+00 1.045154535190418699e+01 2.131570119598709923e+01 2.248730770403609114e+01 5.604172367632796359e+00 5.714603147042081055e+00 6.455234841431988002e+00 1.299963054808376839e+01 1.092294821314392728e+01 2.581369586163007668e+01 3.199975810790373298e+00 3.353136416517441987e+00 1.007744825046367687e+01 1.617100900266068209e+01 1.097183690901335495e+01 3.262522750699726082e+00 5.935239917861506065e+00 1.698629556017522901e+01 3.610846575188806362e+00 5.192040102242935440e+00 2.399398907655234581e+01 6.779234258325138818e+00 7.206250074795425675e+00 7.478806270086281849e+00 6.744056013181055853e+00 1.233430963764814692e+01 2.487354083917411529e+00 6.225558586060973454e+00 3.606420744098671083e+00 5.608834682282287432e+00 1.488990411903629685e+01 9.943890536333997332e+00 6.871376213853297443e+00 9.634918430064763228e+00 2.865372937279794918e+00 4.249439974790234054e+00 7.329502381155246660e+00 1.565513927822643403e+01 6.103698170065886330e+00 1.173284148864578746e+01 1.139125892080942037e+01 7.050616911332332926e+00 1.007577781261719174e+01 2.760198042815980557e+01 1.363603271656694638e+01 3.468028351328378278e+01 2.780617816242773443e+01 9.190258045384249286e+00 1.258938788348760873e+01 1.077634241675526994e+01 2.826453379701435864e+01 3.600413703536716969e+00 4.262855213981707081e+00 1.056419183418488750e+01 5.862534421662257245e+00 5.232816535031499683e+00 4.973279246261834707e+00 7.574588396554172043e+00 1.049406597479359604e+01 6.881747166489638801e+00 5.733898320986125619e+00 6.804124346366155152e+00 6.541180062273245888e+00 1.065229146745158317e+01 7.634652712961351284e+00 7.689536304281099355e+00 6.615242044175004388e+00 1.057576835839379292e+01 7.346084091505171720e+00 8.284145996742831031e+00 6.600977607528788482e+00 7.095309887790492986e+00 5.041801606038278649e+00 7.161757688967304247e+00 7.804897737348208686e+00 1.232949186051616586e+01 5.638861292860454455e+00 7.007272863551355258e+00 6.926004437290480986e+00 5.541070137698382858e+00 7.348400095787327224e+00 9.864468355768904573e+00 8.812230592162556775e+00 6.003339863358315931e+00 7.931194445182922159e+00 5.378909861705753137e+00 4.454862029376967847e+00 8.139234576762049755e+00 4.035166476968985450e+00 1.017371081326690962e+01
3.258823529411764639e+02 3.076205811831371317e+00 2.036301108884523092e+00 4.235333403493671156e+00 2.531728061123846629e+00 1.935150102578834019e+00 2.133422636780727633e+00 2.871120259505328676e+00 1.203073390486128780e+01 4.264576004948565036e+00 6.149711744460814700e+00 1.816786712945441096e+01 1.050975222091784467e+01 7.721624960557305961e+00 5.439206725315383295e+00 2.458942352197210468e+01 1.305236778992622959e+01 2.212497609568000101e+01 5.161701611330450135e+00 2.181784691500931928e+01 5.515092548051309329e+00 5.533628389042298146e+00 9.050804071103865311e+00 1.859927256991564448e+01 1.965290180975314982e+01 4.808652003838975730e+00 4.918953475143947429e+00 5.554137206211669842e+00 1.128034561679199399e+01 9.464752484987622339e+00 2.258758325311019632e+01 2.739375793159169348e+00 2.871799455575133830e+00 8.704233354962314095e+00 1.406961152516429081e+01 9.503290010602706062e+00 2.789707433212994303e+00 5.103210010185852852e+00 1.479368133360237358e+01 3.084086570898183943e+00 4.466268558248561504e+00 2.099269836535700406e+01 5.848291495359355885e+00 6.208155324441021250e+00 6.439626462759989067e+00 5.806937045876667369e+00 1.069356532679171501e+01 2.117575072831894722e+00 5.359823696349883981e+00 3.091011856550764936e+00 4.828767172910754191e+00 1.292152728268954220e+01 8.599902487228554548e+00 5.912721034886519789e+00 8.329689530527101482e+00 2.445918915729638154e+00 3.643743810727527954e+00 6.317571171613212577e+00 1.362215799054879639e+01 5.258252132624342323e+00 1.016827149593126123e+01 9.871849968105268047e+00 6.063883042530505030e+00 8.707910035148948680e+00 2.416603776605641585e+01 1.184127259210972305e+01 3.047603540094302232e+01 2.434776235410157597e+01 7.943880688169360660e+00 1.092033408287691110e+01 9.332832563359190203e+00 2.475419385981649967e+01 3.081628894327626877e+00 3.654516728986576535e+00 9.150052511073083039e+00 5.048645765825538589e+00 4.496155004523405552e+00 4.274802247333062688e+00 6.520007886794345175e+00 9.085836161157700985e+00 5.926812684236913320e+00 4.931092339545504188e+00 5.849681071580998371e+00 5.636564006851823017e+00 9.202117120582176568e+00 6.573818058190723512e+00 6.620833381118000460e+00 5.694243623484957162e+00 9.157373400514224215e+00 6.334091040357140656e+00 7.138425269316954314e+00 5.673210483433230422e+00 6.117260891961873170e+00 4.327839479814498347e+00 6.173003140092172103e+00 6.733638592146964363e+00 1.069841563842655852e+01 4.845774139537237346e+00 6.028521529680632263e+00 5.958084654300429328e+00 4.764993957113558665e+00 6.321165274356507879e+00 8.538010942719942875e+00 7.617078229704734582e+00 5.164451066290216552e+00 6.850672571960606305e+00 4.614184183108153370e+00 3.820165389315179905e+00 7.011365285284863802e+00 3.455886372612225088e+00 8.789084878483720331e+00
3.264705882352941444e+02 2.625053360090094046e+00 1.731119505417310300e+00 3.632144344445297435e+00 2.160906594287740567e+00 1.646881696841388854e+00 1.814082046943140014e+00 2.456448901258640127e+00 1.043185115737785296e+01 3.662506702963425287e+00 5.295690421517789126e+00 1.584198715002535174e+01 9.104529060394442652e+00 6.669286668127818452e+00 4.681373203515090786e+00 2.152559035172346569e+01 1.133063195286894143e+01 1.933365266480347344e+01 4.439307535072246402e+00 1.906275924377813880e+01 4.748203384155205597e+00 4.756901020440832184e+00 7.829690247806794900e+00 1.621179878373656535e+01 1.715743330534424516e+01 4.121927734558486378e+00 4.229797337052795037e+00 4.773995703402812651e+00 9.778255455324979195e+00 8.192726689694785236e+00 1.974348652754283506e+01 2.342746627003637450e+00 2.457112665911530325e+00 7.510438596025792002e+00 1.222842456971572389e+01 8.222787535869668929e+00 2.383056625576272403e+00 4.383394361472097600e+00 1.287050838290870658e+01 2.631579118400336537e+00 3.838069576484199441e+00 1.834715679496466834e+01 5.040041601360378820e+00 5.342871191401171949e+00 5.539221918409236167e+00 4.994968702157764007e+00 9.261453878850250732e+00 1.801015570373220909e+00 4.609805299180253613e+00 2.646621677303852671e+00 4.152979814622828059e+00 1.120168262519798219e+01 7.429909681033144864e+00 5.082668355310862474e+00 7.193876316883931032e+00 2.085817112484791735e+00 3.121261787058352333e+00 5.439811863550353621e+00 1.184072115671491154e+01 4.525313449471934923e+00 8.803200941116067213e+00 8.546237929126732524e+00 5.209979672179794186e+00 7.518015034268738184e+00 2.113509822819574069e+01 1.027200328084827241e+01 2.675236076721689571e+01 2.129659797401242827e+01 6.859482825650061066e+00 9.462706972046451170e+00 8.074324568587957884e+00 2.165652906483111551e+01 2.634980072780816140e+00 3.129866858602769142e+00 7.917013164209254938e+00 4.343340414761997614e+00 3.859313532077521369e+00 3.670723139240794630e+00 5.606571963532820391e+00 7.858453460680802749e+00 5.099211747431875885e+00 4.236409245705434756e+00 5.024053328903634430e+00 4.852117264122987272e+00 7.941217000540736315e+00 5.654650515385649889e+00 5.694884464955812575e+00 4.896508827122761254e+00 7.921015334777878003e+00 5.455948220885812106e+00 6.144911178781660155e+00 4.870932814891694385e+00 5.268661839903340471e+00 3.711257343290629951e+00 5.315344922347730261e+00 5.803486874227956172e+00 9.273451233694812501e+00 4.160041909544380800e+00 5.181238916743491352e+00 5.120256598861386621e+00 4.093480953294813318e+00 5.432037013428391070e+00 7.382293385284009801e+00 6.577254410161935461e+00 4.438298724070855350e+00 5.911294495650599501e+00 3.954222907067655779e+00 3.272624552948319998e+00 6.033657172204963004e+00 2.956824481566625362e+00 7.585119859925699259e+00
3.270588235294117680e+02 2.237891633933279945e+00 1.470266833101591564e+00 3.111780962964361574e+00 1.842607158897923370e+00 1.400207964904758517e+00 1.541063974239146317e+00 2.099607781662449213e+00 9.036158056984456621e+00 3.142311007496974007e+00 4.555692432716944573e+00 1.379938669585261657e+01 7.879109382052446264e+00 5.754523342992924562e+00 4.025091609629293465e+00 1.882348760667512622e+01 9.825855179121385063e+00 1.687664445735931196e+01 3.814200405924765835e+00 1.663799271043766836e+01 4.083853240080740576e+00 4.085121023806513207e+00 6.766417936808214684e+00 1.411599448826619607e+01 1.496306279712633547e+01 3.529787294587652280e+00 3.633562329647876510e+00 4.099343462030005547e+00 8.467476524043743069e+00 7.084407762634220340e+00 1.723925815973047904e+01 2.001583786505138018e+00 2.100245531726639747e+00 6.473824643628152131e+00 1.061716164144429442e+01 7.107562047145209227e+00 2.033698654470015299e+00 3.761365906484725574e+00 1.118569838006550654e+01 2.243285708683350421e+00 3.294944222841455161e+00 1.601806738207407221e+01 4.339123330370343368e+00 4.593584722280339427e+00 4.759951811448149606e+00 4.292241368170765625e+00 8.012920489349285802e+00 1.530310241288178830e+00 3.960778580446626229e+00 2.263893261113285593e+00 3.568200992654028347e+00 9.700770162708506561e+00 6.412574191687734348e+00 4.364785232796828396e+00 6.206639788982462491e+00 1.777008910220621685e+00 2.671066828230083789e+00 4.679308899510656872e+00 1.028157730306523732e+01 3.890638135198794423e+00 7.613593869068483677e+00 7.391066087794521344e+00 4.471865695725377954e+00 6.484140084953433636e+00 1.846472553165186881e+01 8.901525248968551907e+00 2.345847339404339849e+01 1.860805537780380448e+01 5.917111138307270757e+00 8.191229227148719261e+00 6.978396217160504733e+00 1.892640699577556873e+01 2.250864512296527842e+00 2.677899551863365701e+00 6.843143989188881449e+00 3.732830946447690312e+00 3.309389294983817731e+00 3.148876585797849792e+00 4.816292815088717205e+00 6.789947190394996390e+00 4.382785915860355708e+00 3.635970072597230818e+00 4.310666162218378616e+00 4.172656685654751563e+00 6.846159258026044192e+00 4.859141650627415210e+00 4.893537677297801203e+00 4.206328988208253961e+00 6.844595309439974962e+00 4.694828486106259469e+00 5.284371419686566540e+00 4.177957136130188154e+00 4.533225807814187824e+00 3.179373226904739891e+00 4.572255603087448605e+00 4.996787160604495348e+00 8.030027436047804557e+00 3.567804235595879891e+00 4.448600826673910547e+00 4.395860839487875538e+00 3.513103145861605103e+00 4.663323219394656327e+00 6.376516911712951874e+00 5.673624220037524424e+00 3.810447806803774817e+00 5.095570176405881391e+00 3.385313594772240808e+00 2.800801220536653702e+00 5.187088837812124709e+00 2.527351756551694972e+00 6.539458580209843497e+00
3.276470588235293917e+02 1.906004870507961080e+00 1.247541980968004838e+00 2.663368610667058434e+00 1.569687539205791404e+00 1.189353430783213872e+00 1.307898280242704603e+00 1.792869164602613585e+00 7.819256210764581994e+00 2.693357472843634248e+00 3.915219616862429586e+00 1.200771530505539531e+01 6.811729700629961748e+00 4.960261718950881082e+00 3.457395180035412352e+00 1.644331959945931843e+01 8.512242720790107242e+00 1.471653098585702324e+01 3.273886810380862489e+00 1.450652729729072732e+01 3.508982415162154478e+00 3.504760621012609434e+00 5.841654438012770179e+00 1.227842982032768404e+01 1.303578803607916115e+01 3.019769156273652833e+00 3.118299436503271238e+00 3.516570959442902655e+00 7.324977172790252844e+00 6.119846144880351169e+00 1.503695906710488650e+01 1.708452330431598831e+00 1.793473639716347323e+00 5.574724206494094503e+00 9.208775540407843962e+00 6.137404436414660935e+00 1.733888872367189915e+00 3.224441381299261167e+00 9.711459599706394386e+00 1.910455403165633781e+00 2.825897701082156654e+00 1.397006316370559276e+01 3.731973799878357312e+00 3.945477737311634758e+00 4.086278741221600619e+00 3.684742550901324964e+00 6.925697514485640305e+00 1.299064470035418584e+00 3.399776655068976083e+00 1.934633979784078583e+00 3.062743814502204565e+00 8.392449014250971118e+00 5.528993870837322078e+00 3.744610421045878379e+00 5.349528543550896131e+00 1.512474476010398527e+00 2.283586225502998168e+00 4.021143752414887196e+00 8.918600818583453105e+00 3.341672389434645396e+00 6.578098952249709086e+00 6.385587451749904275e+00 3.834554509241922648e+00 5.586856293076297497e+00 1.611488780881135696e+01 7.706057062373233180e+00 2.054837494048539881e+01 1.624192127222455895e+01 5.099102522812701821e+00 7.083419951229463329e+00 6.025148092930209920e+00 1.652314963714605867e+01 1.920889071576602936e+00 2.288975338057264608e+00 5.908979845597042591e+00 3.204971688307757027e+00 2.835049096423221560e+00 2.698571826375486093e+00 4.133334014552582758e+00 5.860825879170453057e+00 3.763299411617889056e+00 3.117570197906420759e+00 3.694949984103590435e+00 3.584796312311267830e+00 5.896217884404836518e+00 4.171430294414720130e+00 4.200806265070992751e+00 3.609874180447205649e+00 5.908505891717314995e+00 4.035884449501075721e+00 4.539850366091221723e+00 3.580060293282783412e+00 3.896583932274558126e+00 2.721061662963971450e+00 3.929158908354189794e+00 4.297949331402278084e+00 6.946281499511763435e+00 3.056884451752545750e+00 3.815805296390822221e+00 3.770241998359136204e+00 3.012053389615854559e+00 3.999461017336605195e+00 5.502237531651964275e+00 4.889249138411898343e+00 3.268199532331394153e+00 4.388031626756854209e+00 2.895436917534073284e+00 2.394673888907512538e+00 4.454897374693364220e+00 2.158170673270492390e+00 5.632324419216071298e+00
3.282352941176470722e+02 1.621805630201788473e+00 1.057571767176239019e+00 2.277381129311985219e+00 1.335928359245041497e+00 1.009307114994292265e+00 1.108977163447346870e+00 1.529483619163106711e+00 6.759462961804321601e+00 2.306315838626201042e+00 3.361504245504714827e+00 1.043800337998332672e+01 5.883073097958421371e+00 4.271407388668883698e+00 2.966872601474831228e+00 1.434925334507877714e+01 7.366835955818421766e+00 1.281970275816188476e+01 2.807382312128869462e+00 1.263511956097462274e+01 3.012093070193803346e+00 3.003933269045361065e+00 5.038272252463767309e+00 1.066918502608610808e+01 1.134510929293183068e+01 2.580963391264555096e+00 2.673505199034657664e+00 3.013721550396350146e+00 6.330297753693263196e+00 5.281353666675583369e+00 1.310250052222722594e+01 1.456862006199465709e+00 1.530050221978325631e+00 4.795772376626696420e+00 7.979153932634628354e+00 5.294405972567674645e+00 1.476876402007831324e+00 2.761487679187371924e+00 8.422982033041634509e+00 1.625470828236051934e+00 2.421273280060302735e+00 1.217137198041552892e+01 3.206636872139251970e+00 3.385510596867209898e+00 3.504539279921123907e+00 3.160149910203356782e+00 5.980027111593627431e+00 1.101734396032232777e+00 2.915398475291927749e+00 1.651681464515430520e+00 2.626332897886004325e+00 7.253317487696436139e+00 4.762451411974856441e+00 3.209437522777314200e+00 4.606231661593125359e+00 1.286107812619088575e+00 1.950446367199338837e+00 3.452179802114699214e+00 7.728497053326275790e+00 2.867369314341857045e+00 5.677780855111334013e+00 5.511403618995798226e+00 3.284886596918017432e+00 4.808996105421890377e+00 1.404958734819505750e+01 6.664452398152234558e+00 1.798048323821670280e+01 1.416202895493805691e+01 4.389846442307437258e+00 6.119318482563986805e+00 5.196948662256250628e+00 1.441016139685891417e+01 1.637728665235513636e+00 1.954664329435110037e+00 5.097271630611778903e+00 2.749079944337682768e+00 2.426353612058278042e+00 2.310428400620259115e+00 3.543774898429649323e+00 5.053825814875963829e+00 3.228229984991920709e+00 2.670493914485256415e+00 3.164117622323646017e+00 3.076753158481033257e+00 5.073089677463022973e+00 3.577568308115041784e+00 3.602632291054846725e+00 3.094987470085654557e+00 5.095378671629275935e+00 3.466036254412578010e+00 3.896422989646894486e+00 3.064764287763352080e+00 3.346079484064044873e+00 2.326577522548773036e+00 3.373219529434741126e+00 3.693228811828609626e+00 6.002793143944772147e+00 2.616601455197217430e+00 3.269849665699597452e+00 3.230527670367861148e+00 2.579965670215103035e+00 3.426781657076205967e+00 4.743126101939822981e+00 4.209159120966264211e+00 2.800399738289669038e+00 3.775021055340590959e+00 2.474073463551300200e+00 2.045475561600971659e+00 3.822333332361390390e+00 1.841160529529531908e+00 4.846251520740135987e+00
3.288235294117647527e+02 1.378698115196669960e+00 8.957068675885356823e-01 1.945486035306399630e+00 1.135921617969507968e+00 8.557274899041118488e-01 9.394469878479491110e-01 1.303564818503327727e+00 5.837540879984288722e+00 1.973010080159992352e+00 2.883319812649006941e+00 9.064353918406254706e+00 5.076022135955038372e+00 3.674636658726822436e+00 2.543496862026350058e+00 1.250908255148069514e+01 6.369234497918019322e+00 1.115602707901646617e+01 2.405043876384173718e+00 1.099396993517807708e+01 2.583078006401081872e+00 2.572210377919363022e+00 4.341121841659253633e+00 9.261527803309661522e+00 9.863717043085397762e+00 2.203832618683974065e+00 2.289960881148781269e+00 2.580306634350809869e+00 5.465293060792531854e+00 4.553272535670765286e+00 1.140530786942996322e+01 1.241155462346935634e+00 1.304090977809662544e+00 4.121661149743431451e+00 6.906836664712868057e+00 4.562721915146989105e+00 1.256785082952950106e+00 2.362747142763586439e+00 7.298155317749446702e+00 1.381710797912506949e+00 2.072602348181480814e+00 1.059350200458304592e+01 2.752589201403405017e+00 2.902226345208040126e+00 3.002736277366368167e+00 2.707643871934849678e+00 5.158406875158362048e+00 9.335203756974105316e-01 2.497634991616608957e+00 1.408783190534409036e+00 2.249947679491397068e+00 6.262619273522287422e+00 4.098185281210009023e+00 2.748118960778216824e+00 3.962353129418064057e+00 1.092605281183063548e+00 1.664333351649385451e+00 2.960867367946436346e+00 6.690531147754767538e+00 2.458022957400844088e+00 4.895874040301274377e+00 4.752225315692853336e+00 2.811324261518727496e+00 4.135414050984676848e+00 1.223651208185461137e+01 5.757938865785034999e+00 1.571727854220123533e+01 1.233590923954413654e+01 3.775568162385314785e+00 5.281230736760240241e+00 4.478200945037703384e+00 1.255457880440181917e+01 1.394999657341984278e+00 1.667605332799243723e+00 4.392758592810476870e+00 2.355774086764645503e+00 2.074599037569891724e+00 1.976227895157114611e+00 3.035397409653805667e+00 4.353680919600087407e+00 2.766579430693733244e+00 2.285346975786489043e+00 2.706963167838324136e+00 2.638171225227852190e+00 4.360636396395359604e+00 3.065308527124365856e+00 3.086672786973329252e+00 2.650998768429337016e+00 4.389853212367254898e+00 2.973778906719040105e+00 3.340971873615569354e+00 2.621138559431064774e+00 2.870581099326737107e+00 1.987397431728049169e+00 2.893152678406720746e+00 3.170526885024449459e+00 5.182339867128353816e+00 2.237600079612863002e+00 2.799329185112779950e+00 2.765428569500748335e+00 2.207752957969870256e+00 2.933298157882300305e+00 4.084748961346325480e+00 3.620144696938728313e+00 2.397265911424707241e+00 3.244497950169249467e+00 2.112030237318095249e+00 1.745548042017882384e+00 3.276438746712087013e+00 1.569238872288096553e+00 4.165839084860043506e+00
3.294117647058823195e+02 1.170956631476259391e+00 7.579297888448222054e-01 1.660405608634037966e+00 9.649714724791484954e-01 7.248581354449918912e-01 7.951125985226605852e-01 1.109986488486302880e+00 5.036449374936301737e+00 1.686286233541883561e+00 2.470809889556867756e+00 7.863655760736267375e+00 4.375432513880111784e+00 3.158206963998174022e+00 2.178470514620868936e+00 1.089391153220943131e+01 5.501340547451897933e+00 9.698534652265767164e+00 2.058418770255255215e+00 9.556412758768308535e+00 2.213065868150061899e+00 2.200456089278860716e+00 3.736824285598030482e+00 8.031614229335419353e+00 8.567200219472464795e+00 1.880051465963588075e+00 1.959587417346801308e+00 2.207139078052553050e+00 4.713896314986723901e+00 3.921764198740625762e+00 9.918006007458220807e+00 1.056408408839840440e+00 1.110471205197242517e+00 3.538916518988099114e+00 5.972755490160460035e+00 3.928355751376396920e+00 1.068507412940136403e+00 2.019680256223071790e+00 6.317307534684208470e+00 1.173428111215571557e+00 1.772469175247969542e+00 9.210947040093529381e+00 2.360582569773354678e+00 2.485573700417879284e+00 2.570351396864248628e+00 2.317738637956753056e+00 4.445356924000237520e+00 7.902727926510685341e-01 2.137712349421634794e+00 1.200488790165244568e+00 1.925680994729610962e+00 5.401973887320639989e+00 3.523181180919859656e+00 2.350889314579525102e+00 3.405206735856494582e+00 9.273666712527633971e-01 1.418868115261592289e+00 2.537067262328399853e+00 5.786276749922046214e+00 2.105118342305415169e+00 4.217557579944943846e+00 4.093653357993630060e+00 2.403766740506149802e+00 3.552769129886636623e+00 1.064670906321715194e+01 4.969878416604205817e+00 1.372496847081577442e+01 1.073446314612594854e+01 3.244131667852092615e+00 4.553496884714820503e+00 3.855129416466585024e+00 1.092694152189984180e+01 1.187146794327806898e+00 1.421379591335342640e+00 3.781960353305681810e+00 2.016827465391487717e+00 1.772174721716508694e+00 1.688780617503805148e+00 2.597493862343672077e+00 3.746912760030112644e+00 2.368702632955558052e+00 1.953905828501754760e+00 2.313680947324101567e+00 2.259962303078227208e+00 3.744650532271632581e+00 2.623913435183019338e+00 2.642106715253421889e+00 2.268556986949924248e+00 3.778366288139716644e+00 2.549008006125688564e+00 2.861985625511678677e+00 2.239622197493446265e+00 2.460313695959578162e+00 1.696077459414919053e+00 2.479051662520743271e+00 2.719209826976866751e+00 4.469672665574889514e+00 1.911698574846845133e+00 2.394255512649051454e+00 2.365058535603806078e+00 1.887461226997850794e+00 2.508513966421485275e+00 3.514367818708410862e+00 3.110567964955596398e+00 2.050231178191372905e+00 2.785863859933191300e+00 1.801284996166731656e+00 1.488211352684628341e+00 2.805846647372567393e+00 1.336237596073962530e+00 3.577528022422150400e+00
3.300000000000000000e+02 9.936176444552593523e-01 6.407736423790993951e-01 1.415792413803983019e+00 8.190060354650122720e-01 6.134533217728298515e-01 6.723528492385750788e-01 9.442905389528939430e-01 4.341117519730372187e+00 1.439893611000151452e+00 2.115333697307932859e+00 6.815318130547016295e+00 3.767926467832948934e+00 2.711784984589031389e+00 1.864086296116297170e+00 9.477859645178730474e+00 4.747124441897617508e+00 8.423128866207933996e+00 1.760108392339279515e+00 8.298626397846144087e+00 1.894281511079019653e+00 1.880678710612642135e+00 3.213582501915656309e+00 6.958211795367801322e+00 7.433774919338349108e+00 1.602362905377439528e+00 1.675314851940819638e+00 1.886183464588095271e+00 4.061903341919355093e+00 3.374616824003414894e+00 8.616126184937163757e+00 8.983406303408105753e-01 9.447340066913185730e-01 3.035696551305808732e+00 5.159994632053382269e+00 3.378962627072340297e+00 9.076101254206541125e-01 1.724824416250816617e+00 5.462964661392585519e+00 9.956410590996815912e-01 1.514389501869668697e+00 8.000912749357318887e+00 2.022501491091249992e+00 2.126747581408558574e+00 2.198176350494750686e+00 1.982129878572197912e+00 3.827207471759317414e+00 6.684088193329932315e-01 1.827950702660578575e+00 1.022053827521536062e+00 1.646611774731513655e+00 4.655130193281229012e+00 3.025982601347336765e+00 2.009206381006615416e+00 2.923629914549795927e+00 7.864073025142113149e-01 1.208494794180931864e+00 2.171891728230550100e+00 4.999385388174739653e+00 1.801196318650128525e+00 3.629749908640035549e+00 3.522979077182144980e+00 2.053384060058965233e+00 3.049327621296342272e+00 9.254279207562452925e+00 4.285547901273631943e+00 1.197317187623603552e+01 9.331657408301117229e+00 2.784860854026941723e+00 3.922279076653642615e+00 3.315586000870694328e+00 9.500885139082040354e+00 1.009342449992584934e+00 1.210398063842657246e+00 3.252987534440459072e+00 1.725036791642650336e+00 1.512435427267820209e+00 1.441805915681330985e+00 2.220693945508497524e+00 3.221639480900567065e+00 2.026153449576204579e+00 1.668982178789634174e+00 1.975702949021005628e+00 1.934162607148609547e+00 3.212643186618164393e+00 2.243982850815972263e+00 2.259461239759471329e+00 1.939478914773066887e+00 3.248959958827719152e+00 2.182862350758696834e+00 2.449377141484101461e+00 1.911864406372501657e+00 2.106705965650483847e+00 1.446125708718105418e+00 2.122232487810358226e+00 2.329945392156922868e+00 3.851311044422713881e+00 1.631751695009048486e+00 2.045893485428557756e+00 2.020772743930395965e+00 1.612138230210115042e+00 2.143251014967835211e+00 3.020757835650128342e+00 2.670191070592979887e+00 1.751804210147678509e+00 2.389803691486221293e+00 1.534847155672165009e+00 1.267647060226970934e+00 2.400600353432818856e+00 1.136792407589396481e+00 3.069398729655654634e+00
3.305882352941176805e+02 8.423841290080736899e-01 5.412506133704836353e-01 1.206118198156870047e+00 6.944992657164225092e-01 5.187122633551307649e-01 5.680461665097660262e-01 8.026053188413079242e-01 3.738236859053712280e+00 1.228378562510447747e+00 1.809327155566421430e+00 5.901025471791451871e+00 3.241704751638138315e+00 2.326290960530509544e+00 1.593601755374595808e+00 8.237785775723734716e+00 4.092410406728429706e+00 7.308315054679863643e+00 1.503646159305914498e+00 7.199365448276187074e+00 1.619920396024878695e+00 1.605897383501235343e+00 2.761009852161399714e+00 6.022443807598834908e+00 6.444033710794471403e+00 1.364449977337560460e+00 1.430965135591253823e+00 1.610421720508574239e+00 3.496775893912208222e+00 2.901070416948827724e+00 7.477833636570836440e+00 7.632368319927234079e-01 8.030085926947635455e-01 2.601609032884268480e+00 4.453571364683925005e+00 2.903670871087312033e+00 7.702504190990024924e-01 1.471667332731886768e+00 4.719629571937235646e+00 8.440372567392921965e-01 1.292701579568527492e+00 6.943061869434367317e+00 1.731234851586597623e+00 1.818045700727338732e+00 1.878161307973698957e+00 1.693558068175240461e+00 3.291905516131743425e+00 5.648390819943975849e-01 1.561637445777744437e+00 8.693541138292266712e-01 1.406690770757079711e+00 4.007741790959138406e+00 2.596519441999572742e+00 1.715608666302158136e+00 2.507815339834478241e+00 6.662803314050413928e-01 1.028381267409435473e+00 1.857561212580362220e+00 4.315374894769944625e+00 1.539732044854823512e+00 3.120922189571450733e+00 3.029002815970625040e+00 1.752468129407848352e+00 2.614784728995017460e+00 8.036094289903504162e+00 3.691938798703147118e+00 1.043462139699443192e+01 8.104239596624877251e+00 2.388377859617651033e+00 3.375368167525160779e+00 2.848873957422621839e+00 8.252855434226384901e+00 8.573970950525258150e-01 1.029800937717774145e+00 2.795369832964890389e+00 1.474103890932279226e+00 1.289587092599880691e+00 1.229825003935919980e+00 1.896809419111009420e+00 2.767402449394710917e+00 1.731546359866347418e+00 1.424301579090959891e+00 1.685553231184756751e+00 1.653803668507363600e+00 2.753652308962331041e+00 1.917299205636718629e+00 1.930455593464898367e+00 1.656613662316021918e+00 2.791107421902315089e+00 1.867582278243937743e+00 2.094320129662991192e+00 1.630581623823251336e+00 1.802253013025671535e+00 1.231888489090955607e+00 1.815093946414145787e+00 1.994555502004369929e+00 3.315356126426077576e+00 1.391528259716044769e+00 1.746614830627302828e+00 1.725022598538140883e+00 1.375715985904157224e+00 1.829495520607308245e+00 2.594042631968799473e+00 2.290021187387782931e+00 1.495443478128492432e+00 2.048142425495098617e+00 1.306633566256492740e+00 1.078794192991982870e+00 2.051991066932467245e+00 9.662445564471879855e-01 2.630988309915774703e+00
3.311764705882353041e+02 7.135409963402451483e-01 4.567890789541503294e-01 1.026574741388075251e+00 5.884018379083496564e-01 4.382212700617955647e-01 4.795051049429759904e-01 6.815729950381353985e-01 3.216072982565301608e+00 1.046989428377488762e+00 1.546178105508584366e+00 5.104511807605295992e+00 2.786375908314031591e+00 1.993758297751803132e+00 1.361126803332520785e+00 7.153032353972802682e+00 3.524681147393017522e+00 6.334950701900408987e+00 1.283388021611697738e+00 6.239712589470118864e+00 1.384035885573272617e+00 1.370022784744628241e+00 2.369975048262933814e+00 5.207554550556197981e+00 5.580713997722905440e+00 1.160821535020308160e+00 1.221147219929513472e+00 1.373732870112884363e+00 3.007462880215789891e+00 2.491658291777683498e+00 6.483675697435040242e+00 6.478764250878656927e-01 6.819377510738444670e-01 2.227547183693715738e+00 3.840235524297378245e+00 2.492920316044267448e+00 6.531017681191455537e-01 1.254533977272069389e+00 4.073579731619389577e+00 7.148886876305092786e-01 1.102468759055645009e+00 6.019278780554125241e+00 1.480560500958683079e+00 1.552739981092230437e+00 1.603279041076905331e+00 1.445685916611622268e+00 2.828839467998029100e+00 4.769031404885292202e-01 1.332913646148281117e+00 7.388094530513885649e-01 1.200638196018916748e+00 3.447162754023170184e+00 2.225953105132147058e+00 1.463587747553002805e+00 2.149158934151937483e+00 5.640080756376196769e-01 8.743305510791947732e-01 1.587275905928136721e+00 3.721436137922212062e+00 1.315026056239618324e+00 2.680929106430676612e+00 2.601869441950783290e+00 1.494299602150407802e+00 2.240103657673812254e+00 6.971533804986417948e+00 3.177574864022589818e+00 9.084886555954561516e+00 7.031475450843061026e+00 2.046457152522854983e+00 2.902008115191351489e+00 2.445588396230446548e+00 7.161843163301112369e+00 7.276798039701116716e-01 8.753682113063938619e-01 2.399900206233708921e+00 1.258529735957111706e+00 1.098584749144702499e+00 1.048065223411148272e+00 1.618695042239384430e+00 2.375009281576820452e+00 1.478432365185003317e+00 1.214394883329364960e+00 1.436717799626998637e+00 1.412796631033971684e+00 2.358069996204284813e+00 1.636688829768919939e+00 1.647861324555205398e+00 1.413721169217424967e+00 2.395555415214173145e+00 1.596382427220550682e+00 1.789102471207401734e+00 1.389429942811482910e+00 1.540393014749126932e+00 1.048448873596216302e+00 1.550992082791338600e+00 1.705883749318527709e+00 2.851320883588370325e+00 1.185601695229978381e+00 1.489767178886327370e+00 1.471225913483825698e+00 1.172905680481886259e+00 1.560260078117685856e+00 2.225545080033085821e+00 1.962170546507270963e+00 1.275444838314501395e+00 1.753715861437786350e+00 1.111357990439014953e+00 9.172566294434858492e-01 1.752412239124368609e+00 8.205534348377405696e-01 2.253125799389444683e+00
3.317647058823529278e+02 6.038804563015368609e-01 3.851784274295128041e-01 8.729857438346930731e-01 4.980801203351304385e-01 3.699028947590597971e-01 4.044189002694768553e-01 5.782852289809925495e-01 2.764294625859124555e+00 8.915918198085438506e-01 1.320114603464491942e+00 4.411353820695626204e+00 2.392801652896994646e+00 1.707207019481395083e+00 1.161523135337708679e+00 6.205188512600716244e+00 3.032900315197817775e+00 5.486014937099899846e+00 1.094414625533196572e+00 5.402850089055461602e+00 1.181438279342126974e+00 1.167750554772672755e+00 2.032461972063996480e+00 4.498693895623317118e+00 4.828485088100690881e+00 9.867107283888556513e-01 1.041163251150404312e+00 1.170785734481057050e+00 2.584238257173401720e+00 2.138063648928129279e+00 5.616349323619150624e+00 5.494713427194314326e-01 5.786135579032413156e-01 1.905541879487702595e+00 3.308286740423270977e+00 2.138316282884826336e+00 5.532883222315586602e-01 1.068485657890783092e+00 3.512682389191847054e+00 6.049766809904884024e-01 9.393925233425892696e-01 5.213452356874962668e+00 1.265041767926851968e+00 1.324961480054782204e+00 1.367403508350439889e+00 1.232988907215784247e+00 2.428680371156348716e+00 4.023128388665551114e-01 1.136672495654217352e+00 6.273160549780824047e-01 1.023852136673460755e+00 2.962262503797217228e+00 1.906536988333575211e+00 1.247474350741423210e+00 1.840122956220667572e+00 4.770214797968621578e-01 7.427022187598890657e-01 1.355100558131635546e+00 3.206256779949769875e+00 1.122106710965395271e+00 2.300855789428533527e+00 2.232919481426922204e+00 1.273029051872671236e+00 1.917370846017443231e+00 6.042242508675469637e+00 2.732346641147180843e+00 7.902113973630354948e+00 6.094905510879094379e+00 1.751894158149898795e+00 2.492736921964826102e+00 2.097472203029630666e+00 6.209139083310544649e+00 6.170479472165815160e-01 7.434403481091205190e-01 2.058494238358453021e+00 1.073519670202844001e+00 9.350416795277478599e-01 8.923746850440112954e-01 1.380124294274363450e+00 2.036392244836326970e+00 1.261187977172132157e+00 1.034501410773619012e+00 1.223528571189420600e+00 1.205828562114779734e+00 2.017487109466332917e+00 1.395898028783627565e+00 1.405377212915830842e+00 1.205363693995918473e+00 2.054181885468772339e+00 1.363337617641120048e+00 1.526994926087004600e+00 1.182891435496759680e+00 1.315396717487010481e+00 8.915363860654286210e-01 1.324127673675060457e+00 1.457676495835757091e+00 2.449976200335031162e+00 1.009252612098457291e+00 1.269557181693785175e+00 1.253651085302256440e+00 9.991039318682678472e-01 1.329460525574275742e+00 1.907652596694452196e+00 1.679730481767380823e+00 1.086841140841703579e+00 1.500254591975939578e+00 9.444328345416982406e-01 7.792208804532931854e-01 1.495229242328065311e+00 6.962192462657997849e-01 1.927784040108025954e+00
3.323529411764706083e+02 5.106362727512532285e-01 3.245207388629831047e-01 7.417285435681236772e-01 4.212624117415217362e-01 3.119713243096823296e-01 3.408031358315197767e-01 4.902262713590284093e-01 2.373818962986414594e+00 7.585932401221533450e-01 1.126104952018085248e+00 3.808781458332528569e+00 2.052957283632138363e+00 1.460530139751901935e+00 9.903143000773386717e-01 5.377871507935446438e+00 2.607351420790390950e+00 4.746396783348247439e+00 9.324440565985873119e-01 4.673849822797444986e+00 1.007604636724804381e+00 9.944663192596123746e-01 1.741443487466166395e+00 3.882720459357173137e+00 4.173752769453899170e+00 8.379848917970529332e-01 8.869249795287266203e-01 9.969432160050155645e-01 2.218554525693357427e+00 1.832990365970468494e+00 4.860487470400732590e+00 4.656110731696002647e-01 4.905205274673172244e-01 1.628629264322565273e+00 2.847408444116033888e+00 1.832497917384431574e+00 4.683270466295826884e-01 9.092302116159500791e-01 3.026226346386666766e+00 5.115258677390042141e-01 7.997350172849344574e-01 4.511276343385930865e+00 1.079934803636005691e+00 1.129597623025976105e+00 1.165201491824545688e+00 1.050657489049567905e+00 2.083238595025644901e+00 3.391026589692202053e-01 9.684688323082573103e-01 5.321866441750218168e-01 8.723269951018293167e-01 2.543258284947825132e+00 1.631491096063887092e+00 1.062336792252145168e+00 1.574113097970607056e+00 4.031068519548373086e-01 6.303427227427277346e-01 1.155861673360686126e+00 2.759861065214442188e+00 9.566431664652973454e-01 1.972879757177108173e+00 1.914554940867612354e+00 1.083571158768390719e+00 1.639666034803599404e+00 5.231906994540394429e+00 2.347361567285439765e+00 6.866787669694827123e+00 5.278121206720044256e+00 1.498387403232122272e+00 2.139242877809922838e+00 1.797286210439579257e+00 5.378108195940837000e+00 5.227850374617337703e-01 6.308480055761630512e-01 1.764063251528846576e+00 9.148988685339184412e-01 7.951485843733245851e-01 7.591463665029906105e-01 1.175678585238982166e+00 1.744480632215373861e+00 1.074916239683066488e+00 8.804827200801450537e-01 1.041060113955134314e+00 1.028269881394700214e+00 1.724553892468343674e+00 1.189482433652303328e+00 1.197517797351837165e+00 1.026809044901250578e+00 1.759867749514929081e+00 1.163280942994124656e+00 1.302133826062279898e+00 1.006172971982317366e+00 1.122268650372787002e+00 7.574469844195178547e-01 1.129445744275709762e+00 1.244476555282008512e+00 2.103211617588215621e+00 8.583820886155447694e-01 1.080946374752710382e+00 1.067313842529450829e+00 8.503092852672224922e-01 1.131806309179625103e+00 1.633695998874561184e+00 1.436658354103315105e+00 9.253128218429501617e-01 1.282279796441493591e+00 8.018820707928477898e-01 6.613831859286858350e-01 1.274663054610949198e+00 5.902145424580991229e-01 1.647946778461007566e+00
3.329411764705882320e+02 4.314259700852371981e-01 2.731885388712064766e-01 6.296648176631702842e-01 3.559916549929489360e-01 2.628933280258225480e-01 2.869557404068935336e-01 4.152227441415184961e-01 2.036672085830340873e+00 6.448761559211216854e-01 9.597687117025679449e-01 3.285505198222716139e+00 1.759805831994507352e+00 1.248391787326714297e+00 8.436056994105480822e-01 4.656525720983676564e+00 2.239492249577293759e+00 4.102701160903023947e+00 7.937541819687609079e-01 4.039481036252594137e+00 8.585983981859033332e-01 8.461612410832023423e-01 1.490767934948179052e+00 3.348022207807886730e+00 3.604480811345478930e+00 7.110658125595055168e-01 7.548793476529990221e-01 8.481772974779647756e-01 1.902910477361632102e+00 1.570046592153590659e+00 4.202463146403422556e+00 3.942141837692272888e-01 4.154854190653110013e-01 1.390732162019413076e+00 2.448517252109578823e+00 1.569019853233625028e+00 3.960767645490074762e-01 7.730422953348635717e-01 2.604769141722484971e+00 4.321461161077397861e-01 6.802501986079423357e-01 3.900066429307896154e+00 9.211058538472675083e-01 9.622006331228091236e-01 9.920361303860946167e-01 8.945101576109006913e-01 1.785334756557577673e+00 2.855862916001687957e-01 8.244384828677325805e-01 4.510975499841219927e-01 7.425808146492394179e-01 2.181564139752514730e+00 1.394889528211793683e+00 9.038906778480029214e-01 1.345368294189735359e+00 3.403590831705188280e-01 5.345237930641369983e-01 9.850557326699104221e-01 2.373464629823462513e+00 8.148678073588998538e-01 1.690146656872725028e+00 1.640118457492206749e+00 9.215107238975055459e-01 1.400945826028274777e+00 4.526050679882275496e+00 2.014808593120885671e+00 5.961506344614891262e+00 4.566559261101012623e+00 1.280432784188794582e+00 1.834235028177425120e+00 1.538692539247352498e+00 4.653982383500106401e+00 4.425459190765377859e-01 5.348498917005239939e-01 1.510400352477991870e+00 7.790370015148153637e-01 6.756019036304805603e-01 6.452506929514333356e-01 1.000648628178853805e+00 1.493086118654783467e+00 9.153585217444968336e-01 7.487460187668125711e-01 8.850379397386812785e-01 8.760919054281041118e-01 1.472855296585495743e+00 1.012708588114755059e+00 1.019514045947911507e+00 8.739445050389532677e-01 1.506381704168463731e+00 9.917127395712143079e-01 1.109416597352820499e+00 8.551164608235060083e-01 9.566589370913927137e-01 6.429720460999557297e-01 9.625459810579112263e-01 1.061528120196163272e+00 1.803909861572299045e+00 7.294347336008084604e-01 9.195585675256129354e-01 9.078855361460287376e-01 7.230481115678569770e-01 9.627030199732381499e-01 1.397840644589362524e+00 1.227676191129119188e+00 7.871084223438518102e-01 1.095010063964725555e+00 6.802641411047950504e-01 5.608850793239630317e-01 1.085686624906261999e+00 4.999238124751267387e-01 1.407489699249262038e+00
3.335294117647058556e+02 3.642001097873964754e-01 2.297879302244183186e-01 5.340792789585862010e-01 3.005839357398945033e-01 2.213541168048686059e-01 2.414185569482125426e-01 3.513993939066749617e-01 1.745863289307725053e+00 5.477386762037242951e-01 8.172973548302714386e-01 2.831558945885706891e+00 1.507185027673904054e+00 1.066136091667378993e+00 7.180133635811808412e-01 4.028238412097209675e+00 1.921823438439122622e+00 3.543071633834929735e+00 6.751136744633599029e-01 3.488034675488287384e+00 7.309978273801440718e-01 7.193570780268887521e-01 1.275057409517269313e+00 2.884353309125376352e+00 3.110027983123602180e+00 6.028592750916503817e-01 6.419424478122439659e-01 7.209935393895224864e-01 1.630732238742003126e+00 1.343640392484699131e+00 3.630210314866939569e+00 3.334856362534242002e-01 3.516330276722223203e-01 1.186554269834783071e+00 2.103626912274609850e+00 1.342246028662080537e+00 3.346933797185383530e-01 6.566926770604409880e-01 2.239998653616941393e+00 3.647815843052582552e-01 5.781227781437772162e-01 3.368593052792506981e+00 7.849575844611873521e-01 8.189062054346289976e-01 8.438812998771587637e-01 7.609161760610030356e-01 1.528683764034255876e+00 2.403187086004557882e-01 7.012267358686077312e-01 3.820420364770642507e-01 6.315907621856867715e-01 1.869654894523107513e+00 1.191559914718599567e+00 7.684187749232050946e-01 1.148862188266426498e+00 2.871406334698916041e-01 4.528880668133432597e-01 8.387675956831204260e-01 2.039343166780756889e+00 6.935072705306566387e-01 1.446658631851350130e+00 1.403784865006781679e+00 7.830193052340190807e-01 1.195939657987704630e+00 3.911846165261982922e+00 1.727836210420386376e+00 5.170778303598245529e+00 3.947313465226347073e+00 1.093229152608530264e+00 1.571326588390737022e+00 1.316149960518351314e+00 4.023670541192190697e+00 3.743085378603481228e-01 4.530779439388396002e-01 1.292078101275356383e+00 6.627813632845305225e-01 5.735403410182436934e-01 5.479758344395175840e-01 8.509469552299797623e-01 1.276800059049252312e+00 7.788161137712708015e-01 6.361762294476583923e-01 7.517572800457147375e-01 7.457933686901878634e-01 1.256799559000647548e+00 8.614664462877947848e-01 8.672252665353140655e-01 7.432003502372762638e-01 1.288276932064684299e+00 8.447195694768059315e-01 9.444087655112759494e-01 7.261193839871364908e-01 8.147848897552930625e-01 5.453356562454301226e-01 8.196029114628190504e-01 9.046921365197982956e-01 1.545833804857967175e+00 6.193306039155302978e-01 7.815977396288259493e-01 7.716117506868652720e-01 6.143088556139596479e-01 8.181659562653554874e-01 1.194988910873537646e+00 1.048180129308260211e+00 6.689740853421822786e-01 9.342782107010964010e-01 5.766038899186385347e-01 4.752564878771403656e-01 9.239327227851474866e-01 4.230902624330974970e-01 1.201074175805530109e+00
3.341176470588235361e+02 3.071978684780765079e-01 1.931264758477648225e-01 4.526255895324838296e-01 2.535921039991923531e-01 1.862275558797859831e-01 2.029438629641996117e-01 2.971401884971511809e-01 1.495272202567751174e+00 4.648421018957075712e-01 6.953838914674503879e-01 2.438157397297062712e+00 1.289705814748938639e+00 9.097059282128319158e-01 6.106007781556849201e-01 3.481571110548157044e+00 1.647770170282561342e+00 3.057028882480257170e+00 5.737208723415381240e-01 3.009163371866378167e+00 6.218325241406266191e-01 6.110397791699332393e-01 1.089616701361559192e+00 2.482686272540799877e+00 2.680999929402391846e+00 5.106929225418737062e-01 5.454409833875705216e-01 6.123642625019405372e-01 1.396266434864326333e+00 1.148886149477831298e+00 3.133060671108775175e+00 2.818792766445847864e-01 2.973472979144307637e-01 1.011485871245608736e+00 1.805725502334125432e+00 1.147254681246729913e+00 2.825905832908391369e-01 5.573857125633675524e-01 1.924607997078173538e+00 3.076660978470749930e-01 4.909141464010103317e-01 2.906928957456717200e+00 6.683635052989886915e-01 6.963612177482910726e-01 7.172455827769479431e-01 6.467270274565479760e-01 1.307790805660336231e+00 2.020631020494347008e-01 5.959248716005185464e-01 3.232892154923932559e-01 5.367359409092513634e-01 1.600944040303389881e+00 1.016993514688514288e+00 6.527000278684981227e-01 9.802152168228902562e-01 2.420456455782749872e-01 3.834011855141544189e-01 7.135980060887078258e-01 1.750713879433519304e+00 5.897212565732651290e-01 1.237174376937347997e+00 1.200463987253492126e+00 6.647814428175141677e-01 1.020056991142427760e+00 3.377943989490380439e+00 1.480442754710480369e+00 4.480832719288749821e+00 3.408962920978171773e+00 9.325940394011940082e-01 1.344930422065804487e+00 1.124820181920205941e+00 3.475585176686835087e+00 3.163315522985195583e-01 3.834890428907878901e-01 1.104357038361438503e+00 5.633975193539693116e-01 4.864887743701923895e-01 4.649749091345775076e-01 7.230302808422166549e-01 1.090901488663228225e+00 6.620807452578152397e-01 5.400758954147538704e-01 6.380111814729653164e-01 6.343353343788736831e-01 1.071518922443388755e+00 7.321918422439024354e-01 7.370608267830732752e-01 6.314821301563641187e-01 1.100798695559166429e+00 7.189022591044578192e-01 8.032614198590886101e-01 6.160644608933228961e-01 6.933612601441944134e-01 4.621392519184829850e-01 6.972951410085193036e-01 7.703709583499575020e-01 1.323525050872886188e+00 5.254049585033307990e-01 6.637752767931871523e-01 6.552402600852431647e-01 5.214838742362296609e-01 6.947435860651659523e-01 1.020693045713962466e+00 8.941595626745801884e-01 5.680911320564925315e-01 7.964570904836705267e-01 4.883325521832579952e-01 4.023656078926027280e-01 7.856121898860219943e-01 3.577690073084536238e-01 1.024052564814401434e+00
3.347058823529412166e+02 2.589081765680673608e-01 1.621852499745814469e-01 3.832787109629134381e-01 2.137739627376297746e-01 1.565502154974404703e-01 1.704652332875633280e-01 2.510541582330877430e-01 1.279547511972327634e+00 3.941646011224719803e-01 5.911604395781914212e-01 2.097566919442233058e+00 1.102661551211304714e+00 7.755704156707324826e-01 5.188229223428665327e-01 3.006405944230211791e+00 1.411575972745025664e+00 2.635323914092200237e+00 4.871496901824891590e-01 2.593736073595912295e+00 5.285271382456979694e-01 5.186007976823695520e-01 9.303519870788764523e-01 2.135078050312452902e+00 2.309114775705926714e+00 4.322615597395570997e-01 4.630604902120080690e-01 5.196694647412842816e-01 1.194484468659091414e+00 9.815209810670891821e-01 2.701595113529470904e+00 2.380649262998949245e-01 2.512371868167034283e-01 8.615199281806661391e-01 1.548664909757038188e+00 9.797534016464917173e-01 2.384054469433989354e-01 4.727041217589711408e-01 1.652182740863840538e+00 2.592841300016476280e-01 4.165146085580713198e-01 2.506310692625146608e+00 5.686097964552891959e-01 5.916597862252719331e-01 6.091050722830161357e-01 5.492158063587114780e-01 1.117858298549849971e+00 1.697621001059010371e-01 5.060140310769269956e-01 2.733479358631561440e-01 4.557467877419154045e-01 1.369674352037196341e+00 8.672651923684138175e-01 5.539468038653928561e-01 8.356162913962169592e-01 2.038685833307674888e-01 3.243096704970623856e-01 6.065993353236637242e-01 1.501628843514790423e+00 5.010483373278853403e-01 1.057119706715503149e+00 1.025713737217232691e+00 5.639294932769494118e-01 8.693047373823431512e-01 2.914316638571080365e+00 1.267378013421924576e+00 3.879446574004357995e+00 2.941415530122581057e+00 7.948886096765963583e-01 1.150165348930076048e+00 9.604842146463260510e-01 2.999484354721958734e+00 2.671171682224622868e-01 3.243225619965424689e-01 9.431037998065601169e-01 4.785167930495118904e-01 4.123087729586429329e-01 3.942193788783384112e-01 6.138309235739389802e-01 9.312750874747007801e-01 5.623730334785019824e-01 4.581120914983720094e-01 5.410270589231230831e-01 5.390834531607731073e-01 9.127813270743255769e-01 6.217978545829490056e-01 6.259110294062730784e-01 5.361107322092585337e-01 9.398017917774174057e-01 6.113120396613349605e-01 6.826381107418084682e-01 5.222576344224271194e-01 5.895384427751479972e-01 3.913128636511863379e-01 5.927425446435005130e-01 6.554415169993556001e-01 1.132213059511880893e+00 4.453551435606454278e-01 5.632457064350480103e-01 5.559573573509725142e-01 4.423180644738983758e-01 5.894499294757127306e-01 8.710773251859895705e-01 7.621252440343007084e-01 4.820208987676427026e-01 6.783936772770382539e-01 4.132349441043868254e-01 3.403748149203560946e-01 6.674415742054297107e-01 3.022859823469113416e-01 8.723839914184198241e-01
3.352941176470588402e+02 2.180357234371965158e-01 1.360945324553460289e-01 3.242928930575761926e-01 1.800644121857497837e-01 1.314987543626650046e-01 1.430721744767035064e-01 2.119453942654490330e-01 1.094016119449054969e+00 3.339602889849760947e-01 5.021428241576131324e-01 1.802988402464480222e+00 9.419466393607155430e-01 6.606603739926811825e-01 4.404766450145873313e-01 2.593804976353134339e+00 1.208207068137337359e+00 2.269804204650489599e+00 4.133016998954758825e-01 2.233705544313473013e+00 4.488514325523489390e-01 4.397851415780041351e-01 7.936981210587754632e-01 1.834548750043037302e+00 1.987080783865892597e+00 3.655789607738276215e-01 3.927994943284014995e-01 4.406445440556265303e-01 1.020996611155514877e+00 8.378298498876032285e-01 2.327508317631904244e+00 2.008994891388665160e-01 2.121066759115686762e-01 7.331774582041408195e-01 1.327061147745725034e+00 8.360032275626527731e-01 2.009682596020400669e-01 4.005601846330127946e-01 1.417098982657471806e+00 2.183366578581092676e-01 3.531011162029611961e-01 2.159012199581965330e+00 4.833436121930949625e-01 5.022865422880489206e-01 5.168437988350341739e-01 4.660234957231920161e-01 9.547025691467572184e-01 1.425127105354114521e-01 4.293154858317766442e-01 2.309350232616006748e-01 3.866602534643626132e-01 1.170819572283281262e+00 7.389619285150431649e-01 4.697493605089597124e-01 7.117529777209309350e-01 1.715768219890648760e-01 2.741038476599932383e-01 5.152185689555470738e-01 1.286878762580883295e+00 4.253578947548649070e-01 9.025075112880960315e-01 8.756623294605969665e-01 4.779859894852182545e-01 7.402136278337246855e-01 2.512116268970993271e+00 1.084054801143292668e+00 3.355785338928422679e+00 2.535765074595198065e+00 6.769507913279588784e-01 9.827721832910089050e-01 8.194675671776801007e-01 2.586327404362167126e+00 2.253785056411617138e-01 2.740630188658622624e-01 8.047180495198930084e-01 4.060897183132482491e-01 3.491549113544438199e-01 3.339578769543727899e-01 5.206960282323143119e-01 7.943378284931875699e-01 4.772879437768152155e-01 3.882694810618832482e-01 4.584106150540248059e-01 4.577567562921701083e-01 7.769117721766338747e-01 5.276140026670042005e-01 5.310858033939587219e-01 4.547693185138608762e-01 8.016767946171623471e-01 5.193938654782961351e-01 5.796499856738299705e-01 4.423732755387130289e-01 5.008475978971139719e-01 3.310721258176370085e-01 5.034505629504366642e-01 5.571959017945432580e-01 9.677335380459449743e-01 3.771936607910272299e-01 4.775498215550480485e-01 4.713315321237047661e-01 3.748634430846552457e-01 4.997047340129220916e-01 7.427685906412324623e-01 6.490450845521755774e-01 4.086559320795284389e-01 5.773503308730597583e-01 3.494029550903340331e-01 2.877018555799543131e-01 5.665789352541102941e-01 2.552018440377341602e-01 7.425592495657370451e-01
3.358823529411764639e+02 1.834717435545936970e-01 1.141129905585847731e-01 2.741654051524333724e-01 1.515515183615410155e-01 1.103705356104852653e-01 1.199884128633983138e-01 1.787872004788070568e-01 9.346039047046219572e-01 2.827238496621254926e-01 4.261825801542338810e-01 1.548454708492059684e+00 8.039856126485387389e-01 5.623121779949690202e-01 3.736576826034077037e-01 2.235886904988052759e+00 1.033269008749966966e+00 1.953296550847888557e+00 3.503646650367752136e-01 1.921992312564854810e+00 3.808770260173160449e-01 3.726464288280176285e-01 6.765553606409877574e-01 1.574975462021440231e+00 1.708489319535062334e+00 3.089362871970389723e-01 3.329298316623612863e-01 3.733350776886765754e-01 8.719771211044806680e-01 7.145804443176678733e-01 2.003490123184216376e+00 1.694020770199228809e-01 1.789289368826625093e-01 6.234426861128249397e-01 1.136207323193477947e+00 7.127525204118489999e-01 1.692765922496144992e-01 3.391535447992590213e-01 1.214434331902728204e+00 1.837118340822129214e-01 2.991007258785443046e-01 1.858234195117483001e+00 4.105282461913533076e-01 4.260675082374014710e-01 4.382021797695352938e-01 3.951124694212567734e-01 8.146811967257785447e-01 1.195448583354733751e-01 3.639476044824244139e-01 1.949479034080720263e-01 3.277810106275811375e-01 9.999988928463154902e-01 6.291207680086255971e-01 3.980277997827516012e-01 6.057508257534724994e-01 1.442871102871565725e-01 2.314858732698659716e-01 4.372479003125907537e-01 1.101908905685965445e+00 3.608085090390076299e-01 7.698680366147871990e-01 7.469405329667474502e-01 4.048138152716717064e-01 6.297742732916625785e-01 2.163549844941347278e+00 9.264718955969865055e-01 2.900263179248615764e+00 2.184166030445967355e+00 5.760371667493873193e-01 8.390405642737113201e-01 6.985751215274110804e-01 2.228148359830064429e+00 1.900115176416614649e-01 2.314078719561178388e-01 6.860687664221801763e-01 3.443457529018801311e-01 2.954370233552115477e-01 2.826806255054805650e-01 4.413349857968847378e-01 6.769751279607787442e-01 4.047475784464911186e-01 3.288097275303719091e-01 3.880973582246984299e-01 3.883833129474021928e-01 6.607240235376965476e-01 4.473336178698315013e-01 4.502616534121651193e-01 3.854574098648773095e-01 6.832858692983286852e-01 4.409372875931346081e-01 4.917996069528906555e-01 3.744068389983534195e-01 4.251530964229109921e-01 2.798811728919598507e-01 4.272619383853969444e-01 4.732898396808639663e-01 8.264574090668451722e-01 3.192076308351706193e-01 4.045654839678639592e-01 3.992647566164830297e-01 3.174398797695965335e-01 4.232817467954608781e-01 6.328357669481063930e-01 5.522884605517238699e-01 3.461777815550115545e-01 4.909538315993829949e-01 2.951954284111287241e-01 2.429863799744026442e-01 4.805682679609875052e-01 2.152808758322515281e-01 6.315357096099645240e-01
3.364705882352941444e+02 1.542677699027148186e-01 9.560913445554679313e-02 2.316035687465883841e-01 1.274549945415157093e-01 9.256632623638119672e-02 1.005525330143825086e-01 1.506987333727425327e-01 7.977613485565688833e-01 2.391582455690221265e-01 3.614228237093864426e-01 1.328732514249103547e+00 6.856667979475543628e-01 4.782157365456220499e-01 3.167212145971561865e-01 1.925706991182499328e+00 8.829280813451367838e-01 1.679493749309248107e+00 2.967745517308187919e-01 1.652372594204511103e+00 3.229376559390475521e-01 3.155057741633164881e-01 5.762304459124623079e-01 1.350990748494685478e+00 1.467711763857422413e+00 2.608643164605951026e-01 2.819603245487346532e-01 3.160554588621806160e-01 7.440940648705401950e-01 6.089623367761729522e-01 1.723110738259129970e+00 1.427315456010079808e-01 1.508229793378320638e-01 5.297031422112117305e-01 9.719913498830601295e-01 6.071753804536864640e-01 1.424719367152048610e-01 2.869326871959685943e-01 1.039883355835891532e+00 1.544586365310581522e-01 2.531571898145188459e-01 1.597997128101170228e+00 3.484018368201107219e-01 3.611250240816016865e-01 3.712297640628410833e-01 3.347238817340887351e-01 6.946251743212540353e-01 1.002022466138193374e-01 3.082864191211358018e-01 1.644398103603639805e-01 2.776459194663583041e-01 8.533966357884993359e-01 5.351711935183364188e-01 3.369881154908131449e-01 5.151171404607056692e-01 1.212444554859378881e-01 1.953407509727124736e-01 3.707793322554726601e-01 9.427396529985893059e-01 3.058097678309726897e-01 6.561838191058577685e-01 6.366184304649156189e-01 3.425706706983420724e-01 5.353779708946593274e-01 1.861758246234458625e+00 7.911415112588450205e-01 2.504404953189895089e+00 1.879712014467100456e+00 4.897691466867611365e-01 7.157404282706839593e-01 5.950304868043954087e-01 1.917933080975848137e+00 1.600696333412268690e-01 1.952383389107923972e-01 5.844349276810547611e-01 2.917563382824071572e-01 2.497858039041501999e-01 2.390869730467359566e-01 3.737712897951830371e-01 5.764814490777319111e-01 3.429578732389588214e-01 2.782344182725600135e-01 3.283083600556385706e-01 3.292594935142720280e-01 5.614574693302321062e-01 3.789656031645931011e-01 3.814330464628887252e-01 3.264488388838122090e-01 5.819030009440978590e-01 3.740312537887486299e-01 4.169293636735509345e-01 3.166316713916177417e-01 3.606087775428402087e-01 2.364189075958051667e-01 3.623123503872919815e-01 4.016952250150093162e-01 7.052241559854173225e-01 2.699218206520195285e-01 3.424626445287167753e-01 3.379479542940980741e-01 2.685992259214185496e-01 3.582614222094799850e-01 5.387336629472727623e-01 4.695745975223781232e-01 2.930184138276915040e-01 4.171482471609260778e-01 2.492017409499170111e-01 2.050595937815027081e-01 4.072885140058879472e-01 1.814628794309152693e-01 5.366770430867797703e-01
3.370588235294117680e+02 1.296136073987697312e-01 8.004578210545010286e-02 1.954970222438411898e-01 1.071081444505337932e-01 7.757577983477442762e-02 8.420176151174274537e-02 1.269253689952366815e-01 6.804009969244788625e-01 2.021475669902998706e-01 3.062611231322922567e-01 1.139239833859616802e+00 5.842864874536514153e-01 4.063706844575324939e-01 2.682486628881636803e-01 1.657156539375282733e+00 7.538452065026944870e-01 1.442859702209918993e+00 2.511835679813692046e-01 1.419384337613390556e+00 2.735957305440487319e-01 2.669171953008986908e-01 4.903869890015966626e-01 1.157897343461844253e+00 1.259813090704073879e+00 2.201016955411803644e-01 2.386062131900648642e-01 2.673540993918914754e-01 6.344502463577708085e-01 5.185358116501471715e-01 1.480724515665186924e+00 1.201676215176408491e-01 1.270340240850109104e-01 4.496992150052539494e-01 8.308266457322116549e-01 5.168197887248422440e-01 1.198200899935057823e-01 2.425625365339337813e-01 8.896864994875880450e-01 1.297647555654592166e-01 2.141028439374209336e-01 1.373051463590519550e+00 2.954426139789392836e-01 3.058398040120618999e-01 3.142454789076170041e-01 2.833418096809086073e-01 5.917817675810497224e-01 8.392631237718439774e-02 2.609324540017826100e-01 1.385989432938178889e-01 2.349941241691771432e-01 7.276947004088321069e-01 4.548866343120702149e-01 2.850852104749295735e-01 4.376936447064760372e-01 1.018044045834051170e-01 1.647119618798395801e-01 3.141664686486878022e-01 8.058995485890134702e-01 2.589901259024132707e-01 5.588348949916880359e-01 5.421521896056303857e-01 2.896707712858915817e-01 4.547668598543817553e-01 1.600714788977409375e+00 6.750283767177226446e-01 2.160731064718658168e+00 1.616333985899215175e+00 4.160876672832231060e-01 6.100643445226601180e-01 5.064249353161340839e-01 1.649516344245507860e+00 1.347424645720515235e-01 1.645948687379631958e-01 4.974555598170196657e-01 2.470038146206842422e-01 2.110238778123359471e-01 2.020580933889049302e-01 3.163020245360509408e-01 4.905102844061640099e-01 2.903721624357751274e-01 2.352538796939976917e-01 2.775130283213645965e-01 2.789157010066791176e-01 4.767239640895243880e-01 3.207938558043147426e-01 3.228715035025765401e-01 2.762563711851513393e-01 4.951636857488646015e-01 3.170260783915373470e-01 3.531780570458977753e-01 2.675627022473829886e-01 3.056211534889652359e-01 1.995506374915710368e-01 3.069930856405096997e-01 3.406601660927967568e-01 6.012857587907038948e-01 2.280675640360792511e-01 2.896655042280943948e-01 2.858235336407410898e-01 2.270951471540376132e-01 3.029911428417428887e-01 4.582556404116135407e-01 3.989291125568278362e-01 2.478277471933106602e-01 3.541552715735805656e-01 2.102111940616598618e-01 1.729187465221056208e-01 3.449106482599329504e-01 1.528395569844646640e-01 4.557025033207814380e-01
3.376470588235293917e+02 1.088178658142108235e-01 6.696642004672782866e-02 1.648929996567869427e-01 8.994189295329280132e-02 6.496468296070548321e-02 7.045772112798233400e-02 1.068212789369733379e-01 5.798402911471178811e-01 1.707327364966635952e-01 2.593160984585973217e-01 9.759696076237964757e-01 4.974980516047082246e-01 3.450467404755609424e-01 2.270178675118748879e-01 1.424868650209937249e+00 6.431153901176834831e-01 1.238540810728612440e+00 2.124314859792462151e-01 1.218239635709716939e+00 2.316122648191307198e-01 2.256366126507661773e-01 4.170004106671752475e-01 9.915892961236679737e-01 1.080471436852310285e+00 1.855666471790979877e-01 2.017617507754265738e-01 2.259822522836147096e-01 5.405292784197490707e-01 4.411852942284591461e-01 1.271380223293804956e+00 1.010941588711243982e-01 1.069160865417432965e-01 3.814786061504830683e-01 7.095885485872978071e-01 4.395604742747979410e-01 1.006937894026966596e-01 2.048954594626978265e-01 7.605646397564881367e-01 1.089370533513670802e-01 1.809334488094512527e-01 1.178793991418214393e+00 2.503375784903068002e-01 2.588168679706440156e-01 2.658019520665211299e-01 2.396610816238254338e-01 5.037624773309055115e-01 7.024214363096037417e-02 2.206809604656204682e-01 1.167299453069079035e-01 1.987402371900773013e-01 6.200108965043762410e-01 3.863405433915262921e-01 2.409897657703539142e-01 3.716136443371088061e-01 8.541741093413711405e-02 1.387797849622756652e-01 2.659901582024057909e-01 6.883638768740784064e-01 2.191680404942785154e-01 4.755489469036683348e-01 4.613356200271793717e-01 2.447505619861348458e-01 3.859888553375482312e-01 1.375130556977113949e+00 5.754939631367073094e-01 1.862648610625023293e+00 1.388705090688670429e+00 3.532121883257094974e-01 5.195749237108435725e-01 4.306710070410044722e-01 1.417485546184293010e+00 1.133369110589882156e-01 1.386553226685991180e-01 4.230843488113459339e-01 2.089535257009891012e-01 1.781399532477545566e-01 1.706325676174084149e-01 2.674615370385580171e-01 4.170287365487420628e-01 2.456584768813535047e-01 1.987592547487653516e-01 2.343958245734204804e-01 2.360855600099151519e-01 4.044598068587230699e-01 2.713408428038596720e-01 2.730888996070515162e-01 2.335999827180828825e-01 4.210192361430312724e-01 2.684992080900034939e-01 2.989418797513626047e-01 2.259239667979081878e-01 2.588162797921105263e-01 1.683027782591385024e-01 2.599174679463546189e-01 2.886729790899199011e-01 5.122555062994659236e-01 1.925549661952173919e-01 2.448186092251312118e-01 2.415518375295721276e-01 1.918561182588881808e-01 2.560495880816257008e-01 3.894906707497514109e-01 3.386447061944833359e-01 2.094445768870624724e-01 3.004383912916654964e-01 1.771857488644609235e-01 1.457044258246536494e-01 2.918591414895634895e-01 1.286335377230411747e-01 3.866410949170025479e-01
3.382352941176470722e+02 9.129116710739969276e-02 5.598349255175874561e-02 1.389748577173064992e-01 7.547101494038829794e-02 5.436398310079732649e-02 5.891419873357944814e-02 8.983433842521720836e-02 4.937512365022584948e-01 1.440903818141704984e-01 2.193982740688429356e-01 8.354219066692145645e-01 4.232671845378914721e-01 2.927489669708825404e-01 1.919770803831991057e-01 1.224134197193348150e+00 5.482143186595526130e-01 1.062287241809178218e+00 1.795206630187301811e-01 1.044746818398682109e+00 1.959206474657108898e-01 1.905948483168102836e-01 3.543183763149008181e-01 8.484819193508077451e-01 9.259066551668986289e-01 1.563324188889509969e-01 1.704763221481478408e-01 1.908668690836902160e-01 4.601481271069770007e-01 3.750784383777636677e-01 1.090741053290659401e+00 8.498465513175822161e-02 8.991688744788410570e-02 3.233564625354240496e-01 6.055581095213368181e-01 3.735575326729779766e-01 8.455770856121563872e-02 1.729460487890160103e-01 6.496611600516203344e-01 9.138471355920316230e-02 1.527862713548300000e-01 1.011193367561479040e+00 2.119551526936366836e-01 2.188558194107594335e-01 2.246544241008848475e-01 2.025592383777283512e-01 4.284972888219695797e-01 5.874636765118673720e-02 1.864959897750687878e-01 9.823784326925733001e-02 1.679509609176661478e-01 5.278446399124741006e-01 3.278678935512458481e-01 2.035593771592976164e-01 3.152644954202043492e-01 7.161535153482843918e-02 1.168424982724388106e-01 2.250285040762934341e-01 5.875003552099710147e-01 1.853267927559352490e-01 4.043574863659104013e-01 3.922576037271761629e-01 2.066388784024804359e-01 3.273581773027084418e-01 1.180369930997554606e+00 4.902473595527486738e-01 1.604353853775874139e+00 1.192155774252260159e+00 2.996047995271738928e-01 4.421585455579589707e-01 3.659617743715278260e-01 1.217094842048664693e+00 9.526083044002940647e-02 1.167160636737936685e-01 3.595497718681808230e-01 1.766294950034871525e-01 1.502663499802713021e-01 1.439851587439409386e-01 2.259897977716804340e-01 3.542776653979480272e-01 2.076710242397138140e-01 1.677982164997873782e-01 1.978272945238130076e-01 1.996790487509098322e-01 3.428837048552326738e-01 2.293358652718578139e-01 2.308054767240915184e-01 1.973792238812573929e-01 3.576966673120089424e-01 2.272253410667048612e-01 2.528403777351656556e-01 1.906203801789145835e-01 2.190108575155217674e-01 1.418409021512747614e-01 2.198915643061715719e-01 2.444307429254345965e-01 4.360629520607464671e-01 1.624487521086245279e-01 2.067573422766475211e-01 2.039819300635320465e-01 1.619619316872554227e-01 2.162157283220051684e-01 3.307856602341207597e-01 2.872467394700368715e-01 1.768712630257669727e-01 2.546715296187630484e-01 1.492363754278497046e-01 1.226808738995012471e-01 2.467783534149979863e-01 1.081802271616077726e-01 3.277914623628780388e-01
3.388235294117647527e+02 7.653162738546284705e-02 4.676832605943896659e-02 1.170433990736775287e-01 6.328221606084254158e-02 4.546033667015126484e-02 4.922661590680542376e-02 7.549304458668781859e-02 4.201159459215842440e-01 1.215144218159837780e-01 1.854845777144452090e-01 7.145435535487828504e-01 3.598324165352423387e-01 2.481872512316304069e-01 1.622222200034716399e-01 1.050826482410475382e+00 4.669511030038139276e-01 9.103824866936768290e-01 1.515942168748538321e-01 8.952407852832983126e-01 1.656036973294944259e-01 1.608740723827615238e-01 3.008259563217659527e-01 7.254495009239907422e-01 7.928165756393305008e-01 1.316059386208876525e-01 1.439335955633920527e-01 1.610869029965694421e-01 3.914151922491512225e-01 3.186300692835362658e-01 9.350132326105977665e-01 7.138969504561028245e-02 7.556477537963537938e-02 2.738804099909133427e-01 5.163722754735513565e-01 3.172199655960837861e-01 7.095547199764895563e-02 1.458691275462745962e-01 5.544905478428496792e-01 7.660466604861597417e-02 1.289209762597006426e-01 8.667235049216859277e-01 1.793212221521245653e-01 1.849248684981289192e-01 1.897335823289978129e-01 1.710720368433561456e-01 3.641943132171047148e-01 4.909673195113628541e-02 1.574877329082034760e-01 8.261411194838320926e-02 1.418246815011359463e-01 4.490290040254040216e-01 2.780313474842519006e-01 1.718133744809522967e-01 2.672546380892699691e-01 5.999988505461768817e-02 9.830004629754036938e-02 1.902306457307029186e-01 5.010209871779252033e-01 1.565924818972629917e-01 3.435572359948175780e-01 3.332645795734277550e-01 1.743309204077493624e-01 2.774207021743557156e-01 1.012375061910692819e+00 4.173018500448554824e-01 1.380744422422314877e+00 1.022597941265989574e+00 2.539386870205375124e-01 3.759845188095242152e-01 3.107349719496635410e-01 1.044188368642834375e+00 8.000887439022202896e-02 9.817553217184614434e-02 3.053199989029428685e-01 1.491931821624853383e-01 1.266594321658062738e-01 1.214083033612162743e-01 1.908047591353275729e-01 3.007365938989638443e-01 1.754252786066099190e-01 1.415537793093807062e-01 1.668388270505076765e-01 1.687589952230816592e-01 2.904598974917856902e-01 1.936873294715890093e-01 1.949219047455196252e-01 1.666490866953506955e-01 3.036633912429005933e-01 1.921502748638793112e-01 2.136866896096910606e-01 1.607131402765696604e-01 1.851869280783615401e-01 1.194506280973355039e-01 1.858885536041278430e-01 2.068117401964632840e-01 3.709141350257125214e-01 1.369472194487372785e-01 1.744821727661563793e-01 1.721261180269305635e-01 1.366232044732784146e-01 1.824417695574023779e-01 2.807123015675170308e-01 2.434629901314797895e-01 1.492516493284615220e-01 2.157115433419029282e-01 1.256024949144825542e-01 1.032188788293152831e-01 2.085031560718111354e-01 9.091205991611636672e-02 2.776866862829845961e-01
3.394117647058823195e+02 6.411230609630225175e-02 3.904246176000449736e-02 9.850061696840271830e-02 5.302383301123846787e-02 3.798796836172780439e-02 4.110297082373631089e-02 6.339516269735913367e-02 3.571873301155462643e-01 1.024000035632558481e-01 1.566960222401886649e-01 6.106742711814067137e-01 3.056702562252831545e-01 2.102494859865312593e-01 1.369769860284918150e-01 9.013336464484357213e-01 3.974264363779255183e-01 7.795804104354724373e-01 1.279169652390069467e-01 7.665207910251552459e-01 1.398735868905443269e-01 1.356872208495537857e-01 2.552149433762943009e-01 6.197697839799551911e-01 6.783200190600895407e-01 1.107092468492270193e-01 1.214333148043959532e-01 1.358526346495311510e-01 3.326932783354415446e-01 2.704703987592660952e-01 8.008820354630533656e-01 5.992606192926132336e-02 6.345737366361305087e-02 2.317998617769449488e-01 4.399796995057087545e-01 2.691735690647246160e-01 5.949841344785843089e-02 1.229405741568378868e-01 4.728927267921252953e-01 6.416899825027896909e-02 1.087029431784696798e-01 7.423040077820615146e-01 1.515981442486810937e-01 1.561381142323898796e-01 1.601218317415336878e-01 1.443720473335268206e-01 3.093041887144415414e-01 4.100313463809671100e-02 1.328927401083540849e-01 6.942456932395189850e-02 1.196736277034185641e-01 3.816883496658162178e-01 2.355915073783672875e-01 1.449108306968679982e-01 2.263846266204188884e-01 5.023239655408730242e-02 8.263985210142199556e-02 1.606937947961353530e-01 4.269393591964742996e-01 1.322147817800074232e-01 2.916760681078977568e-01 2.829274486491144547e-01 1.469655484213778229e-01 2.349235189573520843e-01 8.675982218621137720e-01 3.549365006772033371e-01 1.187340215817002775e+00 8.764569038140673785e-01 2.150704327865447518e-01 3.194690181925882166e-01 2.636413923799404979e-01 8.951312741667123429e-01 6.715021472638724176e-02 8.251997636418167970e-02 2.590719490274274173e-01 1.259249082181367607e-01 1.066825544302991285e-01 1.022959838833168572e-01 1.609782234665659562e-01 2.550928115030893784e-01 1.480761984809971232e-01 1.193258192585099631e-01 1.406006407510121126e-01 1.425205256736583326e-01 2.458657792915659446e-01 1.634585170334341697e-01 1.644948646840965756e-01 1.405989213602563959e-01 2.575961103226789284e-01 1.623680004951702227e-01 1.804615061385670960e-01 1.353982790565377292e-01 1.564697301561385201e-01 1.005210009545320221e-01 1.570263007299987357e-01 1.748513234375085879e-01 3.152564370843715658e-01 1.153638972084886083e-01 1.471361768737077247e-01 1.451377076164782620e-01 1.151635105121871228e-01 1.538295387698217498e-01 2.380378938715915493e-01 2.061970927436942436e-01 1.258517862708797563e-01 1.825740737373851841e-01 1.056341088831594249e-01 8.678091704200505130e-02 1.760332478938016476e-01 7.634484014454377687e-02 2.350633850679232639e-01
3.400000000000000000e+02 5.367038188457362580e-02 3.257021602138671090e-02 8.283558070742139123e-02 4.439694511881656092e-02 3.172167312405563266e-02 3.429605900344764868e-02 5.319790253650198697e-02 3.034544620523937919e-01 8.622953809103557632e-02 1.322782217916232961e-01 5.214988388169029543e-01 2.594645174205033600e-01 1.779780547004026492e-01 1.155755102687366781e-01 7.724982795559767190e-01 3.379956546236685955e-01 6.670490728887623622e-01 1.078588082743223292e-01 6.557949169372742082e-01 1.180543226498136367e-01 1.143600822652383053e-01 2.163568934264336330e-01 5.290746627572212590e-01 5.799061176911890492e-01 9.306339494854837247e-02 1.023754260363346630e-01 1.144876584775581102e-01 2.825669709404994290e-01 2.294170693910948244e-01 6.854547621679679681e-01 5.026732149137396605e-02 5.325175847770523968e-02 1.960391499809740201e-01 3.746016648619018286e-01 2.282327030005817103e-01 4.985586595423462802e-02 1.035406344074956270e-01 4.029926125982993268e-01 5.371409186836019478e-02 9.158874468773674227e-02 6.352470531437807155e-01 1.280664025132892403e-01 1.317357259161998362e-01 1.350326022931162828e-01 1.217499974692698717e-01 2.624887461524418875e-01 3.421992016639756329e-02 1.120566683306426642e-01 5.829889007257504224e-02 1.009083366635536577e-01 3.242009908111361804e-01 1.994808255283914422e-01 1.221314119389927955e-01 1.916217347405272386e-01 4.202533062413551374e-02 6.942451674511003479e-02 1.356432075671639703e-01 3.635328582145585519e-01 1.115501512921311528e-01 2.474430501564338081e-01 2.400124835305824100e-01 1.238055209615513547e-01 1.987882686634754315e-01 7.429413547723030531e-01 3.016622880387406780e-01 1.020212385690786983e+00 7.506106410237165516e-01 1.820157415066104567e-01 2.712433254279501549e-01 2.235171172128136707e-01 7.667483104391110693e-01 5.631793074122022624e-02 6.931108976622570028e-02 2.196641162737179021e-01 1.062076642873952814e-01 8.979123841439649867e-02 8.612969931924226163e-02 1.357148111450686423e-01 2.162142318825737708e-01 1.248992352922341093e-01 1.005149895954603190e-01 1.184026299959034106e-01 1.202731254930393262e-01 2.079635481475368974e-01 1.378464673423808740e-01 1.387157710909075192e-01 1.185340790141772016e-01 2.183535007415443596e-01 1.371007110822452524e-01 1.522903518850994009e-01 1.139880226613654290e-01 1.321083629115407110e-01 8.453006480484247243e-02 1.325477822574925579e-01 1.477208104647046161e-01 2.677476180607300527e-01 9.711159614435813103e-02 1.239854686765064634e-01 1.222916431809823040e-01 9.700382308835005241e-02 1.296099371817104606e-01 2.016997254425446917e-01 1.745052638784701515e-01 1.060431548356097903e-01 1.544124149037035265e-01 8.877629426891313347e-02 7.290826376812710452e-02 1.485107561851088387e-01 6.406591888732403317e-02 1.988346556344653682e-01
3.405882352941176805e+02 4.489782831871531182e-02 2.715230239875776955e-02 6.961220665225116566e-02 3.714771575963852351e-02 2.647080857543653021e-02 2.859680391536624164e-02 4.460942773801565564e-02 2.576121005947621390e-01 7.256056575697025779e-02 1.115844118129433599e-01 4.450046604152964602e-01 2.200793540526270742e-01 1.505492606692725999e-01 9.744724568165911982e-02 6.615634970430250839e-01 2.872361864570068812e-01 5.703207817806095203e-01 9.088027420942580703e-02 5.606307063405822078e-01 9.956648462309983239e-02 9.631571991631336649e-02 1.832794796788256020e-01 4.513064732638115695e-01 4.953892538041712035e-01 7.817448453016832832e-02 8.624628001586612247e-02 9.641323223633525841e-02 2.398139417552906105e-01 1.944506281606033504e-01 5.862099666092248640e-01 4.213568745454032705e-02 4.465596925232299258e-02 1.656740512491059192e-01 3.186975841029068834e-01 1.933755338185463579e-01 4.174678767424448017e-02 8.713942921810798048e-02 3.431643525798501737e-01 4.493126877355532733e-02 7.711352926413665709e-02 5.432100997945340515e-01 1.081086048549402545e-01 1.110666888609060377e-01 1.137923479090841156e-01 1.025985309646275379e-01 2.225934875045477712e-01 2.853927152985182361e-02 9.441927631112456698e-02 4.892153406000448318e-02 8.502412631047076563e-02 2.751663583686322356e-01 1.687807677264556439e-01 1.028587269258720432e-01 1.620777414597039945e-01 3.513473333548795818e-02 5.828117224254553835e-02 1.144147222364494676e-01 3.093093236910912092e-01 9.404721595386945909e-02 2.097621486057553442e-01 2.034557798571390297e-01 1.042203228733214609e-01 1.680878173455795654e-01 6.357023079775333541e-01 2.561922746456127276e-01 8.759196472234054287e-01 6.423357210900949577e-01 1.539282028783000578e-01 2.301259244582795349e-01 1.893591670584277298e-01 6.562689390046311244e-01 4.719984287460875227e-02 5.817531104604527908e-02 1.861127210310699331e-01 8.951302066134224356e-02 7.552031196715891515e-02 7.246628615845281118e-02 1.143336678261477057e-01 1.831256062684436525e-01 1.052738090386978465e-01 8.460874779951420288e-02 9.963773555011067040e-02 1.014250104204396374e-01 1.757754386113262179e-01 1.161635993427636154e-01 1.168922498197161319e-01 9.985992541753645202e-02 1.849522578049361543e-01 1.156813632322908486e-01 1.284237944056055014e-01 9.589460837721761055e-02 1.114589239441221430e-01 7.103235108221074567e-02 1.118040264156676955e-01 1.247090757281474754e-01 2.272285970249341980e-01 8.168857411813151836e-02 1.044021889060751662e-01 1.029676776599031812e-01 8.164900815432071801e-02 1.091250698732247476e-01 1.707826287292851797e-01 1.475759355114840687e-01 8.928808038032948202e-02 1.304990412327666771e-01 7.455578493648258587e-02 6.120984153388121796e-02 1.252007247531561895e-01 5.372397661343834147e-02 1.680664205731728644e-01
3.411764705882353041e+02 3.753339546035094898e-02 2.262037183057683323e-02 5.845867016483510120e-02 3.106080475394017160e-02 2.207414644875386328e-02 2.382854534895731055e-02 3.738153009768575147e-02 2.185339222689333116e-01 6.101524036535682649e-02 9.406067309884801053e-02 3.794442059461480277e-01 1.865356226700422837e-01 1.272553487267462369e-01 8.210383080090725982e-02 5.661249713707254827e-01 2.439189186898976514e-01 4.872477372059458856e-01 7.651996126578468338e-02 4.789113364386911598e-01 8.391394068417555585e-02 8.106094310633604749e-02 1.551458001257078612e-01 3.846793322302671791e-01 4.228691261821607705e-01 6.562160384254683843e-02 7.260664434516297949e-02 8.113467992854364597e-02 2.033797650610925656e-01 1.646930297266052390e-01 5.009523621234204249e-01 3.529500785065084467e-02 3.742168333760623883e-02 1.399113037126524517e-01 2.709346060753998753e-01 1.637223509687383005e-01 3.493255058125304541e-02 7.328438755245345049e-02 2.919997807240613530e-01 3.755874754335966625e-02 6.488006530742837508e-02 4.641539120425076104e-01 9.119554559232889712e-02 9.357380018199663863e-02 9.582489903256691255e-02 8.639810650764433164e-02 1.886234620857146216e-01 2.378555116345662176e-02 7.950138567583124594e-02 4.102391144627257069e-02 7.158934771534612718e-02 2.333761764963241392e-01 1.427018579364904838e-01 8.656587108713312273e-02 1.369895224029763769e-01 2.935384299642268199e-02 4.889228164675400029e-02 9.643956629950986570e-02 2.629776585613907147e-01 7.923406286837886281e-02 1.776891842019439338e-01 1.723408756381298035e-01 8.767127149071266001e-02 1.420258989888208978e-01 5.435269704744826180e-01 2.174154045861523277e-01 7.514514366051231464e-01 5.492591784905000996e-01 1.300807563183469517e-01 1.950979997627642903e-01 1.603041791307395769e-01 5.612785952626009323e-01 3.953061008933408255e-02 4.879458042479724311e-02 1.575708277052202122e-01 7.538887584335010605e-02 6.347276172302161734e-02 6.092735931556170909e-02 9.625257541948473161e-02 1.549876945436213238e-01 8.866893521466893968e-02 7.116923321575666095e-02 8.378752315115554905e-02 8.546954162397099597e-02 1.484620956915747025e-01 9.782173779856623286e-02 9.843205157593483412e-02 8.406797280203623379e-02 1.565461302100694674e-01 9.753850416341482144e-02 1.082202341184417271e-01 8.061625207989021880e-02 9.396984727866071474e-02 5.964805804932409028e-02 9.423926635555381071e-02 1.052065155494824045e-01 1.926995468995974237e-01 6.866653544104808771e-02 8.784973737210471922e-02 8.663576670709220717e-02 6.867610191742279380e-02 9.181275169399266689e-02 1.444993395532452318e-01 1.247119785937469832e-01 7.512707517214135822e-02 1.102094940537171192e-01 6.256935989373724194e-02 5.135257987151431447e-02 1.054741588170765160e-01 4.502020745705117427e-02 1.419567946123559965e-01
3.417647058823529278e+02 3.135571556684736000e-02 1.883234156238915158e-02 4.905824665469251528e-02 2.595370325658756874e-02 1.839546110734291764e-02 1.984215197480450679e-02 3.130331040115601898e-02 1.852490176583679038e-01 5.127121116021700342e-02 7.923308192362019109e-02 3.233017597464125648e-01 1.579901415330129122e-01 1.074888137126768506e-01 6.912766868499131689e-02 4.840882105573627303e-01 2.069830167101216201e-01 4.159626397822197008e-01 6.438363383821159303e-02 4.087967132161494099e-01 7.067230543879235438e-02 6.817457147008690321e-02 1.312362598884278808e-01 3.276449343815830417e-01 3.606953254171769152e-01 5.504638971703536277e-02 6.108129380733329228e-02 6.822960418296750151e-02 1.723558066499238095e-01 1.393888078709284162e-01 4.277727669388851628e-01 2.954471656600452315e-02 3.133789670212812351e-02 1.180707424545321543e-01 2.301608394530414436e-01 1.385165882248950431e-01 2.921073252835731937e-02 6.158934643416142524e-02 2.482805886348813107e-01 3.137472781843119590e-02 5.454924255258162408e-02 3.963052596087865420e-01 7.687406323680173736e-02 7.878062572598024116e-02 8.063788104772756649e-02 7.270474237124567585e-02 1.597221103153604604e-01 1.981045492596511526e-02 6.689356314551404836e-02 3.437761792490706680e-02 6.023518655226300228e-02 1.977891547702282371e-01 1.205662433146147822e-01 7.280288335541981737e-02 1.157021014217874261e-01 2.450758540385895509e-02 4.098769025835282548e-02 8.123115108105004312e-02 2.234219312263753809e-01 6.670718906591878439e-02 1.504116407844489911e-01 1.458791413167606910e-01 7.369859414049817481e-02 1.199193412623330290e-01 4.643667462010799829e-01 1.843734820252296014e-01 6.441770015335256394e-01 4.693157281005302384e-01 1.098494959614083610e-01 1.652819603483160482e-01 1.356097408479649546e-01 4.796753139428424628e-01 3.308491855973428458e-02 4.089835573756170350e-02 1.333100718839030363e-01 6.344882057215664450e-02 5.331008020239978024e-02 5.119016166619339697e-02 8.097415836079437101e-02 1.310790461006688667e-01 7.463074482494035100e-02 5.982275518800243830e-02 7.040968123022588177e-02 7.197340990826851803e-02 1.253037190530014444e-01 8.231824644676240255e-02 8.282907878315412531e-02 7.072382979614233456e-02 1.324075746009211463e-01 8.218306297740203548e-02 9.113093780819853107e-02 6.772499421956912347e-02 7.916912937816057705e-02 5.005368651348950093e-02 7.937803914588274778e-02 8.869108216435543646e-02 1.632989224057221356e-01 5.768024138767511438e-02 7.386996746964119565e-02 7.284340237265037044e-02 5.772414919589464316e-02 7.719305476110295550e-02 1.221733190065848462e-01 1.053151767647904635e-01 6.316785745559096166e-02 9.300832684587084787e-02 5.247381161138685302e-02 4.305308657640777997e-02 8.879328441328440680e-02 3.770071383820938760e-02 1.198180742674761629e-01
3.423529411764706083e+02 2.617739013902083481e-02 1.566840556718212055e-02 4.114140611345475096e-02 2.167187220063509362e-02 1.531975733328202333e-02 1.651184542947331524e-02 2.619574014006558621e-02 1.569213214872554607e-01 4.305373945508882139e-02 6.669655677367286595e-02 2.752640918194987907e-01 1.337175623135214708e-01 9.072872498308776068e-02 5.816202521706115985e-02 4.136306550099694279e-01 1.755138425757268861e-01 3.548438387844238262e-01 5.413477511671963005e-02 3.486890442223907205e-01 5.947892166180881318e-02 5.729727168058151854e-02 1.109327630089285144e-01 2.788623910351286095e-01 3.074360334741068623e-01 4.614402565161909719e-02 5.134999846006470248e-02 5.733767660834648144e-02 1.459598794724628334e-01 1.178886319496439544e-01 3.650126376069975920e-01 2.471463252561549237e-02 2.622548547965539850e-02 9.956976080100957138e-02 1.953818318115105590e-01 1.171082488866274779e-01 2.440978444829287192e-02 5.172512840879182894e-02 2.109538473171018447e-01 2.619145966329839217e-02 4.583185016679226786e-02 3.381239146511306748e-01 6.475650308765594498e-02 6.628019612114312287e-02 6.781093717754817229e-02 6.113939894092967897e-02 1.351527740488436824e-01 1.648887300868352376e-02 5.624631045508652477e-02 2.878860756023263884e-02 5.064682433436955289e-02 1.675088395677831743e-01 1.017924972585014104e-01 6.118588535070065143e-02 9.765389463645110513e-02 2.044785491417408507e-02 3.433777491583853148e-02 6.837360387335361667e-02 1.896786307102553970e-01 5.612192648849060467e-02 1.272310210515829321e-01 1.233926409244631428e-01 6.191025333657303176e-02 1.011825928993340951e-01 3.964408709024058175e-01 1.562409985796170409e-01 5.518001025858303432e-01 4.007098578412133794e-01 9.269957560355401860e-02 1.399226399537162602e-01 1.146380996913888700e-01 4.096312771583220935e-01 2.767162400317160070e-02 3.425673300610088123e-02 1.127046978737317462e-01 5.336291574361416712e-02 4.474392317347732767e-02 4.297965333387073622e-02 6.807393644046277892e-02 1.107801005136663380e-01 6.277166785401830373e-02 5.025069920682147945e-02 5.912721112219623126e-02 6.056638519511035185e-02 1.056836518240378830e-01 6.922400942329554052e-02 6.965127600760290250e-02 5.945676824887485834e-02 1.119117372528294907e-01 6.919689132105755203e-02 7.668706099059884040e-02 5.685619286600777922e-02 6.665325737779255466e-02 4.197395838199707158e-02 6.681397929303596606e-02 7.471615360817654428e-02 1.382851016874990513e-01 4.841852792396578870e-02 6.207209383372695038e-02 6.120464568596971355e-02 4.848541255076031092e-02 6.485667470476562391e-02 1.032237761631464579e-01 8.887271049378335508e-02 5.307584967058303488e-02 7.843687613121731739e-02 4.397729361538130211e-02 3.607046858708136405e-02 7.469877482951799152e-02 3.154996170863136329e-02 1.010610714326009713e-01
3.429411764705882320e+02 2.183992363099416731e-02 1.302763368299306689e-02 3.447900029953235995e-02 1.808457746522259754e-02 1.275005034972159258e-02 1.373163998913876430e-02 2.190698869376844771e-02 1.328316209175293694e-01 3.612889253680242468e-02 5.610519979687967479e-02 2.341946271407938096e-01 1.130945419189015311e-01 7.652883759991230272e-02 4.890245726496584427e-02 3.531681223023163119e-01 1.487236249055789161e-01 3.024845515714454924e-01 4.548641670306673157e-02 2.972024422501195473e-01 5.002418625048895423e-02 4.812277400816505207e-02 9.370493014191304260e-02 2.371716856512182392e-01 2.618504198689391993e-01 3.865548825505898262e-02 4.313972917491314119e-02 4.815181562486663125e-02 1.235193369094196580e-01 9.963496342382262283e-02 3.112327367497011443e-01 2.066049212460260506e-02 2.193253278155892980e-02 8.390981540901704117e-02 1.657399551376811109e-01 9.893946114485982490e-02 2.038445799743034831e-02 4.341140354056654410e-02 1.791105156046542135e-01 2.185016296576148404e-02 3.848147371731630573e-02 2.882734929123572654e-01 5.451157393716755256e-02 5.572521802462498952e-02 5.698554641531622389e-02 5.137879666295248893e-02 1.142825592961785874e-01 1.371535778897507891e-02 4.726158198478625644e-02 2.409217984792193928e-02 4.255579527620690500e-02 1.417642643139739589e-01 8.588240750638344301e-02 5.138769440912568237e-02 8.236387616274652712e-02 1.704947554295638268e-02 2.874754863080910758e-02 5.751184185509045782e-02 1.609167178739445148e-01 4.718415139874847231e-02 1.075474593715185501e-01 1.042991949886305086e-01 5.197229057697777543e-02 8.531427612029365837e-02 3.382030893577257502e-01 1.323074928073669221e-01 4.723187342628322183e-01 3.418823025024135265e-01 7.817295785892688920e-02 1.183708875874643907e-01 9.684196367815969819e-02 3.495588079623886957e-01 2.312872213171213512e-02 2.867452752135101618e-02 9.521764903707310990e-02 4.484971532791674764e-02 3.752891289049593848e-02 3.606168325592756796e-02 5.718999397794376910e-02 9.355933547428961494e-02 5.276107037613497058e-02 4.218167315679600959e-02 4.961909284556068056e-02 5.093244628730950879e-02 8.907413047937912109e-02 5.817303477196639205e-02 5.853015901781215974e-02 4.995070108815817533e-02 9.452250346246128532e-02 5.822282999735900466e-02 6.448840934061643437e-02 4.769945495551616843e-02 5.607760889497868939e-02 3.517485288795150350e-02 5.620012039779853641e-02 6.290001290057858907e-02 1.170203516273900790e-01 4.061655519718235241e-02 5.212311402068084409e-02 5.139065364502639482e-02 4.069778007984999751e-02 5.445487654570501518e-02 8.715261811437118034e-02 7.494540621397474678e-02 4.456596648940854694e-02 6.610264395334881915e-02 3.683187057997213548e-02 3.020015264294206858e-02 6.279868867004069488e-02 2.638515639605127153e-02 8.518150991101919312e-02
3.435294117647058556e+02 1.820938790728614948e-02 1.082507250763961246e-02 2.887639547830902695e-02 1.508132390474088702e-02 1.060461790278814133e-02 1.141230723034098067e-02 1.830841037009444880e-02 1.123618528071247402e-01 3.029767186526055936e-02 4.716393516087638571e-02 1.991107179975821484e-01 9.558593667007003747e-02 6.450726125459098348e-02 4.108939805192484557e-02 3.013251219953024806e-01 1.259345568289201300e-01 2.576656950175338912e-01 3.819407766808118748e-02 2.531361055613223776e-01 4.204404410656224778e-02 4.039028571501143694e-02 7.909810868121493199e-02 2.015703304767453019e-01 2.228643034433258063e-01 3.236087427174556136e-02 3.621792298767044505e-02 4.041056798676079947e-02 1.044563185564237745e-01 8.414955744196782328e-02 2.651854747056391348e-01 1.726011472156356585e-02 1.833031543509482456e-02 7.066471264433782373e-02 1.404963357121768730e-01 8.353190188157448570e-02 1.701188547387729941e-02 3.640966758677445514e-02 1.519665909412575011e-01 1.821667983307526800e-02 3.228836218864059027e-02 2.455957168865157969e-01 4.585642878928460758e-02 4.681960884613537571e-02 4.785622048727435768e-02 4.314747725845478887e-02 9.656826977473625950e-02 1.140111318677537559e-02 3.968545405370803997e-02 2.014867264461640481e-02 3.573338115394113224e-02 1.198930539546075591e-01 7.240948474883365793e-02 4.312971687485241123e-02 6.942042619702699924e-02 1.420674727214019800e-02 2.405159035514825919e-02 4.834297891067334402e-02 1.364201530633997461e-01 3.964311344758336686e-02 9.084631193807761462e-02 8.809935074577800174e-02 4.360049358043316392e-02 7.188550985243172264e-02 2.883122201480739499e-01 1.119621424465924442e-01 4.039893506856167549e-01 2.914804169414262347e-01 6.587776678866154312e-02 1.000692445799780811e-01 8.175214067332632617e-02 2.980803051855401842e-01 1.931903287564877905e-02 2.398618506909510131e-02 8.038845572918223992e-02 3.766936937926286533e-02 3.145643261778768851e-02 3.023709919258813633e-02 4.801405402192847338e-02 7.896121359825702957e-02 4.431716256831146755e-02 3.538472778183023720e-02 4.161223300291747029e-02 4.280210289087578446e-02 7.502391127876205379e-02 4.885346811993367816e-02 4.915176177790390316e-02 4.193638724393155409e-02 7.978035954591049250e-02 4.895610884588316031e-02 5.419371669738957953e-02 3.999081584156425478e-02 4.714814190917560738e-02 2.945761046498615587e-02 4.724049906719159780e-02 5.291673391471987675e-02 9.895682892562004951e-02 3.404912463983952170e-02 4.373953437629602564e-02 4.312149963201557940e-02 3.413821315496253644e-02 4.569081437650792527e-02 7.353309916069729335e-02 6.315753081819656944e-02 3.739552551336999126e-02 5.567008154921811863e-02 3.082710875124347605e-02 2.526857251156719095e-02 5.275890722984003661e-02 2.205141317828538533e-02 7.174820452255875614e-02
3.441176470588235361e+02 1.517271549377489925e-02 8.989279475962711277e-03 2.416842692618452124e-02 1.256880542030847266e-02 8.814658855593689168e-03 9.478792105885138972e-03 1.529110346335863478e-02 9.498140684800032707e-02 2.539095373035557546e-02 3.962128030120066341e-02 1.691636738215292757e-01 8.073277639016512852e-02 5.433749560009812352e-02 3.450175102168859947e-02 2.569086299689785635e-01 1.065640278303406630e-01 2.193319540151039415e-01 3.204967011188010473e-02 2.154506931417258797e-01 3.531350025228000705e-02 3.387794622702863107e-02 6.672293865220754738e-02 1.711928653579523063e-01 1.895487411750950146e-01 2.707366351557757497e-02 3.038667190970453791e-02 3.389153741499716099e-02 8.827488593581049592e-02 7.102259021965258434e-02 2.257905270493653083e-01 1.441011643987563651e-02 1.530986201653510188e-02 5.947046076124350850e-02 1.190150597745198435e-01 7.047585219039002868e-02 1.418822498007118321e-02 3.051719056991062523e-02 1.288466009268831591e-01 1.517775726300446028e-02 2.707413963992639366e-02 2.090877345825809530e-01 3.854981055075937246e-02 3.931118427835525453e-02 4.016290410965228652e-02 3.621095094846497192e-02 8.154414968077590420e-02 9.471430139221704778e-03 3.330179600624686570e-02 1.683976338081636173e-02 2.998490970652882212e-02 1.013266928061646588e-01 6.100899406532114821e-02 3.617495415210554566e-02 5.847165888910779014e-02 1.183049466494093260e-02 2.010969049975613529e-02 4.060889719934340780e-02 1.155726045991408435e-01 3.328524190980336472e-02 7.668648248951143165e-02 7.436505141590692147e-02 3.655321139286304283e-02 6.052977966278765692e-02 2.456061846962992457e-01 9.468030819023588729e-02 3.452951488315373352e-01 2.483320377442967963e-01 5.547905650243566134e-02 8.453946945143409053e-02 6.896678463882284504e-02 2.540017140502756066e-01 1.612650135808796348e-02 2.005141217931002973e-02 6.782270032524380377e-02 3.161766941889262994e-02 2.634928447480668068e-02 2.533667440544067756e-02 4.028377521591158111e-02 6.659569758003729134e-02 3.720000842313823941e-02 2.966351394016008419e-02 3.487452583396654510e-02 3.594576198654289567e-02 6.314754726723349754e-02 4.099983537337552331e-02 4.124882243263672948e-02 3.518470360695800936e-02 6.729182673686864846e-02 4.113690926733512554e-02 4.551224267504663107e-02 3.350600347346250479e-02 3.961420960492696708e-02 2.465357495775251026e-02 3.968289620279813468e-02 4.448829193540899951e-02 8.362437384325124845e-02 2.852492316159497762e-02 3.668023568432353387e-02 3.615911947561500916e-02 2.861709898513017242e-02 3.831204689149891873e-02 6.199995845924807791e-02 5.318793740529021569e-02 3.135813361719251569e-02 4.685260185428326285e-02 2.578456774878416791e-02 2.112860331001963424e-02 4.429487237600635702e-02 1.841761460965036373e-02 6.039282652244610389e-02
3.447058823529412166e+02 1.263453358697085548e-02 7.460224832858461559e-03 2.021506341014268557e-02 1.046830044940883463e-02 7.322300336453159940e-03 7.868015649195930425e-03 1.276296178941715813e-02 8.023519274550530711e-02 2.126513616719037658e-02 3.326310548967797986e-02 1.436212466542493016e-01 6.814180208000619743e-02 4.574066227587099409e-02 2.895136336111454184e-02 2.188849661209275876e-01 9.011174779251188149e-02 1.865707179237069691e-01 2.687624519762853853e-02 1.832475357779838887e-01 2.964102027468503570e-02 2.839718931050361911e-02 5.624629711381391728e-02 1.452928866081855397e-01 1.611012141659709240e-01 2.263579442569145506e-02 2.547771392574559729e-02 2.840572432556771193e-02 7.454982242035843032e-02 5.990320773702707130e-02 1.921133720413903956e-01 1.202309604451597125e-02 1.277900450808398466e-02 5.001648447488524218e-02 1.007493618532614016e-01 5.942069646233767016e-02 1.182579177505624878e-02 2.556180896091310786e-02 1.091691568242745131e-01 1.263787385496873382e-02 2.268725196963221682e-02 1.778821555171323787e-01 3.238612933836729213e-02 3.298534844284971290e-02 3.368442294896399625e-02 3.036978720190753808e-02 6.881123286341725431e-02 7.863506260265450826e-03 2.792681597314630032e-02 1.406529841159329108e-02 2.514483940871072715e-02 8.557770177253469501e-02 5.136930843007176534e-02 3.032197846815872996e-02 4.921703906399129552e-02 9.845549959754921684e-03 1.680311550472677121e-02 3.408983551455670169e-02 9.784409106800739941e-02 2.792880145954598770e-02 6.469027647319680607e-02 6.272978267090424664e-02 3.062516983913399909e-02 5.093416610821484974e-02 2.090791312547053415e-01 8.001181973369482503e-02 2.949179766916240064e-01 2.114224494357955786e-01 4.669081169223847361e-02 7.137167705358807290e-02 5.814206078611988682e-02 2.162891427686820800e-01 1.345303223281547021e-02 1.675142863971236171e-02 5.718286708220868958e-02 2.652091249164014591e-02 2.205709421413291210e-02 2.121674214481872323e-02 3.377611288425259872e-02 5.612915406101182808e-02 3.120549902195829742e-02 2.485125127332048212e-02 2.920888227323594627e-02 3.016800298786646156e-02 5.311610585874221302e-02 3.438635287646074623e-02 3.459404619564053485e-02 2.950084757092436699e-02 5.672029718667823822e-02 3.454394079269475920e-02 3.819652277659401490e-02 2.805464367907936282e-02 3.326235494993119018e-02 2.061976422019556193e-02 3.331257181189465483e-02 3.737774608774947077e-02 7.061989010513679277e-02 2.388157289169820854e-02 3.074032757341711719e-02 3.030123759493372204e-02 2.397338882478027358e-02 3.210409275304448168e-02 5.224085985486958544e-02 4.476239568469438795e-02 2.627842177064702162e-02 3.940566653597851743e-02 2.155307241750364922e-02 1.765564590762389724e-02 3.716445980222637946e-02 1.537286303948167884e-02 5.080103621457156965e-02
3.452941176470588402e+02 1.051446653847246983e-02 6.187512419513959208e-03 1.689769171000439149e-02 8.713450957985764689e-03 6.078904042452620837e-03 6.527009960693884102e-03 1.064615469865369361e-02 6.773327873631909690e-02 1.779839963835354311e-02 2.790725696965653396e-02 1.218522988278923774e-01 5.747638874830318656e-02 3.847878639214360325e-02 2.427826657909009853e-02 1.863594524248760875e-01 7.614853981912809988e-02 1.585936081343440052e-01 2.252347324357262259e-02 1.557504063468460320e-01 2.486370696990819126e-02 2.378789492734863578e-02 4.738345199737675761e-02 1.232273229204966652e-01 1.368291349697321468e-01 1.891344362960368369e-02 2.134812537650990563e-02 2.379265947549308313e-02 6.291690578886985352e-02 5.049133337911013153e-02 1.633464564882213810e-01 1.002523051743535454e-02 1.065985723659995665e-02 4.203803846347708983e-02 8.522960406171280201e-02 5.006668787474388704e-02 9.850610164451241782e-03 2.139745166926261197e-02 9.243435291827498124e-02 1.051653476152311813e-02 1.899905262041971452e-02 1.512295348838127440e-01 2.719035543701696020e-02 2.765966240842077442e-02 2.823284546013821172e-02 2.545453163391511384e-02 5.802809755008295906e-02 6.524593447027052066e-03 2.340436692952326675e-02 1.174058018131691160e-02 2.107253202849726503e-02 7.222849591247471057e-02 4.322443227360891344e-02 2.539975239690824005e-02 4.140013421909949365e-02 8.188607698321845318e-03 1.403140935618261108e-02 2.859886449498696623e-02 8.277933852938459958e-02 2.341929113655597319e-02 5.453460334197637871e-02 5.288003049821985574e-02 2.564215655374568054e-02 4.283176300384429480e-02 1.778613452639489501e-01 6.757078372255413690e-02 2.517135578523015949e-01 1.798741630341913200e-01 3.926903342104672706e-02 6.021491362439821554e-02 4.898405615174378225e-02 1.840483191191970569e-01 1.121578473085144134e-02 1.398575963645219862e-02 4.818041313608982523e-02 2.223148230989253904e-02 1.845236832007636496e-02 1.775544755945542008e-02 2.830160938563451578e-02 4.727647322101588556e-02 2.616016488810915183e-02 2.080640717052064520e-02 2.444810140792413530e-02 2.530264736006639092e-02 4.464914964557320509e-02 2.882117321025768827e-02 2.899430821752525811e-02 2.471935004078215301e-02 4.777809296650598059e-02 2.898890500579684448e-02 3.203612387956984026e-02 2.347528550326937954e-02 2.791096371135743520e-02 1.723507244381106140e-02 2.794686745596951238e-02 3.138335882886535838e-02 5.959811764460159339e-02 1.998138178046977853e-02 2.574586690735245625e-02 2.537614542370803319e-02 2.007042150295253527e-02 2.688489081947233530e-02 4.398898130813542334e-02 3.764696180330798919e-02 2.200751959649288256e-02 3.312081536153239220e-02 1.800466374775556988e-02 1.474427386792922026e-02 3.116184412241532892e-02 1.282344671067652334e-02 4.270482521769043693e-02
3.458823529411764639e+02 8.744830821788176015e-03 5.128866181134208481e-03 1.411592195960356157e-02 7.248364891482773215e-03 5.043624519991414534e-03 5.411331806291155497e-03 8.874967497927250745e-03 5.714185302570311958e-02 1.488748814177577422e-02 2.339891157170958039e-02 1.033133340129032546e-01 4.844863920713388117e-02 3.234897093833141030e-02 2.034656867175048053e-02 1.585584386137458557e-01 6.430655771358481654e-02 1.347201880495470516e-01 1.886374565379728835e-02 1.322894494945481003e-01 2.084313462094207481e-02 1.991421103312489976e-02 3.989124183286351516e-02 1.044426324395457822e-01 1.161353376531347042e-01 1.579340141688686389e-02 1.787660597286140976e-02 1.991620994540108797e-02 5.306443167074013229e-02 4.253054059909959495e-02 1.387925867452124429e-01 8.354215299559302615e-03 8.886656669429534097e-03 3.530963552148816409e-02 7.205275022611308533e-02 4.215778808303786984e-02 8.200319954330089964e-03 1.790028787924638140e-02 7.821273458880990959e-02 8.745961122865053214e-03 1.590043031215490274e-02 1.284829341084587628e-01 2.281360106016223216e-02 2.317915496896238645e-02 2.364861958548457668e-02 2.132131989590390145e-02 4.890282034435186609e-02 5.410422771031778155e-03 1.960189901680080629e-02 9.794039271201017416e-03 1.764860485177884714e-02 6.092167699324275987e-02 3.634751290979536253e-02 2.126316451516625100e-02 3.480232937301214885e-02 6.806395268355787918e-03 1.170964883630733547e-02 2.397711492976233733e-02 6.998759846014974972e-02 1.962547287616812908e-02 4.594332125279034645e-02 4.454784911929311753e-02 2.145644275038202653e-02 3.599510445552470128e-02 1.512015157131543774e-01 5.702669686457785547e-02 2.146894861274431521e-01 1.529290525829748171e-01 3.300574388407060550e-02 5.076894479199349497e-02 4.124174745556977856e-02 1.565064530218909233e-01 9.344856260126991471e-03 1.166948324072263239e-02 4.056887517546648586e-02 1.862403579322241889e-02 1.542710131103926414e-02 1.484952089377689077e-02 2.369946951682264796e-02 3.979422063675724236e-02 2.191669886162344108e-02 1.740897295278032164e-02 2.045045461724269778e-02 2.120850070743144841e-02 3.750778963997183912e-02 2.414141929212789209e-02 2.428565358324765930e-02 2.069977493194539303e-02 4.021956489596863887e-02 2.431171124495476107e-02 2.685225209218981487e-02 1.963111917244311430e-02 2.340564351389124581e-02 1.439700662162533493e-02 2.343054300299592108e-02 2.633351010386910870e-02 5.026359173440905076e-02 1.670768611314797300e-02 2.154930468462059462e-02 2.123820323229472576e-02 1.679232609758798955e-02 2.250002702038920999e-02 3.701657808411069894e-02 3.164222964876255151e-02 1.841915587420862865e-02 2.782049331560754873e-02 1.503112113440686903e-02 1.230535554796948622e-02 2.611220240089877700e-02 1.069023976529518902e-02 3.587588163191621909e-02
3.464705882352941444e+02 7.268684712145206603e-03 4.248854472901541536e-03 1.178487163328188932e-02 6.026010240386496346e-03 4.182192432552755273e-03 4.483725018829351310e-03 7.393968405432543335e-03 4.817545005255653712e-02 1.244496688825976957e-02 1.960660860514150741e-02 8.753684611436844676e-02 4.081258995810370382e-02 2.717840404487128353e-02 1.704094574961780365e-02 1.348136976025272327e-01 5.427085774706593563e-02 1.143638453645903497e-01 1.578884909520521240e-02 1.122872567834420215e-01 1.746179081179089626e-02 1.666098971206279519e-02 3.356222267053293046e-02 8.846286283854096211e-02 9.850550189733632556e-02 1.317999003340777388e-02 1.496030970359754630e-02 1.666100311465594855e-02 4.472592296182049953e-02 3.580193288129382423e-02 1.178505243687724829e-01 6.957517934615739703e-03 7.403928114640780100e-03 2.963942143509562532e-02 6.087329502608086057e-02 3.547552292712964628e-02 6.822402614317747693e-03 1.496544467332597619e-02 6.613576614430825840e-02 7.269135674974357142e-03 1.329893461997746357e-02 1.090845211978252877e-01 1.912934503146793142e-02 1.941231876711423457e-02 1.979642225496192759e-02 1.784813476340349134e-02 4.118606221162029318e-02 4.483875746949879566e-03 1.640700595751492380e-02 8.165258397471638827e-03 1.477181973454729479e-02 5.135168145233522108e-02 3.054528046579598269e-02 1.778922144145960935e-02 2.923744138106120286e-02 5.654124805941535686e-03 9.766111482490943962e-03 2.008970128589035453e-02 5.913386360729012969e-02 1.643598068446371074e-02 3.868066198862402799e-02 3.750447732379254273e-02 1.794288142961583676e-02 3.023053633875481816e-02 1.284513497121200221e-01 4.809679636448198348e-02 1.829860784951775898e-01 1.299328637764060879e-01 2.772385093241774151e-02 4.277719678659407804e-02 3.470096611925677782e-02 1.329964884722059093e-01 7.781318543685010816e-03 9.730892633413675344e-03 3.413795254427215431e-02 1.559224901531018614e-02 1.288988667880825063e-02 1.241152943009928185e-02 1.983336042195091992e-02 3.347476162005317418e-02 1.835013609681322017e-02 1.455729189947296831e-02 1.709592406142253218e-02 1.776571741422975498e-02 3.148873765852529261e-02 2.020894827304269004e-02 2.032902996160060663e-02 1.732305097754941944e-02 3.383517038998945514e-02 2.037638829868894733e-02 2.249314860133553098e-02 1.640632985933581159e-02 1.961527632266355653e-02 1.201891069627580161e-02 1.963179408331944611e-02 2.208234931228897011e-02 4.236372884774055464e-02 1.396173676336020901e-02 1.802560622289541697e-02 1.776400466761678121e-02 1.404095597677071025e-02 1.881866667185129807e-02 3.112946140220497829e-02 2.657840690502292005e-02 1.540633420055309219e-02 2.335362412878738345e-02 1.254100703696360217e-02 1.026360859795369396e-02 2.186719364024620332e-02 8.906496743590768678e-03 3.011990914700589383e-02
3.470588235294117680e+02 6.038158675357183439e-03 3.517803255463459750e-03 9.832823791279440492e-03 5.006839440707593590e-03 3.465876504926946721e-03 3.712980690275224840e-03 6.156434601630665984e-03 4.059014534243431116e-02 1.039685452661720001e-02 1.641881087655569504e-02 7.412103034388627110e-02 3.435827172353559528e-02 2.282001420205791858e-02 1.426360492529813243e-02 1.145485501262860917e-01 4.577200987780294383e-02 9.701928517572037947e-02 1.320708744674028642e-02 9.524652889042364845e-02 1.461999436301756293e-02 1.393070682478898988e-02 2.821956302581266410e-02 7.487911746023377668e-02 8.349703591742221875e-02 1.099240893045691676e-02 1.251210477709774165e-02 1.392933592805610868e-02 3.767375113303225720e-02 3.011880026962058046e-02 1.000022221003104977e-01 5.790878005694996729e-03 6.164910850585219454e-03 2.486428635692786507e-02 5.139529436772979215e-02 2.983361936226109484e-02 5.672660598527456272e-03 1.250417213118916807e-02 5.588745181313928972e-02 6.038128873021533782e-03 1.111629153103412850e-02 9.255371552424022930e-02 1.603015572587993334e-02 1.624764412255239043e-02 1.656156848658177361e-02 1.493156879298677270e-02 3.466502704563876464e-02 3.713851652926022061e-03 1.372443684406267871e-02 6.803272652315450753e-03 1.235639148752147934e-02 4.325747386547273282e-02 2.565320636731359752e-02 1.487375700906937333e-02 2.454703285812425903e-02 4.694169369079743970e-03 8.140269086503424539e-03 1.682219011671241826e-02 4.993115191426635707e-02 1.375638418933181409e-02 3.254548965283654560e-02 3.155476475437726802e-02 1.499553648648130344e-02 2.537331958860166228e-02 1.090519271480816094e-01 4.053935959765735120e-02 1.558592684243395310e-01 1.103214611930726924e-01 2.327268011759441729e-02 3.602058366005541495e-02 2.917913264995306011e-02 1.129431288461107824e-01 6.475531256974177696e-03 8.109484993633985991e-03 2.870834420143533391e-02 1.304600024152919799e-02 1.076342463542916995e-02 1.036750543320883074e-02 1.658777915544366530e-02 2.814113759992080410e-02 1.535454672254576297e-02 1.216531840561057426e-02 1.428295406101478919e-02 1.487265080332713686e-02 2.641913690803500067e-02 1.690668531741109162e-02 1.700659641067524958e-02 1.448829906916459728e-02 2.844630890733499534e-02 1.706754000342620980e-02 1.883010123668206123e-02 1.370295032978752041e-02 1.642859586459727295e-02 1.002757418149809003e-02 1.643880049784603517e-02 1.850602232364306765e-02 3.568277736596570798e-02 1.166001200210554922e-02 1.506889602197241003e-02 1.484906265859941080e-02 1.173324175053019197e-02 1.573003810514221265e-02 2.616218578349208124e-02 2.231103076272262023e-02 1.287846022851639113e-02 1.959176172868683924e-02 1.045712196239421098e-02 8.555495634460494325e-03 1.830104413758777693e-02 7.415957147266454171e-03 2.527168909433059538e-02
3.476470588235293917e+02 5.013043315368908084e-03 2.910880544757823724e-03 8.199237309715473598e-03 4.157626016292471048e-03 2.870608199218005127e-03 3.072976764316047351e-03 5.123017045368309479e-03 3.417770362758493913e-02 8.680607324177401843e-03 1.374096888266410771e-02 6.272088128031343135e-02 2.890660723614146485e-02 1.914874871218353453e-02 1.193169192887827933e-02 9.726581491238807387e-02 3.857973527788124968e-02 8.225167861829572880e-02 1.104082944059228862e-02 8.073937696718572199e-02 1.223326359666539187e-02 1.164083677684887679e-02 2.371266305804265243e-02 6.334044439531411053e-02 7.072944056877335239e-02 9.162480593280994401e-03 1.045823629467570494e-02 1.163854024422868866e-02 3.171365185648376828e-02 2.532203212774631132e-02 8.480174542861347586e-02 4.817036029212643823e-03 5.130222671689495945e-03 2.084568216411149602e-02 4.336549408324747584e-02 2.507340381320046982e-02 4.713930166992979197e-03 1.044143028455041776e-02 4.719710199337016215e-02 5.012683968451794869e-03 9.286287729295418167e-03 7.847688521187957955e-02 1.342489213330370912e-02 1.359066104488136292e-02 1.384694895679956274e-02 1.248406196833129478e-02 2.915827295400627572e-02 3.074313171889148273e-03 1.147354890741483953e-02 5.665127246856382394e-03 1.032969216407992122e-02 3.641626370720007361e-02 2.153135522881556227e-02 1.242862654365428469e-02 2.059639840601123692e-02 3.894944105067407909e-03 6.781083955317736625e-03 1.407758401817602381e-02 4.213385337871662639e-02 1.150668392211599833e-02 2.736636981562678289e-02 2.653238537460287511e-02 1.252481166774290292e-02 2.128343898850859964e-02 9.252184719299698379e-02 3.414793947932586587e-02 1.326657123222227674e-01 9.360889635396169028e-02 1.952414896109473316e-02 3.031220173517465769e-02 2.452073931673008633e-02 9.585070493191967522e-02 5.385713432710279372e-03 6.754254233385102377e-03 2.412731821564342502e-02 1.090896857256413478e-02 8.982401702255948805e-03 8.654926112422250614e-03 1.386495524755088082e-02 2.364267099334814784e-02 1.284021505614233415e-02 1.016028370087141211e-02 1.192568579286069561e-02 1.244316617890210350e-02 2.215213780774166752e-02 1.413549736467622879e-02 1.421857503804020706e-02 1.211012715136608985e-02 2.390089119798993744e-02 1.428731867659138559e-02 1.575404033822785238e-02 1.143818207192564586e-02 1.375126555235313928e-02 8.361198578949633267e-03 1.375677989223360667e-02 1.549944725165045001e-02 3.003661635426355808e-02 9.731929953928304677e-03 1.258960079419396000e-02 1.240498596376164372e-02 9.798935536914302885e-03 1.314043772882884584e-02 2.197392245920419887e-02 1.871729999700710162e-02 1.075889380814844948e-02 1.642579842117109293e-02 8.714343133384086157e-03 7.127438024017826619e-03 1.530720821159915930e-02 6.171238513624382506e-03 2.119085435536490966e-02
3.482352941176470722e+02 4.159590398158234149e-03 2.407322496692499997e-03 6.833047147299373299e-03 3.450476425376317133e-03 2.376240700166271265e-03 2.541865870147871648e-03 4.260603585519748097e-03 2.876051325182308119e-02 7.243394645262421841e-03 1.149300065473886356e-02 5.304043502082231298e-02 2.430499957992698565e-02 1.605836895236690404e-02 9.975068054452057575e-03 8.253725419409656261e-02 3.249739184453610125e-02 6.968718700747147943e-02 9.224405652534593825e-03 6.839797846884791699e-02 1.023005938883040679e-02 9.721603751086473066e-03 1.991337488653452392e-02 5.354590020232210396e-02 5.987590083733066587e-02 7.632724906648523204e-03 8.736325368207684475e-03 9.718727918816730954e-03 2.667998070290545504e-02 2.127615549997610364e-02 7.186559586934106181e-02 4.004651377445270916e-03 4.266722360662383341e-03 1.746602454715756939e-02 3.656736650690522311e-02 2.105983084694409979e-02 3.914986895898506930e-03 8.713823196303965152e-03 3.983304586637600314e-02 4.159015536104992278e-03 7.752958224958996641e-03 6.649835687596991618e-02 1.123629888337373574e-02 1.136140252737864210e-02 1.157040512375196589e-02 1.043153582542823490e-02 2.451122739375675638e-02 2.543478870801326504e-03 9.586123588529504858e-03 4.714647859887110062e-03 8.630285077025198412e-03 3.063806926765859015e-02 1.806081158583814489e-02 1.037930544413770244e-02 1.727110854258660441e-02 3.229956972210080643e-03 5.645555888621794222e-03 1.177373460294025079e-02 3.553195367395795695e-02 9.619162645254933364e-03 2.299731133885497131e-02 2.229570400127500393e-02 1.045499303325961304e-02 1.784199428177286190e-02 7.844686900569744492e-02 2.874637213742242681e-02 1.128496826838633060e-01 7.937695909248509984e-02 1.636947303080875729e-02 2.549274271947337550e-02 2.059345109353183725e-02 8.129255191560912086e-02 4.476727378459283667e-03 5.622235323108431236e-03 2.026488842956885097e-02 9.116574185579585238e-03 7.491677264377953963e-03 7.220986753443802558e-03 1.158219739735215012e-02 1.985117304087399837e-02 1.073122171960467879e-02 8.480698549321187552e-03 9.951591004076075497e-03 1.040433411895758282e-02 1.856309164741755044e-02 1.181151402061826443e-02 1.188055252161330545e-02 1.011631307994417805e-02 2.006951615377793388e-02 1.195282615313890580e-02 1.317261901571045550e-02 9.542104715790715799e-03 1.150336996154479458e-02 6.967661236123124519e-03 1.150545964979110200e-02 1.297354465621577621e-02 2.526825694809779060e-02 8.117893401735513936e-03 1.051200167321269217e-02 1.035706180194460521e-02 8.178681450065622069e-03 1.097066612967015353e-02 1.844490015829186244e-02 1.569291586511144601e-02 8.982853756687491156e-03 1.376313220078016764e-02 7.257780411944887190e-03 5.934291293636105406e-03 1.279550391607765444e-02 5.132467635504054694e-03 1.775825360032875708e-02
3.488235294117647527e+02 3.449496707058272420e-03 1.989780075277144348e-03 5.691215816979921550e-03 2.861992432541989040e-03 1.965922901155777759e-03 2.101389775972086447e-03 3.541352468481640849e-03 2.418721432055957743e-02 6.040626772352081925e-03 9.607134547956910561e-03 4.482602708026685312e-02 2.042352866189863989e-02 1.345869545620871979e-02 8.334407872428034603e-03 6.999435391225297676e-02 2.735720785041020897e-02 5.900469946725898918e-02 7.702311308797479654e-03 5.790643279140518518e-02 8.549852316256299073e-03 8.114060249886111131e-03 1.671274853083324144e-02 4.523765607222566404e-02 5.065596622077205707e-02 6.354719964709271661e-03 7.293657323052314331e-03 8.110863245650197506e-03 2.243161916847211113e-02 1.786592263444564815e-02 6.086426898030627280e-02 3.327382848171450431e-03 3.546542811611402835e-03 1.462560408414999291e-02 3.081594699096440113e-02 1.767806267194723877e-02 3.249617142822524857e-03 7.267836023717048899e-03 3.359718345087936431e-02 3.448791318186934796e-03 6.469039207399505768e-03 5.631257290023034684e-02 9.398945470987411094e-03 9.492233966462143915e-03 9.662484905572369526e-03 8.711368435149986073e-03 2.059232138130792644e-02 2.103141534343526235e-03 8.004500383196330032e-03 3.921394695892712300e-03 7.206242660053698186e-03 2.576102665707697553e-02 1.514060771926284583e-02 8.662835636020055005e-03 1.447403949198346716e-02 2.677004846284475846e-03 4.697485398172598567e-03 9.841126693107273352e-03 2.994603396680032420e-02 8.036547018913530252e-03 1.931409706972530421e-02 1.872421440090819844e-02 8.722150369449052643e-03 1.494810127272835042e-02 6.647086784089617506e-02 2.418446565352140240e-02 9.593159084597564779e-02 6.726606902188111969e-02 1.371633613052587221e-02 2.142653628635464089e-02 1.728474859014775267e-02 6.890174145370274450e-02 3.719045747035248147e-03 4.677265576177903894e-03 1.701052075781139122e-02 7.614217093190510377e-03 6.244737086336355804e-03 6.021126472312660245e-03 9.669625401276591217e-03 1.665768065975113330e-02 8.963374597374436023e-03 7.074647193768146373e-03 8.299452391701428802e-03 8.694457574741527861e-03 1.554628332087774380e-02 9.863835755902763611e-03 9.921173341795704731e-03 8.445823798392948847e-03 1.684218057271141475e-02 9.993888220972028252e-03 1.100771391224917434e-02 7.955720588332727480e-03 9.617266451530973384e-03 5.803036067504692939e-03 9.616911545424169927e-03 1.085286388851763525e-02 2.124395955467323419e-02 6.767621019562772115e-03 8.772143933495867019e-03 8.642190516767159561e-03 6.822367736385713012e-03 9.153837689555419446e-03 1.547334317044434665e-02 1.314936965780544309e-02 7.495627535852051465e-03 1.152523599267667002e-02 6.041205166421162454e-03 4.938048104107383741e-03 1.068966312359554555e-02 4.266117142242080787e-03 1.487282902257504140e-02
3.494117647058823195e+02 2.859043740371556511e-03 1.643768319731268900e-03 4.737500196425969631e-03 2.372561680292682457e-03 1.625570818235640928e-03 1.736301129123724073e-03 2.941871734254366925e-03 2.032892840628182721e-02 5.034699543611386927e-03 8.026063240068289847e-03 3.786043933836118203e-02 1.715167533558288257e-02 1.127324435578173911e-02 6.959572693728385308e-03 5.932028278236554930e-02 2.301616616976736099e-02 4.992864390902668204e-02 6.427670638363055036e-03 4.899367590142077178e-02 7.141469790721645394e-03 6.768446920863091520e-03 1.401823325900948200e-02 3.819501591077209546e-02 4.282918802693191224e-02 5.287706717780497022e-03 6.085720540322464046e-03 6.765117812662105323e-03 1.884844521253206326e-02 1.499337367924139311e-02 5.151490759689402593e-02 2.763108414895193952e-03 2.946269980186444221e-03 1.223993936381903395e-02 2.595337004089805222e-02 1.483052750294690594e-02 2.695830874556016769e-03 6.058331128493786924e-03 2.832026815409677267e-02 2.858270214385090838e-03 5.394647105735827890e-03 4.765726557291365129e-02 7.857461184311116328e-03 7.925997656004823977e-03 8.064524563062528892e-03 7.270666039551671248e-03 1.728966109187625444e-02 1.738093055668900062e-03 6.679981797255338770e-03 3.259773478265832417e-03 6.013710149909874680e-03 2.164734540323782694e-02 1.268508619106676477e-02 7.226073435087062256e-03 1.212282472569847433e-02 2.217493356335990731e-03 3.906422126179543916e-03 8.220983320189605148e-03 2.522294631208399016e-02 6.710436083929299453e-03 1.621112525979460581e-02 1.571547369399788063e-02 7.272346322883913028e-03 1.251623242506742610e-02 5.628795846726384472e-02 2.033428050174128712e-02 8.149794035115744129e-02 5.696733448582445847e-02 1.148646237265984159e-02 1.799814084303340972e-02 1.449904146528222491e-02 5.836300402992167929e-02 3.087875012833788194e-03 3.888931556801712795e-03 1.427030185434376847e-02 6.355772424662438878e-03 5.202374911161755482e-03 5.017771119695225816e-03 8.068232884914261493e-03 1.396965031286215991e-02 7.482441447155515138e-03 5.898331793165077601e-03 6.917640664310355930e-03 7.261383988634836917e-03 1.301212915051979183e-02 8.232576462153985350e-03 8.280168247796459643e-03 7.047123064129422881e-03 1.412544936670606308e-02 8.351150106923929672e-03 9.193287805389126557e-03 6.629288472677872211e-03 8.035746903680767231e-03 4.830333716222571724e-03 8.033700344427657791e-03 9.073549861039743175e-03 1.784988797842982505e-02 5.638724967699387976e-03 7.316052848888313781e-03 7.207123648062649726e-03 5.687720936675193413e-03 7.633511051911463785e-03 1.297283988205890498e-02 1.101161409364063461e-02 6.251043366515904830e-03 9.645573067299517689e-03 5.025714428143548962e-03 4.106735021009754079e-03 8.925237168151384237e-03 3.544017512998500451e-03 1.244894005987337224e-02
3.500000000000000000e+02 2.368370040000000124e-03 1.357202449999999998e-03 3.941402660000000065e-03 1.965757549999999805e-03 1.343421980000000012e-03 1.433876340000000103e-03 2.442523109999999824e-03 1.707601129999999912e-02 4.193924919999999709e-03 6.701366969999999861e-03 3.195782490000000087e-02 1.439550189999999966e-02 9.437200309999999384e-03 5.808221829999999850e-03 5.024288729999999703e-02 1.935245459999999917e-02 4.222273730000000030e-02 5.360926840000000346e-03 4.142732150000000280e-02 5.961684390000000257e-03 5.642793489999999891e-03 1.175127439999999919e-02 3.222923219999999922e-02 3.618959449999999828e-02 4.397402929999999661e-03 5.074959680000000299e-03 5.639467819999999763e-03 1.582829499999999917e-02 1.257531280000000022e-02 4.357491289999999851e-02 2.293263619999999937e-03 2.446246400000000147e-03 1.023750900000000054e-02 2.184501369999999887e-02 1.243439189999999937e-02 2.235195189999999825e-03 5.047266560000000270e-03 2.385782830000000160e-02 2.367573349999999889e-03 4.496152740000000300e-03 4.030752340000000322e-02 6.565026570000000172e-03 6.614428319999999910e-03 6.727012529999999713e-03 6.064786899999999835e-03 1.450816450000000021e-02 1.435639760000000055e-03 5.571472870000000049e-03 2.708280679999999861e-03 5.015679959999999951e-03 1.817982640000000150e-02 1.062163770000000042e-02 6.024195070000000138e-03 1.014766909999999939e-02 1.835862020000000091e-03 3.246771519999999949e-03 6.863646860000000190e-03 2.123207859999999905e-02 5.599959439999999816e-03 1.359869420000000065e-02 1.318246699999999980e-02 6.060110429999999646e-03 1.047393899999999982e-02 4.763564120000000207e-02 1.708692389999999853e-02 6.919254119999999897e-02 4.821564340000000087e-02 9.613534559999999465e-03 1.510940919999999993e-02 1.215518850000000053e-02 4.940569720000000109e-02 2.562412440000000000e-03 3.231674769999999877e-03 1.196450559999999962e-02 5.302305779999999698e-03 4.331570209999999893e-03 4.179262799999999833e-03 6.728234740000000116e-03 1.170854879999999945e-02 6.242640980000000242e-03 4.914832279999999803e-03 5.762647309999999710e-03 6.061064080000000236e-03 1.088477699999999999e-02 6.867192789999999707e-03 6.906672420000000041e-03 5.876728460000000230e-03 1.184002569999999949e-02 6.974448359999999708e-03 7.673564560000000270e-03 5.520904079999999770e-03 6.710467050000000142e-03 4.018430449999999855e-03 6.707301849999999788e-03 7.581604639999999645e-03 1.498922809999999987e-02 4.695499789999999993e-03 6.098211989999999597e-03 6.006961090000000406e-03 4.739107900000000088e-03 6.362096260000000073e-03 1.087008390000000074e-02 9.216067839999999775e-03 5.210167830000000076e-03 8.067812129999999207e-03 4.178595339999999735e-03 3.413475420000000073e-03 7.447808139999999646e-03 2.942519040000000051e-03 1.041407010000000057e-02
