2.000000000000000000e+02 1.592294527750243560e+02 2.115741899827503971e+02 -8.442297367463218905e+01 -7.221881300449408059e+01 -4.814631677293952094e+01 1.822784549677830341e+02 6.974748026881171370e+01 5.437316759758096651e+01 -1.575427398589872752e+01 -2.165224905418766923e+02 1.428521742318216070e+02 -7.714918488277514541e+01 1.800893417296179564e+02 7.443118414872112965e+01 -3.205419540837426240e+01 1.312042928893611133e+02 7.865166655647927030e+01 5.545722977855350422e+01 8.187908011119631624e+01 6.654073664535026467e+01 -2.310105171831071047e+01 1.722227465991137478e+02 -1.779271683627327150e+02 -7.264861715672321907e+01 -1.702762124661938969e+02 3.021257561366410727e+01 -2.642563150421786844e+01 -4.555398725169315810e+01 1.646006388739236286e+02 7.467494944054922712e+01 5.747817330070069630e+01 1.044885241723123102e+02 6.341331995581402481e+01 -1.377632450579710053e+02 -3.234676994348107826e+01 9.645151452497195521e+01 -8.813508698822811027e+01 6.964500892141748167e+00 1.766865721565097829e+02 8.781451397967542505e+01 8.510270578962699517e+01 3.694214180915993495e+01 -8.676761322704460611e+01 1.534517861664698160e+02 2.895289689813149714e+00 1.031943951778215194e+02 -5.179963309097633584e+01 1.305279078412033300e+02 1.417938989326609658e+02 1.359311396091141262e+02 1.610841947451410192e+02 -6.360305057718766086e+00 1.312308833265019530e+02 -3.692319468891199552e+00 1.232229075505163252e+02 1.880083342164723206e+02 -3.764147159291977687e+02 -7.700897935516431403e+01 -1.665092896777728981e+02 -3.640859480136549564e+01 -1.025945523044938739e+02 3.286015151830901573e+02 2.795834592939288541e+02 -5.972659595036887481e+01 1.074241038503466257e+02 -7.041496555260567902e+01 -6.122324276121463527e+01 -2.384650519167432208e+02 -3.413426539822500771e+00 -3.460388319754150643e+01 -6.033876767543001307e+01 -5.813832075534535448e+01 -2.337824117252812783e+01 -1.033629007215152740e+02 1.734572608649687879e+02 3.246342449672864117e+00 -1.699186988237195521e+02 -1.201446439722568584e+02 -3.646042423446607472e+01 1.279986436408244010e+01 -2.039125161412432305e+02 3.295843563937493172e+02 -3.207951131049310902e+02 -1.185777996866288504e+02 1.143414514257845269e+02 1.152757365897201822e+02 -7.399657133279485599e+00 -3.615726408413478055e+01 -1.942652559838464299e+02 1.297095384143078149e+02 -8.825894982572825143e+01 -6.002910104120294932e+01 -3.528796587072400115e+01 -2.102423176176409925e+02 -2.005060059741585121e+02 -8.167875346749171683e+01 1.701597943393693635e+00 1.621138922674865057e+02 1.142963365373175861e+02 -8.778839255652050610e+01 -1.377922454290041685e+02 -7.339622877808820078e+01 -3.322736244034700093e+01 -1.049690700186190355e+02 -5.446047821363269037e+01 -2.274733547375081457e+02 4.491916850324809474e+01 -9.420753214205436166e+01 -4.834419213796734738e+01 2.744012746466371500e+00
2.005882352941176521e+02 1.728392313074768367e+02 2.216876596445498535e+02 -9.108871567411496528e+01 -3.320210962709363400e+01 -7.420634135770710849e+00 1.913784087859427530e+02 6.329562609399633999e+01 7.524314641867431419e+01 -3.027842843241484871e+01 -2.346550544852626103e+02 1.502909137650508171e+02 -7.230084323286180847e+01 1.965418067382385630e+02 8.880872056829439032e+01 -1.013080030288771916e+01 1.220169592329949921e+02 1.047324123072417166e+02 7.235664832233115362e+01 1.086501742872899712e+02 5.317959283313498986e+01 -4.987600519026737800e+01 1.919671599949995766e+02 -2.104912588698116735e+02 -8.564000791477803887e+01 -1.981823964737362473e+02 1.660437845399013668e+01 -3.076900695148255949e+01 -4.083303631614467122e+01 1.802881498802812814e+02 1.015414101028874256e+02 4.981380151383373089e+01 1.041102254338807001e+02 8.750844672391136214e+01 -1.358825211897929819e+02 -2.530677292799074252e+01 1.243630029878765839e+02 -8.766259627522796904e+01 2.859938349817766934e+01 1.910655907511738860e+02 8.730310649447915239e+01 9.786566227295982401e+01 7.447810944565388525e+01 -8.537103648726119332e+01 1.757173738537797760e+02 -3.578456872649169451e+00 1.082641585909735653e+02 -5.079073211969156176e+01 1.358298337352020724e+02 1.459052614204186966e+02 1.327951541800022142e+02 1.846370225462605674e+02 8.083019922347084218e+00 1.343728656022472592e+02 1.123400352866387664e+01 8.934844389444195656e+01 1.952344638432975330e+02 -4.174499505640887946e+02 -9.940209740873066835e+01 -1.787803095512879850e+02 -2.931578092445706218e+01 -1.199007700892475583e+02 3.338185855976549874e+02 3.006024636451214747e+02 -6.845884008419913869e+01 9.891927051582877084e+01 -8.659782180354241632e+01 -6.963735589893926203e+01 -2.434230500006942464e+02 1.982013184120876303e+01 -2.817429605937271830e+01 -6.784172442716585749e+01 -8.257461742706549046e+01 -5.240315141192516535e+01 -1.312631038915608883e+02 1.729236263993120986e+02 -1.760341091063800878e+00 -1.834503259694533881e+02 -1.308551921171495280e+02 -2.989101573830685865e+01 1.221249043377816612e+01 -2.225537155029952601e+02 3.348536622560254727e+02 -3.283823477491221752e+02 -1.350125424861838894e+02 1.135280801672370643e+02 1.260727433524107965e+02 -6.875695687281589308e+00 -2.909486898318789372e+01 -2.133681566139493100e+02 1.420971688742413335e+02 -9.197280406309776879e+01 -7.525470803281497467e+01 -3.554379433523987331e+01 -2.295163417506130656e+02 -2.092926706605791480e+02 -6.804001936937339678e+01 2.511819957949773308e+00 1.684210889995960372e+02 1.161448801049345576e+02 -1.037869921494261547e+02 -1.526964435341528485e+02 -9.846542500275745624e+01 -2.822929274803812660e+01 -9.744941604444548489e+01 -8.302213408434150210e+01 -2.562111146641635173e+02 4.249400335047368316e+01 -1.023482067946621186e+02 -4.964689635717677163e+01 -3.392181986515225844e+00
2.011764705882353041e+02 1.852178221829755103e+02 2.292220377069395454e+02 -9.683099479485537131e+01 2.175323047528908926e+00 2.905309316848406453e+01 1.986277791409004010e+02 5.683968122210217899e+01 9.386071570372013184e+01 -4.556215034135042430e+01 -2.510062881795008707e+02 1.567768328057262295e+02 -6.796498435796293336e+01 2.100956101704257719e+02 1.031925264140366068e+02 1.052383954575927305e+01 1.113913230697227164e+02 1.290532638558499912e+02 8.889347648476855568e+01 1.335603188030333968e+02 3.819841360408669573e+01 -7.289278170537858159e+01 2.084877430912334262e+02 -2.395517046327048831e+02 -9.638443186370977855e+01 -2.194372801410990519e+02 1.699426204812491736e+00 -3.397433065990470169e+01 -3.643683512015775250e+01 1.931099048865923180e+02 1.266639680780590567e+02 4.271860086978682602e+01 1.026746577563877736e+02 1.119339888802305580e+02 -1.328917258529872925e+02 -1.941523603694000144e+01 1.477828386208366283e+02 -8.613700793291788216e+01 4.864806864877194670e+01 2.035894458220161027e+02 8.537945505060487505e+01 1.079480585641994139e+02 1.088112945178338151e+02 -8.263634060163870743e+01 1.968402327126732132e+02 -9.364768080991677124e+00 1.129101230555581878e+02 -4.930678387559056119e+01 1.415555044224167318e+02 1.491402410306899355e+02 1.287622482462639084e+02 2.051583738580681313e+02 2.063195181766432640e+01 1.356508528595129235e+02 2.408493927989472638e+01 5.988314836326509294e+01 2.023923314123964303e+02 -4.527824986085589103e+02 -1.214220686957598190e+02 -1.889744395331946691e+02 -2.380979957283900816e+01 -1.370106592404568175e+02 3.358399711178224152e+02 3.187592609538465922e+02 -7.638488052590783184e+01 9.032919055961798449e+01 -1.025635311678070281e+02 -7.736353690299263519e+01 -2.480116378737756975e+02 4.002099435818858097e+01 -2.235450910305549854e+01 -7.482519064234101336e+01 -1.053900142266017070e+02 -7.786750520271637299e+01 -1.541351306855848406e+02 1.709538332258426294e+02 -6.271019076674129167e+00 -1.947012761699688497e+02 -1.378578778033143806e+02 -2.392498472945529642e+01 1.124296813592408917e+01 -2.397023256863726317e+02 3.369034887208030682e+02 -3.355447851887057027e+02 -1.474813632444942471e+02 1.119223181530287548e+02 1.346902026593103869e+02 -6.306301715382289785e+00 -2.264105182560939156e+01 -2.314870775184750755e+02 1.518795337939135095e+02 -9.474290428733553426e+01 -9.126207214255948941e+01 -3.616024266736181403e+01 -2.474928643063736047e+02 -2.179382403900999634e+02 -5.554919271666513936e+01 3.063002820748038424e+00 1.725449124504191047e+02 1.173504247590920642e+02 -1.200047017351667193e+02 -1.645472471999457298e+02 -1.199050692168990366e+02 -2.186521970617736699e+01 -9.008332751034863861e+01 -1.106788513504190092e+02 -2.795732790235682046e+02 4.046917190382293228e+01 -1.089963003804069501e+02 -5.106511843231843528e+01 -8.362014652528381831e+00
2.017647058823529278e+02 1.962857812209734618e+02 2.343572333430885806e+02 -1.016010743496531035e+02 3.358692183433704059e+01 6.087890291434616330e+01 2.040351512170621788e+02 5.031729411437689237e+01 1.104193242869967122e+02 -6.163548231473815520e+01 -2.654061979006301044e+02 1.624273961525795755e+02 -6.442926243530692432e+01 2.203785434081389667e+02 1.173342254390689448e+02 3.012710736308146764e+01 1.000448177321081715e+02 1.515471045893830251e+02 1.048110279208344764e+02 1.565101515698593460e+02 2.161242836576203885e+01 -9.210234916737255162e+01 2.213674661677922586e+02 -2.650629496979728970e+02 -1.047743212734898179e+02 -2.342051127028147164e+02 -1.444417183957132345e+01 -3.618478275626637242e+01 -3.247313898794897113e+01 2.027043186711313183e+02 1.499138711182987436e+02 3.607540022393036594e+01 1.001223567523894644e+02 1.366521890130065628e+02 -1.289820189590929260e+02 -1.475361319042129793e+01 1.666632210919955526e+02 -8.351500743449248887e+01 6.735166169002479819e+01 2.141784315742796139e+02 8.212682749937872018e+01 1.153257115224445641e+02 1.394537191222393346e+02 -7.856669033690565129e+01 2.168320525624234278e+02 -1.457740854181767531e+01 1.168002034094835437e+02 -4.729241853784120053e+01 1.477441224682249015e+02 1.512352184836975368e+02 1.238279293118436897e+02 2.225882768762309922e+02 3.154225916882707281e+01 1.351596784413700334e+02 3.510428829141499563e+01 3.482274482858496611e+01 2.094290468024313725e+02 -4.821148691555676464e+02 -1.428166309345807292e+02 -1.968726489223264196e+02 -1.995358445347772047e+01 -1.535471810893746181e+02 3.346327882482382279e+02 3.337850107533625987e+02 -8.313638169389214738e+01 8.203829564433617350e+01 -1.179384008616455048e+02 -8.400631992182734109e+01 -2.521688822508105829e+02 5.739531348493381557e+01 -1.748825388413055748e+01 -8.088667618149466421e+01 -1.263792564437117818e+02 -9.970545234484023922e+01 -1.722392172554907575e+02 1.674754422030489991e+02 -1.036012668013535354e+01 -2.035096926323398918e+02 -1.413169194899646754e+02 -1.891138513395240750e+01 9.890413564633369958e+00 -2.550977339942242565e+02 3.357043267964763231e+02 -3.417943974723124825e+02 -1.560081384923365704e+02 1.094083980578268438e+02 1.411127707696679181e+02 -5.710792570486237452e+00 -1.714496851663268373e+01 -2.483273076206737642e+02 1.590258109649498692e+02 -9.658037061704862936e+01 -1.077546025644718810e+02 -3.700808151982143812e+01 -2.639079022667579011e+02 -2.263007063907816701e+02 -4.381151739170343262e+01 3.356791973657215600e+00 1.744972157984411183e+02 1.177946881133656234e+02 -1.361608012334961586e+02 -1.736254401971908976e+02 -1.375308960638667770e+02 -1.408952014084239046e+01 -8.307391035921672540e+01 -1.370678945502700969e+02 -2.975197786844183838e+02 3.871723971336282943e+01 -1.141377506097292098e+02 -5.246226562210937061e+01 -1.228899052804325365e+01
2.023529411764705799e+02 2.059547724272441087e+02 2.372901463584611861e+02 -1.053597575748212307e+02 6.083918389304542274e+01 8.783259380655034931e+01 2.076418235286027141e+02 4.369777379823037933e+01 1.250989084296743954e+02 -7.842795536982644933e+01 -2.777025118394835772e+02 1.673340126214422980e+02 -6.193544020299625430e+01 2.271348393554135896e+02 1.309758611073054908e+02 4.886738348938830967e+01 8.866366455710593186e+01 1.721040035778873403e+02 1.198581663842573448e+02 1.773642908742336886e+02 3.556512948480928138e+00 -1.075454299918706766e+02 2.303133447619997014e+02 -2.869698232305918850e+02 -1.107695839130856257e+02 -2.428167052575297191e+02 -3.166559371907385056e+01 -3.753136001841307490e+01 -2.904877010714832153e+01 2.088265828436122149e+02 1.711296789524575388e+02 2.979342801384794015e+01 9.644013135826206451e+01 1.615208187212830921e+02 -1.243417257284139481e+02 -1.137539824256696264e+01 1.810757291506699858e+02 -7.979253220635854404e+01 8.491591730262470605e+01 2.227664205543929654e+02 7.765487910217233036e+01 1.200512114552073371e+02 1.660398312760318333e+02 -7.321132628596596703e+01 2.356318844702230138e+02 -1.931716069467183772e+01 1.196478651196462124e+02 -4.473126758962142446e+01 1.543691486037754999e+02 1.519804183328870977e+02 1.180326014174151226e+02 2.368866556212763044e+02 4.106139894719667893e+01 1.330359825146417734e+02 4.453444547659188402e+01 1.404118827441155837e+01 2.162453467854718383e+02 -5.052349784901551288e+02 -1.633075769470555656e+02 -2.023123791881725424e+02 -1.776285503593540582e+01 -1.691409069110631833e+02 3.302705397171154118e+02 3.454563407427220341e+02 -8.841399792778241817e+01 7.434540204046879808e+01 -1.323719723975401905e+02 -8.923801936994030370e+01 -2.558116597110918633e+02 7.213418623473928903e+01 -1.384078055963302489e+01 -8.568804986036916205e+01 -1.453311567300812044e+02 -1.179240345540654431e+02 -1.858886236306916544e+02 1.624885574910636876e+02 -1.407612276352749880e+01 -2.097577648627074041e+02 -1.414424660859755818e+02 -1.512089774948493748e+01 8.179059032709931287e+00 -2.684906939601752356e+02 3.313331904170184430e+02 -3.466893374890697714e+02 -1.606696707048047301e+02 1.059250174249220748e+02 1.453599416279739103e+02 -5.104105784930016654e+00 -1.287756594267464294e+01 -2.635951782081453985e+02 1.635481388725526699e+02 -9.750678282025191379e+01 -1.244060852054203963e+02 -3.795649166260993468e+01 -2.785007493976157775e+02 -2.342082974917624085e+02 -3.245438740764792129e+01 3.406181291319259063e+00 1.743341012831214698e+02 1.174037911577742790e+02 -1.519615832055290525e+02 -1.802163657305996480e+02 -1.512710049967136001e+02 -4.905154285411509107e+00 -7.659920032567514170e+01 -1.618411262071758472e+02 -3.101084924956237501e+02 3.712280997172715757e+01 -1.177701026059809095e+02 -5.370677875884550900e+01 -1.528973604502881756e+01
2.029411764705882320e+02 2.141358963110973548e+02 2.382298225438085524e+02 -1.080773335566627509e+02 8.385727504551539369e+01 1.098472178472941465e+02 2.095209658716036074e+02 3.698134215379508305e+01 1.380595503135908473e+02 -9.577290389789908431e+01 -2.877665467081402539e+02 1.715513902329527411e+02 -6.066805933157725406e+01 2.302316494326581733e+02 1.438580893922811015e+02 6.688791162229053100e+01 7.786493936405557292e+01 1.905822151328667644e+02 1.337952070606951338e+02 1.959631226727905755e+02 -1.572113461066110141e+01 -1.193394438733304952e+02 2.351640858638926659e+02 -3.052116657874011025e+02 -1.143884226770798449e+02 -2.457439665943031457e+02 -4.970877786096900763e+01 -3.813167369752467550e+01 -2.626526463017126289e+01 2.113543575389851412e+02 1.901294499534211866e+02 2.380891598579736979e+01 9.166070736797962581e+01 1.863041292640752715e+02 -1.191481748867384738e+02 -9.305417327144347439e+00 1.911943500029854590e+02 -7.500805704689183528e+01 1.015013870104371279e+02 2.293087446218052037e+02 7.209785950080522809e+01 1.222384409597813146e+02 1.883266803546779045e+02 -6.666695693363831765e+01 2.531175077247056606e+02 -2.366503174828960709e+01 1.212270405885950026e+02 -4.164270802216383771e+01 1.613376584506931124e+02 1.512266620407806386e+02 1.114534170562301512e+02 2.480396324460706126e+02 4.941790154479011932e+01 1.294510457520383397e+02 5.260565715682853494e+01 -2.680617572804068427e+00 2.226994834361813957e+02 -5.220318184814260576e+02 -1.826027306004489503e+02 -2.051932825994205700e+02 -1.720755721083084566e+01 -1.834440343191130580e+02 3.229238301426951239e+02 3.536123093326833100e+02 -9.199336909312032162e+01 6.746195608348583050e+01 -1.455401196105370900e+02 -9.280648944674848622e+01 -2.588409324358690924e+02 8.440803930932875687e+01 -1.158973254149316290e+01 -8.896458602741778066e+01 -1.620382760757533163e+02 -1.325905694382916238e+02 -1.954360646087159807e+02 1.560585554297848603e+02 -1.744384419955156673e+01 -2.133778707491119349e+02 -1.384928166319556624e+02 -1.273625029080763227e+01 6.154783553136518037e+00 -2.796572442028364662e+02 3.239641742884734299e+02 -3.498554573608378178e+02 -1.616039369108255528e+02 1.014649543229332096e+02 1.474885877004385009e+02 -4.498265951952983954e+00 -1.002231394526994457e+01 -2.770114449552658584e+02 1.655052714206073858e+02 -9.755566479690604353e+01 -1.408675187562314193e+02 -3.888187884867081578e+01 -2.910275490953433177e+02 -2.414679989007406675e+02 -2.114795262013229404e+01 3.233259547053992655e+00 1.721573906831723662e+02 1.161468682640396111e+02 -1.671054165675825800e+02 -1.846034322360445969e+02 -1.611595434665501898e+02 5.629019584627708461e+00 -7.081084691388129215e+01 -1.846746497498984638e+02 -3.174953608434237822e+02 3.558897745610461527e+01 -1.199094281847755781e+02 -5.468107978046630535e+01 -1.747316595670594808e+01
2.035294117647058840e+02 2.207476423917420902e+02 2.373917929260842072e+02 -1.097344811101867066e+02 1.026699568803289964e+02 1.269954325867137328e+02 2.097747642587956136e+02 3.019595888834611586e+01 1.494377352837614978e+02 -1.134173997611235336e+02 -2.954984780394065069e+02 1.750931015044191099e+02 -6.074553853154127125e+01 2.296594865401552283e+02 1.557285534144078838e+02 8.427626176340658049e+01 6.816659867815816654e+01 2.068222172550665050e+02 1.463998408268802507e+02 2.121372972182222156e+02 -3.587234157251812405e+01 -1.276660406729327804e+02 2.358916403668496002e+02 -3.197309154706222216e+02 -1.156996874997286113e+02 -2.435713638218978190e+02 -6.823589863973082004e+01 -3.809013536939742295e+01 -2.421329504612005223e+01 2.102874514109302311e+02 2.067253153154077268e+02 1.808321380357701358e+01 8.585935784813339922e+01 2.106886104668693349e+02 -1.135616960030573637e+02 -8.538614481372427178e+00 1.972775324100487921e+02 -6.924236258285678502e+01 1.172178441956463786e+02 2.337883598803401526e+02 6.561096332309296031e+01 1.220486278375408631e+02 2.061922239599546742e+02 -5.907545811726312479e+01 2.691202189952113031e+02 -2.767864129537860762e+01 1.213819544663950154e+02 -3.807697452041803388e+01 1.684950409724893632e+02 1.488889618673367181e+02 1.041951428825002068e+02 2.560660977990834226e+02 5.681367019111076644e+01 1.246024231331757761e+02 5.952805038802691939e+01 -1.562937765376955923e+01 2.286149907092418516e+02 -5.325080105981273846e+02 -2.004087321205321928e+02 -2.054808903331006036e+02 -1.821374365605199586e+01 -1.961426388701983967e+02 3.128469687401296255e+02 3.581672243578469761e+02 -9.372849827090200847e+01 6.151597611234643637e+01 -1.571497669707282512e+02 -9.453999471913442676e+01 -2.611472191511253413e+02 9.436533693428845027e+01 -1.082226067189677998e+01 -9.053082193664126009e+01 -1.763091758745906077e+02 -1.438235377223787168e+02 -2.012621992675625222e+02 1.483060697375788379e+02 -2.046840060658649207e+01 -2.143571673206727439e+02 -1.327738555514144423e+02 -1.184893929177811955e+01 3.881130589058825020e+00 -2.884111622483081874e+02 3.138549218372863834e+02 -3.510009426539349420e+02 -1.590157955453450143e+02 9.607153934369428327e+01 1.475937526658782701e+02 -3.903228407288016122e+00 -8.672124956527836659e+00 -2.883240426026071646e+02 1.650042220205832564e+02 -9.677300960658138251e+01 -1.567769850245768453e+02 -3.967479131090838962e+01 -3.012739036995909032e+02 -2.478751910264796265e+02 -9.621835773162935368e+00 2.867280034609229755e+00 1.681128556610242697e+02 1.140326670730977554e+02 -1.812902407950702184e+02 -1.870623655231266014e+02 -1.673285475705000351e+02 1.739420722920273121e+01 -6.583129007746316574e+01 -2.052782503173682471e+02 -3.199315473981209834e+02 3.404098858191467514e+01 -1.205953993830998883e+02 -5.528832493891301425e+01 -1.894044271059310347e+01
2.041176470588235361e+02 2.257230957771334658e+02 2.349921126181885995e+02 -1.103236626538719918e+02 1.173943727769733698e+02 1.394696393723455685e+02 2.085299816624450671e+02 2.339234247034627856e+01 1.593447009616582761e+02 -1.310370622489387529e+02 -3.008317803081325792e+02 1.779328249638637089e+02 -6.221445482400118721e+01 2.255270448350081267e+02 1.663501627599473522e+02 1.010592093288495192e+02 5.996668722330412749e+01 2.206622648333298571e+02 1.574728928530226710e+02 2.257233419564685448e+02 -5.646829858004606706e+01 -1.327591403642398689e+02 2.325969306685873619e+02 -3.304843890514598002e+02 -1.148166216182546151e+02 -2.369657113087013158e+02 -8.684582677489994751e+01 -3.749897128846919259e+01 -2.296649407460709469e+01 2.057419595190098960e+02 2.207389235073908367e+02 1.259913459073868580e+01 7.914806279218906582e+01 2.343025875675523366e+02 -1.077218896636966292e+02 -9.038799069687659227e+00 1.996498625002192568e+02 -6.261513144372474926e+01 1.321225194410324946e+02 2.362199703125910730e+02 5.836518690658151343e+01 1.196783314998254610e+02 2.196312930601792175e+02 -5.061830429958276767e+01 2.834419174572427664e+02 -3.139142653420268658e+01 1.200317517378180980e+02 -3.410917272165365688e+01 1.756343458786484746e+02 1.449468643256476810e+02 9.638081972071408643e+01 2.610234020929456733e+02 6.341889812524434689e+01 1.187048114164403927e+02 6.548611032128543741e+01 -2.513755251497782695e+01 2.337914438353012088e+02 -5.367874205198141908e+02 -2.164439813760324967e+02 -2.032076439501892651e+02 -2.066616720488096703e+01 -2.069667834920913663e+02 3.003615759087805372e+02 3.591186031990179117e+02 -9.355259797962261814e+01 5.656032574526319223e+01 -1.669448545937306676e+02 -9.434922905016436800e+01 -2.626162928306762296e+02 1.021345939871740569e+02 -1.153775077932879078e+01 -9.028326945231059142e+01 -1.879814868495705582e+02 -1.517859961093068364e+02 -2.037656082192758049e+02 1.393952231552828209e+02 -2.314002216051078520e+01 -2.127398973732598790e+02 -1.246351973444479597e+02 -1.246165977118521617e+01 1.434914771138499967e+00 -2.946143356037671310e+02 3.013301457422589920e+02 -3.499243001615478761e+02 -1.531789229797085738e+02 8.983255566067713005e+01 1.458074809912145895e+02 -3.327245326588887941e+00 -8.831870659260966150e+00 -2.973196323393565308e+02 1.621995103520069108e+02 -9.521693815273901862e+01 -1.717718566782345704e+02 -4.024497138451997813e+01 -3.090659656130918052e+02 -2.532239651869770398e+02 2.322461527359278133e+00 2.342933486402172250e+00 1.623855139149538047e+02 1.111045719606803743e+02 -1.942229077736961074e+02 -1.878560994080317244e+02 -1.699977924416746191e+02 3.021149150297791408e+01 -6.175013386819127703e+01 -2.234041676003458008e+02 -3.177570840161202455e+02 3.242752997163032802e+01 -1.198941950865243058e+02 -5.545697567746113066e+01 -1.978537299059260590e+01
2.047058823529411882e+02 2.290160525421879640e+02 2.312416087421100883e+02 -1.098506098171217218e+02 1.282210497135510252e+02 1.475607901962835626e+02 2.059324351817041645e+02 1.663783018878082842e+01 1.678665002299403284e+02 -1.482547331158302200e+02 -3.037366547472284992e+02 1.800102624599760759e+02 -6.504752427209831467e+01 2.180510436729224182e+02 1.755089329791046282e+02 1.172026184136172589e+02 5.353217360116551049e+01 2.319539602539879866e+02 1.668436468749842732e+02 2.365789340407734471e+02 -7.702345997562784419e+01 -1.348933894599615826e+02 2.255002915870184950e+02 -3.374554877287440604e+02 -1.118915714123894674e+02 -2.266456736442781903e+02 -1.050962341680452141e+02 -3.643963240814507998e+01 -2.257536428806447404e+01 1.979396131286441118e+02 2.320164068892306659e+02 7.356222706744893536e+00 7.166786485915710614e+01 2.567384909487009281e+02 -1.017460628118139141e+02 -1.073783210009379907e+01 1.986839084461047378e+02 -5.527891694081300500e+01 1.462216447347637711e+02 2.366520612222485624e+02 5.054115054309060184e+01 1.153494339464596123e+02 2.287488700366457408e+02 -4.150836620949906575e+01 2.958732771236331018e+02 -3.481418498382834770e+01 1.171701581692692287e+02 -2.983269979810358663e+01 1.825092440503228772e+02 1.394416614500301250e+02 8.814288303569367145e+01 2.630112828379680536e+02 6.936932285337262272e+01 1.119807068703489961e+02 7.063530637502546483e+01 -3.156505949253062582e+01 2.380171297744397805e+02 -5.351167083723757969e+02 -2.304510878301311152e+02 -1.984709849589630153e+02 -2.441181169677318508e+01 -2.156982293306717793e+02 2.858384345659198402e+02 3.565499839967590674e+02 -9.147640562767203676e+01 5.258391670152922615e+01 -1.747128925960008701e+02 -9.222646210805174860e+01 -2.631350486963030448e+02 1.078286456289534243e+02 -1.365529920519139928e+01 -8.819999873727827833e+01 -1.969341897561941721e+02 -1.566804870980644466e+02 -2.033538083588655923e+02 1.295210244677388687e+02 -2.543932529262842124e+01 -2.086269882616217046e+02 -1.144630140688302475e+02 -1.449559472261875648e+01 -1.098441499079374273e+00 -2.981845415290527512e+02 2.867633880789186946e+02 -3.465163000871893360e+02 -1.444332975060634396e+02 8.287223094149901215e+01 1.422956645603182437e+02 -2.776917992919778477e+00 -1.042566608185492960e+01 -3.038333695529456691e+02 1.572898906514093937e+02 -9.295662745305939723e+01 -1.855024010880432854e+02 -4.052461651991944791e+01 -3.142794761127611878e+02 -2.573175420061674004e+02 1.480375694680727783e+01 1.698722127861644671e+00 1.551925193432093408e+02 1.074345488982000205e+02 -2.056295845063792740e+02 -1.872302907815253832e+02 -1.694626058032925755e+02 4.384568777918693172e+01 -5.862052900413718248e+01 -2.388547299718286467e+02 -3.113909230014295417e+02 3.072010818432116608e+01 -1.178991416157376335e+02 -5.514327163851589120e+01 -2.009495842857717918e+01
2.052941176470588118e+02 2.306058009500402761e+02 2.263409271857768204e+02 -1.083355790166680350e+02 1.353993062629208737e+02 1.516366448801331899e+02 2.021410129983101456e+02 1.000981456955607740e+01 1.750653355807884282e+02 -1.646615537939900378e+02 -3.042222953688054758e+02 1.812404684761607996e+02 -6.914544395376186969e+01 2.075422036626024180e+02 1.830209783044959977e+02 1.326155048576420938e+02 4.899717107861673071e+01 2.405764765046797038e+02 1.743744081808833641e+02 2.445964939267577734e+02 -9.702199318864109046e+01 -1.343730418291412434e+02 2.149276157559884837e+02 -3.406657118923696430e+02 -1.071112071709286226e+02 -2.133525531183273927e+02 -1.225275151040740980e+02 -3.498431642375624051e+01 -2.306193343731442624e+01 1.871934378688331719e+02 2.404415670587687828e+02 2.365647510925991792e+00 6.358026452522270233e+01 2.775761895810738906e+02 -9.572962916340348727e+01 -1.353563416841194567e+01 1.947828861882663603e+02 -4.741128907569079587e+01 1.594745969608427743e+02 2.351669344522885297e+02 4.232254005750633752e+01 1.093010607302110344e+02 2.337504693222589935e+02 -3.198000951576847584e+01 3.062116714145227547e+02 -3.793836282857443365e+01 1.128608074603729676e+02 -2.535259530587732257e+01 1.888493378454660672e+02 1.324709014052357077e+02 7.961537549634226707e+01 2.621735189131290440e+02 7.476548629593682449e+01 1.046515188887451586e+02 7.510055158449297608e+01 -3.528425042415843649e+01 2.410824661640639306e+02 -5.278605829586261962e+02 -2.422080192639372456e+02 -1.914286633763559564e+02 -2.926441292679173145e+01 -2.221755142130023728e+02 2.696790516695378415e+02 3.506288127752969785e+02 -8.758404148511097276e+01 4.952456699446277355e+01 -1.802912641528763515e+02 -8.824189409178241306e+01 -2.625974135568759493e+02 1.115501607028178199e+02 -1.702485900748101244e+01 -8.433722734693614598e+01 -2.030977118619290991e+02 -1.587444319549856857e+02 -2.004350795021330498e+02 1.188969956732679378e+02 -2.734251275786878210e+01 -2.021729850474272894e+02 -1.026701199696271374e+02 -1.780149308465036384e+01 -3.629627543067141193e+00 -2.991003306241444193e+02 2.705585502673939118e+02 -3.407568403353495228e+02 -1.331783219068895505e+02 7.534212953335013196e+01 1.372531832478888418e+02 -2.257102479437076870e+00 -1.330787389720880043e+01 -3.077563913790655192e+02 1.505128142866628025e+02 -9.007072203979606684e+01 -1.976455315813938967e+02 -4.046996415781494250e+01 -3.168463437397546727e+02 -2.599782061058955946e+02 2.785790780485703166e+01 9.753771540259522643e-01 1.467744915691565097e+02 1.031165478111057041e+02 -2.152662114747826649e+02 -1.854096491238250337e+02 -1.660799666970693522e+02 5.801283236377731356e+01 -5.645638659708435370e+01 -2.514882106922580931e+02 -3.013178259761673417e+02 2.891101318295311273e+01 -1.147292879753376980e+02 -5.433177771688684032e+01 -1.994990679843024495e+01
2.058823529411764639e+02 2.305005221445780705e+02 2.204762504792030597e+02 -1.058139733402978635e+02 1.392238407736227259e+02 1.521205392709157991e+02 1.973213531519269850e+02 3.588686961157276034e+00 1.809826211087286083e+02 -1.798406721730837035e+02 -3.023378729176396291e+02 1.815252830759386313e+02 -7.434297112852294731e+01 1.943872256201055677e+02 1.887390102407928794e+02 1.471590649310582251e+02 4.636923444364025215e+01 2.464491784787819313e+02 1.799647272709988215e+02 2.497148179802441632e+02 -1.159468854274736174e+02 -1.315211947681255253e+02 2.012920280520662857e+02 -3.401843684680349043e+02 -1.006912108721529222e+02 -1.978221478050386111e+02 -1.386885612905329026e+02 -3.319725295565806533e+01 -2.441583239558182328e+01 1.738896426224126799e+02 2.459471185842604086e+02 -2.355226830340214406e+00 5.505755510194628499e+01 2.964079985955076495e+02 -8.974745704282587155e+01 -1.730166786639649956e+01 1.883641792295958055e+02 -3.920512185491347878e+01 1.718014178863480481e+02 2.318787611721301118e+02 3.388887111083631964e+01 1.017824642689779040e+02 2.349300547838022624e+02 -2.227739584864129441e+01 3.142786702269976331e+02 -4.074081139710398247e+01 1.072285690158510079e+02 -2.077876835606278405e+01 1.943771220769380932e+02 1.241799471920514435e+02 7.092677879682305786e+01 2.586968955330316930e+02 7.967428210237527253e+01 9.692889916582855392e+01 7.897669522105687179e+01 -3.666809567295516104e+01 2.427933601168363396e+02 -5.154901457648995802e+02 -2.515384661301418419e+02 -1.822907908570723237e+02 -3.501051665843874616e+01 -2.262970000309288707e+02 2.522964324119269577e+02 3.415992412291301434e+02 -8.202603174776426442e+01 4.728210081149762090e+01 -1.835729852679195062e+02 -8.253685075316400344e+01 -2.609100020530202073e+02 1.133978340490512551e+02 -2.144134701206380456e+01 -7.882262450083814542e+01 -2.064614170825437895e+02 -1.582453899322198367e+02 -1.954106256809927800e+02 1.077426844799067140e+02 -2.882630866163101047e+01 -1.935798327487557344e+02 -8.968285985066749788e+01 -2.217381404170898662e+01 -6.070271729739805444e+00 -2.974028630717972419e+02 2.531306291389656735e+02 -3.327071151298661107e+02 -1.198607709091263729e+02 6.741088216413821499e+01 1.308971584013434324e+02 -1.770756580623928933e+00 -1.727708327070303795e+01 -3.090409807088668117e+02 1.421362880174303882e+02 -8.664509654281765449e+01 -2.079188215471074557e+02 -4.006133440123529965e+01 -3.167586688900380523e+02 -2.610564097445968059e+02 4.144029326446602113e+01 2.142133480443077498e-01 1.373851579247250356e+02 9.825937725968069003e+01 -2.229290355408534765e+02 -1.825950000317373849e+02 -1.602528275425454467e+02 7.239219997180711630e+01 -5.523091226056763503e+01 -2.612237050428638554e+02 -2.880716552362728180e+02 2.701012638109211039e+01 -1.105258536066556019e+02 -5.303412464029617013e+01 -1.942496054636808012e+01
2.064705882352941160e+02 2.287388778543624142e+02 2.138171111855708943e+02 -1.023365758293878542e+02 1.400210626959216142e+02 1.494705157478327351e+02 1.916405553966786215e+02 -2.547617796795333067e+00 1.856418614452506972e+02 -1.933882742253135234e+02 -2.981721363707989667e+02 1.807652817408830686e+02 -8.041786689044519676e+01 1.790305022522274498e+02 1.925563235476794546e+02 1.606561553594426073e+02 4.554337488248660293e+01 2.495399199595843243e+02 1.835533542989102216e+02 2.519262320199069336e+02 -1.333050729301025967e+02 -1.266697246558308620e+02 1.850748035739110264e+02 -3.361348466469868868e+02 -9.287125349620202996e+01 -1.807619554451443378e+02 -1.531585995021624171e+02 -3.113601084427951093e+01 -2.659212860307984982e+01 1.584694803860401464e+02 2.485214064394681657e+02 -6.786978722268288244e+00 4.627472079714732445e+01 3.128590448718679227e+02 -8.385715013747000057e+01 -2.187740850954271110e+01 1.798452086221776938e+02 -3.085968457436853285e+01 1.830900289086438875e+02 2.269303659176268582e+02 2.541004887993431538e+01 9.304801645626211837e+01 2.326547683261897816e+02 -1.264413724257102167e+01 3.199336737065393663e+02 -4.318870875577561463e+01 1.004488841402963857e+02 -1.622049807525915810e+01 1.988238726830573171e+02 1.147529269242703407e+02 6.219572102502723254e+01 2.528078300304328252e+02 8.413127058232288391e+01 8.900849298504454055e+01 8.232979602785412965e+01 -3.608037281573637500e+01 2.429828321849737733e+02 -4.985670694148253688e+02 -2.583181883013258471e+02 -1.713109119287714748e+02 -4.141580124728927359e+01 -2.280204869849847569e+02 2.340999296170745936e+02 3.297721025663576029e+02 -7.501065483034585668e+01 4.573146937401616441e+01 -1.845099185278091909e+02 -7.531503811445254826e+01 -2.579974163262905336e+02 1.134717465478196914e+02 -2.665978378440638608e+01 -7.184658116966315333e+01 -2.070765429934167514e+02 -1.554752444763105927e+02 -1.886678779928841152e+02 9.627423025747495444e+01 -2.987189922212848003e+01 -1.830895699210974215e+02 -7.592861182267880338e+01 -2.736600825398344483e+01 -8.337063007491725131e+00 -2.931945922563136264e+02 2.348905813170340195e+02 -3.224996282295235801e+02 -1.049611854655058636e+02 5.925521130891365829e+01 1.234600296476740340e+02 -1.318957587391429653e+00 -2.209125577081269753e+01 -3.077023326780127377e+02 1.324503336331896435e+02 -8.277084436473774076e+01 -2.160909008178738873e+02 -3.930183824283059124e+01 -3.140695602967545597e+02 -2.604379453399277509e+02 5.543063362988075937e+01 -5.443990289342174327e-01 1.272821529770047846e+02 9.298049537473043813e+01 -2.284621624619814781e+02 -1.789617487649605607e+02 -1.524141598764182106e+02 8.663864251398587157e+01 -5.487742964453858718e+01 -2.680417774712346386e+02 -2.722184725008863211e+02 2.504141117526655691e+01 -1.054477560141415182e+02 -5.128642136788472783e+01 -1.858904397604551306e+01
2.070588235294117680e+02 2.253903480726243913e+02 2.065148764104903591e+02 -9.796890655658104663e+01 1.381376187574062442e+02 1.441607582430104628e+02 1.852620986678877557e+02 -8.329167679438267413e+00 1.890534471541722041e+02 -2.049357706636444050e+02 -2.918518436133952605e+02 1.788714323458101205e+02 -8.710335825559387501e+01 1.619534111663656688e+02 1.944104781053432305e+02 1.729052084783992029e+02 4.632061245332255339e+01 2.498713545369331541e+02 1.851201677839856927e+02 2.512815042469237881e+02 -1.486532386140044366e+02 -1.201499960189689347e+02 1.668034105814185750e+02 -3.286979997495990347e+02 -8.390855730676591406e+01 -1.628303076065984101e+02 -1.655691719943707767e+02 -2.885234562263394054e+01 -2.951134550794194311e+01 1.414088469636250522e+02 2.482129656097884549e+02 -1.091223538318731379e+01 3.740093623392177591e+01 3.266083382720159989e+02 -7.810190330617531629e+01 -2.708073139507071403e+01 1.696308346036473154e+02 -2.257078351245679215e+01 1.932067957977442347e+02 2.204886661173265452e+02 1.704055439220804757e+01 8.335208636830375895e+01 2.273486481609813836e+02 -3.312090698669757138e+00 3.230861975411507956e+02 -4.524511054278502797e+01 9.273478569695340923e+01 -1.178103842255867484e+01 2.019453522908709431e+02 1.044016131231469728e+02 5.352696043617440580e+01 2.447667317736091661e+02 8.814519864230027224e+01 8.106409566520656540e+01 8.520036946937882760e+01 -3.386868198276558672e+01 2.415211893429373902e+02 -4.777227045157328007e+02 -2.624807786959414102e+02 -1.587746151769245273e+02 -4.823299583819729008e+01 -2.273617100217327049e+02 2.154798780112617465e+02 3.155112381135243709e+02 -6.679274660229819460e+01 4.473423660814107450e+01 -1.831147481426050376e+02 -6.683101176952105504e+01 -2.538067754834809477e+02 1.118785601031251957e+02 -3.241148508761238389e+01 -6.365068963675632574e+01 -2.050564278559245111e+02 -1.507438179382210706e+02 -1.805741300824112727e+02 8.469507962036800564e+01 -3.046829671658134231e+01 -1.709745874465017721e+02 -6.182125122233229320e+01 -3.310690878987590935e+01 -1.035577559382037549e+01 -2.866353670586013891e+02 2.162299604907391313e+02 -3.103253678622549501e+02 -8.897630507363544439e+01 5.105044579316582798e+01 1.151814047061799897e+02 -9.009940671420557656e-01 -2.748389174131133572e+01 -3.038182039575632416e+02 1.217566092089408727e+02 -7.854174428801204044e+01 -2.219913116887732940e+02 -3.821496692595304268e+01 -3.088916609373781057e+02 -2.580496868331742917e+02 6.964371885351630453e+01 -1.262640171515685417e+00 1.167170126397985257e+02 8.739970176301287097e+01 -2.317645458655335631e+02 -1.746592632758836601e+02 -1.430103768605145547e+02 1.003987316506325840e+02 -5.529202570744664769e+01 -2.719847822606334375e+02 -2.543373883188770890e+02 2.303887304494214661e+01 -9.966572271799689986e+01 -4.914541071355309043e+01 -1.750519930639269717e+01
2.076470588235294201e+02 2.205539053452530993e+02 1.987028288421950037e+02 -9.278999735298111773e+01 1.339294209201704291e+02 1.366646990980472935e+02 1.783419341879599926e+02 -1.369788401804768085e+01 1.912194427782827688e+02 -2.141681779935585155e+02 -2.835388275038179700e+02 1.757751912816039521e+02 -9.410245959154602247e+01 1.436544328442899143e+02 1.942847204730830697e+02 1.836941301571382894e+02 4.843036452528561853e+01 2.475229931556304450e+02 1.846861849225281560e+02 2.478904499745237331e+02 -1.616182684375373526e+02 -1.122845307573327602e+02 1.470299568815935913e+02 -3.181115103415993985e+02 -7.407103205209148200e+01 -1.446207400313397784e+02 -1.756210336502683731e+02 -2.639291327874921933e+01 -3.306171904003286244e+01 1.231988783829625334e+02 2.451308102613473636e+02 -1.471841553306419570e+01 2.859290438589092176e+01 3.374046552981449736e+02 -7.251388452809645457e+01 -3.271156326466866915e+01 1.581032785514108809e+02 -1.452231989038821425e+01 2.020068499396604125e+02 2.127393494347387843e+02 8.915401490815231256e+00 7.294481017183741756e+01 2.194747139528332980e+02 5.507908529696440958e+00 3.237037553666108920e+02 -4.687395698662103882e+01 8.432347858742231494e+01 -7.553492385401903597e+00 2.035349629713144566e+02 9.335442656596174515e+01 4.500951154943984278e+01 2.348605927728710299e+02 9.170317562376355625e+01 7.324400923895457538e+01 8.760732975170203929e+01 -3.035896140248702224e+01 2.383234058962293034e+02 -4.536349098975325660e+02 -2.640198378142812317e+02 -1.449878867846035462e+02 -5.521008335443182347e+01 -2.243903810198800102e+02 1.967960515307922833e+02 2.992183790671098222e+02 -5.766119143489450494e+01 4.414871650629694244e+01 -1.794599913004541349e+02 -5.737715630169675052e+01 -2.483112808700434186e+02 1.087352497354150387e+02 -3.841968537175046094e+01 -5.451474584839965587e+01 -2.005726677921749399e+02 -1.443713247271747377e+02 -1.714712108967203790e+02 7.318946405284965806e+01 -3.061456893010064206e+01 -1.575274581061109984e+02 -4.774816501055198614e+01 -3.911660736285151074e+01 -1.206445449789766400e+01 -2.779359275216539231e+02 1.975094012765844127e+02 -2.964203203590392945e+02 -7.240123782276313591e+01 4.296264081810681290e+01 1.063002615075822064e+02 -5.146800843609358189e-01 -3.317970337734195141e+01 -2.975254945412390839e+02 1.103582608869713511e+02 -7.405194630392261956e+01 -2.255163878283441932e+02 -3.684130363813250852e+01 -3.013928325614071468e+02 -2.538629733690821411e+02 8.384243609483057469e+01 -1.906709338435500278e+00 1.059267984162331260e+02 8.163390715945170939e+01 -2.327936838405382503e+02 -1.698115728796281871e+02 -1.324854493876181607e+02 1.133264628121672075e+02 -5.633854950033790487e+01 -2.731538215226138391e+02 -2.350022989214944573e+02 2.104268202214316474e+01 -9.335613281305838029e+01 -4.668385974676719741e+01 -1.623037072578257778e+01
2.082352941176470722e+02 2.143553757562802389e+02 1.904972751991404039e+02 -8.689059789565668268e+01 1.277520520051170081e+02 1.274406614474049491e+02 1.710255505815376011e+02 -1.861012979173256809e+01 1.921387891939233157e+02 -2.208391556190526330e+02 -2.734259412986042435e+02 1.714364640418284012e+02 -1.011035278224527758e+02 1.246301952571604801e+02 1.922078272663538883e+02 1.928146522330501398e+02 5.155435829528782676e+01 2.426299926273615881e+02 1.823123570206079478e+02 2.419192503298700387e+02 -1.719130876699270516e+02 -1.033798896498702362e+02 1.263102653595969826e+02 -3.046657957932015393e+02 -6.362979249873519194e+01 -1.266507372095681205e+02 -1.830966857909241412e+02 -2.379978132987174533e+01 -3.710360103428738654e+01 1.043275706510110439e+02 2.394414605243546248e+02 -1.819947324561543311e+01 1.998964862653997088e+01 3.450783121442079278e+02 -6.711729766675831854e+01 -3.855877190738110016e+01 1.456144419874297000e+02 -6.879083887725403912e+00 2.093447932421653945e+02 2.038810917288267319e+02 1.147350518552984866e+00 6.206811819114005147e+01 2.095167913650430194e+02 1.363368349204922758e+01 3.218160044203380039e+02 -4.804445618668388107e+01 7.546303674345334400e+01 -3.617657828089522187e+00 2.034342091941989281e+02 8.184570019445398259e+01 3.671603864356688263e+01 2.233943825422871896e+02 9.477665483020487613e+01 6.566900003063187796e+01 8.955276057023246494e+01 -2.585163343083923948e+01 2.333537644808334051e+02 -4.270037618465432274e+02 -2.629886554522901747e+02 -1.302654260194653375e+02 -6.209882767704902307e+01 -2.192247818676967768e+02 1.783688530544934565e+02 2.813172261841771729e+02 -4.792541580023338099e+01 4.383821280214849736e+01 -1.736745333245729341e+02 -4.726953730524827080e+01 -2.415125918171759736e+02 1.041715708172172157e+02 -4.441404735448933394e+01 -4.474266726251000392e+01 -1.938482847774600941e+02 -1.366802020033519796e+02 -1.616711544855390059e+02 6.191781461973831568e+01 -3.032109146572422986e+01 -1.430505702916628650e+02 -3.405872611867015820e+01 -4.512123266893535600e+01 -1.341585837625369493e+01 -2.673494642366399034e+02 1.790498415352228392e+02 -2.810517511743311161e+02 -5.571175028509228611e+01 3.514198782592110604e+01 9.704758224007501610e+01 -1.568379447296922302e-01 -3.890918757039970899e+01 -2.890144903379079437e+02 9.855013791385671595e+01 -6.939374792378397672e+01 -2.266319439099778776e+02 -3.523463550370903619e+01 -2.917896359781805131e+02 -2.478947825610487712e+02 9.775332801431900975e+01 -2.448150628012119245e+00 9.512707423986543631e+01 7.579278863662260335e+01 -2.315666584592301831e+02 -1.645191777549506185e+02 -1.212662403228797530e+02 1.250986689295923071e+02 -5.785548758758832122e+01 -2.717036817944613176e+02 -2.147647735221466974e+02 1.909553748019954966e+01 -8.669481103102721420e+01 -4.398548264853195633e+01 -1.481511323512151890e+01
2.088235294117646959e+02 2.069436435751064778e+02 1.819994157387776852e+02 -8.037093715505578473e+01 1.199525268909368663e+02 1.169202019087005908e+02 1.634460095095877818e+02 -2.303792090060661479e+01 1.918125328433759478e+02 -2.247817656156591966e+02 -2.617320164919249237e+02 1.658490063500525196e+02 -1.077960148612273770e+02 1.053583542919404152e+02 1.882522991618991739e+02 2.000760495948684365e+02 5.535043219526663449e+01 2.353788646680340548e+02 1.780970867855317010e+02 2.335847654506492290e+02 -1.793469374391959832e+02 -9.372093053921481953e+01 1.051845787643825787e+02 -2.886968831834472553e+02 -5.285143764353959028e+01 -1.093549332682443236e+02 -1.878678015329629716e+02 -2.111081070141353422e+01 -4.147571988542819099e+01 8.526328311654583558e+01 2.313630199236653766e+02 -2.135659914433681905e+01 1.170900757504071521e+01 3.495480548054458723e+02 -6.193097410881793508e+01 -4.440790945146687108e+01 1.324806773287404553e+02 2.187814795026933046e-01 2.150850666970776217e+02 1.941196450535431950e+02 -6.174452037094243728e+00 5.095202163153327035e+01 1.979618492117936626e+02 2.091726914057530706e+01 3.175149901684543465e+02 -4.873454322625809709e+01 6.640004230903957705e+01 -3.792130033871056460e-02 2.015399645991832074e+02 7.010586557301374455e+01 2.870341593237408873e+01 2.106818643369934421e+02 9.732777407323297325e+01 5.843185519783988013e+01 9.102714864153473684e+01 -2.061908288891413932e+01 2.266276192955412228e+02 -3.985277091229476127e+02 -2.594973530205970178e+02 -1.149196765594507639e+02 -6.866317646123255258e+01 -2.120251570079578300e+02 1.604734765091395161e+02 2.622377735414240760e+02 -3.790158874327281779e+01 4.367732847868852275e+01 -1.659377676856410915e+02 -3.683338450806297715e+01 -2.334418851275804343e+02 9.833113765593830635e+01 -5.014337439564609156e+01 -3.464809549790910381e+01 -1.851485006847496493e+02 -1.279866747542362333e+02 -1.514530043937964479e+02 5.101419600069358040e+01 -2.960984601277757378e+01 -1.278462609127035847e+02 -2.105506791745463602e+01 -5.086592866049836914e+01 -1.437904872494448583e+01 -2.551617481809234107e+02 1.611267230636758825e+02 -2.645050722687129792e+02 -3.934802615597575937e+01 2.771780713326143442e+01 8.763985962020720422e+01 1.760797134320838120e-01 -4.442141031698217546e+01 -2.785210721955908184e+02 8.660998949467210650e+01 -6.465557085101703194e+01 -2.253725344395252534e+02 -3.345774250510442016e+01 -2.803389962983371788e+02 -2.402067370721144357e+02 1.110835172470870305e+02 -2.864959140872159526e+00 8.450662703644047724e+01 6.997545920127447516e+01 -2.281583711670646437e+02 -1.588618278105460035e+02 -1.097496878965999940e+02 1.354289862771443609e+02 -5.966430473564138026e+01 -2.678358553916912115e+02 -1.941390519513158495e+02 1.723946823739613876e+01 -7.985122602247676582e+01 -4.113974316052027547e+01 -1.330330588499580458e+01
2.094117647058823479e+02 1.984859520532809540e+02 1.732976593504344578e+02 -7.333819845113377767e+01 1.108624926813160840e+02 1.054992496003897315e+02 1.557228392087409361e+02 -2.696885003203606246e+01 1.902487929981696482e+02 -2.259145954133462340e+02 -2.486960421240808614e+02 1.590431179253896801e+02 -1.138854540593546716e+02 8.628288754646351322e+01 1.825310261983672149e+02 2.053174848236161836e+02 5.947474888586697972e+01 2.260006347640732258e+02 1.721725928985550524e+02 2.231464530253064424e+02 -1.838298979612477808e+02 -8.356654816742650382e+01 8.416060509451013161e+01 -2.705768961734864320e+02 -4.199049622027863649e+01 -9.308246350385057610e+01 -1.898974863620570943e+02 -1.835996397920879275e+01 -4.600285414580747556e+01 6.644065263369193985e+01 2.211568822278861717e+02 -2.419798801458583526e+01 3.845831373394808850e+00 3.508229286764603785e+02 -5.697036642534687445e+01 -5.004936720771163294e+01 1.189798573399198460e+02 6.659470936901096039e+00 2.191114485752414396e+02 1.836620763909420191e+02 -1.298446151103286716e+01 3.981118065169184206e+01 1.852836343617109662e+02 2.724823570575500398e+01 3.109517130828009499e+02 -4.893326597876106376e+01 5.736875328087933212e+01 3.137840872181645313e+00 1.978083790779267304e+02 5.835302464775040931e+01 2.101419443519191788e+01 1.970364059192395416e+02 9.931567248889990651e+01 5.159834501307503274e+01 9.201475047045043709e+01 -1.490428134875225119e+01 2.182104132782671400e+02 -3.688815169420086590e+02 -2.537077591079265062e+02 -9.925113000999850499e+01 -7.468713468223720042e+01 -2.029862954529712624e+02 1.433368755366823564e+02 2.424017171841262552e+02 -2.789922937057154328e+01 4.355639732563336963e+01 -1.564716817838946383e+02 -2.638895280963879841e+01 -2.241595441473303083e+02 9.137117934558678201e+01 -5.538604836017517385e+01 -2.454042464548045288e+01 -1.747698850512698812e+02 -1.185925479199672310e+02 -1.410608043321473133e+02 4.058556640982487096e+01 -2.851387021139443689e+01 -1.122079735658907396e+02 -8.985609459014240130e+00 -5.612553327577398221e+01 -1.494010074889456696e+01 -2.416804490358993576e+02 1.439669906593447877e+02 -2.470718312067282625e+02 -2.370088070204187147e+01 2.079519374207333016e+01 7.827377315868116625e+01 4.872866856697330995e-01 -4.949451410223886683e+01 -2.663174133061430098e+02 7.479106986757848574e+01 -5.992019248688728084e+01 -2.218374869166507324e+02 -3.157813193814855879e+01 -2.673285552723450564e+02 -2.309020937342503714e+02 1.235379498726114775e+02 -3.142406597051399686e+00 7.422403482328553537e+01 6.426815501944705034e+01 -2.226971598062629312e+02 -1.529020127512239640e+02 -9.829231913817550037e+01 1.440795370575972072e+02 -6.157866682410044490e+01 -2.617900283500094929e+02 -1.735897887618490358e+02 1.551318083162222194e+01 -7.298341267419911560e+01 -3.823684980105890929e+01 -1.173194901735672779e+01
2.100000000000000000e+02 1.891625625525164764e+02 1.644700463901489798e+02 -6.590385318591718544e+01 1.007928861628820414e+02 9.353202157502049374e+01 1.479616239933025099e+02 -3.040490218061166061e+01 1.874671476492792124e+02 -2.242431534670501776e+02 -2.345708207619710777e+02 1.510857202297126207e+02 -1.191068316351626777e+02 6.780219801082127162e+01 1.751926359461531604e+02 2.084183173043964814e+02 6.360125326944051949e+01 2.147620846569109005e+02 1.647003017158092746e+02 2.108965654168026163e+02 -1.853718244219678013e+02 -7.314691844699824230e+01 6.369943303446519423e+01 -2.507029363282589998e+02 -3.128246978983823823e+01 -7.809800453666690601e+01 -1.892376019714011761e+02 -1.557758441730906362e+01 -5.050436366611015870e+01 4.824926197504181857e+01 2.091177392650933484e+02 -2.673784649998371066e+01 -3.528248589832926108e+00 3.489993176976161067e+02 -5.224890347772561938e+01 -5.528645390586004993e+01 1.053505361944363443e+02 1.236133906900349011e+01 2.213352493239316061e+02 1.727114042321073839e+02 -1.923950388708239245e+01 2.884183788587298025e+01 1.719282804151594632e+02 3.255480763964797575e+01 3.023294787670540700e+02 -4.864205455951870505e+01 4.858221464549070845e+01 5.878443891352580053e+00 1.922554506674246682e+02 4.678621649819204720e+01 1.367869485010084674e+01 1.827623049192967528e+02 1.007024101361536879e+02 4.520933079126275089e+01 9.249876636054027301e+01 -8.920402019510017766e+00 2.082142532727827415e+02 -3.386970601855738323e+02 -2.458264065142366803e+02 -8.354029140938146725e+01 -7.998172275202985304e+01 -1.923296847097535363e+02 1.271372315844288323e+02 2.222096228753991056e+02 -1.820889093873432785e+01 4.338418799565143047e+01 -1.455314039404083530e+02 -1.623847447624988760e+01 -2.137535188153805450e+02 8.346110818519548502e+01 -5.995788615376682174e+01 -1.471195547935385584e+01 -1.630286971314000652e+02 -1.087776957451845590e+02 -1.307027720147616776e+02 3.071258877719178670e+01 -2.707600886885319724e+01 -9.641281304432052934e+01 1.958463605148449638e+00 -6.071263845357073308e+01 -1.510196313426541082e+01 -2.272242125556734607e+02 1.277486005325270071e+02 -2.290392218684748116e+02 -9.101163446515409206e+00 1.445328203514023535e+01 6.912219791581443928e+01 7.789489228450791058e-01 -5.394363456628067155e+01 -2.527016672983701255e+02 6.331643879029944344e+01 -5.526326401476321593e+01 -2.161840993873127559e+02 -2.966396340490029715e+01 -2.530662620142817048e+02 -2.201210248247642767e+02 1.348359340575753720e+02 -3.273539288229259547e+00 6.440605362455499971e+01 5.874288331181705303e+01 -2.153581493698799534e+02 -1.466888823608715313e+02 -8.720241838766797571e+01 1.508697338141591899e+02 -6.341389885485385491e+01 -2.538345309076284764e+02 -1.535229440173586397e+02 1.395001397169510682e+01 -6.623384587121272205e+01 -3.536320872570663454e+01 -1.013111014207574101e+01
2.105882352941176521e+02 1.791610835431269493e+02 1.555864994787159787e+02 -5.818100010075376360e+01 9.003005222819018627e+01 8.132754737131153888e+01 1.402541014460431370e+02 -3.336040540543917388e+01 1.835021990271748109e+02 -2.198568056322390305e+02 -2.196163403990899781e+02 1.420780860971580637e+02 -1.232356311060082561e+02 5.026026666144842636e+01 1.664157779838371596e+02 2.093059113837572340e+02 6.743754714049161691e+01 2.019557699991643176e+02 1.558654751406643015e+02 1.971493792587241671e+02 -1.840762489233968040e+02 -6.266220814773443237e+01 4.420464236340802699e+01 -2.294852018692869819e+02 -2.093788052056855165e+01 -6.458590934560666597e+01 -1.860217545702646191e+02 -1.279067953344890363e+01 -5.480296546810886582e+01 3.102526394943767585e+01 1.955626367436441910e+02 -2.899485249019326005e+01 -1.036369903050314001e+01 3.442536591656796645e+02 -4.777874363900763655e+01 -5.994289920650520997e+01 9.179288147279081045e+01 1.727295988599675525e+01 2.217017911647868402e+02 1.614617931092309391e+02 -2.491654858179565224e+01 1.821923945223928598e+01 1.583024414318146285e+02 3.680294445507723822e+01 2.918947014816711203e+02 -4.787492314970941720e+01 4.022554875092434656e+01 8.168780609925599734e+00 1.849545600955441387e+02 3.558053915539743173e+01 6.717454924177131304e+00 1.681470818846760835e+02 1.014581524667271566e+02 3.928372775706660036e+01 9.246601040116289028e+01 -2.851292068624456277e+00 1.967924418345544666e+02 -3.085477449239668886e+02 -2.360961115580794001e+02 -6.804154476587535783e+01 -8.439067650782979513e+01 -1.802955588544471937e+02 1.120055298301223701e+02 2.020303149777556087e+02 -9.091514571093009422e+00 4.308909399245395377e+01 -1.333948208265343567e+02 -6.654831818007592936e+00 -2.023364787736116739e+02 7.478010123896564210e+01 -6.371727878602199979e+01 -5.426784768947054971e+00 -1.502492012379727839e+02 -9.879371198787758601e+01 -1.205515655266942332e+02 2.145166454051010874e+01 -2.534714118227860169e+01 -8.071571616685631056e+01 1.164378959882041009e+01 -6.448288336210170257e+01 -1.488353442234444479e+01 -2.121120645661378603e+02 1.126021256837904474e+02 -2.106813599007658127e+02 4.187210751267476994e+00 8.745003901610868269e+00 6.033161598808423776e+01 1.051532140553508521e+00 -5.762608790929157720e+01 -2.379872514202025684e+02 5.237509910596684648e+01 -5.075213668139510759e+01 -2.086185772172161705e+02 -2.778037504989286788e+01 -2.378697594263429096e+02 -2.080345652233373244e+02 1.447260322376383783e+02 -3.259318953631032745e+00 5.514768198752162931e+01 5.345693332823247346e+01 -2.063548452023808579e+02 -1.402622727860171494e+02 -7.673498203197438272e+01 1.556818153613239417e+02 -6.499602837847591275e+01 -2.442562617451857818e+02 -1.342799784407763468e+02 1.257651080932691556e+01 -5.972640235333089009e+01 -3.259754585907564461e+01 -8.524064495891192195e+00
2.111764705882353041e+02 1.686707505173894788e+02 1.467106919543644779e+02 -5.028182919461940514e+01 7.883324409900096441e+01 6.914855693828604899e+01 1.326786112545556193e+02 -3.585939983743440962e+01 1.784060687437527974e+02 -2.129217594518585202e+02 -2.040931622620154826e+02 1.321516331372714887e+02 -1.260960649984828024e+02 3.394087324806602624e+01 1.564026386148460119e+02 2.079606252755379785e+02 7.073670663208386600e+01 1.878895023502242623e+02 1.458713404086508092e+02 1.822301595578732361e+02 -1.801300649416730266e+02 -5.228261327211488663e+01 2.601475088649149825e+01 -2.073351227409115438e+02 -1.113764225058161017e+01 -5.265676838076148414e+01 -1.804547309002264797e+02 -1.002322643131176072e+01 -5.873314744646808805e+01 1.504595779438700909e+01 1.808197778635288273e+02 -3.099029665873719352e+01 -1.663090913643101132e+01 3.368315701123635790e+02 -4.357101441025563560e+01 -6.386933478035223999e+01 7.847101010354046480e+01 2.137164178372002610e+01 2.201949285728018708e+02 1.500944658443842457e+02 -3.000976304228082370e+01 8.095659403547429633e+00 1.447642628743150510e+02 3.999367304664973233e+01 2.799258932578416079e+02 -4.665773193410884545e+01 3.245148553983585060e+01 1.000856125412077979e+01 1.760313571211355850e+02 2.488413073650734120e+01 1.437730611763994304e-01 1.534550391451576559e+02 1.015653385664955124e+02 3.382202057499244319e+01 9.191081409160788951e+01 3.147333129729856349e+00 1.841324759579437966e+02 -2.789369886942938024e+02 -2.247866477793849356e+02 -5.297897682839049338e+01 -8.779462662432281661e+01 -1.671351817234935027e+02 9.802878744136282307e+01 1.821927731387441156e+02 -7.699133411889954592e-01 4.261906238829661220e+01 -1.203518771971102694e+02 2.127561356393176784e+00 -1.900419725717981692e+02 6.551392490116980127e+01 -6.656764046789126610e+01 3.088104351263627922e+00 -1.367526261113437442e+02 -8.885903756002417708e+01 -1.107455376591100702e+02 1.283782967154980525e+01 -2.338406686780779253e+01 -6.534531079994562219e+01 1.999273697286163909e+01 -6.733750627307826164e+01 -1.431806402377975829e+01 -1.966536205868683282e+02 9.861401668128064557e+01 -1.922524293727425118e+02 1.597048253301097631e+01 3.698145318556371297e+00 5.202088938766788573e+01 1.303279154250688077e+00 -6.044385388326200115e+01 -2.224922483840908285e+02 4.211997012476531665e+01 -4.644499961650929976e+01 -1.993853693425166966e+02 -2.598637315633770939e+01 -2.220560814389717734e+02 -1.948376439286751918e+02 1.529985219862828103e+02 -3.108398493113199823e+00 4.651366771326488703e+01 4.845311756334404407e+01 -1.959295285397472810e+02 -1.336565388177242539e+02 -6.708943335805818720e+01 1.584629865768268928e+02 -6.616982864799918218e+01 -2.333506183369724738e+02 -1.161352811421393625e+02 1.141158340354035872e+01 -5.356444383970797674e+01 -3.000784289063244614e+01 -6.927654184482086919e+00
2.117647058823529278e+02 1.578769398581042367e+02 1.379013996554072037e+02 -4.231530336607648479e+01 6.743337515950024397e+01 5.721237503049438544e+01 1.253007191561440834e+02 -3.793271658786048306e+01 1.722497081972609863e+02 -2.036707961568965572e+02 -1.882560599706157234e+02 1.214622646501947685e+02 -1.275662252287723959e+02 1.906477500652336943e+01 1.453720132483604459e+02 2.044178708885724518e+02 7.330489916799105288e+01 1.728759444858178540e+02 1.349329545045303860e+02 1.664644932351076250e+02 -1.737899919074998252e+02 -4.214953373139284309e+01 9.398939976905696270e+00 -1.846541851132237184e+02 -2.029961881804057899e+00 -4.235571038561145230e+01 -1.727993326493669883e+02 -7.296500932445892929e+00 -6.214866336613794573e+01 5.271881400360641790e-01 1.652177207096309530e+02 -3.274613563607684341e+01 -2.231728997481254240e+01 3.270343071464877767e+02 -3.963565812391316712e+01 -6.694837579333756139e+01 6.551633589817926406e+01 2.466069254680024159e+01 2.168394396832613609e+02 1.387743893864530094e+02 -3.452714346781775845e+01 -1.400880864191489383e+00 1.316173585987665433e+02 4.215904008692844940e+01 2.667216815221929096e+02 -4.502669138860008502e+01 2.537804580497764562e+01 1.141056601438212326e+01 1.656565377317477328e+02 1.481688578210231633e+01 -6.033873887402092073e+00 1.389222870488393085e+02 1.010216475842201618e+02 2.881004562220231691e+01 9.083796113780897485e+01 8.946107368992125330e+00 1.704480125605477099e+02 -2.502908731577797994e+02 -2.121850081648498474e+02 -3.854406748786026071e+01 -9.011358245602055206e+01 -1.531035882336421423e+02 8.525446889356460645e+01 1.629805965296841919e+02 6.577310523823077126e+00 4.194052524848249419e+01 -1.066941794269580441e+02 9.919345442348539876e+00 -1.770198357893237642e+02 5.585124390443332487e+01 -6.845733649102390928e+01 1.064925084764399799e+01 -1.228473260506444120e+02 -7.915580016673031594e+01 -1.013907808121016956e+02 4.888159866926915953e+00 -2.124723003615643080e+01 -5.050138791140467021e+01 2.697902933955530713e+01 -6.922332404927838923e+01 -1.345100913891433869e+01 -1.811404817489688810e+02 8.583105047554343514e+01 -1.739816684424012010e+02 2.612467598049753903e+01 -6.825426401136326371e-01 4.428127220344414638e+01 1.529872565829669018e+00 -6.234353056478375521e+01 -2.065294024850564085e+02 3.266757104407496115e+01 -4.239032046680677723e+01 -1.887556247509128866e+02 -2.433239376754533367e+01 -2.059321243379611417e+02 -1.807416360930216115e+02 1.594948626379756149e+02 -2.836545136610314710e+00 3.854116156209991573e+01 4.376059700835171640e+01 -1.843430798326784839e+02 -1.269039192862122292e+02 -5.840989390840303486e+01 1.592242777244386218e+02 -6.680538963262226559e+01 -2.214119221046092321e+02 -9.929654681969657304e+01 1.046620964636933948e+01 -4.782998066276741866e+01 -2.764916278007818562e+01 -5.352866451554236349e+00
2.123529411764705799e+02 1.469561485468685760e+02 1.292132914178849887e+02 -3.438512758481571296e+01 5.603287295290305536e+01 4.569343347843102521e+01 1.181739317537351468e+02 -3.961503985653668991e+01 1.651229468807444505e+02 -1.923906209965019229e+02 -1.723481562819478938e+02 1.101837677544873202e+02 -1.275801006215524751e+02 5.789600625269533118e+00 1.335522339322455707e+02 1.987672987771488806e+02 7.500494521125936842e+01 1.572228633537201290e+02 1.232710692087973001e+02 1.501685554843912485e+02 -1.653669141908316647e+02 -3.237764626665538259e+01 -5.444134487811805201e+00 -1.618240088068424143e+02 6.271141594447273704e+00 -3.367178647024694982e+01 -1.633616247796842060e+02 -4.629423926791805144e+00 -6.492865472791041270e+01 -1.237667646595853732e+01 1.490755055341073216e+02 -3.428315734215527044e+01 -2.742397991133811885e+01 3.152035632871259168e+02 -3.598101602376414121e+01 -6.909803479463063525e+01 5.303155220517020751e+01 2.716577023036738225e+01 2.117012673300157246e+02 1.276477834225238723e+02 -3.848701056526309117e+01 -1.016714701864270154e+01 1.191077266813783950e+02 4.335709277095255487e+01 2.525886362346050475e+02 -4.302632492366538486e+01 1.908817769039586665e+01 1.239856966138557937e+01 1.540371085804138431e+02 5.470683917973460986e+00 -1.180971357179032744e+01 1.247533307829287850e+02 9.984164279319263358e+01 2.422279088233753086e+01 8.926452972022545396e+01 1.443978310154928835e+01 1.559703280299970345e+02 -2.229548227875066573e+02 -1.985857597707408218e+02 -2.489504690723946112e+01 -9.130765096397357183e+01 -1.384530007582138751e+02 7.369565008762616287e+01 1.446289655281026967e+02 1.281928182199530042e+01 4.103659528070104301e+01 -9.270542500458407176e+01 1.658012274076001447e+01 -1.634311298638942276e+02 4.597965049836272300e+01 -6.937737933433143667e+01 1.712049412434743090e+01 -1.088205173479016850e+02 -6.982844118828862179e+01 -9.256379034032725883e+01 -2.394640714841731022e+00 -1.899844070514200212e+01 -3.635382382253404643e+01 3.262159819752612577e+01 -7.013043265455269193e+01 -1.233749342910778601e+01 -1.658390955234630155e+02 7.426552075068896386e+01 -1.560701090384193321e+02 3.459202048792792539e+01 -4.412442165547633799e+00 3.717748243485181092e+01 1.724321225503422816e+00 -6.331404926889248230e+01 -1.903971472372739129e+02 2.409920409635284599e+01 -3.862657792071033214e+01 -1.770154762187322603e+02 -2.285859536123102131e+01 -1.897862639710020858e+02 -1.659668616443671851e+02 1.641137904301683079e+02 -2.465743212867639755e+00 3.124320211341022357e+01 3.939614248051133671e+01 -1.718648028730624446e+02 -1.200372381113972153e+02 -5.078769904594210516e+01 1.580364254944183813e+02 -6.680288264823398947e+01 -2.087247516112404924e+02 -8.390770248368100681e+01 9.743588283799294203e+00 -4.258380757517757331e+01 -2.556238064841581448e+01 -3.805611308337205401e+00
2.129411764705882320e+02 1.360716486455487200e+02 1.206971933604706777e+02 -2.658804415934264753e+01 4.480642967915065356e+01 3.472698169838825777e+01 1.113404135925808731e+02 -4.094219173379378418e+01 1.571333191437509527e+02 -1.794077303408903958e+02 -1.565957688584663288e+02 9.850077111878790959e+01 -1.261266335104358802e+02 -5.787880656711628546e+00 1.211742616886755854e+02 1.911493272773170986e+02 7.575620696188180148e+01 1.412245065725377628e+02 1.111062285342554787e+02 1.336407053175571491e+02 -1.552091987928671415e+02 -2.305761340008183069e+01 -1.838477001657381038e+01 -1.391980535982894480e+02 1.368574219571343065e+01 -2.654783353485734665e+01 -1.524755707674468397e+02 -2.038909217043002098e+00 -6.698207052965599928e+01 -2.357051790395524904e+01 1.326941460365551677e+02 -3.561942999259071740e+01 -3.196246472132423477e+01 3.017056290871530564e+02 -3.261328141573919481e+01 -7.027331914891325937e+01 4.109489145800286991e+01 2.893067083444843135e+01 2.048857265662927034e+02 1.168404609397532852e+02 -4.191462803691130290e+01 -1.812448084950280247e+01 1.074234196814395830e+02 4.366630504010903735e+01 2.378296617405256939e+02 -4.070711578276397802e+01 1.363106015738303256e+01 1.300509058183409827e+01 1.414067375443287915e+02 -3.089158581520996982e+00 -1.717898779617545912e+01 1.111191768261277133e+02 9.805710562337772274e+01 2.002800878942213103e+01 8.722060566689270900e+01 1.954469833496834852e+01 1.409397554760007836e+02 -1.971939479286326105e+02 -1.842819049752139904e+02 -1.215763764204830899e+01 -9.137602294777967415e+01 -1.234270648666559680e+02 6.333654063171061921e+01 1.273238739653540250e+02 1.787383789112971044e+01 3.990477067433093339e+01 -7.865308541978983214e+01 2.201971877527871158e+01 -1.494429156981786662e+02 3.608163590805239096e+01 -6.935726913093617441e+01 2.241416932959235453e+01 -9.493182698454278068e+01 -6.098408736366515370e+01 -8.431454410695516799e+01 -9.018742234028797711e+00 -1.669873149626469910e+01 -2.304271178239165252e+01 3.697722943560123099e+01 -7.008801297511168116e+01 -1.103951804741984155e+01 -1.509852458959950354e+02 6.390079081403639805e+01 -1.386888886540090766e+02 4.137473103186404444e+01 -7.523646511901524114e+00 3.074961578394995954e+01 1.877088929267893169e+00 -6.338253498307929590e+01 -1.743719394686712576e+02 1.646335878831139254e+01 -3.518226190640614703e+01 -1.644547745795037770e+02 -2.159388540034425574e+01 -1.738813892056860482e+02 -1.507353940555898930e+02 1.668139713568638456e+02 -2.023026012713017963e+00 2.461271491687601198e+01 3.536568853400976309e+01 -1.587627967562687274e+02 -1.130918005834477356e+02 -4.426574658811330920e+01 1.550232453636848504e+02 -6.609535007318361011e+01 -1.955565446354663095e+02 -7.005386805653711235e+01 9.239659975394186375e+00 -3.786646179348367980e+01 -2.377377526468394109e+01 -2.287661863236897020e+00
2.135294117647058840e+02 1.253699695023314007e+02 1.123999105435917585e+02 -1.901247079730760703e+01 3.390243858572038249e+01 2.441357963800788156e+01 1.048316932921628535e+02 -4.194882428148570597e+01 1.484037950896548921e+02 -1.650736950675393757e+02 -1.412041014704141162e+02 8.660171719400311474e+01 -1.232461477740557001e+02 -1.562752162170645143e+01 1.084652035547658215e+02 1.817494027627876108e+02 7.553135933800442103e+01 1.251543930025002282e+02 9.865329010765748308e+01 1.171546856100512599e+02 -1.436860096616602789e+02 -1.425916286753116502e+01 -2.935829781762943469e+01 -1.170951810812157134e+02 2.016648595096581786e+01 -2.089030339150266968e+01 -1.404879774533045520e+02 4.598065997379877090e-01 -6.825020347703461709e+01 -3.301438487759346430e+01 1.163497313684529786e+02 -3.676915360899165108e+01 -3.595137366146649072e+01 2.869158710118508679e+02 -2.953593438422974060e+01 -7.046599332696625595e+01 2.976436385647405558e+01 3.001288817447696644e+01 1.965338742552315523e+02 1.064569512253027312e+02 -4.483916045348376400e+01 -2.521789633161059996e+01 9.669662985104811526e+01 4.317984226531189051e+01 2.227335675213584523e+02 -3.812305769874156169e+01 9.024735552606966138e+00 1.326909914345913677e+01 1.280157780482893770e+02 -1.082154008197617934e+01 -2.213676413506070162e+01 9.815687184934041909e+01 9.571612721882499386e+01 1.618948595531105639e+01 8.474890878303571640e+01 2.419608724995859816e+01 1.255975079980979388e+02 -1.731965023139478603e+02 -1.695566011841022203e+02 -4.268522551427179623e-01 -9.035435986309785505e+01 -1.082559841625905932e+02 5.413803039923067217e+01 1.112033364658926899e+02 2.170617291937584170e+01 3.855436847009092816e+01 -6.478164467811744487e+01 2.619698886344278677e+01 -1.352231469610491388e+02 2.633070032983738074e+01 -6.845941699782122214e+01 2.648991828624784617e+01 -8.140873218038528591e+01 -5.269450860042050522e+01 -7.666982424642056060e+01 -1.500000466519838938e+01 -1.440645035630281257e+01 -1.067943050630818114e+01 4.013256975107223212e+01 -6.915868810089806118e+01 -9.623072916988686387e+00 -1.367802451725991091e+02 5.469687130132165009e+01 -1.219789409185680427e+02 4.652681722046385460e+01 -1.006127365743341784e+01 2.501567136162620386e+01 1.976462814370998355e+00 -6.260875144189346742e+01 -1.587021389265516405e+02 9.779028695820368711e+00 -3.207611804407285661e+01 -1.513568294684342277e+02 -2.055564271118888442e+01 -1.584495314917241728e+02 -1.352645029188875299e+02 1.676132996537231179e+02 -1.539099201611459744e+00 1.862672858089902306e+01 3.166605363145182395e+01 -1.452953238814220924e+02 -1.061064477979307554e+02 -3.884422075507940519e+01 1.503530877013867553e+02 -6.464950349587446965e+01 -1.821516708407177134e+02 -5.776780574148282454e+01 8.943904967121001803e+00 -3.369982544389019097e+01 -2.229539434545995746e+01 -7.977072958797155611e-01
2.141176470588235361e+02 1.149782811473367303e+02 1.043637362592187543e+02 -1.173747590889934500e+01 2.344489901518681663e+01 1.482398406050769424e+01 9.866934464629386525e+01 -4.266664561024597901e+01 1.390695984177151274e+02 -1.497507146093314248e+02 -1.263539027030193154e+02 7.467223763353625543e+01 -1.190246124717638736e+02 -2.374003327457437607e+01 9.564246101274453338e+01 1.707904373344879048e+02 7.435070529516583804e+01 1.092597265483271656e+02 8.611655220862226656e+01 1.009545720987094910e+02 -1.311715142212588887e+02 -6.034286447322301683e+00 -3.835928765423264508e+01 -9.579514557394384155e+01 2.569588161896112766e+01 -1.657863731825977283e+01 -1.277445111661621837e+02 2.852872069730958859e+00 -6.870731208125242517e+01 -4.071797002833018553e+01 1.002883099229073594e+02 -3.774198783280601788e+01 -3.941365705797444718e+01 2.712043623317698575e+02 -2.674924880544338990e+01 -6.970260868294607803e+01 1.908172861970630052e+01 3.047924606088920285e+01 1.868173800049054307e+02 9.658036445562916583e+01 -4.729112586884492941e+01 -3.141458368089703512e+01 8.700775013074526498e+01 4.200001118496333419e+01 2.075662848998599941e+02 -3.532929897887878923e+01 5.259713864096353220e+00 1.323380250195671515e+01 1.141214991850992959e+02 -1.770665477944392663e+01 -2.667727372008828013e+01 8.597030310729148539e+01 9.288113575790895027e+01 1.266986559071310658e+01 8.190345230278762756e+01 2.834537795523123904e+01 1.101782346001148341e+02 -1.510798432328721788e+02 -1.546760272199338715e+02 1.023048644201857726e+01 -8.831079795847101366e+01 -9.315261098703177822e+01 4.604300322700427017e+01 9.636018110934998049e+01 2.432545642982860201e+01 3.700387441437293035e+01 -5.130754574078085284e+01 2.911649478289998427e+01 -1.209359158526489750e+02 1.688776487952411642e+01 -6.677261328400237517e+01 2.935144067768673182e+01 -6.844384269916906760e+01 -4.499941061645297680e+01 -6.963661019820777653e+01 -2.035925983833379860e+01 -1.217566180563910727e+01 6.516334991175850577e-01 4.219602464057830105e+01 -6.743190537592847988e+01 -8.155281003910003434e+00 -1.233887634072319912e+02 4.659576380520371686e+01 -1.060518014146208969e+02 5.014463470655788768e+01 -1.207974585772923604e+01 1.997445970263180826e+01 2.009139150500245385e+00 -6.107859791763434032e+01 -1.436035188657694448e+02 4.039624942382609163e+00 -2.931760627831020116e+01 -1.379895724648097257e+02 -1.975005877406514543e+01 -1.436881520426271095e+02 -1.197609758239780291e+02 1.665851910103115472e+02 -1.046827574827497775e+00 1.325054975361671872e+01 2.828671370479111857e+01 -1.317034974301880936e+02 -9.912376449903713649e+01 -3.448721662420100387e+01 1.442290130384285760e+02 -6.246466189103792743e+01 -1.687271241077559694e+02 -4.703730576611690140e+01 8.840324846148513771e+00 -3.008918475692389194e+01 -2.112606942223475315e+01 6.675392263742329080e-01
2.147058823529411882e+02 1.050027343821870289e+02 9.662579751654534732e+01 -4.832074000527373236e+00 1.353558755201628472e+01 6.004088730845491106e+00 9.286566907826194495e+01 -4.312324412447998867e+01 1.292743612431532654e+02 -1.337981374122043121e+02 -1.121991339908144312e+02 6.288922956458543467e+01 -1.135863104490718740e+02 -3.018014278592157851e+01 8.290869864874309769e+01 1.585239721219358557e+02 7.227474720414537046e+01 9.375748337036394275e+01 7.368560021617341249e+01 8.525148472667422084e+01 -1.180306949763053979e+02 1.579657085824905494e+00 -4.543436874660498148e+01 -7.553593607572980773e+01 3.028269250102705712e+01 -1.347387371568119896e+01 -1.145773766251213175e+02 5.127583875729129659e+00 -6.835943219102151147e+01 -4.673407018479257147e+01 8.472255047638049064e+01 -3.854287568665947816e+01 -4.237428042950324425e+01 2.549233232632527120e+02 -2.424993498306300310e+01 -6.804100928660533043e+01 9.076028565173249518e+00 3.040184585682523277e+01 1.759322536554351188e+02 8.727291628990589345e+01 -4.930043911749670116e+01 -3.670194632905924692e+01 7.839095617135754424e+01 4.023317360990606062e+01 1.925640671927106382e+02 -3.238003456932847968e+01 2.303198582792914895e+00 1.294459556384620669e+01 9.997896924496858162e+01 -2.374280419258726482e+01 -3.079375501619204769e+01 7.463203426942469321e+01 8.962607780763714516e+01 9.432961559383382877e+00 7.874741314358101363e+01 3.195760557583010808e+01 9.490356449137050276e+01 -1.308982076384443189e+02 -1.398835542986801670e+02 1.977281551694451878e+01 -8.534085269806027441e+01 -7.830947344952232925e+01 3.898122745183651716e+01 8.284605883590185726e+01 2.577982764015300887e+01 3.527836427942446562e+01 -3.841588773924939204e+01 3.082346510835151676e+01 -1.067372765667229544e+02 7.898023434244637819e+00 -6.440500136429614031e+01 3.104159653227763371e+01 -5.619386993818624632e+01 -3.791075114218310205e+01 -6.320541902543148183e+01 -2.512014887822883935e+01 -1.005489404658048613e+01 1.089096403871664087e+01 4.329000160770765149e+01 -6.501681139163103751e+01 -6.701696256383315564e+00 -1.109382044291911882e+02 3.952638400389086115e+01 -9.099131682466602911e+01 5.235687483459994951e+01 -1.363922923637665541e+01 1.560869182137463085e+01 1.960986814092363417e+00 -5.889711832269532721e+01 -1.292564118147265617e+02 -7.828065210929070483e-01 -2.690754153973658092e+01 -1.245984135475385131e+02 -1.917299739622992760e+01 -1.297580598619818204e+02 -1.044164662047277972e+02 1.638523542982751451e+02 -5.796615319737964400e-01 8.441686528464186878e+00 2.521154260185095453e+01 -1.182055232256575721e+02 -9.218956632476437107e+01 -3.112981437260738105e+01 1.368783350782436230e+02 -5.957007325387073848e+01 -1.554698427702077481e+02 -3.781300568293492148e+01 8.908528155957085914e+00 -2.702556678292321024e+01 -2.025293801511375591e+01 2.112238367478080914e+00
2.152941176470588118e+02 9.552772489783149013e+01 8.921737970051519540e+01 1.645188709321846687e+00 4.256314315865702191e+00 -2.020361286292430503e+00 8.742441836736826133e+01 -4.334151436226558474e+01 1.191658892705286235e+02 -1.175605385264509692e+02 -9.886565099078966057e+01 5.141585134563068493e+01 -1.070854747171201495e+02 -3.503910676150830739e+01 7.044773082060214620e+01 1.452206313022002178e+02 6.939571789435008498e+01 7.883213801234437312e+01 6.153195859066517670e+01 7.022196072522716292e+01 -1.046072835305570692e+02 8.557109449380403632e+00 -5.067415573764082382e+01 -5.651282205645522083e+01 3.395774659485742575e+01 -1.142627908320298857e+01 -1.012950933843553116e+02 7.272217759973768736e+00 -6.724160232472726761e+01 -5.115143410335818430e+01 6.983009685010520684e+01 -3.917233975213434860e+01 -4.485850464294478002e+01 2.383968554375688598e+02 -2.203095600065926973e+01 -6.556560586228287946e+01 -2.334234205430825437e-01 2.985451560873693211e+01 1.640918597270633938e+02 7.857701297602910984e+01 -5.089508166332103656e+01 -4.108532126197411571e+01 7.084079923250230593e+01 3.798533119370353717e+01 1.779288039875821426e+02 -2.932675858536829594e+01 1.036120844198298585e-01 1.244724757264595283e+01 8.583294139882093532e+01 -2.894319605481473090e+01 -3.447874643249197391e+01 6.418596037995163783e+01 8.603301768510520731e+01 6.445546825041035710e+00 7.535043275446007272e+01 3.500905238286730992e+01 7.997680552833396916e+01 -1.126516602030791034e+02 -1.253953332138335952e+02 2.818075977772009111e+01 -8.156155123902230741e+01 -6.389671898359982549e+01 3.287370198427422707e+01 7.067626922026387604e+01 2.615022066931855704e+01 3.340711500321049954e+01 -2.625879144427837630e+01 3.139751190678800441e+01 -9.277177765281902566e+01 -5.116652446892330230e-01 -6.147698518200726170e+01 3.163632037973284739e+01 -4.478006293578435759e+01 -3.141773669926832824e+01 -5.735348992673893775e+01 -2.930754408512911979e+01 -8.086240075924957083e+00 2.000161417353591986e+01 4.354385992185297027e+01 -6.203505863581474955e+01 -5.323852931239602349e+00 -9.951943023984756564e+01 3.340893826724616389e+01 -7.685600818326372519e+01 5.331462144772088152e+01 -1.480238594687727272e+01 1.188807133426224460e+01 1.817935451515791723e+00 -5.618145221854783955e+01 -1.158044231365003185e+02 -4.733323300246494725e+00 -2.483888665976430232e+01 -1.114009460961569573e+02 -1.881125421541095832e+01 -1.167828559539886015e+02 -8.940395850641958475e+01 1.595786302057050818e+02 -1.700799282059179129e-01 4.153361754783415627e+00 2.242044805276748676e+01 -1.049925816915704786e+02 -8.535177157123251845e+01 -2.868519375367443303e+01 1.285421499061665429e+02 -5.602095346337905823e+01 -1.425355769430069017e+02 -3.001620158623234857e+01 9.124848996748831098e+00 -2.448819191149971530e+01 -1.965332259907759749e+01 3.540387190792964489e+00
2.158823529411764639e+02 8.661603285014615494e+01 8.216335562713447871e+01 7.646389427151424556e+00 -4.328880775799195391e+00 -9.239491779690210294e+00 8.234157831194670507e+01 -4.333963936106596293e+01 1.088918190320962509e+02 -1.013577545848304169e+02 -8.645085024898085635e+01 4.039756804114865929e+01 -9.969748287051309887e+01 -3.843697592066607882e+01 5.842139860830619114e+01 1.311604128410912722e+02 6.582872187904145278e+01 6.463489184335566051e+01 4.980658851317135571e+01 5.600783081780981121e+01 -9.121414411778012266e+01 1.488187329156186323e+01 -5.420473711598246780e+01 -3.887885713384815745e+01 3.676947806571993027e+01 -1.028188230548745885e+01 -8.817458060582697499e+01 9.275934250935677028e+00 -6.541381338227411391e+01 -5.408736912049766232e+01 5.575343969795859778e+01 -3.962718719174310422e+01 -4.689076207469103963e+01 2.219132208606304459e+02 -2.008153164234218835e+01 -6.238176795571114752e+01 -8.834649918979748051e+00 2.890987699881755546e+01 1.515196313642359200e+02 7.051680651069112571e+01 -5.210037697776915167e+01 -4.458552918670152110e+01 6.431934997016254840e+01 3.535851025906323741e+01 1.638254631692074952e+02 -2.621693688834180946e+01 -1.404857642599990131e+00 1.178636486842256303e+01 7.191100346219141670e+01 -3.333292989682698249e+01 -3.772473913956637404e+01 5.465053690906373163e+01 8.218843337805243721e+01 3.678625302622086757e+00 7.178558686106968878e+01 3.748520030758135135e+01 6.557888105441784887e+01 -9.629558540688437063e+01 -1.113972927655867124e+02 3.545412726034527395e+01 -7.710514003684133399e+01 -5.006090099132235594e+01 2.763639360038099113e+01 5.983505133625972405e+01 2.554348735424859385e+01 3.142149314327460630e+01 -1.495526857033524060e+01 3.094558809726728299e+01 -7.916980300792610592e+01 -8.234772701253399774e+00 -5.811445144196120793e+01 3.123782099382729527e+01 -3.428984243736358906e+01 -2.549215081642521596e+01 -5.204774687503805808e+01 -3.294653211804161685e+01 -6.304799589533947923e+00 2.796689103998703629e+01 4.308782610223860132e+01 -5.861392934922972131e+01 -4.077144376558555550e+00 -8.918862566474274445e+01 2.815869185819654419e+01 -6.368187070701486618e+01 5.318200267273741844e+01 -1.563154905541388295e+01 8.772254680753885481e+00 1.566926397098469925e+00 -5.305410566639200454e+01 -1.033545539891371590e+02 -7.869989719296458297e+00 -2.309766175907616415e+01 -9.858350643410847169e+01 -1.864409422359835133e+01 -1.048497340873402379e+02 -7.487535590634101368e+01 1.539595528018969901e+02 1.518777572994673974e-01 3.375116059260618306e-01 1.989085537882739985e+01 -9.222635008406140855e+01 -7.865885422598378796e+01 -2.705144649950495861e+01 1.194653923858831064e+02 -5.189361778492002486e+01 -1.300491684773834891e+02 -2.354629914510973876e+01 9.463441627817267943e+00 -2.244690436056060179e+01 -1.929681746463707270e+01 4.954899760209362292e+00
2.164705882352941160e+02 7.830971715538682076e+01 7.548181380482466807e+01 1.313416486897589230e+01 -1.217170603870719958e+01 -1.565560341203157080e+01 7.760624231928979100e+01 -4.313154412930312276e+01 9.859542217100147354e+01 -8.547710318646981875e+01 -7.502418740272162268e+01 2.995929023000084612e+01 -9.161013197732978597e+01 -4.051496158274561310e+01 4.696744027190876380e+01 1.166233101881789480e+02 6.170305358367037485e+01 5.128420553401765147e+01 3.863822568857926854e+01 4.271734654102940709e+01 -7.812622786275983344e+01 2.054514174415733052e+01 -5.617913702417570221e+01 -2.274655927091061969e+01 3.877948110477699117e+01 -9.887875312224092994e+00 -7.545562333963640356e+01 1.112876099834881138e+01 -6.295604678933378295e+01 -5.568043184352650599e+01 4.260106457191755425e+01 -3.990153289905818923e+01 -4.849408412129758261e+01 2.057197402348633375e+02 -1.838732300711962253e+01 -5.860970670770243629e+01 -1.672120896748977970e+01 2.763708515548492883e+01 1.384418794010052238e+02 6.310009858967264051e+01 -5.293880787797462517e+01 -4.723639170972492707e+01 5.876345640307278018e+01 3.244800136228400333e+01 1.503815077292936451e+02 -2.309312283326740811e+01 -2.297914333724974334e+00 1.100415168801897536e+01 5.841812189985009240e+01 -3.694630782623435294e+01 -4.052508765224004605e+01 4.602235341879880792e+01 7.817947728977598842e+01 1.108221774203519194e+00 6.812625933609186291e+01 3.937905415286294897e+01 5.186550868500443556e+01 -8.175020280587298771e+01 -9.804350448309378407e+01 4.160912155438563786e+01 -7.211270760904454846e+01 -3.692452241153633707e+01 2.318334565957051652e+01 5.028102245132100023e+01 2.408526400630264774e+01 2.935317238789555816e+01 -4.592353966891214334e+00 2.959464996936302938e+01 -6.604573951287679279e+01 -1.518644714391531458e+01 -5.444261409344869662e+01 2.996751301797729994e+01 -2.477934350383999629e+01 -2.009368218815308893e+01 -4.724749316216922779e+01 -3.606189684310258059e+01 -4.738426172498718003e+00 3.478814752549263289e+01 4.204802441778279132e+01 -5.488009178428611534e+01 -3.009086875046105725e+00 -7.997005299283975432e+01 2.368910468596771679e+01 -5.148541290452869390e+01 5.212784417667940318e+01 -1.618638879111937356e+01 6.213578124668588387e+00 1.196860705116304713e+00 -4.963684902688176948e+01 -9.197854366282193439e+01 -1.026010359930239701e+01 -2.166393978577904278e+01 -8.629949380555449068e+01 -1.864494761182588789e+01 -9.401141449706547348e+01 -6.096013301270019724e+01 1.472123102613608694e+02 3.599245097312150365e-01 -3.052791858734738906e+00 1.759900383663316248e+01 -8.003805105417647781e+01 -7.215805181304565963e+01 -2.611781779489574973e+01 1.098878523032264383e+02 -4.728009820959073295e+01 -1.181060005126318373e+02 -1.828763719127583087e+01 9.897307872040919108e+00 -2.086447300063797528e+01 -1.914744787825102890e+01 6.356851243722529077e+00
2.170588235294117680e+02 7.063165624726157432e+01 6.918395214216280920e+01 1.808145475226312016e+01 -1.923783002879848780e+01 -2.128012345518423132e+01 7.320158758201019111e+01 -4.272770508554891933e+01 8.841179880326858154e+01 -7.016788785146584928e+01 -6.462846900687475227e+01 2.020360323831730653e+01 -8.301543641526940576e+01 -4.142818707068253303e+01 3.619833894472951386e+01 1.018807159387294945e+02 5.715415313674330378e+01 3.886741253041401478e+01 2.813253716478949329e+01 3.042731973774865750e+01 -6.557606678434311220e+01 2.554401386387402439e+01 -5.676909027001478592e+01 -8.190501614560007582e+00 4.005831374202561079e+01 -1.009690837039468825e+01 -6.333764265582983910e+01 1.282164425954745468e+01 -5.996279181367980016e+01 -5.608346908439235534e+01 3.044962673409799692e+01 -3.998803013356481273e+01 -4.968999845314667141e+01 1.900202183559746913e+02 -1.693077813643758134e+01 -5.437822541217980188e+01 -2.389093395073235016e+01 2.610024260570773791e+01 1.250810451723634316e+02 5.632049898183198877e+01 -5.343027720319577867e+01 -4.908232757824590919e+01 5.409176487189226634e+01 2.934044916619598098e+01 1.376880709684350563e+02 -1.999249642466091359e+01 -2.657180867431042426e+00 1.013947076752693555e+01 4.553266225702702030e+01 -3.982454173853298585e+01 -4.287505874882860013e+01 3.827985769982385733e+01 7.409044651000374415e+01 -1.284256900636462140e+00 6.444314604357936105e+01 4.068985808530855763e+01 3.896558122272370639e+01 -6.890966488900897957e+01 -8.545580071948846523e+01 4.667584728475107170e+01 -6.672804610907574840e+01 -2.458625381453393288e+01 1.942918548001708956e+01 4.195251721127377209e+01 2.191298046777504993e+01 2.723270790260479757e+01 4.772752044333879340e+00 2.748444013417246268e+01 -5.349696105952055092e+01 -2.130418903707939293e+01 -5.058071944287741672e+01 2.795908245394297964e+01 -1.627659857183564895e+01 -1.517497086316827648e+01 -4.290682674685627518e+01 -3.867800466340687393e+01 -3.407738339567909946e+00 4.048273120844092432e+01 4.054267953046445427e+01 -5.095423035563457148e+01 -2.158005364890273281e+00 -7.185946295656094662e+01 1.991436307798182526e+01 -4.026677421993537820e+01 5.031859583038034600e+01 -1.652209920125677911e+01 4.159493443586247174e+00 6.994799375685244458e-01 -4.604547644575694676e+01 -8.171521159894386699e+01 -1.197684612663096537e+01 -2.051289740757428604e+01 -7.466928382099825967e+01 -1.878315539851663729e+01 -8.428899400849981305e+01 -4.776495513107293789e+01 1.395656899476301760e+02 4.326284152551644890e-01 -6.061503666019883774e+00 1.552104091990251611e+01 -6.852886163592874880e+01 -6.589352470381815863e+01 -2.577018751735008806e+01 1.000364843878638794e+02 -4.228262368015265338e+01 -1.067744002703784503e+02 -1.411551799967690179e+01 1.039922686768851179e+01 -1.969868826770959558e+01 -1.916578324161536173e+01 7.744917364181385544e+00
2.176470588235294201e+02 6.358757681276124885e+01 6.327425482954985370e+01 2.247108876680859169e+01 -2.550536757061611581e+01 -2.613122656807396993e+01 6.910594525391150000e+01 -4.213619199096017098e+01 7.846462108627825671e+01 -5.563810813798405519e+01 -5.528176706045204014e+01 1.121000575561614987e+01 -7.410230288367893081e+01 -4.133905258727630638e+01 2.620106880265645799e+01 8.718792583528595230e+01 5.231654215000772012e+01 2.744314472795044324e+01 1.837202571284533903e+01 1.918598581812002735e+01 -5.375163799632188244e+01 2.988048212002166437e+01 -5.615741186358823711e+01 4.749478473201616424e+00 4.068172919642346130e+01 -1.077035241996033044e+01 -5.197856031531624410e+01 1.434656099666033136e+01 -5.653741806367040112e+01 -5.545722242334738183e+01 1.934686271187120710e+01 -3.987919395799972477e+01 -5.049878808743179803e+01 1.749746505780236703e+02 -1.569160941280699717e+01 -4.981868205483674927e+01 -3.034514937690223846e+01 2.435743831919716129e+01 1.116496884980547435e+02 5.015972303624353401e+01 -5.359269281802212959e+01 -5.017611455029795309e+01 5.021120587212733710e+01 2.611272825519373342e+01 1.258025602586123881e+02 -1.694677858756619315e+01 -2.566709837614523870e+00 9.227188734015946636e+00 3.340384103628326073e+01 -4.201388298745816741e+01 -4.477290647836678517e+01 3.138704725122650885e+01 6.999966194640279582e+01 -3.512031691242006204e+00 6.080156907133016375e+01 4.142220405529214844e+01 2.698063361052187759e+01 -5.765040498294052895e+01 -7.372448985374175834e+01 5.069614367602240890e+01 -6.109202242966591712e+01 -1.312171059045934918e+01 1.629106986018241798e+01 3.477262020954564292e+01 1.916934081894187258e+01 2.508846859160613718e+01 1.310982365570092867e+01 2.476073855121938649e+01 -4.160354779195051833e+01 -2.654787503311884223e+01 -4.663776642045908716e+01 2.535201693090297681e+01 -8.785096476157583822e+00 -1.068612885380693633e+01 -3.897676960254793244e+01 -4.081898812670046794e+01 -2.326342184174802430e+00 4.508211760927044054e+01 3.867946432894282793e+01 -4.694670511776141097e+01 -1.552156364513183728e+00 -6.482792172638720274e+01 1.675134356569657612e+01 -3.001277008993261930e+01 4.791268039544623036e+01 -1.668810410222371488e+01 2.554678836278331033e+00 7.012078419733727697e-02 -4.238557795538920914e+01 -7.257355416999823206e+01 -1.309641300860005231e+01 -1.961589005356776738e+01 -6.378147262095416181e+01 -1.902567057607977929e+01 -7.567544718657732972e+01 -3.537411677388506348e+01 1.312505926217453123e+02 3.542623288747127064e-01 -8.728338665536725216e+00 1.363390739222006154e+01 -5.777144848807186861e+01 -5.990462663386295361e+01 -2.589567612253637563e+01 9.011922786748804981e+01 -3.700829261556918226e+01 -9.609870122704403173e+01 -1.090134752228058268e+01 1.094256840424622546e+01 -1.890420601313804028e+01 -1.931090985138140681e+01 9.115031295654867805e+00
2.182352941176470722e+02 5.716842342383110775e+01 5.775094647046358887e+01 2.629524287862724563e+01 -3.096363303532004707e+01 -3.023208674630820880e+01 6.529394605638798055e+01 -4.136381215299732617e+01 6.886356403714879093e+01 -4.205321980292093542e+01 -4.697982000918607781e+01 3.035056467053732110e+00 -6.505032661480449008e+01 -4.041137206955058758e+01 1.703765186334576143e+01 7.277798286740356559e+01 4.731796404390981792e+01 1.704432537418359672e+01 9.416604077829887842e+00 9.016338639125073939e+00 -4.279632587974757030e+01 3.356083655974662605e+01 -5.453115839843955825e+01 1.606468679101566721e+01 4.072745497348886090e+01 -1.178063738171953823e+01 -4.149548716190745523e+01 1.569667601320644756e+01 -5.278674762541357524e+01 -5.396464561366202872e+01 9.314981592554204326e+00 -3.956870404645385975e+01 -5.093999352998954322e+01 1.607008750964209867e+02 -1.464736570374913427e+01 -4.505946263057231249e+01 -3.608826877297327229e+01 2.246033360864840489e+01 9.834539079448947518e+01 4.458993537812721542e+01 -5.344275344686556650e+01 -5.057686910901769295e+01 4.702274059034611042e+01 2.283150869744121536e+01 1.147523447911520549e+02 -1.398245160631630668e+01 -2.110037064756428382e+00 8.297780431906504717e+00 2.215052558402324934e+01 -4.356414884794525477e+01 -4.622086567480417330e+01 2.529698955087921775e+01 6.597690771896111528e+01 -5.583266342852255093e+00 5.725924972504645183e+01 4.158549700408622840e+01 1.598526352539183470e+01 -4.783850400355248667e+01 -6.290999581032157550e+01 5.372172526647375435e+01 -5.533768409348554229e+01 -2.584690827276196590e+00 1.369013347710958861e+01 2.865375437315143259e+01 1.599652900866348482e+01 2.294590810497388489e+01 2.041229376967586973e+01 2.156934384305386843e+01 -3.042864365043424257e+01 -3.089916119221424751e+01 -4.270931960337726707e+01 2.228584989961594331e+01 -2.287500301918229173e+00 -6.578565185116152847e+00 -3.540712245917636380e+01 -4.250911282435417604e+01 -1.501216076848512548e+00 4.863020820635189523e+01 3.655389889571763717e+01 -4.295432045243784813e+01 -1.209287491076940890e+00 -5.882584805774213521e+01 1.412107398601453490e+01 -2.069975723129776668e+01 4.505629767295324939e+01 -1.672725067421271206e+01 1.342823471837856442e+00 -6.917055671694559704e-01 -3.874940238955642258e+01 -6.453636965536715309e+01 -1.369563721730413519e+01 -1.894152542084288271e+01 -5.369518737332494140e+01 -1.933863949289673201e+01 -6.813955407156512933e+01 -2.385064120318556391e+01 1.224915074427507165e+02 1.153714964902212287e-01 -1.108802518440028173e+01 1.191601571534332393e+01 -4.781237632514003622e+01 -5.422443033560148251e+01 -2.638632993704348095e+01 8.032041802408696185e+01 -3.156421367200918837e+01 -8.610271747293087685e+01 -8.516866555863435551e+00 1.150198215789374956e+01 -1.843411852540933893e+01 -1.954218971099363600e+01 1.046026487619986334e+01
2.188235294117646959e+02 5.135292317739350665e+01 5.260668488622270900e+01 2.955478763995009928e+01 -3.561213344622526478e+01 -3.360968659947340598e+01 6.173770993920782502e+01 -4.041723927044299103e+01 5.970248087649792268e+01 -2.953668380615800615e+01 -3.969877501383749774e+01 -4.286708507416364888e+00 -5.602484971382364876e+01 -3.880538093669694888e+01 8.746409910143210453e+00 5.885700418897590680e+01 4.227484350854938810e+01 7.681491072750882942e+00 1.304741487209188922e+00 -8.030159097923807165e-02 -3.281064621780904389e+01 3.659540672032307640e+01 -5.207571598244415867e+01 2.577380273255976562e+01 4.027257549729353769e+01 -1.301279113792040931e+01 -3.196690420241816000e+01 1.686652670778787666e+01 -4.881611499523305753e+01 -5.176603122432609183e+01 3.542948708638500310e-01 -3.905258520851250381e+01 -5.103303915906317911e+01 1.472777644385600695e+02 -1.377406607776852532e+01 -4.022120438680037324e+01 -4.112767911255861719e+01 2.045419157150731948e+01 8.534674035957321792e+01 3.957605223851156495e+01 -5.299681046252597127e+01 -5.034826751994605587e+01 4.442623567392983119e+01 1.955338608954663115e+01 1.045391636323049482e+02 -1.112120402323015789e+01 -1.367794791119320230e+00 7.377159533222942045e+00 1.186123993024888357e+01 -4.452759170845448722e+01 -4.722597332864754094e+01 1.995506658322042171e+01 6.208152546270933669e+01 -7.501621928333258360e+00 5.386463468766408624e+01 4.119372365009044046e+01 6.028347645194749305e+00 -3.933594340964947378e+01 -5.304523118944446480e+01 5.581258537587599733e+01 -4.958625646954149602e+01 6.991227349550045211e+00 1.155251158718733251e+01 2.350173773050735448e+01 1.253130730133203485e+01 2.082714264828701545e+01 2.669372560175353470e+01 1.805096690117951042e+01 -2.001932665381061582e+01 -3.436031951084855507e+01 -3.887542460642276154e+01 1.889528937188605795e+01 3.250656110143566924e+00 -2.808002135590575321e+00 -3.214806218566840101e+01 -4.377321860688955724e+01 -9.332104196836081833e-01 5.118175511345494755e+01 3.424866393086440297e+01 -3.905821045250537793e+01 -1.136617143569704114e+00 -5.378707996073040931e+01 1.194976081672175638e+01 -1.229623542005282211e+01 4.188061986855747421e+01 -1.667544419973721048e+01 4.681006845331313060e-01 -1.581946001852178929e+00 -3.521381430568455073e+01 -5.756419261821936573e+01 -1.385008422250872684e+01 -1.845670882804995827e+01 -4.444316791802739175e+01 -1.968880798634563334e+01 -6.163003689621454839e+01 -1.323787291828222656e+01 1.134993070410238829e+02 -2.869550181601043248e-01 -1.317001413749380312e+01 1.034773530082159709e+01 -3.867512669133574121e+01 -4.887861050038952726e+01 -2.714189725421708488e+01 7.079779344933952245e+01 -2.605331421385400503e+01 -7.679337488169390724e+01 -6.837504979976464448e+00 1.205395885980793480e+01 -1.824125181509981530e+01 -1.982075992572609380e+01 1.177092869047085877e+01
2.194117647058823479e+02 4.611020602613731256e+01 4.782943621841290138e+01 3.225854917813574474e+01 -3.945975414932667746e+01 -3.629408841664999841e+01 5.840803647701494583e+01 -3.930402640046226281e+01 5.105833688974593088e+01 -1.817200287989484409e+01 -3.339813371629756489e+01 -1.074123323267075136e+01 -4.717332923437305681e+01 -3.667365896980449946e+01 1.343786916865753911e+00 4.560101561187102703e+01 3.728908261588274797e+01 -6.537644184782174239e-01 -5.944923652770431666e+00 -8.120687540354046163e+00 -2.385536494568381016e+01 3.899854991870810039e+01 -4.896987963807409727e+01 3.391909415527836558e+01 3.939152706566154905e+01 -1.436530944883721439e+01 -2.343598720981983874e+01 1.785221697486287340e+01 -4.472513466133680993e+01 -4.901499000721992161e+01 -7.553119897612587508e+00 -3.833018403631403714e+01 -5.079787569947125547e+01 1.347495385111433848e+02 -1.304685819631993482e+01 -3.541293236830239977e+01 -4.547381753684194905e+01 1.837823868858470888e+01 7.281041134112938096e+01 3.507792700959116416e+01 -5.227169926870214312e+01 -4.955700669973917627e+01 4.232440370858562062e+01 1.632544134584383144e+01 9.514390804850860661e+01 -8.380518229630997240e+00 -4.158669752083271054e-01 6.486696659810741394e+00 2.595200164242572605e+00 -4.495803925359076914e+01 -4.780064685665777091e+01 1.530186798725471853e+01 5.836120403721083250e+01 -9.266987545865600140e+00 5.065582386916584312e+01 4.026545012032283211e+01 -2.865115635260570226e+00 -3.200569252209856330e+01 -4.413851292817933825e+01 5.703559457815521228e+01 -4.394412557598088398e+01 1.559082687574937509e+01 9.810005459198755773e+00 1.921926596592594905e+01 8.901097222320915492e+00 1.875079165150754790e+01 3.198427482528438759e+01 1.433713077304629557e+01 -1.040785896766257146e+01 -3.695257727270564629e+01 -3.519957203479937391e+01 1.530631832788495394e+01 7.877431434102137864e+00 6.633643280850217705e-01 -2.915149769087214082e+01 -4.463714410433280477e+01 -6.176216687954158013e-01 5.280086399704299538e+01 3.183366289238489699e+01 -3.532278727815033648e+01 -1.331204281762689678e+00 -4.963282541872311526e+01 1.016945286160998485e+01 -4.765130786264839102e+00 3.850024665617618069e+01 -1.656165847931578128e+01 -1.236420174389412652e-01 -2.591872203561545795e+00 -3.183929455794556773e+01 -5.159934717723135833e+01 -1.363257734095938467e+01 -1.812763862479889099e+01 -3.603533708673912628e+01 -2.004471439523170417e+01 -5.607971736516177685e+01 -3.561398312971242319e+00 1.044655312994322145e+02 -8.491085865612270078e-01 -1.499856649918994833e+01 8.911699075697192995e+00 -3.036347622520675316e+01 -4.388474771803954866e+01 -2.807175272910830799e+01 6.168100542115964657e+01 -2.057094977222709886e+01 -6.816429115874065303e+01 -5.744930910291908610e+00 1.257727024969788943e+01 -1.827920704351230441e+01 -2.011074540418236722e+01 1.303487347083691361e+01
2.200000000000000000e+02 4.140236396212422676e+01 4.340346500888525583e+01 3.442250152560176701e+01 -4.252407749624316580e+01 -3.831805430658126710e+01 5.527555299897658614e+01 -3.803342484217199626e+01 4.299086334055537151e+01 -8.005912068589450925e+00 -2.802377808299823414e+01 -1.633292679118503798e+01 -3.862297507159915000e+01 -3.415796605503564365e+01 -5.173391258301360374e+00 3.315424906594741827e+01 3.244613031664868430e+01 -7.985397840999544528e+00 -1.233161460450265601e+01 -1.513617314855085816e+01 -1.595563652210932482e+01 4.078878824115737700e+01 -4.538193750106559321e+01 4.056273343197933912e+01 3.815466866872474583e+01 -1.575048448522210442e+01 -1.591473029364251346e+01 1.865160254160911180e+01 -4.060432320188101585e+01 -4.585528492621148189e+01 -1.443988565865901030e+01 -3.740488172529489219e+01 -5.025554976992519585e+01 1.231307774385822995e+02 -1.244067383203232069e+01 -3.072920651106785073e+01 -4.914035373324143308e+01 1.626624571645793438e+01 6.086934727511305709e+01 3.105235868418798262e+01 -5.128545139389387941e+01 -4.827148326905475528e+01 4.062580864525880742e+01 1.318609503229141211e+01 8.653145604407633584e+01 -5.774320495132633013e+00 6.759561977187794612e-01 5.643386493915600433e+00 -5.615814033891685320e+00 -4.491022568731566622e+01 -4.796297395986930923e+01 1.127568989293053825e+01 5.485145695600440519e+01 -1.087632717767095336e+01 4.766010228727679987e+01 3.882396696646495826e+01 -1.069170311904855453e+01 -2.571564974583379026e+01 -3.617683885821629985e+01 5.746322745683939104e+01 -3.850083634703261026e+01 2.321521901973022040e+01 8.400460562363871730e+00 1.570881404957446570e+01 5.221063812735664555e+00 1.673203206047509184e+01 3.632730325067019805e+01 1.054710386642021724e+01 -1.613180925245230268e+00 -3.871404350161442665e+01 -3.172861049353185692e+01 1.163328564325024495e+01 1.165119750176155478e+01 3.865553745361883564e+00 -2.637220399814644622e+01 -4.512805666061611731e+01 -5.448077157640170975e-01 5.355952817929746601e+01 2.936665786346436136e+01 -3.179564875738353535e+01 -1.780666790245172715e+00 -4.627538298380777348e+01 8.718408726468075187e+00 1.934274219779236414e+00 3.501273465138654473e+01 -1.640825378182092820e+01 -4.839419769111070191e-01 -3.708188548429517173e+00 -2.866988042760517885e+01 -4.656995525251239343e+01 -1.311209668642664283e+01 -1.792073136581176485e+01 -2.846260352561899154e+01 -2.037764973581337102e+01 -5.140954244399109285e+01 5.168856628010108700e+00 9.555825776056298082e+01 -1.561266460935903266e+00 -1.659313747102950742e+01 7.592952287678693679e+00 -2.286500612870685956e+01 -3.925207890122727150e+01 -2.909605965953588935e+01 5.307146975777837383e+01 -1.520237069726659485e+01 -6.019912782360921000e+01 -5.128889054509299328e+00 1.305329336658611794e+01 -1.850317029986664608e+01 -2.038017808442169709e+01 1.423796511860258818e+01
2.205882352941176521e+02 3.718684857663807009e+01 3.931036721791070931e+01 3.606890680048270070e+01 -4.483077561237111297e+01 -3.971690359088000832e+01 5.231177327273123723e+01 -3.661695882362270282e+01 3.554285838963932065e+01 9.476073333226615603e-01 -2.351096709906338234e+01 -2.108232191182803916e+01 -3.047955956695901136e+01 -3.138694761254187782e+01 -1.082534905082051324e+01 2.162878094893130765e+01 2.781419929355963561e+01 -1.434970927288260967e+01 -1.787019908220556630e+01 -2.116949146016303374e+01 -9.105803654340903108e+00 4.198900076612701326e+01 -4.146672257223637814e+01 4.578329581552260663e+01 3.662736234273769753e+01 -1.709430924755805847e+01 -9.388544933694895178e+00 1.926444952870549088e+01 -3.653264746958402753e+01 -4.241848390365951360e+01 -2.035004529560286102e+01 -3.628450763458406669e+01 -4.942863355438528572e+01 1.124117503645260143e+02 -1.193085335589131724e+01 -2.624829963016425083e+01 -5.214440576450017772e+01 1.414722671499852602e+01 4.963196131791847421e+01 2.745487776494321608e+01 -5.005782203994427704e+01 -4.656065871533050426e+01 3.924698476739663278e+01 1.016613189941517881e+01 7.865531559623101998e+01 -3.313627203798955367e+00 1.844883333961895078e+00 4.860126161829954938e+00 -1.276495089587729481e+01 -4.443923862087132193e+01 -4.773669196138889959e+01 7.814622802654384692e+00 5.157573414381356969e+01 -1.232458762845580402e+01 4.489403858108902057e+01 3.689749574318931025e+01 -1.746696008890920737e+01 -2.034150788841346724e+01 -2.912935574511949355e+01 5.717235303441979966e+01 -3.332807837095374737e+01 2.987971773912976658e+01 7.267917285890095336e+00 1.287498084369366502e+01 1.592161125062691918e+00 1.478281562520227155e+01 3.977625716935920508e+01 6.785824097745362771e+00 6.357472579123711220e+00 -3.969731426382847417e+01 -2.849347040837522016e+01 7.976946806987338157e+00 1.463767866942255580e+01 6.820283755524420677e+00 -2.376874719331057051e+01 -4.527463942141861253e+01 -7.008198488622122690e-01 5.353615382163789604e+01 2.689430666608672027e+01 -2.850830684989776387e+01 -2.464197646083963189e+00 -4.362155535865257860e+01 7.541230591431404839e+00 7.844771366131727319e+00 3.149899349767008161e+01 -1.623152821123752076e+01 -6.609936762345700600e-01 -4.913373125833635058e+00 -2.573391029445878786e+01 -4.239377056338987870e+01 -1.235299049391801418e+01 -1.780345918064414690e+01 -2.170067016875907129e+01 -2.066238121136899863e+01 -4.753235609115960614e+01 1.295647983013637727e+01 8.691953153845204838e+01 -2.407951339021165982e+00 -1.796897527548232887e+01 6.378965900051377425e+00 -1.615454961582343429e+01 -3.498168164285196013e+01 -3.014627957681738479e+01 4.504336048294116068e+01 -1.002104524026315957e+01 -5.287458295381193096e+01 -4.888434566606055576e+00 1.346622944438387925e+01 -1.887052704512670331e+01 -2.060163234989447645e+01 1.536469730599867667e+01
2.211764705882353041e+02 3.341863302046313322e+01 3.553008045744144283e+01 3.722541899174661495e+01 -4.641301732201640817e+01 -4.052850110693749031e+01 4.949002853668684310e+01 -3.506873059993845487e+01 2.874103316002980790e+01 8.702804669569998097e+00 -1.978721602348393915e+01 -2.502354269526923147e+01 -2.282724737118977387e+01 -2.847464097329750743e+01 -1.564661097626577124e+01 1.110533889956547959e+01 2.344446501056454935e+01 -1.979241566316276391e+01 -2.258882629366164707e+01 -2.627186204772228706e+01 -3.274536470423662582e+00 4.262658888876877938e+01 -3.736356508048989866e+01 4.967248352433875169e+01 3.486947942109055276e+01 -1.833605817913679559e+01 -3.821052645361855404e+00 1.969255359064957034e+01 -3.257600496609239826e+01 -3.882237031108937941e+01 -2.533611612547575831e+01 -3.498144467521505874e+01 -4.834147177139417551e+01 1.025637306493297274e+02 -1.149371981685604283e+01 -2.203137030942063035e+01 -5.450672911957170896e+01 1.204616497209164194e+01 3.918224216771460533e+01 2.424127806159717835e+01 -4.861059679341830986e+01 -4.449307214441720504e+01 3.811375256608360473e+01 7.289785217925317973e+00 7.146185364136510998e+01 -1.007131907762444545e+00 3.035653020489001985e+00 4.146070451615694097e+00 -1.886733464615495137e+01 -4.360001893872067313e+01 -4.715086109412298043e+01 4.858231273769698433e+00 4.854608695148628073e+01 -1.360561791046975877e+01 4.236408302353319044e+01 3.451937486499734575e+01 -2.322263188643439236e+01 -1.576865494130360901e+01 -2.295086925139300504e+01 5.624303946082515893e+01 -2.847958092564987354e+01 3.561169283635338445e+01 6.362587125946252975e+00 1.062631720739448227e+01 -1.899944238477818015e+00 1.291219788670961854e+01 4.239188561652655807e+01 3.142732602082850324e+00 1.350694101509504463e+01 -3.996685601255243370e+01 -2.551054073139092182e+01 4.423369567100212230e+00 1.690734188193351173e+01 9.541152486913286879e+00 -2.130421350438959394e+01 -4.510710363845564075e+01 -1.068034229988637174e+00 5.281405116572312863e+01 2.445344627096830337e+01 -2.547757576278747038e+01 -3.353820866115978738e+00 -4.157570156767351932e+01 6.588816984062678017e+00 1.301001109130086775e+01 2.802433114346059284e+01 -1.604243354811660538e+01 -6.991009703188963975e-01 -6.186230264502380116e+00 -2.304541355669614333e+01 -3.898174031478548329e+01 -1.141443909940361934e+01 -1.774508558211551801e+01 -1.571367157286879923e+01 -2.087764467077724007e+01 -4.435633388407499211e+01 1.981648384891605019e+01 7.866424704444963822e+01 -3.368807358701074950e+00 -1.913785785007803852e+01 5.259538010624879689e+00 -1.019742334389366079e+01 -3.106705027956875398e+01 -3.116515030338045023e+01 3.764551293253399677e+01 -5.087783074317884235e+00 -4.616294030260412029e+01 -4.932668827562133096e+00 1.380322796473079983e+01 -1.934131341788229363e+01 -2.075259611205686738e+01 1.639889930705286503e+01
2.217647058823529278e+02 3.005208685812826630e+01 3.204181484939399382e+01 3.792416752839769600e+01 -4.731084116129475348e+01 -4.079328235705447270e+01 4.678623719474340703e+01 -3.340545664503755319e+01 2.259728940039779843e+01 1.529740770670007421e+01 -1.677498782332845195e+01 -2.820170221100653762e+01 -1.572927229653679682e+01 -2.551969076883824172e+01 -1.968318406117876762e+01 1.635071965094999635e+00 1.937205376764925191e+01 -2.436606480575825984e+01 -2.652651316212413235e+01 -3.050047284888030674e+01 1.589967612785689433e+00 4.273354608817915334e+01 -3.319504937172716552e+01 5.233209971192192000e+01 3.293523875134449241e+01 -1.942763304976147865e+01 8.411700389466790773e-01 1.993980728394086910e+01 -2.878658275789001308e+01 -3.517002975147835286e+01 -2.945652430864317495e+01 -3.351243821137773438e+01 -4.702022936738467251e+01 9.354403900165860364e+01 -1.110708764324743036e+01 -1.812253959394082159e+01 -5.625183604253187752e+01 9.984697990097080478e+00 2.958062113473924626e+01 2.136887760437986827e+01 -4.696766311281623985e+01 -4.213596578800324721e+01 3.716184294068563077e+01 4.575794607317622997e+00 6.489397893262626837e+01 1.138303227940719697e+00 4.200759007926703426e+00 3.507034022322499833e+00 -2.395684959212008991e+01 -4.244686545108049813e+01 -4.623925570653810269e+01 2.348845444781344494e+00 4.576427946526428059e+01 -1.471305617250007458e+01 4.006757387939173753e+01 3.172815176760089173e+01 -2.800385491682466821e+01 -1.189324302109102049e+01 -1.758527178340327524e+01 5.475733940610678019e+01 -2.399180357352852511e+01 4.044846038619253648e+01 5.640698306235285564e+00 8.876691583509140671e+00 -5.185187756553280458e+00 1.112673501795603848e+01 4.423983012700334427e+01 -3.086036828154808398e-01 1.984657803717664848e+01 -3.959626667262062938e+01 -2.278353004410813298e+01 1.043588819907332432e+00 1.853314480687632937e+01 1.203439983047047157e+01 -1.894674993437030608e+01 -4.465702301884177672e+01 -1.625772354761729765e+00 5.147988264335137387e+01 2.207248569953769035e+01 -2.270744701480508709e+01 -4.415824136808272904e+00 -4.004240280839817956e+01 5.818179934009799936e+00 1.747361602930912028e+01 2.463994165602812814e+01 -1.584738919586101602e+01 -6.382805421017139214e-01 -7.502620996813647025e+00 -2.060597836457550969e+01 -3.624122497408514931e+01 -1.035011694149914696e+01 -1.771728918565110078e+01 -1.045750173529423854e+01 -2.100642454750253307e+01 -4.178802204243302754e+01 2.577335169396214809e+01 7.088031150476172115e+01 -4.419546485845216921e+00 -2.010889832643846376e+01 4.226607561126203727e+00 -4.952332457366759755e+00 -2.749499894122829957e+01 -3.210625196121375780e+01 3.090400192183472328e+01 -4.505681802227665123e-01 -4.003413112667840323e+01 -5.181076976471620021e+00 1.405442522650483284e+01 -1.987853853044646613e+01 -2.081560687854814518e+01 1.732449478404151222e+01
2.223529411764705799e+02 2.704253249540707671e+01 2.882485889994300976e+01 3.820083732915802699e+01 -4.757045768693716781e+01 -4.055424252819801723e+01 4.417949302305422066e+01 -3.164625662062585931e+01 1.711030522790634123e+01 2.078788029256548953e+01 -1.439414479542775283e+01 -3.067033353681257779e+01 -9.229269979687627412e+00 -2.260517131212375830e+01 -2.298977625019627880e+01 -6.757939576635473067e+00 1.561762091771417182e+01 -2.812781711420713648e+01 -2.973076297981743110e+01 -3.391635130234382700e+01 5.554951173043090051e+00 4.234638543979735203e+01 -2.906646851066604142e+01 5.387127342349526771e+01 3.087328678088971046e+01 -2.033273962507595556e+01 4.664082734873808533e+00 2.001220857157136379e+01 -2.520299681311010076e+01 -3.154952070244689821e+01 -3.277343532519945057e+01 -3.189814128617536682e+01 -4.549274233487946617e+01 8.530060061141998062e+01 -1.075069422009090481e+01 -1.454974233059757438e+01 -5.740801684390865489e+01 7.981711056644209101e+00 2.086544227326168865e+01 1.879750620296932695e+01 -4.515485620736546934e+01 -3.955449240061208371e+01 3.633694885339762948e+01 2.038371207833362231e+00 5.889419062063421961e+01 3.117273439053982464e+00 5.300433354524197505e+00 2.945915536320200534e+00 -2.808281777969401105e+01 -4.103291702851031886e+01 -4.503951739364897122e+01 2.324971829551957803e-01 4.322322955848979831e+01 -1.564114749798170578e+01 3.799404956359040852e+01 2.856752327087773224e+01 -3.186640860863370506e+01 -8.622570852550783371e+00 -1.296878090450341858e+01 5.279804682534347648e+01 -1.988527773121896658e+01 4.443526428709466103e+01 5.064245765581349978e+00 7.546252933297378895e+00 -8.208792291519966255e+00 9.430906563012944943e+00 4.538859370936264526e+01 -3.510214793878037476e+00 2.539482348404325052e+01 -3.866551300222224086e+01 -2.030564133415835215e+01 -2.106120574597930784e+00 1.958863243934137088e+01 1.430011035221169458e+01 -1.666992453906384597e+01 -4.395700197172204327e+01 -2.350905062061471096e+00 4.962207745135849990e+01 1.977280108797768676e+01 -2.019128311664696440e+01 -5.612302709903097764e+00 -3.892873413590854881e+01 5.192163066695081319e+00 2.127858853680185902e+01 2.138464907460895503e+01 -1.564913759766709234e+01 -5.139936405374482264e-01 -8.836329103573774546e+00 -1.840692897759730329e+01 -3.407883575764031292e+01 -9.208006633911224981e+00 -1.769466648155825794e+01 -5.882741663028858703e+00 -2.103604274110535499e+01 -3.973495486457952097e+01 3.085926918282853038e+01 6.362987863352417861e+01 -5.533014000653194486e+00 -2.088935861875543054e+01 3.274003668169796377e+00 -3.738758878283037212e-01 -2.424681064366977878e+01 -3.293327389456340626e+01 2.482516102417056203e+01 3.855019144544415521e+00 -3.445730424683991799e+01 -5.563554913370954758e+00 1.421290904469885064e+01 -2.044840771003765667e+01 -2.077818704793262228e+01 1.812626657184179990e+01
2.229411764705882320e+02 2.434747535067943858e+01 2.585923385578896827e+01 3.809375940197323018e+01 -4.724345841489983400e+01 -3.985683292023318813e+01 4.165245847782257727e+01 -2.981223303213606357e+01 1.226731476729495007e+01 2.524488114563376584e+01 -1.256412523278957671e+01 -3.248893894499640567e+01 -3.353083155627504475e+00 -1.979891072440377542e+01 -2.562713844082627190e+01 -1.407365491596101670e+01 1.218932419910724363e+01 -3.113759847814791470e+01 -3.225528855559996799e+01 -3.658261408811031856e+01 8.698406703531842865e+00 4.150589353722645569e+01 -2.506586155299527618e+01 5.440393120365137491e+01 2.872693505509300138e+01 -2.102595231916683716e+01 7.722049811822754961e+00 1.991780634293995433e+01 -2.185107993342994703e+01 -2.803403195686472671e+01 -3.535097034945559358e+01 -3.016244324634388008e+01 -4.378819468448001828e+01 7.777590875360961320e+01 -1.040654794951241691e+01 -1.132619844924312957e+01 -5.800724750705167310e+01 6.053808258628245120e+00 1.305487853324911462e+01 1.649022591628170176e+01 -4.319960703323674522e+01 -3.681098584560825770e+01 3.559433430023533163e+01 -3.119713918147553611e-01 5.340696151026577354e+01 4.925580677765283077e+00 6.302444615906730441e+00 2.463124222800836094e+00 -3.130670752907170851e+01 -3.940960177524158325e+01 -4.359212827584811834e+01 -1.540460423976675930e+00 4.090865954257994019e+01 -1.638546067522062799e+01 3.612675942176900890e+01 2.508608280464477858e+01 -3.487410751260745201e+01 -5.874926136297483836e+00 -9.032911384204993510e+00 5.044742866384333979e+01 -1.616644241599875187e+01 4.762338573514112738e+01 4.600672999844569233e+00 6.562050192411389204e+00 -1.093046240854050488e+01 7.827533421280317150e+00 4.590786927609808288e+01 -6.418938831378007137e+00 3.017594713649243232e+01 -3.725823609965186733e+01 -1.806190360434982978e+01 -4.983490320380105310e+00 2.014636231107482800e+01 1.633371381328841565e+01 -1.445291119021925574e+01 -4.304020652938278602e+01 -3.218438072207182366e+00 4.732923540631821169e+01 1.757005025354321859e+01 -1.791416625341933866e+01 -6.902748882087808013e+00 -3.814614673997918715e+01 4.679089774319319162e+00 2.446696790760395501e+01 1.828674830857251266e+01 -1.544759246601737601e+01 -3.569889091375114676e-01 -1.016001451327329264e+01 -1.643165488835149191e+01 -3.240286626668149950e+01 -8.030330606125311022e+00 -1.765511089305645598e+01 -1.937136036487616897e+00 -2.095808386760591446e+01 -3.810784015782122935e+01 3.511257109171944535e+01 5.695141495278307531e+01 -6.680318679481645816e+00 -2.148542316120146722e+01 2.397152950904419377e+00 3.585380762393828302e+00 -2.129954278913622545e+01 -3.361908741642955789e+01 1.939883301758971257e+01 7.804921336087841333e+00 -2.940192899666197590e+01 -6.020199911209004107e+00 1.427461768662709574e+01 -2.102047118613127452e+01 -2.063261380311352866e+01 1.879058288255495412e+01
2.235294117647058840e+02 2.192751467757321393e+01 2.312618068872855659e+01 3.764303067359413291e+01 -4.638592350197829717e+01 -3.874873276679832657e+01 3.919156621151653752e+01 -2.792589218420410191e+01 8.045975870314407530e+00 2.874906859226890177e+01 -1.120582664024143682e+01 -3.372072268808860684e+01 1.889134999264559411e+00 -1.715420945038778555e+01 -2.765960359273436708e+01 -2.033273416045978266e+01 9.085012425980824702e+00 -3.345660322053888081e+01 -3.415789537691077982e+01 -3.856306931196248655e+01 1.110485403546625527e+01 4.025670252658030535e+01 -2.126452164368626541e+01 5.404650220252118942e+01 2.653448656423472585e+01 -2.149170534069104832e+01 1.009418076400725184e+01 1.966658457994091691e+01 -1.874517118412477501e+01 -2.468243161165854715e+01 -3.725378147691952080e+01 -2.833163848126364925e+01 -4.193665479114154948e+01 7.091031020976055288e+01 -1.005918920094073066e+01 -8.452337359396947747e+00 -5.808497895291316127e+01 4.215650786366471614e+00 6.149141434573297538e+00 1.441380211391517996e+01 -4.113043296406721794e+01 -3.396428292558914563e+01 3.489812066104168764e+01 -2.467742133372776259e+00 4.838046846019097558e+01 6.560099593752438452e+00 7.181758658532700679e+00 2.056993947939048883e+00 -3.369898054597898351e+01 -3.762606051411782460e+01 -4.193926713130018413e+01 -3.015005914194488490e+00 3.880084409535356116e+01 -1.694348199287914980e+01 3.444427000272756345e+01 2.133685188369198471e+01 -3.709639087123895962e+01 -3.579026762088635572e+00 -5.707120264620487937e+00 4.778595574336794982e+01 -1.282981339130893872e+01 5.006841396844415470e+01 4.222506735003293876e+00 5.858366371444743592e+00 -1.332322073669515916e+01 6.318163870794877290e+00 4.586719417816315314e+01 -9.005258855375704030e+00 3.421897997651679191e+01 -3.545920787712576328e+01 -1.603151644051500924e+01 -7.559156295605545139e+00 2.027662891527288025e+01 1.812764438786752308e+01 -1.228050593666989165e+01 -4.193979853504780664e+01 -4.202078788613483162e+00 4.468855661057133943e+01 1.547535181066224474e+01 -1.585526066723413940e+01 -8.245623725238257151e+00 -3.761198019514342406e+01 4.252364117403779176e+00 2.707968837223313230e+01 1.536581883775018653e+01 -1.524064156233711742e+01 -1.932442016992229616e-01 -1.144620282434299519e+01 -1.465795063486114813e+01 -3.112531891368760384e+01 -6.853573818931296024e+00 -1.758006655314096278e+01 1.432397459576003618e+00 -2.076818536866679565e+01 -3.682232479029628536e+01 3.857640945299513646e+01 5.086236349327303685e+01 -7.831974119866722539e+00 -2.190289355564345541e+01 1.592765392472271557e+00 6.973268139346622263e+00 -1.862740114810786096e+01 -3.414470873496979664e+01 1.460166474176567242e+01 1.138539723344051247e+01 -2.483848268389003522e+01 -6.500923942971345681e+00 1.423818240309934424e+01 -2.156771561890300504e+01 -2.037555988761432602e+01 1.930604785508547394e+01
2.241176470588235361e+02 1.974695536775563909e+01 2.060848006840858559e+01 3.688967524064087655e+01 -4.505743310562961312e+01 -3.727948078149050559e+01 3.678703667625663343e+01 -2.601046057603663186e+01 4.416234982222685623e+00 3.138734807523810488e+01 -1.024318603013680118e+01 -3.443055604343187071e+01 6.500669537525701536e+00 -1.471085683011283329e+01 -2.915287706310948224e+01 -2.557307683346188654e+01 6.294472916897465353e+00 -3.514611760645272653e+01 -3.549857201985403066e+01 -3.992113125619454905e+01 1.286166474389206371e+01 3.864668666556673315e+01 -1.771786817873002207e+01 5.291584483126133165e+01 2.432959551231446937e+01 -2.172324120302220152e+01 1.186119619059629393e+01 1.927028652110696427e+01 -1.588975066310924866e+01 -2.154011561267357422e+01 -3.854594600963355333e+01 -2.643349731132594727e+01 -3.996851478357721987e+01 6.464460754050760727e+01 -9.695863994849492684e+00 -5.918007541606620237e+00 -5.767981419225920092e+01 2.480164801823392384e+00 1.328532825680610874e-01 1.253895003456850255e+01 -3.897632061616261723e+01 -3.106909953427470583e+01 3.422036288822911132e+01 -4.423956432846457787e+00 4.376772022516190930e+01 8.018743349446699753e+00 7.920100819162247952e+00 1.724174650866221681e+00 -3.533616228927617442e+01 -3.572856263583905445e+01 -4.012362001104050080e+01 -4.231329581764087244e+00 3.687635096255262113e+01 -1.731506751809347122e+01 3.292207084659352034e+01 1.737659341064987828e+01 -3.860614936021732291e+01 -1.673187866643090382e+00 -2.921089312326883292e+00 4.489106738939696584e+01 -9.860327834269014602e+00 5.182869687419292148e+01 3.906960002117424668e+00 5.376819553899064630e+00 -1.537200966743796648e+01 4.903411829493526497e+00 4.533488823934560230e+01 -1.125189203373811075e+01 3.755683053483940625e+01 -3.335200978013987338e+01 -1.419008693534612142e+01 -9.815327415954804735e+00 2.004645708905724888e+01 1.967302654780828775e+01 -1.014298337674989625e+01 -4.068831673709529184e+01 -5.274784563228642753e+00 4.178433918942478442e+01 1.349629685163480630e+01 -1.399006598262923973e+01 -9.599852422586920397e+00 -3.725062471951025600e+01 3.890041671476981655e+00 2.915658649161431626e+01 1.263441727831343364e+01 -1.502487541526989112e+01 -4.399912259761502853e-02 -1.266826072511403467e+01 -1.306024533947474353e+01 -3.016353420747838499e+01 -5.708580645781855090e+00 -1.745465933090111932e+01 4.278211967993462039e+00 -2.046572140517944050e+01 -3.580036054802003065e+01 4.129763093765984650e+01 4.536217622492637247e+01 -8.958999765896033196e+00 -2.214777804448927156e+01 8.585169033077197920e-01 9.836789091419104736e+00 -1.620309893750858521e+01 -3.449822697127705595e+01 1.040029409715790543e+01 1.459161677848333660e+01 -2.073878930673394549e+01 -6.964935942350070519e+00 1.410472275300045730e+01 -2.206661343308728007e+01 -2.000764034828734594e+01 1.966404387558017675e+01
2.247058823529411882e+02 1.777415181702822267e+01 1.829061649128703237e+01 3.587486321767659092e+01 -4.332000194387873648e+01 -3.549997142830852681e+01 3.443273193314500702e+01 -2.408915483072042107e+01 1.342117040812354611e+00 3.324962207188670504e+01 -9.604461863732440818e+00 -3.468320661226523782e+01 1.049597222211860981e+01 -1.249635549801034351e+01 -3.017212056807566967e+01 -2.984639515132622734e+01 3.801607963009907554e+00 -3.626662007572271307e+01 -3.633781572923854952e+01 -4.071900263832786493e+01 1.405597307568566201e+01 3.672620612922264627e+01 -1.446658716518850696e+01 5.112738598457158901e+01 2.214162206644200381e+01 -2.172153827990306496e+01 1.310283912194441847e+01 1.874218705323482226e+01 -1.328126950985297583e+01 -1.864007425488893332e+01 -3.929013477759195894e+01 -2.449630199597996238e+01 -3.791387901664911908e+01 5.892200177617939971e+01 -9.306611284921997296e+00 -3.704812403521689390e+00 -5.683308311387789047e+01 8.586345608427266018e-01 -5.022535021507274600e+00 1.084038526555420923e+01 -3.676605221731681183e+01 -2.817546742561037121e+01 3.354001423482700517e+01 -6.177768394473981850e+00 3.952715327074368901e+01 9.300506201189042699e+00 8.505448788563839457e+00 1.459994527704117528e+00 -3.629819720137490435e+01 -3.375994362495915624e+01 -3.818720921797019940e+01 -5.224896903250559888e+00 3.510968968317093442e+01 -1.750274649840696739e+01 3.153410006099258212e+01 1.326492055423229033e+01 -3.947781260644070045e+01 -1.043243745724707627e-01 -6.066242397304502099e-01 4.183600820856646862e+01 -7.235724715515278405e+00 5.296398490619453270e+01 3.635515394930250554e+00 5.066277365428630830e+00 -1.707216371640605246e+01 3.583235826046299977e+00 4.437723010298208237e+01 -1.315224161427491723e+01 4.022557140678165410e+01 -3.101698989056432154e+01 -1.251166257594130826e+01 -1.174433030471904971e+01 1.951883367783552359e+01 2.096127643548684460e+01 -8.035803964912965114e+00 -3.931705360127137538e+01 -6.409292001293668939e+00 3.869659250323567079e+01 1.163778126596994156e+01 -1.229246385717600809e+01 -1.092619156477642584e+01 -3.699436276538073542e+01 3.574383613722936559e+00 3.073650947441815262e+01 1.009958653204411583e+01 -1.479622211392037201e+01 7.412767067999849468e-02 -1.380131005466567551e+01 -1.161162723029328703e+01 -2.944144386934009461e+01 -4.620715474638662279e+00 -1.726771228041219786e+01 6.650794948278257124e+00 -2.005340753226327521e+01 -3.497120030033882898e+01 4.332584504793237556e+01 4.043551151060627546e+01 -1.003393640279471555e+01 -2.222675851579643336e+01 1.927442401171661768e-01 1.222126669561887091e+01 -1.399912692967614092e+01 -3.467374953412038252e+01 6.754308520066130583e+00 1.742616935604569406e+01 -1.707608229886177043e+01 -7.380127485017508704e+00 1.387760159918369673e+01 -2.249713625421231811e+01 -1.953289540081725306e+01 1.985914085231041426e+01
2.252941176470588402e+02 1.598162066416033333e+01 1.615880533093561411e+01 3.463919820872365563e+01 -4.123695971739667954e+01 -3.346183083906152689e+01 3.212586917429595701e+01 -2.218445676139285183e+01 -1.216614412385780275e+00 3.442606505086959601e+01 -9.223226029248305480e+00 -3.454184854154598128e+01 1.389846988565409802e+01 -1.052727318238938459e+01 -3.078035185132278073e+01 -3.321494999007174442e+01 1.586438385423335262e+00 -3.687711491230545846e+01 -3.673521329433326343e+01 -4.101707637737766987e+01 1.477217919335670437e+01 3.454722871976411369e+01 -1.153795395385469469e+01 4.879346341955078969e+01 1.999595641255996981e+01 -2.149423409798675166e+01 1.389582221093338177e+01 1.809682083367318128e+01 -1.091003869970527873e+01 -1.600410119744522319e+01 -3.954700628501744575e+01 -2.254790214520196301e+01 -3.580194489422544279e+01 5.368943339973166218e+01 -8.884268372922329959e+00 -1.788431824788773161e+00 -5.558833158567776422e+01 -6.392965863070215748e-01 -9.356371890197149099e+00 9.296710818835704160e+00 -3.452752499142789588e+01 -2.532824697749500586e+01 3.284186002084993561e+01 -7.728230638738161851e+00 3.562278359938341055e+01 1.040555650843226765e+01 8.931478311431044759e+00 1.258789294569428119e+00 -3.666612557094165936e+01 -3.175909264988244374e+01 -3.617030162757511391e+01 -6.026653606084765968e+00 3.347479938960237433e+01 -1.751187301859555490e+01 3.025412442472199714e+01 9.063230495279922749e+00 -3.978570536310834882e+01 1.173119407727285513e+00 1.300832351608427029e+00 3.868878090566410322e+01 -4.928834276348093013e+00 5.353427110373988285e+01 3.393497581660444684e+00 4.882625154964153502e+00 -1.842784090050343693e+01 2.357154258709979633e+00 4.305782690378149624e+01 -1.470880240851319698e+01 4.226386860967157588e+01 -2.852953877001426619e+01 -1.097048767047468765e+01 -1.334711542770788206e+01 1.875214594753467168e+01 2.198552617862072722e+01 -5.959184306922622021e+00 -3.785546763470623688e+01 -7.578626142233061636e+00 3.549980610491353161e+01 9.902660191658222644e+00 -1.073648625293320080e+01 -1.218842606966643771e+01 -3.678391624877194488e+01 3.291404268124085597e+00 3.185747846612343182e+01 7.764147157016363821e+00 -1.455047740609916218e+01 1.489414435234689971e-01 -1.482304056757153177e+01 -1.028559012952384322e+01 -2.889047472225698598e+01 -3.610080941404627097e+00 -1.701165338112521042e+01 8.598001913681033059e+00 -1.953685136426691926e+01 -3.427205954032482538e+01 4.471265088623469097e+01 3.605542046360914554e+01 -1.103173785118028327e+01 -2.214752731782940742e+01 -4.058356065084808284e-01 1.416981237940087723e+01 -1.198887665743720632e+01 -3.467040707715112546e+01 3.618888883750554619e+00 1.989758176749435492e+01 -1.382487071832311187e+01 -7.722387805051067033e+00 1.356214916211541599e+01 -2.284273640336913047e+01 -1.895823826850073957e+01 1.988935680022346375e+01
2.258823529411764639e+02 1.434597196145346132e+01 1.420091900394092654e+01 3.322209011436829940e+01 -3.887182577813833717e+01 -3.121671403474815776e+01 2.986663589242911243e+01 -2.031745119409316658e+01 -3.302950858110561327e+00 3.500491328787816059e+01 -9.039086330980028450e+00 -3.406685864774002681e+01 1.673850837923624368e+01 -8.810669204199161442e+00 -3.103716850731705179e+01 -3.574852599286096222e+01 -3.731256712072468229e-01 -3.703465003003561407e+01 -3.674828114252403566e+01 -4.087351146927833412e+01 1.509002214528880081e+01 3.216238465668833157e+01 -8.947283506030180078e+00 4.602188342492637219e+01 1.791431424990348731e+01 -2.105455981385941300e+01 1.431227848025282512e+01 1.734968180996670384e+01 -8.762071987130989115e+00 -1.364409773619112620e+01 -3.937478091504644340e+01 -2.061485360410907219e+01 -3.366042925642782535e+01 4.889842721141461368e+01 -8.424401553449625268e+00 -1.408205747636161742e-01 -5.399075322609530048e+01 -2.005681338494891275e+00 -1.291652680143102394e+01 7.890181590580636950e+00 -3.228712146248147263e+01 -2.256674757280642751e+01 3.211548792496139981e+01 -9.076146238475939043e+00 3.202402990987737041e+01 1.133534731648616756e+01 9.196975520861798259e+00 1.114198097236550167e+00 -3.652010250632263677e+01 -2.976053360985969576e+01 -3.411045753657137425e+01 -6.663330777111221792e+00 3.194633566820754922e+01 -1.735063047832203154e+01 2.905693360674277770e+01 4.833528500241941472e+00 -3.960267036214960257e+01 2.198234352789223411e+00 2.861054769954406218e+00 3.551126841386660260e+01 -2.909691784956580651e+00 5.359882484926739465e+01 3.169643518052059683e+00 4.788422710907237700e+00 -1.945047670170517762e+01 1.224404460494378455e+00 4.143714476787975798e+01 -1.593158530517307980e+01 4.371251215228281239e+01 -2.595872242464466240e+01 -9.542446444778075687e+00 -1.463178374709161389e+01 1.779980521812387195e+01 2.274179708014088419e+01 -3.917562050826104425e+00 -3.633068031533407094e+01 -8.756579312825182981e+00 3.226193245208399674e+01 8.292250107484099075e+00 -9.297769079935822134e+00 -1.335435558741982298e+01 -3.656872987983380341e+01 3.030421600028228468e+00 3.255686089843429443e+01 5.627770977237215533e+00 -1.428372745807661026e+01 1.723998440655295505e-01 -1.571438258959313927e+01 -9.057465204541223613e+00 -2.845013621993216546e+01 -2.691795941991830698e+00 -1.668232963663691848e+01 1.016459308939896644e+01 -1.892407588349800918e+01 -3.364848319862716863e+01 4.551098638884270287e+01 3.218640480548044991e+01 -1.193050442132207145e+01 -2.191899616598159639e+01 -9.383687621304496185e-01 1.572304458847755093e+01 -1.014758308728842273e+01 -3.449144311033801813e+01 9.471002503543919371e-01 2.201890824482711650e+01 -1.096069568669120642e+01 -7.974866004953108600e+00 1.316536607159115491e+01 -2.309029693554318996e+01 -1.829289549919075242e+01 1.975626412973610257e+01
2.264705882352941160e+02 1.284766694959402678e+01 1.240630088323670321e+01 3.166119510205478349e+01 -3.628716718127614627e+01 -2.881551298806376948e+01 2.765769274627528418e+01 -1.850722603582266146e+01 -4.961351714599143037e+00 3.507075832046257347e+01 -8.998153825748261170e+00 -3.331488631485722607e+01 1.905154090614380280e+01 -7.345502560527283897e+00 -3.099779879424340834e+01 -3.752176484141613599e+01 -2.099831983378002587e+00 -3.679398516433345634e+01 -3.643156454731182237e+01 -4.034394160830579068e+01 1.508319146217543505e+01 2.962395005255550373e+01 -6.699393949039797569e+00 4.291464098426163787e+01 1.591495894537334443e+01 -2.042028995256040247e+01 1.441868157904106873e+01 1.651689069794712594e+01 -6.820746103648832381e+00 -1.156337181857458418e+01 -3.882895206975928915e+01 -1.872164058320726099e+01 -3.151503116022042050e+01 4.450543165576087290e+01 -7.925160639059927625e+00 1.267842159181470363e+00 -5.208655297565986331e+01 -3.234379060965952846e+00 -1.575733054222615337e+01 6.606351963560915586e+00 -3.006912303264684638e+01 -1.992441771702265640e+01 3.135432776932625032e+01 -1.022401128997868014e+01 2.870522773114706183e+01 1.209273932957237463e+01 9.305233794927152857e+00 1.019422945406423420e+00 -3.593776263040396657e+01 -2.779408523832873712e+01 -3.204171852019351263e+01 -7.157829994266861284e+00 3.050069594091589664e+01 -1.702989937531646447e+01 2.791929374930022334e+01 6.371087856255537307e-01 -3.899894802743354916e+01 3.004673098869793169e+00 4.128266458990061061e+00 3.235849801973155593e+01 -1.147358169924223237e+00 5.321541194287222964e+01 2.955671948422176065e+00 4.752475779917105569e+00 -2.015733183624990232e+01 1.840269551025693062e-01 3.957213749526634672e+01 -1.683663836209022691e+01 4.461404824891506138e+01 -2.336623165276581560e+01 -8.206141144262611320e+00 -1.561221028497954499e+01 1.671001299290926667e+01 2.322989562353848214e+01 -1.918933622029477926e+00 -3.476705326797924300e+01 -9.918178293492303510e+00 2.904354719994348599e+01 6.806665595429346460e+00 -7.954638068501044046e+00 -1.439657347973767187e+01 -3.630701627789117225e+01 2.783612294763839756e+00 3.287153755880068928e+01 3.687799679025481669e+00 -1.399266160781643720e+01 1.402745241845539947e-01 -1.646003553649064344e+01 -7.905490647053294850e+00 -2.806831566625484342e+01 -1.876311870967732220e+00 -1.627873546676989136e+01 1.139204559770919722e+01 -1.822502244665361815e+01 -3.305444311844053118e+01 4.577458709861219432e+01 2.878715984631257996e+01 -1.271205650802659726e+01 -2.155137984552671782e+01 -1.406075414829804693e+00 1.691903229863866187e+01 -8.453022430665019016e+00 -3.414340195031316227e+01 -1.308252395299014825e+00 2.380649071531878391e+01 -8.459786306327419680e+00 -8.127201422318400148e+00 1.269560594575060541e+01 -2.323005285832133993e+01 -1.754784600131005234e+01 1.946494159279039593e+01
2.270588235294117680e+02 1.147069873676640839e+01 1.076556271499625872e+01 2.999196876573600434e+01 -3.354354638523856380e+01 -2.630758369093034332e+01 2.550366970577518799e+01 -1.677042358082760032e+01 -6.236604224290838161e+00 3.470326909327124554e+01 -9.053290083582373526e+00 -3.233818737421392342e+01 2.087648041420367662e+01 -6.124043655188327051e+00 -3.071244914870012366e+01 -3.861178838366108579e+01 -3.615901107099898315e+00 -3.620735384825173497e+01 -3.583597293908306369e+01 -3.948127302290712493e+01 1.481840314615369891e+01 2.698287880514902781e+01 -4.790131455043022513e+00 3.956688425965214151e+01 1.401292667411394710e+01 -1.961272796106205618e+01 1.427515654745577933e+01 1.561486539815615515e+01 -5.068285873092691851e+00 -9.757974303035267027e+00 -3.796209347524810340e+01 -1.689007507241108641e+01 -2.938902452061791593e+01 4.047191061005229784e+01 -7.387079366046078732e+00 2.467456122646172645e+00 -4.992230932157819723e+01 -4.321145952939532187e+00 -1.793762787581130880e+01 5.433685493332965244e+00 -2.789526855230273483e+01 -1.742871189512659313e+01 3.055481327852117346e+01 -1.117596870032923029e+01 2.564504721610676796e+01 1.268207950281801288e+01 9.263430786117293536e+00 9.674589488350897604e-01 -3.499291320777994940e+01 -2.588468656770709231e+01 -2.999402549370219973e+01 -7.529634942244438633e+00 2.911682282783810649e+01 -1.656300490925722002e+01 2.682068957051650315e+01 -3.466713051285149838e+00 -3.804128822800004173e+01 3.621561536310234697e+00 5.150661164756855648e+00 2.927817110231854514e+01 3.885271820674841003e-01 5.243967668062063581e+01 2.745865624361996105e+00 4.749351117772818931e+00 -2.057012809214010929e+01 -7.650776300667162522e-01 3.751599118615129669e+01 -1.744465353668005747e+01 4.501241703039213604e+01 -2.080572486733529658e+01 -6.943653344240748204e+00 -1.630674622623255487e+01 1.552567392134429802e+01 2.345397652798686750e+01 2.584247451881514432e-02 -3.318591575740241950e+01 -1.104009443151146286e+01 2.589731069887848136e+01 5.445073583415591223e+00 -6.688876652069135176e+00 -1.529298502793936976e+01 -3.596559523788236135e+01 2.545586009140500927e+00 3.283800426122741811e+01 1.939902036817377384e+00 -1.367478934238372723e+01 5.175234215238525698e-02 -1.704880401456438221e+01 -6.811559074001044323e+00 -2.770133132216687244e+01 -1.169796715097120909e+00 -1.580268041874586160e+01 1.231852137905248235e+01 -1.745106914470932935e+01 -3.245222414796314325e+01 4.555748367849493263e+01 2.581307055801342543e+01 -1.336230587160334515e+01 -2.105617156814486890e+01 -1.810405687864024005e+00 1.779334504393888849e+01 -6.886019348749027102e+00 -3.363541867220864390e+01 -3.193106968798675727e+00 2.527884571010810433e+01 -6.298770663456364716e+00 -8.174724606545170857e+00 1.216225777829826704e+01 -2.325547211660112623e+01 -1.673529599665517864e+01 1.902378219917342861e+01
2.276470588235294201e+02 1.020218413557785553e+01 9.270333475960606862e+00 2.824730110418996532e+01 -3.069853807399812240e+01 -2.373997434279634433e+01 2.341062231404578498e+01 -1.512090748626729209e+01 -7.172899018780641178e+00 3.397632344247149661e+01 -9.164149485546710494e+00 -3.118419850151564887e+01 2.225432020928887766e+01 -5.133202256535848385e+00 -3.022593902105978003e+01 -3.909621583307041703e+01 -4.942169185438456402e+00 -3.532430818990589216e+01 -3.500834413826920155e+01 -3.833555389161897153e+01 1.435489978979303594e+01 2.428786507049523280e+01 -3.207838055652276310e+00 3.606606359922211880e+01 1.222020675484801089e+01 -1.865573317609683102e+01 1.393514707034770872e+01 1.465998839312545776e+01 -3.486967277039244806e+00 -8.217968620107692246e+00 -3.682374141588915961e+01 -1.513883680116357056e+01 -2.730294100763470055e+01 3.676413327095643524e+01 -6.812820138454703134e+00 3.486646826195483939e+00 -4.754432226100822589e+01 -5.263722211340230217e+00 -1.951907915764692802e+01 4.363114016544122897e+00 -2.578441375055488294e+01 -1.510106605915393629e+01 2.971566343631755913e+01 -1.193779026009054789e+01 2.282578475689098241e+01 1.310924978781251760e+01 9.082005266958908862e+00 9.512912865652911609e-01 -3.375454917194115012e+01 -2.405234279295854805e+01 -2.799282500453138667e+01 -7.795247441639218344e+00 2.777674381452483132e+01 -1.596536520711855545e+01 2.574381817559057950e+01 -7.421874395892958276e+00 -3.679228567691894369e+01 4.074308177896923233e+00 5.970229295966753114e+00 2.631038546107909681e+01 1.726549239345006592e+00 5.132468256214322366e+01 2.536664633340891317e+00 4.758850023760311743e+00 -2.071382948879528030e+01 -1.624143496070488801e+00 3.531792976144439677e+01 -1.777972296930720475e+01 4.495262747774870604e+01 -1.832247768407045285e+01 -5.740962737453140896e+00 -1.673706462768615211e+01 1.428441606781794704e+01 2.342280406352494282e+01 1.903807138873513827e+00 -3.160540911274225451e+01 -1.210102099714338308e+01 2.286765067035188892e+01 4.205842882001324945e+00 -5.486150410683602097e+00 -1.602710134717553103e+01 -3.551955077091544410e+01 2.312976367145145318e+00 3.249242517029905741e+01 3.785330024996866327e-01 -1.332856575902500573e+01 -9.101055732587513825e-02 -1.747376863590817919e+01 -5.761624960310287591e+00 -2.731376229963839108e+01 -5.745540103947220922e-01 -1.525840530711949583e+01 1.297898904130016895e+01 -1.661456414934839643e+01 -3.181211556832658260e+01 4.491355548837609746e+01 2.321829859875531099e+01 -1.387145153794067376e+01 -2.044602512575922404e+01 -2.153156280384588950e+00 1.837921286893201156e+01 -5.430710368712778013e+00 -3.297861289507211779e+01 -4.751035510083505997e+00 2.645576318292724949e+01 -4.454396349915615616e+00 -8.117651103783286359e+00 1.157542719514698781e+01 -2.316310416009747186e+01 -1.586818577178848422e+01 1.844417495065637169e+01
2.282352941176470722e+02 9.031919850604021249e+00 7.913008444443016209e+00 2.645724616815415686e+01 -2.780586470957821632e+01 -2.115671062667640001e+01 2.138549966388722012e+01 -1.356957255163558074e+01 -7.813079209914574719e+00 3.295747755744591956e+01 -9.297049394813596379e+00 -2.989532229674654928e+01 2.322697577342007946e+01 -4.355771699284988863e+00 -2.957758455584399115e+01 -3.905152606673077287e+01 -6.097514932151938183e+00 -3.419161005782868301e+01 -3.399120525355299094e+01 -3.695388419247474587e+01 1.374429779292810139e+01 2.158449567788807855e+01 -1.934769245148731942e+00 3.249128788829891334e+01 1.054591129254025006e+01 -1.757480192152346277e+01 1.344536442858843373e+01 1.366828924275386647e+01 -2.060046331409960629e+00 -6.928640615287775084e+00 -3.546032179003413631e+01 -1.348318331739512210e+01 -2.527437213180572328e+01 3.335279909329373993e+01 -6.206878048164684358e+00 4.351745861039796104e+00 -4.499797747053301578e+01 -6.061879632595615242e+00 -2.056466072361664388e+01 3.387588847678795201e+00 -2.375232457000092978e+01 -1.295701687692224091e+01 2.883729529530508273e+01 -1.251684485181945661e+01 2.023263844214023877e+01 1.338166235266772475e+01 8.774034850540234132e+00 9.640632252894075771e-01 -3.228615437265732879e+01 -2.231221808355919123e+01 -2.605888441132462319e+01 -7.968618099399728649e+00 2.646587975342780297e+01 -1.525406329826930119e+01 2.467486470465054182e+01 -1.117674643041523730e+01 -3.530990772262415334e+01 4.385285139022631284e+00 6.622824535352956232e+00 2.348758609314205614e+01 2.892650355597164769e+00 4.992058537180998457e+01 2.326279019724051267e+00 4.765459974258637210e+00 -2.061556189535227901e+01 -2.394561712242098128e+00 3.302308076246177393e+01 -1.786823615013500799e+01 4.448042025247286091e+01 -1.595333904469427821e+01 -4.588072679873813620e+00 -1.692713676943251144e+01 1.301870803355055983e+01 2.314971541805124033e+01 3.700676379875760702e+00 -3.004046531411544052e+01 -1.308199750354938118e+01 1.999069648660704601e+01 3.086634826035676848e+00 -4.336137285052370949e+00 -1.658810355408040493e+01 -3.495173595543163714e+01 2.084056530441814381e+00 3.187061175929922285e+01 -1.002746670727285849e+00 -1.295343994184386105e+01 -2.833701029320698783e-01 -1.773228109888060544e+01 -4.745817425149826185e+00 -2.687809725649610115e+01 -8.948156091211478813e-02 -1.465216726090355692e+01 1.340542765838413963e+01 -1.572839093584945580e+01 -3.111194975484967884e+01 4.389610144996910890e+01 2.095749653841487614e+01 -1.423399736499352741e+01 -1.973456143508902727e+01 -2.436542266912809840e+00 1.870772801639930805e+01 -4.074604221624052336e+00 -3.218557446087328344e+01 -6.022474077531068559e+00 2.735759032227610277e+01 -2.903327508202497409e+00 -7.960276127948804792e+00 1.094562789958925286e+01 -2.295239026053971898e+01 -1.495974409253780912e+01 1.774008288045703807e+01
2.288235294117646959e+02 7.951927405690502937e+00 6.686511976918991351e+00 2.464883926656879609e+01 -2.491467045542966829e+01 -1.859816639798969717e+01 1.943564333484606621e+01 -1.212428917140242213e+01 -8.198052872464105079e+00 3.170771534072772724e+01 -9.424694731744033049e+00 -2.850889434875560013e+01 2.383634141642924220e+01 -3.771570083620907621e+00 -2.880129326790100208e+01 -3.855174995967318097e+01 -7.098544931494997101e+00 -3.285315297807876789e+01 -3.282270272961078916e+01 -3.538035177877001303e+01 1.303071624617474100e+01 1.891452003994673703e+01 -9.484351041931050608e-01 2.891288328646347239e+01 8.996443659578050145e+00 -1.639621356339167946e+01 1.284596182287353550e+01 1.265515160569306019e+01 -7.724106279802579467e-01 -5.871626438849525620e+00 -3.391510693300790535e+01 -1.193482232776464791e+01 -2.331788545802578128e+01 3.021256031096569572e+01 -5.575254721834235205e+00 5.086100531283326731e+00 -4.232714383027883542e+01 -6.717419308862883298e+00 -2.113736803674109055e+01 2.501642575710584016e+00 -2.181159900723995193e+01 -1.100645555241016993e+01 2.792136166190810442e+01 -1.292204047047721893e+01 1.785301045607514681e+01 1.350819650805566496e+01 8.354622835645058032e+00 9.992167505967060048e-01 -3.064526035119554592e+01 -2.067486238411183308e+01 -2.420830063693351519e+01 -8.061557793724730914e+00 2.517314471732705172e+01 -1.444736817615000746e+01 2.360357675579995629e+01 -1.468518090261702191e+01 -3.364719149576232837e+01 4.574382909989884283e+00 7.138430937736447213e+00 2.083472582890210845e+01 3.909581659372520335e+00 4.827441797491586328e+01 2.114324752749020320e+00 4.757798187737892093e+00 -2.030367464813090095e+01 -3.077921404177813347e+00 3.067238981579346913e+01 -1.773792223345062880e+01 4.364190909663804518e+01 -1.372694984953494490e+01 -3.478880904024912013e+00 -1.690234292899435076e+01 1.175605574906449036e+01 2.265232247712459213e+01 5.401607319700250542e+00 -2.850290615534659722e+01 -1.396667495115351265e+01 1.729444273826604572e+01 2.084453993080874312e+00 -3.232402470744764944e+00 -1.697069873530494633e+01 -3.425215157718974268e+01 1.858383133945824106e+00 3.100793186032094795e+01 -2.211062178120319022e+00 -1.254983939619676825e+01 -5.186965280650034371e-01 -1.782580198354371603e+01 -3.758297850351001390e+00 -2.637423116448372440e+01 2.894412687999672329e-01 -1.399180902426446416e+01 1.362707497582928617e+01 -1.480557183595220572e+01 -3.033651848571549081e+01 4.255742150559049719e+01 1.898714935630171396e+01 -1.444860697670323724e+01 -1.893611952068128090e+01 -2.663228558470055241e+00 1.880805676430398066e+01 -2.808459614151335604e+00 -3.126993269588087188e+01 -7.044255901459933078e+00 2.800469389063095349e+01 -1.622029856371109080e+00 -7.710183391239689321e+00 1.028349018211464738e+01 -2.262543789271001060e+01 -1.402309569872404005e+01 1.692754059395826616e+01
2.294117647058823479e+02 6.956009711077695279e+00 5.584089386159267754e+00 2.284599815591485239e+01 -2.206895093393632479e+01 -1.610054193572892700e+01 1.756833377228975834e+01 -1.078997264290920555e+01 -8.366350731256780193e+00 3.028142498438773700e+01 -9.525784409860577284e+00 -2.705730022702776338e+01 2.412353976405576006e+01 -3.358468473375002983e+00 -2.792583032320569814e+01 -3.766746077505695212e+01 -7.959498871335217274e+00 -3.134990158476889732e+01 -3.153667231229188062e+01 -3.365598455103452835e+01 1.225112534740602932e+01 1.631525930333200947e+01 -2.228497880216224747e-01 2.539215127854271259e+01 7.575674601962035126e+00 -1.514625370816759897e+01 1.217087932834291308e+01 1.163505200559258057e+01 3.890290131164527709e-01 -5.025947243864592906e+00 -3.222819104453135708e+01 -1.050193371967707101e+01 -2.144504894352806446e+01 2.732149528117733794e+01 -4.925113783344403195e+00 5.709687953652397674e+00 -3.957361808588254348e+01 -7.234112107373216638e+00 -2.129911083030157570e+01 1.700978409215687215e+00 -1.997170853762906972e+01 -9.254006263623598016e+00 2.697040276598525921e+01 -1.316372808153333196e+01 1.567587482477833305e+01 1.349907985158885104e+01 7.840302074828611190e+00 1.050607371622666042e+00 -2.888322808719377477e+01 -1.914655967568744543e+01 -2.245268148297482114e+01 -8.084118386306712978e+00 2.389086688071949638e+01 -1.356422869924644559e+01 2.252316750366667719e+01 -1.790738223111202032e+01 -3.185208737788213185e+01 4.659445991747832139e+00 7.541586391843046577e+00 1.836961916303592446e+01 4.796642219387156736e+00 4.642996845546392137e+01 1.901487605615559628e+00 4.728059465793576166e+00 -1.980693876394972364e+01 -3.676060469117789165e+00 2.830257968624795950e+01 -1.741703234590705662e+01 4.248319491041340257e+01 -1.166418471495456188e+01 -2.410843642941428389e+00 -1.668871275057760073e+01 1.051926478611600579e+01 2.195199414530210191e+01 6.991928371690845800e+00 -2.700164804289605769e+01 -1.474151608544038616e+01 1.479911853245161524e+01 1.195678163348244283e+00 -2.172066509560724334e+00 -1.717479300637658568e+01 -3.341722648621705360e+01 1.636471903807426242e+00 2.993915046551233416e+01 -3.254096635439162277e+00 -1.211910440904696351e+01 -7.888821377000199142e-01 -1.775959807715852534e+01 -2.796910385816803846e+00 -2.578884456570469297e+01 5.686486538784980560e-01 -1.328632957399896952e+01 1.367068955405558484e+01 -1.385891801665668233e+01 -2.947689759787730424e+01 4.094840199025951222e+01 1.726656522653897596e+01 -1.451781837869268976e+01 -1.806547304110280194e+01 -2.836325941962370756e+00 1.870763766355885949e+01 -1.626012840758473743e+00 -3.024599717181766323e+01 -7.849400496556840245e+00 2.841708325856914286e+01 -5.867493095707677631e-01 -7.377481225306547152e+00 9.599493273772464974e+00 -2.218676064473342890e+01 -1.307092445997214369e+01 1.602410187729034163e+01
2.300000000000000000e+02 6.039336092025923364e+00 4.599136009265386349e+00 2.106949938034412639e+01 -1.930714670543646605e+01 -1.369546843673750480e+01 1.579039856853549040e+01 -9.568759173838955689e+00 -8.353810549403757335e+00 2.872654908355048420e+01 -9.584526206765053402e+00 -2.556820972185525420e+01 2.412834162119481718e+01 -3.093300633888914408e+00 -2.697521627675290290e+01 -3.646502901251034245e+01 -8.692332210277573523e+00 -2.971984271809385447e+01 -3.016281711817649480e+01 -3.181871123556548397e+01 1.143585406853124908e+01 1.381916904464494777e+01 2.703222321169406195e-01 2.198131481217959404e+01 6.285132581574041311e+00 -1.385052197997949364e+01 1.144830912301827475e+01 1.062133772201933191e+01 1.435177494057504166e+00 -4.368942779545149868e+00 -3.043647668640358006e+01 -9.189322990135311287e+00 -1.966454827352008294e+01 2.466057708417262972e+01 -4.264429632946452386e+00 6.238996659534051581e+00 -3.677663154616287500e+01 -7.617580556722270302e+00 -2.110978941860100022e+01 9.820996966772312931e-01 -1.823914336401547587e+01 -7.699511806805285907e+00 2.598759416584602988e+01 -1.325356314086554477e+01 1.369123202539776152e+01 1.336571676036376743e+01 7.248464483489094334e+00 1.112594683816888752e+00 -2.704521784713016430e+01 -1.772977532584994620e+01 -2.079947119153510471e+01 -8.044934764667232230e+00 2.261456391191722304e+01 -1.262376719698269767e+01 2.143007866585286791e+01 -2.081057701643003099e+01 -2.996742522401110875e+01 4.656601857830856339e+00 7.851919737918919395e+00 1.610345657624269933e+01 5.569665509447911056e+00 4.442773016437017475e+01 1.689218433414443998e+00 4.671478756223070405e+00 -1.915387412111288867e+01 -4.191117590572918772e+00 2.594614984292711668e+01 -1.693365374387102307e+01 4.104995048783862188e+01 -9.778766893536277038e+00 -1.384484280514243437e+00 -1.631228501861042801e+01 9.326752782029656075e+00 2.107317316949137975e+01 8.457810101340207609e+00 -2.554299025622560393e+01 -1.539592605626592459e+01 1.251773045800058171e+01 4.160815446236865167e-01 -1.155317735040634730e+00 -1.720501448705119429e+01 -3.244902660789571058e+01 1.419507900322844796e+00 2.869821604168633655e+01 -4.140016308616227825e+00 -1.166338542311991766e+01 -1.084839259176876292e+00 -1.754232629859057724e+01 -1.862676670794215061e+00 -2.511469495305120603e+01 7.564785436919396755e-01 -1.254546904260184093e+01 1.356080186988643987e+01 -1.290072825827586556e+01 -2.852970584266856591e+01 3.911810839496239822e+01 1.575854927309347353e+01 -1.444764500475137048e+01 -1.713752902623911112e+01 -2.959357463784070497e+00 1.843234595134939369e+01 -5.235904404825133529e-01 -2.912845663823944875e+01 -8.467110062704133355e+00 2.861417091836669613e+01 2.264200728291733133e-01 -6.974078715256503358e+00 8.903726296282643560e+00 -2.164298863388542671e+01 -1.211519591884064440e+01 1.504826323230970253e+01
2.305882352941176521e+02 5.198067823812651866e+00 3.725067904674233876e+00 1.933702028573043918e+01 -1.666190062526541027e+01 -1.140974411763156660e+01 1.410788714355021867e+01 -8.460266481272812555e+00 -8.193369599808058013e+00 2.708486315102560482e+01 -9.590085462126927141e+00 -2.406489758061326611e+01 2.388873034377298055e+01 -2.952652976882498059e+00 -2.596921432313770239e+01 -3.500610286694798390e+01 -9.306932516456100757e+00 -2.799794292557731268e+01 -2.872696533839370403e+01 -2.990333042172866129e+01 1.060920478752225193e+01 1.145355880646833846e+01 5.607310746936720047e-01 1.872363960819228268e+01 5.124211555771077009e+00 -1.253333436312116156e+01 1.070123598094195572e+01 9.626048064744532340e+00 2.374787661814411699e+00 -3.877099368981829830e+00 -2.857366993675170974e+01 -7.998682023473921099e+00 -1.798238010094369344e+01 2.221316657288827656e+01 -3.601640301852271797e+00 6.687130506782543726e+00 -3.397242524726274837e+01 -7.875125852919024894e+00 -2.062653567848114378e+01 3.419878217445093127e-01 -1.661764224151959368e+01 -6.338604728775443675e+00 2.497657298619130017e+01 -1.320432551638194418e+01 1.188966511794214398e+01 1.312047268549533463e+01 6.596824585499463822e+00 1.180110170472665532e+00 -2.517031233032472670e+01 -1.642367639891536868e+01 -1.925238691410762115e+01 -7.951523272280114796e+00 2.134260739567166354e+01 -1.164479157539926923e+01 2.032363584132651724e+01 -2.336946286041885656e+01 -2.803098062135939017e+01 4.580498778069514110e+00 8.084761455809466923e+00 1.404144942724451184e+01 6.241206857119135698e+00 4.230490702652739543e+01 1.479462840319827555e+00 4.585817368769925295e+00 -1.837219531291580665e+01 -4.625578982812484696e+00 2.363141678674407231e+01 -1.631514489773178056e+01 3.938698450080276103e+01 -8.078012116420010713e+00 -4.027968968724361942e-01 -1.579857783831273643e+01 8.192901171814080286e+00 2.004257747418482793e+01 9.786857288614726258e+00 -2.413096267192850064e+01 -1.592231019529149449e+01 1.045674061213335371e+01 -2.591383017606704309e-01 -1.848198101349428357e-01 -1.707011938636663828e+01 -3.135441742695589085e+01 1.209092151699362017e+00 2.731800382041580733e+01 -4.877426421694744718e+00 -1.118551461647518153e+01 -1.396973881604918200e+00 -1.718552986174130126e+01 -9.591853920325782434e-01 -2.434984792646055141e+01 8.626710816477796140e-01 -1.177931968528418771e+01 1.331993983466608711e+01 -1.194253833260572506e+01 -2.749632670056374906e+01 3.711338643368389256e+01 1.442980095568192134e+01 -1.424708837690713814e+01 -1.616702630559818488e+01 -3.036201711999385822e+00 1.800661829671980740e+01 5.003569840703706584e-01 -2.793212566059595048e+01 -8.922924727218116914e+00 2.861464402175991140e+01 8.413903720780084861e-01 -6.513013598676779203e+00 8.205682683463953353e+00 -2.100255440323457989e+01 -1.116693511665030059e+01 1.401889062396032593e+01
2.311764705882353041e+02 4.429033061775396796e+00 2.955236014827127722e+00 1.766323932774079353e+01 -1.415997717495770658e+01 -9.265209278955317984e+00 1.252582053917939753e+01 -7.461918018582374579e+00 -7.914947858327227692e+00 2.539234370216692938e+01 -9.535991162939849275e+00 -2.256662394225372026e+01 2.344058753140958729e+01 -2.913535901063112110e+00 -2.492387045713049076e+01 -3.334727702365077562e+01 -9.811425653291360405e+00 -2.621611564945855477e+01 -2.725138074886396566e+01 -2.794148800538690480e+01 9.790129821928125864e+00 9.240470727614969348e+00 6.784219976212118031e-01 1.565371743510893943e+01 4.090398128397086275e+00 -1.121722471339552918e+01 9.948019847150582962e+00 8.659780975465034558e+00 3.214642425307981721e+00 -3.526771831795571188e+00 -2.667028486541670063e+01 -6.928932072329597069e+00 -1.640210494127501306e+01 1.996455323656139669e+01 -2.945316017454204793e+00 7.064084900213937424e+00 -3.119390522168402669e+01 -8.015506779180679331e+00 -1.990310645276865742e+01 -2.221655256332506490e-01 -1.510848641616809651e+01 -5.163340114561851379e+00 2.394132370313423053e+01 -1.302970086928456972e+01 1.026200004009420930e+01 1.277642627813747112e+01 5.902926571029952996e+00 1.248703541047886167e+00 -2.329176170882148256e+01 -1.522469942974957746e+01 -1.781193300909772503e+01 -7.810534337579042585e+00 2.007581264870908910e+01 -1.064534755286885925e+01 1.920563072662488224e+01 -2.556642600842605617e+01 -2.607562335975526580e+01 4.444469374181544197e+00 8.251790665563792260e+00 1.218356764321480235e+01 6.820881288568609868e+00 4.009546005431830196e+01 1.274427330381207701e+00 4.470880177969447367e+00 -1.748836313683137078e+01 -4.982313804179003824e+00 2.138259420125695343e+01 -1.558767965950021228e+01 3.753779318197810966e+01 -6.563655808476935860e+00 5.294051838993217851e-01 -1.517215751321067607e+01 7.128432730625656966e+00 1.888834273499223215e+01 1.096860455721843053e+01 -2.276770986039968392e+01 -1.631606008253803708e+01 8.616845531157741434e+00 -8.353223912458981326e-01 7.349360343809343554e-01 -1.678231652950411856e+01 -3.014420708642422397e+01 1.007025934535153100e+00 2.583003440724564470e+01 -5.475338171526291653e+00 -1.068886505497578554e+01 -1.715621567894721311e+00 -1.670307713946243666e+01 -9.192656922366279626e-02 -2.349687675799312814e+01 8.978877823046576001e-01 -1.099797471915712244e+01 1.296881957088105786e+01 -1.099492310013349261e+01 -2.638211271927958279e+01 3.497848508937976675e+01 1.325108146299075962e+01 -1.392759466544949198e+01 -1.516824977340612080e+01 -3.071019118937870829e+00 1.745353121350874304e+01 1.445762721921607818e+00 -2.667172815558344112e+01 -9.238990798632439549e+00 2.843641923641798286e+01 1.281871791078482703e+00 -6.007843064564620583e+00 7.514090800809703374e+00 -2.027536181560558148e+01 -1.023606143495973342e+01 1.295467278012876911e+01
2.317647058823529278e+02 3.729454895277269255e+00 2.282881207924217559e+00 1.605998414850351708e+01 -1.182233200501894643e+01 -7.278754193227133129e+00 1.104801338736158733e+01 -6.569306739462072997e+00 -7.545407116788366508e+00 2.367959301574613207e+01 -9.419521204010788296e+00 -2.108904848811148725e+01 2.281747744466184002e+01 -2.953939752286952825e+00 -2.385207475924551446e+01 -3.153991853623490016e+01 -1.021253308226587109e+01 -2.440320014230653811e+01 -2.575510227650601891e+01 -2.596166744954963690e+01 8.992930932686988399e+00 7.196707948004371858e+00 6.530353290989422410e-01 1.279789191420931438e+01 3.179515464454850449e+00 -9.922550952692938964e+00 9.202986706941707951e+00 7.731607558501921496e+00 3.959843921362384833e+00 -3.294798937194094002e+00 -2.475366024240340224e+01 -5.976622987887818539e+00 -1.492513931869658883e+01 1.790155580758172249e+01 -2.303852597541636182e+00 7.377145568572306189e+00 -2.847038230523450153e+01 -8.048681238583879960e+00 -1.898941591838704923e+01 -7.131702624289220083e-01 -1.371083622654578171e+01 -4.162863782888719832e+00 2.288610513509288324e+01 -1.274403330225614894e+01 8.799066876918564262e+00 1.234710028800724579e+01 5.183703064468822674e+00 1.314569099779617556e+00 -2.143732143498952780e+01 -1.412713723852252201e+01 -1.647596002280259597e+01 -7.627959381836801001e+00 1.881698339977437939e+01 -9.642325625206693118e+00 1.807985973178709216e+01 -2.739153148170841590e+01 -2.412953077261106927e+01 4.260637204874401007e+00 8.361686763859569993e+00 1.052533514251156710e+01 7.315803640992181833e+00 3.783018173945212226e+01 1.076383028769594796e+00 4.328069904443059279e+00 -1.652723407711968662e+01 -5.264595124353300015e+00 1.921991439222527376e+01 -1.477588921826837876e+01 3.554411697108504598e+01 -5.232723060517602498e+00 1.406152640816800137e+00 -1.445629522585628912e+01 6.140805677475571045e+00 1.763915456518629554e+01 1.199490440234214716e+01 -2.145388587227845889e+01 -1.657546707924499074e+01 6.993815500862291756e+00 -1.318298004704195225e+00 1.598290342630100724e+00 -1.635654734385120790e+01 -2.883229229692453544e+01 8.151327933555923000e-01 2.426418483038431617e+01 -5.943134398940894236e+00 -1.017720318739994845e+01 -2.031434325155187626e+00 -1.611057059002694203e+01 7.323856219264084366e-01 -2.256205487953012323e+01 8.732635842282250316e-01 -1.021122053146226705e+01 1.252649787728842057e+01 -1.006734795206027400e+01 -2.519559891496103177e+01 3.275470952823052784e+01 1.219719416665317802e+01 -1.350248036657187178e+01 -1.415477019546045589e+01 -3.068167802027907953e+00 1.679483922119237960e+01 2.311461307137808063e+00 -2.536171089252653488e+01 -9.434401713548560053e+00 2.809665547872266345e+01 1.571122334083553618e+00 -5.472106341773107729e+00 6.836782791897984879e+00 -1.947244605161151298e+01 -9.331275530158992026e+00 1.187362407119361940e+01
2.323529411764705799e+02 3.096733426973971248e+00 1.701125265917904805e+00 1.453641694621555835e+01 -9.664317184057654941e+00 -5.462449887576815932e+00 9.676966877360504427e+00 -5.776576342161796163e+00 -7.108572385124928061e+00 2.197229486127464071e+01 -9.241086290593207409e+00 -1.964465700122299197e+01 2.205051178829208069e+01 -3.053279913277439750e+00 -2.276411310002833233e+01 -2.963011863800335632e+01 -1.051594555396195751e+01 -2.258495576945625061e+01 -2.425429273076200332e+01 -2.398919690040839470e+01 8.227951883692247392e+00 5.333998282166073857e+00 5.131271252998022003e-01 1.017480410462507123e+01 2.385979467108748864e+00 -8.667204300860689159e+00 8.477007495292678385e+00 6.849031523331033711e+00 4.614168395817745072e+00 -3.159014727917371257e+00 -2.284799107310097455e+01 -5.136362647188992270e+00 -1.355106938630988545e+01 1.601218671677255045e+01 -1.685198104547154019e+00 7.631362423526845795e+00 -2.582739842053141288e+01 -7.985522711565194776e+00 -1.793119505366377808e+01 -1.133995007051652015e+00 -1.242208913415194083e+01 -3.324089290316643908e+00 2.181540326920740114e+01 -1.236205832203191157e+01 7.491553186095550210e+00 1.184618528104907931e+01 4.455092821692207217e+00 1.374553529578710798e+00 -1.962965533879508229e+01 -1.312371800403306388e+01 -1.524023621191360078e+01 -7.409293980004574287e+00 1.757044237757609295e+01 -8.651134958849860723e+00 1.695164875799421011e+01 -2.884229888512860640e+01 -2.221644970688099008e+01 4.039982604519622100e+00 8.420758566606645346e+00 9.058646870228438175e+00 7.731085250067651238e+00 3.553678970154773964e+01 8.875067450039345607e-01 4.159982932770029507e+00 -1.551179410692640914e+01 -5.476104148311064179e+00 1.715978899522846390e+01 -1.390259267678490396e+01 3.344551624006474100e+01 -4.078403345410402281e+00 2.220957223527829427e+00 -1.367270303075082616e+01 5.234613167151092483e+00 1.632341635805801161e+01 1.286020125794083491e+01 -2.018904050344412937e+01 -1.670157144912024449e+01 5.579358367088782522e+00 -1.714311439678706028e+00 2.399048877231607868e+00 -1.580975264732439278e+01 -2.743483038355342529e+01 6.351174487562513127e-01 2.264840983968484878e+01 -6.290525003396867376e+00 -9.654545540588125974e+00 -2.335710018778037078e+00 -1.542475382514272475e+01 1.506463659243246322e+00 -2.155456313324445716e+01 8.000020765753521612e-01 -9.428279225088394000e+00 1.201048856560311862e+01 -9.168069899806873480e+00 -2.394774056655755246e+01 3.048011654249206970e+01 1.124682210185391895e+01 -1.298635655370672382e+01 -1.313922037456731218e+01 -3.032114569553916006e+00 1.605097632543688491e+01 3.095686749707324381e+00 -2.401608067268420044e+01 -9.525576879918382645e+00 2.761180259812470084e+01 1.731675832282169702e+00 -4.918865691393023987e+00 6.180601733218713534e+00 -1.860563375119969365e+01 -8.459994310479970636e+00 1.079264941262447763e+01
2.329411764705882320e+02 2.528279789911916708e+00 1.202991796441791106e+00 1.309924830303608267e+01 -7.696001265675397995e+00 -3.823788794701049376e+00 8.413824854791615238e+00 -5.076800303770077960e+00 -6.625304253221812267e+00 2.029167900023524851e+01 -9.003629405948712972e+00 -1.824318254135226880e+01 2.116827838495184011e+01 -3.192737128547443071e+00 -2.166818659547815429e+01 -2.765874378652313581e+01 -1.072668569554525497e+01 -2.078407678191620889e+01 -2.276258087977358713e+01 -2.204627557940370863e+01 7.502239395030654734e+00 3.659276002047239018e+00 2.856099097275888177e-01 7.796034652840353907e+00 1.703061394907286585e+00 -7.466420389792167711e+00 7.778045125011485261e+00 6.017991913221865552e+00 5.180449374233129234e+00 -3.098658758513604283e+00 -2.097437847180926340e+01 -4.401253627771138710e+00 -1.227796975758397657e+01 1.428538015310124365e+01 -1.096619009961466995e+00 7.830055754565677262e+00 -2.328663736847190791e+01 -7.837524445900960757e+00 -1.676976745207712938e+01 -1.487872605511155966e+00 -1.123823976005371961e+01 -2.632359116320023951e+00 2.073389597763604542e+01 -1.189862864234807383e+01 6.329934647529527503e+00 1.128726789888883530e+01 3.731722974169757734e+00 1.426146858298809716e+00 -1.788678157420124748e+01 -1.220615361199679505e+01 -1.409900324612019062e+01 -7.159660377336991566e+00 1.634156895061713755e+01 -7.685449967750135336e+00 1.582738427261171488e+01 -2.992328423392535086e+01 -2.035599484570263229e+01 3.792382096117859369e+00 8.433529353799169570e+00 7.772575422684940172e+00 8.070347180581670443e+00 3.324003216943005867e+01 7.097583612410336418e-01 3.970049794760218909e+00 -1.446297038477405295e+01 -5.620917360211856284e+00 1.521500599327224457e+01 -1.298860341322446388e+01 3.127898104758994080e+01 -3.090898674361913567e+00 2.967392345040004820e+00 -1.284133869738208666e+01 4.411979530421657358e+00 1.496848784751512440e+01 1.356169021218401305e+01 -1.897197723207611375e+01 -1.669795121596731846e+01 4.361974936064520136e+00 -2.029947328805701279e+00 3.131059794998949819e+00 -1.516015743469730204e+01 -2.596945542994142642e+01 4.684596954010594727e-01 2.100848744035136306e+01 -6.527487717924495669e+00 -9.125023204599512994e+00 -2.620658505986214415e+00 -1.466294010526968528e+01 2.223040488826169447e+00 -2.048573075120215847e+01 6.890220225905305806e-01 -8.657601859158743807e+00 1.143684681945949499e+01 -8.304082126494336080e+00 -2.265119349883945077e+01 2.818926295925662728e+01 1.038226010744699224e+01 -1.239457195341127438e+01 -1.213311345248509454e+01 -2.967346219028748955e+00 1.524103082436253942e+01 3.796528319590597444e+00 -2.264826059278768255e+01 -9.526649510199895587e+00 2.699766597822076264e+01 1.785068079099613181e+00 -4.360329456155999317e+00 5.551346057292612102e+00 -1.768721129619991927e+01 -7.628329526629647361e+00 9.727186874792263183e+00
2.335294117647058840e+02 2.021398794650403730e+00 7.814503196756749093e-01 1.175297010778352913e+01 -5.922585254377330521e+00 -2.366017728058100733e+00 7.258388070829813188e+00 -4.462342491436167791e+00 -6.113612419151238875e+00 1.865498202408877404e+01 -8.712055055990269636e+00 -1.689200716435705019e+01 2.019681987088788233e+01 -3.355500258528538726e+00 -2.057088267411022997e+01 -2.566156706705458390e+01 -1.084943555222945122e+01 -1.902023110579742138e+01 -2.129138357953406313e+01 -2.015202561642916024e+01 6.820156016203210214e+00 2.175061212803045319e+00 -4.688788608091220764e-03 5.666819868788189218e+00 1.123150396415265817e+00 -6.332686970121758741e+00 7.111658755197383108e+00 5.242905050896461638e+00 5.660956780361730445e+00 -3.094690344488604250e+00 -1.915090112498461750e+01 -3.763317540233830805e+00 -1.110271372431318326e+01 1.271077999769635447e+01 -5.445107123747712219e-01 7.975318004348928014e+00 -2.086592056470917456e+01 -7.616504164588278059e+00 -1.554193079475177264e+01 -1.778358819365241761e+00 -1.015422782619696029e+01 -2.072068719851465346e+00 1.964642060275341962e+01 -1.136844321180958239e+01 5.304470648130684474e+00 1.068357570033700910e+01 3.026659537071267447e+00 1.467458408578224294e+00 -1.622254055983518484e+01 -1.136563878875567646e+01 -1.304549562494837645e+01 -6.883893976760905531e+00 1.513636525190088555e+01 -6.757034287428464125e+00 1.471407406299930365e+01 -3.064549457203659344e+01 -1.856397024131956641e+01 3.526633568347746550e+00 8.403261487790764761e+00 6.654139595552423181e+00 8.336215824244080252e+00 3.096180030688613272e+01 5.447925536238552580e-01 3.762222147809511252e+00 -1.339950983321070055e+01 -5.703476826941413336e+00 1.339496202565001504e+01 -1.205260574756716707e+01 2.907859279681023779e+01 -2.258220238720091810e+00 3.639594011693985998e+00 -1.198027382058916146e+01 3.672945666631158623e+00 1.360002467534645554e+01 1.409936356484222841e+01 -1.780107047113785157e+01 -1.657046058374567465e+01 3.327778177203451815e+00 -2.272036923503501171e+00 3.788711544451803803e+00 -1.442659828768099572e+01 -2.445455635589051724e+01 3.163408881366738812e-01 1.936780478318522825e+01 -6.664192584466173130e+00 -8.592759439270579946e+00 -2.879601620957617847e+00 -1.384248269897138250e+01 2.875383084346441631e+00 -1.936832892119890559e+01 5.506608783881371538e-01 -7.906714680670789086e+00 1.082022609285518655e+01 -7.481100058903196626e+00 -2.131965032353267731e+01 2.591301624640443535e+01 9.589077915282624431e+00 -1.174269673527875213e+01 -1.114670562463644465e+01 -2.878285238374613364e+00 1.438270258492421938e+01 4.412325971173052253e+00 -2.127096301063047790e+01 -9.449841117886840891e+00 2.626947140880306009e+01 1.751578789819825399e+00 -3.807558746177990283e+00 4.953749283241791090e+00 -1.672961051536109167e+01 -6.841104049922741126e+00 8.690931393941044192e+00
2.341176470588235361e+02 1.573214817629930984e+00 4.294760859822037147e-01 1.050010032390995285e+01 -4.344890433338964186e+00 -1.088543805101415574e+00 6.209176231646868160e+00 -3.925186121613527312e+00 -5.588802008483818362e+00 1.707589079064266002e+01 -8.372699791004613701e+00 -1.559653518468316946e+01 1.915965252832367938e+01 -3.526919205992951944e+00 -1.947758409071919061e+01 -2.366946013849969788e+01 -1.088881498103469703e+01 -1.731012659759151973e+01 -1.985020072429770011e+01 -1.832257078122718497e+01 6.183933042424166082e+00 8.799141599417469317e-01 -3.353543013969967346e-01 3.786815464981349244e+00 6.380091012570145992e-01 -5.275740156779672674e+00 6.481457164381913216e+00 4.526740688929775658e+00 6.057746728227928479e+00 -3.130012309226291034e+00 -1.739271172890164152e+01 -3.213890565623588991e+00 -1.002126313709519501e+01 1.127858148995002630e+01 -3.425508802139590886e-02 8.068482028794662142e+00 -1.857927955728063196e+01 -7.334320945776446443e+00 -1.427993443945514329e+01 -2.009350429672295935e+00 -9.164259632328985106e+00 -1.627235181007504305e+00 1.855793602187949176e+01 -1.078579084188814008e+01 4.405248510229689884e+00 1.004774635342602096e+01 2.351227715942414420e+00 1.497179759836131607e+00 -1.464706978458967157e+01 -1.059328624881308656e+01 -1.207240345182275831e+01 -6.586598553742221362e+00 1.396106509645716898e+01 -5.875640633925081957e+00 1.361894863083685792e+01 -3.102566879492975005e+01 -1.685270668423412843e+01 3.250477130707485340e+00 8.332409992238915208e+00 5.689013331494214398e+00 8.530774673927384200e+00 2.872124612628287466e+01 3.939018418035749036e-01 3.540706407997058935e+00 -1.233791828974982607e+01 -5.728545495370576113e+00 1.170592375470857682e+01 -1.111109103891731031e+01 2.687524648122937165e+01 -1.566914171701063951e+00 4.232667108294889680e+00 -1.110561544508071030e+01 3.015836609184879169e+00 1.224143893447789821e+01 1.447595245433950240e+01 -1.667453095974334332e+01 -1.632692901209072289e+01 2.461253103055254243e+00 -2.447559325019724064e+00 4.367336623089909331e+00 -1.362791385421056489e+01 -2.290862864922612019e+01 1.795996562135799834e-01 1.774719176709625046e+01 -6.710911601764121492e+00 -8.061763037956817257e+00 -3.107107221351761872e+00 -1.298030290657154495e+01 3.457710616704120721e+00 -1.821592703259359070e+01 3.944383754166583822e-01 -7.182115395572202132e+00 1.017391841022564059e+01 -6.703582695607066988e+00 -1.996724409215750029e+01 2.367843294672347909e+01 8.855742621978784257e+00 -1.104606119139087106e+01 -1.018890655821364000e+01 -2.769213258648226983e+00 1.349225307888319492e+01 4.941993695662129760e+00 -1.989607952704245619e+01 -9.305806073475928031e+00 2.544192007247218257e+01 1.650004411804289361e+00 -3.270255621901848819e+00 4.391491859928104091e+00 -1.574511792936569421e+01 -6.101900525497471861e+00 7.695644510036045993e+00
2.347058823529411882e+02 1.180634716899918946e+00 1.401189658307483155e-01 9.341430559499492858e+00 -2.959895292008091872e+00 1.260727353188207701e-02 5.263528559041111166e+00 -3.457221793985750580e+00 -5.063645137730209633e+00 1.556496293150760657e+01 -7.992852468946068711e+00 -1.436052865020981528e+01 1.807781545319117100e+01 -3.694576953961427268e+00 -1.839280957482813861e+01 -2.170863231258739390e+01 -1.084960123088627526e+01 -1.566760587855722697e+01 -1.844687723783455979e+01 -1.657114287728564861e+01 5.594157024773867448e+00 -2.310586792643181953e-01 -6.866052337559567231e-01 2.150885464505380984e+00 2.390154134527137653e-01 -4.302638958029332272e+00 5.889497358671149208e+00 3.871126435535173993e+00 6.372963071672134383e+00 -3.189611150680364826e+00 -1.571215685786143368e+01 -2.743978085047648729e+00 -9.028931312356462513e+00 9.979417719714430035e+00 4.298745782539556415e-01 8.110533982904303940e+00 -1.643709844665895758e+01 -7.002614281721698752e+00 -1.301154141343059223e+01 -2.185069713202827835e+00 -8.262094453566071195e+00 -1.281996767559306694e+00 1.747347699584833691e+01 -1.016431780251357786e+01 3.622261742076185786e+00 9.391630689402928667e+00 1.714900870674131994e+00 1.514536908949364991e+00 -1.316727078610156276e+01 -9.880487628811223999e+00 -1.117226951191451079e+01 -6.272175571553465723e+00 1.282179449040835095e+01 -5.048982456052290679e+00 1.254911554898203718e+01 -3.108545842487828281e+01 -1.523140328644784880e+01 2.970618615989053968e+00 8.222998742240513081e+00 4.862157512744500920e+00 8.655953133640565511e+00 2.653490309786975487e+01 2.579874463899871628e-01 3.309743262838024336e+00 -1.129245224568739658e+01 -5.701149632059541617e+00 1.015131318413743600e+01 -1.017834656268497895e+01 2.469644422309832521e+01 -1.002703022738126171e+00 4.742989384907212447e+00 -1.023147747184825462e+01 2.437605957519406008e+00 1.091348981995702339e+01 1.469677526485762442e+01 -1.559061673064658216e+01 -1.597683068638358783e+01 1.745940171484182679e+00 -2.563539612604648799e+00 4.863513525544969518e+00 -1.278241342277552484e+01 -2.134971025386432686e+01 5.871304635360433122e-02 1.616481088228753649e+01 -6.677916637916541553e+00 -7.535838751290262039e+00 -3.299060017819237967e+00 -1.209248691045557678e+01 3.965509452543265034e+00 -1.704232275966940691e+01 2.288806115475146286e-01 -6.489216272811679787e+00 9.509881061785527834e+00 -5.974784348368699760e+00 -1.860802550435537839e+01 2.150870955044651822e+01 8.173224949022207753e+00 -1.031935970019896054e+01 -9.267232872951403522e+00 -2.644204545306195975e+00 1.258445680742438988e+01 5.385264572651096593e+00 -1.853458566893961645e+01 -9.103935332386829060e+00 2.452922469190937704e+01 1.497472850503095199e+00 -2.756628678212524441e+00 3.867241072546901748e+00 -1.474561547728598754e+01 -5.413136104828833339e+00 6.751046723482253320e+00
2.352941176470588402e+02 8.403413618925227313e-01 -9.342479599922083600e-02 8.276271875519913834e+00 -1.761299942963093779e+00 9.443005433580126118e-01 4.417733777846305721e+00 -3.050488941400205878e+00 -4.548571645917470541e+00 1.413001881991759845e+01 -7.580330140299654573e+00 -1.318640432224663250e+01 1.696994465951256359e+01 -3.848290012250323411e+00 -1.732048482203672179e+01 -1.980090549176802739e+01 -1.073688360626821137e+01 -1.410377084841337592e+01 -1.708782908913198284e+01 -1.490821726909660150e+01 5.050187560723768954e+00 -1.165668349576441054e+00 -1.041414188200034729e+00 7.498940095313615384e-01 -8.261469215164367330e-02 -3.417906789785986721e+00 5.336627733681694075e+00 3.276474623948024689e+00 6.609078463316872210e+00 -3.260621527966585997e+00 -1.411892277206638369e+01 -2.344560331289651245e+00 -8.120611558645782324e+00 8.804284340109548523e+00 8.447621809823613326e-01 8.102456555632842949e+00 -1.444631710194181551e+01 -6.632573300906130953e+00 -1.176016691073967735e+01 -2.310022280055425536e+00 -7.441290596928733514e+00 -1.021034545190892429e+00 1.639809695263661027e+01 -9.516826378343216319e+00 2.945509405678620407e+00 8.726132542441801476e+00 1.125255151509378049e+00 1.519233940345634526e+00 -1.178725884434936333e+01 -9.219196796894053136e+00 -1.033781149365862717e+01 -5.944833001814949114e+00 1.172429110188336310e+01 -4.282770696867416405e+00 1.151127162694019823e+01 -3.085054436884454887e+01 -1.370646926994590054e+01 2.692760774925036404e+00 8.076918052741484999e+00 4.158364416450268664e+00 8.713840425161913927e+00 2.441680923795804148e+01 1.375539360276573086e-01 3.073431028191844661e+00 -1.027515567454392809e+01 -5.626511244937669964e+00 8.732011238633448968e+00 -9.266491072022811082e+00 2.256616543077930714e+01 -5.510358754298342321e-01 5.168411351133624265e+00 -9.369993121911317502e+00 1.934153050158668119e+00 9.634008985242605405e+00 1.476950702675524418e+01 -1.454778447951861153e+01 -1.553093611678245445e+01 1.165030850891459302e+00 -2.626947746828424357e+00 5.275265368049639747e+00 -1.190743320262471805e+01 -1.979490631175287874e+01 -4.620095041384530976e-02 1.463610611546360651e+01 -6.575369684796414482e+00 -7.018515435630594546e+00 -3.452674262595762933e+00 -1.119395851999407121e+01 4.395743260245464690e+00 -1.586105249328209155e+01 6.140274468156901866e-02 -5.832329329956441377e+00 8.838759717389251591e+00 -5.296831209401639207e+00 -1.725551962713077003e+01 1.942320486604753782e+01 7.534608771951706530e+00 -9.576327812470188050e+00 -8.387804605316038220e+00 -2.507071017294093096e+00 1.167256201937058790e+01 5.742856226676463116e+00 -1.719646234544164543e+01 -8.852613150796022623e+00 2.354512397227461307e+01 1.309307718082607597e+00 -2.273329532552605503e+00 3.382714621758858176e+00 -1.374235560378441434e+01 -4.776157621958383004e+00 5.864787799899991327e+00
2.358823529411764639e+02 5.488113751575126598e-01 -2.777430648756009091e-01 7.302692451467211576e+00 -7.400977778508891491e-01 1.715787723832827183e+00 3.667179899291093559e+00 -2.697368403917113966e+00 -4.051873067062260247e+00 1.277650375593709420e+01 -7.143112825517047959e+00 -1.207548864981399639e+01 1.585236505714819444e+01 -3.980046894082245768e+00 -1.626414498740975390e+01 -1.796401443886593441e+01 -1.055615618239893294e+01 -1.262713395239270042e+01 -1.577823557465884186e+01 -1.334167404732063211e+01 4.550507555054633002e+00 -1.934097660030857035e+00 -1.385538096146840870e+00 -4.285191913331626301e-01 -3.356280771957236841e-01 -2.623727137565979195e+00 4.822777668412217444e+00 2.742125424434672443e+00 6.769068480452524739e+00 -3.332323422175756722e+00 -1.262020347192046898e+01 -2.006844850971961858e+00 -7.290970709197218014e+00 7.744492782649804674e+00 1.208453786303874455e+00 8.045494729641681886e+00 -1.261068486739654126e+01 -6.234741859854699086e+00 -1.054508091872345332e+01 -2.388935477515329087e+00 -6.695407500459712224e+00 -8.299114993758217595e-01 1.533680115940589062e+01 -8.855110006401558209e+00 2.365104896324601302e+00 8.061089364945223323e+00 5.879848990755147664e-01 1.511390433434653291e+00 -1.050878673984202294e+01 -8.602134705857515939e+00 -9.562169485357237875e+00 -5.608578907035369987e+00 1.067368234617182132e+01 -3.580807045033940650e+00 1.051147475294419031e+01 -3.034972472286541745e+01 -1.228185750883595695e+01 2.421645024429598170e+00 7.896145346110818863e+00 3.562709038228611735e+00 8.706919102098343188e+00 2.237863462298878758e+01 3.272340694770828340e-02 2.835589810641044650e+00 -9.295936902749762254e+00 -5.509973454646946323e+00 7.446671996060853616e+00 -8.385547866633368486e+00 2.050481393053772194e+01 -1.975443104785661874e-01 5.508356577294060585e+00 -8.531365672264906053e+00 1.500609964864983326e+00 8.417757164529778180e+00 1.470388462756634773e+01 -1.354478809938962591e+01 -1.500095888582088577e+01 7.018693389495453960e-01 -2.644601934063442794e+00 5.602159538152811535e+00 -1.101898406510754747e+01 -1.826000593533366256e+01 -1.353637322449405267e-01 1.317381103517715069e+01 -6.413210283570161430e+00 -6.512991367659529907e+00 -3.566455075513990547e+00 -1.029823069645422429e+01 4.746962531445432454e+00 -1.468498345087901491e+01 -1.017536321494562357e-01 -5.214687908348357936e+00 8.169911842039777383e+00 -4.670817317395199453e+00 -1.592236307213599744e+01 1.743753195296275038e+01 6.934718088259703705e+00 -8.829493338796201130e+00 -7.555377608150082303e+00 -2.361319481624053918e+00 1.076826701291448352e+01 6.016559490992359649e+00 -1.589063394897212866e+01 -8.559424646009571092e+00 2.250287303645566794e+01 1.098945625569998308e+00 -1.825451974258633925e+00 2.938763324621112005e+00 -1.274577563147909309e+01 -4.191351741985631207e+00 5.042486825504454373e+00
2.364705882352941160e+02 3.023506910892519439e-01 -4.191446493533845241e-01 6.417744206206982049e+00 1.148633727704895108e-01 2.338207102405201798e+00 3.006515832501939212e+00 -2.390726535272314823e+00 -3.579915192983625705e+00 1.150781978287434804e+01 -6.689038249133897551e+00 -1.102823388115640668e+01 1.473919880081457912e+01 -4.083894759765452243e+00 -1.522707378810265411e+01 -1.621192805337564380e+01 -1.031335037411762201e+01 -1.124379708638836739e+01 -1.452219804437564576e+01 -1.187698551688885118e+01 4.093009633822135562e+00 -2.548364032471587493e+00 -1.707468580817957715e+00 -1.399196708262949507e+00 -5.285620923634337665e-01 -1.920180747030833635e+00 4.347197029198944129e+00 2.266500406891787112e+00 6.856518105944127583e+00 -3.396081199704409581e+00 -1.122089148115681034e+01 -1.722464463610111629e+00 -6.534606346227493923e+00 6.791647422351096530e+00 1.520123035657388932e+00 7.941342634446120208e+00 -1.093105399497061825e+01 -5.818863451535299269e+00 -9.381664745207615397e+00 -2.426684037515336012e+00 -6.018164852147251054e+00 -6.953287880064717985e-01 1.429447354975729745e+01 -8.189828920041279048e+00 1.871385056105935307e+00 7.405194340060717195e+00 1.069721753030661027e-01 1.491475004637621726e+00 -9.331638695503912118e+00 -8.022919910572905877e+00 -8.839080601990122688e+00 -5.267204838733434258e+00 9.674324564307875463e+00 -2.945123769768494437e+00 9.554976759051792001e+00 -2.961400571770604628e+01 -1.095938710523727622e+01 2.161104837715938309e+00 7.682894638260743037e+00 3.060907096588023180e+00 8.638218398906451156e+00 2.042981350883023595e+01 -5.673509840442349239e-02 2.599662884050963907e+00 -8.362678080647675927e+00 -5.356921984528370650e+00 6.292042586354745559e+00 -7.543552035602533401e+00 1.852924344423968606e+01 7.159387929432479980e-02 5.763830671464376998e+00 -7.723949553401620705e+00 1.131596956236798457e+00 7.276401506146044973e+00 1.451136623311250595e+01 -1.258072562112675996e+01 -1.439920647065350146e+01 3.403588512698573210e-01 -2.623079663435609277e+00 5.845316640600463742e+00 -1.013149313971069709e+01 -1.675919040582770592e+01 -2.093034210600277500e-01 1.178801472715488785e+01 -6.201044982018666829e+00 -6.022096278880544773e+00 -3.640116450828423389e+00 -9.417234026170232752e+00 5.019321843224987312e+00 -1.352599045815042977e+01 -2.555339600747505435e-01 -4.638498725786893928e+00 7.511436379028882726e+00 -4.096914862938342949e+00 -1.462002175099709689e+01 1.556371496410099020e+01 6.369772089237602408e+00 -8.090001790033962692e+00 -6.773408587944228287e+00 -2.210121104034703521e+00 9.881717117072655654e+00 6.209256741452808370e+00 -1.462492547606190030e+01 -8.231315589201109617e+00 2.141521355433947349e+01 8.779072072193006004e-01 -1.416584714991402150e+00 2.535468211495387703e+00 -1.176535292960586254e+01 -3.658265087027422258e+00 4.287832568212798456e+00
2.370588235294117680e+02 9.714183656171800074e-02 -5.236057539262586324e-01 5.617673433854252885e+00 8.163473842510809986e-01 2.824103546589843639e+00 2.429815926166877915e+00 -2.124013116382068578e+00 -3.137353818703526365e+00 1.032562605856267446e+01 -6.225554868812878340e+00 -1.004439563866402274e+01 1.364248384624617216e+01 -4.155784328452091003e+00 -1.421238649472077498e+01 -1.455518043994293542e+01 -1.001481594288433108e+01 -9.957649346172406268e+00 -1.332286872282970691e+01 -1.051742121893394888e+01 3.675223344716965546e+00 -3.021807530175067313e+00 -1.998314341300833519e+00 -2.178770071523163487e+00 -6.696011742338375816e-01 -1.305510149201073000e+00 3.908649686885853125e+00 1.847260217925358328e+00 6.875664071450739989e+00 -3.445233968017713089e+00 -9.923783151992918050e+00 -1.483622227383243342e+00 -5.846168616802485118e+00 5.937637069891152031e+00 1.780002697025804936e+00 7.792254497789443235e+00 -9.405699601372074170e+00 -5.393766479158546012e+00 -8.281710490570310057e+00 -2.428209139404232886e+00 -5.403559477173835113e+00 -6.053020078835461559e-01 1.327579698703711486e+01 -7.530425804313015448e+00 1.455011430762749081e+00 6.765957979262231525e+00 -3.155980856631527831e-01 1.460237080924140507e+00 -8.253988527420228039e+00 -7.476130533888615481e+00 -8.162985287674827006e+00 -4.924262893341543545e+00 8.729695333077520658e+00 -2.376158427291088948e+00 8.646109784393853914e+00 -2.867572595018235049e+01 -9.739049625281134936e+00 1.914130214534268237e+00 7.439701590039611290e+00 2.639582042595765898e+00 8.511392089373432057e+00 1.857768004888478330e+01 -1.313652746021300444e-01 2.368650856378712977e+00 -7.481370402386464669e+00 -5.172705568547607768e+00 5.263279191828329040e+00 -6.746682589906966676e+00 1.665285264310070801e+01 2.693788564348272851e-01 5.937351236367503837e+00 -6.954357451688435887e+00 8.214450073206703840e-01 6.218599899902903516e+00 1.420476135881910906e+01 -1.165504312323198022e+01 -1.373824554751672089e+01 6.527472769589190427e-02 -2.568638699302667749e+00 6.007341134537609761e+00 -9.257632114227870801e+00 -1.530482681105143428e+01 -2.688133085210220319e-01 1.048627751892527193e+01 -5.948043083455297086e+00 -5.548267522025230214e+00 -3.674465025150820630e+00 -8.561218310833869083e+00 5.214517234062358675e+00 -1.239471047155865691e+01 -3.960420211664011925e-01 -4.105017064233605240e+00 6.870211516507009009e+00 -3.574493068125502493e+00 -1.335858379644171734e+01 1.381040110390490305e+01 5.837074204978765835e+00 -7.367511231387657844e+00 -6.044144779192057726e+00 -2.056292477605753621e+00 9.021522547383854729e+00 6.324879236670005511e+00 -1.340603687167614133e+01 -7.874707577443487594e+00 2.029432298358518239e+01 6.558188347499366300e-01 -1.048906842612791879e+00 2.172246812883287692e+00 -1.080949957081281454e+01 -3.175728889266276944e+00 3.602731571633229102e+00
2.376470588235294201e+02 -7.070179525754374805e-02 -5.967277603446681233e-01 4.898114916266416152e+00 1.378234093467091803e+00 3.186980058368336532e+00 1.930742216172693038e+00 -1.891317999220021084e+00 -2.727350511011017886e+00 9.230111278127901997e+00 -5.759531042041552418e+00 -9.123177447784195593e+00 1.257230182798366513e+01 -4.193382776863703754e+00 -1.322306587448198556e+01 -1.300121018263553552e+01 -9.667258528441575294e+00 -8.770584406206308969e+00 -1.218255468636355765e+01 -9.264271151165132778e+00 3.294490626373534958e+00 -3.368615742390750789e+00 -2.251627208038370576e+00 -2.785024499578519386e+00 -7.664625559363623664e-01 -7.764004918414013634e-01 3.505567073025574132e+00 1.481462352445211295e+00 6.831379415648471287e+00 -3.474946856127690609e+00 -8.729799155105316899e+00 -1.283187412412020167e+00 -5.220450554655961639e+00 5.174638145343895879e+00 1.989287775379276146e+00 7.601086687686961163e+00 -8.030656231747622442e+00 -4.967290405949725596e+00 -7.253752508735865412e+00 -2.398436248303449148e+00 -4.845945002094523169e+00 -5.492639377534075384e-01 1.228517418783767923e+01 -6.885082479925466181e+00 1.107059387311824405e+00 6.149707620332528712e+00 -6.790853003579729874e-01 1.418638952867894876e+00 -7.272722906536763787e+00 -6.957307557622937288e+00 -7.529074773764332207e+00 -4.583040912048791604e+00 7.842337353978716230e+00 -1.872953889392309001e+00 7.788225459071411727e+00 -2.756773819261502467e+01 -8.619296422160385163e+00 1.682942192573188445e+00 7.169453840377037146e+00 2.286448618281438083e+00 8.330728978134443352e+00 1.682761058671023946e+01 -1.919761054330000605e-01 2.145074228688843565e+00 -6.656270813240852569e+00 -4.962558229987710234e+00 4.354255772589953999e+00 -5.999415733833314057e+00 1.488574459719128384e+01 4.077927350948259977e-01 6.032812366404834314e+00 -6.227588373455844817e+00 5.643866186895659665e-01 5.250176654293789547e+00 1.379784848724493607e+01 -1.076750381902484222e+01 -1.303059093362577592e+01 -1.375094800776739123e-01 -2.487149967266110373e+00 6.092187120171471015e+00 -8.408228959171426098e+00 -1.390734401085342320e+01 -3.149049305831864709e-01 9.273792789915169976e+00 -5.662842767968737867e+00 -5.093539963161925144e+00 -3.671258527566863883e+00 -7.738721923160076344e+00 5.335657116382457765e+00 -1.130037422164527960e+01 -5.204763198009536573e-01 -3.614639802655981171e+00 6.251943922690657018e+00 -3.102242064555429391e+00 -1.214662555920724785e+01 1.218311987723365242e+01 5.334739566312796555e+00 -6.670151221830241006e+00 -5.368733597495350729e+00 -1.902287475651867954e+00 8.194800775780329616e+00 6.368313734501476198e+00 -1.223953687632809384e+01 -7.495574350113910711e+00 1.915175120474040327e+01 4.404805351560803772e-01 -7.233165091787837619e-01 1.847965262929807340e+00 -9.885497722161002088e+00 -2.741984980134573036e+00 2.987493780411694111e+00
2.382352941176470722e+02 -2.050794803717660153e-01 -6.437076035981244004e-01 4.254267096580069740e+00 1.815072503499205236e+00 3.440891793915386021e+00 1.502698046861126624e+00 -1.687391489307097370e+00 -2.351783971551944408e+00 8.220238524141560532e+00 -5.297115663090918858e+00 -8.263346146458399488e+00 1.153691225944387533e+01 -4.195864277113300567e+00 -1.226196080099240859e+01 -1.155470147418905036e+01 -9.277643782197415590e+00 -7.682728222683581798e+00 -1.110280108643818053e+01 -8.117078111426661025e+00 2.948095952351497573e+00 -3.603396093350036189e+00 -2.463184428464697540e+00 -3.236331142908082992e+00 -8.263108080712868730e-01 -3.282644285521477689e-01 3.136166950378800333e+00 1.165713900355747068e+00 6.729109686094678189e+00 -3.482032583265954884e+00 -7.638212298424131852e+00 -1.114747614569685297e+00 -4.652449701060943354e+00 4.495123689914242604e+00 2.150016967276558333e+00 7.371280597741887597e+00 -6.800060153279507524e+00 -4.546250100932426541e+00 -6.303419946378329364e+00 -2.342196221249797539e+00 -4.340078293612841698e+00 -5.181016963640660000e-01 1.132665116223472168e+01 -6.260714331970412161e+00 8.190909292706466394e-01 5.561620581881509651e+00 -9.842124798568685495e-01 1.367789819023888187e+00 -6.383727456646406395e+00 -6.462909162602530344e+00 -6.933288132864812603e+00 -4.246538644491245407e+00 7.013845064091510650e+00 -1.433372420167810635e+00 6.983677349752263730e+00 -2.632267025194106225e+01 -7.597305324836782781e+00 1.469075231706804097e+00 6.875376035469113134e+00 1.990421105705556748e+00 8.101106585541256067e+00 1.518317172440969465e+01 -2.395909344008437802e-01 1.930959635069633418e+00 -5.890073227148719504e+00 -4.731525744088332708e+00 3.557858211921194780e+00 -5.304692401167641513e+00 1.323494226497052573e+01 4.976747133372129706e-01 6.055299066453816437e+00 -5.547171182794388145e+00 3.547154400694921272e-01 4.374370246771315252e+00 1.330499516290376327e+01 -9.918130456792821903e+00 -1.228842464800303524e+01 -2.808753095360656538e-01 -2.384043287942568590e+00 6.104974446941910493e+00 -7.592252156287436549e+00 -1.257518063871249758e+01 -3.487591050035929729e-01 8.153584757220652790e+00 -5.353470501465576348e+00 -4.659546774806694103e+00 -3.633048092104075089e+00 -6.956599018447705340e+00 5.387082199148570005e+00 -1.025070536705807278e+01 -6.270395162272500711e-01 -3.167009788017392413e+00 5.661229347178323934e+00 -2.678297162253909125e+00 -1.099114022682661052e+01 1.068458009556543153e+01 4.861461723980333716e+00 -6.004537644259404061e+00 -4.747345581289491356e+00 -1.750198557709349956e+00 7.407240827739570932e+00 6.345270270557914927e+00 -1.112987498264681463e+01 -7.099485259009150617e+00 1.799834751016512868e+01 2.379732612182044182e-01 -4.395823372627875036e-01 1.561051623790815412e+00 -8.999472364547273173e+00 -2.354809081139684679e+00 2.441043145273405823e+00
2.388235294117646959e+02 -3.098480969325867473e-01 -6.693209561719677403e-01 3.681047692284958650e+00 2.141689549242148161e+00 3.600089596266532244e+00 1.138968881398352062e+00 -1.507634610690717025e+00 -2.011454170839432454e+00 7.293964285461822072e+00 -4.843645082835362992e+00 -7.463321794501402096e+00 1.054289064466898296e+01 -4.163687196637839705e+00 -1.133175713105976534e+01 -1.021792151620532074e+01 -8.853078201181631357e+00 -6.692673726755852925e+00 -1.008445693048996006e+01 -7.073875896566192978e+00 2.633358432578236208e+00 -3.740802295597736915e+00 -2.630739376722339262e+00 -3.551151744833619173e+00 -8.556996203883560081e-01 4.447886856114050685e-02 2.798542955076604333e+00 8.963159856063191988e-01 6.574770926221665590e+00 -3.464752635084578980e+00 -6.646878534813071226e+00 -9.726230535815998390e-01 -4.137405455818908173e+00 3.891875017221876565e+00 2.264938842181884127e+00 7.106797274796565311e+00 -5.706485936626432220e+00 -4.136435159328242683e+00 -5.433800037863862009e+00 -2.264153409268636619e+00 -3.881137998642178566e+00 -5.041380572121754167e-01 1.040384802273002052e+01 -5.662999190826971230e+00 5.832095207730652042e-01 5.005786435149554237e+00 -1.232866532667561632e+00 1.308883472169884543e+00 -5.582136617013957469e+00 -5.990226832443000582e+00 -6.372269486341112454e+00 -3.917447254192331307e+00 6.244887336141568213e+00 -1.054314632596312418e+00 6.233840448110963273e+00 -2.497227880372220454e+01 -6.669224109440765602e+00 1.273464930496348346e+00 6.560979966355059645e+00 1.741656584214284376e+00 7.827899751123034378e+00 1.364627218301849609e+01 -2.753961116538851672e-01 1.727844961581741501e+00 -5.184088872585022045e+00 -4.484398163655766822e+00 2.866259425122900772e+00 -4.664094786582278829e+00 1.170464598537553691e+01 5.486571851363363228e-01 6.010866750457917185e+00 -4.915318683623211449e+00 1.869166631115184996e-01 3.592134633298373458e+00 1.274079594420049766e+01 -9.107130293057871029e+00 -1.152334925914947839e+01 -3.763824503726312387e-01 -2.264266402485896723e+00 6.051770392263672527e+00 -6.816857601977676318e+00 -1.131479595869698329e+01 -3.716776696766943000e-01 7.126733341687015333e+00 -5.027276003497799017e+00 -4.247529619403003665e+00 -3.563012722864367543e+00 -6.220096353775165454e+00 5.374149612016630329e+00 -9.251880334124241045e+00 -7.148286084167728704e-01 -2.761126042250811263e+00 5.101624591221577631e+00 -2.300360221834433450e+00 -9.897524304519201621e+00 9.314990411530626346e+00 4.416317705740222976e+00 -5.375834659869602739e+00 -4.179304952094143211e+00 -1.601766045149934037e+00 6.663188045717739705e+00 6.262122858809629378e+00 -1.008041120807366475e+01 -6.691622662116027520e+00 1.684418246225644467e+01 5.279781896617194437e-02 -1.965081897503291597e-01 1.309607465556257733e+00 -8.156397727297960643e+00 -2.011628568163769781e+00 1.961142452375634226e+00
2.394117647058823479e+02 -3.887713613946162106e-01 -6.779177899807451446e-01 3.173229708500280299e+00 2.372858294666331247e+00 3.678717633935038034e+00 8.328472449909974928e-01 -1.348065647370608744e+00 -1.706276122112131421e+00 6.448433813078755072e+00 -4.403590452634336572e+00 -6.721247790308433778e+00 9.595268472709395979e+00 -4.098365926041664054e+00 -1.043492886665395147e+01 -8.991050804177270095e+00 -8.400676759834716734e+00 -5.797716032584798285e+00 -9.127729501070502849e+00 -6.131426700610154157e+00 2.347692870258046849e+00 -3.795219107527569413e+00 -2.753752367419931346e+00 -3.747618098993731550e+00 -8.605385242262189038e-01 3.481390451374296591e-01 2.490730068993916468e+00 6.693969824246265299e-01 6.374620396281259538e+00 -3.422606308622538673e+00 -5.752466258073010152e+00 -8.518498796230603576e-01 -3.670816259341649346e+00 3.357993303572667898e+00 2.337369237284899537e+00 6.812015782071412673e+00 -4.741269368255651706e+00 -3.742640000465342620e+00 -4.645802357703956886e+00 -2.168743209290673768e+00 -3.464720930858473213e+00 -5.010673057647837547e-01 9.519898524256751315e+00 -5.096436034652834124e+00 3.920962581488109389e-01 4.485293266871396511e+00 -1.427888262864681179e+00 1.243140678579766956e+00 -4.862548538322909231e+00 -5.537274079458404330e+00 -5.843295314520723593e+00 -3.598134184909648425e+00 5.535258429309677375e+00 -7.319348028970460440e-01 5.539159864403425004e+00 -2.354690849931285968e+01 -5.830389998859916822e+00 1.096538632136828673e+00 6.229989456158546268e+00 1.531544164011388043e+00 7.516856405309292555e+00 1.221731944669060432e+01 -3.006917454618193153e-01 1.536798953163886150e+00 -4.538430798900217944e+00 -4.225650082701797317e+00 2.271171413051962684e+00 -4.078026814925847177e+00 1.029652388456194601e+01 5.691524169085094842e-01 5.906300341253980513e+00 -4.333087618785756767e+00 5.577041285861250586e-02 2.902475900296411115e+00 1.211973751772715246e+01 -8.334809742667125931e+00 -1.074618163223147782e+01 -4.342511415853159140e-01 -2.132257036893158375e+00 5.939351193147266450e+00 -6.087486846952481656e+00 -1.013073378721584916e+01 -3.850381577655295207e-01 6.192617039783838706e+00 -4.690883802033318339e+00 -3.858356220918147894e+00 -3.464793556418336085e+00 -5.532969579752086808e+00 5.302995731481313868e+00 -8.308539708583360550e+00 -7.837131596981843362e-01 -2.395455177967911631e+00 4.575729518275530872e+00 -1.965815262049007028e+00 -8.869610534768897381e+00 8.072395220270786709e+00 3.998609611238414629e+00 -4.787854650159879100e+00 -3.663222715008410901e+00 -1.458393871309317635e+00 5.965746391175944296e+00 6.125734340466788552e+00 -9.093461396667622765e+00 -6.276779833051474355e+00 1.569847184979613353e+01 -1.119627669371154599e-01 7.897186750430050181e-03 1.091514778617877601e+00 -7.360134037578170307e+00 -1.709632352734972827e+00 1.544622579370148241e+00
2.400000000000000000e+02 -4.454754942839940779e-01 -6.734293826479736955e-01 2.725557999702150624e+00 2.523027487268111102e+00 3.690567339781179346e+00 5.777397275895402862e-01 -1.205268728779614662e+00 -1.435461430003704075e+00 5.680154247555795344e+00 -3.980539017896902010e+00 -6.035044496019267513e+00 8.697672780198342224e+00 -4.002244805180180443e+00 -9.573679587644264188e+00 -7.872501020991093057e+00 -7.927425897362762264e+00 -4.994083067349679439e+00 -8.232228650244364232e+00 -5.285453103762590032e+00 2.088646128282157566e+00 -3.780506867217471534e+00 -2.833112081749472821e+00 -3.843186480995578691e+00 -8.460817248925592837e-01 5.895110805472367765e-01 2.210750963853862494e+00 4.810325535156468324e-01 6.135110420086135719e+00 -3.356115543130584022e+00 -4.950678917296860604e+00 -7.481390311449755970e-01 -3.248440990016513208e+00 2.886909179010574089e+00 2.371045430931973286e+00 6.491606747687820977e+00 -3.894808726824952494e+00 -3.368719764906822789e+00 -3.938515519487008731e+00 -2.060121060705960794e+00 -3.086821239901408109e+00 -5.038561169319587529e-01 8.677401925348702250e+00 -4.564428486432273502e+00 2.390279847925997625e-01 4.002332994323521298e+00 -1.572860132349793494e+00 1.171757244876742377e+00 -4.219206729392658062e+00 -5.102657780362036100e+00 -5.344181645343030418e+00 -3.290634314644641290e+00 4.883949773562356711e+00 -4.618457435115084220e-01 4.899221349611817544e+00 -2.207505980151080749e+01 -5.075524683962920669e+00 9.383064224163474298e-01 5.886249390851266305e+00 1.352651127506057760e+00 7.173952235536374289e+00 1.089537827698921113e+01 -3.168465551440591277e-01 1.358451212940546382e+00 -3.952197727489100476e+00 -3.959389434294989574e+00 1.764071452861756484e+00 -3.545893861699441540e+00 9.010022861150909890e+00 5.663795477246982291e-01 5.748866170958639721e+00 -3.800540328770588339e+00 -4.356921122655364742e-02 2.302807332174193977e+00 1.145590190382285201e+01 -7.601486547054876475e+00 -9.966784756657188993e+00 -4.633932800965077092e-01 -1.991927346104593877e+00 5.774956533491976352e+00 -5.408005408979418505e+00 -9.025727913897636512e+00 -3.902531049007852415e-01 5.349164791976432909e+00 -4.350162052868055795e+00 -3.492543479472777435e+00 -3.342334296111547864e+00 -4.897629140226916533e+00 5.180290928345831603e+00 -7.423841289371084784e+00 -8.342081905244255191e-01 -2.068039968564366671e+00 4.085277443988362123e+00 -1.671836234217619399e+00 -7.909739338191383418e+00 6.953013403822073002e+00 3.607739354681136490e+00 -4.243186853769739919e+00 -3.197127861647646174e+00 -1.321170345821253145e+00 5.316894527727761499e+00 5.943275772715534977e+00 -8.170356461757958044e+00 -5.859345553357635517e+00 1.456950514017124476e+01 -2.544656649035997309e-01 1.762529251060685198e-01 9.045362112753377870e-01 -6.613489828580195962e+00 -1.445871430667402535e+00 1.187607397895423356e+00
2.405882352941176521e+02 -4.834127253115265699e-01 -6.593854595056465318e-01 2.332847429574982367e+00 2.606111358204266093e+00 3.648887561413151737e+00 3.672549191076598940e-01 -1.076330218109822434e+00 -1.197685680941854125e+00 4.985147252517728944e+00 -3.577203084110159192e+00 -5.402450525972244399e+00 7.852463978358827035e+00 -3.878280131475646986e+00 -8.749880165940709276e+00 -6.859218280279383961e+00 -7.440050034205365037e+00 -4.277156782787403522e+00 -7.397005857437497944e+00 -4.530859835377231803e+00 1.853914596269312431e+00 -3.709805194662485484e+00 -2.870857422086667388e+00 -3.854364695735692070e+00 -8.169358673259344839e-01 7.756580457556260244e-01 1.956647171344926717e+00 3.273512766689915532e-01 5.862735196117145442e+00 -3.266612287957826322e+00 -4.236466988029437886e+00 -6.578170501921193347e-01 -2.866288248728956489e+00 2.472388852720179830e+00 2.369982568888593821e+00 6.150391969609379395e+00 -3.156838456989373487e+00 -3.017667025667386316e+00 -3.309548831747001874e+00 -1.942123764528954855e+00 -2.743797659481368889e+00 -5.086195492829651554e-01 7.878388485886733683e+00 -4.069387768088231105e+00 1.178785569692988727e-01 3.558320308704704171e+00 -1.671898564983711255e+00 1.095858361603361031e+00 -3.646150817736225846e+00 -4.685441087830905182e+00 -4.873179720262061032e+00 -2.996648229067816249e+00 4.289235537048502245e+00 -2.393075968075842885e-01 4.312836444828278104e+00 -2.058306727624348298e+01 -4.398904610310665042e+00 7.984501850323139083e-01 5.533626847250335601e+00 1.198636513512347790e+00 6.805235083918510064e+00 9.678328659347025464e+00 -3.252582685776524429e-01 1.193028690098659084e+00 -3.423653136304588340e+00 -3.689315564945862658e+00 1.336400288001800885e+00 -3.066277800369619833e+00 7.842688722666405710e+00 5.464222255330105638e-01 5.546068128732732028e+00 -3.316904148210360948e+00 -1.155166242038058316e-01 1.789308111464323225e+00 1.076271306970831354e+01 -6.907405008963538151e+00 -9.193941509556596614e+00 -4.714818701550232971e-01 -1.846659570706472131e+00 5.566048438405898580e+00 -4.780870095274404541e+00 -8.000838808423742066e+00 -3.887351742614675310e-01 4.593108472226172800e+00 -4.010207878167951989e+00 -3.150284666425135605e+00 -3.199733249047023609e+00 -4.315306863150365047e+00 5.012997750020677046e+00 -6.599546117446339899e+00 -8.673474700603224230e-01 -1.776601777738989529e+00 3.631231566815786849e+00 -1.415485216761328546e+00 -7.018859612803897363e+00 5.951571243174321069e+00 3.243113015994646187e+00 -3.743346179515463668e+00 -2.778593077247678345e+00 -1.190892280584583185e+00 4.717611952643934181e+00 5.722049421288319060e+00 -7.311513659256279496e+00 -5.443280975191966853e+00 1.346458212914547836e+01 -3.739231952410415616e-01 3.116472462616316497e-01 7.464070883331966888e-01 -5.918305011493782075e+00 -1.217348754665656729e+00 8.857277117241101339e-01
2.411764705882353041e+02 -5.058334247181309751e-01 -6.389399079918719471e-01 1.990063490105841604e+00 2.635337704972084083e+00 3.566248818237589990e+00 1.952721775487962219e-01 -9.587678544293251059e-01 -9.912405628060780849e-01 4.359082540696290309e+00 -3.195450422374458643e+00 -4.821054748590397843e+00 7.060869310417596800e+00 -3.729835439563666810e+00 -7.965008178579078724e+00 -5.946966956679543337e+00 -6.944887548964796764e+00 -3.641680930017351159e+00 -6.620589031850246720e+00 -3.861941288604674227e+00 1.641347682586318246e+00 -3.595393489264697262e+00 -2.869907889592548500e+00 -3.796508063080950013e+00 -7.770834255122851530e-01 9.137234796503399537e-01 1.726498853577598247e+00 2.046253273664319083e-01 5.563878990514837142e+00 -3.156034039374122191e+00 -3.604225477290917912e+00 -5.777546318883660659e-01 -2.520597171416278481e+00 2.108536046634608585e+00 2.338336612275480952e+00 5.793199583057308644e+00 -2.516670775701032703e+00 -2.691704123863623455e+00 -2.755352624539974649e+00 -1.818243417389735495e+00 -2.432332709041286734e+00 -5.124813956498921463e-01 7.124298780816603838e+00 -3.612849743301736805e+00 2.310507550379045996e-02 3.154020791547618163e+00 -1.729456769331119359e+00 1.016459481201323678e+00 -3.137338716742941180e+00 -4.285005683676982535e+00 -4.428867654879529603e+00 -2.717547473653043166e+00 3.748765755763669993e+00 -5.939669431591376031e-02 3.778135998632600412e+00 -1.909488524370935991e+01 -3.794507126533249508e+00 6.764089456504076558e-01 5.175911366688336734e+00 1.064141826551228354e+00 6.416668558959218949e+00 8.563022848498189177e+00 -3.273205163665403594e-01 1.040395600706724988e+00 -2.950396249010640570e+00 -3.418686494514375784e+00 9.797315694281243381e-01 -2.637103921732236511e+00 6.790485703117447258e+00 5.143080690900064811e-01 5.305417393188066377e+00 -2.880725285283537218e+00 -1.640158322575201999e-01 1.357273029970240019e+00 1.005273267178971430e+01 -6.252658766782332123e+00 -8.435266626109248378e+00 -4.650491094446984053e-01 -1.699311626173208856e+00 5.320083622106650090e+00 -4.207315301202829261e+00 -7.055611598907563398e+00 -3.818688296390336245e-01 3.920228701957609641e+00 -3.675348379454389747e+00 -2.831479157333575802e+00 -3.041110683338759557e+00 -3.786234368709337605e+00 4.808141860637395126e+00 -5.836127997830383052e+00 -8.845619748306213781e-01 -1.518634636042557773e+00 3.213885149997506296e+00 -1.193800172724105657e+00 -6.196649858017902801e+00 5.061620700794659200e+00 2.904070748475151564e+00 -3.288934117544363378e+00 -2.404852023666107286e+00 -1.068091398042860352e+00 4.168011099386577989e+00 5.469322639671618802e+00 -6.516516500795214384e+00 -5.032093227759062870e+00 1.238996265027982524e+01 -4.704173158297859647e-01 4.174917748276818497e-01 6.149182386545030132e-01 -5.275549975238487121e+00 -1.021098125465901507e+00 6.343185208326338476e-01
2.417647058823529278e+02 -5.157670927659856464e-01 -6.149033869828446353e-01 1.692386826132674882e+00 2.623149763619247121e+00 3.454458294544685337e+00 5.599176162201349727e-02 -8.504566582814573339e-01 -8.141702273532920309e-01 3.797393731919944670e+00 -2.836350276505305246e+00 -4.288321601965726870e+00 6.323110773452360611e+00 -3.560493833576618083e+00 -7.220094256593498905e+00 -5.130592150118720163e+00 -6.447781348506276267e+00 -3.081951889270825529e+00 -5.901015129596267172e+00 -3.272571597408292732e+00 1.448941624826825869e+00 -3.448604072474950932e+00 -2.833809206409139581e+00 -3.683678775237169134e+00 -7.299184406384200408e-01 1.010775169870004042e+00 1.518436113908307572e+00 1.093462630942326486e-01 5.244672637865013698e+00 -3.026732231102797765e+00 -3.047974095837837627e+00 -5.052879850097218295e-01 -2.207812460300332180e+00 1.789789150023289421e+00 2.280277320669565011e+00 5.424722751647625962e+00 -1.963402387036344843e+00 -2.392386372042987208e+00 -2.271512528189149727e+00 -1.691613543646971474e+00 -2.149387838576661824e+00 -5.134270461551354581e-01 6.415977119650626115e+00 -3.195601060903057622e+00 -5.027877189993258666e-02 2.789683637950753248e+00 -1.750142442774974327e+00 9.344339052183314731e-01 -2.686742917743585313e+00 -3.900919473919790104e+00 -4.010044118239670219e+00 -2.454386735134610920e+00 3.259661313455353593e+00 8.284816679663760397e-02 3.292666286488910909e+00 -1.763197474445432889e+01 -3.256133123768621740e+00 5.714589088946475659e-01 4.816719911340413773e+00 9.446673746945730699e-01 6.013982644549458634e+00 7.545437048690414983e+00 -3.243966871220964610e-01 9.000938110084798494e-01 -2.529521797001181405e+00 -3.150295291012602750e+00 6.859123744913429022e-01 -2.255796922813831706e+00 5.848106234157326000e+00 4.741021817217134227e-01 5.034223076675390374e+00 -2.490014405637832606e+00 -1.925172134168289528e-01 1.001443107005216326e+00 9.337504082710733400e+00 -5.637124588228926036e+00 -7.697155139004971502e+00 -4.496043494289040932e-01 -1.552231010864830285e+00 5.044306721123533954e+00 -3.687549201367038343e+00 -6.188245820114967266e+00 -3.709888415766747771e-01 3.325587772052459812e+00 -3.349155679140207731e+00 -2.535763493755961662e+00 -2.870494473402927404e+00 -3.309826229034556366e+00 4.572603096609674012e+00 -5.132898276165294149e+00 -8.875672467972430812e-01 -1.291489024643283523e+00 2.832962991257262697e+00 -1.003871677404522433e+00 -5.441651778421931596e+00 4.275836265875256892e+00 2.589838052084782571e+00 -2.879804801949334081e+00 -2.072906065758040484e+00 -9.530616178860287224e-01 3.667471606200954692e+00 5.192178785867406887e+00 -5.784201057363810072e+00 -4.628809585341953969e+00 1.135082795124754185e+01 -5.447196489276885378e-01 4.973923008123653511e-01 5.079891657556431239e-01 -4.685436011446127758e+00 -8.542516955750725227e-01 4.285960559599075181e-01
2.423529411764705799e+02 -5.160119773716855818e-01 -5.897810995463019790e-01 1.435263125346517565e+00 2.581157065126925776e+00 3.324520574337334278e+00 -5.603251779427489976e-02 -7.495551730337940421e-01 -6.643916034620234168e-01 3.295377747257130618e+00 -2.500229622615375291e+00 -3.801611622549130765e+00 5.638525772828456795e+00 -3.373890196445773704e+00 -6.515677674123979024e+00 -4.404258331291149631e+00 -5.953987057063146793e+00 -2.591990062659628613e+00 -5.235861434633461542e+00 -2.756374770203066316e+00 1.274826863680454281e+00 -3.279783065381087770e+00 -2.766499461524650538e+00 -3.528562490107776561e+00 -6.782914803607911214e-01 1.073680705229480559e+00 1.330644252864427113e+00 3.828648060446990242e-02 4.910863776108188361e+00 -2.881296978927901709e+00 -2.561518126227012804e+00 -4.381372862213601671e-01 -1.924556274480539786e+00 1.510913518757953655e+00 2.199873971475151624e+00 5.049388196821110064e+00 -1.486084946565303877e+00 -2.120711566773747503e+00 -1.853014272889572212e+00 -1.565006788087999201e+00 -1.892157153543322590e+00 -5.101557180828848459e-01 5.753678141122517076e+00 -2.817809829035932356e+00 -1.067399780165806111e-01 2.465175404890812771e+00 -1.738553880978983557e+00 8.504868257516475794e-01 -2.288423577347130866e+00 -3.532814467960891935e+00 -3.615628654993894742e+00 -2.207922066892598956e+00 2.818606398137403879e+00 1.923032567296527329e-01 2.853483324940966792e+00 -1.621328179761678001e+01 -2.777507303349415757e+00 4.827871415255709509e-01 4.459410786905432467e+00 8.364415250137210434e-01 5.602537294595440365e+00 6.620816725242202772e+00 -3.178008472806002072e-01 7.713816921424034856e-01 -2.157766790825457637e+00 -2.886454715084298073e+00 4.471756233175266382e-01 -1.919424046271242412e+00 5.009263638401074914e+00 4.290080964844959488e-01 4.739408723688018910e+00 -2.142381825724541500e+00 -2.039672051004962072e-01 7.163096217099147456e-01 8.627447740262791598e+00 -5.060408847349575190e+00 -6.984763659913594047e+00 -4.297642399091040066e-01 -1.407275355554713503e+00 4.745569144534646178e+00 -3.220951939787394025e+00 -5.395769017685258184e+00 -3.573655716565560803e-01 2.803744868067286511e+00 -3.034473948432006463e+00 -2.262542715532633419e+00 -2.691725506906392340e+00 -2.884861348589317753e+00 4.312931674831067319e+00 -4.488138423808921473e+00 -8.782623588107142387e-01 -1.092444663271886496e+00 2.487721805648038575e+00 -8.429085282468445905e-01 -4.751409191191620529e+00 3.586284974830402650e+00 2.299494634233538282e+00 -2.515230359617271372e+00 -1.779619238058862019e+00 -8.458863118459528652e-01 3.214773178315708968e+00 4.897389032752490046e+00 -5.112745743194761161e+00 -4.235954859899590197e+00 1.035125805413475852e+01 -5.981219156889761024e-01 5.550380989365942819e-01 4.237315085142215332e-01 -4.147532736343508830e+00 -7.140965537468820790e-01 2.638121387171674104e-01
2.429411764705882320e+02 -5.091327304621787730e-01 -5.658140441663903619e-01 1.214439898554004582e+00 2.520128984466358357e+00 3.186638409789039450e+00 -1.458764747184426447e-01 -6.544345719435913367e-01 -5.397990765154107029e-01 2.848278925532381045e+00 -2.186735115762472592e+00 -3.358198726140906309e+00 5.005679175912414181e+00 -3.173565004748210683e+00 -5.851772995202665584e+00 -3.761662680253516022e+00 -5.468100819150981451e+00 -2.165690213206675097e+00 -4.622275952002731003e+00 -2.306873382058966637e+00 1.117251809968178078e+00 -3.098293139445769562e+00 -2.672099480787749837e+00 -3.342435105279128571e+00 -6.245609531576745699e-01 1.109013996228119137e+00 1.161364809137428677e+00 -1.145272241726044520e-02 4.567704527395545888e+00 -2.722400499311473876e+00 -2.138588306688654406e+00 -3.743257126046034000e-01 -1.667598722305937642e+00 1.266988920384379158e+00 2.100995510024011637e+00 4.671239188896517014e+00 -1.073859398185883496e+00 -1.877231904277649521e+00 -1.494476905875727457e+00 -1.440842686379021131e+00 -1.658022066656760884e+00 -5.019375616110697269e-01 5.137085215343509148e+00 -2.479156604386159923e+00 -1.502717811506732171e-01 2.180111363379640288e+00 -1.699136383879819467e+00 7.651355730680193812e-01 -1.936581045930041212e+00 -3.180278156469972473e+00 -3.244572005446077156e+00 -1.978634567369014219e+00 2.421934684657173431e+00 2.736614149987259270e-01 2.457241242404107240e+00 -1.485529683180924465e+01 -2.352357604805957347e+00 4.095581702761331155e-01 4.107009356090171259e+00 7.362887978924295140e-01 5.187203330891449582e+00 5.783812855800472441e+00 -3.087854569960058471e-01 6.532695154797553139e-01 -1.831642447201715429e+00 -2.628989491107461163e+00 2.562258129392727124e-01 -1.624823814882961459e+00 4.266961711809906355e+00 3.814707095544589976e-01 4.427357771040765222e+00 -1.835160691339851491e+00 -2.008083355900759925e-01 4.963862929941202373e-01 7.931802912979550868e+00 -4.521807752772661004e+00 -6.302020425419020633e+00 -4.093885878549332613e-01 -1.265838045301322490e+00 4.430176667183766348e+00 -2.806269513114055592e+00 -4.674207025919731251e+00 -3.421966778986045843e-01 2.348950019007342682e+00 -2.733456402321740253e+00 -2.011021104349354882e+00 -2.508383307761711034e+00 -2.509657676612811361e+00 4.035192692033591655e+00 -3.899233798437029108e+00 -8.586422393597459291e-01 -9.187716884335875855e-01 2.177047524293556968e+00 -7.082926100648974099e-01 -4.122606054953510402e+00 2.984665882229078360e+00 2.031956854857307704e+00 -2.194060644071424537e+00 -1.521800480064769978e+00 -7.464647254013972999e-01 2.808224090273891527e+00 4.591307868874689113e+00 -4.499761972103047292e+00 -3.855534008444134741e+00 9.394222396572580180e+00 -6.322804692891929035e-01 5.941107679827010157e-01 3.605030543646473573e-01 -3.660888427943437495e+00 -5.981207320227778235e-01 1.353848976098617485e-01
2.435294117647058840e+02 -4.974652440108227602e-01 -5.450221325596625865e-01 1.025991899378421168e+00 2.450024610953565496e+00 3.050247270656121668e+00 -2.182426140044717022e-01 -5.636125771890255765e-01 -4.383541771142350219e-01 2.451359016224854415e+00 -1.894896723206206168e+00 -2.955285121617181598e+00 4.422465866999573336e+00 -2.962840329010485441e+00 -5.227848573588717684e+00 -3.196222080712322722e+00 -4.994007072657622892e+00 -1.796949703929576980e+00 -4.057006981218703068e+00 -1.917614822764649007e+00 9.745648604976746565e-01 -2.912551820104861910e+00 -2.554729706038277204e+00 -3.135172290954593155e+00 -5.706482477634541306e-01 1.122990846471798587e+00 1.008893926645537453e+00 -4.240526193618898015e-02 4.219858811854198422e+00 -2.552660603697323172e+00 -1.772959362415342355e+00 -3.121017393909454873e-01 -1.433828348708837241e+00 1.053392466225330448e+00 1.987226038665324657e+00 4.293835877175348870e+00 -7.160556091979665139e-01 -1.662164851367279983e+00 -1.190353576930657686e+00 -1.321204318483469642e+00 -1.444508420263752591e+00 -4.884797861401806718e-01 4.565338986173594904e+00 -2.178962360983975000e+00 -1.844452989559844380e-01 1.933982148537734647e+00 -1.636060090989506444e+00 6.786956363501255307e-01 -1.625590321411695127e+00 -2.842760330558506521e+00 -2.895778400764948746e+00 -1.766758265297729613e+00 2.065706574174817955e+00 3.313567080347870619e-01 2.100272306952761792e+00 -1.357218238857907089e+01 -1.974475343639186864e+00 3.509731600996467971e-01 3.762147380404328167e+00 6.415014974279605875e-01 4.772263112366593063e+00 5.028607221029317564e+00 -2.985354033571666066e-01 5.445503114898625485e-01 -1.547550802120944535e+00 -2.379234934393701373e+00 1.063000605039499530e-01 -1.368719641936698928e+00 3.613737058622095599e+00 3.332769147474918259e-01 4.103789195829818048e+00 -1.565517234493500442e+00 -1.849872721973712109e-01 3.364464696525077958e-01 7.258613803055657954e+00 -4.020281008318019822e+00 -5.651659429300707416e+00 -3.917165750443991068e-01 -1.128877364633148694e+00 4.103766904585991249e+00 -2.441798266173583976e+00 -4.018745600867187129e+00 -3.266046711936261837e-01 1.955314304727134411e+00 -2.447609733060430948e+00 -1.780231708154072168e+00 -2.323731552391300248e+00 -2.182236121417083563e+00 3.744840141654862897e+00 -3.362803329950272868e+00 -8.307242645937900072e-01 -7.677804089918499608e-01 1.899547659187123427e+00 -5.976234119823140567e-01 -3.551198566211238639e+00 2.462516731330283815e+00 1.785970638609678085e+00 -1.914873711027656578e+00 -1.296273198148749417e+00 -6.545368547055432362e-01 2.445782600273747498e+00 4.279793283622819189e+00 -3.942383117280848115e+00 -3.489020790465339417e+00 8.481585498266152712e+00 -6.490775058751792059e-01 6.182126012220842126e-01 3.169527747640385473e-01 -3.224149944157819636e+00 -5.040494744053543030e-01 3.900592643645883068e-02
2.441176470588235361e+02 -4.831276084749307476e-01 -5.292476812645637851e-01 8.663365244867673454e-01 2.380052049021899041e+00 2.924076934666574701e+00 -2.774688958357133250e-01 -4.756934911124982568e-01 -3.581612528320183841e-01 2.099954231795397863e+00 -1.623189960294140866e+00 -2.590014310200808190e+00 3.886202756349475429e+00 -2.744718015323899252e+00 -4.642816526953968292e+00 -2.701233720836846874e+00 -4.534845954922966271e+00 -1.479774754708557349e+00 -3.536431717212868975e+00 -1.582275383692567816e+00 8.451961855473163476e-01 -2.730098963662640266e+00 -2.418354652036357244e+00 -2.915294597812036592e+00 -5.180945276388336795e-01 1.121431004210697191e+00 8.715789658152529595e-01 -5.671518656874657838e-02 3.871330156851448656e+00 -2.374524789482575393e+00 -1.458547097491492250e+00 -2.498667017806356638e-01 -1.220223850974786473e+00 8.657774569642766593e-01 1.861795776051252904e+00 3.920174564802715089e+00 -4.022595437048686051e-01 -1.475500180976448306e+00 -9.351002291189696169e-01 -1.207862062770331146e+00 -1.249247106269196772e+00 -4.698047102966927402e-01 4.037073965456794866e+00 -1.916310622387850771e+00 -2.124651613298752795e-01 1.726273310475315625e+00 -1.553119196724246143e+00 5.912719512903734653e-01 -1.350020188511343644e+00 -2.519496181591210693e+00 -2.568040808048395629e+00 -1.572311319356309189e+00 1.745775628132904878e+00 3.695107028537493732e-01 1.778656319500167893e+00 -1.237595545659922713e+01 -1.637758045506721771e+00 3.063216124404783414e-01 3.427016647429570018e+00 5.497183416250566168e-01 4.361332410862699405e+00 4.349025305485961113e+00 -2.881676220900204477e-01 4.438253595561387765e-01 -1.301885418555397189e+00 -2.138040997438908519e+00 -8.793135041409596772e-03 -1.147818139435219820e+00 3.041871485111448337e+00 2.856507008944176862e-01 3.773663042910536891e+00 -1.330547546657565139e+00 -1.579688597037804398e-01 2.317241604453394166e-01 6.614754663724035311e+00 -3.554438181139601305e+00 -5.035274177082698088e+00 -3.794991363651811223e-01 -9.969476651381198318e-01 3.771216446599147787e+00 -2.125556113464176278e+00 -3.423878990489978236e+00 -3.116395827205049596e-01 1.616955393027420529e+00 -2.177843969678846303e+00 -1.569064000043815854e+00 -2.140682407153484679e+00 -1.900471036657517487e+00 3.446620334123480678e+00 -2.874820784864775547e+00 -7.964892449966497479e-01 -6.368602204777258358e-01 1.653637269435942470e+00 -5.087530851831637557e-01 -3.032537415591140206e+00 2.011386983594890765e+00 1.560111686795454977e+00 -1.676114285637560153e+00 -1.099932265673449594e+00 -5.697063657939663850e-01 2.125169439601237720e+00 3.968151657281244304e+00 -3.437349836791234292e+00 -3.137353117806751079e+00 7.614125165307715548e+00 -6.505004280614324896e-01 6.308136807594161288e-01 2.920575337892252210e-01 -2.835679169751765372e+00 -4.298725671151386041e-01 -2.927513898778725046e-02
2.447058823529411882e+02 -4.680360124637102381e-01 -5.201979443685532667e-01 7.322409052205266500e-01 2.318750130338433024e+00 2.816233223465075319e+00 -3.275469098301366233e-01 -3.893151187190324602e-01 -2.975303185745360457e-01 1.789520386063579105e+00 -1.369594188213437702e+00 -2.259482598935529829e+00 3.393710045438613321e+00 -2.521799164169577612e+00 -4.095033410754603587e+00 -2.270009485448784226e+00 -4.092998791585026552e+00 -1.208365005928304869e+00 -3.056583481229052879e+00 -1.294742344782627397e+00 7.276402485333703929e-01 -2.557686901443395389e+00 -2.266654787003408611e+00 -2.690040734608746043e+00 -4.681173831401003183e-01 1.109743502503334867e+00 7.478141654340713096e-01 -5.612095717641393811e-02 3.525409810247591036e+00 -2.190174642646864456e+00 -1.189484689310983612e+00 -1.861090067446481977e-01 -1.023827525146505435e+00 7.000486043759727162e-01 1.727527148926944589e+00 3.552626200586270322e+00 -1.223516191194063130e-01 -1.317100991802496290e+00 -7.233132262202741636e-01 -1.102302743140046060e+00 -1.069938804182550829e+00 -4.461414767920686697e-01 3.550461038988049989e+00 -1.690161462846985208e+00 -2.372272393206696917e-01 1.556576480025924081e+00 -1.453651924180459964e+00 5.027549414585857912e-01 -1.104639298210059239e+00 -2.209445794562292953e+00 -2.259989276815304482e+00 -1.395129362690108232e+00 1.457843287924102338e+00 3.918982756579128535e-01 1.488278579783821609e+00 -1.127671218131276554e+01 -1.336237048488051027e+00 2.750257558579597417e-01 3.103336572090615419e+00 4.588125144736548977e-01 3.957303000439893914e+00 3.738635496227447064e+00 -2.787354963722771806e-01 3.495239489094280616e-01 -1.091116720802057793e+00 -1.905780361793563360e+00 -9.465475555832358889e-02 -9.588923425897147856e-01 2.543573031266630480e+00 2.393404602868077491e-01 3.441114219422334308e+00 -1.127361073552777038e+00 -1.207544491497160311e-01 1.780790176145019554e-01 6.005988772839793377e+00 -3.122536330452734266e+00 -4.453386190812540946e+00 -3.751242813926229380e-01 -8.702313795190109724e-01 3.436575894403670617e+00 -1.855437923649117860e+00 -2.883542656003093452e+00 -2.982858811641947994e-01 1.328118195444777827e+00 -1.924525463359828770e+00 -1.376289455603218359e+00 -1.961777771237450452e+00 -1.662225305265393027e+00 3.144503095982411622e+00 -2.430724706790013734e+00 -7.578363509965025946e-01 -5.235083594412793806e-01 1.437617590575333004e+00 -4.398128107867834702e-01 -2.561477476860809510e+00 1.622977756014362560e+00 1.352790514688127610e+00 -1.476218395298575681e+00 -9.297892557902686095e-01 -4.914612360418650350e-01 1.843969685715624696e+00 3.661106040625364599e+00 -2.981089706849102239e+00 -2.800934758866400198e+00 6.791562348699238250e+00 -6.385399351123326461e-01 6.352162611176882523e-01 2.851511478521918108e-01 -2.493663534747469601e+00 -3.738636802786107216e-01 -7.298696880991763225e-02
2.452941176470588402e+02 -4.539243600492192665e-01 -5.194854626138649678e-01 6.208219919750114224e-01 2.274086096578679328e+00 2.734293478678215372e+00 -3.721471766544745541e-01 -3.031029428112214097e-01 -2.550283635370399482e-01 1.515667360638383920e+00 -1.131645341882114408e+00 -1.960748835052587680e+00 2.941381130599415972e+00 -2.296223468159215297e+00 -3.582310170711346498e+00 -1.895985106462176217e+00 -3.670089587393525754e+00 -9.771776493229635818e-01 -2.613177233130496546e+00 -1.049175514000619147e+00 6.204396426368091744e-01 -2.401387073457605936e+00 -2.102924873630262592e+00 -2.465462348250894831e+00 -4.216659057685789302e-01 1.092931666876318708e+00 6.360358764334341775e-01 -4.194766627034417911e-02 3.184643792440704058e+00 -2.001449507140129480e+00 -9.601793232193153171e-01 -1.193458579024846422e-01 -8.417210486505017908e-01 5.523343145943635513e-01 1.586794924006150076e+00 3.192893274212281085e+00 1.334800993701226179e-01 -1.186796699980118053e+00 -5.498379579773349235e-01 -1.005762661032397309e+00 -9.043229992923041971e-01 -4.178322185371740050e-01 3.103253824569391917e+00 -1.499455852884651774e+00 -2.613767999424715938e-01 1.424690725982027839e+00 -1.340479746572210695e+00 4.128207698340510823e-01 -8.844114502114142073e-01 -1.911249127122566005e+00 -1.970051717230878685e+00 -1.234899911668846828e+00 1.197501364937809676e+00 4.019304966820674285e-01 1.224875686738368996e+00 -1.028287973426064283e+01 -1.064091919182498236e+00 2.566779567596191858e-01 2.792335019785823658e+00 3.667906754253800750e-01 3.562305204881278886e+00 3.190833946195119619e+00 -2.712371071870370853e-01 2.599173924499147414e-01 -9.118623892300719014e-01 -1.682359463799970367e+00 -1.562929546848983442e-01 -7.988505160818959450e-01 2.111125734511715368e+00 1.946970709367605024e-01 3.109412191788227364e+00 -9.531509371717833412e-01 -7.390315338153725933e-02 1.721266268774230834e-01 5.437054824857586510e+00 -2.722487041641366456e+00 -3.905524124126420027e+00 -3.807330235234323013e-01 -7.485708340313232956e-01 3.103030524265243173e+00 -1.629353322421179584e+00 -2.391228238990659172e+00 -2.874727664098135071e-01 1.083271244046717818e+00 -1.687531057191587802e+00 -1.200584662255238078e+00 -1.789185587107267494e+00 -1.465468936577344339e+00 2.841638494960118333e+00 -2.025514754769208281e+00 -7.165510071141991677e-01 -4.253495964204295765e-01 1.249746282288584309e+00 -3.892314146372970463e-01 -2.132472991691168662e+00 1.289249915239726096e+00 1.162260183401734315e+00 -1.313722882603074238e+00 -7.830067104331627226e-01 -4.191919555580086998e-01 1.599723289855670361e+00 3.362785900943531026e+00 -2.569789905027871857e+00 -2.479642974898146779e+00 6.012600744478377557e+00 -6.151065953775455286e-01 6.345345330010354612e-01 2.959464547718056449e-01 -2.196218680372883370e+00 -3.345926364543621023e-01 -9.519173088333943156e-02
2.458823529411764639e+02 -4.423663935640920752e-01 -5.286652132898941314e-01 5.295410051603001156e-01 2.253562484887291717e+00 2.685409122412814487e+00 -4.146492908276273592e-01 -2.156316863335268896e-01 -2.295205152597549758e-01 1.274184091805103058e+00 -9.064822473639532197e-01 -1.690842691033057843e+00 2.525241894160012546e+00 -2.069626857712115520e+00 -3.101930107879605547e+00 -1.572805614981500399e+00 -3.267000361664105235e+00 -7.809726591154371178e-01 -2.201633190451393940e+00 -8.400496789731685121e-01 5.221706608435480179e-01 -2.266707433827499951e+00 -1.929997159900885162e+00 -2.246534128942564656e+00 -3.794731440144217816e-01 1.075614157850929953e+00 5.347176581452474098e-01 -1.510586920448344847e-02 2.850817336312978956e+00 -1.809788290745945050e+00 -7.653508405421024507e-01 -4.807302134553896600e-02 -6.710040055706363304e-01 4.189567819445159658e-01 1.441499194980645049e+00 2.841984026339803293e+00 3.747470472628218752e-01 -1.084467240955005796e+00 -4.098509347602727337e-01 -9.192627742751828812e-01 -7.501515213040759189e-01 -3.852526575468597780e-01 2.692837090077739415e+00 -1.343209146880843585e+00 -2.873655907377690166e-01 1.330713428038405644e+00 -1.215864216657025487e+00 3.209353910294405754e-01 -6.844825615441448852e-01 -1.623195663229747732e+00 -1.696426417181713608e+00 -1.091196963800851627e+00 9.602628684614989973e-01 4.026519766830782276e-01 9.840697725657687744e-01 -9.401485971745433545e+00 -8.156541354093546081e-01 2.510716023871165103e-01 2.494741027366814468e+00 2.717038204879774210e-01 3.177688569075943548e+00 2.698915101971835373e+00 -2.666264152750448813e-01 1.731276388578144865e-01 -7.609440090248862365e-01 -1.467231497651068528e+00 -1.981346822233550076e-01 -6.647916159671261038e-01 1.737009257997236045e+00 1.517420800074831266e-01 2.780943530311256850e+00 -8.052522260874854787e-01 -1.755500384278497333e-02 2.113361972489035123e-01 4.911775261119702307e+00 -2.351871375527945229e+00 -3.390309789191058965e+00 -3.983243294672552670e-01 -6.314990470642172227e-01 2.772883545446422904e+00 -1.445346444099647742e+00 -1.940080682413098279e+00 -2.800868944680812156e-01 8.771806063755489546e-01 -1.466301927906842550e+00 -1.040552029231919473e+00 -1.624708800919343776e+00 -1.308380981417660793e+00 2.540336141043357809e+00 -1.653833890075170121e+00 -6.742844771473897048e-01 -3.401480696545748916e-01 1.088299315265726541e+00 -3.557471488969454754e-01 -1.739657911711652627e+00 1.002502990100186064e+00 9.866251822915426128e-01 -1.187359784652343375e+00 -6.569226465820956484e-01 -3.522073110886838609e-01 1.390003641949318247e+00 3.076735857600092050e+00 -2.199462138188866600e+00 -2.172841348612051693e+00 5.274974873487288107e+00 -5.819650572753179985e-01 6.316875727717520261e-01 3.245510194059872400e-01 -1.941481984686807438e+00 -3.109315425778754749e-01 -9.845674208130604510e-02
2.464705882352941160e+02 -4.347991268435765777e-01 -5.492676012871321456e-01 4.561934005165574346e-01 2.264327354265862624e+00 2.676409496863395798e+00 -4.581747778912033664e-01 -1.253941907321149962e-01 -2.202023316480883619e-01 1.061055376547735740e+00 -6.908862059082292451e-01 -1.446771139889515334e+00 2.140999549561050763e+00 -1.843115416672156393e+00 -2.650673523026142675e+00 -1.294388948355746471e+00 -2.883897952875797088e+00 -6.148410798751056117e-01 -1.817098780774609290e+00 -6.621800488399178786e-01 4.314307489638453119e-01 -2.158715077988142550e+00 -1.750187261887502732e+00 -2.037273744536857389e+00 -3.421051681930505350e-01 1.062058193328593525e+00 4.423655610667091009e-01 2.390408702217860712e-02 2.524954676236860873e+00 -1.616187783037932757e+00 -6.000541899643707655e-01 2.927711561322023093e-02 -5.087754401985566943e-01 2.964006742390398186e-01 1.293049910374539424e+00 2.500202103882560589e+00 6.106828462779174682e-01 -1.010117049872787831e+00 -2.989182120162838241e-01 -8.436445974441554307e-01 -6.051663384811887259e-01 -3.487465675691464595e-01 2.316275736287201514e+00 -1.220593213537379595e+00 -3.175065679745817104e-01 1.275120002104926709e+00 -1.081479488816003309e+00 2.263620391376326701e-01 -5.001613610778534724e-01 -1.343207353455225350e+00 -1.437064943015603946e+00 -9.635149492499918145e-01 7.415820527066414591e-01 3.967499957974635061e-01 7.613918874976063345e-01 -8.638432199713269810e+00 -5.854024658791022739e-01 2.582258648009728152e-01 2.210787982530608708e+00 1.715703604977682761e-01 2.804018846591511238e+00 2.256128364958880805e+00 -2.658264025669096475e-01 8.713108671966703078e-02 -6.354312293312123217e-01 -1.259410677040531112e+00 -2.240485278773485800e-01 -5.540486715301536913e-01 1.413990443930939422e+00 1.102258737103625069e-01 2.457214289669859664e+00 -6.811889378877525880e-01 4.854462482625304665e-02 2.940980219709551924e-01 4.433180486080319227e+00 -2.007960825792002968e+00 -2.905547905146228516e+00 -4.298480011849601934e-01 -5.182691025534886808e-01 2.447558984777783220e+00 -1.301697241460487042e+00 -1.522977955033746778e+00 -2.769866636268291660e-01 7.049630144890510763e-01 -1.259895858662823942e+00 -8.947381081435401562e-01 -1.469804672516685784e+00 -1.189434763490323288e+00 2.242064091531233316e+00 -1.310036346658357109e+00 -6.325436456547840480e-01 -2.658124963723585421e-01 9.516240339133728021e-01 -3.384134740317237822e-01 -1.376911518901589471e+00 7.554278306287336431e-01 8.238502743203131029e-01 -1.096135049768603320e+00 -5.490665718666680739e-01 -2.897478550127400299e-01 1.212484333921390656e+00 2.805940668677605832e+00 -1.865999278427005414e+00 -1.879397228738081349e+00 4.575505245168603352e+00 -5.406846231980054762e-01 6.294030759324599211e-01 3.714768470452637361e-01 -1.727695958205822446e+00 -3.020555415746143391e-01 -8.484021928321251738e-02
2.470588235294117680e+02 -4.325464422596622671e-01 -5.828265621911581373e-01 3.988950634698229525e-01 2.313282153837306954e+00 2.713901149074577912e+00 -5.056208129814115937e-01 -3.077710482379355031e-02 -2.266243745757144379e-01 8.724709130792478451e-01 -4.813132863354067648e-01 -1.225522299040123997e+00 1.784080697575792573e+00 -1.617252972096350883e+00 -2.224845925034654837e+00 -1.054968832450864813e+00 -2.520268246461450090e+00 -4.742177723571789905e-01 -1.454467477331476966e+00 -5.107319829691230328e-01 3.468275846668301132e-01 -2.082158934562187369e+00 -1.565259702152199450e+00 -1.840865986312210989e+00 -3.100061012817393880e-01 1.056221346986649934e+00 3.575133898475162386e-01 7.498332977015484402e-02 2.207330596489017083e+00 -1.421175011272889588e+00 -4.596871457392136540e-01 1.143694237497457494e-01 -3.521181047809459619e-01 1.812808251232900236e-01 1.142360608368933717e+00 2.167148602478798480e+00 8.502773598328268179e-01 -9.639384287756707081e-01 -2.130327874673048627e-01 -7.796053287510674723e-01 -4.670810749166572906e-01 -3.085729130416354771e-01 1.970361497752446844e+00 -1.131006087255852721e+00 -3.540252174977134292e-01 1.258831583154732536e+00 -9.383979545297613800e-01 1.281715263288036588e-01 -3.268951938507167476e-01 -1.068832555939991602e+00 -1.189663347024665585e+00 -8.513009097555530591e-01 5.368640909440619557e-01 3.865727982214697822e-01 5.522950326365170248e-01 -7.998758449477282539e+00 -3.679513898053897725e-01 2.784047840755296543e-01 1.940224377897352914e+00 6.431103990229275480e-02 2.441087452091826204e+00 1.855720004172720206e+00 -2.697432773463406264e-01 -2.419082505065433674e-04 -5.326742529191401676e-01 -1.057486204891059600e+00 -2.373762633842555758e-01 -4.642209721420332835e-01 1.135188045910291654e+00 6.967603130955656032e-02 2.138867506257646323e+00 -5.787103946196631155e-01 1.250199481734780294e-01 4.197636063906456383e-01 4.003641378960572261e+00 -1.687741653974315081e+00 -2.448315325394766706e+00 -4.772849924151923440e-01 -4.078813020638892284e-01 2.127619457499951849e+00 -1.197004267474402806e+00 -1.132593248349283321e+00 -2.790171399251623052e-01 5.621201215310831500e-01 -1.067036088217965917e+00 -7.616490294098449132e-01 -1.325611574946545357e+00 -1.107466458918043850e+00 1.947462850425876413e+00 -9.882407887621140752e-01 -5.926891591043572660e-01 -2.003957359369439584e-01 8.381832524571827259e-01 -3.365994768031497775e-01 -1.037908996099205172e+00 5.411354765480790308e-01 6.717679153081540511e-01 -1.039391919913224660e+00 -4.571677956266483878e-01 -2.309970328548791862e-01 1.064993490540384169e+00 2.552862161087213089e+00 -1.565222341285684271e+00 -1.597701768383283705e+00 3.910156739587838270e+00 -4.926044236753645000e-01 6.302294352952093615e-01 4.376445538658797485e-01 -1.553280010212949147e+00 -3.074388485096866686e-01 -5.588874448620187452e-02
2.476470588235294201e+02 -4.368419058590065074e-01 -6.309021640981444801e-01 3.560660172280947222e-01 2.407182271411368646e+00 2.804358112956384375e+00 -5.596928880033651410e-01 6.995658157911598118e-02 -2.487102936775572037e-01 7.048287616757267227e-01 -2.739210072071585067e-01 -1.024067570935591975e+00 1.449661160701969154e+00 -1.392060912902830516e+00 -1.820310598071949615e+00 -8.491205290200961597e-01 -2.174957067906899244e+00 -3.548817282742038892e-01 -1.108396548762698330e+00 -3.812182781600876869e-01 2.669701341107265091e-01 -2.041588484333145104e+00 -1.376411142849277569e+00 -1.659787867269887585e+00 -2.835390101170152666e-01 1.061798239393387799e+00 2.787184944162742761e-01 1.384220264866699301e-01 1.897492712307940366e+00 -1.224792467709101551e+00 -3.399862579434916321e-01 2.089917023074316649e-01 -1.980862933724719666e-01 7.031032201792135339e-02 9.898505014828127280e-01 1.841735553883219412e+00 1.102316282464345765e+00 -9.463640371232274751e-01 -1.486347430187226204e-01 -7.277312799593362858e-01 -3.335665883967715573e-01 -2.648644541321144019e-01 1.651658091420818986e+00 -1.074130014855973148e+00 -3.991064484238888710e-01 1.283270757344679991e+00 -7.870873799604902743e-01 2.525543482555676900e-02 -1.602436762947438420e-01 -7.972506247271338164e-01 -9.516614400882164038e-01 -7.539847103830699115e-01 3.414670105446218629e-01 3.741545639603233719e-01 3.521592949867385913e-01 -7.486894155949052276e+00 -1.580359743483083224e-01 3.121311142347899525e-01 1.682331646359263910e+00 -5.230423514720088790e-02 2.087932544720810579e+00 1.490963454200587845e+00 -2.792809057215506208e-01 -9.131054497263048353e-02 -4.503268693824117319e-01 -8.596363614127001673e-01 -2.409704643251167344e-01 -3.931971107835224855e-01 8.941153744121700386e-01 2.943670224354632409e-02 1.825713973523191980e+00 -4.958189204603374867e-01 2.128390236023357807e-01 5.886611407553478115e-01 3.625007132902317242e+00 -1.387942379773192014e+00 -2.015049637859971376e+00 -5.427148676829868235e-01 -2.991084729722374158e-01 1.812797094488414862e+00 -1.130250447920756907e+00 -7.614435053735266745e-01 -2.870248861171642574e-01 4.445571010038550930e-01 -8.861570276288728287e-01 -6.397640150025256656e-01 -1.192981496083616921e+00 -1.061728489827816313e+00 1.656372580179509280e+00 -6.823717970695589718e-01 -5.559404291752834126e-01 -1.420902972182858937e-01 7.465911862511799280e-01 -3.499857632484514314e-01 -7.161601309902858592e-01 3.531671466493032652e-01 5.280845185801493757e-01 -1.016859749772647037e+00 -3.791578605659969292e-01 -1.750904906259685978e-01 9.455571582024848709e-01 2.319486362071435437e+00 -1.292919682164459738e+00 -1.325693157711417935e+00 3.274101939256575555e+00 -4.388114937882953703e-01 6.365537684403436147e-01 5.243820926971533014e-01 -1.416891334906387190e+00 -3.268467905309907495e-01 -1.264418092572652808e-02
2.482352941176470722e+02 -4.488498788247446414e-01 -6.950971779729091526e-01 3.264120856852303909e-01 2.552725930673875432e+00 2.954198587521205788e+00 -6.229349777173773806e-01 1.786785916817309472e-01 -2.867692083536541592e-01 5.547338553987767318e-01 -6.458991145897299835e-02 -8.393614451897059014e-01 1.132687835304659663e+00 -1.167028045398883052e+00 -1.432523426821502355e+00 -6.717712336431529430e-01 -1.846214785616667520e+00 -2.529456668114566376e-01 -7.733235463651753072e-01 -2.694856861613823540e-01 1.904614173924319975e-01 -2.041464531186066189e+00 -1.184268227222455394e+00 -1.495930746722520022e+00 -2.630224320851778930e-01 1.082269314144789663e+00 2.045579666064036850e-01 2.148838145220230422e-01 1.594291566859381781e+00 -1.026594079681772076e+00 -2.370127149927993560e-01 3.150724496323148438e-01 -4.369711809960824533e-02 -3.973045167719083115e-02 8.354529768102298970e-01 1.522208135823801989e+00 1.375422089592650776e+00 -9.581083007084556513e-01 -1.026167686135017049e-01 -6.885285237989786644e-01 -2.022401204217874060e-01 -2.175963062407338389e-01 1.356543172126508212e+00 -1.049977252630943436e+00 -4.549362866209554768e-01 1.350404733492253984e+00 -6.274174415309683450e-01 -8.365813119546509913e-02 4.148487227923533527e-03 -5.252852008421458052e-01 -7.202482462186007295e-01 -6.710066504415567179e-01 1.506970818480745378e-01 3.612448491023204089e-01 1.562903799435114427e-01 -7.106884947472896563e+00 4.950527228756489151e-02 3.601951730974797816e-01 1.435946684561542508e+00 -1.806982615788220725e-01 1.742868751245434389e+00 1.155178475388495052e+00 -2.953546652837509834e-01 -1.885492210790010170e-01 -3.863610349555264833e-01 -6.636421635179512446e-01 -2.372361998568526809e-01 -3.391699272641977569e-01 6.847031388757525150e-01 -1.130014478549199418e-02 1.516772518992976382e+00 -4.307896322088084484e-01 3.132873331942641615e-01 8.020887552344035942e-01 3.298742166077474280e+00 -1.105062716780299992e+00 -1.601634666836268206e+00 -6.283703766351885767e-01 -1.905192756209419802e-01 1.502033889322986537e+00 -1.100852203595515055e+00 -4.019257146547217663e-01 -3.018719323345150918e-01 3.485877156081189643e-01 -7.154459128002677026e-01 -5.275467278179188924e-01 -1.072515993858905947e+00 -1.051928000728530099e+00 1.367869859694830437e+00 -3.861904209051844061e-01 -5.233857294185912945e-01 -8.922070529068480693e-02 6.756412955146879895e-01 -3.785562222662758880e-01 -4.050371767783224608e-01 1.854883481392726741e-01 3.903849900048524946e-01 -1.028688753115735155e+00 -3.131679509083567514e-01 -1.211237280435045888e-01 8.524319200738650348e-01 2.107376856486481653e+00 -1.044877888579954339e+00 -1.060881592781918625e+00 2.661787142258622119e+00 -3.801298416041500872e-01 6.506236289642426396e-01 6.334180295348624812e-01 -1.317474265762736074e+00 -3.603242157620061281e-01 4.434183372003276669e-02
2.488235294117646959e+02 -4.696841701070278985e-01 -7.770672668540956618e-01 3.089051361766103621e-01 2.756627564040516454e+00 3.169844612902230185e+00 -6.977559000406328149e-01 2.974002436928863125e-01 -3.415030830585124577e-01 4.189927369156798975e-01 1.510585248115903778e-01 -6.683393146885755476e-01 8.278942359099620285e-01 -9.411287010432324296e-01 -1.056569474790968410e+00 -5.181975182411743264e-01 -1.531742800367495327e+00 -1.648371606932137468e-01 -4.434821248585947839e-01 -1.716929811295903885e-01 1.158929531902865850e-01 -2.086258557288358961e+00 -9.888977070734930042e-01 -1.350716765598307001e+00 -2.487625687722510026e-01 1.120948359801151595e+00 1.336253774037570174e-01 3.053874443337470934e-01 1.295916564997859455e+00 -8.256502571190065254e-01 -1.471302778485318596e-01 4.346909217578051043e-01 1.140745013016891268e-01 -1.520228938958164688e-01 6.786292788615583271e-01 1.206173986627143924e+00 1.678091955983016748e+00 -1.000197622363011574e+00 -7.231802052122038305e-02 -6.624499865052769776e-01 -7.065795121721375749e-02 -1.665629747947537376e-01 1.081246744914691416e+00 -1.058924029222216623e+00 -5.237376614174461542e-01 1.462775419228033336e+00 -4.586739709136494758e-01 -1.999863401809824637e-01 1.705778038282649012e-01 -2.494253618055775057e-01 -4.923728617896132587e-01 -6.018420287915616784e-01 -4.020031838004948371e-02 3.493405163982135631e-01 -4.008650380994940865e-02 -6.862589240486550501e+00 2.597474275679588773e-01 4.236589023127071973e-01 1.199487723440001874e+00 -3.235175162220801370e-01 1.403523582366256184e+00 8.417408318412683554e-01 -3.189040315365920253e-01 -2.945941341227832355e-01 -3.390744681312907183e-01 -4.669004103382118909e-01 -2.281748888759733140e-01 -3.006447446632757314e-01 5.013059040304034264e-01 -5.347051967358068536e-02 1.210317382766437522e+00 -3.821835513282907937e-01 4.279404597935607124e-01 1.062287782782421086e+00 3.026058134138439382e+00 -8.354030564089091060e-01 -1.203482102552921651e+00 -7.366792276948426199e-01 -8.049975637469754253e-02 1.193529051617953751e+00 -1.108692967151335695e+00 -4.634388495431041033e-02 -3.244482314274276802e-01 2.709283954719044485e-01 -5.528803911921909009e-01 -4.234548124384153733e-01 -9.646035697165168399e-01 -1.078251396276301843e+00 1.080311684378826742e+00 -9.331628553909623869e-02 -4.959958607800552532e-01 -4.023380192563516533e-02 6.243265559975511581e-01 -4.225860536995600936e-01 -9.779441595871184167e-02 3.247085556177124049e-02 2.561357208934564866e-01 -1.075471314363816600e+00 -2.575224070991615766e-01 -6.815845615996901641e-02 7.841274834783451553e-01 1.917731786708802177e+00 -8.169054197329381761e-01 -8.003758310421603683e-01 2.067000461367532793e+00 -3.171186944600799529e-01 6.745703076848895696e-01 7.668692374246447452e-01 -1.254297983590685117e+00 -4.081806372755618639e-01 1.149874708147583247e-01
2.494117647058823479e+02 -5.004236195247785401e-01 -8.785245720113735723e-01 3.027623099770908599e-01 3.025672516388785649e+00 3.457761847434762004e+00 -7.864508627030074583e-01 4.282714048102981841e-01 -4.140095723341106204e-01 2.946055549107300942e-01 3.776461410371824701e-01 -5.079132777686569122e-01 5.298111322763655595e-01 -7.128475687858655263e-01 -6.872009178570371857e-01 -3.840123167002943427e-01 -1.228740534187988231e+00 -8.727336401057794735e-02 -1.129183505382622132e-01 -8.428267076677357916e-02 4.184084480569742054e-02 -2.180537974366861143e+00 -7.898264673433913474e-01 -1.225207555625469125e+00 -2.410812305328318972e-01 1.181026619456129190e+00 6.452816956680790250e-02 4.112857981335759638e-01 9.999361784344247273e-01 -6.205604968519744524e-01 -6.697729363917538647e-02 5.700797101317615079e-01 2.782968916853735819e-01 -2.697365503263863262e-01 5.183861099205678835e-01 8.906380088064541622e-01 2.018728648147689597e+00 -1.073989470529441936e+00 -5.550891911026981096e-02 -6.499183846862061076e-01 6.368851944698088186e-02 -1.113624460422722867e-01 8.218859623946807025e-01 -1.101732821341884883e+00 -6.077997008161842851e-01 1.623516108392053292e+00 -2.795794707040712979e-01 -3.252710659072918786e-01 3.433059245222988554e-01 3.414648555173360744e-02 -2.647597519915390607e-01 -5.460224210107750276e-01 -2.360524060584463790e-01 3.397184509205801173e-01 -2.418354258346029351e-01 -6.757839472256240043e+00 4.776942431488895302e-01 5.038552320465367051e-01 9.709821177599570197e-01 -4.836527025297557847e-01 1.066878681353354397e+00 5.440846233879037541e-01 -3.509032672341032000e-01 -4.122496738258001336e-01 -3.070924903043555920e-01 -2.664364758866344940e-01 -2.154287454146284198e-01 -2.764420945192118673e-01 3.386955213815446841e-01 -9.812009158862673719e-02 9.039303919870075310e-01 -3.488551205449135773e-01 5.586355086809705606e-01 1.372397995714788932e+00 2.808037229267031254e+00 -5.750940303839418011e-01 -8.156089690221901556e-01 -8.702932905775421224e-01 3.272648017141975563e-02 8.847912025310576967e-01 -1.154142124282474313e+00 3.130703622786204510e-01 -3.556820483481786810e-01 2.086836702139966415e-01 -3.962621075617491773e-01 -3.259479084203628640e-01 -8.694570460411901180e-01 -1.141375751158999696e+00 7.913844901505442397e-01 2.027564255360116974e-01 -4.746399286697489117e-01 6.312092871612782867e-03 5.918526876284311289e-01 -4.826263540110969918e-01 2.124181477918555827e-01 -1.111339969865376559e-01 1.226863441533470878e-01 -1.158250363380914250e+00 -2.107293136977701764e-01 -1.522801154504697420e-02 7.394201209527778706e-01 1.751441664415392729e+00 -6.048497687372456078e-01 -5.409109422366594755e-01 1.482941932875850188e+00 -2.500781946096354846e-01 7.104318729104609487e-01 9.272227651014048888e-01 -1.226983087895596958e+00 -4.709723608319411059e-01 1.996557124040820030e-01
2.500000000000000000e+02 -5.421241042494079343e-01 -1.001234515929409152e+00 3.074245856407562538e-01 3.366750659319010630e+00 3.824477187157664826e+00 -8.912173283029056758e-01 5.735735674378654725e-01 -5.057805031533182394e-01 1.787564500988027549e-01 6.200226018767472924e-01 -3.549666267279382725e-01 2.327742333142674702e-01 -4.802101680524339944e-01 -3.188766704448859346e-01 -2.651438464014312379e-01 -9.339520421133332695e-01 -1.723133367152949319e-02 2.244912823622734754e-01 -3.948438107373558256e-03 -3.313642382034891198e-02 -2.329034757175698189e+00 -5.860696295035145997e-01 -1.120203551022547206e+00 -2.403396944087315412e-01 1.265611166543448185e+00 -4.114071180214905893e-03 5.342421876708816075e-01 7.033412589027080442e-01 -4.094725204148890185e-01 6.565259637860583301e-03 7.236199214978042971e-01 4.520783132373230040e-01 -3.960518145053474326e-01 3.532964461143012214e-01 5.720417128187791356e-01 2.405660835341267401e+00 -1.181180340210516544e+00 -5.036923678950346733e-02 -6.513446330503658288e-01 2.033730999520798055e-01 -5.138612164218102352e-02 5.744967673756823379e-01 -1.179563196511031586e+00 -7.094999888388661136e-01 1.836354033162077126e+00 -8.831898168891687273e-02 -4.611558863026119504e-01 5.265796461083730451e-01 3.295202687370482053e-01 -3.392821818415380636e-02 -5.031535292062739861e-01 -4.417710719029090405e-01 3.334676811839970001e-01 -4.539189750248283639e-01 -6.796564612814390394e+00 7.082893980334789008e-01 6.023827016307723436e-01 7.480955210905819719e-01 -6.642490799775147003e-01 7.293153491223424156e-01 2.556993418256500172e-01 -3.923696830453634599e-01 -5.444932939509896652e-01 -2.893652879351835128e-01 -5.891738982958527604e-02 -2.003245267763897053e-01 -2.656960457899490424e-01 1.920447863634041352e-01 -1.463905154633417249e-01 5.945567426873017425e-01 -3.299551085120431826e-01 7.074407326597852430e-01 1.736396050304335414e+00 2.645744026111193747e+00 -3.201260891097225669e-01 -4.327112324888651163e-01 -1.032105306846347270e+00 1.510789170340500476e-01 5.726942064011801836e-01 -1.238060110048864848e+00 6.841402291248753764e-01 -3.965477618746033883e-01 1.593251979644409733e-01 -2.432467990687406934e-01 -2.334945649805092449e-01 -7.871494666550176156e-01 -1.242467678403138542e+00 4.981568555018383582e-01 5.086462643458669053e-01 -4.601019960363657568e-01 5.175831929242719065e-02 5.776449142148756266e-01 -5.594853696100564600e-01 5.325440107647867460e-01 -2.502273398709939367e-01 -1.272911271032197734e-02 -1.278515648430027962e+00 -1.714690762358456744e-01 3.865776043913002336e-02 7.173578189707242592e-01 1.609146063580937591e+00 -4.046095305365954853e-01 -2.788774818044862935e-01 9.022960639296249141e-01 -1.790610557520165014e-01 7.601743053501268665e-01 1.117311432254191272e+00 -1.235516942956725428e+00 -5.494816815494740769e-01 2.991256809154052010e-01
2.505882352941176521e+02 -5.958266049629172834e-01 -1.147005813148709974e+00 3.225348546742741185e-01 3.786866781372390189e+00 4.276572802605110191e+00 -1.014164677756054012e+00 7.357072064432237379e-01 -6.186960349446916085e-01 6.880311346472363365e-02 8.832485387800227405e-01 -2.063472900727390813e-01 -6.906941460333930471e-02 -2.408179816195027412e-01 5.419638951117022874e-02 -1.578085243438877849e-01 -6.437116949639476449e-01 4.808433775685176659e-02 5.750190208947042469e-01 7.239993790322520051e-02 -1.104984737390594662e-01 -2.536695575734233987e+00 -3.761649804242191975e-01 -1.036332904757072848e+00 -2.469586016049113986e-01 1.377755748192808660e+00 -7.367037796233770475e-02 6.762037719981774941e-01 4.025906609829768001e-01 -1.901069178194146891e-01 7.640803410477110813e-02 8.978291664293002183e-01 6.385590675293667529e-01 -5.341781888191298178e-01 1.815228386982045417e-01 2.463063979357024147e-01 2.847149809378120899e+00 -1.323802670690536365e+00 -5.546142780363751829e-02 -6.671413978176088388e-01 3.510315202844213056e-01 1.418649567296561935e-02 3.350625267106124849e-01 -1.293971312067369706e+00 -8.313193255667936654e-01 2.105598373446233129e+00 1.174295209199565093e-01 -6.093607248494165018e-01 7.246458083188347388e-01 6.410180656107121733e-01 2.037844433413045497e-01 -4.729294361664120316e-01 -6.623634509677578386e-01 3.315197613811355914e-01 -6.814060817633599276e-01 -6.982871031533910866e+00 9.564225234769496709e-01 7.210952021701290127e-01 5.281614415937772034e-01 -8.687068824978569914e-01 3.866628437722844924e-01 -2.987622818466188421e-02 -4.443689885132270923e-01 -6.944776967964725323e-01 -2.851614571642737683e-01 1.593342294826740335e-01 -1.839155653571580007e-01 -2.678489539002301134e-01 5.690412678078692749e-02 -1.995092356643791698e-01 2.785630512391640279e-01 -3.249296410788090061e-01 8.766228971044380813e-01 2.159018399225974161e+00 2.540322966679894545e+00 -6.637902518488771053e-02 -4.923398098798938138e-02 -1.225253332478943635e+00 2.766010894777571893e-01 2.535353216328882220e-01 -1.361790640637227101e+00 1.074726406991605820e+00 -4.480706848653621677e-01 1.206662181971777936e-01 -9.137131661736758170e-02 -1.445782959617825103e-01 -7.176475355662227384e-01 -1.383170297354140210e+00 1.971348523434399980e-01 8.310726631302430834e-01 -4.530974987304007273e-01 9.735665476044186306e-02 5.813487021547680822e-01 -6.542064715758567628e-01 8.696098023078943084e-01 -3.893972998340242131e-01 -1.529910772363589078e-01 -1.438188007972089455e+00 -1.385816682700473645e-01 9.450781585097531301e-02 7.172578748418343420e-01 1.491286905229828097e+00 -2.121424500587020257e-01 -1.035221644471830300e-02 3.173069572503776636e-01 -1.038888143927364088e-01 8.257093481938531099e-01 1.340282732755007533e+00 -1.280258292536744502e+00 -6.446932394995433802e-01 4.145610013134482519e-01
2.511764705882353041e+02 -6.625611322293339933e-01 -1.317673926079823810e+00 3.479156569301724566e-01 4.293126897691964317e+00 4.820655899405728029e+00 -1.157317408735741848e+00 9.171735580197084570e-01 -7.550143164508205107e-01 -3.773365984333926920e-02 1.172575601821566949e+00 -5.886085661445637773e-02 -3.817545734018471526e-01 8.112518332952076486e-03 4.380199706780957269e-01 -5.847990925958339997e-02 -3.539884681224675367e-01 1.112750036808021203e-01 9.450610130993002400e-01 1.476725180669135329e-01 -1.917217309321119778e-01 -2.808711975129082994e+00 -1.582123659998371790e-01 -9.741292170821300722e-01 -2.614340753033819187e-01 1.520482892492960980e+00 -1.454980057987432518e-01 8.393718820503274225e-01 9.365853686601924299e-02 4.021344755572293928e-02 1.452883186213434763e-01 1.095342568664734895e+00 8.408988075363038606e-01 -6.873673637745103537e-01 8.428052351914998123e-04 -9.112042484435722844e-02 3.351380507154368971e+00 -1.504210901196086247e+00 -6.970087768386305782e-02 -6.977317197805653626e-01 5.093543869374203004e-01 8.638923435815991370e-02 9.954034750638388052e-02 -1.446898456756457785e+00 -9.758486955860963263e-01 2.436113053259146177e+00 3.404606801594250443e-01 -7.716541957690289388e-01 9.417600006519630806e-01 9.731483889451774116e-01 4.521962201717195096e-01 -4.551432214177955626e-01 -9.029391183804075238e-01 3.346765605452920456e-01 -9.294765088958202304e-01 -7.321080671518096494e+00 1.226928760241092764e+00 8.620867147275982356e-01 3.082109734627438424e-01 -1.100672004410684801e+00 3.424945078241509872e-02 -3.190612117447605978e-01 -5.080174062743181285e-01 -8.655291990199868168e-01 -2.940586207484536807e-01 3.923246005121053259e-01 -1.670213105645284302e-01 -2.826433669222929712e-01 -7.082602783082322939e-02 -2.587816420444896126e-01 -4.820294913469177350e-02 -3.335160303084097611e-01 1.068611945817131259e+00 2.645669613392325203e+00 2.493079595759609468e+00 1.903483215227829151e-01 3.405611995258031599e-01 -1.453113208532157641e+00 4.114412917209204767e-01 -7.690485465701409062e-02 -1.527140598528756277e+00 1.492707165996376206e+00 -5.113285824534483659e-01 9.083311817867613380e-02 6.192181080514330693e-02 -5.770313230888563655e-02 -6.608416860200658771e-01 -1.565578784924847700e+00 -1.156807795003385320e-01 1.176842420026022795e+00 -4.542885074591601069e-01 1.442791691885444150e-01 6.028250025352954733e-01 -7.680429100230948825e-01 1.230712788306988159e+00 -5.329534526603572075e-01 -3.010925377835245165e-01 -1.639592380534068861e+00 -1.110531606999834026e-01 1.533450833315259387e-01 7.386977201794874270e-01 1.398156921173382639e+00 -2.347068093092419261e-02 2.688692896419156986e-01 -2.801434665007441205e-01 -2.417153541865101757e-02 9.089080184294575648e-01 1.599560740728474206e+00 -1.361931255690011833e+00 -7.577675630970945875e-01 5.474756049032010186e-01
2.517647058823529278e+02 -7.433464116097169283e-01 -1.515078166684572736e+00 3.835466684762983136e-01 4.892699900588467266e+00 5.463304374243257655e+00 -1.322611729999637165e+00 1.120550875236787203e+00 -9.173563375528346331e-01 -1.431796710628569502e-01 1.493421743086968512e+00 9.073607729734689542e-02 -7.114885770541632404e-01 2.697072808252307663e-01 8.387580552836330083e-01 3.614444236803315835e-02 -6.042928361171684415e-02 1.747811286738557013e-01 1.341107139521951375e+00 2.246344898724226824e-01 -2.782962135149610328e-01 -3.150529564328001797e+00 7.008290033287094267e-02 -9.340977642094967504e-01 -2.843502053429803889e-01 1.696796035596958907e+00 -2.209406963229327281e-01 1.026168902367225799e+00 -2.279165872239817536e-01 2.845296155315351627e-01 2.158043686692324159e-01 1.318886929624742077e+00 1.062258790090443217e+00 -8.589203784705414790e-01 -1.913237568416074064e-01 -4.452152158038992225e-01 3.926435073228324857e+00 -1.725056718316898108e+00 -9.232442020339547140e-02 -7.435527577871789973e-01 6.810761540619288956e-01 1.664674194814603769e-01 -1.361141643614295627e-01 -1.640648707858044064e+00 -1.145788152511792557e+00 2.833274036046674826e+00 5.840033641862488745e-01 -9.498237035552603569e-01 1.182188083788020094e+00 1.330554993590945534e+00 7.152500059458087867e-01 -4.496939775362326364e-01 -1.168712095290308284e+00 3.436348215724414623e-01 -1.203420196885903071e+00 -7.815726767877335668e+00 1.524580812754601888e+00 1.027670814759025220e+00 8.500265033652680546e-02 -1.364017077144329848e+00 -3.330438988770758058e-01 -6.182387440062039330e-01 -5.844802716874285542e-01 -1.061141180550552843e+00 -3.159316922200882116e-01 6.443705602079077277e-01 -1.502638629188159380e-01 -3.101116155545544095e-01 -1.949247890507624092e-01 -3.255844901371092726e-01 -3.903511285648845197e-01 -3.557358899949559783e-01 1.285962528316764830e+00 3.202316887760588759e+00 2.505544325160479868e+00 4.543076855105640521e-01 7.425305562903418144e-01 -1.719279220712911505e+00 5.578324315743570239e-01 -4.233007521417605501e-01 -1.736348368099340567e+00 1.945953238794770890e+00 -5.874496468650033387e-01 6.823553845733532075e-02 2.192614760291093368e-01 2.860098024108021636e-02 -6.165722573542133933e-01 -1.792205017419468804e+00 -4.447356141392969642e-01 1.552832099392981169e+00 -4.642971110179968108e-01 1.936266952047948908e-01 6.421404550739695516e-01 -9.024292816292842634e-01 1.623003790841235805e+00 -6.849589652842188459e-01 -4.601355401267229195e-01 -1.885419927372567139e+00 -8.800207328161706311e-02 2.162011650256729922e-01 7.814997311551793446e-01 1.329942113618367783e+00 1.653153999981255007e-01 5.632375780390114217e-01 -8.984532815991075339e-01 6.066994953395093287e-02 1.011608926439086176e+00 1.898800580493086088e+00 -1.481609299954073533e+00 -8.900118155757782423e-01 6.996971420802928776e-01
2.523529411764705799e+02 -8.391853513616421845e-01 -1.741032896862130475e+00 4.295419649879676505e-01 5.592754549603382586e+00 6.210988966033881731e+00 -1.511885807019232031e+00 1.348465245212084218e+00 -1.108685472658387905e+00 -2.497156582855643014e-01 1.851340201282283271e+00 2.457414572825816490e-01 -1.064637866932547361e+00 5.473886677199059081e-01 1.262686827246173538e+00 1.291765487813609226e-01 2.415981473504732469e-01 2.409139091026144541e-01 1.769704244905778712e+00 3.059394923340850170e-01 -3.717202823518994670e-01 -3.567835591898982806e+00 3.113632523925179418e-01 -9.167702677104094811e-01 -3.163879972782127625e-01 1.909681330695236268e+00 -3.013254279346374020e-01 1.239201370394900525e+00 -5.669806477232494091e-01 5.462084413981096453e-01 2.904478374110927019e-01 1.571248359747240197e+00 1.305778905784392707e+00 -1.052188213033588671e+00 -3.978849980588414770e-01 -8.213248885283129797e-01 4.580247823597226819e+00 -1.989253787965190590e+00 -1.228581440031353000e-01 -8.050547890615742386e-01 8.689599161978391884e-01 2.558731641541400204e-01 -3.759228210232116729e-01 -1.877856059779591469e+00 -1.343937456837482003e+00 3.302910467086470625e+00 8.516781791846732563e-01 -1.145643383244671520e+00 1.450199713397517742e+00 1.717960252514529884e+00 9.969793419122325862e-01 -4.565902586900433824e-01 -1.464996022820009847e+00 3.590071218518492424e-01 -1.508629821969882601e+00 -8.471508230259425787e+00 1.854072588674561484e+00 1.220354693471861873e+00 -1.449473296920033849e-01 -1.662812875101890464e+00 -7.207269796663524630e-01 -9.337589083682145130e-01 -6.749669169947758451e-01 -1.284961587612008405e+00 -3.509391931750195370e-01 9.200776311787594031e-01 -1.341011435915126782e-01 -3.505634447128462838e-01 -3.188802436549788566e-01 -4.013596205149761453e-01 -7.528858669537448201e-01 -3.918858541166550524e-01 1.531312010695800918e+00 3.835371144311678027e+00 2.579517530042108042e+00 7.297697206833484440e-01 1.162583093220989072e+00 -2.027533186085271222e+00 7.180704151928241075e-01 -7.907182151875825626e-01 -1.992041015987590313e+00 2.442295163140542513e+00 -6.776067859839306484e-01 5.153615621371671063e-02 3.833259813299165208e-01 1.157726205968369476e-01 -5.846514368462522038e-01 -2.065931549455009453e+00 -7.948604765414312157e-01 1.965964137635001885e+00 -4.837163793787859767e-01 2.464355644636502529e-01 6.995529958305476415e-01 -1.058949693657976976e+00 2.053663216307364703e+00 -8.492585630091656901e-01 -6.333251977927304432e-01 -2.178679476992731789e+00 -6.866591944476539700e-02 2.841102732901121808e-01 8.457106732907194724e-01 1.286757343141069931e+00 3.580535300139827126e-01 8.774110088446073208e-01 -1.546213434873853432e+00 1.513799419618716002e-01 1.135620817016712136e+00 2.241835269298009692e+00 -1.640689308835679094e+00 -1.042847744409189703e+00 8.733279493202240618e-01
2.529411764705882320e+02 -9.510564548358619863e-01 -1.997293297861775230e+00 4.861270813277795977e-01 6.400372855380227932e+00 7.069973382165619213e+00 -1.726863868067195495e+00 1.603556249314451732e+00 -1.332281219699027019e+00 -3.593838001987691988e-01 2.251980880697530552e+00 4.095114089877370800e-01 -1.447708670217518367e+00 8.448260792778153894e-01 1.716140151269189840e+00 2.235705594007153241e-01 5.569622811424490560e-01 3.118843353916414540e-01 2.237411934585935569e+00 3.941598696513750610e-01 -4.734932390879408315e-01 -4.066524789057333500e+00 5.685691709502168623e-01 -9.227482334607332026e-01 -3.583308894088260699e-01 2.162098544643728193e+00 -3.879575088157892759e-01 1.481218960796544248e+00 -9.287103382414304553e-01 8.289002790734937287e-01 3.716332514134973453e-01 1.855233513378066190e+00 1.574549485708933716e+00 -1.270565325367803755e+00 -6.220451120000096701e-01 -1.225109165232869834e+00 5.320541485189581365e+00 -2.299932312410074786e+00 -1.610852345561834265e-01 -8.826957603583895917e-01 1.075777862146528818e+00 3.562580134702256207e-01 -6.238606629401396431e-01 -2.161441167875249203e+00 -1.573178361890393839e+00 3.851229617472017974e+00 1.147450647955659875e+00 -1.360840106130950966e+00 1.750053388928797693e+00 2.140103151405261528e+00 1.301470127296536550e+00 -4.759500582547062653e-01 -1.797191141032524753e+00 3.813389773974713015e-01 -1.850585128369979238e+00 -9.293204768994890230e+00 2.219994232017619140e+00 1.442807534190512664e+00 -3.853341115774349679e-01 -2.001290192164727699e+00 -1.134640150190604935e+00 -1.271936698829019941e+00 -7.807217607787771962e-01 -1.540773708800502462e+00 -3.995078458729128257e-01 1.224313306403508106e+00 -1.188565682397377532e-01 -4.045718478088265457e-01 -4.459171235345949502e-01 -4.876071048687817266e-01 -1.141140708518529445e+00 -4.425260797779608235e-01 1.807334781483996844e+00 4.551555444850788668e+00 2.717095597382668259e+00 1.020990537367179485e+00 1.606615104920292358e+00 -2.381802380035017652e+00 8.944906079336504279e-01 -1.184548478536312732e+00 -2.297180940101722246e+00 2.989481332690919757e+00 -7.830081395735986050e-01 3.962104751328574676e-02 5.568211602193877674e-01 2.052128942031845593e-01 -5.648807887763627189e-01 -2.389955393364031622e+00 -1.171207923886562030e+00 2.423174870873314735e+00 -5.131184974992624159e-01 3.036823932659432068e-01 7.754932401498438876e-01 -1.239302612860849750e+00 2.529868567013919378e+00 -1.029500893729826672e+00 -8.239603899268611586e-01 -2.522638872764960460e+00 -5.238826948425193142e-02 3.581021862416466361e-01 9.315764194880393756e-01 1.268674556339948856e+00 5.585049348016493109e-01 1.216213618522640871e+00 -2.232114995936979707e+00 2.488424784269387680e-01 1.282719072049868014e+00 2.632614685169201163e+00 -1.840856452338698546e+00 -1.217776886164593009e+00 1.070703454701286139e+00
2.535294117647058840e+02 -1.079901511413781545e+00 -2.285516864479792964e+00 5.536159187650906421e-01 7.322441854145010254e+00 8.046195275538005731e+00 -1.969135040243085388e+00 1.888437769809854005e+00 -1.591706760904619156e+00 -4.740920969085501424e-01 2.701043465308050173e+00 5.854612677054576997e-01 -1.867320581567475379e+00 1.165883348160556832e+00 2.205450169289576934e+00 3.221530926020396146e-01 8.907238566488963061e-01 3.898288749547956789e-01 2.750750257513296049e+00 4.918129682390023905e-01 -5.851057776878303418e-01 -4.652644073807475245e+00 8.448869718958117447e-01 -9.527352493195743177e-01 -4.110669032507782705e-01 2.456961580118361521e+00 -4.821139782918434924e-01 1.755069426870706328e+00 -1.318556451992859646e+00 1.136492534765846552e+00 4.617237120859410959e-01 2.173625231606751473e+00 1.871578189786496704e+00 -1.517475946549651233e+00 -8.672696509348730709e-01 -1.662478484748976637e+00 6.154745612027446633e+00 -2.660383831646401021e+00 -2.070144013947382566e-01 -9.769318049681122718e-01 1.304287469778043773e+00 4.694630282665688270e-01 -8.838310333143608588e-01 -2.494558347303121426e+00 -1.836448864663328795e+00 4.484725995403364252e+00 1.475579882907211760e+00 -1.597058018459848405e+00 2.085972798122950778e+00 2.601672518203934192e+00 1.632818247561419023e+00 -5.079974363363517487e-01 -2.170762207625570372e+00 4.111220843898036326e-01 -2.234828249970651104e+00 -1.028555684375884027e+01 2.626798355470444601e+00 1.697823281330612222e+00 -6.400320543649367089e-01 -2.383792644767214863e+00 -1.580890365753267801e+00 -1.639043637368036377e+00 -9.030116831925089071e-01 -1.832469667222440091e+00 -4.623155711401041312e-01 1.562174728439949645e+00 -1.047451596068133817e-01 -4.729572268518544287e-01 -5.790214641254631811e-01 -5.858771623817325969e-01 -1.560710403286789782e+00 -5.084666254716512235e-01 2.116693062856741747e+00 5.357762201562126236e+00 2.920677811335053775e+00 1.332176079616818276e+00 2.080443777564245256e+00 -2.786107004958171096e+00 1.089442078026038763e+00 -1.610439400596926696e+00 -2.655002710283193235e+00 3.595125722060752427e+00 -9.048839549000401439e-01 3.157130186868466887e-02 7.424580516802029573e-01 2.982788263809044160e-01 -5.570643804870208937e-01 -2.767722321158892829e+00 -1.579185951190438697e+00 2.931373318337218592e+00 -5.530598666275219344e-01 3.662867968421301135e-01 8.705420902829080765e-01 -1.445262587697456969e+00 3.058752118304097767e+00 -1.229154341546726981e+00 -1.035420521026146901e+00 -2.920757051026889872e+00 -3.860652548465349360e-02 4.391940910807735077e-01 1.039512584304448373e+00 1.275743435770964718e+00 7.703478260928195986e-01 1.584588705866940339e+00 -2.964850561960489905e+00 3.540550859269516737e-01 1.454636134302172978e+00 3.075137242325716613e+00 -2.084040189943844101e+00 -1.416343308784764554e+00 1.294347945762136964e+00
2.541176470588235361e+02 -1.226609905902285247e+00 -2.607220951956005894e+00 6.323875017580568025e-01 8.365525611183951327e+00 9.145130317019960486e+00 -2.240127419751663407e+00 2.205654351593309137e+00 -1.890769720601112036e+00 -5.956162964495027579e-01 3.204221421908622691e+00 7.770630759357286532e-01 -2.330171489012431429e+00 1.514562562190809425e+00 2.736882228226444891e+00 4.276502292005799344e-01 1.248089991809450794e+00 4.768310342314365791e-01 3.316138785369814102e+00 6.013826400246519155e-01 -7.080281526612944853e-01 -5.332316714365760824e+00 1.143693983592559249e+00 -1.007558701834803117e+00 -4.755874557687813087e-01 2.797108715750789898e+00 -5.850351863704368327e-01 2.063649164534873570e+00 -1.742183235314581191e+00 1.473058724143494480e+00 5.630520145472964755e-01 2.529132930198628948e+00 2.199752068459352117e+00 -1.796352738325180720e+00 -1.137247499195471079e+00 -2.139526614463837184e+00 7.089897743686147891e+00 -3.073997038499598045e+00 -2.608491581910647450e-01 -1.088204177966716202e+00 1.557203293060531291e+00 5.975061735672365648e-01 -1.159639036104324727e+00 -2.880533139412231325e+00 -2.136709546820269257e+00 5.210074748013103552e+00 1.840562114474404209e+00 -1.855821773471252767e+00 2.462114345299789786e+00 3.107235246825091224e+00 1.995082895236436116e+00 -5.530559399376588914e-01 -2.591206301467062989e+00 4.488037524456329197e-01 -2.666928968743509820e+00 -1.145311417053734715e+01 3.078757748444389541e+00 1.988277638048313367e+00 -9.130606443399094108e-01 -2.814720316382131937e+00 -2.065782333644285984e+00 -2.041291431897116926e+00 -1.043109743072179185e+00 -2.164016114315969297e+00 -5.402728728551664528e-01 1.938949669421015098e+00 -9.189622962279099527e-02 -5.567697783738695394e-01 -7.209611447522615846e-01 -6.977601630582815906e-01 -2.017379425861431930e+00 -5.907516362256294284e-01 2.461984203551668138e+00 6.260899463590778424e+00 3.192954420236560065e+00 1.667443683662634069e+00 2.589738665538721563e+00 -3.244497606594802352e+00 1.305259220072690240e+00 -2.074222982871091414e+00 -3.068940546187780782e+00 4.266644306945989840e+00 -1.044469876527359231e+00 2.663639327664180448e-02 9.429293715749453852e-01 3.962759006804416617e-01 -5.610176616697788443e-01 -3.202851910117173073e+00 -2.024388017081450997e+00 3.497389495129341608e+00 -6.040830691575420630e-01 4.351119810107491048e-01 9.854049057572286108e-01 -1.678638957691788169e+00 3.647347716857257893e+00 -1.451515474358386237e+00 -1.271147515555323793e+00 -3.376607165605694405e+00 -2.684058448955584097e-02 5.283811589096130135e-01 1.170071638707796291e+00 1.308004636024971967e+00 9.971679894007886569e-01 1.987547323660325382e+00 -3.753009002290213836e+00 4.681018854513530059e-01 1.653045964195807960e+00 3.573374272271413687e+00 -2.372362268457276269e+00 -1.640093984899372526e+00 1.546927417684984762e+00
2.547058823529411882e+02 -1.391999970525914954e+00 -2.963737807084604103e+00 7.228626219064770986e-01 9.535720330242963172e+00 1.037164305685481125e+01 -2.541078401966509581e+00 2.557633636055250737e+00 -2.233475747119785471e+00 -7.255992917554477950e-01 3.767136440522069751e+00 9.878388626831664521e-01 -2.842992928856645563e+00 1.894944260573009132e+00 3.316563874215714858e+00 5.427102976243973753e-01 1.634365432052879319e+00 5.749382899248203227e-01 3.939826779129748324e+00 7.253353469132706177e-01 -8.436961116441850095e-01 -6.111647187692440752e+00 1.468501152950834054e+00 -1.088181403509232759e+00 -5.529828419684960084e-01 3.185263442175899407e+00 -6.979145817238451288e-01 2.409849545174552521e+00 -2.205403242600579183e+00 1.842802896051284334e+00 6.779366582860290036e-01 2.924338391751755140e+00 2.561795291686753018e+00 -2.110607939835131397e+00 -1.435849059688153684e+00 -2.662457389714608436e+00 8.132529571139263780e+00 -3.544185052967252503e+00 -3.229581238389073738e-01 -1.216923122423829051e+00 1.837164545377393265e+00 7.425668205007179834e-01 -1.454962882975819660e+00 -3.322791133690608856e+00 -2.476902368222263728e+00 6.034010052352532405e+00 2.247068797725869871e+00 -2.138499169038510228e+00 2.882526018312110860e+00 3.661160359084115079e+00 2.392235500415780258e+00 -6.115389839916256509e-01 -3.064010109361350764e+00 4.947927195951108970e-01 -3.152439368827685051e+00 -1.280005752592056112e+01 3.579914888336347634e+00 2.317079493695662240e+00 -1.208547857466061970e+00 -3.298464772805023149e+00 -2.595744240748045328e+00 -2.484806725637448643e+00 -1.202275453987626808e+00 -2.539411874496918742e+00 -6.345024806334299550e-01 2.360069929113044029e+00 -8.037277347612988010e-02 -6.572699756977098406e-01 -8.743016567024307628e-01 -8.248742782098229531e-01 -2.517046301900591310e+00 -6.906412104564242371e-01 2.845684793571431115e+00 7.267728074606528033e+00 3.536876360141281594e+00 2.030780545634669476e+00 3.139950889859126626e+00 -3.760983349159155775e+00 1.544230684767649020e+00 -2.581838600676629625e+00 -3.542547246821801554e+00 5.011179832725792593e+00 -1.202986906134893896e+00 2.420961118114708932e-02 1.160884312542236563e+00 5.004496353174180401e-01 -5.765723665910124085e-01 -3.699054251782121661e+00 -2.512518831606192382e+00 4.127911660743519562e+00 -6.667157056165792239e-01 5.109632267397312688e-01 1.120882610578259886e+00 -1.941231697192147498e+00 4.302526082263306684e+00 -1.699709777393112020e+00 -1.534622630712193958e+00 -3.893791675075521486e+00 -1.668246613879116255e-02 6.266258167299181281e-01 1.323907011764196007e+00 1.365495781671481668e+00 1.242445803230741719e+00 2.430111367225829433e+00 -4.604963404857699949e+00 5.921262491265235628e-01 1.879542908682954483e+00 4.131187819094154889e+00 -2.708076980087116059e+00 -1.890537135685318448e+00 1.831199315624381541e+00
2.552941176470588402e+02 -1.576798014306086460e+00 -3.356167773894995321e+00 8.254804302917390091e-01 1.083849574680090733e+01 1.172982787089823731e+01 -2.873002121618072113e+00 2.946635359001252397e+00 -2.623974512178276264e+00 -8.655479442214847330e-01 4.395263520874834740e+00 1.221348977086225807e+00 -3.412495011923525112e+00 2.311123893993823675e+00 3.950407681329549892e+00 6.699217319468618870e-01 2.054900017039995141e+00 6.861739453009499945e-01 4.627814557088415270e+00 8.661303754917251130e-01 -9.934946138281157690e-01 -6.996608191282319922e+00 1.822893072418117377e+00 -1.195703647324865448e+00 -6.444343599495551134e-01 3.623986655719286354e+00 -8.218867228375533740e-01 2.796499192604978479e+00 -2.714106725183071500e+00 2.249999265955646255e+00 8.086922257661316449e-01 3.361637809595702908e+00 2.960223064644941005e+00 -2.463596973020466319e+00 -1.767080097480622669e+00 -3.237505126290104229e+00 9.288539771449638494e+00 -4.074305217121993117e+00 -3.938463267821837310e-01 -1.363449284341354817e+00 2.146698631602385721e+00 9.069670526135134025e-01 -1.773322709515978035e+00 -3.824778598246762584e+00 -2.859902460715598504e+00 6.963189507004821976e+00 2.699878811997070027e+00 -2.446263479216900905e+00 3.351097910430536064e+00 4.267539267197942188e+00 2.828104444482173463e+00 -6.839373392603673718e-01 -3.594596342037199577e+00 5.494616184948402093e-01 -3.696837779160104809e+00 -1.432999931000764526e+01 4.134024096722352937e+00 2.687116995907679939e+00 -1.530690265072676581e+00 -3.839336008205759931e+00 -3.177247325425090363e+00 -2.975596137167300537e+00 -1.381731841784980430e+00 -2.962637469254985056e+00 -7.463170537117702619e-01 2.831056596110259171e+00 -7.018782460511305277e-02 -7.759068923240154403e-01 -1.041416652765490669e+00 -9.688504000757636181e-01 -3.065643165575407725e+00 -8.095907208846555569e-01 3.270092165206884616e+00 8.384690861764529046e+00 3.955607363944424471e+00 2.425998945600300605e+00 3.736239501525258966e+00 -4.339451941297864046e+00 1.808565460943646785e+00 -3.139251350796846030e+00 -4.079405278593785766e+00 5.835515196908547253e+00 -1.381618258661783338e+00 2.380572842254471966e-02 1.398901265063177579e+00 6.119761229269159442e-01 -6.035777197113260106e-01 -4.260038826542177581e+00 -3.049315319465836449e+00 4.829412377986414207e+00 -7.414662258600674960e-01 5.945843928490612829e-01 1.277840103627736257e+00 -2.234784774944206465e+00 5.030918510968500179e+00 -1.976684585424353102e+00 -1.829337426209186157e+00 -4.475850398421266974e+00 -7.786947466996489015e-03 7.348457101588600215e-01 1.501734808140957389e+00 1.448250716822039541e+00 1.509539154221398061e+00 2.917250811587343673e+00 -5.528752420245829136e+00 7.273031242880182434e-01 2.135615503644745505e+00 4.752242626394604486e+00 -3.093504812221129718e+00 -2.169098880841555221e+00 2.149959080488013541e+00
2.558823529411764639e+02 -1.781615839285535907e+00 -3.785332860743394701e+00 9.406753083173770014e-01 1.227852906320266513e+01 1.322284748234732277e+01 -3.236655927674814581e+00 3.374698716818235855e+00 -3.066498911896442525e+00 -1.016827755458087346e+00 5.093848286716865736e+00 1.481175471793224840e+00 -4.045301785464856970e+00 2.767145472418114149e+00 4.644029629190065123e+00 8.118257339801953076e-01 2.515032521291437284e+00 8.125438941381618596e-01 5.385768294410162582e+00 1.026224135157599138e+00 -1.158739789366364903e+00 -7.992913836303493724e+00 2.210466054598678731e+00 -1.331356607752219867e+00 -7.512033073019162011e-01 4.115622489467942735e+00 -9.580139126075313261e-01 3.226303449020737624e+00 -3.274186408722172814e+00 2.698927883085993074e+00 9.576341450409253664e-01 3.843181912219789442e+00 3.397293409094531480e+00 -2.858575686466705790e+00 -2.135031543796523490e+00 -3.870849668220209594e+00 1.056305942707836643e+01 -4.667573486131738392e+00 -4.741276197949307880e-01 -1.528073506677712023e+00 2.488181721651008704e+00 1.093149876759435646e+00 -2.118047208465243969e+00 -4.389877105816494485e+00 -3.288464425023827520e+00 8.004047904941037572e+00 3.203805616385634103e+00 -2.780057019772792515e+00 3.871506227635377329e+00 4.930104414684518765e+00 3.306316706808590578e+00 -7.708041108954775122e-01 -4.188260619667359741e+00 6.131465263133653032e-01 -4.305463264458527561e+00 -1.604577184118648603e+01 4.744488598263444601e+00 3.101199423466924454e+00 -1.883710050554438409e+00 -4.441483163663936473e+00 -3.816720263443680761e+00 -3.519502208298467938e+00 -1.582640127067459268e+00 -3.437597681995457677e+00 -8.771949875982264500e-01 3.357457616265529854e+00 -6.131800511181538516e-02 -9.142944233296114165e-01 -1.224493434918948687e+00 -1.131314428176624531e+00 -3.669051296448067045e+00 -9.492276578554260658e-01 3.737264861610030575e+00 9.617738445877224152e+00 4.452460696851676225e+00 2.856688950438127428e+00 4.383396542724206313e+00 -4.983583796954544454e+00 2.100356993810700068e+00 -3.752366363937615468e+00 -4.683032160598715521e+00 6.745977915705511307e+00 -1.581483930013273698e+00 2.504097404126816653e-02 1.659458708968843066e+00 7.319517629593931263e-01 -6.418984385253488911e-01 -4.889417979201859943e+00 -3.640463564361750226e+00 5.608065145726569334e+00 -8.288171206733804253e-01 6.866527508702712224e-01 1.457172662927908258e+00 -2.560938217924298321e+00 5.838831077259007074e+00 -2.285195023411395354e+00 -2.158759601948857298e+00 -5.126163770831800193e+00 1.368108341623206110e-04 8.539006806075087885e-01 1.704293917061998842e+00 1.556292824339105429e+00 1.801662455370798055e+00 3.453816241601922243e+00 -6.531957473777914913e+00 8.748113935615040582e-01 2.422616356072563981e+00 5.439914667033784568e+00 -3.530960896549265815e+00 -2.477079362158497222e+00 2.505984173828778250e+00
2.564705882352941444e+02 -2.006926944684171765e+00 -4.251730397971034137e+00 1.068853785534658485e+00 1.385953173472204725e+01 1.485276820301661616e+01 -3.632505682662772184e+00 3.843587470467992429e+00 -3.565296011993518199e+00 -1.180655077194379343e+00 5.867815209372754026e+00 1.770899163160593037e+00 -4.747874896053761340e+00 3.266931043878944063e+00 5.402661030442454049e+00 9.709228877601777663e-01 3.020028826445976033e+00 9.560377463423539446e-01 6.218926272269613698e+00 1.208067828275559030e+00 -1.340658833650509640e+00 -9.105878309352915423e+00 2.634763104272385359e+00 -1.496487293560782028e+00 -8.746165063140687312e-01 4.662237498412112657e+00 -1.107271166957275232e+00 3.701780093072798650e+00 -3.891455281414625489e+00 3.193804795977390754e+00 1.127077143973067352e+00 4.370813805303796151e+00 3.874956102566804894e+00 -3.298650548731949073e+00 -2.543823743313969654e+00 -4.568523844801518408e+00 1.196030854621132100e+01 -5.326972972225511249e+00 -5.644978099551515305e-01 -1.710995328415897632e+00 2.863795673723412261e+00 1.303653402180728893e+00 -2.492237096866895207e+00 -5.021311329259143363e+00 -3.765162776673018019e+00 9.162638989709416037e+00 3.763617702075921834e+00 -3.140555342271644790e+00 4.447149880368130859e+00 5.652145254899151539e+00 3.830235346101364957e+00 -8.727371816724766029e-01 -4.850097451433396323e+00 6.861438127997382397e-01 -4.983439231643104428e+00 -1.794920501737789564e+01 5.414291727436059354e+00 3.561994135590679011e+00 -2.271807215066525831e+00 -5.108808044446984553e+00 -4.520455940961640273e+00 -4.122148561383539800e+00 -1.806071782757677324e+00 -3.968056113663772422e+00 -1.028753712861302683e+00 3.944775871517508747e+00 -5.371460798613375554e-02 -1.074184716483811419e+00 -1.425532931926043689e+00 -1.313866330265812010e+00 -4.333010473221096781e+00 -1.111325337878795061e+00 4.248961413248970587e+00 1.097214979473581487e+01 5.030820226106014204e+00 3.326167635117965204e+00 5.085769039272435066e+00 -5.696759586705097078e+00 2.421544448222817891e+00 -4.426936776873815482e+00 -5.356779479204470285e+00 7.748334122411493219e+00 -1.803612814542234322e+00 2.761529073197335066e-02 1.944903369689900963e+00 8.613818530942537466e-01 -6.914098795016968557e-01 -5.590604056394062660e+00 -4.291509617334095417e+00 6.469649910159897210e+00 -9.292155098206869024e-01 7.877721100988446246e-01 1.659770317314515742e+00 -2.921178186155585887e+00 6.732147337240742324e+00 -2.627782416606338156e+00 -2.526292255456187963e+00 -5.847850694049498088e+00 7.332638651317608183e-03 9.845785002279466847e-01 1.932304680491174320e+00 1.689622970941036195e+00 2.121860703146287275e+00 4.044464892488695895e+00 -7.621573435101021587e+00 1.035805881376105519e+00 2.741728099996418422e+00 6.197195554997159128e+00 -4.022678091662880817e+00 -2.815607887137741017e+00 2.901974671229379243e+00
2.570588235294117680e+02 -2.253042518309668285e+00 -4.755489231196635025e+00 1.210372004131298418e+00 1.558407600058736264e+01 1.662040116692238811e+01 -4.060692275250763039e+00 4.354735001490598556e+00 -4.124551239824694626e+00 -1.358087549080338796e+00 6.721669614875948717e+00 2.094070954020279540e+00 -5.526427643326327299e+00 3.814207639630588620e+00 6.231057043157573361e+00 1.149673879339993432e+00 3.575015329694193777e+00 1.118624586195455795e+00 7.132000386764230093e+00 1.414098861139856389e+00 -1.540368495196837495e+00 -1.034026535664081869e+01 3.099207094522078432e+00 -1.692536072595871799e+00 -1.016048696896613146e+00 5.265556272911588565e+00 -1.270530167418541856e+00 4.225193473116551246e+00 -4.571559069857892510e+00 3.738708484614685190e+00 1.319327721042577561e+00 4.946006890701728942e+00 4.394801273786847595e+00 -3.786723451847368693e+00 -2.997545948406178162e+00 -5.336315454425357707e+00 1.348345165812562563e+01 -6.055159560935920560e+00 -6.657085881603672650e-01 -1.912301086497051772e+00 3.275483121543938836e+00 1.541081331221605843e+00 -2.898726281168102936e+00 -5.722052885128754873e+00 -4.292328542596179020e+00 1.044447025768801396e+01 4.383953858202452203e+00 -3.528133898571275573e+00 5.081082346849335352e+00 6.436424676694231017e+00 4.402894984368783682e+00 -9.903595622973514478e-01 -5.584917616889818248e+00 7.687048348102318851e-01 -5.735588672994317072e+00 -2.004090266354349126e+01 6.145925595222164972e+00 4.071960585228356244e+00 -2.699107834839922226e+00 -5.844874456249162797e+00 -5.294512716673292374e+00 -4.788875957694129326e+00 -2.052979014450271311e+00 -4.557563787333972272e+00 -1.202720584541757232e+00 4.598389336939170846e+00 -4.731246158122261181e-02 -1.257438931840632712e+00 -1.646344751403066686e+00 -1.518056480542142150e+00 -5.063023882026795874e+00 -1.297773616149312748e+00 4.806579819077213322e+00 1.245235406795013056e+01 5.694048828898777614e+00 3.837426199926049275e+00 5.847180257774404311e+00 -6.481964643638311152e+00 2.773872547554063761e+00 -5.168467431563620096e+00 -6.103728465031730721e+00 8.847676130516875403e+00 -2.048913372884309858e+00 3.129678440049265403e-02 2.257416457481803640e+00 1.001168495526070901e+00 -7.519908324416488821e-01 -6.366703325843929839e+00 -5.007765958879995871e+00 7.419450928974460346e+00 -1.043061680871145258e+00 8.984647282935821488e-01 1.886481030151834215e+00 -3.316786828778272689e+00 7.716223468585319267e+00 -3.006746803185196271e+00 -2.935227859735676237e+00 -6.643664302304914671e+00 1.400381475953304221e-02 1.127579904789077547e+00 2.186426975796357475e+00 1.848202920108358516e+00 2.472979572893673872e+00 4.693582387121986166e+00 -8.803876906529314539e+00 1.211389526045223208e+00 3.093927134006903668e+00 7.026596041224626887e+00 -4.570726904892122633e+00 -3.185598603437822973e+00 3.340491584963128258e+00
2.576470588235293917e+02 -2.520088089022637590e+00 -5.296329754814387947e+00 1.365513971304101792e+00 1.745342787380246108e+01 1.852515384956572930e+01 -4.521000427079012063e+00 4.909190714217596785e+00 -4.748306498216018134e+00 -1.550013214461285260e+00 7.659395428328494404e+00 2.454177220201826159e+00 -6.386830263236875638e+00 4.412432301474169982e+00 7.133402828023663211e+00 1.350494273554598168e+00 4.184907705841726333e+00 1.302243519713237152e+00 8.129074324671286433e+00 1.646726104122699041e+00 -1.758852603324753794e+00 -1.170013229408260003e+01 3.607032370405951482e+00 -1.921007506682657739e+00 -1.176901904287597000e+00 5.926895198140435639e+00 -1.448542493125946296e+00 4.798487863816135679e+00 -5.319883590276159424e+00 4.337502832192701163e+00 1.536670756614339384e+00 5.569804468458849911e+00 4.958008685250478109e+00 -4.325432365023606174e+00 -3.500191379023213312e+00 -6.179664399016196796e+00 1.513445570939000362e+01 -6.854366500329036604e+00 -7.785421254055889806e-01 -2.131942506268629245e+00 3.724901275181248472e+00 1.808069520344893100e+00 -3.340041421779824216e+00 -6.494721974089021188e+00 -4.871983567486855904e+00 1.185433384197137308e+01 5.069233970792248911e+00 -3.942837962195467227e+00 5.775940221587702261e+00 7.285097342464310621e+00 5.026935995240922495e+00 -1.124298015139947982e+00 -6.397158445035665331e+00 8.610289610300290164e-01 -6.566342500358320677e+00 -2.232002695623660671e+01 6.941319060864828749e+00 4.633282340322607773e+00 -3.169608164982837373e+00 -6.652814757664981649e+00 -6.144610554372964550e+00 -5.524670185285420310e+00 -2.324164433217501990e+00 -5.209382841821554422e+00 -1.400901316019439014e+00 5.323463835925871024e+00 -4.203687732439979896e-02 -1.465995324360938046e+00 -1.888538023035995606e+00 -1.745359406126762103e+00 -5.864259224890679079e+00 -1.510546587500256166e+00 5.411098916107406787e+00 1.406175599569830936e+01 6.445386195489551717e+00 4.393075944423000756e+00 6.670851645107108041e+00 -7.341692046401225191e+00 3.158850577094127754e+00 -5.982114702631871950e+00 -6.926583823199302437e+00 1.004830618961690014e+01 -2.318143610766761231e+00 3.590824517059593851e-02 2.598978247802748331e+00 1.152098036739392706e+00 -8.235145142940625274e-01 -7.220408547216393913e+00 -5.794214238242941128e+00 8.462148614885077080e+00 -1.170696037966402647e+00 1.019162349271718115e+00 2.138073333412296329e+00 -3.748792728790606876e+00 8.795777432101862914e+00 -3.424114337365618876e+00 -3.388697274975887908e+00 -7.515887486668148654e+00 2.031866514595753390e-02 1.283503203965812967e+00 2.467218742768500839e+00 2.031935427764921975e+00 2.857631739583990527e+00 5.405200745616738800e+00 -1.008429414209759045e+01 1.402585881951943447e+00 3.479946173239136797e+00 7.930050813892692396e+00 -5.176933747584245182e+00 -3.587707648102997471e+00 3.823893718588099677e+00
2.582352941176470722e+02 -2.807981389055944188e+00 -5.873528816441672795e+00 1.534470838511483137e+00 1.946738918978183008e+01 2.056489636051631820e+01 -5.012830924641967556e+00 5.507568528654757323e+00 -5.440372766401098126e+00 -1.757138687452489689e+00 8.684350021153214527e+00 2.854599348136597659e+00 -7.334507358938126664e+00 5.064715745451407791e+00 8.113218669803565319e+00 1.575743313519727185e+00 4.854334992060967302e+00 1.508789089697394337e+00 9.213500263223631137e+00 1.908309134249213113e+00 -1.996939030072245158e+00 -1.318867119124920428e+01 4.161215305037305967e+00 -2.183435276951163129e+00 -1.358581927876519879e+00 6.647096088956094384e+00 -1.641922436650900874e+00 5.423221177328755971e+00 -6.141457485733901045e+00 4.993757274489360576e+00 1.781350378094859410e+00 6.242762113406715940e+00 5.565298894188855705e+00 -4.917088612055661834e+00 -4.055587687567948407e+00 -7.103555728697291016e+00 1.691395508324574948e+01 -7.726309576928391820e+00 -9.037862110684377059e-01 -2.369716319464199472e+00 4.213375588797893201e+00 2.107248601277415201e+00 -3.818360143869042211e+00 -7.341488139051403294e+00 -5.505773512467465380e+00 1.339613603897365302e+01 5.823565751804911983e+00 -4.384356391147802512e+00 6.533869953662224894e+00 8.199631536564282897e+00 5.704538592530792762e+00 -1.275160253462459536e+00 -7.290788107098752135e+00 9.632553422072127614e-01 -7.479642123743287740e+00 -2.478409457189123088e+01 7.801766723440136886e+00 5.247798125517959100e+00 -3.687114704892296757e+00 -7.535235228751355763e+00 -7.076022753656302733e+00 -6.334082620944448294e+00 -2.620250421930824913e+00 -5.926406495077364056e+00 -1.625145761079808349e+00 6.124858957743843035e+00 -3.780896282544244508e-02 -1.701834298534575796e+00 -2.153508274476002349e+00 -1.997145345686516471e+00 -6.741446431442997600e+00 -1.751667059383046343e+00 6.063022786092085781e+00 1.580256897395707227e+01 7.287838019448143356e+00 4.995293672709834709e+00 7.559326137463892259e+00 -8.277846283833715901e+00 3.577711013477397728e+00 -6.872583112932839633e+00 -7.827567458547244783e+00 1.135361863657955261e+01 -2.611880873124595492e+00 4.131557660895467110e-02 2.971331391970309266e+00 1.314828196400885219e+00 -9.058382186923806811e-01 -8.153891711791125374e+00 -6.655404779077033872e+00 9.601707411215652854e+00 -1.312384826629360290e+00 1.150196685526939211e+00 2.415198876899722791e+00 -4.217922701878690006e+00 9.974774288447058268e+00 -3.881600833617237623e+00 -3.889614249110757704e+00 -8.466229960018855749e+00 2.641537167193067082e-02 1.452828720259830453e+00 2.775095281346734222e+00 2.240641832328403193e+00 3.278159983606189432e+00 6.182913692136349226e+00 -1.146727035826959273e+01 1.610312090080953995e+00 3.900236671695978430e+00 8.908826063202349488e+00 -5.842798728858928037e+00 -4.022292304503861438e+00 4.354273366827868585e+00
2.588235294117646959e+02 -3.116412298222715815e+00 -6.485890834001565075e+00 1.717321524978478342e+00 2.162415487178630613e+01 2.273584764627288735e+01 -5.535177419224003081e+00 6.149999276186811414e+00 -6.204238579254306885e+00 -1.979976885666052677e+00 9.799158816871830879e+00 3.298567890074619147e+00 -8.374329342366698015e+00 5.773745926523379701e+00 9.173266243540526332e+00 1.827707099096796739e+00 5.587559888639122896e+00 1.740092040457890343e+00 1.038779658263860028e+01 2.201132019353555069e+00 -2.255276517879291287e+00 -1.480805232091771551e+01 4.764404479932018432e+00 -2.481342069893812674e+00 -1.562472151957606581e+00 7.426461877615453844e+00 -1.851129950970307192e+00 6.100500392877037825e+00 -7.040851535570562980e+00 5.710665262429622580e+00 2.055545461056940582e+00 6.964894499395402505e+00 6.216887766836768137e+00 -5.563612550438258531e+00 -4.667323788200016033e+00 -8.112410033745792504e+00 1.882112669877765043e+01 -8.672095152543704444e+00 -1.042209896736699726e+00 -2.625245624345165840e+00 4.741854184978939735e+00 2.441202835767155577e+00 -4.335468872376232241e+00 -8.263972527845234950e+00 -6.194901496252997575e+00 1.507272921613111372e+01 6.650648924645258475e+00 -4.852000266122874272e+00 7.356454691928606238e+00 9.180736377313088781e+00 6.437358098242924598e+00 -1.443511067495232503e+00 -8.269206217890657129e+00 1.075453908953267534e+00 -8.478838745268884480e+00 -2.742879370357046298e+01 8.727861162897399439e+00 5.916933450919096060e+00 -4.255180721082091999e+00 -8.494122319285686729e+00 -8.093464741086505043e+00 -7.221145174267174838e+00 -2.941649064608558461e+00 -6.711076927073055032e+00 -1.877311225576136611e+00 7.007028675889120706e+00 -3.454955421807844734e-02 -1.966940830079291214e+00 -2.442421369140427068e+00 -2.274649975619982722e+00 -7.698773428169311650e+00 -2.023168046997538827e+00 6.762329737829906762e+00 1.767565936113746972e+01 8.224059261166781098e+00 5.645767794949046348e+00 8.514394860615723815e+00 -9.291649771486939713e+00 4.031369015087522989e+00 -7.844020224208213321e+00 -8.808314342809358877e+00 1.276598328828452900e+01 -2.930492354967240587e+00 4.741796120903117584e-02 3.375943561313469843e+00 1.489875307655339487e+00 -9.987921539551199990e-01 -9.168699366771528858e+00 -7.595354267002588422e+00 1.084126226776467128e+01 -1.468305265539548099e+00 1.291789689765715066e+00 2.718355678720840274e+00 -4.724556057620380223e+00 1.125631055696903360e+01 -4.380572582198512421e+00 -4.440616458608501738e+00 -9.495729278069706680e+00 3.240607507655184766e-02 1.635903519449085852e+00 3.110290199073087791e+00 2.474038249942806189e+00 3.736597846166263004e+00 7.029790662897569042e+00 -1.295614272975063486e+01 1.835352596350730003e+00 4.354932406591721872e+00 9.963432483736095691e+00 -6.569414854600411857e+00 -4.489373447352795310e+00 4.933392155778141941e+00
2.594117647058823763e+02 -3.444825581333770259e+00 -7.131726262371101299e+00 1.914015066230080331e+00 2.392019069659563613e+01 2.503248533325733050e+01 -6.086609015563754888e+00 6.836088168642711516e+00 -7.042975828850527975e+00 -2.218834924595737945e+00 1.100561220391071338e+01 3.789111865985093086e+00 -9.510500035625518933e+00 6.541712636515001122e+00 1.031545809703514394e+01 2.108576479593896380e+00 6.388396276751215908e+00 1.997895792133030479e+00 1.165354954185026948e+01 2.527371945070035597e+00 -2.534312173868622953e+00 -1.655927294572848751e+01 5.418851686037765347e+00 -2.816195330025657473e+00 -1.789905130058186744e+00 8.264696469803727297e+00 -2.076454144159966653e+00 6.830920286751685389e+00 -8.022075846523582854e+00 6.490962292155975533e+00 2.361340353454322027e+00 7.735628350090784089e+00 6.912445884951737618e+00 -6.266468926530956551e+00 -5.338673843478436432e+00 -9.209973238089638414e+00 2.085358224712268438e+01 -9.692133292255368460e+00 -1.194539681743599591e+00 -2.897963726693962183e+00 5.310864476899197939e+00 2.812425380433491551e+00 -4.892721328405430725e+00 -9.263153689900830656e+00 -6.940063857983204798e+00 1.688575123747463635e+01 7.553678090500917541e+00 -5.344687074491389467e+00 8.244643403165841988e+00 1.022829655666877002e+01 7.226463090611797924e+00 -1.629847966320252528e+00 -9.335143062029718664e+00 1.197616117180261064e+00 -9.566591482887343290e+00 -3.024782665706231199e+01 9.719430690596237099e+00 6.641634247866712748e+00 -4.877039993365618997e+00 -9.530752218031800282e+00 -9.200981689913227513e+00 -8.189281497881614413e+00 -3.288533389331954826e+00 -7.565303025520082159e+00 -2.159223452362506901e+00 7.973918172181344133e+00 -3.218200344598827478e-02 -2.263264213910350708e+00 -2.756195300663452752e+00 -2.578942967440610357e+00 -8.739781758460861028e+00 -2.327051404070017426e+00 7.508427302028239936e+00 1.968040496712509935e+01 9.256234172407788563e+00 6.345646573156773940e+00 9.537029014317948139e+00 -1.038355480061800051e+01 4.520383488294344332e+00 -8.899911442929218097e+00 -9.869772708362640756e+00 1.428663448389574775e+01 -3.274107002432577129e+00 5.413958239660078553e-02 3.813970337373166153e+00 1.677601910127135332e+00 -1.102167912548309925e+00 -1.026565280308797590e+01 -8.617443383735567508e+00 1.218300671419213721e+01 -1.638530475079249760e+00 1.444044150912361157e+00 3.047852716313858235e+00 -5.268682512322632405e+00 1.264250044778550830e+01 -4.922006039030388358e+00 -5.044004139903229600e+00 -1.060465803883524316e+01 3.838035408963597767e-02 1.832926788766765291e+00 3.472818889980394452e+00 2.731711263173364213e+00 4.234628827133638751e+00 7.948291300221365319e+00 -1.455302153589039449e+01 2.078334018835336305e+00 4.843815384403399982e+00 1.109354588209946968e+01 -7.357390305165483646e+00 -4.988602036386554417e+00 5.562617977246743450e+00
2.600000000000000000e+02 -3.792407172071553312e+00 -7.808838423586291100e+00 2.124355033884978816e+00 2.635013497655626580e+01 2.744748484735285388e+01 -6.665259483459423429e+00 7.564878795530760591e+00 -7.959144704692257655e+00 -2.473802852209701530e+00 1.230456756094365467e+01 4.329004113089188976e+00 -1.074644277327532116e+01 7.370234808116850722e+00 1.154077275817305015e+01 2.420420157777468884e+00 7.260125237843336521e+00 2.283829262908035229e+00 1.301132095147878331e+01 2.889063698292824611e+00 -2.834269994713735752e+00 -1.844201710304234254e+01 6.126344608145656956e+00 -3.189359918005268302e+00 -2.042132179910788103e+00 9.160850791700212881e+00 -2.317997802509217831e+00 7.614506934435047114e+00 -9.088476947738428180e+00 7.336845003681935040e+00 2.700691359093797761e+00 8.553762963867734825e+00 7.651064103569581221e+00 -7.026603869926850265e+00 -6.072519460351098353e+00 -1.039920771244399234e+01 2.300727927269273110e+01 -1.078605833239255318e+01 -1.361436235767917058e+00 -3.187100944194462659e+00 5.920473140699062498e+00 3.223270600297568400e+00 -5.490998729172650528e+00 -1.033927929665510526e+01 -7.741390025020455923e+00 1.883547420492003610e+01 8.535246295572303410e+00 -5.860931202392955619e+00 9.198684253355455809e+00 1.134131649439428635e+01 8.072277947513505580e+00 -1.834576634200366874e+00 -1.049055976437085391e+01 1.329645754521970424e+00 -1.074476703528176103e+01 -3.323278554523430017e+01 1.077548491116610840e+01 7.422304245123168442e+00 -5.555538756132293976e+00 -1.064560579335122803e+01 -1.040183703005978266e+01 -9.241216791514460738e+00 -3.660810892267477801e+00 -8.490379865167742679e+00 -2.472635511817815601e+00 9.028858810510602240e+00 -3.063403042032289414e-02 -2.592675582093803666e+00 -3.095480640143386974e+00 -2.910896053339795841e+00 -9.867263659241805485e+00 -2.665244016617992706e+00 8.300114743047728894e+00 2.181457380828962300e+01 1.038595600074748937e+01 7.095489714453995234e+00 1.062731897512258428e+01 -1.155316311502429016e+01 5.044921025901781597e+00 -1.004297668674264088e+01 -1.101211100216810834e+01 1.591556809179425613e+01 -3.642589824772779927e+00 6.142272640311331050e-02 4.286219124259307733e+00 1.878205224545311136e+00 -1.215707104879930167e+00 -1.144475560044721085e+01 -9.724316089297410315e+00 1.362808618633318147e+01 -1.823014800131899316e+00 1.606934866872242962e+00 3.403776614555293456e+00 -5.849864748607391363e+00 1.413436789067742438e+01 -5.506447872733907900e+00 -5.701677613235654363e+00 -1.179244004526199951e+01 4.440816238295965113e-02 2.043936302441433206e+00 3.862445223198378574e+00 3.013094286659281806e+00 4.773545253724766013e+00 8.940182301658238018e+00 -1.625868094585372603e+01 2.339701487424690196e+00 5.366285398953606567e+00 1.229793809093285972e+01 -8.206775690837528003e+00 -5.519230640147739564e+00 6.242864429912502011e+00
2.605882352941176805e+02 -4.158074451900542812e+00 -8.514519433081209954e+00 2.347986308951109713e+00 2.890672968990936198e+01 2.997168883402902040e+01 -7.268823970919838118e+00 8.334824953508100265e+00 -8.954699618004488215e+00 -2.744743710894371080e+00 1.369585931489787889e+01 4.920703634426113915e+00 -1.208468798482019224e+01 8.260291905799713064e+00 1.284917815213228742e+01 2.765153773133039117e+00 8.205411145713084053e+00 2.599376644974363604e+00 1.446056601987207912e+01 3.288060491891579673e+00 -3.155131352798103528e+00 -2.045452918351927707e+01 6.888142736932241661e+00 -3.602048670037236278e+00 -2.320291715187050130e+00 1.011327696479315641e+01 -2.575663585612316897e+00 8.450667690569606094e+00 -1.024263643847395500e+01 8.249892942888207514e+00 3.075389764225805234e+00 9.417439741704869860e+00 8.431226769383183495e+00 -7.844385195062168137e+00 -6.871271570978461973e+00 -1.168218690593927356e+01 2.527645631804007209e+01 -1.195265884092990838e+01 -1.543471966923569916e+00 -3.491674993817081685e+00 6.570250683157266458e+00 3.675903838159177539e+00 -6.130673018347764902e+00 -1.149178601225542629e+01 -8.598388100752089258e+00 2.092066962224394189e+01 9.597251023968011552e+00 -6.398841328748079427e+00 1.021806446010237579e+01 1.251787618282510550e+01 8.974531614497919918e+00 -2.057986840786281579e+00 -1.173655236698038351e+01 1.471350474277413278e+00 -1.201434348197916080e+01 -3.637306449936779273e+01 1.189417009899494992e+01 8.258747625329290187e+00 -6.293067002361053319e+00 -1.183829138335689457e+01 -1.169840407830487727e+01 -1.037888839050694401e+01 -4.058099947642010541e+00 -9.486912125122419326e+00 -2.819185127752472653e+00 1.017446354484065552e+01 -2.983882556970195860e-02 -2.956923512779893848e+00 -3.460640856132323862e+00 -3.271151296005915921e+00 -1.108316311603248927e+01 -3.039551934675450706e+00 9.135554421343785592e+00 2.407422473711200439e+01 1.161410947846978381e+01 7.895225057963147997e+00 1.178442231836440790e+01 -1.279915609248040909e+01 5.604723580152585427e+00 -1.127507122634874470e+01 -1.223463410721215361e+01 1.765145093343384985e+01 -4.035519158094722947e+00 6.922209825655201154e-02 4.793115101845331516e+00 2.091706838537386037e+00 -1.339090518457674461e+00 -1.270511096316398714e+01 -1.091778284946355271e+01 1.517649868070710184e+01 -2.021580110333554003e+00 1.780300863844717307e+00 3.785961234676167297e+00 -6.467206857822251465e+00 1.573174664377586929e+01 -6.133976861218838117e+00 -6.415075154899417598e+00 -1.305757710875398736e+01 5.054230302347609977e-02 2.268796503911612472e+00 4.278652192997499881e+00 3.317445405510011547e+00 5.354207885026397662e+00 1.000645865061782658e+01 -1.807246371205307867e+01 2.619696910404095469e+00 5.921334267812293994e+00 1.357441950712712320e+01 -9.116998082127784286e+00 -6.080091101959398614e+00 6.974534025660972247e+00
2.611764705882353041e+02 -4.540471258029460166e+00 -9.245556023858343409e+00 2.584384650117438120e+00 3.158078355311322483e+01 3.259411139460010531e+01 -7.894563737646176804e+00 9.143771465681583166e+00 -1.003089830625797596e+01 -3.031285504041511203e+00 1.517821928929508779e+01 5.566296162985731044e+00 -1.352676433861467231e+01 9.212161280879932690e+00 1.423956512460296686e+01 3.144505603217480072e+00 9.226219714326916232e+00 2.945844953075376083e+00 1.599956278882961946e+01 3.725992276668495418e+00 -3.496617904984462122e+00 -2.259350630716834019e+01 7.704917660047438055e+00 -4.055271980863953907e+00 -2.625376556599412048e+00 1.111959246518926570e+01 -2.849142260472593335e+00 9.338149023979390506e+00 -1.148627412050796437e+01 9.230994848379776130e+00 3.487022254991527959e+00 1.032412204428288227e+01 9.250793747249469234e+00 -8.719547740763609056e+00 -7.736793383507575506e+00 -1.305999674669973132e+01 2.765359543836680345e+01 -1.318981988232862435e+01 -1.741109406681937477e+00 -3.810485409922902189e+00 7.259241964992679819e+00 4.172249594294007657e+00 -6.811574220213177711e+00 -1.271922963409157781e+01 -9.509898025437591329e+00 2.313849138404891548e+01 1.074080486057840922e+01 -6.956125115075035836e+00 1.130145875347206363e+01 1.375509965758988606e+01 9.932214094328562837e+00 -2.300229229722960511e+00 -1.307326216139842501e+01 1.622434170548812338e+00 -1.337532118077781718e+01 -3.965581448292081745e+01 1.307273628968957979e+01 9.150118827894312190e+00 -7.091490537230380475e+00 -1.310747816787907638e+01 -1.309206372932931117e+01 -1.160336007433539152e+01 -4.479710088684258906e+00 -1.055474350820612628e+01 -3.200350922283621280e+00 1.141252526363850883e+01 -2.973556499557398342e-02 -3.357588481526090352e+00 -3.851733355157781258e+00 -3.660090444118299313e+00 -1.238848279922384066e+01 -3.451613129125280732e+00 1.001225309550060594e+01 2.645363511291241920e+01 1.294075888649249251e+01 8.744111616461850645e+00 1.300652333003993633e+01 -1.411923653928884015e+01 6.199081113331676107e+00 -1.259709294083727471e+01 -1.353571068630250629e+01 1.949154532238933157e+01 -4.452167850826754147e+00 7.750019483784778562e-02 5.334670213438138298e+00 2.317943973327577734e+00 -1.471928230614656385e+00 -1.404485110401396142e+01 -1.219873020082559556e+01 1.682700717591081485e+01 -2.233903448491544097e+00 1.963839106883655816e+00 4.193960850175617594e+00 -7.119329555111642449e+00 1.743319247367125158e+01 -6.804169226652214242e+00 -7.185112751742608772e+00 -1.439758957442330178e+01 5.682051179434870897e-02 2.507188520754910055e+00 4.720617368736498953e+00 3.643827681030075816e+00 5.977007805477680513e+00 1.114727137938016632e+01 -1.999220248319232951e+01 2.918339607802239666e+00 6.507525925688093515e+00 1.491979681122271373e+01 -1.008680360998189585e+01 -6.669578887327668681e+00 7.757466672875392710e+00
2.617647058823529278e+02 -4.937967843255311351e+00 -9.998245323826832731e+00 2.832849296821741802e+00 3.436117002894779660e+01 3.530197826391317761e+01 -8.539319407362896186e+00 9.988944953552133299e+00 -1.118821630879985030e+01 -3.332815719981701008e+00 1.674921172400930303e+01 6.267434312932363305e+00 -1.507309837477568593e+01 1.022536294524398492e+01 1.570969465738389026e+01 3.559979864306318742e+00 1.032373988495605310e+01 3.324330170168039000e+00 1.762535641702847045e+01 4.204222459237808351e+00 -3.858177497414564172e+00 -2.485401339953973832e+01 8.576699334658870910e+00 -4.549787573721629563e+00 -2.958201226167893161e+00 1.217665570952645382e+01 -3.137903597797278454e+00 1.027500379485855042e+01 -1.282015642439883152e+01 1.028028123402117977e+01 3.936929735951403053e+00 1.127058627252793954e+01 1.010699233548552556e+01 -9.651145663070806791e+00 -8.670326262625597025e+00 -1.453264514569064936e+01 3.012941447308275755e+01 -1.449447859179997877e+01 -1.954680855766026459e+00 -4.142112238225982956e+00 7.985943604596789314e+00 4.713938862818566555e+00 -7.532963274446344393e+00 -1.401922825546399665e+01 -1.047405373603201895e+01 2.548438202988939949e+01 1.196615299510850150e+01 -7.530101480337927811e+00 1.244668800950010734e+01 1.504913913739868114e+01 1.094354231279597478e+01 -2.561293621664848086e+00 -1.449979577637324724e+01 1.782490846151900454e+00 -1.482664359476516225e+01 -4.306594290681182002e+01 1.430751795705959495e+01 1.009488082934833741e+01 -7.952085294867841547e+00 -1.445084134465199455e+01 -1.458311000766130761e+01 -1.291474183545278365e+01 -4.924626750193246139e+00 -1.169289466105710851e+01 -3.617408160738950773e+00 1.274392005424053309e+01 -3.026947458913534228e-02 -3.796036658863907398e+00 -4.268492210058555614e+00 -4.077806189415822402e+00 -1.378320002205955142e+01 -3.902849518885719959e+00 1.092705457873541519e+01 2.894525690823150299e+01 1.436504494090500117e+01 9.640710578273552045e+00 1.429080505502964016e+01 -1.551008635100940225e+01 6.826810116753461166e+00 -1.400889839055689201e+01 -1.491271471907261592e+01 2.143165213042273365e+01 -4.891488961168580119e+00 8.622359589494596466e-02 5.910456255243841106e+00 2.556562812016063724e+00 -1.613751104961095528e+00 -1.546108090314075945e+01 -1.356703835142579884e+01 1.857706603739303475e+01 -2.459506616684818070e+00 2.157099832959095576e+00 4.627027624426757413e+00 -7.804353137930334583e+00 1.923591113770471850e+01 -7.516068832466061167e+00 -8.012127449077931729e+00 -1.580897198806504811e+01 6.326722126851801187e-02 2.758602567710682241e+00 5.187193658243101524e+00 3.991092590335711066e+00 6.641831545620839883e+00 1.236186391241188254e+01 -2.201416142692307787e+01 3.235409754148149020e+00 7.122983196761306424e+00 1.632984645591880124e+01 -1.111421028720166504e+01 -7.285644960283473637e+00 8.590894809851025826e+00
2.623529411764706083e+02 -5.348666152190610035e+00 -1.076842095702269120e+01 3.092498843981648982e+00 3.723486299681756151e+01 3.808080352961128767e+01 -9.199532772580672813e+00 1.086695547474780277e+01 -1.242626896633875866e+01 -3.648478723360086384e+00 1.840518275695684025e+01 7.025278691294736255e+00 -1.672292247855977010e+01 1.129861367324800625e+01 1.725615939687707368e+01 4.012818573376592646e+00 1.149831164337664369e+01 3.735682779176721091e+00 1.933372162849438070e+01 4.723804140775920146e+00 -4.238973926165298778e+00 -2.722942385876310922e+01 9.502829625794706914e+00 -5.086051649156351218e+00 -3.319369552387336775e+00 1.328055523524808379e+01 -3.441190185536453505e+00 1.125856908897002207e+01 -1.424401535579306000e+01 1.139706520760746322e+01 4.426165543905492328e+00 1.225292569094776951e+01 1.099641977772220081e+01 -1.063751318040064753e+01 -9.672420116424136793e+00 -1.609898388291289351e+01 3.269289154063051228e+01 -1.586259539672330554e+01 -2.184369447216562232e+00 -4.484919358670933498e+00 8.748289619006161644e+00 5.302256852062901871e+00 -8.293511453710546988e+00 -1.538841961658832425e+01 -1.148825633321951756e+01 2.795200549440268389e+01 1.327259972283564338e+01 -8.117720581684160663e+00 1.365069068800726448e+01 1.639517425427865049e+01 1.200593715695310415e+01 -2.840989216719019161e+00 -1.601415693739402357e+01 1.951000025124304482e+00 -1.636613019048405704e+01 -4.658615960268365086e+01 1.559392989565102816e+01 1.109077351667978917e+01 -8.875475629849029602e+00 -1.586502238240801965e+01 -1.617066740280482406e+01 -1.431211976569699296e+01 -5.391501165108833149e+00 -1.289951053664624148e+01 -4.071384954768320519e+00 1.416851919192846765e+01 -3.139156036344358663e-02 -4.273374022163807240e+00 -4.710313546464789169e+00 -4.524076089656701605e+00 -1.526619305554238260e+01 -4.394419215016154290e+00 1.187614363906204495e+01 3.153970555915975638e+01 1.588509356696928698e+01 1.058286549254249564e+01 1.563343569967187463e+01 -1.696733945712783509e+01 7.486238963660873935e+00 -1.550923067315736148e+01 -1.636198208027112955e+01 2.346607545113665694e+01 -5.352106597289964185e+00 9.536004479287585323e-02 6.519582939386154408e+00 2.807014172026974563e+00 -1.764003851490820285e+00 -1.694983816161700929e+01 -1.502151084997259645e+01 2.042276576243425268e+01 -2.697748044621290031e+00 2.359484085399801589e+00 5.084094082855587615e+00 -8.519889041139254715e+00 2.113570354047518052e+01 -8.268163680269603688e+00 -8.895825810682426393e+00 -1.728716623485273729e+01 6.989506360230987592e-02 3.022333084146116899e+00 5.676896143887123714e+00 4.357867470955696376e+00 7.348031142696069828e+00 1.364851969472132076e+01 -2.413299914994151507e+01 3.570435106941728165e+00 7.765382150424906094e+00 1.779930590625198050e+01 -1.219647278659777534e+01 -7.925795808137003462e+00 9.473406522214155245e+00
2.629411764705882320e+02 -5.770410617704339273e+00 -1.155148925335898547e+01 3.362270590261897230e+00 4.018701009231818233e+01 4.091450344866865407e+01 -9.871277142924324011e+00 1.177380938934099319e+01 -1.374374361610075290e+01 -3.977176507709684117e+00 2.014122974722639725e+01 7.840441710448915025e+00 -1.847419832736898826e+01 1.242979195085226074e+01 1.887436333332838601e+01 4.503962920060605946e+00 1.274936186756614021e+01 4.180473889676561861e+00 2.111914347558753846e+01 5.285437147768875299e+00 -4.637880667112002087e+00 -2.971138811370452970e+01 1.048192469340411925e+01 -5.664172504246859141e+00 -3.709243656763717034e+00 1.442661140290582722e+01 -3.758014750647514557e+00 1.228545639751382446e+01 -1.575647736934382159e+01 1.257979332863246213e+01 4.955454090527100064e+00 1.326656636937416955e+01 1.191505716203863763e+01 -1.167623558131193562e+01 -1.074287034058419898e+01 -1.775664354830883696e+01 3.533132213632286067e+01 -1.728914246025481560e+01 -2.430192042457149704e+00 -4.837062492723940288e+00 9.543645806266676246e+00 5.938091917656584506e+00 -9.091287517196393608e+00 -1.682243439472818380e+01 -1.254915841274237209e+01 3.053320834687924901e+01 1.465844679994995126e+01 -8.715591385598134622e+00 1.490950770232852918e+01 1.778742883243552342e+01 1.311601211536725309e+01 -3.138927411426974956e+00 -1.761319227829067557e+01 2.127324149224471217e+00 -1.799042457706111264e+01 -5.019707217467915683e+01 1.692647854961942144e+01 1.213479376290293565e+01 -9.861578207093202764e+00 -1.734560521981136105e+01 -1.785262112218806152e+01 -1.579349534882535089e+01 -5.878645901925046324e+00 -1.417182130632577852e+01 -4.563019506465319175e+00 1.568511088429970712e+01 -3.305810242954799333e-02 -4.790401528993005087e+00 -5.176244524937901659e+00 -4.998340149071439420e+00 -1.683518171920176698e+01 -4.927169785624708531e+00 1.285506313308421866e+01 3.422578172302675625e+01 1.749793894881990397e+01 1.156769300689188107e+01 1.702957143483465430e+01 -1.848557359510789411e+01 8.175200880356639388e+00 -1.709566055547691832e+01 -1.787878526127744294e+01 2.558761092438667006e+01 -5.832312428191947618e+00 1.048762105488860591e-01 7.160682026240558606e+00 3.068551877467763589e+00 -1.922040015532600066e+00 -1.850607217479461397e+01 -1.655981622288078725e+01 2.235879588711913968e+01 -2.947817356211594575e+00 2.570243413552332878e+00 5.563761061290731114e+00 -9.263040489179443782e+00 2.312693220704674602e+01 -9.058369883266719214e+00 -9.835239285722911617e+00 -1.882655269799479214e+01 7.670616993609868928e-02 3.297477014245323801e+00 6.187895290806604720e+00 4.742547380454859685e+00 8.094399976404384134e+00 1.500452144019172707e+01 -2.634175775905840311e+01 3.922681421090800313e+00 8.431954507433260915e+00 1.932188392146075273e+01 -1.333006016674897509e+01 -8.587101801675126822e+00 1.040291802853885983e+01
2.635294117647058556e+02 -6.200804272225759028e+00 -1.234247490643569556e+01 3.640923555036511328e+00 4.320104375886135983e+01 4.378554494331106639e+01 -1.055029593001978583e+01 1.270493388297920134e+01 -1.513834351211658991e+01 -4.317573227577105044e+00 2.195118989973687107e+01 8.712935429008009436e+00 -2.032355434989259990e+01 1.361591489093663476e+01 2.055851928820565178e+01 5.034015368522782197e+00 1.407535064487609233e+01 4.658962566095079083e+00 2.297481986300992318e+01 5.889426883554598646e+00 -5.053479373503364513e+00 -3.228983445923885398e+01 1.151184755674800719e+01 -6.283867974436681436e+00 -4.127914763772734474e+00 1.560939443998437071e+01 -4.087161120733937558e+00 1.335155340531530221e+01 -1.735500617261531886e+01 1.382600815568139474e+01 5.525151287555106983e+00 1.430629641925685647e+01 1.285829514455027223e+01 -1.276413123655888171e+01 -1.188066303740284901e+01 -1.950198601805769272e+01 3.803041130933451797e+01 -1.876810995058923837e+01 -2.691984296662344622e+00 -5.196501892110556575e+00 1.036881392556616532e+01 6.621887338025903347e+00 -9.923753435660895406e+00 -1.831588817883256581e+01 -1.365266212756193909e+01 3.321801392125444607e+01 1.612094420731650857e+01 -9.320016493038172811e+00 1.621828229457793569e+01 1.921920550550728990e+01 1.426957535509499841e+01 -3.454507515614691826e+00 -1.929255503970911434e+01 2.310708139923766335e+00 -1.969496031481895670e+01 -5.387732773905932504e+01 1.829879046684969524e+01 1.322318725684520224e+01 -1.090955314641831109e+01 -1.888711063296259951e+01 -1.962556457103745444e+01 -1.735574014167705670e+01 -6.384036555267953439e+00 -1.550611570155247065e+01 -5.092719501814295668e+00 1.729133593141215641e+01 -3.522999122366907848e-02 -5.347572385441927700e+00 -5.664976507150723428e+00 -5.499682651798416977e+00 -1.848668282160807053e+01 -5.501593587638629046e+00 1.385874287231316693e+01 3.699052861248836166e+01 1.919946384613328405e+01 1.259158450378981975e+01 1.847337565280662730e+01 -2.005832061948324707e+01 8.891035134913524374e+00 -1.876454404772650619e+01 -1.945732631052010930e+01 2.778755932258167149e+01 -6.330068217418247656e+00 1.147360330964933978e-01 7.831898194600650065e+00 3.340234076156290310e+00 -2.087119045246649041e+00 -2.012364058143352707e+01 -1.817844622999498938e+01 2.437843182361750038e+01 -3.208732945769288136e+00 2.788482198742632701e+00 6.064291773897140025e+00 -1.003041278917988421e+01 2.520251083631914213e+01 -9.884024150724957991e+00 -1.082868788524914549e+01 -2.042046186148675702e+01 8.369331258710252519e-02 3.582935243491360389e+00 6.718017022866230370e+00 5.143291990827703053e+00 8.879155844513620721e+00 1.642612639924798756e+01 -2.863187761334281234e+01 4.291146892572863081e+00 9.119498593790924090e+00 2.089029002735189167e+01 -1.451064780731341131e+01 -9.266214267407880456e+00 1.137665673787597775e+01
2.641176470588235361e+02 -6.637230354167723334e+00 -1.313607579000779069e+01 3.927045089262866107e+00 4.625883086501443842e+01 4.667512871498151128e+01 -1.123204894135088772e+01 1.365521324030259187e+01 -1.660674602371001640e+01 -4.668103438808797634e+00 2.382765089834354555e+01 9.642125311319514225e+00 -2.226624322992803684e+01 1.485312912080024894e+01 2.230166694122033277e+01 5.603203565939157471e+00 1.547372888570500216e+01 5.171065707422607183e+00 2.489268649164437264e+01 6.535646389458274363e+00 -5.484063220339597144e+00 -3.495300067718044090e+01 1.258969134399875678e+01 -6.944427694776254434e+00 -4.575176859585540434e+00 1.682275647305232624e+01 -4.427189167994366237e+00 1.445204027422555093e+01 -1.903586250404344327e+01 1.513232373762084215e+01 6.135207658380720908e+00 1.536630869760399953e+01 1.382097051460736559e+01 -1.389724700301354510e+01 -1.308393008660009826e+01 -2.133007462058902348e+01 4.077439747297864159e+01 -2.029253127638167342e+01 -2.969388129840342394e+00 -5.561019578831235322e+00 1.122004577299487948e+01 7.353596750834432427e+00 -1.078776951265596828e+01 -1.986239099908733508e+01 -1.479393035235789711e+01 3.599464892852248710e+01 1.765625716269456902e+01 -9.927033750783394339e+00 1.757127578919345012e+01 2.068293715457337711e+01 1.546164624082013717e+01 -3.786905865926709414e+00 -2.104668625714333174e+01 2.500281161070352365e+00 -2.147394501719818649e+01 -5.760380129484963874e+01 1.970365783655751457e+01 1.435145466278142656e+01 -1.201776442463218153e+01 -2.048300881998106959e+01 -2.148476461135207671e+01 -1.899456546177542648e+01 -6.905319712916461405e+00 -1.689773058373017633e+01 -5.660524455638173968e+00 1.898363861590154400e+01 -3.787197188496359973e-02 -5.944952446876153651e+00 -6.174843315656404208e+00 -6.026819164358413694e+00 -2.021598376054164348e+01 -6.117786212416037372e+00 1.488154153299107918e+01 3.981932330066862136e+01 2.098435861043227746e+01 1.365022048378929931e+01 1.995805548935507190e+01 -2.167809668584071758e+01 9.630597038799294296e+00 -2.051099786362822641e+01 -2.109074966186627265e+01 3.005576752107065275e+01 -6.843014664972278283e+00 1.248995645880518479e-01 8.530887456921922407e+00 3.620927676016582275e+00 -2.258405665602213119e+00 -2.179532851795724113e+01 -1.987269114327301622e+01 2.647354473890003490e+01 -3.479342766793063646e+00 3.013162493302820710e+00 6.583612150883366709e+00 -1.081813331417427371e+01 2.735391800415198915e+01 -1.074188581660156139e+01 -1.187375377308444158e+01 -2.206120564992413691e+01 9.084093151230045182e-02 3.877417640468903137e+00 7.264749825074881429e+00 5.558027603069692901e+00 9.699932064997893733e+00 1.790855625888271518e+01 -3.099323981105144554e+01 4.674561012305457730e+00 9.824398982745503162e+00 2.249628442962625741e+01 -1.573312440924477862e+01 -9.959391082853796817e+00 1.239115523541490127e+01
2.647058823529411598e+02 -7.076878764543320877e+00 -1.392672552308387424e+01 4.219061204698242307e+00 4.934085614932241981e+01 4.956340215014721906e+01 -1.191176548201880792e+01 1.461903624065062957e+01 -1.814457613144637094e+01 -5.026984486183273759e+00 2.576198443860686993e+01 1.062669122587035808e+01 -2.429611991342504496e+01 1.613671532941272346e+01 2.409571187733020281e+01 6.211347123577617424e+00 1.694091077417244762e+01 5.716331147616446451e+00 2.686346501025709443e+01 7.223502623405472889e+00 -5.927645458381650023e+00 -3.768750051288407832e+01 1.371177596083896333e+01 -7.644681289946450242e+00 -5.050503803855117546e+00 1.805987841518011905e+01 -4.776443781060306648e+00 1.558141868862971613e+01 -2.079407998378077593e+01 1.649441685806916524e+01 6.785135412456639870e+00 1.644025534454650028e+01 1.479741537249451078e+01 -1.507086623985968821e+01 -1.434991643367231617e+01 -2.323466547065028109e+01 4.354620917026607430e+01 -2.185452727164579656e+01 -3.261842095834449839e+00 -5.928240896381380409e+00 1.209306780303856499e+01 8.132644785746920846e+00 -1.167960953345196451e+01 -2.145457660035096836e+01 -1.596741216476124237e+01 3.884960488188229277e+01 1.925944956471572667e+01 -1.053246393278367954e+01 1.896190037303767184e+01 2.217025668928807391e+01 1.668648506826979272e+01 -4.135068880655504486e+00 -2.286881713061063692e+01 2.695060866453012238e+00 -2.332036618545334505e+01 -6.135182750322980638e+01 2.113310058249644996e+01 1.551437062279032375e+01 -1.318375010268397673e+01 -2.212575248226286817e+01 -2.342414711793306381e+01 -2.070451001872812924e+01 -7.439827449272175208e+00 -1.834105691449656206e+01 -6.266072129306738958e+00 2.075723464229755422e+01 -4.095184825191031108e-02 -6.582184643343124364e+00 -6.703824880347622361e+00 -6.578089131683403146e+00 -2.201713534550049900e+01 -6.775409085764804829e+00 1.591730087574703845e+01 4.269600331759743739e+01 2.284610208742909165e+01 1.473859719502307364e+01 2.147591611336985906e+01 -2.333645329378972377e+01 1.039027672215426890e+01 -2.232889446887293516e+01 -2.277117645736495177e+01 3.238069658637758153e+01 -7.368486582355613379e+00 1.353222437551429846e-01 9.254823580597964394e+00 3.909316059815305167e+00 -2.434971507049842554e+00 -2.351288681273761227e+01 -2.163663384477107599e+01 2.863463632932154823e+01 -3.758328460492249334e+00 3.243111585781252693e+00 7.119317902158702971e+00 -1.162188122041221661e+01 2.957123753132924193e+01 -1.162814866352254484e+01 -1.296726583817741307e+01 -2.374012979265783940e+01 9.812607939342589403e-02 4.179451522135942731e+00 7.825258904522976344e+00 5.984454719166304670e+00 1.055377758232893193e+01 1.944600531132202192e+01 -3.341423767009332835e+01 5.071388038908129836e+00 1.054265482712814972e+01 2.413074693002402782e+01 -1.699161469163605531e+01 -1.066253071242199191e+01 1.344225813451222251e+01
2.652941176470588402e+02 -7.516777186263739807e+00 -1.470866321239687302e+01 4.515250318241196048e+00 5.242643806952645491e+01 5.242969853847607453e+01 -1.258450296801582624e+01 1.559035404388324331e+01 -1.974639782482169181e+01 -5.392232741672437157e+00 2.774440187960444959e+01 1.166459672115562718e+01 -2.640564143171278744e+01 1.746110841916124912e+01 2.593148446781669847e+01 6.857828339800991380e+00 1.847226106220816888e+01 6.293914963841737986e+00 2.887673340492514029e+01 7.951908196372675874e+00 -6.381973047369300822e+00 -4.047842133302209788e+01 1.487365621345087696e+01 -8.382973431466643532e+00 -5.553030488430551692e+00 1.931333181563769941e+01 -5.133067880328498589e+00 1.673355442374126412e+01 -2.262346136951025599e+01 1.790703184050002861e+01 7.473980407256029856e+00 1.752131441268059930e+01 1.578151560506506890e+01 -1.627953073922753902e+01 -1.567495962530120046e+01 -2.520821944764250944e+01 4.632765021846433484e+01 -2.344536888209909620e+01 -3.568574756026777539e+00 -6.295659980361604013e+00 1.298311571797666630e+01 8.957893815744043309e+00 -1.259498577263650354e+01 -2.308415144168738919e+01 -1.716688224527157303e+01 4.176773353238194630e+01 2.092448561481013058e+01 -1.113196388649391722e+01 2.038276755812549013e+01 2.367208257914755976e+01 1.793763787292843759e+01 -4.497709996761594553e+00 -2.475099198972717573e+01 2.893959848227857456e+00 -2.522601745527256867e+01 -6.509547057236336798e+01 2.257844444865692779e+01 1.670601736411944671e+01 -1.440420498074352373e+01 -2.380682813953518107e+01 -2.543630492179697100e+01 -2.247894604105065852e+01 -7.984598092240477563e+00 -1.982956204992045457e+01 -6.908569559372702784e+00 2.260609955970455331e+01 -4.443968633610088231e-02 -7.258458369107057884e+00 -7.249556647699106016e+00 -7.151454601580164550e+00 -2.388296479491016200e+01 -7.473657126832317310e+00 1.695941009493548179e+01 4.560302523541821529e+01 2.477696377701752084e+01 1.585106517997210496e+01 2.301843244390575549e+01 -2.502404635380737830e+01 1.116602701731181568e+01 -2.421087763175843932e+01 -2.448975719181423472e+01 3.474951631412986330e+01 -7.903534299335317037e+00 1.459545253178055890e-01 1.000041271750369987e+01 4.203910006618827744e+00 -2.615799050678524029e+00 -2.526709191481758054e+01 -2.346316443130903906e+01 3.085089953410531294e+01 -4.044212888690563723e+00 3.477032139588337678e+00 7.668688042962869211e+00 -1.243692676007981568e+01 3.184322358740242720e+01 -1.253846328409769306e+01 -1.410529618063869961e+01 -2.544768531844171733e+01 1.055193102722835619e-01 4.487393742022899978e+00 8.396407255787625701e+00 6.420060901817657317e+00 1.143716649638732541e+01 2.103166536940631559e+01 -3.588187507110319530e+01 5.479835038725292762e+00 1.126991626237982125e+01 2.578376482100403067e+01 -1.827951693412639145e+01 -1.137121399694394519e+01 1.452514073086482682e+01
2.658823529411764639e+02 -7.953826466783289639e+00 -1.547600841416686279e+01 4.813760520867790937e+00 5.549397617862708643e+01 5.525280099811791246e+01 -1.324521182140623488e+01 1.656274918009867037e+01 -2.140572360488144099e+01 -5.761684018443801847e+00 2.976403501173800592e+01 1.275306988727501611e+01 -2.858589256420615143e+01 1.881993351761400035e+01 2.779882199798492692e+01 7.541568367681827034e+00 2.006209961091610339e+01 6.902564230833515779e+00 3.092102117274366080e+01 8.719259983224109334e+00 -6.844545890434355684e+00 -4.330945691759105642e+01 1.607014475686376187e+01 -9.157147171730413149e+00 -6.081539269676516923e+00 2.057515461091921338e+01 -5.495019618585072152e+00 1.790173391871237030e+01 -2.451659657815640259e+01 1.936400433892222850e+01 8.200300639187226182e+00 1.860226793823135338e+01 1.676678100430362051e+01 -1.751707818649143533e+01 -1.705448495636613870e+01 -2.724193887044395623e+01 4.909961417600155187e+01 -2.505555948086396612e+01 -3.888601731474880641e+00 -6.660668829384809975e+00 1.388497966472651157e+01 9.827618715713636988e+00 -1.352908515807715872e+01 -2.474196273571492100e+01 -1.838549492087546966e+01 4.473237858300755221e+01 2.264425169423062911e+01 -1.172108341186429747e+01 2.182575381135193027e+01 2.517872079831298393e+01 1.920799612239849097e+01 -4.873311311636054022e+00 -2.668411489038820861e+01 3.095794674393179680e+00 -2.718154924585141785e+01 -6.880783079224920584e+01 2.403041538463160265e+01 1.791983279507227067e+01 -1.567497668265529676e+01 -2.551682937106796345e+01 -2.751252926249145503e+01 -2.431010731907579725e+01 -8.536403699970490422e+00 -2.135583093173354641e+01 -7.586770454070590475e+00 2.452297755653097155e+01 -4.830705282028888159e-02 -7.972485403095209477e+00 -7.809345543325087569e+00 -7.744505955063034186e+00 -2.580511140472006204e+01 -8.211233047022059139e+00 1.800088246782084767e+01 4.852165595974526013e+01 2.676803121952247366e+01 1.698138184284421470e+01 2.457633751420774715e+01 -2.673072703996219346e+01 1.195340054659583728e+01 -2.614840126163377931e+01 -2.623674743688258815e+01 3.714822872763600259e+01 -8.444951521293921459e+00 1.567418318909295782e-01 1.076391731912694993e+01 4.503062100373568910e+00 -2.799788106769067308e+00 -2.704782721355406494e+01 -2.534401631932395560e+01 3.311030582495348540e+01 -4.335371307939534624e+00 3.713515111801790614e+00 8.228705566410846828e+00 -1.325817950190316630e+01 3.415739481037478953e+01 -1.346797021407786588e+01 -1.528317038112400184e+01 -2.717352148483196927e+01 1.129855423817426319e-01 4.799446321358831646e+00 8.974783847206884602e+00 6.862139251342084911e+00 1.234601803433200828e+01 2.265777114352026089e+01 -3.838189526518060291e+01 5.897865110007241896e+00 1.200152947157779693e+01 2.744473896517304112e+01 -1.958955709617430330e+01 -1.208075381348065669e+01 1.563434150397237232e+01
2.664705882352941444e+02 -8.384839084430156575e+00 -1.622283994603009916e+01 5.112629663181606610e+00 5.852121834985206306e+01 5.801121959396927252e+01 -1.388880208192886911e+01 1.752951114048314452e+01 -2.311504308212661840e+01 -6.133017284363785571e+00 3.180903661614288680e+01 1.388859333573339683e+01 -3.082663489933709400e+01 2.020605642777380595e+01 2.968666845498621143e+01 8.261008896283772884e+00 2.170372329780045462e+01 7.540605169898311644e+00 3.298392456422669738e+01 9.523424598730604984e+00 -7.312640631579899519e+00 -4.616306794580464867e+01 1.729534814943063381e+01 -9.964535217018273272e+00 -6.634451340478721981e+00 2.183693873526904383e+01 -5.860093189795867019e+00 1.907873229221192091e+01 -2.646489936287723310e+01 2.085829933084168530e+01 8.962151035348721706e+00 1.967558863190327756e+01 1.774642242806322301e+01 -1.877669200642420577e+01 -1.848301503530273848e+01 -2.932582544410771064e+01 5.184231811716178129e+01 -2.667493190813753756e+01 -4.220726040191812523e+00 -7.020589129969148523e+00 1.479305819774690001e+01 1.073948933814243745e+01 -1.447661446532006835e+01 -2.641808478007578742e+01 -1.961585048530672992e+01 4.772553621139568492e+01 2.441059637158108231e+01 -1.229532641167156726e+01 2.328208104846937232e+01 2.667997976644722158e+01 2.048986831897022043e+01 -5.260129356541629164e+00 -2.865801575148381630e+01 3.299296946638136774e+00 -2.917653937438018374e+01 -7.246137635605062144e+01 2.547924613871486699e+01 1.914867078442061299e+01 -1.699107446363148455e+01 -2.724554619052174331e+01 -2.964286380367420648e+01 -2.618913593467356193e+01 -9.091782769958303589e+00 -2.291162382301981637e+01 -8.298958563157693646e+00 2.649941147002884279e+01 -5.252630633792004788e-02 -8.722482090982289549e+00 -8.380191460270747683e+00 -8.354473806260990898e+00 -2.777408309340000159e+01 -8.986328096044360336e+00 1.903443963868175359e+01 5.143218917861632633e+01 2.880925949596509383e+01 1.812277477408369464e+01 2.613972637460273063e+01 -2.844564766348279150e+01 1.274759403790480050e+01 -2.813178822343941832e+01 -2.800160056822581822e+01 3.956181350868577340e+01 -8.989308407684706737e+00 1.676247547674867833e-01 1.154118725567502501e+01 4.804983924822416874e+00 -2.985764221749330094e+00 -2.884418193095376637e+01 -2.726982289349920308e+01 3.539971543800719900e+01 -4.630045471289581549e+00 3.951054781895839252e+00 8.796083887642218713e+00 -1.408024474540385462e+01 3.650015061541999017e+01 -1.441134249075851592e+01 -1.649548991861134795e+01 -2.890659428779496309e+01 1.204848943720797649e-01 5.113675088717565487e+00 9.556737597548183416e+00 7.307811542971735186e+00 1.327572625116717830e+01 2.431566194036556894e+01 -4.089893191225357327e+01 6.323214904862489938e+00 1.273258806331016579e+01 2.910250493561991902e+01 -2.091385588619909086e+01 -1.278625010272240381e+01 1.676380579091253509e+01
2.670588235294117680e+02 -8.806580341855989147e+00 -1.694327752029934686e+01 5.409808214633536672e+00 6.148554922324786531e+01 6.068348207516291382e+01 -1.451021299401855735e+01 1.848372132039056837e+01 -2.486587034112796957e+01 -6.503781858073605093e+00 3.386670312998623444e+01 1.506690745936381504e+01 -3.311638054107118023e+01 2.161164939818028685e+01 3.158319373942782704e+01 9.014100854104915683e+00 2.338944531553464046e+01 8.205937966949193196e+00 3.505224212701942577e+01 1.036173238296549748e+01 -7.783339400593904500e+00 -4.902067223865162759e+01 1.854271588409896765e+01 -1.080196047002452353e+01 -7.209824213411121008e+00 2.308992866198168770e+01 -6.225943187195862372e+00 2.025689313692886628e+01 -2.845866810340744024e+01 2.238206694475693581e+01 9.757076257591259960e+00 2.073353494694697119e+01 1.871343735710529899e+01 -2.005096538014563379e+01 -1.995419491499025000e+01 -3.144876163766556232e+01 5.453555643142916409e+01 -2.829276301779070835e+01 -4.563542286952881000e+00 -7.372706296486420285e+00 1.570142124717835941e+01 1.169056284481647090e+01 -1.543185573821078194e+01 -2.810192200471516344e+01 -2.085007410882564471e+01 5.072804774080197632e+01 2.621439085988515671e+01 -1.285021216018520107e+01 2.474241144749922228e+01 2.816529718577969277e+01 2.177506482553204137e+01 -5.656205476738242588e+00 -3.066154022928740375e+01 3.503126405780712105e+00 -3.119958670770961007e+01 -7.602829763931291041e+01 2.691479530213577576e+01 2.038487495894300494e+01 -1.834669320805818771e+01 -2.898207325115808430e+01 -3.181618219383567947e+01 -2.810615062087665450e+01 -9.647078672636524743e+00 -2.448795078220417309e+01 -9.042938531288509552e+00 2.852579533060898243e+01 -5.706996439075352756e-02 -9.506159400855647590e+00 -8.958815028410782588e+00 -8.978248118139392275e+00 -2.977933385481083306e+01 -9.796610963124756211e+00 2.005260340803463137e+01 5.431418661649531998e+01 3.088954378786715438e+01 1.926801601563146704e+01 2.769817317296089243e+01 -3.015738498966243952e+01 1.354350206148140323e+01 -3.015031182989512359e+01 -2.977307882357077418e+01 4.197439789610397298e+01 -9.532990020531672215e+00 1.785394777470740990e-01 1.232770044214753646e+01 5.107766286243621501e+00 -3.172489300511265320e+00 -3.064456864173920536e+01 -2.923019580082542745e+01 3.770501241103290369e+01 -4.926361030562189214e+00 4.188066091005249625e+00 9.367299648791044930e+00 -1.489748671831679516e+01 3.885691296959339525e+01 -1.536283881834257414e+01 -1.773616915808332450e+01 -3.063529215179123000e+01 1.279735191351618062e-01 5.428031498209994865e+00 1.013841726217137307e+01 7.754056159132396431e+00 1.422119937108407228e+01 2.599586185484890777e+01 -4.341668549058500304e+01 6.753416795808607098e+00 1.345799098683650108e+01 3.074546793274576473e+01 -2.224401094501476095e+01 -1.348265136367014350e+01 1.790694276227392123e+01
2.676470588235293917e+02 -9.215811430476790633e+00 -1.763156353587071834e+01 5.703184393304704614e+00 6.436429116655693861e+01 6.324842916304552887e+01 -1.510448327779905675e+01 1.941834211250353803e+01 -2.664881107223149215e+01 -6.871427483560702321e+00 3.592361617357391168e+01 1.628302616158425664e+01 -3.544249115836239383e+01 2.302827100744685040e+01 3.347593014912889942e+01 9.798300654306311586e+00 2.511065393800466339e+01 8.896038539149952129e+00 3.711212902326870022e+01 1.123098001011558900e+01 -8.253562738572169266e+00 -5.186285866380811171e+01 1.980510316639694679e+01 -1.166574616367759809e+01 -7.805355343819435632e+00 2.432512957885811034e+01 -6.590112167521571251e+00 2.142821818110525811e+01 -3.048716652680754180e+01 2.392671381938403741e+01 1.058211166556460192e+01 2.176825176032026121e+01 1.966070073383498240e+01 -2.133197789274959177e+01 -2.146083410566837557e+01 -3.359861439290919805e+01 5.715896788182431720e+01 -2.989789990921905272e+01 -4.915444670833855056e+00 -7.714305214636304697e+00 1.660388007609143912e+01 1.267728533538035762e+01 -1.638872995169973024e+01 -2.978232787852247299e+01 -2.207990611473309528e+01 5.371981866263181615e+01 2.804560884794588205e+01 -1.338133900745604166e+01 2.619695521404636906e+01 2.962387642694575973e+01 2.305499429245111642e+01 -6.059380717207354827e+00 -3.268265870618309066e+01 3.705885942384917531e+00 -3.323842467157527381e+01 -7.948087509718250487e+01 2.832667608763886236e+01 2.162036383069126089e+01 -1.973525177355159954e+01 -3.071493329646415660e+01 -3.402028932112662574e+01 -3.005033539442248269e+01 -1.019848251691551688e+01 -2.607516226966064110e+01 -9.816034659258171757e+00 3.059144894363912925e+01 -6.191015582892115537e-02 -1.032072124911781152e+01 -9.541691042590016991e+00 -9.612403911270300583e+00 -3.180936393603748158e+01 -1.063922514125449759e+01 2.104779368972775799e+01 5.714673785851366716e+01 3.299681606650139543e+01 2.040950695326621656e+01 2.924086090518231629e+01 -3.185407702104408756e+01 1.433577553992031284e+01 -3.219229806922830051e+01 -3.153938079146478302e+01 4.436944576878878621e+01 -1.007223924049618091e+01 1.894183877758512380e-01 1.311861009993681115e+01 5.409401960524718334e+00 -3.358674030136209687e+00 -3.243685671685670258e+01 -3.121382319211312861e+01 4.001126033056491593e+01 -5.222347672812854391e+00 4.422903860730419190e+00 9.938630821485151756e+00 -1.570409877739589355e+01 4.121228940283151587e+01 -1.631636555957131662e+01 -1.899848452328898674e+01 -3.234757559561530371e+01 1.354044393336001628e-01 5.740376943627908624e+00 1.071581642280813185e+01 8.197740128312664964e+00 1.517690987919517731e+01 2.768817676141583206e+01 -4.591812087787990748e+01 7.185825330763639052e+00 1.417250578484887313e+01 3.236174919852022214e+01 -2.357119027018332247e+01 -1.416481963447256121e+01 1.905669327868116980e+01
2.682352941176470722e+02 -9.609333359848996281e+00 -1.828214364806331460e+01 5.990610981309113292e+00 6.713501228284104627e+01 6.568550864178774873e+01 -1.566682099516328819e+01 2.032631067632375377e+01 -2.845364789278717765e+01 -7.233336783377841250e+00 3.796580045608746445e+01 1.753126489103289387e+01 -3.779129960712679548e+01 2.444695921068440114e+01 3.535192332484337641e+01 1.061057448082132559e+01 2.685788785449089389e+01 9.607967621647102163e+00 3.914926548831246578e+01 1.212744283597783124e+01 -8.720106383039075482e+00 -5.466962339180327035e+01 2.107484527620076520e+01 -1.255173550270290761e+01 -8.418392225278941154e+00 2.553342199897878118e+01 -6.950060795915911527e+00 2.258446603034824562e+01 -3.253872534468476374e+01 2.548299038237136926e+01 1.143379331373457397e+01 2.277187549854460613e+01 2.058105998824190408e+01 -2.261138355195205918e+01 -2.299496409364797600e+01 -3.576235989399142312e+01 5.969231031168531842e+01 -3.147889867299026889e+01 -5.274638837185214868e+00 -8.042706671156508946e+00 1.749406492356219189e+01 1.369550499899370877e+01 -1.734086956761474241e+01 -3.144773748804095703e+01 -2.329680104481845149e+01 5.668005997079934843e+01 2.989342462233842213e+01 -1.388444653014838970e+01 2.763558934759898733e+01 3.104482990706338086e+01 2.432076836297688871e+01 -6.467314933864744653e+00 -3.470859503046106909e+01 3.906138086988574010e+00 -3.528005406128212229e+01 -8.279185434291078138e+01 2.970439195190844472e+01 2.284672555934692539e+01 -2.114944622060072987e+01 -3.243221435357344973e+01 -3.624204317987029356e+01 -3.201004675911702435e+01 -1.074208036307005543e+01 -2.766305468829009939e+01 -1.061509777279478506e+01 3.268471337771970298e+01 -6.701816767106570649e-02 -1.116287118899804831e+01 -1.012508713739339150e+01 -1.025323349363439185e+01 -3.385183768835663187e+01 -1.151079495479923764e+01 2.201243029998942191e+01 5.990873474025008960e+01 3.511816218379267696e+01 2.153937137026547077e+01 3.075672045304927238e+01 -3.352357162809654767e+01 1.511888832410419248e+01 -3.424524767333772957e+01 -3.328828243355472694e+01 4.672996331108299728e+01 -1.060320328281990321e+01 2.001908225236900263e-01 1.390879928682718969e+01 5.707810711371807066e+00 -3.542991864773928246e+00 -3.420851940875892438e+01 -3.320858713969228404e+01 4.230287792235855449e+01 -5.515961716269962345e+00 4.653883450356024021e+00 1.050619980516642116e+01 -1.649417749000797428e+01 4.355025495074264086e+01 -1.726554612128852284e+01 -2.027513776974596738e+01 -3.403112793002040348e+01 1.427283746469396319e-01 6.048509380142344405e+00 1.128482242194680651e+01 8.635654561286202124e+00 1.613695212696980263e+01 2.938180712346724732e+01 -4.838568109017476360e+01 7.617647421813094510e+00 1.487083552815019516e+01 3.393934119240107350e+01 -2.488623658581827058e+01 -1.482759834206856553e+01 2.020560827515888391e+01
2.688235294117646959e+02 -9.984030894663092681e+00 -1.888974565754821100e+01 6.269933467592435861e+00 6.977583468459691574e+01 6.797506304155055545e+01 -1.619266989271665125e+01 2.120063499301957322e+01 -3.026944233512442395e+01 -7.586859398829949086e+00 3.997889569471381321e+01 1.880528252047386317e+01 -4.014825369305482639e+01 2.585833570636113876e+01 3.719789432126448503e+01 1.144741078427981940e+01 2.862092878246280137e+01 1.033838727090778242e+01 4.114903845852441577e+01 1.304689548398142307e+01 -9.179680887697156066e+00 -5.742062106617804318e+01 2.234384330288919429e+01 -1.345532049742585734e+01 -9.045948964532771086e+00 2.670568169163007255e+01 -7.303200142606040224e+00 2.371725630890429315e+01 -3.460086298824956685e+01 2.704109072800229185e+01 1.230817617222835025e+01 2.373664128486790759e+01 2.146743224416700713e+01 -2.388050874244596145e+01 -2.454791087655246073e+01 -3.792622666041896196e+01 6.211573783277988525e+01 -3.302417051109322443e+01 -5.639157234125973694e+00 -8.355303834211156300e+00 1.836550553434850741e+01 1.474049464679610644e+01 -1.828169630788993771e+01 -3.308630978067161266e+01 -2.449203481001520188e+01 5.958754815260225257e+01 3.174632730664869840e+01 -1.435547567200070418e+01 2.904798511881774914e+01 3.241732598136099597e+01 2.556331478885656594e+01 -6.877509771237813929e+00 -3.672597138936552597e+01 4.102422734376944824e+00 -3.731089221985098447e+01 -8.593481774457451650e+01 3.103747704145336783e+01 2.405532150229194244e+01 -2.258131678955014365e+01 -3.412171799568178443e+01 -3.846749791540614183e+01 -3.397293921288748209e+01 -1.127390240515851616e+01 -2.924098780191096836e+01 -1.143652070206517735e+01 3.479306699667295533e+01 -7.236408976418402805e-02 -1.202882853062443935e+01 -1.070510687972991626e+01 -1.089678462531664493e+01 -3.589372085653852906e+01 -1.240744146746894572e+01 2.293903570149443638e+01 6.257915438996252533e+01 3.723995823491829782e+01 2.264955535381383456e+01 3.223457624106757180e+01 -3.515358234837898976e+01 1.588720639757223907e+01 -3.629597530850914211e+01 -3.500728911135231414e+01 4.903871742415888235e+01 -1.112198332401663414e+01 2.107839359396704582e-01 1.469294214164947476e+01 6.000865912238984023e+00 -3.724094345826181929e+00 -3.594679051117545754e+01 -3.520169911620443060e+01 4.456382893700708792e+01 -5.805110634005933967e+00 4.879302668739557980e+00 1.106602007861528669e+01 -1.726179995786075239e+01 4.585434962461813768e+01 -1.820379801151228349e+01 -2.155833058747280973e+01 -3.567351434365158980e+01 1.498945783776985674e-01 6.350191454010150061e+00 1.184126817905829299e+01 9.064552773728458135e+00 1.709510962532204914e+01 3.106547321133821171e+01 -5.080151518427950919e+01 8.045975816589042040e+00 1.554768832858076699e+01 3.546626694474730357e+01 -2.617978024267964798e+01 -1.546588249880119825e+01 2.134593588642914597e+01
2.694117647058823763e+02 -1.033691555540714369e+01 -1.944945276765932363e+01 6.539018746659453818e+00 7.226573733934053223e+01 7.009860381643312621e+01 -1.667777401892422162e+01 2.203448908746447543e+01 -3.208465376441487393e+01 -7.929347336167992033e+00 4.194833891886231214e+01 2.009813497858915454e+01 -4.249807920565412189e+01 2.725271967383539007e+01 3.900041167918958962e+01 1.230484181736635207e+01 3.038891020212573224e+01 1.108358464422049394e+01 4.309673111696393022e+01 1.398464322289469131e+01 -9.628953798484392479e+00 -6.009542837111600733e+01 2.360365955536673610e+01 -1.437148039248428866e+01 -9.684729212763439676e+00 2.783290128069210922e+01 -7.646925406107373036e+00 2.481817939263433814e+01 -3.666042390790122596e+01 2.859076644324074223e+01 1.320086216665082546e+01 2.465498903993533375e+01 2.231290119867838229e+01 -2.513045831249098327e+01 -2.611038235785368400e+01 -4.007585588892531092e+01 6.441007480247968431e+01 -3.452213398089708107e+01 -6.006878155585262391e+00 -8.649598026024090558e+00 1.921171687434932451e+01 1.580698599073572730e+01 -1.920450504895672239e+01 -3.468607914379181523e+01 -2.565681650487708509e+01 6.242089850789882632e+01 3.359225146723147759e+01 -1.479062630114730048e+01 3.042374102852019746e+01 3.373073760511775987e+01 2.677349584797147486e+01 -7.287335396439873492e+00 -3.872096804755133093e+01 4.293275646810664981e+00 -3.931693592097197865e+01 -8.888454850343093483e+01 3.231563793831037401e+01 2.523739557053752236e+01 -2.402232807126021541e+01 -3.577111532219036150e+01 -4.068206299036473439e+01 -3.592610554893840913e+01 -1.178997562328773796e+01 -3.079801390123180127e+01 -1.227626167688217684e+01 3.690325970474526684e+01 -7.791655957450159542e-02 -1.291435260672897911e+01 -1.127773739493635752e+01 -1.153890412342896887e+01 -3.792143209380197533e+01 -1.332480658571306620e+01 2.382033840867971719e+01 6.513734459470249760e+01 3.934802378703296455e+01 2.373193181674391639e+01 3.366329645217654587e+01 -3.673185131952487126e+01 1.663506131409793909e+01 -3.833076480622192861e+01 -3.668379554734262626e+01 5.127846209647218956e+01 -1.162468510550602296e+01 2.211236513561341543e-01 1.546556903886664180e+01 6.286422577288644398e+00 -3.900627330118871861e+00 -3.763883021406063989e+01 -3.717984893592048223e+01 4.677782551738612682e+01 -6.087679196504399037e+00 5.097464211444558302e+00 1.161404681785748672e+01 -1.800110371201589032e+01 4.810788770995464603e+01 -1.912441504417990501e+01 -2.283984996751535590e+01 -3.726234611961399423e+01 1.568516599558279212e-01 6.643180005261995369e+00 1.238098694855715820e+01 9.481190439428393901e+00 1.804492808850595509e+01 3.272755307621151388e+01 -5.314771456786534998e+01 8.467825370024845810e+00 1.619784854454553624e+01 3.693074204921582293e+01 -2.744235857037570270e+01 -1.607468824819567743e+01 2.246971644678957603e+01
2.700000000000000000e+02 -1.066516722595367739e+01 -1.995677189767106441e+01 6.795784068329973948e+00 7.458484764307456771e+01 7.203906780020275846e+01 -1.711823608187195589e+01 2.282130806343589668e+01 -3.388727131793824299e+01 -8.258190892278911122e+00 4.385955469756780900e+01 2.140234203892517684e+01 -4.482495972142894658e+01 2.862025046060993461e+01 4.074606911185534130e+01 1.317847281311836483e+01 3.215043962782629450e+01 1.183950379142039111e+01 4.497771878212488872e+01 1.493556185373993728e+01 -1.006459336423858097e+01 -6.267381461842913382e+01 2.484562087218785820e+01 -1.529482918562215765e+01 -1.033115549970709068e+01 2.890631255543840439e+01 -7.978650659327628958e+00 2.587890837492000173e+01 -3.870373241981215529e+01 3.012144949527674243e+01 1.410703652819166898e+01 2.551966870254309683e+01 2.311081294784468554e+01 -2.635222831194339221e+01 -2.767256920817496990e+01 -4.219647644148873411e+01 6.655708162185565868e+01 -3.596136972483888883e+01 -6.375547991449422192e+00 -8.923233138089138095e+00 2.002628556420117434e+01 1.688921412363166397e+01 -2.010255143924111465e+01 -3.623511203834762284e+01 -2.678240491583364502e+01 6.515884734707697135e+01 3.541872013382599249e+01 -1.518641014649245768e+01 3.175252128030470899e+01 3.497478920256489232e+01 2.794222949379465248e+01 -7.694060386770604332e+00 -4.067949486503379575e+01 4.477247630094007391e+00 -4.128393694864359276e+01 -9.161737713034891328e+01 3.352889508547433906e+01 2.638418873595415803e+01 -2.546346182751246801e+01 -3.736810934439160548e+01 -4.287067942422687139e+01 -3.785623196383393463e+01 -1.228637616621608863e+01 -3.232301466795244949e+01 -1.312987742542763669e+01 3.900146409184484497e+01 -8.364260780534599204e-02 -1.381477674067374295e+01 -1.183889913300982855e+01 -1.217528620294814523e+01 -3.992100924995603606e+01 -1.425808740513682160e+01 2.464937322904968298e+01 6.756330794026551700e+01 4.142779085536426464e+01 2.477840919039019241e+01 3.503194483934833414e+01 -3.824631354294785268e+01 1.735682616470151274e+01 -4.033553731090195527e+01 -3.830525189330813873e+01 5.343216966534284751e+01 -1.210747184020534917e+01 2.311356623114045605e-01 1.622113661273184704e+01 6.562346089324144316e+00 -4.071247923582926198e+00 -3.927189445416941993e+01 -3.912936837683490410e+01 4.892854018305495600e+01 -6.361556642421681396e+00 5.306698677811569453e+00 1.214622834961224740e+01 -1.870636602500046308e+01 5.029417626588937651e+01 -2.002065344910892719e+01 -2.411116388252025189e+01 -3.878544698027628357e+01 1.635483980038164309e-01 6.925256035973316848e+00 1.289986749978821301e+01 9.882366795023093786e+00 1.897979509523657171e+01 3.435622871130041744e+01 -5.540655529237178456e+01 8.880171379485947369e+00 1.681624732297692759e+01 3.832133709109301378e+01 -2.866453947965560545e+01 -1.664922177728282904e+01 2.356888300018573901e+01
2.705882352941176805e+02 -1.096617254105036743e+01 -2.040769457355914795e+01 7.038225382867984159e+00 7.671471442860207901e+01 7.378104962735683614e+01 -1.751057044674598728e+01 2.355487814758098608e+01 -3.566495782384619417e+01 -8.570854207447018425e+00 4.569814792590067754e+01 2.270996444130057057e+01 -4.711273053704085356e+01 2.995101412474355129e+01 4.242166445077160830e+01 1.406352092252218178e+01 3.389373328061093105e+01 1.260178351949396891e+01 4.677766534360052475e+01 1.589414591423724410e+01 -1.048331282562877576e+01 -6.513601252018631271e+01 2.606092841655989645e+01 -1.621967007346882994e+01 -1.098140431575907527e+01 2.991750585676665963e+01 -8.295843648226650657e+00 2.689131149320713021e+01 -4.071675843912159820e+01 3.162238459123256007e+01 1.502151251342203153e+01 2.632384012792680750e+01 2.385486809401962205e+01 -2.753682287737746393e+01 -2.922425710480025174e+01 -4.427308936610762657e+01 6.853970630632795746e+01 -3.733077496153462249e+01 -6.742806342182546153e+00 -9.174027725122840593e+00 2.080295675287946366e+01 1.798097148301489412e+01 -2.096914147660243088e+01 -3.772166524292659773e+01 -2.786022502558081015e+01 6.778053581060994759e+01 3.721299851305469275e+01 -1.553969875637301179e+01 3.302419367454834997e+01 3.613969838347360763e+01 2.906061224601786463e+01 -8.094884164505531388e+00 -4.258737067913058638e+01 4.652923651801038396e+00 -4.319758402283022036e+01 -9.411150435230518951e+01 3.466771972512449196e+01 2.748705495264325194e+01 -2.689532041076311231e+01 -3.890059895329850548e+01 -4.501800653088331927e+01 -3.974976214240437145e+01 -1.275928261614123826e+01 -3.380484429806681135e+01 -1.399256272354323016e+01 4.107343998834008403e+01 -8.950759873856191373e-02 -1.472505036899533870e+01 -1.238449856058584331e+01 -1.280152478852058806e+01 -4.187828442004804685e+01 -1.520207925627056333e+01 2.541957771008372902e+01 6.983797682881098012e+01 4.346448238293663735e+01 2.578104009838314070e+01 3.632993097711957375e+01 -3.968526048137501760e+01 1.804699077593668477e+01 -4.229602873014167130e+01 -3.985933106619272337e+01 5.548326145828433198e+01 -1.256661517793412131e+01 2.407464676434170614e-01 1.695409979266740663e+01 6.826541151025034004e+00 -4.234641637232472000e+00 -4.083350578110390927e+01 -4.103640305005075817e+01 5.099982122004742990e+01 -6.624664293241316670e+00 5.505387133905469632e+00 1.265856018776582204e+01 -1.937208229653930402e+01 5.239673605368480480e+01 -2.088582017387947687e+01 -2.536352380589023880e+01 -4.023101896946717915e+01 1.699345358827604457e-01 7.194254781358159434e+00 1.339390929239558048e+01 1.026496607368457425e+01 1.989302386855066018e+01 3.593963871822271727e+01 -5.756073918172165804e+01 9.279989264163100771e+00 1.739803160199227960e+01 3.962713314342980908e+01 -2.983704674715533045e+01 -1.718494505797079697e+01 2.463536586599234113e+01
2.711764705882353041e+02 -1.123756031501484287e+01 -2.079874967400845875e+01 7.264444655865266220e+00 7.863855867489182572e+01 7.531100603457934994e+01 -1.785174869490429117e+01 2.422942196974780416e+01 -3.740520222266006556e+01 -8.864909951154331225e+00 4.745009707678841693e+01 2.401269139555378374e+01 -4.934508184749659421e+01 3.123517410269396777e+01 4.401437885946849349e+01 1.495486056649699513e+01 3.560676019386033886e+01 1.336580234866538675e+01 4.848271705867099257e+01 1.685456618537614659e+01 -1.088191477411542962e+01 -6.746298494167979243e+01 2.724077106977551210e+01 -1.714005836042726116e+01 -1.163144620393940976e+01 3.085854431826563982e+01 -8.596060106428298653e+00 2.784756181162164168e+01 -4.268529356960174681e+01 3.308276631265063372e+01 1.593878444610559697e+01 2.706116648295338933e+01 2.453920765169611684e+01 -2.867537191268668906e+01 -3.075494791075573175e+01 -4.629066092424724843e+01 7.034231603741972094e+01 -3.861971387204407336e+01 -7.106213583197037664e+00 -9.400004378326709542e+00 2.153571901672923516e+01 1.907567197486266863e+01 -2.179772106208067584e+01 -3.913434385652007563e+01 -2.888198341711560246e+01 7.026579081795745196e+01 3.896225452163521652e+01 -1.584776455530798778e+01 3.422896680689995463e+01 3.721631059622932014e+01 3.012003947785318658e+01 -8.486971457103793526e+00 -4.443050765256745649e+01 4.818941741980894200e+00 -4.504368939585582865e+01 -9.634729296193199843e+01 3.572316421604999448e+01 2.853757662575911169e+01 -2.830823845068671574e+01 -4.035684143416658287e+01 -4.710861762873484082e+01 -4.159306974899585185e+01 -1.320502739265328884e+01 -3.523247516429341175e+01 -1.485919853998727724e+01 4.310470986514813063e+01 -9.547526112094623096e-02 -1.563978894802882991e+01 -1.291048194898873902e+01 -1.341316850102800196e+01 -4.377906621173467983e+01 -1.615122617919278980e+01 2.612488196027562637e+01 7.194347426675992097e+01 4.544329898092865250e+01 2.673212884647087506e+01 3.754715476874386582e+01 -4.103749925759440487e+01 1.870023623604916452e+01 -4.419797429122829868e+01 -4.133409393107497465e+01 5.741583240418162148e+01 -1.299854673983912434e+01 2.498844078515455869e-01 1.765898511999765930e+01 7.076980352721776946e+00 -4.389539406942480682e+00 -4.231162168240422261e+01 -4.288709102198635748e+01 5.297590908795073261e+01 -6.874983063104553871e+00 5.691983185581401372e+00 1.314713809768499786e+01 -1.999304099609104668e+01 5.439952289591057877e+01 -2.171336180707940855e+01 -2.658807436873330943e+01 -4.158780208942772560e+01 1.759615380732028611e-01 7.448095089431485682e+00 1.385927658844597410e+01 1.062599847466587732e+01 2.077794004541575035e+01 3.746603405088421823e+01 -5.959363014939486192e+01 9.664294778300838828e+00 1.793863018694337086e+01 4.083787202988834508e+01 -3.095088436073534410e+01 -1.767763814924463972e+01 2.566119893134003505e+01
2.717647058823529278e+02 -1.147723311532156210e+01 -2.112704640969852576e+01 7.472675537485089947e+00 8.034149508474354207e+01 7.661742826965476638e+01 -1.813923806961784635e+01 2.483967647851566340e+01 -3.909547824326966037e+01 -9.138072339816329048e+00 4.910194211940584097e+01 2.530193654265858072e+01 -5.150576818691891390e+01 3.246310193157754753e+01 4.551194952919374259e+01 1.584707636018487875e+01 3.727739321131915062e+01 1.412672863397196110e+01 5.007969026820856584e+01 1.781073250467024849e+01 -1.125733398532126905e+01 -6.963668162915118387e+01 2.837644122426688043e+01 -1.804986933907541413e+01 -1.227709124943895169e+01 3.172207104382956189e+01 -8.876976885572203102e+00 2.874024338486924535e+01 -4.459513221856068554e+01 3.449187932680361257e+01 1.685308669888122779e+01 2.772589957073597944e+01 2.515849237901458579e+01 -2.975924958786348995e+01 -3.225398944031613979e+01 -4.823431837181816917e+01 7.195090646905856602e+01 -3.981816147570230413e+01 -7.463280384333795148e+00 -9.599415670542891021e+00 2.221888567168454287e+01 2.016642210963948756e+01 -2.258196458757236869e+01 -4.046225419151675595e+01 -2.983978017399749660e+01 7.259539757363958756e+01 4.065372463856631668e+01 -1.610831610051556595e+01 3.535752186429024135e+01 3.819622307900829838e+01 3.111232209396343151e+01 -8.867488039529240140e+00 -4.619509654666843801e+01 4.974011182106423234e+00 -4.680837676292809135e+01 -9.830752367532929270e+01 3.668698349047678420e+01 2.952767817211924495e+01 -2.969240226373444713e+01 -4.172561072891393508e+01 -4.912719987245895226e+01 -4.337263462548293091e+01 -1.362014659673090122e+01 -3.659514398488447995e+01 -1.572440647284875936e+01 4.508074123754722251e+01 -1.015078050695411710e-01 -1.655333072354199331e+01 -1.341288849168475039e+01 -1.400577726760431219e+01 -4.560932518440327499e+01 -1.709967995411845010e+01 2.675978974696853641e+01 7.386335645241689463e+01 4.734960992557181214e+01 2.762433624435521295e+01 3.867414474260448287e+01 -4.229250405829039750e+01 1.931150724083330061e+01 -4.602729487443176737e+01 -4.271815069220939876e+01 5.921486728957302859e+01 -1.339990537636362689e+01 2.584806795790154377e-01 1.833046391017705901e+01 7.311731747869675502e+00 -4.534734139924464280e+00 -4.369479689698847125e+01 -4.466774395498675432e+01 5.484164788546255664e+01 -7.110580391000473455e+00 5.865033949720295681e+00 1.360821031986591656e+01 -2.056439447628709516e+01 5.628714308780246967e+01 -2.249695226325549058e+01 -2.777596572335657754e+01 -4.284522678479559943e+01 1.815833136353141586e-01 7.684807663588380855e+00 1.429235045984875185e+01 1.096263879318959233e+01 2.162796869898095409e+01 3.892393393617762598e+01 -6.148948116149899334e+01 1.003018400496494422e+01 1.843381573538991347e+01 4.194409445983600904e+01 -3.199745697906793396e+01 -1.812345617622371563e+01 2.663862511333677929e+01
2.723529411764706083e+02 -1.168339366170590843e+01 -2.139030825229752608e+01 7.661307019369876237e+00 8.181072309248817476e+01 7.769097993679652348e+01 -1.837103040766960405e+01 2.538096242530987112e+01 -4.072340580818332967e+01 -9.388228076955165591e+00 5.064096673772157686e+01 2.656894091993078888e+01 -5.357882084860086280e+01 3.362550579170801512e+01 4.690283613876538027e+01 1.673452326381080013e+01 3.889356491079437461e+01 1.487957608376151164e+01 5.155624954704401119e+01 1.875636444415021487e+01 -1.160667893656000338e+01 -7.164028177141280196e+01 2.945945038105899982e+01 -1.894287144720560789e+01 -1.291403734954980287e+01 3.250140734279789712e+01 -9.136423309129531489e+00 2.956245136139595076e+01 -4.643225675872846381e+01 3.583924030380648418e+01 1.775845977436068068e+01 2.831295556692431958e+01 2.570797331667134955e+01 -3.078018943631806081e+01 -3.371070971349981704e+01 -5.008954695793251943e+01 7.335328305787706427e+01 -4.091683855117017288e+01 -7.811498783191060724e+00 -9.770766266787839882e+00 2.284717183517785344e+01 2.124610037923709172e+01 -2.331586032818030674e+01 -4.169515084712775632e+01 -3.072621540693040387e+01 7.475135754720601255e+01 4.227488105070575131e+01 -1.631952471248252223e+01 3.640113854008761507e+01 3.907189717113569571e+01 3.202979732813302149e+01 -9.233637249461285279e+00 -4.786779061780058697e+01 5.116929708783118258e+00 -4.847826547320300250e+01 -9.997761054874467845e+01 3.755174460951467097e+01 3.044973450144086513e+01 -3.103797334878466430e+01 -4.299634912538457598e+01 -5.105875611622545307e+01 -4.507522011359510827e+01 -1.400142643211973947e+01 -3.788249498844912466e+01 -1.658260934176218626e+01 4.698713448922249114e+01 -1.075661142958924121e-01 -1.745980084071832650e+01 -1.388790356786157609e+01 -1.457498045061524294e+01 -4.735537950119964989e+01 -1.804136490946361349e+01 2.731945126429922155e+01 7.558283135265961050e+01 4.916914397171319706e+01 2.845077844593870608e+01 3.970218629167300861e+01 -4.344055780246411302e+01 1.987608006486881607e+01 -4.777028408511922208e+01 -4.400081425912164690e+01 6.086644246608422293e+01 -1.376758305532614735e+01 2.664703060307150317e-01 1.896342331897804101e+01 7.528985121415143311e+00 -4.669096544133820359e+00 -4.497233790990632940e+01 -4.636502874105413952e+01 5.658268931792110834e+01 -7.329635932181357560e+00 6.023199609644042773e+00 1.403822789032876273e+01 -2.108172353595420745e+01 5.804506112771966286e+01 -2.323057750415720335e+01 -2.891846825227474582e+01 -4.399355648007830411e+01 1.867568824425228924e-01 7.902561639282421169e+00 1.468977679465929675e+01 1.127226415226472156e+01 2.243672225423157585e+01 4.030227980736731297e+01 -6.323364781423603631e+01 1.037487246373662764e+01 1.887976012284343952e+01 4.293726655905534528e+01 -3.296868604390854074e+01 -1.851897969577300884e+01 2.756020059651746124e+01
2.729411764705882320e+02 -1.185456633115756198e+01 -2.158689514491442196e+01 7.828904343953440481e+00 8.303568042173745312e+01 7.852459722971251210e+01 -1.854566261957856810e+01 2.584924377330272804e+01 -4.227691222944786631e+01 -9.613464182751295439e+00 5.205536584210098994e+01 2.780488007072728962e+01 -5.554875679620523243e+01 3.471355444864686035e+01 4.817637387514445635e+01 1.761139033273072485e+01 4.044342305838251406e+01 1.561926259667493433e+01 5.290107078781124272e+01 1.968506543222671112e+01 -1.192727024218517329e+01 -7.345841540037670825e+01 3.048164134404480663e+01 -1.981280283081601823e+01 -1.353792234182110477e+01 3.319063835590540634e+01 -9.372409936702581490e+00 3.030788283800993099e+01 -4.818302061068077080e+01 3.711473550864576509e+01 1.864881995775677481e+01 2.881797916498509338e+01 2.618355219457382077e+01 -3.173039420153122947e+01 -3.511455295690453937e+01 -5.184238103599864900e+01 7.453921062467614433e+01 -4.190733332320181859e+01 -8.148373850857307588e+00 -9.912830675073868392e+00 2.341576381948271646e+01 2.230744093315593801e+01 -2.399379083592943118e+01 -4.282357193222340186e+01 -3.153448677922797572e+01 7.671712694139971234e+01 4.381359572666873703e+01 -1.648004350750669289e+01 3.735181019667662383e+01 3.983675488182215929e+01 3.286543057033424731e+01 -9.582696196203084327e+00 -4.943588188010296847e+01 5.246599244506202631e+00 -5.004064825009863426e+01 -1.013457711603237641e+02 3.831092247084116309e+01 3.129667202502144363e+01 -3.233521450063324210e+01 -4.415930675679026507e+01 -5.288880254627326138e+01 -4.668804722814782338e+01 -1.434594535985758235e+01 -3.908471738132469397e+01 -1.742809573108247179e+01 4.880980903555617800e+01 -1.136100067942810710e-01 -1.835317934716878341e+01 -1.433190882458756121e+01 -1.511653345516347002e+01 -4.900407567868238345e+01 -1.897004853340642327e+01 2.779972380532108645e+01 7.708894870778159714e+01 5.088817627571398106e+01 2.920511887659786510e+01 4.062343564158343412e+01 -4.447287975701448204e+01 2.038962545498118928e+01 -4.941378917331089582e+01 -4.517224095321294186e+01 6.235790960079106071e+01 -1.409876531793170606e+01 2.737930452801276560e-01 1.955303499375206044e+01 7.727076115959151892e+00 -4.791589653161400619e+00 -4.613444384797828945e+01 -4.796614375531803631e+01 5.818568337551486991e+01 -7.530465541559757447e+00 6.165270970229446590e+00 1.443389179309342119e+01 -2.154109552109355619e+01 5.965979266268101355e+01 -2.390861527887469151e+01 -3.000708673918035174e+01 -4.502401452038243690e+01 1.914429843412236987e-01 8.099688783901619615e+00 1.504851074738122918e+01 1.155248747635579498e+01 2.319808446263120061e+01 4.159058178686382234e+01 -6.481278272412895092e+01 1.069573253124829471e+01 1.927308454375183899e+01 4.380988961860149544e+01 -3.385711636558574611e+01 -1.886125849075932948e+01 2.841889348307481455e+01
2.735294117647058556e+02 -1.198961326345257916e+01 -2.171581621568324749e+01 7.974227024142817477e+00 8.400815984881398890e+01 7.911355131621286318e+01 -1.866222842148101790e+01 2.624117626342821907e+01 -4.374438947983195902e+01 -9.812092616292735769e+00 5.333440086276900871e+01 2.900097454286959575e+01 -5.740078137250709034e+01 3.571899380805202640e+01 4.932291299896397163e+01 1.847176967705201633e+01 4.191548523628872402e+01 1.634067169672410458e+01 5.410398856074769469e+01 2.059040036242657123e+01 -1.221667564722701194e+01 -7.507736220647548464e+01 3.143529611289857684e+01 -2.065344851220420708e+01 -1.414437725346425090e+01 3.378468748857680026e+01 -9.583154377611846186e+00 3.097091861218242670e+01 -4.983432715290279447e+01 3.830875412966810245e+01 1.951803310880758957e+01 2.923739470532320439e+01 2.658183035438260333e+01 -3.260263792583591425e+01 -3.645521616814169619e+01 -5.347958850720775814e+01 7.550053043252519558e+01 -4.278220971526373972e+01 -8.471455629491046579e+00 -1.002466644793276984e+01 2.392038153161624692e+01 2.334312197574744019e+01 -2.461060623614839216e+01 -4.383896200781920527e+01 -3.225847821009759286e+01 7.847783136271392834e+01 4.525830001694747295e+01 -1.658901866114690193e+01 3.820234792683186953e+01 4.048525976091764278e+01 3.361290631478197355e+01 -9.912051112304844480e+00 -5.088746866616155984e+01 5.362039958411561891e+00 -5.148365787963435025e+01 -1.024031497972534055e+02 3.895898049350778081e+01 3.206206125900212101e+01 -3.357461522107081464e+01 -4.520566904163509747e+01 -5.460355861957172863e+01 -4.819896206694075858e+01 -1.465111215509124243e+01 -4.019267438615111132e+01 -1.825508865495544342e+01 5.053518716780767051e+01 -1.195985520178959871e-01 -1.922737267153143037e+01 -1.474153034099467519e+01 -1.562637336847482317e+01 -5.054296185939259800e+01 -1.987941546901981837e+01 2.819722047375042706e+01 7.837075975448549059e+01 5.249370789474257037e+01 2.988165056972822953e+01 4.143102098917421472e+01 -4.538173778410684633e+01 2.084826406530325826e+01 -5.094538468209644577e+01 -4.622355930812033620e+01 6.367805843842806723e+01 -1.439096735988523612e+01 2.803942152136849608e-01 2.009481817545309212e+01 7.904507960925105436e+00 -4.901281948726727400e+00 -4.717233348183270181e+01 -4.945898713424061555e+01 5.963845268781358300e+01 -7.711543034494904525e+00 6.290184961073276071e+00 1.479219588710476074e+01 -2.193911312653141721e+01 6.111908018804817999e+01 -2.452590869751858094e+01 -3.103367123872327937e+01 -4.592889666432266438e+01 1.956066113890078673e-01 8.274705026460889457e+00 1.536585600112702110e+01 1.180118727214262542e+01 2.390629132905990062e+01 4.277905703337721377e+01 -6.621500851921146591e+01 1.099032785322515338e+01 1.961090109447723151e+01 4.455559246376507332e+01 -3.465601274072312776e+01 -1.914784657842564641e+01 2.920817607577573938e+01
2.741176470588235361e+02 -1.208774499771736721e+01 -2.177673137972947259e+01 8.096243717155964248e+00 8.472238706972093780e+01 7.945547250998470190e+01 -1.872038021135647412e+01 2.655414402195894752e+01 -4.511484535071682700e+01 -9.982671129786304220e+00 5.446853662829017395e+01 3.014860114088498477e+01 -5.912098235595126283e+01 3.663425504465324423e+01 5.033394201938047274e+01 1.930972813696670798e+01 4.329878885506899877e+01 1.703871632441968487e+01 5.515612441378407738e+01 2.146597554359766136e+01 -1.247274089209253667e+01 -7.648522251476606471e+01 3.231323727387497513e+01 -2.145872015836112823e+01 -1.472908102841806155e+01 3.427937555695733352e+01 -9.767103729433166848e+00 3.154669291678316867e+01 -5.137380118087739334e+01 3.941231464299566056e+01 2.035999017705877989e+01 2.956844578654605016e+01 2.690014697457902315e+01 -3.339036004273359737e+01 -3.772278243207419735e+01 -5.498884389371069403e+01 7.623124306678751338e+01 -4.353509899020473028e+01 -8.778370779551536884e+00 -1.010562296318907016e+01 2.435733173218839553e+01 2.434585637302225081e+01 -2.516169168700777092e+01 -4.473378143834389675e+01 -3.289283642343939107e+01 8.002045340712913912e+01 4.659813565518242484e+01 -1.664609242326732286e+01 3.894647115745377164e+01 4.101297986193855394e+01 3.426670844310694264e+01 -1.021923139202728237e+01 -5.221161038994470260e+01 5.462402412094916393e+00 -5.279642236935682575e+01 -1.031438912212726962e+02 3.949143462328047605e+01 3.274019884432247807e+01 -3.474701483421554116e+01 -4.612766833942237810e+01 -5.619012855254281646e+01 -4.959659530211394696e+01 -1.491469744496680505e+01 -4.119802195205906514e+01 -1.905781654010154824e+01 5.215037093662518686e+01 -1.254904337794146840e-01 -2.007628905187037560e+01 -1.511368185545758713e+01 -1.610067227652409017e+01 -5.196045110576472581e+01 -2.076314472857171367e+01 2.850934698480154950e+01 7.941944297313770562e+01 5.397363473483293461e+01 3.047536870710544932e+01 4.211912623786447796e+01 -4.616054335795122654e+01 2.124861622429233066e+01 -5.235353519154845259e+01 -4.714698154933725505e+01 6.481725572698323390e+01 -1.464206495408988395e+01 2.862254213116525170e-01 2.058469831269194827e+01 8.059970503163020439e+00 -4.997358917804915812e+00 -4.807835573855590638e+01 -5.083231590667556077e+01 6.093014913094924623e+01 -7.871519496158274620e+00 6.397037592000246242e+00 1.511046529260042171e+01 -2.227295520735639656e+01 6.241204998101915180e+01 -2.507783272670263841e+01 -3.199052342141074234e+01 -4.670166472424014614e+01 1.992174698939839506e-01 8.426328968577887935e+00 1.563949737858990652e+01 1.201653386755873854e+01 2.455600639526399576e+01 4.385875808140153964e+01 -6.743006665033372826e+01 1.125644531525941261e+01 1.989084653259345714e+01 4.516920579721023898e+01 -3.535944565141498686e+01 -1.937682974935945168e+01 2.992211008427370089e+01
2.747058823529411598e+02 -1.214852526436373203e+01 -2.176994270538172316e+01 8.194143557243476650e+00 8.517505870575818960e+01 7.955033768200996747e+01 -1.872032313736365694e+01 2.678628527980408691e+01 -4.637804671529144684e+01 -1.012402005648148418e+01 5.544955860007641490e+01 3.123940286292829072e+01 -6.069650989859852075e+01 3.745255130544704514e+01 5.120219144570452841e+01 2.011938053455897801e+01 4.458303306646675424e+01 1.770840223204445607e+01 5.604999385414576807e+01 2.230551920379456377e+01 -1.269361653339396590e+01 -7.767205903863795413e+01 3.310892067256892801e+01 -2.222273267528795770e+01 -1.528781540406253470e+01 3.467146630498498183e+01 -9.922953272407056602e+00 3.203115188158938054e+01 -5.278994945168843600e+01 4.041718062351532126e+01 2.116868385898811411e+01 2.980922026765889399e+01 2.713660439670330859e+01 -3.408774812961607381e+01 -3.890784942716597783e+01 -5.635888772242719824e+01 7.672755565103896913e+01 -4.416077381809247271e+01 -9.066853300469828625e+00 -1.015534492840104086e+01 2.472355165814075662e+01 2.530848303530909504e+01 -2.564302430551413536e+01 -4.550159759130366410e+01 -3.343303629077976780e+01 8.133398977937709162e+01 4.782309593659170588e+01 -1.665139803561888243e+01 3.957888306909709542e+01 4.141663361078948924e+01 3.482218656007331248e+01 -1.050194163682304449e+01 -5.339846768142514577e+01 5.546977629376852015e+00 -5.396920297175957160e+01 -1.035651709642035456e+02 3.990490054940036657e+01 3.332617741445634607e+01 -3.584372179917743040e+01 -4.691867896297632257e+01 -5.763666774931360237e+01 -5.087050871009179076e+01 -1.513486016443931526e+01 -4.209331467925358794e+01 -1.983058501683239427e+01 5.364330995653275380e+01 -1.312443543409830271e-01 -2.089391422591799952e+01 -1.544560475062779581e+01 -1.653588612051175843e+01 -5.324597088278103030e+01 -2.161498837932110106e+01 2.873432504163751844e+01 8.022839535373424269e+01 5.531690325142498210e+01 3.098203130952718354e+01 4.268305799369055364e+01 -4.680392785642619913e+01 2.158784182918770611e+01 -5.362774416496098695e+01 -4.793589846945749855e+01 6.576755849889424610e+01 -1.485031870305364876e+01 2.912451804951569079e-01 2.101905863606022251e+01 8.192356098786795826e+00 -5.079132608403525317e+00 -4.884608116198246819e+01 -5.207589052060711055e+01 6.205138758560413237e+01 -8.009239677294758053e+00 6.485094492629849938e+00 1.538638963550101124e+01 -2.254040790265167971e+01 6.352934608989372123e+01 -2.556035166923851776e+01 -3.287049647928964902e+01 -4.733702201916795360e+01 2.022503557961064513e-01 8.553497132466297614e+00 1.586752859384971437e+01 1.219701047152770634e+01 2.514238939593526112e+01 4.482168608300963086e+01 -6.844943972296591994e+01 1.149212314507154531e+01 2.011110709733029367e+01 4.564681622860148025e+01 -3.596236324196885903e+01 -1.954684346485848678e+01 3.055542169374752959e+01
2.752941176470588402e+02 -1.217187023374416022e+01 -2.169637620613745455e+01 8.267344023191450120e+00 8.536534121548220355e+01 7.940041945376573551e+01 -1.866279967641885307e+01 2.693650486766171070e+01 -4.752465120617213756e+01 -1.023523512890245257e+01 5.627067074478443942e+01 3.226539816843155961e+01 -6.211574203726556931e+01 3.816796300198119951e+01 5.192171944931492078e+01 2.089496446272756813e+01 4.575871367060457118e+01 1.834489263714635143e+01 5.677959137775356879e+01 2.310296215911039752e+01 -1.287777941314693209e+01 -7.863000751419531298e+01 3.381651932819401196e+01 -2.293988122049512057e+01 -1.581651918779195398e+01 3.495869617270081875e+01 -1.004966115197368559e+01 3.242109839105611258e+01 -5.407230978486585826e+01 4.131596692395152104e+01 2.193828582315953213e+01 2.995866178402117086e+01 2.729008122744231457e+01 -3.468980956058963017e+01 -4.000165283221858914e+01 -5.757967057919104548e+01 7.698789420215372559e+01 -4.465520492060031188e+01 -9.334774083099244280e+00 -1.017377215483887554e+01 2.501664281505769338e+01 2.622405936484155120e+01 -2.605122222970617329e+01 -4.613715976928454410e+01 -3.387543202979578183e+01 8.240957705108917253e+01 4.892415422291264093e+01 -1.660554724387544212e+01 4.009533126296755512e+01 4.169411573387635883e+01 3.527560907028958326e+01 -1.075809108323610808e+01 -5.443942588414290640e+01 5.615204927230677434e+00 -5.499351619999139729e+01 -1.036671695655657857e+02 4.019712198577209250e+01 3.381594418425654425e+01 -3.685662727609385314e+01 -4.757329419334021026e+01 -5.893253535671465926e+01 -5.201132928174435932e+01 -1.531016779203473455e+01 -4.287209871739985800e+01 -2.056785010025094351e+01 5.500295731970095403e+01 -1.368194721933209124e-01 -2.167438795971910537e+01 -1.573490172052865788e+01 -1.692880134765107059e+01 -5.439009823786989273e+01 -2.242885152324259934e+01 2.887120229678595251e+01 8.079328784919637485e+01 5.651365086942448812e+01 3.139820824430499613e+01 4.311929436981799313e+01 -4.730779931459937160e+01 2.186367277755683602e+01 -5.475868762901716735e+01 -4.858495554521584125e+01 6.652280040605656097e+01 -1.501439279612891831e+01 2.954194327783184471e-01 2.139478502304314844e+01 8.300772364281298721e+00 -5.146049361470169892e+00 -4.947037473991090906e+01 -5.318060598314114173e+01 6.299435784676720118e+01 -8.123755427719675737e+00 6.553798528014843860e+00 1.561805014047241436e+01 -2.273988609867700461e+01 6.446324041545013017e+01 -2.597006777524929433e+01 -3.366708747741070340e+01 -4.783096881705345282e+01 2.046854503731395936e-01 8.655375587527270653e+00 1.604847263828379411e+01 1.234142909489103168e+01 2.566115795301134384e+01 4.566089109160126469e+01 -6.926644567453959667e+01 1.169567522898559275e+01 2.027043558762410314e+01 4.598580017317701873e+01 -3.646064994937735548e+01 -1.965708276611784555e+01 3.110356688900205668e+01
2.758823529411764639e+02 -1.215804232972377008e+01 -2.155755502161324699e+01 8.315494584651158760e+00 8.529483075173965290e+01 7.901020540437389172e+01 -1.854906719464413101e+01 2.700447426323178135e+01 -4.854631588960432964e+01 -1.031569444673294456e+01 5.692656168611100043e+01 3.321907441904627234e+01 -6.336841892001817200e+01 3.877550261010627253e+01 5.248796799983133354e+01 2.163090716146712822e+01 4.681723393934505140e+01 1.894356491357637751e+01 5.734044592776002958e+01 2.385250893617578782e+01 -1.302404776505321848e+01 -7.935334612900633999e+01 3.443098897465554842e+01 -2.360490680549230902e+01 -1.631133620796485673e+01 3.513978632381601130e+01 -1.014645791294356236e+01 3.271421960437816523e+01 -5.521157217334801715e+01 4.210222358745254212e+01 2.266321499071187162e+01 3.001656776610354527e+01 2.736023294454112431e+01 -3.519242464412415927e+01 -4.099616852397194577e+01 -5.864246712180512588e+01 7.701287934420111014e+01 -4.501559360983060998e+01 -9.580166122379321081e+00 -1.016113353712491119e+01 2.523489161625683508e+01 2.708594231112134310e+01 -2.638357916960867655e+01 -4.663644963418806810e+01 -3.421729103460944543e+01 8.324057356141778996e+01 4.989336759488410422e+01 -1.650961157427389381e+01 4.049264627580992482e+01 4.184450375597342031e+01 3.562419720058775141e+01 -1.098581786111471814e+01 -5.532718975657078175e+01 5.666676776534253612e+00 -5.586222637634715937e+01 -1.034530103775617533e+02 4.036698075989332324e+01 3.420633983522129284e+01 -3.777830017410595076e+01 -4.808737767726919543e+01 -6.006841569921911628e+01 -5.301085627167091019e+01 -1.543960805733305897e+01 -4.352898147008799867e+01 -2.126428280397100323e+01 5.621939873805783350e+01 -1.421758032529941984e-01 -2.241207308035635393e+01 -1.597956354415295444e+01 -1.727657122320370320e+01 -5.538466681273150982e+01 -2.319886280893173236e+01 2.891984963950539367e+01 8.111208044645988480e+01 5.755531731952986263e+01 3.172131326385007100e+01 4.342551130209912458e+01 -4.766937448845605019e+01 2.207443324718825295e+01 -5.573831927356743421e+01 -4.909010249166675521e+01 6.707864303976967335e+01 -1.513336587618441698e+01 2.987218919032733067e-01 2.170929929402638692e+01 8.384550473400370407e+00 -5.197694743803800144e+00 -4.994744224156576706e+01 -5.413859420750149098e+01 6.375290270826150163e+01 -8.214334808630155749e+00 6.602774153774811694e+00 1.580393886290779726e+01 -2.287044286797029713e+01 6.520770873785650679e+01 -2.630425612378563827e+01 -3.437451294696079884e+01 -4.818083231301996250e+01 2.065084942069186080e-01 8.731367244405770833e+00 1.618129382696238139e+01 1.244894102516286694e+01 2.610863509520838122e+01 4.637054798714864035e+01 -6.987629572503999498e+01 1.186570910711374793e+01 2.036815676945693454e+01 4.618483501262085156e+01 -3.685116509846454136e+01 -1.970730219737802003e+01 3.156277988449546967e+01
2.764705882352941444e+02 -1.210763911472901633e+01 -2.135556295205120847e+01 8.338477891955427879e+00 8.496748034474698841e+01 7.838628157494882487e+01 -1.838086846600930713e+01 2.699062200472993567e+01 -4.943580963005839379e+01 -1.036506325669673068e+01 5.741346299635151240e+01 3.409349364211535516e+01 -6.444577867337268628e+01 3.927117774429260777e+01 5.289781126050459648e+01 2.232190351901997261e+01 4.775102250532445680e+01 1.950007490958002876e+01 5.772966378662911779e+01 2.454871902716720911e+01 -1.313159364452188527e+01 -7.983854669385490865e+01 3.494813440692779949e+01 -2.421297021381588621e+01 -1.676866929089452185e+01 3.521444509752648599e+01 -1.021285358440020552e+01 3.290910812451124912e+01 -5.619970412961377093e+01 4.277052084284780165e+01 2.333821532377321617e+01 2.998357614475349209e+01 2.734748209401527319e+01 -3.559239625685073349e+01 -4.188422427157256323e+01 -5.953998970795502998e+01 7.680527430937131328e+01 -4.524039366378971749e+01 -9.801251835165148307e+00 -1.011793810658732440e+01 2.537728399123714951e+01 2.788788186149938753e+01 -2.663809515644379999e+01 -4.699672220369215836e+01 -3.445682080997376318e+01 8.382262432588326817e+01 5.072398219639316608e+01 -1.636509563183458482e+01 4.076877269153067829e+01 4.186805024022954314e+01 3.586615243089538296e+01 -1.118351372057983362e+01 -5.605587521932996964e+01 5.701142444794302655e+00 -5.656963442367849382e+01 -1.029286493136667957e+02 4.041449246149054630e+01 3.449513343425015677e+01 -3.860209060806094072e+01 -4.845810640112907208e+01 -6.103644140354438008e+01 -5.386216874447028857e+01 -1.552259734055829732e+01 -4.405969780974186989e+01 -2.191484348085783296e+01 5.728398655884416257e+01 -1.472747297363488639e-01 -2.310163392183955011e+01 -1.617799318635422878e+01 -1.757675395111207095e+01 -5.622287250985814211e+01 -2.391945723432118243e+01 2.888094665950365325e+01 8.118501135101176658e+01 5.843475573930320621e+01 3.194962972894803244e+01 4.360059758647746264e+01 -4.788719919607918030e+01 2.221905605945736895e+01 -5.655997455954807407e+01 -4.944863479046683352e+01 6.743261147074736073e+01 -1.520673812495767940e+01 3.011343383056629963e-01 2.196059049507349314e+01 8.443251771219129509e+00 -5.233797536465346845e+00 -5.027486610924394483e+01 -5.494332589480053031e+01 6.432258609775624336e+01 -8.280469742926991117e+00 6.631830066430497439e+00 1.594297518616368770e+01 -2.293177270162223280e+01 6.575849594516935781e+01 -2.656089565844887446e+01 -3.498778568381234066e+01 -4.838528477328949151e+01 2.077109296874839472e-01 8.781116932923294982e+00 1.626540631933494652e+01 1.251904338113826576e+01 2.648179673642203369e+01 4.694602818113820319e+01 -7.027613633402260973e+01 1.200114318861957052e+01 2.040416785973907565e+01 4.624389564290165566e+01 -3.713177576771653321e+01 -1.969780866365378103e+01 3.193011922615034592e+01
2.770588235294117680e+02 -1.202157725714162062e+01 -2.109300203901048931e+01 8.336406290452698542e+00 8.438948853187417853e+01 7.753718951214442257e+01 -1.816039445601870028e+01 2.689611041692740656e+01 -5.018709041784409663e+01 -1.038329271670849430e+01 5.772916839172535930e+01 3.488237324149076102e+01 -6.534064857646762903e+01 3.965202517960642581e+01 5.314956813584343109e+01 2.296297895747391138e+01 4.855361641319859700e+01 2.001040874908799694e+01 5.794593513025229470e+01 2.518657103210444603e+01 -1.319994697881288204e+01 -8.008427691656800107e+01 3.536464973752025287e+01 -2.475970717348637606e+01 -1.718522246951246757e+01 3.518334946139048469e+01 -1.024863893142031657e+01 3.300526161240760814e+01 -5.703003540101964575e+01 4.331650370339239231e+01 2.395841839464081247e+01 2.986113634207310952e+01 2.725299485084451234e+01 -3.588747535365460806e+01 -4.265957993582150465e+01 -6.026646022613827114e+01 7.636989560476230565e+01 -4.532930569199830018e+01 -9.996463344861428624e+00 -1.004496118084402134e+01 2.544350434692573515e+01 2.862409464350060873e+01 -2.681348977963932256e+01 -4.721651734235783948e+01 -3.459317343822183943e+01 8.415367304473147669e+01 5.141050256839803723e+01 -1.617390598884015773e+01 4.092277361346941689e+01 4.176615230401228729e+01 3.600065976500973619e+01 -1.134984154211355012e+01 -5.662106225118073155e+01 5.718508120696134789e+00 -5.711152736052808621e+01 -1.021027228310805270e+02 4.034078085568824434e+01 3.468103313746946270e+01 -3.932220414654605634e+01 -4.868398209824692202e+01 -6.183027250762822291e+01 -5.455969555997470621e+01 -1.555897976986475406e+01 -4.446114621745351769e+01 -2.251484201535561169e+01 5.818943315126230686e+01 -1.520794087312562770e-01 -2.373809982252602779e+01 -1.632902011819815513e+01 -1.782733838227641954e+01 -5.689934034088239656e+01 -2.458544141202247602e+01 2.875595375602419423e+01 8.101454228340921304e+01 5.914630253699208851e+01 3.208231637812479420e+01 4.364464389199702765e+01 -4.796113951759852512e+01 2.229708401934629691e+01 -5.721843500536061100e+01 -4.965920192835251612e+01 6.758408829540327645e+01 -1.523442863564359406e+01 3.026467179863943091e-01 2.214723128154255605e+01 8.476669005468128404e+00 -5.254230333024307420e+00 -5.045160939965842317e+01 -5.558967431359558731e+01 6.470071810352808939e+01 -8.321878283549938971e+00 6.640957782652035846e+00 1.603451166882027579e+01 -2.292420175495709955e+01 6.611313740898410174e+01 -2.673868251063600354e+01 -3.550276828275406871e+01 -4.844433280944338804e+01 2.082898951837927615e-01 8.804511172181687328e+00 1.630067253571173325e+01 1.255157870139838039e+01 2.677830036935053570e+01 4.738393977611210062e+01 -7.046504727497695342e+01 1.210121481458007686e+01 2.037892659097133219e+01 4.616422519431612415e+01 -3.730136470500474388e+01 -1.962944502709333960e+01 3.220349151065773441e+01
2.776470588235293917e+02 -1.190107173865841261e+01 -2.077294305640922900e+01 8.309615263471886948e+00 8.356915971272759691e+01 7.647325847727024950e+01 -1.789024303912423619e+01 2.672280291169745325e+01 -5.079536890310418329e+01 -1.037061417146900766e+01 5.787303510415141261e+01 3.558016213758716617e+01 -6.604751781472305083e+01 3.991613459711667389e+01 5.324299817410102520e+01 2.354955079802813245e+01 4.921973286915591217e+01 2.047093174197661725e+01 5.798952092301007610e+01 2.576152458919487387e+01 -1.322899545468327709e+01 -8.009137439075620080e+01 3.567814961781304106e+01 -2.524128169605008409e+01 -1.755804113509039155e+01 3.504811426480416259e+01 -1.025388212414461364e+01 3.300307185360652085e+01 -5.769732835607398869e+01 4.373693404933565887e+01 2.451940305358817085e+01 2.965147151463416009e+01 2.707864795147533599e+01 -3.607637444952705152e+01 -4.331699900432576555e+01 -6.081766485467245786e+01 7.571349801886354669e+01 -4.528325555102984623e+01 -1.016446076456596082e+01 -9.943227096431998646e+00 2.543392592382011941e+01 2.928933506973395140e+01 -2.690920659146356897e+01 -4.729565487483596797e+01 -3.462643920378791051e+01 8.423394505892918005e+01 5.194874677006006181e+01 -1.593831420674284516e+01 4.095482163851126245e+01 4.154130689168403734e+01 3.602788043836165599e+01 -1.148374888729746957e+01 -5.701982989388620382e+01 5.718834966192193114e+00 -5.748521031012621307e+01 -1.009863651513417437e+02 4.014803752138317350e+01 3.476368654262481073e+01 -3.993376869646497340e+01 -4.876482579634419068e+01 -6.244515919000957638e+01 -5.509926997256314962e+01 -1.554902036140806310e+01 -4.473141096239860559e+01 -2.305999531467097086e+01 5.892988990628933976e+01 -1.565552052290851148e-01 -2.431692616819784192e+01 -1.643190852346822339e+01 -1.802676476302773878e+01 -5.741017499328432905e+01 -2.519205829529929019e+01 2.854707401735985073e+01 8.060527451855915615e+01 5.968583057233809797e+01 3.211940146373774496e+01 4.355891611385360562e+01 -4.789235599594893245e+01 2.230866414641276307e+01 -5.770997586621852804e+01 -4.972179985778372924e+01 6.753428419736668786e+01 -1.521676815431376006e+01 3.032571340119332715e-01 2.226838691803942538e+01 8.484824623622516881e+00 -5.259008411028987418e+00 -5.047800288365611721e+01 -5.607396198895617090e+01 6.488635957442177471e+01 -8.338504113176439247e+00 6.630327963770606736e+00 1.607833492048614943e+01 -2.284866948307732670e+01 6.627095900863419331e+01 -2.683703464618569257e+01 -3.591621583731345169e+01 -4.835928886647471359e+01 2.082481559119898074e-01 8.801674807894602992e+00 1.628739560228389038e+01 1.254672984790383516e+01 2.699650545113354028e+01 4.768215219989274090e+01 -7.044401527954579478e+01 1.216548547921142109e+01 2.029343296329762580e+01 4.594829019764281242e+01 -3.735982548559091043e+01 -1.950356564735546172e+01 3.238166485511863613e+01
2.782352941176470722e+02 -1.174761213222826406e+01 -2.039887124157276688e+01 8.258653814547612271e+00 8.251673799825825029e+01 7.520641870297117748e+01 -1.757337292726877109e+01 2.647322154580113462e+01 -5.125715347019994539e+01 -1.032753031146068246e+01 5.784595999182970871e+01 3.618210454997984016e+01 -6.656258421586230156e+01 4.006265499257983009e+01 5.317927424910865142e+01 2.407748416904193078e+01 4.974532194906456795e+01 2.087843224090395466e+01 5.786221624881420666e+01 2.626957391184241786e+01 -1.321897834076832901e+01 -7.986278871379845157e+01 3.588718523071583633e+01 -2.565442975446754303e+01 -1.788454720782468144e+01 3.481124939821229702e+01 -1.022892257559036189e+01 3.290380014824263100e+01 -5.819782514676363405e+01 4.402971536511220307e+01 2.501724832843873969e+01 2.935752886599331646e+01 2.682698637014382470e+01 -3.615876704899929450e+01 -4.385230393588711451e+01 -6.119098355528939237e+01 7.484463452935814587e+01 -4.510435464866267807e+01 -1.030414709237254023e+01 -9.813988901816575350e+00 2.534959072934524471e+01 2.987895830661764407e+01 -2.692540582881296274e+01 -4.723521013904438348e+01 -3.455762511028013506e+01 8.406589596242666573e+01 5.233588081524934665e+01 -1.566091655940455496e+01 4.086617270250005873e+01 4.119705102906261374e+01 3.594892849642440780e+01 -1.158447760574816243e+01 -5.725076875680053234e+01 5.702334988910347846e+00 -5.768951471752023252e+01 -9.959298884874428381e+01 3.983946761778797452e+01 3.474366599658149113e+01 -4.043288644543268617e+01 -4.870175355036073483e+01 -6.287797877600036145e+01 -5.547816169162128119e+01 -1.549339229590574796e+01 -4.486976564319159877e+01 -2.354647908184743699e+01 5.950100294010095325e+01 -1.606700891755868665e-01 -2.483404973556515927e+01 -1.648635928625956382e+01 -1.817393773964067094e+01 -5.775298712098889808e+01 -2.573504462186103225e+01 2.825720484116723341e+01 7.996383669250876380e+01 6.005077799376780234e+01 3.206176418080912072e+01 4.334581228032448053e+01 -4.768325957381595259e+01 2.225453310019074493e+01 -5.803239023211216363e+01 -4.963774269138136930e+01 6.728618160974846774e+01 -1.515448571878659934e+01 3.029717170205923349e-01 2.232381560603155890e+01 8.467965689962399622e+00 -5.248286439817123394e+00 -5.035571099233749237e+01 -5.639398516149805829e+01 6.488029894004483822e+01 -8.330512625596840692e+00 6.600284166420607335e+00 1.607465973656880820e+01 -2.270670180751623235e+01 6.623304957644694468e+01 -2.685608551739503724e+01 -3.622580510301419565e+01 -4.813272510917477121e+01 2.075939509480653478e-01 8.772964236812283545e+00 1.622630607483999299e+01 1.250501008287657712e+01 2.713548352165306454e+01 4.783980195549854386e+01 -7.021588008726502039e+01 1.219384065545933460e+01 2.014920273175179943e+01 4.559971804147630792e+01 -3.730804389156389789e+01 -1.932200591578988735e+01 3.246426966499517164e+01
2.788235294117646959e+02 -1.156293503982395876e+01 -1.997462869520069262e+01 8.184271962118522481e+00 8.124421891822376551e+01 7.374999728471878768e+01 -1.721305411342348535e+01 2.615049678788604481e+01 -5.157027351125249481e+01 -1.025480176373275043e+01 5.765033466558040232e+01 3.668429219696363930e+01 -6.688377423152486756e+01 4.009178463279477711e+01 5.296093665285928864e+01 2.454314079858097131e+01 5.012760037648076406e+01 2.123015768203883979e+01 5.756729153889824602e+01 2.670729406448527854e+01 -1.317047594834448354e+01 -7.940349373236453800e+01 3.599124588449743101e+01 -2.599649402002502896e+01 -1.816256775812685120e+01 3.447610351009270602e+01 -1.017435977336131536e+01 3.270954029076351333e+01 -5.852927185066340598e+01 4.419389984384883974e+01 2.544857871033028829e+01 2.898292195862620702e+01 2.650117187348332948e+01 -3.613527234492384110e+01 -4.426241489906440307e+01 -6.138539525089787929e+01 7.377349493266125080e+01 -4.479584479121164975e+01 -1.041467877979710721e+01 -9.658705637980361303e+00 2.519218008296138578e+01 3.038897345551407625e+01 -2.686294781739587023e+01 -4.703747228172477435e+01 -3.438862109336567130e+01 8.365412900530226636e+01 5.257043201234662888e+01 -1.534459039455079932e+01 4.065912562624199467e+01 4.073788816068086760e+01 3.576583484011082703e+01 -1.165156897454065366e+01 -5.731396987747594096e+01 5.669364743926818662e+00 -5.772478386535953376e+01 -9.793804905986215203e+01 3.941922101413468482e+01 3.462244097563327472e+01 -4.081666981996497867e+01 -4.849713231981127137e+01 -6.312724720967454317e+01 -5.569508690431194964e+01 -1.539315856375882952e+01 -4.487665903013756719e+01 -2.397097213237083579e+01 5.989994538169463567e+01 -1.643950018287482773e-01 -2.528593526891923915e+01 -1.649250505407833600e+01 -1.826823350789069522e+01 -5.792689742166994904e+01 -2.621068011827003730e+01 2.788988157894920050e+01 7.909874471327685796e+01 6.024015287415434727e+01 3.191110439453045444e+01 4.300880392170945044e+01 -4.733744964578161785e+01 2.213599392673494037e+01 -5.818498942125148687e+01 -4.940961584871956092e+01 6.684445370709323697e+01 -1.504868917876309098e+01 3.018043689790442241e-01 2.231385959485596970e+01 8.426555542512558006e+00 -5.222353242724008915e+00 -5.008768022463313230e+01 -5.654901526829667091e+01 6.468500503234724874e+01 -8.298283848035021393e+00 6.551334119322540950e+00 1.602411676234321192e+01 -2.250037659960450043e+01 6.600220824278004272e+01 -2.679666670466069434e+01 -3.643014989721349650e+01 -4.776840841980964569e+01 2.063407589666076958e-01 8.718957249392449427e+00 1.611854148294304423e+01 1.242724813929786265e+01 2.719501660663149778e+01 4.785727843125776104e+01 -6.978525327249072063e+01 1.218648441667902027e+01 1.994823472444721446e+01 4.512322009650114296e+01 -3.714786308783276780e+01 -1.908704574149985334e+01 3.245178534062709730e+01
2.794117647058823763e+02 -1.134899469483571721e+01 -1.950435370867172225e+01 8.087405629660370465e+00 7.976514274153689144e+01 7.211850460815922759e+01 -1.681281642510820262e+01 2.575830945021552054e+01 -5.173388412032802819e+01 -1.015343083848567396e+01 5.728997925027199756e+01 3.708370269108485928e+01 -6.701073732219020940e+01 4.000474695988553719e+01 5.259182683720872120e+01 2.494341928256503138e+01 5.036506511762291183e+01 2.152384480732879268e+01 5.710941435966248036e+01 2.707187740480417304e+01 -1.308439362827751751e+01 -7.872037306384126509e+01 3.599074773590361787e+01 -2.626544961756140495e+01 -1.839035789130732823e+01 3.404679847112632984e+01 -1.009103937730879075e+01 3.242317090465672891e+01 -5.869092010146847826e+01 4.422967827086482373e+01 2.581060076381764290e+01 2.853186487601451304e+01 2.610492484395831170e+01 -3.600742610682845424e+01 -4.454537198256026187e+01 -6.140145987671338901e+01 7.251172633673783707e+01 -4.436202670916544122e+01 -1.049547288294549396e+01 -9.479017334647403814e+00 2.496397726211330337e+01 3.081608689115526190e+01 -2.672336521525052433e+01 -4.670588553293681855e+01 -3.412215410181943298e+01 8.300528320566590423e+01 5.265228227521531323e+01 -1.499244862785101695e+01 4.033696607921124411e+01 4.016920336892800947e+01 3.548149817532564754e+01 -1.168486395597045835e+01 -5.721099223921629573e+01 5.620417065436473791e+00 -5.759283615275046486e+01 -9.603877891678106948e+01 3.889231361688860034e+01 3.440233772918868027e+01 -4.108326290600260933e+01 -4.815451966216591018e+01 -6.319310752287248789e+01 -5.575019727982231643e+01 -1.524974836955970225e+01 -4.475368389567572081e+01 -2.433069320427552995e+01 6.012542740430001942e+01 -1.677041837090534337e-01 -2.566961515252321036e+01 -1.645089980944645092e+01 -1.830949851027823172e+01 -5.793251809921593320e+01 -2.661582948922155367e+01 2.744921336617972329e+01 7.802024033721676233e+01 6.025451505605015257e+01 3.166990014807201348e+01 4.255236268643053421e+01 -4.685963757268497432e+01 2.195488484690886111e+01 -5.816858229015679882e+01 -4.904121194202219414e+01 6.621536153864418850e+01 -1.490084135029179357e+01 2.997764132062482045e-01 2.223942763530072497e+01 8.361262543485706189e+00 -5.181624807946350941e+00 -4.967806840299847693e+01 -5.653977923867121547e+01 6.430455548440762925e+01 -8.242402339814431045e+00 6.484138989130319608e+00 1.592773462439101806e+01 -2.223228227237824584e+01 6.558286748724279391e+01 -2.666028169342656895e+01 -3.652880117479455180e+01 -4.727122144909719736e+01 2.045069921967576920e-01 8.640440052156206363e+00 1.596562207776607423e+01 1.231457013600008743e+01 2.717558577709496603e+01 4.773619246913963110e+01 -6.915841496677614941e+01 1.214393027898783117e+01 1.969297156826137041e+01 4.452450069632006802e+01 -3.688203744769381842e+01 -1.880136700373197201e+01 3.234551647887121817e+01
2.800000000000000000e+02 -1.110793115899112848e+01 -1.899241912792169984e+01 7.969159538812104593e+00 7.809437440714610545e+01 7.032741213689986637e+01 -1.637639618181897205e+01 2.530082816393275635e+01 -5.174845061611261343e+01 -1.002464202608772226e+01 5.677005728960320141e+01 3.737822424680089739e+01 -6.694481537418647576e+01 3.980375110430680508e+01 5.207700540895149288e+01 2.527578862632745071e+01 5.045748928469780026e+01 2.175774169393965707e+01 5.649455321191338442e+01 2.736116093943672212e+01 -1.296194251606119252e+01 -7.782208125183069569e+01 3.588700759953247399e+01 -2.645992020189373406e+01 -1.856661658982860530e+01 3.352815467074159272e+01 -9.980036023629093478e+00 3.204829797048793694e+01 -5.868350707577160108e+01 4.413835356639400942e+01 2.610113047469475234e+01 2.800910062474972051e+01 2.564246072707210544e+01 -3.577763974523897872e+01 -4.470033993106664383e+01 -6.124127731362825955e+01 7.107224066962170639e+01 -4.380817688058039039e+01 -1.054621002534292096e+01 -9.276718492771292901e+00 2.466782169205158937e+01 3.115773433373956181e+01 -2.650882725316802180e+01 -4.624497511443455267e+01 -3.376173122748267019e+01 8.212789543215551191e+01 5.258264153127250751e+01 -1.460779253531400279e+01 3.990389911714724036e+01 3.949716872736762241e+01 3.509962556872236661e+01 -1.168449936320492277e+01 -5.694480956402438920e+01 5.556111229592725742e+00 -5.729690793231845447e+01 -9.391391711862848979e+01 3.826453765873258561e+01 3.408648800390196243e+01 -4.123184642058328109e+01 -4.767858740248099991e+01 -6.307729307807121444e+01 -5.564504751702434504e+01 -1.506492904587796389e+01 -4.450353053439172157e+01 -2.462342890467302325e+01 6.017768242654425137e+01 -1.705754503770137986e-01 -2.598271963129251816e+01 -1.636250141315931117e+01 -1.829804212396065211e+01 -5.777191273759297729e+01 -2.694797422699946665e+01 2.693981397208545658e+01 7.674011049478795599e+01 6.009593580701040594e+01 3.134135608303553155e+01 4.198187619564186690e+01 -4.625555549533359567e+01 2.171354251504877553e+01 -5.798543141761996367e+01 -4.853745067622442377e+01 6.540663100159605392e+01 -1.471273196737680422e+01 2.969161293611809471e-01 2.210197081195256885e+01 8.272946212675163835e+00 -5.126635543039484766e+00 -4.913216074910229025e+01 -5.636841841367366612e+01 6.374454443844729212e+01 -8.163644572023997625e+00 6.399500674133030031e+00 1.578691713533149432e+01 -2.190546992335447740e+01 6.498099571390967810e+01 -2.644906994969447922e+01 -3.652223413356711035e+01 -4.664706939357398596e+01 2.021156327540536701e-01 8.538391644784018908e+00 1.576942080595892648e+01 1.216837681550301298e+01 2.707834977490461625e+01 4.747932765449797188e+01 -6.834318904920371551e+01 1.206698681582566302e+01 1.938625594416236453e+01 4.381015597845256337e+01 -3.651417346848372603e+01 -1.846800791958290944e+01 3.214755603407897411e+01
2.805882352941176805e+02 -1.084203755991711660e+01 -1.844337011594908304e+01 7.830788189400943899e+00 7.624787480204300039e+01 6.839292833770187485e+01 -1.590768339030562295e+01 2.478264111178069484e+01 -5.161571447547512292e+01 -9.869860543492771754e+00 5.609697472117264994e+01 3.756666757994155148e+01 -6.668898796962503184e+01 3.949194019163461178e+01 5.142265486588528489e+01 2.553831160047677429e+01 5.040589874847226071e+01 2.193062173704255713e+01 5.572986584528803888e+01 2.757364331358076726e+01 -1.280461535454549704e+01 -7.671888476160630432e+01 3.568220608353767886e+01 -2.657918390516855212e+01 -1.869049610851648069e+01 3.292560945309969611e+01 -9.842633083971309205e+00 3.158918851810896200e+01 -5.850921361034654922e+01 4.392229911621737415e+01 2.631861217116943763e+01 2.741982522000364497e+01 2.511842116007665737e+01 -3.544914728703569295e+01 -4.472759688841775016e+01 -6.090842489328721143e+01 6.946901246814491060e+01 -4.314045273656231672e+01 -1.056683353829435390e+01 -9.053730653363221137e+00 2.430705775058554607e+01 3.141210281297556861e+01 -2.622209521796749954e+01 -4.566026098060211069e+01 -3.331157398098667244e+01 8.103223970601062831e+01 5.236400315485224155e+01 -1.419406467031820718e+01 3.936497093652862134e+01 3.872864213411393308e+01 3.462466320439990852e+01 -1.165089978696481765e+01 -5.651973813919819634e+01 5.477181492181440348e+00 -5.684157797115281596e+01 -9.158342331219309074e+01 3.754236547158586745e+01 3.367876794471651181e+01 -4.126262848589670540e+01 -4.707503267168586802e+01 -6.278307042257139869e+01 -5.538254426011994980e+01 -1.484077387366809830e+01 -4.412992489049750588e+01 -2.484755378641544610e+01 6.005843243036044043e+01 -1.729904185311694764e-01 -2.622349766548690653e+01 -1.622864993290562197e+01 -1.823462247051298135e+01 -5.744853676405257659e+01 -2.720523608722179887e+01 2.636672741063853209e+01 7.527149113076809783e+01 5.976793638087583105e+01 3.092934310130161890e+01 4.130355359155519324e+01 -4.553185487741220072e+01 2.141475786540189219e+01 -5.763919123422275703e+01 -4.790428612638094563e+01 6.442731332983835557e+01 -1.448644525338319156e+01 2.932582166797655376e-01 2.190344958937536646e+01 8.162641093554649174e+00 -5.058028294173423589e+00 -4.845627085884146368e+01 -5.603842851110192669e+01 6.301197190692224126e+01 -8.062963845230353144e+00 6.298347647643256941e+00 1.560341504310994409e+01 -2.152340155364724694e+01 6.420397985708621036e+01 -2.616576309182419280e+01 -3.641182271673014981e+01 -4.590277575201056948e+01 1.991938167993412556e-01 8.413965995763740935e+00 1.553212930351373977e+01 1.199031800939413550e+01 2.690511389047462742e+01 4.709057578147920253e+01 -6.734880020560969172e+01 1.195674053877667831e+01 1.903128275403089731e+01 4.298756374161951754e+01 -3.604866126148671412e+01 -1.809031339858734810e+01 3.186073933968607008e+01
2.811764705882353041e+02 -1.055372659389692558e+01 -1.786186326234489741e+01 7.673675671057779368e+00 7.424246747476509256e+01 6.633177598055944202e+01 -1.541066874239401763e+01 2.420868603421523702e+01 -5.133864231723017468e+01 -9.690687924468113223e+00 5.527826428535430381e+01 3.764876323606899433e+01 -6.624779633207441520e+01 3.907332695708440440e+01 5.063597017036659054e+01 2.572966025504915777e+01 5.021253110847661105e+01 2.204179055774176632e+01 5.482357540721020683e+01 2.770849322564068018e+01 -1.261416050287134816e+01 -7.542248611864349073e+01 3.537933825276664379e+01 -2.662317013993538239e+01 -1.876160483193412531e+01 3.224512960071272971e+01 -9.680300731971648531e+00 3.105069781055684786e+01 -5.817160325768394813e+01 4.358490284193910469e+01 2.646212724143880024e+01 2.676960812670900225e+01 2.453780279660013264e+01 -3.502594312670168364e+01 -4.462850772650654818e+01 -6.040787634308021836e+01 6.771687085923491622e+01 -4.236578953368793776e+01 -1.055754467753954629e+01 -8.812074481750642008e+00 2.388547764492974679e+01 3.157814019209418888e+01 -2.586647194740395150e+01 -4.495816001024493147e+01 -3.277654467989005127e+01 7.973014868535761934e+01 5.200008126749536785e+01 -1.375480214016351610e+01 3.872598032684916802e+01 3.787105933273332425e+01 3.406171902391096751e+01 -1.158476528127089722e+01 -5.594134826555600881e+01 5.384464551862448545e+00 -5.623267468323393814e+01 -8.906819239146250311e+01 3.673284754234577321e+01 3.318372813426197609e+01 -4.117682029709262537e+01 -4.635047684743421570e+01 -6.231516051407195533e+01 -5.496687609595581137e+01 -1.457962736983628460e+01 -4.363755471242927086e+01 -2.500204072225918850e+01 5.977083239570311690e+01 -1.749346807414886851e-01 -2.639082958427621151e+01 -1.605104065574892758e+01 -1.812042658683939678e+01 -5.696715946082950666e+01 -2.738638979942085427e+01 2.573535227832941530e+01 7.362866162785640256e+01 5.927540785370751308e+01 3.043833037256056429e+01 4.052432250301666983e+01 -4.469599578685115659e+01 2.106172827076803600e+01 -5.713482679055675106e+01 -4.714860210990331524e+01 6.328763287717179509e+01 -1.422432546751437599e+01 2.888431796082010505e-01 2.164629654285121774e+01 8.031538737606588541e+00 -4.976543115259653760e+00 -4.765763205106476619e+01 -5.555458206457463888e+01 6.211511585777913069e+01 -7.941473308400219366e+00 6.181719527366923650e+00 1.537929457079429518e+01 -2.108989370863999824e+01 6.326049324420078079e+01 -2.581363432021303694e+01 -3.619980064577670476e+01 -4.504596929816569428e+01 1.957723696493736121e-01 8.268472434397413195e+00 1.525622142951151794e+01 1.178226453218819536e+01 2.665829156381593990e+01 4.657485912235149783e+01 -6.618571790370958752e+01 1.181453430689347428e+01 1.863154813918905717e+01 4.206476694346572742e+01 -3.549059661921298670e+01 -1.767188412792341623e+01 3.148858874344442782e+01
2.817647058823529278e+02 -1.024549759176414732e+01 -1.725260750657064435e+01 7.499314372716176180e+00 7.209560491888861122e+01 6.416097404172057850e+01 -1.488939332454691922e+01 2.358417793458392708e+01 -5.092135836119886960e+01 -9.488877152755520683e+00 5.432245904693070315e+01 3.762514665456671281e+01 -6.562724682011264576e+01 3.855272078723946549e+01 4.972503904879594216e+01 2.584912189098333357e+01 4.988077966744568670e+01 2.209108461013201463e+01 5.378483600076362592e+01 2.776554660619455106e+01 -1.239255179939035934e+01 -7.394583514996853069e+01 3.498215536682181437e+01 -2.659244745337219129e+01 -1.878000310850030985e+01 3.149312173265322201e+01 -9.494671939246700276e+00 3.043819125812304449e+01 -5.767554380968383754e+01 4.313049860933254109e+01 2.653139389486225852e+01 2.606431231619106725e+01 2.390588463799158703e+01 -3.451271032266046035e+01 -4.440548170786222926e+01 -5.974590321796436143e+01 6.583129023182171125e+01 -4.149179034777436215e+01 -1.051879490509461768e+01 -8.553841863193749617e+00 2.340726121134215632e+01 3.165555496728931573e+01 -2.544574468906277076e+01 -4.414587956263403612e+01 -3.216206684796573967e+01 7.823481975221703522e+01 5.149573388274091457e+01 -1.329359138018656594e+01 3.799338508123729241e+01 3.693232470072072005e+01 3.341647946011308079e+01 -1.148705608217627550e+01 -5.521636020110664589e+01 5.278886058010252569e+00 -5.547716904518452452e+01 -8.638976932000389297e+01 3.584350682951610167e+01 3.260651737990882992e+01 -4.097659760149915087e+01 -4.551235563889670033e+01 -6.167964256651390542e+01 -5.440342908614294259e+01 -1.428406762293928800e+01 -4.303198463615972003e+01 -2.508646360699274069e+01 5.931939635226112273e+01 -1.763979165340554267e-01 -2.648422914185895038e+01 -1.583169294308212827e+01 -1.795704441180841116e+01 -5.633377008148114129e+01 -2.749086728071839758e+01 2.505136297869493589e+01 7.182683220928552714e+01 5.862451452006187935e+01 2.987331220739631377e+01 3.965172136868851283e+01 -4.375612915190662733e+01 2.065800556232600371e+01 -5.647851764604792635e+01 -4.627809875325748834e+01 6.199882418830332398e+01 -1.392893945331700856e+01 2.837166501715797651e-01 2.133337196550159831e+01 7.880968151621172701e+00 -4.883005115138949748e+00 -4.674427990207829708e+01 -5.492283497320170227e+01 6.106339260006413383e+01 -7.800427383437702034e+00 6.050750754050825186e+00 1.511690255414269402e+01 -2.060905958595076370e+01 6.216034956184668658e+01 -2.539644212226013309e+01 -3.588921286557032886e+01 -4.408496486048100138e+01 1.918853131857623795e-01 8.103354662905491779e+00 1.494441352278818869e+01 1.154627838226135239e+01 2.634085730245122647e+01 4.593804081405006201e+01 -6.486548782527525248e+01 1.164194395361622902e+01 1.819079712558756867e+01 4.105035307121336530e+01 -3.484569731833872908e+01 -1.721652360744295862e+01 3.103525048637873951e+01
2.823529411764706083e+02 -9.919903281343177781e+00 -1.662030738396041585e+01 7.309283380516612638e+00 6.982513934403300482e+01 6.189762889339236551e+01 -1.434789918119227714e+01 2.291453711745709398e+01 -5.036906368186406269e+01 -9.266306251111295467e+00 5.323895649530643936e+01 3.749733055980374985e+01 -6.483469765765266857e+01 3.793564439105759334e+01 4.869871544105550498e+01 2.589659611142978690e+01 4.941512182188018443e+01 2.207886237950530983e+01 5.262359135570385149e+01 2.774529537822940028e+01 -1.214195837000794143e+01 -7.230293095188081054e+01 3.449509697493043348e+01 -2.648820169013941594e+01 -1.874619329092070785e+01 3.067633902127014522e+01 -9.287517434433187447e+00 2.975746290569096786e+01 -5.702711270057736925e+01 4.256428678603906235e+01 2.652675843478726847e+01 2.531001311499733930e+01 2.322815449822351042e+01 -3.391474338877063133e+01 -4.406191766235416907e+01 -5.892996145980821865e+01 6.382818330978745536e+01 -4.052661160050057276e+01 -1.045127363860590108e+01 -8.281168629431862271e+00 2.287691171120403411e+01 3.164480405859725565e+01 -2.496412409847717129e+01 -4.323130451631335092e+01 -3.147404118709652465e+01 7.656061053468408772e+01 5.085687175292041928e+01 -1.281402436399591238e+01 3.717420127529049267e+01 3.592069928641102194e+01 3.269512170867210443e+01 -1.135897403635417291e+01 -5.435252870933643266e+01 5.161446435694044155e+00 -5.458305594481289802e+01 -8.357007190006585517e+01 3.488223218813364923e+01 3.195280116342862087e+01 -4.066505148922726676e+01 -4.456880305348294513e+01 -6.088384206082946548e+01 -5.369868689962800090e+01 -1.395686777628190889e+01 -4.231956182700420044e+01 -2.510099025159183128e+01 5.870990628883364337e+01 -1.773739472647728743e-01 -2.650383792265629168e+01 -1.557291645560623650e+01 -1.774643879978561856e+01 -5.555546979418446796e+01 -2.751875216198568808e+01 2.432063310081113272e+01 6.988192856615158632e+01 5.782258218419850238e+01 2.923973019718779298e+01 3.869378762240017977e+01 -4.272097530868894921e+01 2.020744129850987747e+01 -5.567754712231121061e+01 -4.530117295696616253e+01 6.057296224306284671e+01 -1.360303830179067042e+01 2.779286780106848265e-01 2.096791673624720787e+01 7.712375294844053819e+00 -4.778311734624355545e+00 -4.572492832153296405e+01 -5.415022022491692866e+01 5.986720588197309212e+01 -7.641202026877421893e+00 5.906653695173323726e+00 1.481882868636724204e+01 -2.008524906775687313e+01 6.091434766387821043e+01 -2.491836946115247997e+01 -3.548385592609795225e+01 -4.302863918344588257e+01 1.875693474099148494e-01 7.920168854850386353e+00 1.459962386904027198e+01 1.128458139248268388e+01 2.595629507619380405e+01 4.518682485503553181e+01 -6.340055711740109956e+01 1.144075130212874392e+01 1.771296928625996614e+01 3.995333235425624707e+01 -3.412021285001394943e+01 -1.672818544980304623e+01 3.050542513564467484e+01
2.829411764705882320e+02 -9.579518623189775539e+00 -1.596961084447315038e+01 7.105226625276008789e+00 6.744910055339848043e+01 5.955873659185955660e+01 -1.379018448267022912e+01 2.220531797914712868e+01 -4.968794248630415211e+01 -9.024951597025260952e+00 5.203787769303687583e+01 3.726766566841711636e+01 -6.387873097590662752e+01 3.722824603715091740e+01 4.756648762722665680e+01 2.587258407535184546e+01 4.882103546079301992e+01 2.200598913021903158e+01 5.135042925214352039e+01 2.764886718904618235e+01 -1.186471105494055678e+01 -7.050861880668992399e+01 3.392321723978995607e+01 -2.631220731598211415e+01 -1.866110359028265719e+01 2.980178975039817857e+01 -9.060719809534067082e+00 2.901465083766008135e+01 -5.623348863306755874e+01 4.189224617822429764e+01 2.644917678832060659e+01 2.451292000682956740e+01 2.251023730712413595e+01 -3.323786449723903047e+01 -4.360213660460383522e+01 -5.796856583399610230e+01 6.172369943521456293e+01 -3.947884729288643513e+01 -1.035589464043134100e+01 -7.996208132655572065e+00 2.229919169306053917e+01 3.154707134481146369e+01 -2.442617979317100207e+01 -4.222288045117777955e+01 -3.071875865673812100e+01 7.472282780904795629e+01 5.009035612893238465e+01 -1.231965815649427576e+01 3.627590109498979132e+01 3.484469102436661103e+01 3.190422333777248198e+01 -1.120194068737998627e+01 -5.335851737719802657e+01 5.033206400314219842e+00 -5.355922559972977837e+01 -8.063112334780146284e+01 3.385717207075665414e+01 3.122867623683883309e+01 -4.024612589161279175e+01 -4.352853035489088285e+01 -5.993620562590270140e+01 -5.286012030284811658e+01 -1.360095554473458535e+01 -4.150731500765778748e+01 -2.504636863612660491e+01 5.794930685176917962e+01 -1.778607342688942605e-01 -2.645040978168618295e+01 -1.527727349980199811e+01 -1.749091072115909995e+01 -5.464035297560918281e+01 -2.747076455783894033e+01 2.354915868112938071e+01 6.781037815098487442e+01 5.687797512074541828e+01 2.854339309567041028e+01 3.765894473332446779e+01 -4.159970029655139001e+01 1.971413044023848471e+01 -5.474018163553235183e+01 -4.422679409610089607e+01 5.902278985209978401e+01 -1.324951836384299853e+01 2.715329824904388345e-01 2.055350101790944350e+01 7.527301765940022982e+00 -4.663419500831091469e+00 -4.460884239617264768e+01 -5.324473065632863467e+01 5.853778968883820255e+01 -7.465274166832505109e+00 5.750701503961796135e+00 1.448786704118542445e+01 -1.952298883169200039e+01 5.953410887275158103e+01 -2.438395933257562476e+01 -3.498821117272061798e+01 -4.188630659689134461e+01 1.828633250642293095e-01 7.720561186028872314e+00 1.422493057103297609e+01 1.099952287513624860e+01 2.550853995761508841e+01 4.432864938376671660e+01 -6.180409482738666327e+01 1.121291692135412177e+01 1.720214585838386512e+01 3.878301606269448598e+01 -3.332083252222861347e+01 -1.621092192130097231e+01 2.990429358591252296e+01
2.835294117647058556e+02 -9.226910652102429111e+00 -1.530506027994193019e+01 6.888831356696766939e+00 6.498548481738301064e+01 5.716099941284547015e+01 -1.322016087089770586e+01 2.146213986709831545e+01 -4.888505903355716242e+01 -8.766861198911943376e+00 5.072992230173053940e+01 3.693929138468138973e+01 -6.276901253735111652e+01 3.643720533215169866e+01 4.633834416964474201e+01 2.577816865004761837e+01 4.810490424161145739e+01 2.187381387331938143e+01 4.997643417216846018e+01 2.747799670568463526e+01 -1.156327027831587628e+01 -6.857838560081232515e+01 3.327210479508949703e+01 -2.606679071866467012e+01 -1.852606624406749702e+01 2.887664575571204750e+01 -8.816247420218713771e+00 2.821615357425442028e+01 -5.530283334014092134e+01 4.112103792100448629e+01 2.630018936585889833e+01 2.367929938318003380e+01 2.175782476697688850e+01 -3.248833673189825078e+01 -4.303130404027606204e+01 -5.687115563993346257e+01 5.953403096548028373e+01 -3.835741173154543304e+01 -1.023377825367420613e+01 -7.701106252243439698e+00 2.167905751457286456e+01 3.136423628041131551e+01 -2.383677407223687084e+01 -4.112949410758682234e+01 -2.990281311490078409e+01 7.273751399949668439e+01 4.920388797150136639e+01 -1.181397720443587751e+01 3.530630866317616068e+01 3.371294692234689450e+01 3.105067038625212916e+01 -1.101757398056691351e+01 -5.224376570901894468e+01 4.895272356904623479e+00 -5.241532869069637002e+01 -7.759480080636488708e+01 3.277663020933928095e+01 3.044058403421384185e+01 -3.972454683426109057e+01 -4.240070292607244085e+01 -5.884616504641537915e+01 -5.189606764079427137e+01 -1.321937390136449331e+01 -4.060284846865916109e+01 -2.492390368189239069e+01 5.704558783860224480e+01 -1.778603185352284344e-01 -2.632528846027727099e+01 -1.494754109151845789e+01 -1.719306193539563310e+01 -5.359737949075767460e+01 -2.734823858313766110e+01 2.274298495336202919e+01 6.562890190183402694e+01 5.579996363747430621e+01 2.779039561184444906e+01 3.655588945994569627e+01 -4.040179254085113314e+01 1.918235503010065912e+01 -5.367554069971108532e+01 -4.306437858597235646e+01 5.736154397301903174e+01 -1.287138182303644385e+01 2.645861888305152121e-01 2.009397074091821267e+01 7.327363312050061417e+00 -4.539330701585410743e+00 -4.340571003634708092e+01 -5.221519285261535259e+01 5.708704691469198877e+01 -7.274200741717332441e+00 5.584211011673362535e+00 1.412697543116597743e+01 -1.892692291127034565e+01 5.803191186615390507e+01 -2.379804932934701256e+01 -3.440737003115528836e+01 -4.066759310967774610e+01 1.778077112035253426e-01 7.506245337663417061e+00 1.382352985716735461e+01 1.069354812974898827e+01 2.500191736780105600e+01 4.337157393690774398e+01 -6.008981103357378828e+01 1.096055054310677690e+01 1.666249669904279074e+01 3.754889713646262805e+01 -3.245459078440774903e+01 -1.566883307389259805e+01 2.923743964000301077e+01
2.841176470588235361e+02 -8.864610507860678723e+00 -1.463104890973485439e+01 6.661807251213243575e+00 6.245205732298327206e+01 5.472065878356557533e+01 -1.264161592508919085e+01 2.069062129860707344e+01 -4.796824616458420110e+01 -8.494128510179864477e+00 4.932622359319172034e+01 3.651607696214490062e+01 -6.151614305188183351e+01 3.556963721027609893e+01 4.502464007963562409e+01 2.561498827853682059e+01 4.727391439831571063e+01 2.168414178370987244e+01 4.851304083054466787e+01 2.723498931407945634e+01 -1.124019220626262339e+01 -6.652815745148370752e+01 3.254779976108488171e+01 -2.575478765239331835e+01 -1.834279160511039919e+01 2.790815498948163054e+01 -8.556128477718973002e+00 2.736854600004910054e+01 -5.424416351015019444e+01 4.025790498594021471e+01 2.608188764941806781e+01 2.281540279749260591e+01 2.097660903389651210e+01 -3.167277623721649960e+01 -4.235534375777627503e+01 -5.564795253841989364e+01 5.727523190755783133e+01 -3.717142574860806548e+01 -1.008623266610160307e+01 -7.397978010810099647e+00 2.102159500110422385e+01 3.109883420274630339e+01 -2.320099478589466102e+01 -3.996035427929809458e+01 -2.903301336771348673e+01 7.062123466041605013e+01 4.820588953199906967e+01 -1.130035905083373038e+01 3.427349622430054410e+01 3.253414997516318152e+01 3.014156663752553200e+01 -1.080766320106410916e+01 -5.101835276034271516e+01 4.748781894031716355e+00 -5.116163700064945630e+01 -7.448260113345290279e+01 3.164896565111525106e+01 2.959522344961726503e+01 -3.910574362426020656e+01 -4.119481793556902005e+01 -5.762399443583836245e+01 -5.081560788984621979e+01 -1.281524167721387641e+01 -3.961423321721880342e+01 -2.473542891352160566e+01 5.600765769634015356e+01 -1.773787059547942135e-01 -2.613037669174766364e+01 -1.458667035136931567e+01 -1.685575417221622629e+01 -5.243624009137579378e+01 -2.715309154893562393e+01 2.190813682545976349e+01 6.335431243955768110e+01 5.459858524508820210e+01 2.698703719384736033e+01 3.539348248181887158e+01 -3.913694142655694463e+01 1.861652717404321322e+01 -5.249346135550358383e+01 -4.182366411434524878e+01 5.560278471773804654e+01 -1.247169835100853774e+01 2.571470724804838515e-01 1.959339315671742909e+01 7.114228410120565727e+00 -4.407080114256654468e+00 -4.212551422803350221e+01 -5.107113619640600888e+01 5.552738674127010654e+01 -7.069597758350901096e+00 5.408525961148593630e+00 1.373923530350923272e+01 -1.830175574313720688e+01 5.642052575329710606e+01 -2.316570412841582183e+01 -3.374695498884608469e+01 -3.938231506959910888e+01 1.724440647224154133e-01 7.278980168610701185e+00 1.339869503327202871e+01 1.036916600100943597e+01 2.444107910548932239e+01 4.232416389497788600e+01 -5.827177920210237261e+01 1.068588097361396194e+01 1.609822967732287680e+01 3.626053580303573654e+01 -3.152877315170967876e+01 -1.510601916220368857e+01 2.851077046452531505e+01
2.847058823529411598e+02 -8.495087773762721284e+00 -1.395178215213718076e+01 6.425866401772469594e+00 5.986617058804734626e+01 5.225334557450613460e+01 -1.205817901446635076e+01 1.989631840409471053e+01 -4.694598912061087503e+01 -8.208867010536721409e+00 4.783820479983178586e+01 3.600255545052814199e+01 -6.013150342638859769e+01 3.463299372073010574e+01 4.363596457789118688e+01 2.538520289015471221e+01 4.633594511614598588e+01 2.143919983786050310e+01 4.697189087657348949e+01 2.692267918134017890e+01 -1.089809614807433746e+01 -6.437410213024837446e+01 3.175670766509617593e+01 -2.537949485998133881e+01 -1.811333735549233737e+01 2.690355754289562640e+01 -8.282425741049474155e+00 2.647849878681626379e+01 -5.306721757881160784e+01 3.931056814452883685e+01 2.579687538229653399e+01 2.192739850912915855e+01 2.017221988249496434e+01 -3.079806224197968234e+01 -4.158084470328632420e+01 -5.430981526478882415e+01 5.496304936590098578e+01 -3.593010516959488854e+01 -9.914732575681593829e+00 -7.088886220350374856e+00 2.033195686105218769e+01 3.075400866296727997e+01 -2.252408862974394665e+01 -3.872487510378153530e+01 -2.811629803712358822e+01 6.839086963728945534e+01 4.710538265745748276e+01 -1.078204412222192410e+01 3.318568330278242229e+01 3.131692161521129236e+01 2.918414471690902445e+01 -1.057414179969348744e+01 -4.969285697835490367e+01 4.594889726427092924e+00 -4.980890304129625434e+01 -7.131542782447966999e+01 3.048249786063092515e+01 2.869946414079753794e+01 -3.839576282740053870e+01 -3.992058336571040655e+01 -5.628066209961092170e+01 -4.962843011847632368e+01 -1.239171484222797126e+01 -3.854989707942440447e+01 -2.448327049623673446e+01 5.484520867391557175e+01 -1.764257063234669354e-01 -2.586809921521295408e+01 -1.419774653628030769e+01 -1.648206756249677341e+01 -5.116721923219604662e+01 -2.688778574743170324e+01 2.105055352157555504e+01 6.100332516645348591e+01 5.328450119460597278e+01 2.613974274608767701e+01 3.418064134327276093e+01 -3.781492051743471450e+01 1.802113441339981392e+01 -5.120435921294341597e+01 -4.051458700967937432e+01 5.376023005734578675e+01 -1.205356774512977758e+01 2.492758027576598423e-01 1.905600219140303864e+01 6.889597279670018892e+00 -4.267721964437277471e+00 -4.077840846461799629e+01 -4.982265779169600961e+01 5.387156412666085714e+01 -6.853119603216840439e+00 5.225000838370727152e+00 1.332781210448496800e+01 -1.765219643771161273e+01 5.471304627931291975e+01 -2.249214938862584034e+01 -3.301303604898059518e+01 -3.804036089541911281e+01 1.668145207936122254e-01 7.040548133032289435e+00 1.295373612714808864e+01 1.002891840445459692e+01 2.383093763798975573e+01 4.119537321597260870e+01 -5.636426287776197341e+01 1.039122677110761295e+01 1.551354211878659761e+01 3.492745047473309228e+01 -3.055082384486895464e+01 -1.452653494058026595e+01 2.773043720140649526e+01
2.852941176470588402e+02 -8.120727282611897024e+00 -1.327124408853623017e+01 6.182704490970363231e+00 5.724460078438453792e+01 4.977394958331729669e+01 -1.147329284168188934e+01 1.908466805931312749e+01 -4.582730463260558196e+01 -7.913186091680231904e+00 4.627744013109766286e+01 3.540385040314977516e+01 -5.862709654979291685e+01 3.363496747867829129e+01 4.218301378026084336e+01 2.509145495178988128e+01 4.529945387835680748e+01 2.114159962135498816e+01 4.536469483979479378e+01 2.654438006204665257e+01 -1.053963260063579632e+01 -6.213244004819601685e+01 3.090551327541152560e+01 -2.494461779867338436e+01 -1.784007409341610995e+01 2.587000671718320532e+01 -7.997212179937792875e+00 2.555269958860482404e+01 -5.178231844770660786e+01 3.828712047870037338e+01 2.544822283632718296e+01 2.102130951514174484e+01 1.935016705268744630e+01 -2.987125000105196193e+01 -4.071496292461687005e+01 -5.286809247208064022e+01 5.261277027927581429e+01 -3.464265547414250790e+01 -9.720896682811883238e+00 -6.775822148416415835e+00 1.961530299802783617e+01 3.033345729358576293e+01 -2.181139603883048395e+01 -3.743256227084268772e+01 -2.715965258590935250e+01 6.606341338224254400e+01 4.591186322754630567e+01 -1.026210950126546351e+01 3.205113937454866146e+01 3.006973113269778253e+01 2.818567994017027800e+01 -1.031906075802784528e+01 -4.827821833891519532e+01 4.434754201547490560e+00 -4.836821961022244665e+01 -6.811339991931160398e+01 2.928541783923400033e+01 2.776026354173905730e+01 -3.760117810959898321e+01 -3.858780095884691264e+01 -5.482767984151214335e+01 -4.834470059555448529e+01 -1.195195095191126455e+01 -3.741851580052223625e+01 -2.417020620685867627e+01 5.356857920773435922e+01 -1.750147174680209972e-01 -2.554136027890534422e+01 -1.378394906378466089e+01 -1.607525720265255131e+01 -4.980105585468129448e+01 -2.655528513208123442e+01 2.017602921217042322e+01 5.859238091160649020e+01 5.186885270364743405e+01 2.525498571052913732e+01 3.292624096276570356e+01 -3.644547640206966577e+01 1.740068654409794746e+01 -4.981908861649458231e+01 -3.914716299293436208e+01 5.184759739966180092e+01 -1.162008450017779815e+01 2.410332192280088548e-01 1.848614390007406527e+01 6.655181676628144416e+00 -4.122317455599319835e+00 -3.937459712459140349e+01 -4.848028614487504484e+01 5.213252286171286443e+01 -6.626439033477029561e+00 5.034985504716864568e+00 1.289591600649598391e+01 -1.698290802656928733e+01 5.292273595436552114e+01 -2.178270696314459798e+01 -3.221204579830712333e+01 -3.665157941847849088e+01 1.609613021892213058e-01 6.792734533983147749e+00 1.249196239195100944e+01 9.675350791393496408e+00 2.317660125999330134e+01 3.999442863304317797e+01 -5.438154951658955838e+01 1.007896590893490618e+01 1.491257582806304072e+01 3.355901653292264797e+01 -2.952825610106954812e+01 -1.393434890096496304e+01 2.690275576402547131e+01
2.858823529411764639e+02 -7.743808982304040356e+00 -1.259316993192594936e+01 5.933983467369333020e+00 5.460340346050186611e+01 4.729650924703575754e+01 -1.089018840636343910e+01 1.826093605180818003e+01 -4.462162089955208444e+01 -7.609168532545128372e+00 4.465552149040063057e+01 3.472559826966980978e+01 -5.701538952679397454e+01 3.258339625291016262e+01 4.067646977162827682e+01 2.473682498474157754e+01 4.417336050297091532e+01 2.079429485564962476e+01 4.370310254369783109e+01 2.610383360370572703e+01 -1.016745337006766725e+01 -5.981926614673062659e+01 3.000109515476286148e+01 -2.445421505551576757e+01 -1.752564875741121853e+01 2.481449763314808266e+01 -7.702548087165875579e+00 2.459778098873342245e+01 -5.040023623115271789e+01 3.719592274619195393e+01 2.503941821360679754e+01 2.010295703782939114e+01 1.851578818672280846e+01 -2.889948563727854491e+01 -3.976532092942938590e+01 -5.133447711551095693e+01 5.023908590239697958e+01 -3.331817293324642293e+01 -9.506464649173747006e+00 -6.460688738272410525e+00 1.887674442790476448e+01 2.984137319835685531e+01 -2.106828903413496334e+01 -3.609290576607057233e+01 -2.617003197017114857e+01 6.365578465875945113e+01 4.463517774784948955e+01 -9.743446722140088667e+00 3.087809176123359833e+01 2.880081363097137981e+01 2.715341020146259510e+01 -1.004456077770126043e+01 -4.678560191230180720e+01 4.269524544262218946e+00 -4.685088341695279723e+01 -6.489568669039499582e+01 2.806570792428798100e+01 2.678458674527076511e+01 -3.672899791372897482e+01 -3.720625591463671356e+01 -5.327695384677011248e+01 -4.697493126717561296e+01 -1.149907406927127695e+01 -3.622890684656994154e+01 -2.379942056026858310e+01 5.218861316470972156e+01 -1.731624796551385903e-01 -2.515349555044689112e+01 -1.334851225680342601e+01 -1.563871048636501015e+01 -4.834880609224049408e+01 -2.615900616891098807e+01 1.929015930201820694e+01 5.613748510586623297e+01 5.036311771732032128e+01 2.433921618085213723e+01 3.163901999304264478e+01 -3.503822503355973339e+01 1.675966602444803399e+01 -4.834880438104605815e+01 -3.773137546793859087e+01 4.987845569301997983e+01 -1.117430507597779688e+01 2.324801391203784873e-01 1.788822410531722795e+01 6.412685830156402922e+00 -3.971922897451389822e+00 -3.792422257157146248e+01 -4.705484774396833103e+01 5.032324599690023348e+01 -6.391228172466619561e+00 4.839810903520767482e+00 1.244676548685189310e+01 -1.629845907834896579e+01 5.106287243816618115e+01 -2.104273184095947258e+01 -3.135069335266167201e+01 -3.522567553020220288e+01 1.549262607788515211e-01 6.537308126205789272e+00 1.201664586571802218e+01 9.310984321910808603e+00 2.248330900158535783e+01 3.873071640987707553e+01 -5.233779543529855260e+01 9.751507469093455782e+00 1.429937557007998272e+01 3.216437358159810600e+01 -2.846856775027768194e+01 -1.333330491303206244e+01 2.603413057819944854e+01
2.864705882352941444e+02 -7.366490262037059367e+00 -1.192102354554154608e+01 5.681315708023802813e+00 5.195778908171050148e+01 4.483411992539200952e+01 -1.031186583229898801e+01 1.743017192820823169e+01 -4.333865586820100901e+01 -7.298849646367697730e+00 4.298393301080238871e+01 3.397386778712952804e+01 -5.530915685118222314e+01 3.148617131369193345e+01 3.912688583737519821e+01 2.432478273570722394e+01 4.296693010742447427e+01 2.040053762813893812e+01 4.199858066652733157e+01 2.560515226202944206e+01 -9.784182408266767439e+00 -5.745038428793955632e+01 2.905044187398345557e+01 -2.391264025140899463e+01 -1.717294511976511373e+01 2.374380114389624907e+01 -7.400459594545274911e+00 2.362025147870748398e+01 -4.893205089514954409e+01 3.604550002920034046e+01 2.457431424949177057e+01 1.917791151098738567e+01 1.767420224590405908e+01 -2.788992402754575295e+01 -3.873990465291311125e+01 -4.972086351588796305e+01 4.785597206308035112e+01 -3.196555328846620725e+01 -9.273273024738664105e+00 -6.145285952788059447e+00 1.812129121529307696e+01 2.928238068833820407e+01 -2.030011084789266462e+01 -3.471527878067542616e+01 -2.515428708419514692e+01 6.118464888961013770e+01 4.328539972349260267e+01 -9.228744073012308036e+00 2.967463943715420527e+01 2.751809622712697490e+01 2.609445955225809399e+01 -9.752845367898652640e+00 -4.522626636704525538e+01 4.100329088204288652e+00 -4.526826290915828821e+01 -6.168036481512422853e+01 2.683106853129255143e+01 2.577933117102754323e+01 -3.578657042774181463e+01 -3.578561225055721451e+01 -5.164063704035951474e+01 -4.552984908490869742e+01 -1.103614379573284410e+01 -3.498992757893650918e+01 -2.337445523796728253e+01 5.071652018679382934e+01 -1.708887859255137365e-01 -2.470822110837939789e+01 -1.289468799109016750e+01 -1.517590392998593707e+01 -4.682170852954795492e+01 -2.570276486687816231e+01 1.839829285440365680e+01 5.365406282826371864e+01 4.877897057606690367e+01 2.339879210897919037e+01 3.032749458241392659e+01 -3.360255589362078865e+01 1.610248103167842970e+01 -4.680482698702768829e+01 -3.627706931706609339e+01 4.786608803124610034e+01 -1.071921657520725368e+01 2.236767034310483404e-01 1.726665777332965490e+01 6.163788492884086700e+00 -3.817578645503741264e+00 -3.643725945379906506e+01 -4.555733532720113033e+01 4.845661413582975996e+01 -6.149140478307338675e+00 4.640775835530872584e+00 1.198355197273329686e+01 -1.560328060490295066e+01 4.914660450942594849e+01 -2.027755328072739260e+01 -3.043587907356407385e+01 -3.377211476881868890e+01 1.487504443278102328e-01 6.276003024520474760e+00 1.153098914552838394e+01 8.938290319157518482e+00 2.175636773291219939e+01 3.741367278889944004e+01 -5.024688109409853354e+01 9.411264159415003050e+00 1.367785164253887054e+01 3.075234162390189141e+01 -2.737916110442800388e+01 -1.272708958513506339e+01 2.513098099530490970e+01
2.870588235294117680e+02 -6.990791525909478388e+00 -1.125798044409602738e+01 5.426249986690366178e+00 4.932201879838677172e+01 4.239886304748218748e+01 -9.741079140349659937e+00 1.659716886194059526e+01 -4.198830011136475804e+01 -6.984198505089475262e+00 4.127393506046186644e+01 3.315507661417343144e+01 -5.352132939937296641e+01 3.035115064000678942e+01 3.754458221387538686e+01 2.385913613550317081e+01 4.168965795967761068e+01 1.996383110905192737e+01 4.026230194637233240e+01 2.505276116392058228e+01 -9.392390018129228579e+00 -5.504115614024426151e+01 2.806057214819815471e+01 -2.332448306811205896e+01 -1.678504385868259874e+01 2.266440617999556650e+01 -7.092919171858666161e+00 2.262643411025821294e+01 -4.738901896864970098e+01 3.484444276757798065e+01 2.405707322871446863e+01 1.825144937061372730e+01 1.683026932363862116e+01 -2.684965281330450892e+01 -3.764696199817325351e+01 -4.803921056129149747e+01 4.547658960546911544e+01 -3.059340909888821969e+01 -9.023231357036841871e+00 -5.831298781002073106e+00 1.735380499648167429e+01 2.866146932884720044e+01 -1.951212171360884184e+01 -3.330884457210555638e+01 -2.411909828203326711e+01 5.866625640403205466e+01 4.187271147132701543e+01 -8.720472618377856477e+00 2.844867490010655331e+01 2.622913311155072691e+01 2.501576967955920949e+01 -9.446153906314743054e+00 -4.361143922218192870e+01 3.928264472161958398e+00 -4.363167381587117433e+01 -5.848430269781361801e+01 2.558885443502039791e+01 2.475125712391163546e+01 -3.478148975491092187e+01 -3.433531701602429109e+01 -4.993098724713335912e+01 -4.402027152870606841e+01 -1.056612649625370892e+01 -3.371037825638045149e+01 -2.289915817717193391e+01 4.916373859331208251e+01 -1.682161640023513982e-01 -2.420957889734792090e+01 -1.242571001323006108e+01 -1.469036202827990145e+01 -4.523105506929756103e+01 -2.519072099355275896e+01 1.750549236481086268e+01 5.115683204894584435e+01 4.712814811413986149e+01 2.243991766188414516e+01 2.899988226002074043e+01 -3.214754605713197577e+01 1.543342327944768044e+01 -4.519851335697817518e+01 -3.479385486807691308e+01 4.582336790528525228e+01 -1.025770979218254553e+01 2.146817770242435142e-01 1.662582166554482654e+01 5.910126616257103116e+00 -3.660298946928918440e+00 -3.492341862461272939e+01 -4.399878195047959650e+01 4.654527442409663252e+01 -5.901794339646805554e+00 4.439135160372423172e+00 1.150940725669512865e+01 -1.490162780887403926e+01 4.718681998424376900e+01 -1.949241925448116675e+01 -2.947461172483905756e+01 -3.230003707758239528e+01 1.424737123184607324e-01 6.010502373405726573e+00 1.103809496259515655e+01 8.559666914641011815e+00 2.100109243583537832e+01 3.605268122736558212e+01 -4.812227967255169858e+01 9.060626205142005674e+00 1.305174657724816356e+01 2.933134812188065510e+01 -2.626727002283190870e+01 -1.211920259001806599e+01 2.419967208914855661e+01
2.876470588235293917e+02 -6.618584575334340414e+00 -1.060691632155097608e+01 5.170259253686172229e+00 4.670932124856308576e+01 4.000175357725785119e+01 -9.180325807407795580e+00 1.576643112794908852e+01 -4.058050337714971789e+01 -6.667101427030541316e+00 3.953645863193471399e+01 3.227590793773579492e+01 -5.166484937093779450e+01 2.918607783623836482e+01 3.593955138045102160e+01 2.334397716508970788e+01 4.035115756399783749e+01 1.948788261985829706e+01 3.850504546334296663e+01 2.445133804640866870e+01 -8.994568697871772045e+00 -5.260636698253789945e+01 2.703845905645966852e+01 -2.269451037295175411e+01 -1.636518115905748871e+01 2.158246979797429077e+01 -6.781828143885373805e+00 2.162241126534746272e+01 -4.578244562487265057e+01 3.360131267265611399e+01 2.349210934509087778e+01 1.732851761387248857e+01 1.598855733092825027e+01 -2.578562097376127227e+01 -3.649490292535862324e+01 -4.630141178195496110e+01 4.311320190530680918e+01 -2.920999689764359175e+01 -8.758298609572259252e+00 -5.520287620044110000e+00 1.657895736148020660e+01 2.798392602951515684e+01 -1.870944750043279114e+01 -3.188247267188526024e+01 -2.307091532743127615e+01 5.611629577865421936e+01 4.040729062729844401e+01 -8.220876513380892092e+00 2.720781284911529241e+01 2.494105150676776006e+01 2.392403776501052448e+01 -9.126736392019374478e+00 -4.195219996827636777e+01 3.754386066364592267e+00 -4.195226186603523644e+01 -5.532306927239874028e+01 2.434602007836233284e+01 2.370692486773245378e+01 -3.372150400682166094e+01 -3.286451394127372083e+01 -4.816023231720613040e+01 -4.245698702959536774e+01 -1.009186938597784611e+01 -3.239891289306353883e+01 -2.237762967317904028e+01 4.754180249938083591e+01 -1.651695443121009854e-01 -2.366188085304570876e+01 -1.194476059761011300e+01 -1.418561754212644388e+01 -4.358806885182038826e+01 -2.462731987877500117e+01 1.661649977237348708e+01 4.865969539924510201e+01 4.542232184877910584e+01 2.146858698455598713e+01 2.766403347173571703e+01 -3.068188425874256708e+01 1.475662954723780729e+01 -4.354113470290275245e+01 -3.329102052501969666e+01 4.376264889172860961e+01 -9.792554465424407439e+00 2.055524043634641140e-01 1.597000999419983636e+01 5.653280630942605356e+00 -3.501062868952364848e+00 -3.339206100422187262e+01 -4.239014294714235120e+01 4.460152051029569265e+01 -5.650758052384109220e+00 4.236089303681947804e+00 1.102737429954674120e+01 -1.419754618340141761e+01 4.519602497299630528e+01 -1.869244605489218714e+01 -2.847392900784973691e+01 -3.081818130619598861e+01 1.361343881664230648e-01 5.742423747384750143e+00 1.054094006114144300e+01 8.177418336893564899e+00 2.022274921040562390e+01 3.465697636395291426e+01 -4.597694096967669708e+01 8.701937583885873906e+00 1.242460714505358688e+01 2.790936454442411119e+01 -2.513989379766296750e+01 -1.151293314260435352e+01 2.324645072798029233e+01
2.882352941176470722e+02 -6.251583931567424202e+00 -9.970399891454407637e+00 4.914730318157729982e+00 4.413182975879742997e+01 3.765270655371711683e+01 -8.631840381058514922e+00 1.494214658494566095e+01 -3.912516707540982708e+01 -6.349347566040027147e+00 3.778201172470916447e+01 3.134322825472074570e+01 -4.975253415828152725e+01 2.799850764339455012e+01 3.432137354813030328e+01 2.278362697162911132e+01 3.896105387393761532e+01 1.897655538490668903e+01 3.673710853763994066e+01 2.380575288190812344e+01 -8.593111975803836344e+00 -5.016010769283371218e+01 2.599095943565613709e+01 -2.202760747516891726e+01 -1.591670781569847470e+01 2.050377519848625951e+01 -6.469001301631882583e+00 2.061397643912181721e+01 -4.412356367528320789e+01 3.232455431368305199e+01 2.288403204943965363e+01 1.641370550810415452e+01 1.515331391609913503e+01 -2.470457445879164027e+01 -3.529220291009213639e+01 -4.451917448594124949e+01 4.077711121077921064e+01 -2.782315403343301341e+01 -8.480460072246838621e+00 -5.213681079462301859e+00 1.580119268814109290e+01 2.725526634183771435e+01 -1.789703453711583947e+01 -3.044466449269070552e+01 -2.201590425742638146e+01 5.354976558006826792e+01 3.889920375242416384e+01 -7.731966991585628612e+00 2.595932897860974720e+01 2.366050609799570736e+01 2.282566149383051624e+01 -8.796829201252839070e+00 -4.025937289175283240e+01 3.579699555771195918e+00 -4.024089685198082122e+01 -5.221086705920041027e+01 2.310907444977523539e+01 2.265263808537579493e+01 -3.261442601049101597e+01 -3.138196691114619341e+01 -4.634044331465470634e+01 -4.085064393129565730e+01 -9.616079131349501097e+00 -3.106395691018525085e+01 -2.181416886834934843e+01 4.586221629134196576e+01 -1.617758974488186230e-01 -2.306965164546360114e+01 -1.145494078107235580e+01 -1.366517371551036319e+01 -4.190379068054814837e+01 -2.401723369855822909e+01 1.573570977996616449e+01 4.617565104640758733e+01 4.367297956068426856e+01 2.049053455209423191e+01 2.632737429606521573e+01 -2.921380537071601324e+01 1.407604858809413351e+01 -4.184376398922083951e+01 -3.177745558790620350e+01 4.169566907542239420e+01 -9.326378428942987853e+00 1.963433300088446853e-01 1.530339483057682415e+01 5.394761499288846629e+00 -3.340806290033846437e+00 -3.185212203596246283e+01 -4.074218512987582130e+01 4.263718608219107864e+01 -5.397536524046705253e+00 4.032775296063455528e+00 1.054038080264462351e+01 -1.349484338740938050e+01 4.318623726854561085e+01 -1.788257262338495224e+01 -2.744082198822101404e+01 -2.933481980601643357e+01 1.297689567538303224e-01 5.473306464011018058e+00 1.004235204261532211e+01 7.793736832104664281e+00 1.942650339724496078e+01 3.323555564106575133e+01 -4.382318909833468723e+01 8.337474121519880654e+00 1.179975992914184602e+01 2.649385453331899853e+01 -2.400373838416482997e+01 -1.091133961820019849e+01 2.227738690845787417e+01
2.888235294117646959e+02 -5.891340799963717068e+00 -9.350691086198946067e+00 4.660955415841438132e+00 4.160053789184298978e+01 3.536052040008608088e+01 -8.097592331671279453e+00 1.412816623525077553e+01 -3.763204403319554814e+01 -6.032616909644323400e+00 3.602059707347754625e+01 3.036400646172062423e+01 -4.779695027702387478e+01 2.679573875211917766e+01 3.269914422346384697e+01 2.218258095841146016e+01 3.752888232203903129e+01 1.843382091849342430e+01 3.496823165420548207e+01 2.312100806177404522e+01 -8.190295915450686692e+00 -4.771567434112984074e+01 2.492474946737133124e+01 -2.132872158429982434e+01 -1.544304885129150229e+01 1.943369778300717599e+01 -6.156153766826583329e+00 1.960659318021183495e+01 -4.242342075248934918e+01 3.102241445597850600e+01 2.223758876364475512e+01 1.551122253220481895e+01 1.432844626845482061e+01 -2.361299893457821852e+01 -3.404731143433628660e+01 -4.270390900497939413e+01 3.847861252931456022e+01 -2.644024525585660612e+01 -8.191705433353265065e+00 -4.912771070777569804e+00 1.502469771185496406e+01 2.648116636415867475e+01 -1.707960976511905926e+01 -2.900348873087754242e+01 -2.095990236554857589e+01 5.098086367172147959e+01 3.735830815590504272e+01 -7.255520002605202912e+00 2.471010601499428461e+01 2.239364355376087090e+01 2.172669296080163903e+01 -8.458632619340962222e+00 -3.854342946665482117e+01 3.405153806077165335e+00 -3.850807591879475922e+01 -4.916048861424981453e+01 2.188404459393020218e+01 2.159439520170851168e+01 -3.146804880896156575e+01 -2.989599316651674599e+01 -4.448341858152456041e+01 -3.921164774099718642e+01 -9.141302663119860838e+00 -2.971363383165454763e+01 -2.121321988026924288e+01 4.413633636379883285e+01 -1.580638761177326490e-01 -2.243757266958632002e+01 -1.095924255443338424e+01 -1.313246974418748003e+01 -4.018897483999696618e+01 -2.336530282532399028e+01 1.486714900650243720e+01 4.371672133845370212e+01 4.189131685288133866e+01 1.951119280809024303e+01 2.499685806735498161e+01 -2.775103539378358164e+01 1.339541248101430959e+01 -4.011717161261003639e+01 -3.026158475155575189e+01 3.963347065473383424e+01 -8.861649668274974800e+00 1.871065730653909409e-01 1.462998979912586073e+01 5.135999564814559548e+00 -3.180414961877952251e+00 -3.031204657787220214e+01 -3.906538590783188170e+01 4.066355135684368349e+01 -5.143559793400486413e+00 3.830259274327842522e+00 1.005121603553885912e+01 -1.279706661400546786e+01 4.116889220633991187e+01 -1.706752059845988967e+01 -2.638216499132725801e+01 -2.785770465808931107e+01 1.234118079346639002e-01 5.204600828965268988e+00 9.544989980689853937e+00 7.410687376204142751e+00 1.861737137359774863e+01 3.179710075912218770e+01 -4.167263644152764357e+01 7.969424173262386724e+00 1.118029279969744749e+01 2.509173225127686280e+01 -2.286516627479877428e+01 -1.031723513650351265e+01 2.129832191407751907e+01
2.894117647058823763e+02 -5.539239833951379310e+00 -8.749742911893410025e+00 4.410125671804077108e+00 3.912527478839054851e+01 3.313287667997017394e+01 -7.579287369210625513e+00 1.332798994728061182e+01 -3.611064680138579774e+01 -5.718470633308255557e+00 3.426164287210295356e+01 2.934523713122421995e+01 -4.581029857393779992e+01 2.558475525151105501e+01 3.108141325618009532e+01 2.154545414096532241e+01 3.606399601563760626e+01 1.786371311062512390e+01 3.320753588062884631e+01 2.240218088678714992e+01 -7.788263515943938842e+00 -4.528548625560195973e+01 2.384626709073526030e+01 -2.060280755231183747e+01 -1.494766465826889679e+01 1.837717912681713628e+01 -5.844890152911189851e+00 1.860536164933969161e+01 -4.069277604725050423e+01 2.970286884487845569e+01 2.155760918191174014e+01 1.462488367962010116e+01 1.351750552217738743e+01 -2.251706902894450124e+01 -3.276856630516150659e+01 -4.086662900819487731e+01 3.622696410206903295e+01 -2.506811995020305517e+01 -7.894008006880681272e+00 -4.618710125893955798e+00 1.425337596773920978e+01 2.566739655768044059e+01 -1.626164617534431756e+01 -2.756652768193196579e+01 -1.990838008797581438e+01 4.842289573881343046e+01 3.579416262126796511e+01 -6.793077053760692152e+00 2.346659003150740119e+01 2.114607688587123135e+01 2.063279942051078919e+01 -8.114290286031442534e+00 -3.681440297895321834e+01 3.231635008088117100e+00 -3.676383905241045369e+01 -4.618329528429975284e+01 2.067644880385287820e+01 2.053784771488502159e+01 -3.029006629106732262e+01 -2.841440795483268644e+01 -4.260057816692357591e+01 -3.755006839097037385e+01 -8.669912236640984204e+00 -2.835570061482722792e+01 -2.057931887210426325e+01 4.237526279477137336e+01 -1.540634401204421244e-01 -2.177042540320578468e+01 -1.046052518568848377e+01 -1.259084924098717728e+01 -3.845399561582016901e+01 -2.267647735427870970e+01 1.401446270820527928e+01 4.129390068620414667e+01 4.008813909408037546e+01 1.853565664297305204e+01 2.367892689553991303e+01 -2.630074810782970829e+01 1.271821267990084259e+01 -3.837173379524227101e+01 -2.875131197268055772e+01 3.758633439330209569e+01 -8.400662176636837231e+00 1.778910768310525414e-01 1.395361952575448683e+01 4.878335294253282939e+00 -3.020718843586571278e+00 -2.877973586083023250e+01 -3.736984349409367923e+01 3.869126329407340847e+01 -4.890173269050271720e+00 3.629530441152299503e+00 9.562511502296993982e+00 -1.210748388327830227e+01 3.915476427511661939e+01 -1.625175960481267268e+01 -2.530465197621815321e+01 -2.639402410419105749e+01 1.170950280427987128e-01 4.937659302861174382e+00 9.051328981910240046e+00 7.030195215747065518e+00 1.780017840624283920e+01 3.034990772718104424e+01 -3.953611311672621298e+01 7.599871592578089974e+00 1.056904024949214183e+01 2.370933088783929676e+01 -2.173015350051644390e+01 -9.733176205733412800e+00 2.031482257061099261e+01
2.900000000000000000e+02 -5.196498212277820272e+00 -8.169207383763218644e+00 4.163326356764871505e+00 3.671469703340729751e+01 3.097635370957366874e+01 -7.078372173867179207e+00 1.254475695986645967e+01 -3.457016477781656505e+01 -5.408343648509091217e+00 3.251394606150605426e+01 2.829386744511512930e+01 -4.380431246293909453e+01 2.437217518893904256e+01 2.947613496987808901e+01 2.087692777340261685e+01 3.457548072749109735e+01 1.727028376629358419e+01 3.146347355495053932e+01 2.165436705533960549e+01 -7.389012025441061837e+00 -4.288102089736750600e+01 2.276166111217606058e+01 -1.985477670566347896e+01 -1.443401335996978041e+01 1.733870871946410119e+01 -5.536695944578844397e+00 1.761499229666933530e+01 -3.894200857911294378e+01 2.837355769418317664e+01 2.084895170635592621e+01 1.375810106142481537e+01 1.272367806107229704e+01 -2.142260677832423355e+01 -3.146411473935850012e+01 -3.901786434826757954e+01 3.403037461212180403e+01 -2.371307920208321107e+01 -7.589305457909843788e+00 -4.332510706880325912e+00 1.349082791562429406e+01 2.481975761478741305e+01 -1.544733441758560311e+01 -2.614083355524886088e+01 -1.886641089585796038e+01 4.588820132540863739e+01 3.421594838562003105e+01 -6.345949080344116311e+00 2.223475515761688470e+01 1.992286813173232929e+01 1.954923279402523306e+01 -7.765870716628601400e+00 -3.508181435855048136e+01 3.059962022093490663e+00 -3.501769655918958790e+01 -4.328921638405539341e+01 1.949127861358423885e+01 1.948826637139834617e+01 -2.908800040933077824e+01 -2.694447980450086533e+01 -4.070287095210367312e+01 -3.587555864915435677e+01 -8.204093619025451645e+00 -2.699749233862301168e+01 -1.991704328197563356e+01 4.058974124012926410e+01 -1.498054952969599118e-01 -2.107303819354680741e+01 -9.961494770678426036e+00 -1.204353158519353961e+01 -3.670876563110569180e+01 -2.195576148320080989e+01 1.318090663928006911e+01 3.891712074126947840e+01 3.827377631477739328e+01 1.756865508377728702e+01 2.237948316264534654e+01 -2.486953089359922231e+01 1.204768186910231265e+01 -3.661735141191811493e+01 -2.725397666635684146e+01 3.556372901902860661e+01 -7.945525028239194931e+00 1.687424226848622810e-01 1.327789214043546373e+01 4.623011915292199348e+00 -2.862487506898913292e+00 -2.726250476680569435e+01 -3.566519735009585901e+01 3.673027034988478334e+01 -4.638629875560360993e+00 3.431496538447544875e+00 9.076724699051201384e+00 -1.142907218898025867e+01 3.715390250576188436e+01 -1.543947932243961851e+01 -2.421473881775670378e+01 -2.495037002875065113e+01 1.108482336056254569e-01 4.673729704564790310e+00 8.563647842847014857e+00 6.654036164955934751e+00 1.697952144135969377e+01 2.890182798993583546e+01 -3.742361221639574609e+01 7.230781429449395503e+00 9.968573103620567366e+00 2.235238188763677414e+01 -2.060425627316287844e+01 -9.161456606854239126e+00 1.933214262618466250e+01
2.905882352941176805e+02 -4.864166971811137330e+00 -7.610444696253289898e+00 3.921533944224863344e+00 3.437629624565695252e+01 2.889645438514878606e+01 -6.596041976736236379e+00 1.178124289583236006e+01 -3.301939133097003065e+01 -5.103539466134483504e+00 3.078562770363087964e+01 2.721672929395964857e+01 -4.179016831433160206e+01 2.316420846206780482e+01 2.789063045187229406e+01 2.018169891535108107e+01 3.307207885877911480e+01 1.665756014883269032e+01 2.974379078941455745e+01 2.088262841671389225e+01 -6.994383036803716536e+00 -4.051276638579463452e+01 2.167674779801973628e+01 -1.908944987814990668e+01 -1.390551645361187738e+01 1.632231309347377390e+01 -5.232931102856683836e+00 1.663978660492582762e+01 -3.718103530384519217e+01 2.704173005246570582e+01 2.011645268853013135e+01 1.291388059165861257e+01 1.194978181650904858e+01 -2.033504594679238409e+01 -3.014184254056214485e+01 -3.716758536842475991e+01 3.189600377933933117e+01 -2.238085243393834034e+01 -7.279482276009974662e+00 -4.055046436945696442e+00 1.274033712753406355e+01 2.394402049917414033e+01 -1.464056019783583018e+01 -2.473289442790540349e+01 -1.783864858902796513e+01 4.338809894387444643e+01 3.263240041536532487e+01 -5.915222936932972075e+00 2.102007683116535475e+01 1.872852001211533945e+01 1.848080588491294662e+01 -7.415351065484926174e+00 -3.335461002809080355e+01 2.890883039567663015e+00 -3.327856797617612017e+01 -4.048676644474812036e+01 1.833298877277970362e+01 1.845051521072587164e+01 -2.786913477034068620e+01 -2.549289551854791469e+01 -3.880069386059807357e+01 -3.419728282115291051e+01 -7.745837674587779276e+00 -2.564587672560154985e+01 -1.923096282794955059e+01 3.879007604398336184e+01 -1.453215302717348334e-01 -2.035023445800523589e+01 -9.464687037167411887e+00 -1.149358754650914705e+01 -3.496266537620189041e+01 -2.120815971414709011e+01 1.236934523442515754e+01 3.659523175780434201e+01 3.645800858415472590e+01 1.661452920868275385e+01 2.110387000079760611e+01 -2.346336222839839536e+01 1.138677939416911578e+01 -3.486338032144024623e+01 -2.577631961307070441e+01 3.357427516692378333e+01 -7.498154663887336646e+00 1.597026062331432794e-01 1.260617850546874941e+01 4.371169774538111064e+00 -2.706426739394753422e+00 -2.576705051099551369e+01 -3.396056061989716568e+01 3.478977088223077629e+01 -4.390083926405936587e+00 3.236980735464201953e+00 8.596126608482702380e+00 -1.076450885431547633e+01 3.517557964070915233e+01 -1.463456568957155568e+01 -2.311859289438258713e+01 -2.353271591828551479e+01 1.046984537527505116e-01 4.413950209010346626e+00 8.084020529096328289e+00 6.283829530132975627e+00 1.615973756369043457e+01 2.746021818095561784e+01 -3.534424955458933937e+01 6.863988130665396703e+00 9.381192844374718121e+00 2.102600288800802986e+01 -1.949258395140724076e+01 -8.604104665949733999e+00 1.835519076760528279e+01
2.911764705882353041e+02 -4.543134397266159752e+00 -7.074535290838163348e+00 3.685614754532938520e+00 3.211642106421069798e+01 2.689764320892569671e+01 -6.133250654386535494e+00 1.103986087310375730e+01 -3.146666098440278958e+01 -4.805227061285118673e+00 2.908410060811495512e+01 2.612047744081114686e+01 -3.977840993763413735e+01 2.196662248697353093e+01 2.633156025917730148e+01 1.946443218731554836e+01 3.156212392208890094e+01 1.602950620879081001e+01 2.805550209689657137e+01 2.009194386131141030e+01 -6.606055402285862854e+00 -3.819019024269731943e+01 2.059697510054626335e+01 -1.831151370914994914e+01 -1.336552567591061624e+01 1.533155147772653137e+01 -4.934825729128784033e+00 1.568362446835562807e+01 -3.541924157507995119e+01 2.571419666371843959e+01 1.936487905911565122e+01 1.209482545300959089e+01 1.119826756911274401e+01 -1.925940536045257190e+01 -2.880931032614316578e+01 -3.532514062885823591e+01 2.982997737683263750e+01 -2.107658305449986358e+01 -6.966354015308776404e+00 -3.787054927520992820e+00 1.200486052575472762e+01 2.304586954248162556e+01 -1.384488696794054441e+01 -2.334861130308981814e+01 -1.682931159726833670e+01 4.093284798425951010e+01 3.105174844890713359e+01 -5.501770028673139024e+00 1.982751447968936276e+01 1.756697500364811759e+01 1.743187740695026733e+01 -7.064603157144304646e+00 -3.164111130189587229e+01 2.725073335818786191e+00 -3.155473375019592908e+01 -3.778307920573450929e+01 1.720549479401272563e+01 1.742903146692272642e+01 -2.664045691362535351e+01 -2.406573632197161672e+01 -3.690382425900337893e+01 -3.252385722623810693e+01 -7.296935059484034980e+00 -2.430721764505616989e+01 -1.852559445473848143e+01 3.698605466033344413e+01 -1.406432712884382319e-01 -1.960678447535429214e+01 -8.972453670441264961e+00 -1.094391786625539709e+01 -3.322448455675529289e+01 -2.043862655436187836e+01 1.158225427724605794e+01 3.433599945330873737e+01 3.465000556810846177e+01 1.567721778817272238e+01 1.985686038187324343e+01 -2.208759728805205214e+01 1.073818232154688701e+01 -3.311857490867697607e+01 -2.432445953426926266e+01 3.162572274632542602e+01 -7.060270277979270759e+00 1.508098779458615646e-01 1.194159427278089147e+01 4.123842569170596661e+00 -2.553176117314293947e+00 -2.429943106043247880e+01 -3.226446434652234529e+01 3.287817505211751978e+01 -4.145586752019597476e+00 3.046719766439530908e+00 8.122792376744300213e+00 -1.011616778145663886e+01 3.322825628951808596e+01 -1.384058435295617961e+01 -2.202204988528021801e+01 -2.214640346595997400e+01 9.867005374940644724e-02 4.159346136483640599e+00 7.614310831211261288e+00 5.921033660179824132e+00 1.534487816807968308e+01 2.603190130274432690e+01 -3.330623839349261317e+01 6.501186297147144799e+00 8.808929661866301331e+00 1.973469511321794556e+01 -1.839978101963357204e+01 -8.062884253448720173e+00 1.738850547235581345e+01
2.917647058823529278e+02 -4.234131075264857103e+00 -6.562294367555793428e+00 3.456325115194319064e+00 2.994031199846857660e+01 2.498339549691271344e+01 -5.690722949859758018e+00 1.032266781466743488e+01 -2.991979732392336899e+01 -4.514439758125647018e+00 2.741604902371805963e+01 2.501153358542414651e+01 -3.777888664213340064e+01 2.078471648884544365e+01 2.480490842389826156e+01 1.872971485750749565e+01 3.005348363609125784e+01 1.538998664013156237e+01 2.640487657581168790e+01 1.928716451401864518e+01 -6.225540704341328002e+00 -3.592172377324166632e+01 1.952739358151239557e+01 -1.752548233273019562e+01 -1.281729466903971648e+01 1.436951812402376838e+01 -4.643477833129495025e+00 1.474995812288659458e+01 -3.366542364311842306e+01 2.439729288812776531e+01 1.859888441773117762e+01 1.130314315401439451e+01 1.047122496591429730e+01 -1.820026852289981179e+01 -2.747369975973646206e+01 -3.349920680346816937e+01 2.783741362236411376e+01 -1.980482320985846556e+01 -6.651653591676351951e+00 -3.529142113020340421e+00 1.128702487156038359e+01 2.213085097116818289e+01 -1.306354447808078234e+01 -2.199328318114821457e+01 -1.584217443194810926e+01 3.853162728276646476e+01 2.948167012341390958e+01 -5.106257066136403289e+00 1.866150090139453965e+01 1.644162227326277659e+01 1.640634298160037119e+01 -6.715381944996371644e+00 -2.994897634429451827e+01 2.563134181714209703e+00 -2.985379827831328825e+01 -3.518395643076991774e+01 1.611217803605185850e+01 1.642781438421696549e+01 -2.540860657363934294e+01 -2.266846250420794107e+01 -3.502136476949152666e+01 -3.086330227084302180e+01 -6.858974000133473581e+00 -2.298734779012160345e+01 -1.780535983216554996e+01 3.518688484831805141e+01 -1.358023553031084962e-01 -1.884736091870501085e+01 -8.486952227632109214e+00 -1.039723588559327005e+01 -3.150237579431794899e+01 -1.965201983901149418e+01 1.082172900236026258e+01 3.214611656523194938e+01 3.285827677122941992e+01 1.476024862751712874e+01 1.864265480096304017e+01 -2.074696413315306032e+01 1.010428022245373825e+01 -3.139104229333164398e+01 -2.290387956474253883e+01 2.972494183800720435e+01 -6.633392144263452472e+00 1.420986470859222361e-01 1.128698767480078224e+01 3.881955175523842616e+00 -2.403307748404144295e+00 -2.286505419157820285e+01 -3.058481275553255330e+01 3.100308012343794317e+01 -3.906084019003135843e+00 2.861363437964260292e+00 7.658595338146765741e+00 -9.486120868239616755e+00 3.131955694557022341e+01 -1.306076860352005298e+01 -2.093057799942566177e+01 -2.079613970886073204e+01 9.278469597399031932e-02 3.910828550589530828e+00 7.156170159503964179e+00 5.566943876340413766e+00 1.453868852436306902e+01 2.462313646624998853e+01 -3.131687719946885551e+01 6.143923969549341280e+00 8.253544182257579465e+00 1.848234835235580320e+01 -1.733001624777415017e+01 -7.539299122104424100e+00 1.643623700148621225e+01
2.923529411764706083e+02 -3.937736606825516628e+00 -6.074288323885435048e+00 3.234312941377461836e+00 2.785214602904439118e+01 2.315625205974114564e+01 -5.268968436806122035e+00 9.631373811050133682e+00 -2.838607037589814652e+01 -4.232075925916615411e+00 2.578741835279248207e+01 2.389603785102831779e+01 -3.580070425277060764e+01 1.962330386472379473e+01 2.331597540724485285e+01 1.798201618512434052e+01 2.855351415315499963e+01 1.474273437097373396e+01 2.479743481319693643e+01 1.847297333463293967e+01 -5.854181350404553008e+00 -3.371476085640850329e+01 1.847263533746975384e+01 -1.673566345261003008e+01 -1.226395177149340299e+01 1.343884994440842817e+01 -4.359852839171468375e+00 1.384181221442497289e+01 -3.192774238105032580e+01 2.309684928945209137e+01 1.782297028595341715e+01 1.054065769785114348e+01 9.770392311181693046e+00 -1.716177161206776347e+01 -2.614176709095125162e+01 -3.169775092011369821e+01 2.592245976630766791e+01 -1.856953591022870498e+01 -6.337019448731614268e+00 -3.281787877176830737e+00 1.058912686880890597e+01 2.120432626784387864e+01 -1.229942217340582111e+01 -2.067160195747945650e+01 -1.488056480564488382e+01 3.619252958407649601e+01 2.792925381950139752e+01 -4.729158227752095378e+00 1.752594057279820916e+01 1.535531043712034283e+01 1.540763275379504549e+01 -6.369316241014343127e+00 -2.828517299918076944e+01 2.405592752803630940e+00 -2.818266479211109043e+01 -3.269392806804172835e+01 1.505589663116065502e+01 1.545041901250328387e+01 -2.417983396159898035e+01 -2.130590853704906351e+01 -3.316170176073683251e+01 -2.922300503412304806e+01 -6.433340709827032100e+00 -2.169155072540307927e+01 -1.707454751360147682e+01 3.340114308044630320e+01 -1.308300203863267119e-01 -1.807649810120697609e+01 -8.010139106467224934e+00 -9.856053893584350689e+00 -2.980381972470333451e+01 -1.885305838942166901e+01 1.008949559918426075e+01 3.003122573992278177e+01 3.109063526946565403e+01 1.386673560637574276e+01 1.746488599384607809e+01 -1.944556717747209262e+01 9.487174123410511584e+00 -2.968820928976845508e+01 -2.151942276555983469e+01 2.787792476333557090e+01 -6.218842536609653138e+00 1.335994357996284632e-01 1.064493137809732559e+01 3.646323035696835912e+00 -2.257325917137923632e+00 -2.146867521783791588e+01 -2.892885028681331860e+01 2.917125790705020094e+01 -3.672414569269305762e+00 2.681475156902124457e+00 7.205203999489127042e+00 -8.876141395895167818e+00 2.945625989671691869e+01 -1.229801276590048431e+01 -1.984924928504588593e+01 -1.948600147347861622e+01 8.706134263216457059e-02 3.669194281447641703e+00 6.711038223069846431e+00 5.222692698178553528e+00 1.374459299292500525e+01 2.323959929194125706e+01 -2.938255050624004738e+01 5.793598306836199363e+00 7.716532286124791362e+00 1.727225376093118570e+01 -1.628697820703596122e+01 -7.034600066602086699e+00 1.550213476465263440e+01
2.929411764705882320e+02 -3.654387336937190867e+00 -5.610852470994568186e+00 3.020120378305568565e+00 2.585509119902371467e+01 2.141788141707075965e+01 -4.868296586279876159e+00 8.967355694355653384e+00 -2.687216479955750614e+01 -3.958901197140499928e+00 2.420341511567761117e+01 2.277980573249517704e+01 -3.385218926351041802e+01 1.848670067806593309e+01 2.186938085061943582e+01 1.722565037353772865e+01 2.706902276640633076e+01 1.409132227183575203e+01 2.323795410900384795e+01 1.765384936046153541e+01 -5.493150647993780389e+00 -3.157566887779352882e+01 1.743689903545504549e+01 -1.594612954682488848e+01 -1.170847787499978132e+01 1.254173917044591846e+01 -4.084784798330399092e+00 1.296178829250801101e+01 -3.021368791600473358e+01 2.181817139003822703e+01 1.704145076645906798e+01 9.808824751210512005e+00 9.097170016523568492e+00 -1.614759634501288232e+01 -2.481980568261105446e+01 -2.992800396635531968e+01 2.408833678795463484e+01 -1.737410461015188901e+01 -6.023985839966869982e+00 -3.045352565591947780e+00 9.913137149272106541e+00 2.027143078864105519e+01 -1.155506755236839922e+01 -1.938765440577769184e+01 -1.394736701973203807e+01 3.392256842530565564e+01 2.640097101692415293e+01 -4.370768435617560677e+00 1.642421297909372413e+01 1.431036553395597899e+01 1.443871566718964417e+01 -6.027901629937357342e+00 -2.665596170975583235e+01 2.252902936222449526e+00 -2.654752003066881016e+01 -3.031632305278582251e+01 1.403900186897341662e+01 1.449995628714703955e+01 -2.295996417381602228e+01 -1.998228471748294055e+01 -3.133247387498401082e+01 -2.760969273073541430e+01 -6.021222233487978137e+00 -2.042455024670192643e+01 -1.633727878341214534e+01 3.163673457332047789e+01 -1.257568187546043159e-01 -1.729855628960108049e+01 -7.543765482413087753e+00 -9.322672871031780772e+00 -2.813560051071939583e+01 -1.804628418804398393e+01 9.386926680150690316e+00 2.799595390152929397e+01 2.935417123655595262e+01 1.299938119172484186e+01 1.632662978603867643e+01 -1.818689808799603114e+01 8.888679509538810919e+00 -2.801679906450891266e+01 -2.017529538607801953e+01 2.608979886128695114e+01 -5.817748924610039118e+00 1.253388904056476072e-01 1.001771797837351308e+01 3.417652919377892839e+00 -2.115667502670237177e+00 -2.011440240990946648e+01 -2.730313879134160970e+01 2.738865240441811721e+01 -3.445310622842808534e+00 2.507533558350220293e+00 6.764081741134704728e+00 -8.287712228652580393e+00 2.764429672653952608e+01 -1.155487020496481243e+01 -1.878271795777038378e+01 -1.821944748836360617e+01 8.151628715618364218e-02 3.435127379372068912e+00 6.280146127817424428e+00 4.889251843555836530e+00 1.296568511300539583e+01 2.188636972028034933e+01 -2.750874047112059273e+01 5.451453316422333550e+00 7.199132872253432680e+00 1.610712195087046439e+01 -1.527387725477426628e+01 -6.549794436405815823e+00 1.458954149800012701e+01
2.935294117647058556e+02 -3.384385247733719293e+00 -5.172110030326712682e+00 2.814187646364091133e+00 2.395136716148713063e+01 1.976914576893710063e+01 -4.488832965575034528e+00 8.331672920379011416e+00 -2.538415690237523492e+01 -3.695552146925959569e+00 2.266851603468104415e+01 2.166829366100551013e+01 -3.194086513991165077e+01 1.737872294870887302e+01 2.046907377941458250e+01 1.646474373299205141e+01 2.560624130767702766e+01 1.343913827984651910e+01 2.173048385121255066e+01 1.683403730770330142e+01 -5.143455178422340346e+00 -2.950981220558079343e+01 1.642394185288149089e+01 -1.516069346120181294e+01 -1.115368652076902123e+01 1.167995030030719228e+01 -3.818979102965520678e+00 1.211207491083787424e+01 -2.853005622577492062e+01 2.056602708028857762e+01 1.625842235491827736e+01 9.108750534881018268e+00 8.452636749293512608e+00 -1.516097003973984236e+01 -2.351361747815918335e+01 -2.819644591226428432e+01 2.233739211891344922e+01 -1.622134833226227713e+01 -5.713974969041712093e+00 -2.820084485590665491e+00 9.260708517981862897e+00 1.933703807209749925e+01 -1.083268828026950992e+01 -1.814493160255800319e+01 -1.304503023805229844e+01 3.172769880149545330e+01 2.490265955149531152e+01 -4.031217643686378693e+00 1.535918341509471396e+01 1.330861443517934006e+01 1.350210796611665920e+01 -5.692495653848208548e+00 -2.506688967738396556e+01 2.105447008098274342e+00 -2.495382995330274767e+01 -2.805334746250612810e+01 1.306335944029911111e+01 1.357909886785011899e+01 -2.175437014926218993e+01 -1.870118738686631943e+01 -2.954055430287223771e+01 -2.602941658841797334e+01 -5.623611513556297403e+00 -1.919050825846507990e+01 -1.559747769239547921e+01 2.990086483989974298e+01 -1.206123628521662133e-01 -1.651768939781237577e+01 -7.089376266490719836e+00 -8.799175414891429625e+00 -2.650379259812287813e+01 -1.723602858033850183e+01 8.715059288811257687e+00 2.604395586221922798e+01 2.765523801789174030e+01 1.216048416795837817e+01 1.523042284985471717e+01 -1.697385332242773259e+01 8.310331748253522832e+00 -2.638281924461107053e+01 -1.887507850134537790e+01 2.436484889492138350e+01 -5.431049382665682046e+00 1.173398361003065715e-01 9.407359769287957363e+00 3.196544952712605525e+00 -1.978703358774275722e+00 -1.880571089735555290e+01 -2.571354568192793266e+01 2.566038930052650002e+01 -3.225399340959115513e+00 2.339934954815335644e+00 6.336489136782986975e+00 -7.722036035938344867e+00 2.588876364888225368e+01 -1.083355549582302402e+01 -1.773520579877316194e+01 -1.699933648780386619e+01 7.616321810966213135e-02 3.209201878605348224e+00 5.864521850255155044e+00 4.567436247443352748e+00 1.220472272006005454e+01 2.056792912318701383e+01 -2.570004816938756775e+01 5.118579836740344113e+00 6.702337978973357480e+00 1.498910701874874185e+01 -1.429345364080627512e+01 -6.085657941664858406e+00 1.370139229471155140e+01
2.941176470588235361e+02 -3.127907664368304363e+00 -4.757991730351612603e+00 2.616857711590819591e+00 2.214231274872311417e+01 1.821017127420572024e+01 -4.130536012406393453e+00 7.725086133824951240e+00 -2.392750194548845144e+01 -3.442541314198749980e+00 2.118648534528464467e+01 2.056657046080517759e+01 -3.007344065297723290e+01 1.630268909399851651e+01 1.911835055328364774e+01 1.570320754755860904e+01 2.417080772090133323e+01 1.278936501341226339e+01 2.027836743544571618e+01 1.601752173937797963e+01 -4.805938921002432807e+00 -2.752158537984330522e+01 1.543707733356544765e+01 -1.438288994458903680e+01 -1.060220796979790947e+01 1.085484099755929144e+01 -3.563016562449995650e+00 1.129446155882195946e+01 -2.688293533890330167e+01 1.934464202047466941e+01 1.547773889973723271e+01 8.441212787236439752e+00 7.837568145408632780e+00 -1.420467134435640411e+01 -2.222849217397220301e+01 -2.650880130101564802e+01 2.067115739020663767e+01 -1.511354366854906139e+01 -5.408291271004805445e+00 -2.606127963949429915e+00 8.633187137165352354e+00 1.840572980422740201e+01 -1.013415906734850580e+01 -1.694634529006532730e+01 -1.217558147315230599e+01 2.961284912422561177e+01 2.343951538701387349e+01 -3.710485648825349703e+00 1.433321853924831046e+01 1.235141189543985085e+01 1.259988757710065954e+01 -5.364315117362298935e+00 -2.352279306140828297e+01 1.963538016526355401e+00 -2.340634399613795580e+01 -2.590616922894035667e+01 1.213037481975737109e+01 1.269009174279142904e+01 -2.056795375090137767e+01 -1.746561556331687726e+01 -2.779204257217006457e+01 -2.448754534593000542e+01 -5.241314445511118691e+00 -1.799302922476863031e+01 -1.485884644407442678e+01 2.820002192165118515e+01 -1.154250926651828879e-01 -1.573781863481747756e+01 -6.648311589095918350e+00 -8.287422262045133436e+00 -2.491375686953827540e+01 -1.642638457840257971e+01 8.074615528147791821e+00 2.417796573984155728e+01 2.599944740708562918e+01 1.135195112788947291e+01 1.417828448083339055e+01 -1.580875763732183259e+01 7.753395215094964321e+00 -2.479155957621248874e+01 -1.762174560722381500e+01 2.270654792008353695e+01 -5.059499829968034490e+00 1.096213742575033179e-01 8.815591964118549839e+00 2.983495842601321169e+00 -1.846740203554064763e+00 -1.754546224986863123e+01 -2.416524085042750514e+01 2.399079385476046511e+01 -3.013205504896931508e+00 2.178996633339097766e+00 5.923488559763598893e+00 -7.180048353954266993e+00 2.419394136254798156e+01 -1.013595086308557214e+01 -1.671049396720832192e+01 -1.582795199163170885e+01 7.101330898158812743e-02 2.991885613929653243e+00 5.464997775878446262e+00 4.257909558531984828e+00 1.146412741398159518e+01 1.928816463560309202e+01 -2.396022481347741717e+01 4.795917317832305571e+00 6.226905103436207511e+00 1.391983603524877466e+01 -1.334799025996090371e+01 -5.642748067364093068e+00 1.284021915546454018e+01
2.947058823529411598e+02 -2.885017411150196942e+00 -4.368255697661553860e+00 2.428381717601143297e+00 2.042845690959063276e+01 1.674041886478645225e+01 -3.793214095371347572e+00 7.148077513794001803e+00 -2.250702923853394566e+01 -3.200263147298759936e+00 1.976039922128891391e+01 1.947929574894542526e+01 -2.825580922982276633e+01 1.526142868589981560e+01 1.781987893918824994e+01 1.494471390746197059e+01 2.276775735257824351e+01 1.214496311550540320e+01 1.888427138308209052e+01 1.520800673051364704e+01 -4.481289009499684894e+00 -2.561445553829994637e+01 1.447917919963652977e+01 -1.361596091763111005e+01 -1.005647685311751616e+01 1.006738558810937256e+01 -3.317358642383164469e+00 1.051035612856068902e+01 -2.527770198285782755e+01 1.815770187587511941e+01 1.470299061987186739e+01 7.806683836180559943e+00 7.252457413897773542e+00 -1.328104019203871111e+01 -2.096919425112389845e+01 -2.487004420184696230e+01 1.909041082329735772e+01 -1.405244979844709441e+01 -5.108117478234459163e+00 -2.403531941825095331e+00 8.031626282691050278e+00 1.748177191144243636e+01 -9.461031699643276838e+00 -1.579424957137405094e+01 -1.134064246497924522e+01 2.758196196527442012e+01 2.201609280921901401e+01 -3.408417259845360370e+00 1.334820675069518536e+01 1.143967074362723046e+01 1.173371161367224502e+01 -5.044435184603837108e+00 -2.202780874307469006e+01 1.827422793225534026e+00 -2.190910780273031833e+01 -2.387500700456923042e+01 1.124102158425242770e+01 1.183476699048628333e+01 -1.940513331267117181e+01 -1.627799319995285998e+01 -2.609226721074266919e+01 -2.298876713827437968e+01 -4.874958523629584484e+00 -1.683517148815034759e+01 -1.412484399706450944e+01 2.653996962137639315e+01 -1.102220762654833458e-01 -1.496261044243078331e+01 -6.221710696756169945e+00 -7.789051680255805188e+00 -2.337014593577441701e+01 -1.562118297540031264e+01 7.466025008905811333e+00 2.239985492791980093e+01 2.439167458639698083e+01 1.057531207058569400e+01 1.317174348663331784e+01 -1.469339225456769427e+01 7.218874572791122546e+00 -2.324759821550228622e+01 -1.641768650780868199e+01 2.111759506965808697e+01 -4.703682804357891101e+00 1.021990170906881545e-01 8.243878699497537710e+00 2.778902996399764458e+00 -1.720023285266742530e+00 -1.633593078524672038e+01 -2.266270269708263285e+01 2.238341690040995857e+01 -2.809155260424862188e+00 2.024960819913979027e+00 5.525950767824769017e+00 -6.662432619028397340e+00 2.256332331526990131e+01 -9.463616346012736713e+00 -1.571192022802212129e+01 -1.470703105477795880e+01 6.607532999070100943e-02 2.783544992103148541e+00 5.082219816924555822e+00 3.961190968581353555e+00 1.074598837132747953e+01 1.805038058896875697e+01 -2.229220956477436388e+01 4.484257305761082613e+00 5.773371207942824768e+00 1.290044044607548557e+01 -1.243932967233425124e+01 -5.221418933073874058e+00 1.200815989191828415e+01
2.952941176470588402e+02 -2.655676402642292100e+00 -4.002512167630202455e+00 2.248927410881750966e+00 1.880961361668919807e+01 1.535877513643076675e+01 -3.476546729698787974e+00 6.600879649356004464e+00 -2.112696444202725132e+01 -2.969003968528553195e+00 1.839269413180959845e+01 1.841072005605823136e+01 -2.649308137155328424e+01 1.425730960546107617e+01 1.657574465646984407e+01 1.419268752375783293e+01 2.140153975644975404e+01 1.150866712794064206e+01 1.755023745473501506e+01 1.440891107122896919e+01 -4.170046976416968754e+00 -2.379103568329995966e+01 1.355270160908400356e+01 -1.286285646290499685e+01 -9.518729754859432290e+00 9.318211236304991374e+00 -3.082356723865433246e+00 9.760815581436549593e+00 -2.371904716812744596e+01 1.700837629002877094e+01 1.393749903862395456e+01 7.205363058839700408e+00 6.697544547706177021e+00 -1.239200494952323339e+01 -1.973997458488912571e+01 -2.328443300978632990e+01 1.759526174664976494e+01 -1.303935249031636268e+01 -4.814516402331951106e+00 -2.212261301436174055e+00 7.456810138554510026e+00 1.656910778710528120e+01 -8.814556441111681906e+00 -1.469048167381697922e+01 -1.054146098350926053e+01 2.563806962781508858e+01 2.063633126085162672e+01 -3.124741139775108145e+00 1.240559495510374077e+01 1.057390587688712813e+01 1.090484916488771105e+01 -4.733794599948851101e+00 -2.058541203855304147e+01 1.697287253206672064e+00 -2.046550307437085792e+01 -2.195924662617241552e+01 1.039588341376860292e+01 1.101457305080544558e+01 -1.826985344012310719e+01 -1.514021170052630616e+01 -2.444581914871817574e+01 -2.153711949240761214e+01 -4.525007429421588512e+00 -1.571947874885986352e+01 -1.339868045219537684e+01 2.492576995308700560e+01 -1.050289137532750411e-01 -1.419546899874982593e+01 -5.810523424561361949e+00 -7.305488028648086107e+00 -2.187693755066603174e+01 -1.482398479513600442e+01 6.889456132545476841e+00 2.071071700555429373e+01 2.283609266070899579e+01 9.831748573845526806e+00 1.221188057997703424e+01 -1.362904079492653686e+01 6.707534969638398792e+00 -2.175483671346160364e+01 -1.526475088276782444e+01 1.959997947944872720e+01 -4.364022013455318927e+00 9.508494798300103079e-02 7.693429413886272883e+00 2.583072124330017427e+00 -1.598741019710048228e+00 -1.517884838600685882e+01 -2.120975168390287280e+01 2.084108906990312349e+01 -2.613583211950493368e+00 1.878001064128438369e+00 5.144568296158103848e+00 -6.169643249086421477e+00 2.099967200375928655e+01 -8.817810686405771037e+00 -1.474239603266757292e+01 -1.363781133663609779e+01 6.135584182460258884e-02 2.584453241966926385e+00 4.716662824387371167e+00 3.677666938529092988e+00 1.005207905951732883e+01 1.685733151229213789e+01 -2.069819534827009377e+01 4.184252405828994270e+00 5.342073643613399092e+00 1.193160469395255596e+01 -1.156890721085642326e+01 -4.821842371376788172e+00 1.120698168687601814e+01
2.958823529411764639e+02 -2.439743132565514561e+00 -3.660222027637579423e+00 2.078575160917043974e+00 1.728486348961653363e+01 1.406354352991839995e+01 -3.180083241626245893e+00 6.083466523941886805e+00 -1.979085861693779691e+01 -2.748936102907897805e+00 1.708512354552881973e+01 1.736461335537883954e+01 -2.478949993214945380e+01 1.329219809121259033e+01 1.538741260730257387e+01 1.345024703028626867e+01 2.007594511338247756e+01 1.088293897992694603e+01 1.627764367663035117e+01 1.362331011300698513e+01 -3.872598938845139394e+00 -2.205303443057405133e+01 1.265963901367777567e+01 -1.212618513511130836e+01 -8.990967676866819858e+00 8.607582095763870456e+00 -2.858245415009439849e+00 9.046525417237630151e+00 -2.221089866706749660e+01 1.589926593111082909e+01 1.318426022563856570e+01 6.637167497241817316e+00 6.172807174497052962e+00 -1.153904878330355821e+01 -1.854449933289086161e+01 -2.175543964060113566e+01 1.618513152289950341e+01 -1.207503709237063916e+01 -4.528413306420925544e+00 -2.032194817146975030e+00 6.909238308473492296e+00 1.567129193660179176e+01 -8.195660028890394244e+00 -1.363632834343510325e+01 -9.778886617330318387e+00 2.378323694910819341e+01 1.930348953835573411e+01 -2.859068481168355547e+00 1.150636111497007974e+01 9.754218483152985897e+00 1.011415688456092532e+01 -4.433180018688588575e+00 -1.919835810751919425e+01 1.573252729194865474e+00 -1.907818988840477559e+01 -2.015742232935486555e+01 9.595137825202002091e+00 1.023054872558378214e+01 -1.716551992711268326e+01 -1.405359498627316306e+01 -2.285647502898559580e+01 -2.013592198555247847e+01 -4.191751829970905341e+00 -1.464793639709672490e+01 -1.268326185809367423e+01 2.336170035021316949e+01 -9.986928654400487049e-02 -1.343947893621533396e+01 -5.415493933346720468e+00 -6.837918119407346396e+00 -2.043736813926030393e+01 -1.403802071244870220e+01 6.344807347469554770e+00 1.911083593378858936e+01 2.133610286035023051e+01 9.122072146326331676e+00 1.129930535173603623e+01 -1.261646278654891518e+01 6.219887472259000738e+00 -2.031643414727159680e+01 -1.416421442162085853e+01 1.815493988169668427e+01 -4.040773636909120725e+00 8.828780067354047301e-02 7.165178009358950106e+00 2.396211443798410112e+00 -1.483021504305927607e+00 -1.407537216219242815e+01 -1.980948589080072253e+01 1.936586952867549272e+01 -2.426726364802182623e+00 1.738218625715885590e+00 4.779843051756203387e+00 -5.701894953771656560e+00 1.950496851670867926e+01 -8.199469542942154021e+00 -1.380435785754818490e+01 -1.262100496677341077e+01 5.685906667135715714e-02 2.394784971185105249e+00 4.368621082154544588e+00 3.407583582763014984e+00 9.383827413338623913e+00 1.571117556383197744e+01 -1.917958569981769656e+01 3.896405042008863173e+00 4.933141473739798499e+00 1.101354736471732565e+01 -1.073772406178024141e+01 -4.444001310409811722e+00 1.043805051408097739e+01
2.964705882352941444e+02 -2.237004824813290327e+00 -3.340750021152530724e+00 1.917341599557176979e+00 1.585278016127028877e+01 1.285264422225948344e+01 -2.903288720275667867e+00 5.595627818213970706e+00 -1.850173592224438224e+01 -2.540147578324241984e+00 1.583892510466884929e+01 1.634436280510472628e+01 -2.314863126183510289e+01 1.236757467871627370e+01 1.425588119183307967e+01 1.272026614826688018e+01 1.879424531943304544e+01 1.027002312747149482e+01 1.506737244411265841e+01 1.285400484772970842e+01 -3.589213934654077232e+00 -2.040148635749555339e+01 1.180162900432677731e+01 -1.140828386747332068e+01 -8.475003714024952117e+00 7.935498619302014944e+00 -2.645172135642083866e+00 8.367894408588766098e+00 -2.075658759958944799e+01 1.483252939890339661e+01 1.244601010731425283e+01 6.101813915380217779e+00 5.678035850606359958e+00 -1.072331477322777360e+01 -1.738597371595496455e+01 -2.028592569791164379e+01 1.485895986999734930e+01 -1.115991907678139761e+01 -4.250624512399624244e+00 -1.863151987781918040e+00 6.389198979291681013e+00 1.479156773586497131e+01 -7.605023904037133242e+00 -1.263266294294451519e+01 -9.053471534442929070e+00 2.201880467906616801e+01 1.802029690052544808e+01 -2.610934123033861187e+00 1.065113279787199474e+01 8.980412622088806529e+00 9.362183446932299091e+00 -4.143259286211913306e+00 -1.786884770434604164e+01 1.455392511806099742e+00 -1.774927421184051468e+01 -1.846748753640892104e+01 8.838669274294753464e+00 9.483423796108127135e+00 -1.609511313801909083e+01 -1.301904063371823739e+01 -2.132737875975549713e+01 -1.878793609342174875e+01 -3.875354019979591946e+00 -1.362210236718117962e+01 -1.198125125128669666e+01 2.185142252658211959e+01 -9.476534710686122798e-02 -1.269746856161277115e+01 -5.037208697937074930e+00 -6.387343376680180818e+00 -1.905409965307099185e+01 -1.326625680113830796e+01 5.831786074129718500e+00 1.759991214207980548e+01 1.989450793169421061e+01 8.446816724423102940e+00 1.043428052913920112e+01 -1.165603092708469291e+01 5.756253412985717688e+00 -1.893497555375868657e+01 -1.311692197266213533e+01 1.678315928820185832e+01 -3.734069990108685122e+00 8.181353526287811484e-02 6.659847751278158867e+00 2.218456246650470032e+00 -1.372947658268178328e+00 -1.302622999160399431e+01 -1.846444453786748596e+01 1.795923491343986811e+01 -2.248748251141109211e+00 1.605661444396869530e+00 4.432132931378584217e+00 -5.259227551732674755e+00 1.808060513446817552e+01 -7.609283330113933985e+00 -1.289987080799437003e+01 -1.165693686352391012e+01 5.258748756759205195e-02 2.214641524176059750e+00 4.038255027236159478e+00 3.151082723510671535e+00 8.742394475229271933e+00 1.461361287415844679e+01 -1.773719735733270397e+01 3.621102887999930964e+00 4.546552710700725974e+00 1.014615021536977579e+01 -9.946455532234926622e+00 -4.087744010423898899e+00 9.702425989299383602e+00
2.970588235294117680e+02 -2.047172902994295107e+00 -3.043358959672686215e+00 1.765174734242393351e+00 1.451139768314026490e+01 1.172359060528212282e+01 -2.645538953010533767e+00 5.136956169271271300e+00 -1.726202496467701408e+01 -2.342635321425446282e+00 1.465477389795521468e+01 1.535290588156542313e+01 -2.157328241800108160e+01 1.148449371882240300e+01 1.318164102840190566e+01 1.200531840957055607e+01 1.755912300383973346e+01 9.671902797666026785e+00 1.391976691115552889e+01 1.210346806261346053e+01 -3.320033321658129033e+00 -1.883669573078856985e+01 1.097991245676416128e+01 -1.071117175090684270e+01 -7.972427503831576168e+00 7.301677830461398067e+00 -2.443189662067363432e+00 7.725031623357081045e+00 -1.935877305332266118e+01 1.380983176532724599e+01 1.172517177366451335e+01 5.598805208805314848e+00 5.212821107724166403e+00 -9.945572240576261436e+00 -1.626707430903037732e+01 -1.887807277812309081e+01 1.361517412160564788e+01 -1.029401369953500911e+01 -3.981840712886612454e+00 -1.704889244932077608e+00 5.896751340292960997e+00 1.393280469759965179e+01 -7.043060995570022520e+00 -1.167990826099975621e+01 -8.365444297279941210e+00 2.034532677344411056e+01 1.678888839222586427e+01 -2.379791966072179132e+00 9.840156532698804526e+00 8.251973732001491868e+00 8.649142628565753554e+00 -3.864566262845842370e+00 -1.659846822094543839e+01 1.343727735230267450e+00 -1.648024961930260446e+01 -1.688677851347545555e+01 8.126047662828488782e+00 8.773591125451284611e+00 -1.506112515372542759e+01 -1.203698231359879500e+01 -1.986096642986533567e+01 -1.749529932108731600e+01 -3.575837374438248784e+00 -1.264306247190391908e+01 -1.129501723371501143e+01 2.039790189153264421e+01 -8.973729327713581005e-02 -1.197195620499146074e+01 -4.676079997600835370e+00 -5.954556834796250975e+00 -1.772915387033221180e+01 -1.251133782157576668e+01 5.349895701998207187e+00 1.617702085020823333e+01 1.851344334511649592e+01 7.806214658541215101e+00 9.616694645363137894e+00 -1.074769983562767095e+01 5.316748165746145283e+00 -1.761240662622045861e+01 -1.212325016737315764e+01 1.548471873791982034e+01 -3.443909468634816839e+00 7.566519970514218318e-02 6.177929971291124644e+00 2.049862545720530616e+00 -1.268553331483483593e+00 -1.203168345704752440e+01 -1.717654456986749878e+01 1.662202490572171953e+01 -2.079732353084209784e+00 1.480319862629303040e+00 4.101638614820420692e+00 -4.841492695740858387e+00 1.672733155178670827e+01 -7.047674007749886727e+00 -1.203058200019872714e+01 -1.074551391449509019e+01 4.854170368719346040e-02 2.044044910972350415e+00 3.725580297013825870e+00 2.908193257875126392e+00 8.128644630531093540e+00 1.356583859464559971e+01 -1.637121139334805520e+01 3.358607377041142428e+00 4.182123197504235002e+00 9.328933837522365380e+00 -9.195422365582937019e+00 -3.752774745999535089e+00 9.000829882464904230e+00
2.976470588235293917e+02 -1.869897066306182909e+00 -2.767233292336671369e+00 1.621963977899761655e+00 1.325830978550917827e+01 1.067357686957348051e+01 -2.406140775018991373e+00 4.706879278377284592e+00 -1.607360925073869140e+01 -2.156317581014765672e+00 1.353285025190277935e+01 1.439275561663353997e+01 -2.006556891589742264e+01 1.064362788462537601e+01 1.216473706638410412e+01 1.130768791522486971e+01 1.637271829797938594e+01 9.090311716022286603e+00 1.283470072350297819e+01 1.137385851963743733e+01 -3.065086344155396159e+00 -1.735833109416935471e+01 1.019537097459819108e+01 -1.003656804667297742e+01 -7.484616418850003505e+00 6.705595545368570498e+00 -2.252268309536630042e+00 7.117785690904840479e+00 -1.801949958054667533e+01 1.283238973259595639e+01 1.102386902082010245e+01 5.127466018735161946e+00 4.776586000986953628e+00 -9.206256966006000297e+00 -1.518998751123307223e+01 -1.753344669371756837e+01 1.245177892399480690e+01 -9.476990188242830015e+00 -3.722635400334162181e+00 -1.557111774909530011e+00 5.431755919842307989e+00 1.309751528146023958e+01 -6.509946811043731962e+00 -1.077809252188783162e+01 -7.714750934393945769e+00 1.876266984731502419e+01 1.561085879988275593e+01 -2.165033104406790532e+00 9.073346772384036640e+00 7.568118847538950256e+00 7.974956179001835288e+00 -3.597512279058078466e+00 -1.538825670561791803e+01 1.238234227459461323e+00 -1.527206135075230264e+01 -1.541213307126635890e+01 7.456576797167505433e+00 8.101147159365268635e+00 -1.406559571019441712e+01 -1.110744675073989995e+01 -1.845903117882371092e+01 -1.625958255683135434e+01 -3.293104892915897697e+00 -1.171148083871157475e+01 -1.062664605321073807e+01 1.900346491992825548e+01 -8.480340820663746781e-02 -1.126516188509213201e+01 -4.332364314625315238e+00 -5.540161344433293777e+00 -1.646397322363522875e+01 -1.177559943686417299e+01 4.898469912765802015e+00 1.484070910970997659e+01 1.719444073627408898e+01 7.200234530722319448e+00 8.846114595489046550e+00 -9.891063348807973554e+00 4.901307659260859317e+00 -1.635009566114046820e+01 -1.118316621716800263e+01 1.425917822832145454e+01 -3.170174768026609247e+00 6.984328569501659090e-02 5.719709202714422069e+00 1.890417097219038167e+00 -1.169829529395407075e+00 -1.109158820044958205e+01 -1.594714032296362483e+01 1.535451835396194831e+01 -1.919691900430202214e+00 1.362134585489847227e+00 3.788422296383282539e+00 -4.448381388493493738e+00 1.544533241863867445e+01 -6.514826003397383936e+00 -1.119775662716781994e+01 -9.886283130103660000e+00 4.472067785446211946e-02 1.882948216265043717e+00 3.430487193706242888e+00 2.678846106993767240e+00 7.543174856137031092e+00 1.256859553512763128e+01 -1.508125744004076907e+01 3.109067390249704133e+00 3.839531061707205595e+00 8.561113128544578288e+00 -8.484634490557452224e+00 -3.438677267567617157e+00 8.333682747518260214e+00
2.982352941176470722e+02 -1.704775136669194335e+00 -2.511495303961622128e+00 1.487547064373696104e+00 1.209073919104443284e+01 9.699539669140117226e+00 -2.184346125314877707e+00 4.304682292888945661e+00 -1.493785789612496018e+01 -1.981042491936516603e+00 1.247288536230615819e+01 1.346601221023116679e+01 -1.862695627581290481e+01 9.845297077598015534e+00 1.120481178252889976e+01 1.062937081104512593e+01 1.523665583467983531e+01 8.526738061285032089e+00 1.181162405088833367e+01 1.066702657398518994e+01 -2.824300586289975712e+00 -1.596549151407659295e+01 9.448551647275088783e+00 -9.385901139848174424e+00 -7.012739952668518129e+00 6.146515667655164883e+00 -2.072304255354164404e+00 6.545771763909147722e+00 -1.674023288151861522e+01 1.190100142129287342e+01 1.034393027086634831e+01 4.686967420028338438e+00 4.368608828207625194e+00 -8.505498914501290031e+00 -1.415643180889182773e+01 -1.625303905506600444e+01 1.136641937846235173e+01 -8.708209003505254842e+00 -3.473469508151422414e+00 -1.419481670652493088e+00 4.993895493955395004e+00 1.228785969417802093e+01 -6.005640470415077203e+00 -9.926887530016777816e+00 -7.101082922551470666e+00 1.727008169465759480e+01 1.448729593522879711e+01 -1.965998451774579880e+00 8.350318762617716217e+00 6.927831334296794097e+00 7.339283009819806303e+00 -3.342393184769094194e+00 -1.423874069502931050e+01 1.138847189612486543e+00 -1.412514855348970855e+01 -1.403997355684915860e+01 6.829328029459487581e+00 7.465919675349267592e+00 -1.311013150894473256e+01 -1.023009330886255341e+01 -1.712276477532827812e+01 -1.508182673767372428e+01 -3.026951991656654961e+00 -1.082763270563942193e+01 -9.977944436659562655e+00 1.766983315662703191e+01 -7.998003273798895418e-02 -1.057901063477516956e+01 -4.006174431524992308e+00 -5.144580995721931949e+00 -1.525946055770508103e+01 -1.106107079472090327e+01 4.476696487293699178e+00 1.358906316832826811e+01 1.593846813443491151e+01 6.628607201971813190e+00 8.121821429066327980e+00 -9.085394462689697193e+00 4.509706469131507411e+00 -1.514887403575511549e+01 -1.029626761269469526e+01 1.310563238856211399e+01 -2.912645449915059359e+00 6.434597092939477181e-02 5.285279937779553627e+00 1.740044326155279375e+00 -1.076728688990078009e+00 -1.020543466533456467e+01 -1.477706247027242448e+01 1.415648420977477961e+01 -1.768576492167875935e+00 1.251002205622509411e+00 3.492420399094951833e+00 -4.079443088839758147e+00 1.423428018648403715e+01 -6.010707193308614471e+00 -1.040229974694019965e+01 -9.078471263216163933e+00 4.112190743657083425e-02 1.731242920930114337e+00 3.152754108423669877e+00 2.462884519390413196e+00 6.986333700029059735e+00 1.162220998446875342e+01 -1.386647079183018683e+01 2.872528516497953266e+00 3.518333661052839734e+00 7.841635599668766332e+00 -7.813821194079332955e+00 -3.144931114877203893e+00 7.701128290893899830e+00
2.988235294117646959e+02 -1.551362350678749058e+00 -2.275220196708317655e+00 1.361716845250209973e+00 1.100560276840113261e+01 8.798214650187755836e+00 -1.979365066232872783e+00 3.929529398736064216e+00 -1.385565957709227547e+01 -1.816596545544164831e+00 1.147420776849624424e+01 1.257437821805150158e+01 -1.725830671778246739e+01 9.089499009607491686e+00 1.030114773198894440e+01 9.972079685855559816e+00 1.415207586748269541e+01 7.982430883480881256e+00 1.084961144661896526e+01 9.984522579335639136e+00 -2.597512678284922050e+00 -1.465677091176815772e+01 8.739693209142700425e+00 -8.760320356163202149e+00 -6.557766270367118899e+00 5.623518796442076528e+00 -1.903127855092647813e+00 6.008398385776437145e+00 -1.552189856249018085e+01 1.101607734721432408e+01 9.686896078505732532e+00 4.276350898590839833e+00 3.988044901901122596e+00 -7.843150156212762347e+00 -1.316768218223429088e+01 -1.503731104559071952e+01 1.035644149556336124e+01 -7.986758947588167956e+00 -3.234696942306134027e+00 -1.291625728916884208e+00 4.582695755584141217e+00 1.150565491091396630e+01 -5.529906058305921412e+00 -9.125646187451533109e+00 -6.523905306764411272e+00 1.586625939878469893e+01 1.341881764197044902e+01 -1.781990388398348779e+00 7.670421925201588387e+00 6.329894634552911903e+00 6.741548434213697760e+00 -3.099397104741061781e+00 -1.314998181054927961e+01 1.045465801541108464e+00 -1.303948793956804941e+01 -1.276638489866749993e+01 6.243172903475916691e+00 6.867495629912640176e+00 -1.219592971714277141e+01 -9.404253044183496613e+00 -1.585280170005285250e+01 -1.396258188856826443e+01 -2.777079186602329663e+00 -9.991439185471469031e+00 -9.350445659204343229e+00 1.639816235985111348e+01 -7.528156505661506848e-02 -9.915138573357651808e+00 -3.697492021531698647e+00 -4.768073421604664297e+00 -1.411602054914601290e+01 -1.036948088344953334e+01 4.083640232158720629e+00 1.241977423659660573e+01 1.474597399364663808e+01 6.090851739283737132e+00 7.442846118164361258e+00 -8.329684134995963163e+00 4.141575947701989335e+00 -1.400907791598413432e+01 -9.461822854225028223e+00 1.202276538355309832e+01 -2.671010364244369217e+00 5.916936274194690981e-02 4.874563931013170759e+00 1.598613133469146685e+00 -9.891688955621548152e-01 -9.372389199817213523e+00 -1.366665925258299730e+01 1.302723315935836013e+01 -1.626278882613511501e+00 1.146780541667586029e+00 3.213456449255124525e+00 -3.734104322666920606e+00 1.309338818158765072e+01 -5.535090119962113420e+00 -9.644780757403053073e+00 -8.321024876394067959e+00 3.774159395225230862e-02 1.588765994018298988e+00 2.892060810638073853e+00 2.260074305705666031e+00 6.458241264371426205e+00 1.072662752330650093e+01 -1.272555082697262030e+01 2.648942477053103595e+00 3.217984179816991475e+00 7.169218868421320501e+00 -7.182461281109560503e+00 -2.870927358378653427e+00 7.103058502689651554e+00
2.994117647058823763e+02 -1.409180162942673231e+00 -2.057450101566063783e+00 1.244227886645751235e+00 9.999573740338112415e+00 7.966189323840232817e+00 -1.790377915701067968e+00 3.580484443518168192e+00 -1.282745878251783012e+01 -1.662712897073223228e+00 1.053579012958730488e+01 1.171917794259084289e+01 -1.595992743336462638e+01 8.375940417324025944e+00 9.452710764825065226e+00 9.337251511297042228e+00 1.311966847882373521e+01 7.458408816231561822e+00 9.947408163517375002e+00 9.327607690416423125e+00 -2.384478915300769053e+00 -1.343032320740444696e+01 8.068753057040456866e+00 -8.160709440836223294e+00 -6.120470484508548026e+00 5.135529997223008181e+00 -1.744511953005930982e+00 5.504894124570122393e+00 -1.436492436896920921e+01 1.017767331045635260e+01 9.054029267858672014e+00 3.894551058797957488e+00 3.633947623118387149e+00 -7.218813492702600421e+00 -1.222459936105563294e+01 -1.388623997699032842e+01 9.418948898546441129e+00 -7.311493459845123333e+00 -3.006570873266479094e+00 -1.173142770388367451e+00 4.197545814073898818e+00 1.075238706678384126e+01 -5.082334178618113540e+00 -8.373441182433253971e+00 -5.982484554951361666e+00 1.454941696120323158e+01 1.240560981481188030e+01 -1.612283635972903806e+00 7.032772822571785376e+00 5.772924756708290417e+00 6.180973176769805733e+00 -2.868612726570090476e+00 -1.212162039596636198e+01 9.579578797974027671e-01 -1.201463920224708914e+01 -1.158718819752808393e+01 5.696814721611255017e+00 6.305249161702778160e+00 -1.132380382622999626e+01 -8.628968070327188045e+00 -1.464926642445292870e+01 -1.290194876931014178e+01 -2.543104623661959440e+00 -9.202502590796420634e+00 -8.745418314030382945e+00 1.518908381814084763e+01 -7.072048340362610541e-02 -9.274901890812063954e+00 -3.406180615177799798e+00 -4.410743096245351325e+00 -1.303360354100079377e+01 -9.702267607790144410e+00 3.718264882426667306e+00 1.133020148849446862e+01 1.361693168608341686e+01 5.586301352105808249e+00 6.808004412620243251e+00 -7.622679876520057185e+00 3.796422239980375313e+00 -1.293059275533041408e+01 -8.678811127866785213e+00 1.100890540294016517e+01 -2.444879842327046582e+00 5.430774334459966685e-02 4.487327843981670839e+00 1.465943768918399170e+00 -9.070381767080171187e-01 -8.591334771307234774e+00 -1.261583891767521060e+01 1.196567023467004987e+01 -1.492641609108483536e+00 1.049294035983037832e+00 2.951253997282067498e+00 -3.411686879702457098e+00 1.202146375418778490e+01 -5.087573562723412657e+00 -8.925459633603399112e+00 -7.612648802046738439e+00 3.457481074869180743e-02 1.455307025776769958e+00 2.648001511185583023e+00 2.070113901799033762e+00 5.958810020173953781e+00 9.881451270299795198e+00 -1.165681671836231459e+01 2.438176792665278203e+00 2.937847631486377509e+00 6.542386800274975656e+00 -6.589813142932674062e+00 -2.615983716449914454e+00 6.539139275303208265e+00
3.000000000000000000e+02 -1.277724391767848910e+00 -1.857206580138056617e+00 1.134802818629529586e+00 9.069139574102091927e+00 7.199951368972840271e+00 -1.616546149260303711e+00 3.256530455449879735e+00 -1.185329376335960383e+01 -1.519079398433866190e+00 9.656294565995381163e+00 1.090137836743441291e+01 -1.473162043639184837e+01 7.704068377566205328e+00 8.658191519204006426e+00 8.726057620290474048e+00 1.213970843004471334e+01 6.955470635250540212e+00 9.103475476784220533e+00 8.697267456972136657e+00 -2.184885667745400273e+00 -1.228392443851170590e+01 7.435434892537545970e+00 -7.587702084995253671e+00 -5.701444380966949055e+00 4.681345194376222096e+00 -1.596179841388230658e+00 5.034333180560795817e+00 -1.326928272484094506e+01 9.385524152676577359e+00 8.446327043641209897e+00 3.540417049195943466e+00 3.305288116319916814e+00 -6.631870891889107611e+00 -1.132765930099744267e+01 -1.279936592502070170e+01 8.550856200925183614e+00 -6.681065679744826014e+00 -2.789250550583813215e+00 -1.063610439405292096e+00 3.837717945701200506e+00 1.002922628157327978e+01 -4.662363203151781654e+00 -7.669101865111936256e+00 -5.475915699590763630e+00 1.331735188536029924e+01 1.144746621819701460e+01 -1.456135064287121583e+00 6.436287203260884660e+00 5.255400947396936751e+00 5.656601575961187400e+00 -2.650037871778040621e+00 -1.115291936359708558e+01 8.761642899053327938e-01 -1.104978980133978261e+01 -1.049800855854048365e+01 5.188818492409369654e+00 5.778368916808607203e+00 -1.049421115900917023e+01 -7.903029916229119323e+00 -1.351182078004196718e+01 -1.189962082136335475e+01 -2.324576086675216313e+00 -8.460141174727196400e+00 -8.163877307563458530e+00 1.404274786084701176e+01 -6.630738839070854374e-02 -8.659388421318961804e+00 -3.131998463745978345e+00 -4.072554822085298731e+00 -1.201174987787339887e+01 -9.060588904099731167e+00 3.379453603684257956e+00 1.031743220087664348e+01 1.255088625643918299e+01 5.114128516981036654e+00 6.215930278215935800e+00 -6.962922613107942915e+00 3.473643670713418619e+00 -1.191289824858162305e+01 -7.945961459713114294e+00 1.006207667403888628e+01 -2.233797518531271731e+00 4.975380718750706255e-02 4.123200738976334101e+00 1.341814503604225495e+00 -8.301985786642085419e-01 -7.860910307006764519e+00 -1.162411348265549371e+01 1.097034586169058379e+01 -1.367463608658942453e+00 9.583388111800764664e-01 2.705449297502342532e+00 -3.111425121159780094e+00 1.101696087621932918e+01 -4.667603610375291368e+00 -8.244313611486523641e+00 -6.951843383197338966e+00 3.161566488825628268e-02 1.330615037129400546e+00 2.420097530630869187e+00 1.892644140511632989e+00 5.487765782883003318e+00 9.085978743879712383e+00 -1.065826268016214229e+01 2.240024356919247506e+00 2.677216066343753198e+00 5.959503758358057901e+00 -6.034944090956655849e+00 -2.379358744735484255e+00 6.008835859872600160e+00
3.005882352941176805e+02 -1.156472669708690226e+00 -1.673502004533814924e+00 1.033138220100506377e+00 8.210654235278873614e+00 6.495932093413216535e+00 -1.457022239436867928e+00 2.956587713126226813e+00 -1.093283496278960953e+01 -1.385346213512017810e+00 8.834116814778184335e+00 1.012161245697053857e+01 -1.357273364044401553e+01 7.073101278525852464e+00 7.916046037300571214e+00 8.139415866431010116e+00 1.121209268187682362e+01 6.474207241598658236e+00 8.316034494078369477e+00 8.094227059216247966e+00 -1.998359437188843790e+00 -1.121503258908892953e+01 6.839216324923553358e+00 -7.041698822022889104e+00 -5.301107294439105999e+00 4.259656019585326803e+00 -1.457812970474881009e+00 4.595660060892436505e+00 -1.223453533309982966e+01 8.639077230101172233e+00 7.864535213338035291e+00 3.212732478756965993e+00 3.000973672534254177e+00 -6.081511374173003581e+00 -1.047698495425944110e+01 -1.177583887825780984e+01 7.748938103138645062e+00 -6.093961789337164703e+00 -2.582808516677914223e+00 -9.625914415169315452e-01 3.502386497867689297e+00 9.337043692013606844e+00 -4.269299877450114522e+00 -7.011250146910628978e+00 -5.003148372233371610e+00 1.216750775807746621e+01 1.054382831243174223e+01 -1.312792524743051636e+00 5.879710762785260947e+00 4.775694441651228139e+00 5.167328621040503833e+00 -2.443588241247060644e+00 -1.024280945653596042e+01 7.999032477562220134e-01 -1.014379979765234374e+01 -9.494337116819313138e+00 4.717638891637316867e+00 5.285884569469573968e+00 -9.707282197481454489e+00 -7.225016368519718846e+00 -1.243971218155929925e+01 -1.095492640164627574e+01 -2.120982559779497123e+00 -7.763424095174842776e+00 -7.606596601500881683e+00 1.295886818274875729e+01 -6.205106210553365531e-02 -8.069430920831573317e+00 -2.874611279745638015e+00 -3.753347561083884898e+00 -1.104963439649203139e+01 -8.445336962671259329e+00 3.066028072594351173e+00 9.378337175248294244e+00 1.154700021600238635e+01 4.673369219692840026e+00 5.665107602764497763e+00 -6.348781876396908608e+00 3.172547458818603783e+00 -1.095511236226438179e+01 -7.261790205304166967e+00 9.180049885294058853e+00 -2.037251453751495855e+00 4.549889176504869071e-02 3.781691321975051867e+00 1.225967934361114509e+00 -7.584901395336034469e-01 -7.179548596345614264e+00 -1.069064180528676289e+01 1.003950496115795055e+01 -1.250506543868809217e+00 8.736875398304941864e-01 2.475603562358231979e+00 -2.832482319864471965e+00 1.007803012721654135e+01 -4.274494372210477344e+00 -7.601064612318029212e+00 -6.336939820211497931e+00 2.885745203083057292e-02 1.214405019245002659e+00 2.207809283899069719e+00 1.727257590497631057e+00 5.044668625431070197e+00 8.339239133161639117e+00 -9.727610380421099379e+00 2.054212848106564682e+00 2.435322935489757867e+00 5.418806769888702135e+00 -5.516758631087995468e+00 -2.160265065796080908e+00 5.511437964308665727e+00
3.011764705882353041e+02 -1.044891280892288332e+00 -1.505349508000788150e+00 9.389102263459074837e-01 7.420386702948958302e+00 5.850545278192255338e+00 -1.310958377405523345e+00 2.679530519405253219e+00 -1.006542373808065172e+01 -1.261133022400532155e+00 8.067428577060155703e+00 9.380204283139351062e+00 -1.248221111449586296e+01 6.482058995134773127e+00 7.224534249035212241e+00 7.578004510700154128e+00 1.033637702741338060e+01 6.015014887926863452e+00 7.583107457522769046e+00 7.518968028320647257e+00 -1.824476518088030907e+00 -1.022084442683683037e+01 6.279376100990750942e+00 -6.522884749049222108e+00 -4.919717876994122108e+00 3.869073024720290466e+00 -1.329058261263061702e+00 4.187712855646307908e+00 -1.125987679273343289e+01 7.937526076765437644e+00 7.309163828256902029e+00 2.910233681021097585e+00 2.719864674666769844e+00 -5.566758070680382531e+00 -9.672378651976572428e+00 -1.081446499839938014e+01 7.009874354022062271e+00 -5.548532621787542141e+00 -2.387238086046832297e+00 -8.696391649774924959e-01 3.190645791852969815e+00 8.676429942980409038e+00 -3.902339263523471491e+00 -6.398334708653557357e+00 -4.563011701414282584e+00 1.109703527435005377e+01 9.693824817945758454e+00 -1.181502712234234531e+00 5.361648490842146231e+00 4.332095099595735022e+00 4.711925775357705071e+00 -2.249106179290338403e+00 -9.389931601784981652e+00 7.289743534765109612e-01 -9.295245006386599229e+00 -8.571587139974555569e+00 4.281646444046384836e+00 4.826692143989202322e+00 -8.962850249779052092e+00 -6.593326829441683579e+00 -1.143182132388983163e+01 -1.006687153809188118e+01 -1.931765101626170988e+00 -7.111205072233056868e+00 -7.074123535887375525e+00 1.193676677379031048e+01 -5.795854305914181770e-02 -7.505622088889885468e+00 -2.633604654400910849e+00 -3.452848223617643875e+00 -1.014610988630591315e+01 -7.857153298309835776e+00 2.776765953138891518e+00 8.509623649509888921e+00 1.060409893614638221e+01 4.262946093005499648e+00 5.153900144332658861e+00 -5.778488875498687172e+00 2.892365676636069693e+00 -1.005603615351722624e+01 -6.624636916458595870e+00 8.360389029934333749e+00 -1.854684785562874083e+00 4.153319803296299378e-02 3.462204691470534890e+00 1.118117155900462345e+00 -6.917346591138660017e-01 -6.545512281581176595e+00 -9.814272875046516020e+00 9.171135097999780328e+00 -1.141500828943592394e+00 7.950940195728746218e-01 2.261214744453363235e+00 -2.573965958124256215e+00 9.202567446442767363e+00 -3.907447747561691553e+00 -6.995206681302678753e+00 -5.766133455012731446e+00 2.629280366352177919e-02 1.106364190667910030e+00 2.010547699739420935e+00 1.573507329121037968e+00 4.628933439265217942e+00 7.640029248724339084e+00 -8.862358410294564948e+00 1.880413832400686713e+00 2.211356382856062286e+00 4.918435465255423189e+00 -5.034025488407830373e+00 -1.957881621531391447e+00 5.046084089245701065e+00
3.017647058823529278e+02 -9.424412152894835470e-01 -1.351771834376491288e+00 8.517796942574183960e-01 6.694564163560235315e+00 5.260221496773648475e+00 -1.177514135746296597e+00 2.424202471127196556e+00 -9.250110968835674186e+00 -1.146035779452205139e+00 7.354217699970388544e+00 8.677194547374776690e+00 -1.145864284083527807e+01 5.929792185403298888e+00 6.581756519790240567e+00 7.042277493350671769e+00 9.511813962152340096e+00 5.578109332844491952e+00 6.902556955998859323e+00 6.971746092613625656e+00 -1.662772097680893069e+00 -9.298348665662336643e+00 5.755020785811731265e+00 -6.031248067478133912e+00 -4.557386573948056352e+00 3.508147172221769861e+00 -1.209534992537691700e+00 3.809245217282492657e+00 -1.034417843680344617e+01 7.279843111626501440e+00 6.780503964736322331e+00 2.631626426901451765e+00 2.460790165707481325e+00 -5.086494284897757900e+00 -8.913354953098012956e+00 -9.913752334871890781e+00 6.330290431965141629e+00 -5.043023188063717299e+00 -2.202461003319752031e+00 -7.843028107337506327e-01 2.901526890728532759e+00 8.047715713861027353e+00 -3.560583729241768580e+00 -5.828663457962668382e+00 -4.154237677683604524e+00 1.010284932861156904e+01 8.896311226786110637e+00 -1.061518101552284987e+00 4.880592289135080364e+00 3.922835879054504815e+00 4.289065264716914960e+00 -2.066369389681081969e+00 -8.592679412637684422e+00 6.631624037954828577e-01 -8.502459555360648125e+00 -7.725144264582369580e+00 3.879151518803069632e+00 4.399578207438905153e+00 -8.260481547292899407e+00 -6.006215748801166043e+00 -1.048670934894301965e+01 -9.234180823250030201e+00 -1.756327086681876315e+00 -6.502154989443599931e+00 -6.566794364246566040e+00 1.097541865055589660e+01 -5.403521316335258701e-02 -6.968330830325197844e+00 -2.408496065274884135e+00 -3.170685243897127581e+00 -9.299750474707760617e+00 -7.296445544823731311e+00 2.510416920332342094e+00 7.707882622901490066e+00 9.720715796276008902e+00 3.881690160811409385e+00 4.680579286783190796e+00 -5.250167548731559997e+00 2.632270188293186486e+00 -9.214196123178561848e+00 -6.032698091583455380e+00 7.600495997503512235e+00 -1.685505568301808088e+00 3.784599954383406628e-02 3.164058458791112027e+00 1.017951452074463248e+00 -6.297392532267468424e-01 -5.956927758707930565e+00 -8.993587002775772277e+00 8.363011691574765649e+00 -1.040151408202633077e+00 7.222974436403738485e-01 2.061728782793050829e+00 -2.334941903412711905e+00 8.388259874598096744e+00 -3.565572471544271593e+00 -6.426033142886394600e+00 -5.237514834932444074e+00 2.391382494729637695e-02 1.006157744941529764e+00 1.827684895413092425e+00 1.430915292307519238e+00 4.239850026752026935e+00 6.986948327056189179e+00 -8.059828921424713855e+00 1.718251590257258377e+00 2.004471613296444854e+00 4.456459632749222521e+00 -4.585403149916577270e+00 -1.771364814682763189e+00 4.611784939027436359e+00
3.023529411764706083e+02 -8.485836298694284796e-01 -1.211808834310329708e+00 7.713969256248607298e-01 6.029410502543315786e+00 4.721437935707241351e+00 -1.055863059793787473e+00 2.189430285441934299e+00 -8.485694560494259520e+00 -1.039632876097719372e+00 6.692325836606978662e+00 8.012367259895894378e+00 -1.050031323665110428e+01 5.415010175173394558e+00 5.985687816733364031e+00 6.532480704310386521e+00 8.737388908997724357e+00 5.163540628334519766e+00 6.272122261936013743e+00 6.452609848985757957e+00 -1.512748869339012092e+00 -8.444375838146171986e+00 5.265110361984888243e+00 -5.566598898960458897e+00 -4.214088427622699307e+00 3.175389433432299402e+00 -1.098841172477246442e+00 3.458946674939327171e+00 -9.486030948618102698e+00 6.664811381739143670e+00 6.278645340770830252e+00 2.375600994488911599e+00 2.222561830615294109e+00 -4.639488142383773273e+00 -8.199172876433951984e+00 -9.071954734319676916e+00 5.706793888927526481e+00 -4.575599920569339396e+00 -2.028335000729430515e+00 -7.061318742939406423e-01 2.634013218592096806e+00 7.450992599239127046e+00 -3.243060784350393799e+00 -5.300433796236966977e+00 -3.775483066698041235e+00 9.181681477560548643e+00 8.149907436452297205e+00 -9.521028763385478433e-01 4.434946705556478186e+00 3.546115049629364524e+00 3.897342660168206852e+00 -1.895099370403031003e+00 -7.849239033288770706e+00 6.022409269159507694e-01 -7.763575554892790720e+00 -6.950410897703607205e+00 3.508426128348249851e+00 4.003242352269476889e+00 -7.599505282361768366e+00 -5.461823763673082865e+00 -9.602662883849340858e+00 -8.455337539931857549e+00 -1.594043610816433754e+00 -5.934792890847633728e+00 -6.084750548934148462e+00 1.007349556072426822e+01 -5.028489569084976241e-02 -6.457719472847613496e+00 -2.198746298316413661e+00 -2.906401884824134196e+00 -8.508892815445106450e+00 -6.763405193551995431e+00 2.265716996915398074e+00 6.969632501296409544e+00 8.895134844644607242e+00 3.528361260953535083e+00 4.243349754163827647e+00 -4.761863054780247850e+00 2.391386609709076350e+00 -8.427885884060298594e+00 -5.484058825739762000e+00 6.897651379954450768e+00 -1.529095948551496775e+00 3.442583782090963274e-02 2.886497970513052014e+00 9.251416957247884376e-01 -5.722996677381243513e-01 -5.411816730494082073e+00 -8.226936582403363118e+00 7.612740438416154554e+00 -9.461431290077380041e-01 6.550263391675973379e-01 1.876550075819623631e+00 -2.114447392868508135e+00 7.632628728795973316e+00 -3.247901946318199506e+00 -5.892663150171166819e+00 -4.749098300092581937e+00 2.171222279197013855e-02 9.134342659249911067e-01 1.658563985560433718e+00 1.298979915223932302e+00 3.876602308575781919e+00 6.378431144219620208e+00 -7.317210841150674661e+00 1.567311425104444877e+00 1.813802088751730990e+00 4.030904286878119080e+00 -4.169463764671636596e+00 -1.599858620078020266e+00 4.207445724965330314e+00
3.029411764705882320e+02 -7.627845741281247260e-01 -1.084523896162659096e+00 6.974059519683618591e-01 5.421180103536999084e+00 4.230743850370354942e+00 -9.451982824977117614e-01 1.974036106214168251e+00 -7.770755862501082412e+00 -9.414908816654760093e-01 6.079483480356560499e+00 7.385276231979045924e+00 -9.605247845682844954e+00 4.936307318356903728e+00 5.434209323706337358e+00 6.048668978716346345e+00 8.011856449919319445e+00 4.771208202227613882e+00 5.689452955848938842e+00 5.961419768065657543e+00 -1.373884961285094075e+00 -7.655643535352004925e+00 4.808482727609539431e+00 -5.128588137090255294e+00 -3.889676198839675081e+00 2.869288439350491160e+00 -9.965594929113720246e-01 3.135461285851753654e+00 -8.683785269270858365e+00 6.091054986825095163e+00 5.803494356317606240e+00 2.140845484021140166e+00 2.003986510081401828e+00 -4.224415817740179158e+00 -7.528868080037798727e+00 -8.287113478831802382e+00 5.136006466916369639e+00 -4.144375669999891265e+00 -1.864661450779329543e+00 -6.346800994347522318e-01 2.387054759859634778e+00 6.886134755436595256e+00 -2.948739829235338838e+00 -4.811760629589914906e+00 -3.425349530313868573e+00 8.330129672458580714e+00 7.453034354440276843e+00 -8.525380317072199787e-01 4.023052640546747938e+00 3.200116036735349834e+00 3.535297778007037817e+00 -1.734969654620207580e+00 -7.157627106516305737e+00 5.459754321665167831e-01 -7.076561205731082715e+00 -6.242844848855510165e+00 3.167723662143646646e+00 3.636318263469981549e+00 -6.979043093310745682e+00 -4.958206678555588276e+00 -8.777737963451652803e+00 -7.728622217633821734e+00 -1.444270231461803666e+00 -5.407515194052050944e+00 -5.627955673490425248e+00 9.229408589493097281e+00 -4.670996036749707619e-02 -5.973761508324221481e+00 -2.003770217476117832e+00 -2.659468997371374321e+00 -7.771675325095627862e+00 -6.258025901378542422e+00 2.041401301295827864e+00 6.291358238312312778e+00 8.125432030234607694e+00 3.201666773595397864e+00 3.840372896682086257e+00 -4.311567882986468980e+00 2.168807120784576714e+00 -7.695205575797266384e+00 -4.976721912418462068e+00 6.249052050795225632e+00 -1.384820491333975445e+00 3.126070366914873722e-02 2.628710774028609087e+00 8.393452222033889187e-01 -5.192033383972656235e-01 -4.908125196662479262e+00 -7.512484219241367001e+00 6.917797013477360757e+00 -8.591457131199136121e-01 5.930021604747228725e-01 1.705051300937299841e+00 -1.911502757084436066e+00 6.933069538382001795e+00 -2.953410925408707755e+00 -5.394067223118902632e+00 -4.298848087507478155e+00 1.967942309623410546e-02 8.278307078896725013e-01 1.502508188314677140e+00 1.177183151415562401e+00 3.538286645022479249e+00 5.812779369967945975e+00 -6.631599466814683375e+00 1.427147499631467475e+00 1.638469680272286011e+00 3.639772249705002682e+00 -3.784715195716222613e+00 -1.442503550706442983e+00 3.831887054694636419e+00
3.035294117647058556e+02 -6.845191004811242985e-01 -9.690092557961784703e-01 6.294483799676435787e-01 4.866187089546921030e+00 3.784782140486239843e+00 -8.447371852414728988e-01 1.776848410842077230e+00 -7.103694539863760760e+00 -8.511696582335087635e-01 5.513342128037352907e+00 6.795271525015352587e+00 -8.771257460993968635e+00 4.492187678968664777e+00 4.925137466576584799e+00 5.590723540005395620e+00 7.333774705380340819e+00 4.400876138596457210e+00 5.152139551283446472e+00 5.497867465429255418e+00 -1.245641213392800539e+00 -6.928798031324542528e+00 4.383876793274129824e+00 -4.716726117504983939e+00 -3.583893447931238097e+00 2.588326402205966659e+00 -9.022626760726173423e-01 2.837404730320098434e+00 -7.935592256197126382e+00 5.557067825164480723e+00 5.354792365298861156e+00 1.926057657369690812e+00 1.803877264625804777e+00 -3.839883100199692478e+00 -6.901283794290174356e+00 -7.557097078923508349e+00 4.614592053203020683e+00 -3.747432330848437854e+00 -1.711192687248605848e+00 -5.695088960731845562e-01 2.159581118613196793e+00 6.352820692716169226e+00 -2.676547539397776454e+00 -4.360702132445476664e+00 -3.102402051490782409e+00 7.544702656037149069e+00 6.803948550843794685e+00 -7.621256273885893551e-01 3.643209052783391133e+00 2.883025200089768703e+00 3.201433736246591888e+00 -1.585613641960313513e+00 -6.515726358105347948e+00 4.941263660263098267e-01 -6.439256208395232939e+00 -5.597992600717184075e+00 2.855296324912936612e+00 3.297392915535116487e+00 -6.398037735097866552e+00 -4.493361903883982933e+00 -8.009801023197290704e+00 -7.052148859239887102e+00 -1.306350743839387096e+00 -4.918623005188615949e+00 -5.196212590190115499e+00 8.441348779992624785e+00 -4.331143489930722873e-02 -5.516259679405942862e+00 -1.822946860822942883e+00 -2.429297170057212352e+00 -7.086075656997314454e+00 -5.780122231122311049e+00 1.836215264154309912e+00 5.669546031058762203e+00 7.409514016102694889e+00 2.900278835721604942e+00 3.469787814717314678e+00 -3.897245446649217016e+00 1.963602189036152801e+00 -7.014098953133518499e+00 -4.508634584737542639e+00 5.651845232186179402e+00 -1.252033747724949020e+00 2.833820362422315164e-02 2.389839954700696545e+00 7.602104005730181413e-01 -4.702321786364583867e-01 -4.443750010398100692e+00 -6.848239002660546859e+00 6.275563544788482773e+00 -7.788183355305620115e-01 5.359425353719479146e-01 1.546582384185650083e+00 -1.725122003939594917e+00 6.286888792549508054e+00 -2.681030964794109739e+00 -4.929091723437844408e+00 -3.884701888088037958e+00 1.780667772005124425e-02 7.489768508649058409e-01 1.358828945573929525e+00 1.064996946972252445e+00 3.223929067366931189e+00 5.288190755662652620e+00 -6.000032505650994885e+00 1.297290127373927904e+00 1.477593726730945134e+00 3.281064258997691940e+00 -3.429621270917388109e+00 -1.298444661059053207e+00 3.483864482942380825e+00
3.041176470588235361e+02 -6.132747544744714396e-01 -8.643903355017795720e-01 5.671668023824020244e-01 4.360830278322953113e+00 3.380307001592772309e+00 -7.537252298417836949e-01 1.596711434449935130e+00 -6.482761519049075716e+00 -7.682269769914720214e-01 4.991503643994598782e+00 6.241525298181839432e+00 -7.995980132639580518e+00 4.081087930489632143e+00 4.456250208880010000e+00 5.158369528905807577e+00 6.701538314571201305e+00 4.052188412530912665e+00 4.657741214795250606e+00 5.061494762214635124e+00 -1.127467846127599316e+00 -6.260451601791689136e+00 3.989954139043434100e+00 -4.330400919917315683e+00 -3.296387434987241516e+00 2.330993022071913057e+00 -8.155183186163100784e-01 2.563379545488839728e+00 -7.239439639429146034e+00 5.061240635102168817e+00 4.932133918828771613e+00 1.729955120384087275e+00 1.621062964649992333e+00 -3.484445331887186637e+00 -6.315100683369296419e+00 -6.879638331593512568e+00 4.139280768424402623e+00 -3.382841098967793059e+00 -1.567639158709881908e+00 -5.101902294057252263e-01 1.950513123870929011e+00 5.850555106712427289e+00 -2.425381976572836162e+00 -3.945283016473021487e+00 -2.805185582755087115e+00 6.821860614562960556e+00 6.200774923577838216e+00 -6.801922502393979997e-01 3.293692552273045138e+00 2.593047215294899566e+00 2.894234112911634682e+00 -1.446631984210945632e+00 -5.921318581102861245e+00 4.464517828416928458e-01 -5.849404628394205830e+00 -5.011517321387011670e+00 2.569410539648494307e+00 2.985024196861744805e+00 -5.855280572882606727e+00 -4.065252500861102014e+00 -7.296567797297329072e+00 -6.423899213301783817e+00 -1.179624337980297089e+00 -4.466347339449344922e+00 -4.789180600981309155e+00 7.707326056694258298e+00 -4.008912000705918549e-02 -5.084864102718121615e+00 -1.655628750289518614e+00 -2.215248282296170768e+00 -6.449945518873745343e+00 -5.329348455287158615e+00 1.648924347798655488e+00 5.100713863062059872e+00 6.745154625775192869e+00 2.622849923245913928e+00 3.129730115347790331e+00 -3.516851193701400646e+00 1.774831154452652049e+00 -6.382388197232229388e+00 -4.077712635947396969e+00 5.103159028639060679e+00 -1.130087080207309080e+00 2.564571121309709711e-02 2.168996487599458067e+00 6.873806878464294723e-01 -4.251651128839898375e-01 -4.016562762559495958e+00 -6.232090341007254786e+00 5.683361854739373165e+00 -7.048137828600754551e-01 4.835641714783613931e-01 1.400478732268090498e+00 -1.554322112272519707e+00 5.691337457474729078e+00 -2.429664504312274875e+00 -4.496481994217988998e+00 -3.504591882470926567e+00 1.608516077674571054e-02 6.764993721893509671e-01 1.226833320869832988e+00 9.618888934826411719e-01 2.932501372673848472e+00 4.802786216443641898e+00 -5.419522535413242359e+00 1.177252452259926363e+00 1.330298995141322882e+00 2.952796642364778901e+00 -3.102620163657839658e+00 -1.166838444694564103e+00 3.162086435801638284e+00
3.047058823529411598e+02 -5.485544796200235718e-01 -7.698291114932853674e-01 5.102077692021361743e-01 3.901614006378359978e+00 3.014198124914041710e+00 -6.714389346241201872e-01 1.432493335532112555e+00 -5.906090032413302993e+00 -6.922225863302043924e-01 4.511546612041132498e+00 5.723056881181139310e+00 -7.276920037164305910e+00 3.701398305166057057e+00 4.025310728159121609e+00 4.751193552278241583e+00 6.113409548243015301e+00 3.724683755808094965e+00 4.203810469120420557e+00 4.651712471877250010e+00 -1.018810407379877381e+00 -5.647215803266744771e+00 3.625318938826087578e+00 -3.968896013895912400e+00 -3.026721797524400959e+00 2.095797755323613565e+00 -7.358932496939379897e-01 2.311988755545059337e+00 -6.593186908232357091e+00 4.601886077140000531e+00 4.534984720386216139e+00 1.551284020118421703e+00 1.454396549574868969e+00 -3.156625469963292296e+00 -5.768865133709280002e+00 -6.252368643948846838e+00 3.706889186655039303e+00 -3.048680418793129121e+00 -1.433676236040068108e+00 -4.563090383041852327e-01 1.758773218735015798e+00 5.378690223351664024e+00 -2.194125357012447708e+00 -3.563515466353452510e+00 -2.532239973298773705e+00 6.158051360055334378e+00 5.641537072261327168e+00 -6.060917634227890316e-01 2.972774812699435998e+00 2.328418476722714292e+00 2.612178360937564392e+00 -1.317599586181487981e+00 -5.372114944407395676e+00 4.027097083985090586e-01 -5.304684933984797901e+00 -4.479222113902051383e+00 2.308360288963120066e+00 2.697756635133994330e+00 -5.349437821514231750e+00 -3.671828761565075094e+00 -6.635639358391159703e+00 -5.841754468467017958e+00 -1.063431767848791898e+00 -4.048872191981669033e+00 -4.406392418149532197e+00 7.025205533673551272e+00 -3.704170656238451459e-02 -4.679090229134295953e+00 -1.501150431635058125e+00 -2.016646204428427680e+00 -5.861042934217937095e+00 -4.905217145574408022e+00 1.478322350549571951e+00 4.581437844533883030e+00 6.130028465887776612e+00 2.368026735545947226e+00 2.818348497567340960e+00 -3.168351216580122198e+00 1.601551602447953693e+00 -5.797805938935709946e+00 -3.681862128339554285e+00 4.600129517275842517e+00 -1.018334574021779959e+00 2.317050268892931891e-02 1.965270522911787054e+00 6.204982881572022047e-01 -3.837803277933464208e-01 -3.624431110163101266e+00 -5.661839268793425362e+00 5.138483498651052805e+00 -6.367821840188915283e-01 4.355854136152852440e-01 1.266068621507985492e+00 -1.398131223748759755e+00 5.143640981776865573e+00 -2.198197658100380814e+00 -4.094903998486618235e+00 -3.156463308668290946e+00 1.450605374221295915e-02 6.100254242549920658e-01 1.105830493483966448e+00 8.673274281366402105e-01 2.662935905146393889e+00 4.354634575042507727e+00 -4.887085674566392868e+00 1.066536645941095207e+00 1.195722630936002506e+00 2.653016666557921344e+00 -2.802140798792533971e+00 -1.046858759288869845e+00 2.865230714952450519e+00
3.052941176470588402e+02 -4.898789891824049669e-01 -6.845266681043361556e-01 4.582243630447954685e-01 3.485165143281431011e+00 2.683471663066270274e+00 -5.971881526254194661e-01 1.283093012797131838e+00 -5.371724313396658346e+00 -6.227217687495513188e-01 4.071049838661322973e+00 5.238756894582306423e+00 -6.611483553861207341e+00 3.351481608076989804e+00 3.630088261327909738e+00 4.368660785618939002e+00 5.567547343337571952e+00 3.417810186835448238e+00 3.787915013890423843e+00 4.267818551886274570e+00 -9.191150991841418039e-01 -5.085730637381788988e+00 3.288536360371614453e+00 -3.631407137759942394e+00 -2.774388747832899682e+00 1.881280228549512934e+00 -6.629573339103201901e-01 2.081847836846796085e+00 -5.994597596470214285e+00 4.177261784432108271e+00 4.162699044102831536e+00 1.388826391859161680e+00 1.302761976514357212e+00 -2.854930471169134787e+00 -5.261015945870815891e+00 -5.672849588306897672e+00 3.314337158643736903e+00 -2.743051676904729064e+00 -1.308950693888704331e+00 -4.074651953143436645e-01 1.583294509092340263e+00 4.936446602895246727e+00 -1.981655455283801270e+00 -3.213417684656147078e+00 -2.282113068497608310e+00 5.549742329901876658e+00 5.124185305989608530e+00 -5.392073985851720819e-01 2.678738092424722161e+00 2.087418476543210666e+00 2.353755341235899579e+00 -1.198071982118985135e+00 -4.865783567248120001e+00 3.626602273023787348e-01 -4.802737340610382155e+00 -3.997068647750224635e+00 2.070478440220690164e+00 2.434135482259877747e+00 -4.879075167168585025e+00 -3.311047256770956349e+00 -6.024535272036684042e+00 -5.303524502968932630e+00 -9.571208950640102131e-01 -3.664355442413871788e+00 -4.047270784826785039e+00 6.392741494616018372e+00 -3.416689262330580706e-02 -4.298336294792033385e+00 -1.358836232672275379e+00 -1.832786740035015960e+00 -5.317061887739186865e+00 -4.507117349801659678e+00 1.323238279555495334e+00 4.108374688022568222e+00 5.561741870457209025e+00 2.134462494375449104e+00 2.533819078954242521e+00 -2.849738486160936279e+00 1.442827741033542832e+00 -5.258024710822549075e+00 -3.318998430743263395e+00 4.139924413886347132e+00 -9.161383280316500732e-01 2.089987786807009570e-02 1.777741563293684823e+00 5.592073689800620695e-01 -3.458572659873119792e-01 -3.265237591104970249e+00 -5.135227091496816776e+00 4.638216488374173885e+00 -5.743743240136695016e-01 3.917284717358769930e-01 1.142679812147457508e+00 -1.255595639346584802e+00 4.641026191763394593e+00 -1.985511671260276056e+00 -3.722964329226068347e+00 -2.838290553668671112e+00 1.306062045412429741e-02 5.491857925168502907e-01 9.951374344834487129e-01 7.807862509309383414e-01 2.414139160874692269e+00 3.941775032153591152e+00 -4.399766873968155245e+00 9.646393429142995357e-01 1.073020064131569917e+00 2.379815583930322997e+00 -2.526617451693822236e+00 -9.377018216598314027e-01 2.591959214599042660e+00
3.058823529411764639e+02 -4.367886252435763117e-01 -6.077249657598875476e-01 4.108783664949169356e-01 3.108246539564667454e+00 2.385288203179465771e+00 -5.303176627149724931e-01 1.147445696218369449e+00 -4.877645928478146153e+00 -5.592983797917066013e-01 3.667612928133251682e+00 4.787409898994051893e+00 -5.997012075300879097e+00 3.029690282523932243e+00 3.268376490269759405e+00 4.010131638060770776e+00 5.062034144008400460e+00 3.130938880087234644e+00 3.407656669692901374e+00 3.909015550831453911e+00 -8.278333837052027633e-01 -4.572689844464381537e+00 2.978149051684379600e+00 -3.317058282291255988e+00 -2.538820653571221442e+00 1.686019045341956124e+00 -5.962867743623219141e-01 1.871595045169709204e+00 -5.441368766603948082e+00 3.785591308960001289e+00 3.814536473958598073e+00 1.241406117400990050e+00 1.165079936547176676e+00 -2.577865815430481433e+00 -4.789909097511669600e+00 -5.138601390665796131e+00 2.958661200811356196e+00 -2.464092604119436203e+00 -1.193086727434763628e+00 -3.632750498778502535e-01 1.423028611033942736e+00 4.522933113590508647e+00 -1.786855701662381168e+00 -2.893030024957310875e+00 -2.053372173103858334e+00 4.993448324727419951e+00 4.646622238808425287e+00 -4.789532396796243874e-01 2.409888540367990828e+00 1.868379133330523967e+00 2.117475096067018114e+00 -1.087591281059544057e+00 -4.399974175631441220e+00 3.260672814071303716e-01 -4.341188203196225892e+00 -3.561191634947209916e+00 1.854146266889728611e+00 2.192719006813161009e+00 -4.442680702818291749e+00 -2.980887546451649772e+00 -5.460723712489381043e+00 -4.806974422264964630e+00 -8.600513720343497814e-01 -3.310947491105839191e+00 -3.711144383039625794e+00 5.807608463832450774e+00 -3.146149952795093685e-02 -3.941900248813397400e+00 -1.228007130391596924e+00 -1.662946714724339081e+00 -4.815658999609063073e+00 -4.134332214198018107e+00 1.182542015567310978e+00 3.678280385732841218e+00 5.037860838726786916e+00 1.920827669684566086e+00 2.274357707193080724e+00 -2.559046779065200283e+00 1.297737503440677065e+00 -4.760683393796351304e+00 -2.987062961466991684e+00 3.719763488976892685e+00 -8.228729048677648761e-01 1.882126502090715123e-02 1.605487469539842893e+00 5.031568626506240927e-01 -3.111783575760365128e-01 -2.936895862133543922e+00 -4.649961255609238897e+00 4.179868809686740683e+00 -5.172445438059107836e-01 3.517213282949967490e-01 1.029645295351764744e+00 -1.125785798492939138e+00 4.180744630051943744e+00 -1.790492974430910822e+00 -3.379228650880246043e+00 -2.548090974418037113e+00 1.174027205032947448e-02 4.936176052826907745e-01 8.940838161392126171e-01 7.017482028689469020e-01 2.185003935717496404e+00 3.562237166280119993e+00 -3.954661679397247109e+00 8.710566264097306943e-01 9.613700553725873510e-01 2.131339578601243900e+00 -2.274502460044646401e+00 -8.385903478875516015e-01 2.340931215755797989e+00
3.064705882352941444e+02 -3.888447761377929468e-01 -5.387079533599166137e-01 3.678420725654624746e-01 2.767767314099625509e+00 2.116958221543658869e+00 -4.702081898260170867e-01 1.024527516911371672e+00 -4.421797902475145037e+00 -5.015374405206861619e-01 3.298874241086088066e+00 4.367715971292778221e+00 -5.430811816782943779e+00 2.734381571161618840e+00 2.938009300038675775e+00 3.674877791890258649e+00 4.594900547898143728e+00 2.863377439563728810e+00 3.060687646192123079e+00 3.574427223954220523e+00 -7.444260452516320292e-01 -4.104862570061921012e+00 2.692692112343141542e+00 -3.024916656996545328e+00 -2.319401121556344147e+00 1.508639081481784050e+00 -5.354669606501019086e-01 1.679900222262281195e+00 -4.931157968731777252e+00 3.425083005778264855e+00 3.489677973422550039e+00 1.107893678237803714e+00 1.040312437655248834e+00 -2.323948377662105713e+00 -4.353840639865964590e+00 -4.647128651956289325e+00 2.637024999222859822e+00 -2.209988750986393580e+00 -1.085691558359025866e+00 -3.233725929426395362e-01 1.276952321821893666e+00 4.137165956914135911e+00 -1.608623949322363522e+00 -2.600429046546257617e+00 -1.844613883219854422e+00 4.485755483140210664e+00 4.206725839372605691e+00 -4.247751920521867786e-01 2.164567781056712104e+00 1.669692563426738774e+00 1.901878956783651820e+00 -9.856915155606845724e-01 -3.972340215412199171e+00 2.927002164876815193e-01 -3.917671724758495788e+00 -3.167909648193254935e+00 1.657801206108493020e+00 1.972089190139858284e+00 -4.038686171887982290e+00 -2.679366565944098610e+00 -4.941648764840063990e+00 -4.349848541392272949e+00 -7.715986765436118056e-01 -2.986807796037643570e+00 -3.397263170393403087e+00 5.267429820310628230e+00 -2.892158467213342896e-02 -3.608995915451101766e+00 -1.107986932246627587e+00 -1.506392210846523527e+00 -4.354477691653332094e+00 -3.786055800388572479e+00 1.055148838843538162e+00 3.288025511817512569e+00 4.555936264801087709e+00 1.725819209467481352e+00 2.038230269368296987e+00 -2.294362412350444025e+00 1.165378821938374720e+00 -4.303411113707722002e+00 -2.684037520468387950e+00 3.336935879442206154e+00 -7.379291571407148309e-01 1.692231291216155301e-02 1.447592514723053947e+00 4.520028792473103074e-01 -2.795305129631175944e-01 -2.637364731624336933e+00 -4.203738667631710335e+00 3.760788924677943790e+00 -4.650532495333761784e-01 3.152993519251646171e-01 9.263083534625532467e-01 -1.007801207772873520e+00 3.760093067999144001e+00 -1.612042030293416195e+00 -3.062238331373810851e+00 -2.283936513111479272e+00 1.053662189651002022e-02 4.429666565422504254e-01 8.020161806373056201e-01 6.297085568594791294e-01 1.974420299152759961e+00 3.214058793032596562e+00 -3.548934825942993587e+00 7.852883238239066754e-01 8.599787450193860927e-01 1.905798755411082457e+00 -2.044277210736324513e+00 -7.487768354064243681e-01 2.110815003147510360e+00
3.070588235294117680e+02 -3.456308805882503110e-01 -4.768020778062096454e-01 3.287997567362268558e-01 2.460790241810044687e+00 1.875945189345079145e+00 -4.162769027674221300e-01 9.133589834298634358e-01 -4.002106322526278070e+00 -4.490372722585468934e-01 2.962526141581025119e+00 3.978310582466908052e+00 -4.910180518710996367e+00 2.463930789675099486e+00 2.636874256033165498e+00 3.362097454337089619e+00 4.164147674538137167e+00 2.614382370417454471e+00 2.744724305998892611e+00 3.263114146299651797e+00 -6.683666100069270977e-01 -3.679111433291297306e+00 2.430706281716477513e+00 -2.754006653049554387e+00 -2.115475327686396234e+00 1.347817385728282691e+00 -4.800948502858382039e-01 1.505472208673830803e+00 -4.461607408703036626e+00 3.093946872880131149e+00 3.187240932521297587e+00 9.872098353313342178e-01 9.274664074105222200e-01 -2.091717555358729719e+00 -3.951067694280641529e+00 -4.195943139068694094e+00 2.346727211133321944e+00 -1.978982956448317676e+00 -9.863606002409091023e-01 -2.874102880525704617e-01 1.144073191809751755e+00 3.778086653068132073e+00 -1.445880086219002880e+00 -2.333739385619988838e+00 -1.654472400973895585e+00 4.023341506380427646e+00 3.802370195164372912e+00 -3.761514797941401533e-01 1.941162622451740427e+00 1.489817101636372820e+00 1.705548081820217110e+00 -8.919035050103363282e-01 -3.580558134724170838e+00 2.623350691088114917e-01 -3.529849021088431904e+00 -2.813732469455663132e+00 1.479943097153346709e+00 1.770860861200877823e+00 -3.665486340178393920e+00 -2.404550886684976518e+00 -4.464754646963779550e+00 -3.929891736747741060e+00 -6.911574516507448251e-01 -2.690119355365458542e+00 -3.104812856738937477e+00 4.769803482829181540e+00 -2.654255180422656138e-02 -3.298768374968510830e+00 -9.981076359277734067e-01 -1.362385982455039724e+00 -3.931169551627007319e+00 -3.461409113802950355e+00 9.400228001272201706e-01 2.934607385207947505e+00 4.113526314533554995e+00 1.548168335330717627e+00 1.823761200823037720e+00 -2.053833992289430643e+00 1.044874771584132889e+00 -3.883848315220533198e+00 -2.407956484533722907e+00 2.988814536327881743e+00 -6.607173748394544743e-01 1.519096815848169045e-02 1.303154341097489510e+00 4.054107450686957881e-01 -2.507063751845809985e-01 -2.364659929790713822e+00 -3.794266282912507560e+00 3.378383282352175776e+00 -4.174690533389900926e-01 2.822066241042536783e-01 8.320268870624467628e-01 -9.007744318508577042e-01 3.376430829693474855e+00 -1.449080974007763478e+00 -2.770525505164441071e+00 -2.043963279727015081e+00 9.441532002516151226e-03 3.968893430552177248e-01 7.183013855096969102e-01 5.641777710358915066e-01 1.781285258758140033e+00 2.895301557988912755e+00 -3.179835725724092566e+00 7.068418011952453117e-01 7.680829926511452133e-01 1.701474310167916393e+00 -1.834461446339921142e+00 -6.675461427075383147e-01 1.900298046110254546e+00
3.076470588235293917e+02 -3.067530566466112885e-01 -4.213762597429323575e-01 2.934488136313746498e-01 2.184536439497966054e+00 1.659866552527985650e+00 -3.679774471538535541e-01 8.130075400876176639e-01 -3.616499545125947623e+00 -4.014112096656984874e-01 2.656327744141318892e+00 3.617782936664708515e+00 -4.432430865764951378e+00 2.216742730008407047e+00 2.362923742294686935e+00 3.070929644278002968e+00 3.767767069481281705e+00 2.383170626938784675e+00 2.457558359969408190e+00 2.974088208488420371e+00 -5.991442049206143761e-01 -3.292407301280775300e+00 2.190749397412917521e+00 -2.503322608061141263e+00 -1.926359521376351358e+00 1.202287687649097547e+00 -4.297809262565154831e-01 1.347064856568061186e+00 -4.030365325987677494e+00 2.790409275289198021e+00 2.906293233910723472e+00 8.783282324060240898e-01 8.255962526834061954e-01 -1.879744807882815616e+00 -3.579827221758512312e+00 -3.782583715524212131e+00 2.085206669575335070e+00 -1.769382959857539905e+00 -8.946821272845141282e-01 -2.550595828901972562e-01 1.023434051725223837e+00 3.444578701778200358e+00 -1.297572407942465533e+00 -2.091143534546792360e+00 -1.481626341686076875e+00 3.602992168352437741e+00 3.431443558756137602e+00 -3.325927209075048574e-01 1.738112981062758244e+00 1.327281795649045026e+00 1.527110455075022744e+00 -8.057590921208022117e-01 -3.222344050101324964e+00 2.347556180281434035e-01 -3.175424406140252120e+00 -2.495365455803801868e+00 1.319138815116307484e+00 1.587689273766490272e+00 -3.321456499656870065e+00 -2.154566858104618898e+00 -4.027506994384951966e+00 -3.544868212837343879e+00 -6.181442004686775737e-01 -2.419101050168129596e+00 -2.832928423050554478e+00 4.312324801039378208e+00 -2.431925446854513867e-02 -3.010308200862650274e+00 -8.977140139020963749e-01 -1.230193939902268330e+00 -3.543412906988984812e+00 -3.159455040940737369e+00 8.361792049850718112e-01 2.615159160357340085e+00 3.708215848975374040e+00 1.386646985162677925e+00 1.629340233963183726e+00 -1.835680182302485752e+00 9.353778344550937041e-01 -3.499665088922240486e+00 -2.156916781433132257e+00 2.672867854872945426e+00 -5.906698102522154326e-01 1.361554023591016703e-02 1.171289866737856844e+00 3.630566684411693501e-01 -2.245053604787372870e-01 -2.116863707142648821e+00 -3.419279039928886821e+00 3.030131004717658616e+00 -3.741705435963827431e-01 2.521970017832519950e-01 7.461769859679379113e-01 -8.038742615658861501e-01 3.027194313792902935e+00 -1.300559945184982968e+00 -2.502626361140908084e+00 -1.826379195867145144e+00 8.447150553826270059e-03 3.550542307322436808e-01 6.423293972143528929e-01 5.046837054477600892e-01 1.604511150142304610e+00 2.604064200705253906e+00 -2.844711086746948947e+00 6.352351691193230954e-01 6.849528891941868425e-01 1.516723911028400318e+00 -1.643620992362945454e+00 -5.942173529667499343e-01 1.708095697798247548e+00
3.082352941176470722e+02 -2.718404126982565949e-01 -3.718414388324871589e-01 2.615006270901811258e-01 1.936387788543003197e+00 1.466493061287656330e+00 -3.247995961733877168e-01 7.225893041124399341e-01 -3.262925121887849667e+00 -3.582889479667444310e-01 2.378115406572173018e+00 3.284692773483244732e+00 -3.994911091212454135e+00 1.991261435895048670e+00 2.114184004251884907e+00 2.800467576424871208e+00 3.403758500333494474e+00 2.168930406269986122e+00 2.197065969641151195e+00 2.706326053186922209e+00 -5.362658902287683604e-01 -2.941841101477673526e+00 1.971406427288206586e+00 -2.271840388276205491e+00 -1.751349863725152112e+00 1.070843740986018977e+00 -3.841507606503168359e-01 1.203481770041065602e+00 -3.635104772999209199e+00 2.512725716875757964e+00 2.645866247563706697e+00 7.802771398825366633e-01 7.338056673098580784e-01 -1.686641657779556880e+00 -3.238352935779548414e+00 -3.404633546216966788e+00 1.850045516468692197e+00 -1.579567385787258083e+00 -8.102414793036877283e-01 -2.260111588251538517e-01 9.141165855910583504e-01 3.135483066530608376e+00 -1.162682884354518720e+00 -1.870889902380286074e+00 -1.324804260662351130e+00 3.221614804705322133e+00 3.091864310320115106e+00 -2.936416618235789255e-01 1.553918323207682750e+00 1.180689691037686506e+00 1.365246506002582905e+00 -7.267949262804199728e-01 -2.895468039825165096e+00 2.097542271569437788e-01 -2.852159349912083197e+00 -2.209711197394098825e+00 1.174025713985134223e+00 1.421276344397643054e+00 -3.004968070159138804e+00 -1.927608799223272440e+00 -3.627411391257714168e+00 -3.192577710601296026e+00 -5.519994299428907514e-01 -2.172018157525610338e+00 -2.580706658191232350e+00 3.892606778622051067e+00 -2.224609620482151384e-02 -2.742664879517230592e+00 -8.061675517279266456e-01 -1.109090904276139211e+00 -3.188928971678059554e+00 -2.879212291884537311e+00 7.426861752677245132e-01 2.326956365054053677e+00 3.337633417567384519e+00 1.240072974731081246e+00 1.453427613256300210e+00 -1.638195768847766631e+00 8.360733227531137457e-01 -3.148577050552082923e+00 -1.929086072616217784e+00 2.386668858892071032e+00 -5.272426657579023512e-01 1.218475351819868664e-02 1.051140380992172441e+00 3.246290981282904387e-01 -2.007344824837412889e-01 -1.892132535404747351e+00 -3.076555346802630542e+00 2.713595966230347489e+00 -3.348477376053244359e-01 2.250349414196907982e-01 6.681559130108487565e-01 -7.163080169861493207e-01 2.709908839855866614e+00 -1.165462496078891963e+00 -2.257092767459105254e+00 -1.629469913046405427e+00 7.545941474688736689e-03 3.171432999441520795e-01 5.735154929099907095e-01 4.507733935773579614e-01 1.443032829022606212e+00 2.338494021222061736e+00 -2.541014896485213281e+00 5.699999985883495990e-01 6.098936207067133797e-01 1.349985676457881034e+00 -1.470374010978695134e+00 -5.281450502104613198e-01 1.532958454755120936e+00
3.088235294117646959e+02 -2.405450729294035528e-01 -3.276497443749255001e-01 2.326811680697066509e-01 1.713887416829943611e+00 1.293746532838617735e+00 -2.862685763305080622e-01 6.412700592486763052e-01 -2.939364426294971633e+00 -3.193175364625956414e-01 2.125811035277993977e+00 2.977585377053765026e+00 -3.595022636226622215e+00 1.785978259120005518e+00 1.888762297543637114e+00 2.549771017729423939e+00 3.070145427216972145e+00 1.970830902320636291e+00 1.961214743109948255e+00 2.458781305101046755e+00 -4.792585157359020021e-01 -2.624632797100807213e+00 1.771297841463970624e+00 -2.058527912109499702e+00 -1.589730414152279225e+00 9.523416472819881129e-01 -3.428462265730361502e-01 1.073580025588174447e+00 -3.273539939379531472e+00 2.259191799218400298e+00 2.404966778357085389e+00 6.921403756166196741e-01 6.512486353652557902e-01 -1.511066250351645213e+00 -2.924890223338217243e+00 -3.059734794199549857e+00 1.638970398175449761e+00 -1.407990240082451106e+00 -7.326248060355622371e-01 -1.999749436464070829e-01 8.152440192558007004e-01 2.849612295521392280e+00 -1.040231443862752014e+00 -1.671299083619307568e+00 -1.182788945308928419e+00 2.876248671193330164e+00 2.781594490148937115e+00 -2.588726093713979992e-01 1.387142659870118422e+00 1.048719754889505307e+00 1.218693481022632197e+00 -6.545557166210819178e-01 -2.597765986529942950e+00 1.871324801537295746e-01 -2.557883986533297627e+00 -1.953868949405597633e+00 1.043313787897119482e+00 1.270375633194594345e+00 -2.714402488642418732e+00 -1.721945495029906903e+00 -3.262029200286677977e+00 -2.870869539472275633e+00 -4.921892462145768254e-01 -1.947191045390826325e+00 -2.347217722963034436e+00 3.508297689572609901e+00 -2.031712253547206942e-02 -2.494858953123475498e+00 -7.228496841385353422e-01 -9.983655273494366211e-01 -2.865495551588314704e+00 -2.619668174244456527e+00 6.586654823687552174e-01 2.067421157589758085e+00 2.999465563906194454e+00 1.107314092714925424e+00 1.294557886205879083e+00 -1.459756135953898193e+00 7.461819932734148342e-01 -2.828358715999930162e+00 -1.722709049652197733e+00 2.127902063857653125e+00 -4.699175660113122932e-01 1.088778986476959462e-02 9.418755656006607691e-01 2.898297653786417460e-01 -1.792090060015386344e-01 -1.688703151775047706e+00 -2.763930284593232312e+00 2.426436460246862215e+00 -2.992032225386421218e-01 2.004961088574614414e-01 5.973844616607727476e-01 -6.373232077036212750e-01 2.422198151216895301e+00 -1.042809803526513202e+00 -2.032502406148150698e+00 -1.451603151035009143e+00 6.730707312867637883e-03 2.828528940178934303e-01 5.113018999090462868e-01 4.020143774636794065e-01 1.295813783240347572e+00 2.096796218667808631e+00 -2.266315983813699475e+00 5.106835524057681264e-01 5.422467083409313604e-01 1.199780731067441097e+00 -1.313395896357802517e+00 -4.687200543148835608e-01 1.373678098147428361e+00
3.094117647058823763e+02 -2.125419681999399790e-01 -2.882933524081969789e-01 2.067313656476846007e-01 1.514738363007881006e+00 1.139696364718956412e+00 -2.519441151877789276e-01 5.682656001698300763e-01 -2.643845215592963704e+00 -2.841620668649798565e-01 1.897428457597418960e+00 2.695005178248220723e+00 -3.230235042151045732e+00 1.599438461262892242e+00 1.684852271663010992e+00 2.317877589754171908e+00 2.764988421390844220e+00 1.788031183669377855e+00 1.748068879743597925e+00 2.230395641997480638e+00 -4.276701237742041029e-01 -2.338137870989941192e+00 1.589086678216426796e+00 -1.862354447982455197e+00 -1.440780272174977172e+00 8.457011748198235424e-01 -3.055263771717993126e-01 9.562726987847740556e-01 -2.943439919374070790e+00 2.028152339526161363e+00 2.182587853615209461e+00 6.130575293429251227e-01 5.771297994265816023e-01 -1.351728681195369486e+00 -2.637709104541348992e+00 -2.745600777295075012e+00 1.449851987464400915e+00 -1.253183966052344944e+00 -6.614223567072562426e-01 -1.766799269873367273e-01 7.259830811345089341e-01 2.585763351090580642e+00 -9.292792970602595792e-01 -1.490768566532129746e+00 -1.054420540952033525e+00 2.564072610353714587e+00 2.498651306889083656e+00 -2.278906224144348902e-01 1.236418131151102218e+00 9.301279068313299536e-01 1.086248615785805782e+00 -5.885969997014266486e-01 -2.327149344265077247e+00 1.667016479146483654e-01 -2.290506558531599346e+00 -1.725132101089031256e+00 9.257868781636268141e-01 1.133796067609417868e+00 -2.448163273455473021e+00 -1.535925070158757677e+00 -2.928990849881384140e+00 -2.577654156040439570e+00 -4.382064953177418620e-01 -1.743002182505494213e+00 -2.131515656704700223e+00 3.157096168882056908e+00 -1.852610767337841552e-02 -2.265893239798071335e+00 -6.471644290139266786e-01 -8.973244685088749284e-01 -2.570958384295027876e+00 -2.379790354816670117e+00 5.832926997678137271e-01 1.834124333630164028e+00 2.691468804104329759e+00 9.872910808478247979e-01 1.151342429146387847e+00 -1.298820331073682111e+00 6.649619780531579316e-01 -2.536854635164299765e+00 -1.536112154274346331e+00 1.894368362698707564e+00 -4.182025758915779434e-01 9.714319280515325283e-03 8.426969184720395356e-01 2.583744619430702882e-01 -1.597529207725436329e-01 -1.504896797822496968e+00 -2.479306411907816976e+00 2.166412634947917581e+00 -2.669530234092767351e-01 1.783677856549181207e-01 5.333087746239612015e-01 -5.662085222029621390e-01 2.161791558316733752e+00 -9.316640794913113588e-01 -1.827467321149466084e+00 -1.291231594722061171e+00 5.994605271298287727e-03 2.518943835749707927e-01 4.551589521297650931e-01 3.579956524691224606e-01 1.161851146868757123e+00 1.877241538555137756e+00 -2.018303415219683483e+00 4.568505602991423942e-01 4.813907165510121766e-01 1.064714590698897290e+00 -1.171423005316917010e+00 -4.153696736622554120e-01 1.229092418940815001e+00
3.100000000000000000e+02 -1.875284132093138212e-01 -2.533030924341184709e-01 1.834072777077576100e-01 1.336800820360584563e+00 1.002555086634893566e+00 -2.214192757929368538e-01 5.028415200380040861e-01 -2.374452117613079505e+00 -2.525060793728937658e-01 1.691078011750322352e+00 2.435507584351176202e+00 -2.898098382237014103e+00 1.430246448870207132e+00 1.500737734145063396e+00 2.103812964002044428e+00 2.486396520224956053e+00 1.619688148418792606e+00 1.555792659990747673e+00 2.020108739405030995e+00 -3.810709577299902229e-01 -2.079851579919359761e+00 1.423484204455539359e+00 -1.682298825258001562e+00 -1.303780049981445144e+00 7.499062659378886719e-01 -2.718680368740040709e-01 8.505306388426999709e-01 -2.642640303814103309e+00 1.818008929240495064e+00 1.977718413047688140e+00 5.422235911674808673e-01 5.107042471214285895e-01 -1.207394984232963653e+00 -2.375115404743760816e+00 -2.460025985430322137e+00 1.280703108962301995e+00 -1.113761359218525371e+00 -5.962313260626020961e-01 -1.558738013005044609e-01 6.455452060063255892e-01 2.342729114745703445e+00 -8.289314214435976602e-01 -1.327776079910648832e+00 -9.385987356275204974e-01 2.282410340879599708e+00 2.241116603301850141e+00 -2.003304931660310761e-01 1.100447542311778104e+00 8.237469989060312026e-01 9.667713249887893712e-01 -5.284874607998216733e-01 -2.081612823623151254e+00 1.482829842995222192e-01 -2.048020814375585363e+00 -1.520984030003367238e+00 8.203028705360375650e-01 1.010404711413685375e+00 -2.204686365333649256e+00 -1.367978399152905089e+00 -2.626006744301615292e+00 -2.310912825092906520e+00 -3.895714588322554683e-01 -1.557901657231981041e+00 -1.932647794864070345e+00 2.836763878488907764e+00 -1.686663421558261267e-02 -2.054762866845963210e+00 -5.785404502002666760e-01 -8.052958559769967106e-01 -2.303240451084899387e+00 -2.158537281743903247e+00 5.157967882289689054e-01 1.624785715850159074e+00 2.411479378762293457e+00 8.789797084068338151e-01 1.022470846870998873e+00 -1.153932840890692813e+00 5.917100637114700579e-01 -2.271988383428614089e+00 -1.367706865530053495e+00 1.683987984925734871e+00 -3.716328094975193674e-01 8.654522964236173108e-03 7.528402409435861475e-01 2.299935692257432385e-01 -1.421992670249905277e-01 -1.339122202856711796e+00 -2.220662698175674965e+00 1.931391946894964962e+00 -2.378272164061734362e-01 1.584491082515939175e-01 4.754016633012177473e-01 -5.022942786121091796e-01 1.926529145072617411e+00 -8.311310511880573015e-01 -1.640641110982970385e+00 -1.146894580577469736e+00 5.331157670796031998e-03 2.239946021626437189e-01 4.045857988279965567e-01 3.183282718295589730e-01 1.040179768206213717e+00 1.678172288835211967e+00 -1.794789939958559843e+00 4.080846010643341959e-01 4.267414783411637158e-01 9.434774627569922911e-01 -1.043255165697637654e+00 -3.675575544616834778e-01 1.098089065490730043e+00
3.105882352941176805e+02 -1.652235218881175915e-01 -2.222468685730353555e-01 1.624800801259206340e-01 1.178088148781071265e+00 8.806729899215944846e-01 -1.943191182790316995e-01 4.443125138509801397e-01 -2.129335199392401012e+00 -2.240517328632635752e-01 1.504969548541897684e+00 2.197669381777009878e+00 -2.596253234952446753e+00 1.277069657296872718e+00 1.334795026265912732e+00 1.906600047633579820e+00 2.232536699595705443e+00 1.464963564831026410e+00 1.382652433301085892e+00 1.826866993825832397e+00 -3.390541092182142169e-01 -1.847411221046468155e+00 1.273254427223058372e+00 -1.517356577608306445e+00 -1.178017419151158984e+00 6.640048212247350312e-01 -2.415661289750757612e-01 7.553832974207833617e-01 -2.369052620317417812e+00 1.627225818659244316e+00 1.789351934792226206e+00 4.788880553458367828e-01 4.512768222972389776e-01 -1.076890143584368742e+00 -2.135460183320654792e+00 -2.200893925466268275e+00 1.129675649536782123e+00 -9.884163574552922160e-01 -5.366582915735695902e-01 -1.373224665820625412e-01 5.731871409002855522e-01 2.119308527478119597e+00 -7.383382419407046315e-01 -1.180881618710730274e+00 -8.342840202352007628e-01 2.028733470835391461e+00 2.007144469958586530e+00 -1.758555769544141723e-01 9.780057658485465932e-01 7.284860834719369960e-01 8.591844573246896211e-01 -4.738108226598612416e-01 -1.859240269037720994e+00 1.317078878797251495e-01 -1.828511556560439510e+00 -1.339092491750732528e+00 7.257931778057078454e-01 8.991284901472955671e-01 -1.982448959810678701e+00 -1.216621205234514225e+00 -2.350876020571393887e+00 -2.068705238653456124e+00 -3.458321935660008672e-01 -1.390411244508563238e+00 -1.749663216401010191e+00 2.545136063442536400e+00 -1.533216491802174078e-02 -1.860464159127381167e+00 -5.164326052091647856e-01 -7.216321310898586860e-01 -2.060349234909479410e+00 -1.954867707581898317e+00 4.554591854330573009e-01 1.437272832313660320e+00 2.157420970824521333e+00 7.814120111981753825e-01 9.067114042759844006e-01 -1.023724271449402812e+00 5.257624120940278534e-01 -2.031769646636353066e+00 -1.215991633277239137e+00 1.494801894271029941e+00 -3.297706836933154140e-01 7.699107216728288267e-03 6.715775468608005117e-01 2.044323649161192413e-01 -1.263903237727011242e-01 -1.189877181842175835e+00 -1.986061383449498674e+00 1.719352785257086236e+00 -2.115703239859580975e-01 1.405511539035850244e-01 4.231634850331799091e-01 -4.449523822691559549e-01 1.714365132845943052e+00 -7.403616958335090814e-01 -1.470724771841000367e+00 -1.017218613017984108e+00 4.734257225113903608e-03 1.988960543155264826e-01 3.591107256361001920e-01 2.826456454489227887e-01 9.298753346801992281e-01 1.498006781307392510e+00 -1.593713728089807047e+00 3.639891066400468000e-01 3.777519126568100183e-01 8.348436780030629167e-01 -9.277573330281312369e-01 -3.247831806299848467e-01 9.796082576444787859e-01
3.111764705882353041e+02 -1.453674754352454190e-01 -1.947279209863404525e-01 1.437359055715397571e-01 1.036761954262016561e+00 7.725322073925070532e-01 -1.702992190446166176e-01 3.920412820955182509e-01 -1.906716858823253480e+00 -1.985197597960838001e-01 1.337414037418125590e+00 1.980097649779962499e+00 -2.322438496217686943e+00 1.138641331179127247e+00 1.185494158301833689e+00 1.725267117121216609e+00 2.001641560258541119e+00 1.323030185292366934e+00 1.227017356304106244e+00 1.649631203592150097e+00 -3.012358463509415274e-01 -1.638596622276183190e+00 1.137217471084936093e+00 -1.366545986682471403e+00 -1.062792061545872802e+00 5.871078624156920167e-01 -2.143337773289795689e-01 6.699189161523275704e-01 -2.120671802135032813e+00 1.454334594588110541e+00 1.616493919426591708e+00 4.223536044405671319e-01 3.982010207943603164e-01 -9.591000432499637851e-01 -1.917147555203367437e+00 -1.966183041242224983e+00 9.950565371662962733e-01 -8.759239417837523245e-01 -4.823212491195931761e-01 -1.208094140185789478e-01 5.082110128458842135e-01 1.914315503622566084e+00 -6.566966651936755328e-01 -1.048728453154253781e+00 -7.404981643214683107e-01 1.800662730258322686e+00 1.794967174039060476e+00 -1.541564998917601681e-01 8.679402305070046397e-01 6.433289813646629884e-01 7.624746917428047999e-01 -4.241673539808833993e-01 -1.658208859066903962e+00 1.168179389300248866e-01 -1.630158593701835468e+00 -1.177303082610865470e+00 6.412615150035213540e-01 7.989551389711436746e-01 -1.779976755430559887e+00 -1.080455067585963658e+00 -2.101493229023259968e+00 -1.849175447586472343e+00 -3.065645326125194248e-01 -1.239127281231414246e+00 -1.581620126155365069e+00 2.280129928470826961e+00 -1.391610857910389326e-02 -1.682002613754409071e+00 -4.603230268309118078e-01 -6.457122537337272039e-01 -1.840382260965235162e+00 -1.767748908073926373e+00 4.016125007105156852e-01 1.269598339888734273e+00 1.927310502638928114e+00 6.936767873610303337e-01 8.029105428527536503e-01 -9.069110939774689406e-01 4.664947851095421760e-01 -1.814299457089780576e+00 -1.079552721143592464e+00 1.324971752770357059e+00 -2.922058617814895509e-01 6.839310617197166993e-03 5.982183292088942839e-01 1.814511450389962588e-01 -1.121776825727824473e-01 -1.055749137244909486e+00 -1.773653256257974764e+00 1.528386445387444725e+00 -1.879414998061505748e-01 1.244968872727067050e-01 3.761226207223859475e-01 -3.935958698138568579e-01 1.523369659743097460e+00 -6.585532835542975416e-01 -1.316471300882201101e+00 -9.009169564292128785e-01 4.198167878313944189e-03 1.763569445020911342e-01 3.182911386725140179e-01 2.506035694431569816e-01 8.300567165088809096e-01 1.335242486144789575e+00 -1.413138589128585032e+00 3.241880331969202444e-01 3.339114890096832600e-01 7.376703149277834548e-01 -8.238602594754667052e-01 -2.865810768927503638e-01 8.726446512218858365e-01
3.117647058823529278e+02 -1.277206920571320736e-01 -1.703829955559633402e-01 1.269755522663471858e-01 9.111262402015518624e-01 6.767402924485355076e-01 -1.490441149153780287e-01 3.454371078504073211e-01 -1.704897073358244253e+00 -1.756492375787799820e-01 1.186823940645190811e+00 1.781437226922035100e+00 -2.074497221820219117e+00 1.013762328843483385e+00 1.051398768390909622e+00 1.558854889360583584e+00 1.792015412678705344e+00 1.193077085041963192e+00 1.087358875486247767e+00 1.487383142174860673e+00 -2.672556667314181511e-01 -1.451329152499107655e+00 1.014251922055655175e+00 -1.228913232453782145e+00 -9.574197738213544584e-01 5.183881727075900780e-01 -1.899022145058685551e-01 5.932840755291556301e-01 -1.895581858059758318e+00 1.297937387865903069e+00 1.458168434102048883e+00 3.719744384473848697e-01 3.508775492259000872e-01 -8.529725816741617894e-01 -1.718640944434105089e+00 -1.753970987376388679e+00 8.752628745821755540e-01 -7.751391934415844398e-01 -4.328512835274684889e-01 -1.061350282080292251e-01 4.499639260869864876e-01 1.726586652550405887e+00 -5.832504895193820760e-01 -9.300430629835469976e-01 -6.563240121844919894e-01 1.595967387097724233e+00 1.602899544871734028e+00 -1.349497789612560394e-01 7.691706471962334035e-01 5.673323073815981221e-01 6.756922995659555564e-01 -3.791750072937577487e-01 -1.476791875380506491e+00 1.034648232798582590e-01 -1.451239197261892322e+00 -1.033631718005061595e+00 5.657821210175694171e-01 7.089333808389073344e-01 -1.595849807189281266e+00 -9.581673599689617404e-01 -1.875853240125582966e+00 -1.650556091935312830e+00 -2.713718106502159277e-01 -1.102722303454007236e+00 -1.427592303565816234e+00 2.039751180606631298e+00 -1.261187801759207187e-02 -1.518399661859258565e+00 -4.097217825568084670e-01 -5.769433664790905025e-01 -1.641530964308956175e+00 -1.596163912601196389e+00 3.536388666084475663e-01 1.119916335175513256e+00 1.719262283181190787e+00 6.149194571673330945e-01 7.099917615409107041e-01 -8.022944733331841549e-01 4.133223357381479168e-01 -1.617773864381728544e+00 -9.570640053709742467e-01 1.172778676698264855e+00 -2.585549260942246463e-01 6.066904653482171721e-03 5.321102781309058338e-01 1.608251709981681765e-01 -9.942220943642243736e-02 -9.354146161985369412e-01 -1.581681231060503512e+00 1.356697809404384447e+00 -1.667145578603069778e-01 1.101210033846525965e-01 3.338356114709475353e-01 -3.476780990800265592e-01 1.351729112858027104e+00 -5.849498160053179241e-01 -1.176689238524681436e+00 -7.967884243129393917e-01 3.717521730042123215e-03 1.561510419812378869e-01 2.817132566496273749e-01 2.218800255501419960e-01 7.398875558793019946e-01 1.188457969981932871e+00 -1.251252873714532088e+00 2.883262368051190960e-01 2.947453999232492183e-01 6.508951986541391399e-01 -7.305604720090161930e-01 -2.525197675319988955e-01 7.762484185128115666e-01
3.123529411764706083e+02 -1.120629076038304334e-01 -1.488804416407650266e-01 1.120140949852202611e-01 7.996211471434637730e-01 5.920234897771619043e-01 -1.302656746544332556e-01 3.039541696989858655e-01 -1.522257219303650100e+00 -1.551972155705081680e-01 1.051712493255797520e+00 1.600376968548917755e+00 -1.850380658583985261e+00 9.013018914640905654e-01 9.311652814745583484e-01 1.406422682689265180e+00 1.602038840224215832e+00 1.074314127334984548e+00 9.622494555254691440e-01 1.339131153554569575e+00 -2.367761123839871307e-01 -1.283669462166748376e+00 9.032963467538491775e-01 -1.103536627300374162e+00 -8.612360334079760538e-01 4.570785174694628195e-01 -1.680205184729593182e-01 5.246827316437396860e-01 -1.691959950746345420e+00 1.156709140227869970e+00 1.313423649007045890e+00 3.271543287175393000e-01 3.087526270433102460e-01 -7.575180150488833863e-01 -1.538468030580442569e+00 -1.562437302621255686e+00 7.688365062513515813e-01 -6.849957191551663271e-01 -3.878939013118723467e-01 -9.311581457143151830e-02 3.978371681736018184e-01 1.554987813449047573e+00 -5.172902992566403846e-01 -8.236343167232061946e-01 -5.809047100855733170e-01 1.412563421828231247e+00 1.429341928040974041e+00 -1.179763860393818614e-01 6.806880301706956793e-01 4.996230412026415046e-01 5.979502734337559522e-01 -3.384702468422198796e-01 -1.313360031536861650e+00 9.151017172921063758e-02 -1.290129261575643671e+00 -9.062565877968170591e-01 4.984975368062484202e-01 6.281724892133738747e-01 -1.428707181101876333e+00 -8.485304399933263353e-01 -1.672054501750215971e+00 -1.471171268287786216e+00 -2.398843582453547285e-01 -9.799458572688692914e-01 -1.286674591814955360e+00 1.822098846659977678e+00 -1.141294168246735456e-02 -1.368698614929407809e+00 -3.641671794241562177e-01 -5.147619699488292788e-01 -1.462083152561581390e+00 -1.439117742306250669e+00 3.109680398985714689e-01 9.865178050693755862e-01 1.531490639739649273e+00 5.443413834216161984e-01 6.269538172954628452e-01 -7.087585169171507493e-01 3.656990455162186793e-01 -1.440486221990950666e+00 -8.472859766641219759e-01 1.036621000470306253e+00 -2.284608341203116788e-01 5.374189165981521632e-03 4.726395356693445793e-01 1.423444785686867886e-01 -8.799393130774217642e-02 -8.276380215748885272e-01 -1.408482622372798643e+00 1.202604697555148094e+00 -1.476778338321350914e-01 9.726967115385967699e-02 2.958869928476662858e-01 -3.066916554064195721e-01 1.197745325372659764e+00 -5.188419456803787799e-01 -1.050245176468654895e+00 -7.037154618360403902e-01 3.287312838094754754e-03 1.380674068403261456e-01 2.489915560648675030e-01 1.961747932346204204e-01 6.585772060694573549e-01 1.056313704293127431e+00 -1.106367352315141384e+00 2.560695985906102923e-01 2.598134959037686764e-01 5.735343747294475714e-01 -6.469195828957587935e-01 -2.222005549305257066e-01 6.895256275466806750e-01
3.129411764705882320e+02 -9.819220088861842222e-02 -1.299182775292469783e-01 9.868039405386869189e-02 7.008161079905449453e-01 5.172198103980005790e-01 -1.137014415402662765e-01 2.670896433006594295e-01 -1.357262569971556365e+00 -1.369382101680167441e-01 9.306921415166644618e-01 1.435654734508863717e+00 -1.648150694406057326e+00 8.001977885886689679e-01 8.235411639622973734e-01 1.267053610001376729e+00 1.430171966422545404e+00 9.659757289332380203e-01 8.503602739631858087e-01 1.203914803044945803e+00 -2.094823826207825590e-01 -1.133814156893642844e+00 8.033499596163432566e-01 -9.895299141450951685e-01 -7.735988247663200257e-01 4.024695166723425421e-01 -1.484552096158724133e-01 4.633748151835272444e-01 -1.508079043282767318e+00 1.029398717728540413e+00 1.181336476940669566e+00 2.873444558605487975e-01 2.713160632127164518e-01 -6.718086324881378246e-01 -1.375224387254129654e+00 -1.389864750884504341e+00 6.744381184004661911e-01 -6.045034989375122070e-01 -3.471100518620149344e-01 -8.158358247425133436e-02 3.512650880631485451e-01 1.398419448469850224e+00 -4.581529126129563756e-01 -7.283919529163326301e-01 -5.134424262122838645e-01 1.248510388686283390e+00 1.272781988789811303e+00 -1.030002818111601798e-01 6.015531501342189502e-01 4.393957516387984041e-01 5.284229644827918015e-01 -3.017085752712520552e-01 -1.166381812116386696e+00 8.082532026451845486e-02 -1.145303354631016068e+00 -7.935096130240988366e-01 4.386160112797995447e-01 5.558413091311517062e-01 -1.277250344429464501e+00 -7.504000107549773091e-01 -1.488300847314758091e+00 -1.309438122324510179e+00 -2.117587887407065550e-01 -8.696243240028947996e-01 -1.157987541557239597e+00 1.625368567008195653e+00 -1.031286849701839106e-02 -1.231969563818023694e+00 -3.232257422534423053e-01 -4.586346553191112396e-01 -1.300424155080542876e+00 -1.295642607165958360e+00 2.730752970043030525e-01 8.678252809910368404e-01 1.362311237001567754e+00 4.811987289380318389e-01 5.528684647775260474e-01 -6.252678841093513018e-01 3.231168449567959899e-01 -1.280828144889975428e+00 -7.490639890296009185e-01 9.150111466814523364e-01 -2.015921814914957977e-01 4.753983050629822203e-03 4.192305290756956349e-01 1.258135682258628152e-01 -7.777183512550754629e-02 -7.312696207704764140e-01 -1.252490182399875973e+00 1.064536260219837605e+00 -1.306339374801919473e-01 8.580019836002707179e-02 2.618888787336465795e-01 -2.701670191354179074e-01 1.059833678892002196e+00 -4.595664371417502170e-01 -9.360653448170815905e-01 -6.206616707858931825e-01 2.902888174762429524e-03 1.219100062944263457e-01 2.197680202666998095e-01 1.732088930768539425e-01 5.853810930898949438e-01 9.375520848104469396e-01 -9.769120973485508896e-01 2.271049176886280052e-01 2.287090173693205053e-01 5.046791626150357590e-01 -5.720630484910994573e-01 -1.952561333101106023e-01 6.116380158070698903e-01
3.135294117647058556e+02 -8.592397590803721452e-02 -1.132222578155152037e-01 8.681655516053357613e-02 6.134027947582390006e-01 4.512720380683521992e-01 -9.911297463214270576e-02 2.343816596198503577e-01 -1.208463667641395123e+00 -1.206636003186840611e-01 8.224721721614336456e-01 1.286061291702680798e+00 -1.465980863224755959e+00 7.094556338985870125e-01 7.273625552873143052e-01 1.139858965122041212e+00 1.274956443629800429e+00 8.673238858517596794e-01 7.504584146254468235e-01 1.080808596938122701e+00 -1.850817713215821836e-01 -1.000091577418754207e+00 7.134726418022072636e-01 -8.860449267525287720e-01 -6.938909630066585343e-01 3.539072465072750640e-01 -1.309897311961905342e-01 4.086744713161136189e-01 -1.342309160320114270e+00 9.148292431658672230e-01 1.061016300873965257e+00 2.520410923173974638e-01 2.380991948963782079e-01 -5.949778592008471145e-01 -1.227575989863659567e+00 -1.234639452113237335e+00 5.908410109871329308e-01 -5.327462817214518864e-01 -3.101768629852348913e-01 -7.138459397458729594e-02 3.097237054481344898e-01 1.255821188913653463e+00 -4.052204393336082955e-01 -6.432844314218411075e-01 -4.531966777905652721e-01 1.102007332053998256e+00 1.131795323848818313e+00 -8.980694035512573614e-02 5.308945126144032356e-01 3.859095403024866977e-01 4.663442992893088723e-01 -2.685648139691432790e-01 -1.034422657028621462e+00 7.129101001620412326e-02 -1.015333739026064608e+00 -6.938676665488746620e-01 3.854086257638890123e-01 4.911668156530927254e-01 -1.140245534046123499e+00 -6.627129423678463915e-01 -1.322902025444864904e+00 -1.163867256647799664e+00 -1.866771331222543406e-01 -7.706600526208374768e-01 -1.040681214608182081e+00 1.447854460166470014e+00 -9.305366252133301028e-03 -1.107313453049763918e+00 -2.864919138301899038e-01 -4.080584335586159295e-01 -1.155036912069735688e+00 -1.164802261527170257e+00 2.394791818051298649e-01 7.623870400970326200e-01 1.210141147044974774e+00 4.248009231620866188e-01 4.868777774091693211e-01 -5.508649467058424065e-01 2.851044857509623109e-01 -1.137289390011818391e+00 -6.613259251266732086e-01 8.065718401520756142e-01 -1.776423214541647810e-01 4.199611125439033955e-03 3.713454456296258477e-01 1.110509924883224669e-01 -6.864361516960595933e-02 -6.452430007453736627e-01 -1.112231998592462690e+00 9.410304949148545761e-01 -1.153993874419518700e-01 7.558063452043647934e-02 2.314803238442042221e-01 -2.376710468646237862e-01 9.365203866395416243e-01 -4.065052550667855313e-01 -8.331364460631360824e-01 -5.466688857948531766e-01 2.559936421990372402e-03 1.074972360961020112e-01 1.937112123615531700e-01 1.527238998846329188e-01 5.196005753897720014e-01 8.309964912510218182e-01 -8.614326992554973694e-01 2.011396122341271575e-01 2.010571871216994266e-01 4.434928791973750117e-01 -5.051784647686258234e-01 -1.713490987667159737e-01 5.418022405994894486e-01
3.141176470588235361e+02 -7.508992766021951870e-02 -9.854395052183950732e-02 7.627732102203227393e-02 5.361878708654853609e-01 3.932207439118340919e-01 -8.628419811151522012e-02 2.054071461934954823e-01 -1.074496645986380949e+00 -1.061809421884294807e-01 7.258557303006099026e-01 1.150443179057750065e+00 -1.302156146333135256e+00 6.281477041808424255e-01 6.415513641131571632e-01 1.023981685860257063e+00 1.135016483766002615e+00 7.776505598687907250e-01 6.614034350054365241e-01 9.689249775436031831e-01 -1.633029733708696030e-01 -8.809568931860313201e-01 6.327843418037619738e-01 -7.922734444922694408e-01 -6.215218452404317473e-01 3.107906423054305201e-01 -1.154238382219991421e-01 3.599480142984980979e-01 -1.193117666906360785e+00 8.118975689908209947e-01 9.516080149431005442e-01 2.207831738049610693e-01 2.086726998779794839e-01 -5.262188964372389588e-01 -1.094260723014305325e+00 -1.095249984884074435e+00 5.169246822835219524e-01 -4.688786266611102427e-01 -2.767881307677478309e-01 -6.237869728592763258e-02 2.727291070218945679e-01 1.126175212518974789e+00 -3.579190338445442099e-01 -5.673563385580662199e-01 -3.994823175016802286e-01 9.713879169094133958e-01 1.005045198100254389e+00 -7.820188146962867015e-02 4.679059554467732696e-01 3.384847939007849527e-01 4.110056584608317576e-01 -2.387331454252407947e-01 -9.161434148705501768e-01 6.279703398464338282e-02 -8.988886415980065214e-01 -6.059436389794868871e-01 3.382062206255109782e-01 4.334323110811033053e-01 -1.016525216582358171e+00 -5.844845845921995409e-01 -1.174273125896189596e+00 -1.033062203621966102e+00 -1.643458424894357062e-01 -6.820298672900145798e-01 -9.339381914496108772e-01 1.287949808299635901e+00 -8.384314126271691370e-03 -9.938653702519106847e-01 -2.535875273194309609e-01 -3.625607338296674698e-01 -1.024501053267626638e+00 -1.045695428408314642e+00 2.097391564721367285e-01 6.688708584762597109e-01 1.073497999226854516e+00 3.745088314987115030e-01 4.281911595773013057e-01 -4.846665943747712202e-01 2.512262073481847935e-01 -1.008456829893879192e+00 -5.830793680256396438e-01 7.100317513926204249e-01 -1.563283629433622757e-01 3.704887877667071422e-03 3.284834178710698827e-01 9.788886397758436719e-02 -6.050536593653648570e-02 -5.685720538844314387e-01 -9.863305529994006449e-01 8.307309367231727748e-01 -1.018041661364315065e-01 6.648932477795505003e-02 2.043265166122733290e-01 -2.088053099567629689e-01 8.264390264775727246e-01 -3.590843246272744094e-01 -7.405057587778494099e-01 -4.808538862308966988e-01 2.254474947028943781e-03 9.466136352945529742e-02 1.705152267700308921e-01 1.344811506275006840e-01 4.605823710795736714e-01 7.355497982272790614e-01 -7.585857917511681370e-01 1.779012607345673569e-01 1.765136861251126454e-01 3.892073309199846065e-01 -4.455135011832662140e-01 -1.501703769253794618e-01 4.792887018520111675e-01
3.147058823529411598e+02 -6.553700091779840475e-02 -8.565886114645460125e-02 6.692943778490594020e-02 4.680857151090448420e-01 3.421974099439416550e-01 -7.501978399186028101e-02 1.797796167655204835e-01 -9.540827252106132139e-01 -9.331322464862266963e-02 6.397363536635001235e-01 1.027704705630086535e+00 -1.155071762810737868e+00 5.554112536646002019e-01 5.651119358193680275e-01 9.185991799152353199e-01 1.009058832183350241e+00 6.962794864320785981e-01 5.821435469114808470e-01 8.674164846088187053e-01 -1.438952733546352003e-01 -7.749866363733177721e-01 5.604639886791730197e-01 -7.074484655776565045e-01 -5.559287455125926369e-01 2.725687584329902213e-01 -1.015729130169956695e-01 3.166116710323344519e-01 -1.059068442755004780e+00 7.195731948424314295e-01 8.522942475890944447e-01 1.931498200526499398e-01 1.826443584992362423e-01 -4.647829606618203990e-01 -9.740889666433518723e-01 -9.702856284829480815e-01 4.516683216611692697e-01 -4.121226786750918913e-01 -2.466545741816937309e-01 -5.443845556547625281e-02 2.398356795607505532e-01 1.008508983033588713e+00 -3.157173942161103364e-01 -4.997254171562648950e-01 -3.516672832483487277e-01 8.551149153942796399e-01 8.912814470958322355e-01 -6.800923503811842630e-02 4.118439576034231275e-01 2.964998228940560754e-01 3.617535095579779703e-01 -2.119269721849658394e-01 -8.102980357366701414e-01 5.524184867753146461e-02 -7.947297631926366623e-01 -5.284775360125566479e-01 2.963961825523890870e-01 3.819753275726392450e-01 -9.049886794232870901e-01 -5.148056998269522344e-01 -1.040933044716937150e+00 -9.157181024828643379e-01 -1.444946987585573328e-01 -6.027830553254490686e-01 -8.369759921419662740e-01 1.144146711020193719e+00 -7.543789725800054136e-03 -8.907970567950139751e-01 -2.241610888907279442e-01 -3.216991046955408606e-01 -9.074911560559000279e-01 -9.374585729482249885e-01 1.834532014546618184e-01 5.860575264726439748e-01 9.509982544749618905e-01 3.297326795676598921e-01 3.760821460370650793e-01 -4.258607722018695751e-01 2.210802548624199448e-01 -8.930125691219135131e-01 -5.134084172820421177e-01 6.242207488514670555e-01 -1.373900785707162786e-01 3.264098790331530688e-03 2.901794566686310417e-01 8.617230193476196898e-02 -5.326123860078327971e-02 -5.003476158179337441e-01 -8.735009241832620841e-01 7.323829389693637948e-01 -8.969120222194336411e-02 5.841442738385610456e-02 1.801178271837899914e-01 -1.832043434457543696e-01 7.283265753245088403e-01 -3.167720490782503506e-01 -6.572806494971700220e-01 -4.224048670035490116e-01 1.982835504245165654e-03 8.324792248358740820e-02 1.498985355101114803e-01 1.182608776252010579e-01 4.077176288442376784e-01 6.501922627757953377e-01 -6.671342150088027667e-01 1.571370198252790007e-01 1.547630484960023922e-01 3.411191470402472614e-01 -3.923735325257513007e-01 -1.314376108196548265e-01 4.234200037292088492e-01
3.152941176470588402e+02 -5.712642206971306480e-02 -7.436469462176532874e-02 5.865105678793143540e-02 4.081116447440358841e-01 2.974180541835865221e-01 -6.514365851922597483e-02 1.571471015546975492e-01 -8.460277886999378882e-01 -8.189817394170514908e-02 5.630947237314445353e-01 9.168099903661613981e-01 -1.023232019794825698e+00 4.904469467362094770e-01 4.971279247289970282e-01 8.229262026002922559e-01 8.958729874856922182e-01 6.225680164387981108e-01 5.117120338054883533e-01 7.754780625440190756e-01 -1.266277941085307279e-01 -6.808736206456035278e-01 4.957484913779967028e-01 -6.308455215831451079e-01 -4.965781308930665716e-01 2.387382125300790137e-01 -8.926732214490763762e-02 2.781294604048921704e-01 -9.388212949834594534e-01 6.368972255669190785e-01 7.622977233750870552e-01 1.687580117448114481e-01 1.596569592995026876e-01 -4.099776419405496419e-01 -8.659443067236310965e-01 -8.584347419138564916e-01 3.941447592862538096e-01 -3.617651508940667449e-01 -2.195041186174413184e-01 -4.744833826216896672e-02 2.106344585671195146e-01 9.018979355089602468e-01 -2.781253491465437988e-01 -4.395797738203946481e-01 -3.091704720111456695e-01 7.517750589260649985e-01 7.893394841359699932e-01 -5.907040863925436952e-02 3.620251032748990072e-01 2.593877048563989485e-01 3.179871733290969282e-01 -1.878787988893037553e-01 -7.157314317738943110e-01 4.853220840513113726e-02 -7.017100096574433454e-01 -4.603281978954547604e-01 2.594194447951118643e-01 3.361856600022967712e-01 -8.046026950999535243e-01 -4.528395888223347709e-01 -9.215031252712858612e-01 -8.106204204828549864e-01 -1.268757920959881214e-01 -5.320394919465046835e-01 -7.490494349564046361e-01 1.015035820842473679e+00 -6.778096737210338729e-03 -7.973195111893570663e-01 -1.978870969036201910e-01 -2.850609498187739455e-01 -8.027752047248601919e-01 -8.392686638904146568e-01 1.602555716775708738e-01 5.128347827313751717e-01 8.413555682076774289e-01 2.899301043234380204e-01 3.298853825811222107e-01 -3.737032309261764107e-01 1.942974797051833513e-01 -7.897322456771747046e-01 -4.514706831237534912e-01 5.480654364794691480e-01 -1.205888857952049642e-01 2.871982800557107071e-03 2.560034585077021752e-01 7.575891332466259953e-02 -4.682311822501979137e-02 -4.397343085709291000e-01 -7.725491874125206548e-01 6.448300731962574028e-01 -7.891589176113562865e-02 5.125346140431834979e-02 1.585689208074460843e-01 -1.605339947915972731e-01 6.410196375170680305e-01 -2.790779169499433277e-01 -5.826281603388734354e-01 -3.705781163712695281e-01 1.741650723428983137e-03 7.311513922440215918e-02 1.316029092875264650e-01 1.038613867078177766e-01 3.604410636421740421e-01 5.739795725294490891e-01 -5.859424399245317661e-01 1.386130608650086860e-01 1.355171725966338447e-01 2.985863572018718770e-01 -3.451194313907723354e-01 -1.148936490508641467e-01 3.735695156709831211e-01
3.158823529411764639e+02 -4.973243809335257254e-02 -6.447926825166858111e-02 5.133081800837046432e-02 3.553730319880576971e-01 2.581754191989618086e-01 -5.649719681653850994e-02 1.371892373684370781e-01 -7.492172715224714175e-01 -7.178710106264181434e-02 4.949922664631877245e-01 8.167801339037972230e-01 -9.052435654585737623e-01 4.325145559418865360e-01 4.367564077772918552e-01 7.362135079796304771e-01 7.943263586363052964e-01 5.559057399168907398e-01 4.492208223843487391e-01 6.923452803076278750e-01 -1.112880279432240244e-01 -5.974180482704992690e-01 4.379289763662890800e-01 -5.617806245399189491e-01 -4.429643879099823267e-01 2.088393192079207872e-01 -7.835128288899521898e-02 2.440095336838901396e-01 -8.311260813578654760e-01 5.629778205337572228e-01 6.808796347624288536e-01 1.472593788778442103e-01 1.393853495035113910e-01 -3.611629731765472751e-01 -7.687794913228686022e-01 -7.584783970033891487e-01 3.435123370082044936e-01 -3.171522979319197910e-01 -1.950809876402385401e-01 -4.130366739148523536e-02 1.847503067836309687e-01 8.054635355111324779e-01 -2.446909008294648191e-01 -3.861726506129399827e-01 -2.714579055900118720e-01 6.600696994275051521e-01 6.981349661539087981e-01 -5.124247352444310372e-02 3.178215478532142590e-01 2.266317449012034968e-01 2.791548321581451275e-01 -1.663390700174561809e-01 -6.313733544240424100e-01 4.258253174467754171e-02 -6.187672840174875954e-01 -4.004626733268649152e-01 2.267660783509052314e-01 2.955015211039506706e-01 -7.143978450186044826e-01 -3.978166873806712744e-01 -8.147006879074770724e-01 -7.166392671245356283e-01 -1.112617959101712961e-01 -4.689847918574588936e-01 -6.694492213318860019e-01 8.993004814740770403e-01 -6.081759325312753248e-03 -7.126814939329650933e-01 -1.744642734726947475e-01 -2.522616983294562187e-01 -7.092085303118310646e-01 -7.503416394898742015e-01 1.398137092640450163e-01 4.481884798297122718e-01 7.433745683195531750e-01 2.546025977129504070e-01 2.889918114085488487e-01 -3.275122224961473094e-01 1.705388671135237011e-01 -6.974789477303798835e-01 -3.964917837141737622e-01 4.805816651018279817e-01 -1.057061584306804303e-01 2.523698712985059014e-03 2.255577817262092444e-01 6.651785283067557231e-02 -4.111004084736797487e-02 -3.859649411094617788e-01 -6.823664939302033217e-01 5.670069812705830214e-01 -6.934517320539938801e-02 4.491257247015417731e-02 1.394169796426337760e-01 -1.404889092595929534e-01 5.634471305076891312e-01 -2.455495477595616427e-01 -5.157713809610497968e-01 -3.246926602750645485e-01 1.527831087997755678e-03 6.413295758627340915e-02 1.153916176757350115e-01 9.109766858795478872e-02 3.182280931902189414e-01 5.060376889016749979e-01 -5.139687527479384066e-01 1.221132546607426872e-01 1.185130841499616172e-01 2.610233409203153720e-01 -3.031634251364991317e-01 -1.003044257307168785e-01 3.291578541599504137e-01
3.164705882352941444e+02 -4.324165522018229291e-02 -5.583927054655486721e-02 4.486749387088069529e-02 3.090646956150134295e-01 2.238344607413665643e-01 -4.893815729305637380e-02 1.196159346265948525e-01 -6.626179263615600279e-01 -6.284451905218006729e-02 4.345697948822506707e-01 7.266973382602575082e-01 -7.998169867083447793e-01 3.809328385789909621e-01 3.832264635980301981e-01 6.577524755796614331e-01 7.033666735455392782e-01 4.957176808693612435e-01 3.938587136666074073e-01 6.172983019980704533e-01 -9.768151333913280276e-02 -5.235248828495747686e-01 3.863511667763177559e-01 -4.996130115391143600e-01 -3.946122338342237246e-01 1.824545387013658537e-01 -6.868254027997304501e-02 2.138030770183813323e-01 -7.348245459021018888e-01 4.969909042785921605e-01 6.073436246519843262e-01 1.283386845254495812e-01 1.215350868196003187e-01 -3.177510467148793594e-01 -6.816192059716174034e-01 -6.692911217879501384e-01 2.990108549732931609e-01 -2.776882695285312619e-01 -1.731464957150802286e-01 -3.591006446342395741e-02 1.618410386326563366e-01 7.183779593431438570e-01 -2.149997199094159928e-01 -3.388211453066412582e-01 -2.380417039944870972e-01 5.788123133613473081e-01 6.166649106041852679e-01 -4.439721841911747902e-02 2.786597777993153890e-01 1.977634818241476022e-01 2.447524383904870482e-01 -1.470765420517821387e-01 -5.562383508407049426e-01 3.731471269579336725e-02 -5.449242731627119696e-01 -3.479505145913711073e-01 1.979734247371882638e-01 2.594087139274705578e-01 -6.334711146024682993e-01 -3.490332536999877777e-01 -7.193401231677128971e-01 -6.327303422454303439e-01 -9.744542079284292113e-02 -4.128700341572444921e-01 -5.975059571650979118e-01 7.957191097540637914e-01 -5.449564069380797605e-03 -6.361738331356376897e-01 -1.536154769021882138e-01 -2.229452909809419014e-01 -6.257344655155172575e-01 -6.699370027483088075e-01 1.218267722517119012e-01 3.911987775131093303e-01 6.559515647918623404e-01 2.232945792279675268e-01 2.528469528512772846e-01 -2.866666899495859400e-01 1.494948398159247072e-01 -6.152037021769066749e-01 -3.477639249244292574e-01 4.208721330414250672e-01 -9.254266786580241100e-02 2.214817479908624993e-03 1.984770360350185114e-01 5.832957044393707879e-02 -3.604803690574609476e-02 -3.383389392019998110e-01 -6.019296024739670958e-01 4.979379492331796886e-01 -6.085731483444741657e-02 3.930627862066538719e-02 1.224213415525622350e-01 -1.227915428614396731e-01 4.946286938662899924e-01 -2.157722036164581303e-01 -4.559905501660705407e-01 -2.841283931012312247e-01 1.338557847175005479e-03 5.618273765936359493e-02 1.010488360749903919e-01 7.980096775904485518e-02 2.805949961967525996e-01 4.455626098329242279e-01 -4.502628549532005642e-01 1.074390420920510181e-01 1.035120196104675760e-01 2.278986968581903083e-01 -2.659680775812919840e-01 -8.745798380459449128e-02 2.896525834095717844e-01
3.170588235294117680e+02 -3.755190069469165060e-02 -4.829841663418814324e-02 3.916913623518167992e-02 2.684608768220982378e-01 1.938254070968767617e-01 -4.233908531257375013e-02 1.041647116462800227e-01 -5.852726243533413752e-01 -5.494706225887689699e-02 3.810413772397291954e-01 6.457017763853406533e-01 -7.057599768404859697e-01 3.350753141510153799e-01 3.358335538264117237e-01 5.868734922437762735e-01 6.220170261126259925e-01 4.414627010210977476e-01 3.448852906069632129e-01 5.496598439012870818e-01 -8.563043545289888980e-02 -4.581954505525049348e-01 3.404116375856594545e-01 -4.437428884089802961e-01 -3.510752660966711125e-01 1.592048935999288983e-01 -6.013128964787752689e-02 1.871008472050694482e-01 -6.488443729189266040e-01 4.381755954464008340e-01 5.410339022090639993e-01 1.117108875502942772e-01 1.058397355950972951e-01 -2.792021876757688204e-01 -6.035558366898636784e-01 -5.898345256355891353e-01 2.599541995825527807e-01 -2.428303867617314649e-01 -1.534780852072256119e-01 -3.118250065153823150e-02 1.415947579320594452e-01 6.398618183440409890e-01 -1.886722873892495989e-01 -2.969012251743612940e-01 -2.084764390622809438e-01 5.069196300679833511e-01 5.440023004710176080e-01 -3.841972004808986985e-02 2.440162942058763940e-01 1.723585042344320806e-01 2.143199160191487374e-01 -1.298770976158135637e-01 -4.894197287211082270e-01 3.265752122240948158e-02 -4.792823571638450963e-01 -3.019542311194919892e-01 1.726220240027355746e-01 2.274369443105332955e-01 -5.609820030541790015e-01 -3.058462251529243670e-01 -6.343263965988431563e-01 -5.579291931174096275e-01 -8.523778656560371259e-02 -3.630070155000286736e-01 -5.325884482181925117e-01 7.031591594269249734e-01 -4.876552048213494972e-03 -5.671276477066942157e-01 -1.350859613678207505e-01 -1.967823147402732176e-01 -5.513783222350014945e-01 -5.973559990228488603e-01 1.060228126886006011e-01 3.410320016803572440e-01 5.780682969447127340e-01 1.955900072421329350e-01 2.209463924723407691e-01 -2.506012859255218883e-01 1.308829130263404195e-01 -5.419394148442296943e-01 -3.046406614081704767e-01 3.681193294514078507e-01 -8.091699449658133758e-02 1.941290161199666709e-03 1.744257169244030903e-01 5.108491888106950207e-02 -3.156957713299084894e-02 -2.962170313271897393e-01 -5.302949877088486419e-01 4.367300348249594233e-01 -5.334103344450286111e-02 3.435678182203150133e-02 1.073617994708252754e-01 -1.071898166199599378e-01 4.336676739191754337e-01 -1.893659390583934399e-01 -4.026193613988672815e-01 -2.483210533341549953e-01 1.171261207060694375e-03 4.915633454493059662e-02 8.837795505062163992e-02 6.981746803524299660e-02 2.470960665838005665e-01 3.918153103544111948e-01 -3.939584866757352422e-01 9.440814109317485769e-02 9.029735673857375300e-02 1.987305879349307303e-01 -2.330423482714348848e-01 -7.616253081177055961e-02 2.545647791257962811e-01
3.176470588235293917e+02 -3.257134803503507897e-02 -4.172599262702999384e-02 3.415245452462327413e-02 2.329090859053459805e-01 1.676383083072326696e-01 -3.658605506623006931e-02 9.059869464032821451e-02 -5.162976704996239397e-01 -4.798271656370079602e-02 3.336901977802333441e-01 5.729909368831067606e-01 -6.219735844542130243e-01 2.943676284455912229e-01 2.939356694259352420e-01 5.229464006864997794e-01 5.493735384524195409e-01 3.926334981415928738e-01 3.016266675324072999e-01 4.887951505707817113e-01 -7.497267260062766281e-02 -4.005215462989752950e-01 2.995556167517433033e-01 -3.936108851078853887e-01 -3.119358146633820494e-01 1.387473445492240776e-01 -5.257942500945062686e-02 1.635307446767155226e-01 -5.721960656060085526e-01 3.858316063678401409e-01 4.813353135461777010e-01 9.711892964853313659e-02 9.205884156983437649e-02 -2.450224895993103336e-01 -5.337476953271691471e-01 -5.191535988882635122e-01 2.257247276325166641e-01 -2.120857828417310464e-01 -1.358689651590592740e-01 -2.704456638997720930e-02 1.237279837084658135e-01 5.691842131997570942e-01 -1.653620011892995845e-01 -2.598442931660960298e-01 -1.823566063455474839e-01 4.434054821827059789e-01 4.792930957254404878e-01 -3.320721811475167012e-02 2.134146270989209504e-01 1.500333346155190706e-01 1.874385352931098592e-01 -1.145431318501950041e-01 -4.300858360750902665e-01 2.854618257131753475e-02 -4.210178112977061571e-01 -2.617219120643697883e-01 1.503326086415394947e-01 1.991573358105435954e-01 -4.961509110955242274e-01 -2.676696764158611463e-01 -5.586513612583667854e-01 -4.913479574613915379e-01 -7.446727425722533822e-02 -3.187652552808946105e-01 -4.741038996214572143e-01 6.205741455602975520e-01 -4.358027308727384364e-03 -5.049145836693769152e-01 -1.186422831993209359e-01 -1.734690049828471470e-01 -4.852438693784026924e-01 -5.319419268371583520e-01 9.215664856131781935e-02 2.969345957909847455e-01 5.087882973164820077e-01 1.711100416167963822e-01 1.928325331548854937e-01 -2.188028152826860528e-01 1.144460591268655764e-01 -4.767972781618838862e-01 -2.665332733464260140e-01 3.215805395141263512e-01 -7.066440033117514508e-02 1.699426033085174982e-03 1.530966966537143092e-01 4.468453365547956496e-02 -2.761318899362238954e-02 -2.590175545444824423e-01 -4.665953706602166129e-01 3.825684385903533880e-01 -4.669489245855580617e-02 2.999347447730568370e-02 9.403744933003017892e-02 -9.345540888767193966e-02 3.797463702919843809e-01 -1.659837179444716149e-01 -3.550430145354120937e-01 -2.167586267971086389e-01 1.023605012304202710e-03 4.295544864654777389e-02 7.720036622660957082e-02 6.100736714972518349e-02 2.173219099482924521e-01 3.441185680270553715e-01 -3.442682294654700326e-01 8.285372005415400642e-02 7.867309832955515780e-02 1.730832937115688031e-01 -2.039388782490325902e-01 -6.624498108524766449e-02 2.234468308501964817e-01
3.182352941176470722e+02 -2.821764875660768418e-02 -3.600544092534496698e-02 2.974217495154110949e-02 2.018239768642535181e-01 1.448177181767150434e-01 -3.157744578773634403e-02 7.870460025829253969e-02 -4.548794089103725957e-01 -4.185001454526379727e-02 2.918640709259101018e-01 5.078180935132953211e-01 -5.474476450583911635e-01 2.582845642891203886e-01 2.569492025007275582e-01 4.653801630659917810e-01 4.846022484807095965e-01 3.487560221792281312e-01 2.634709915626670118e-01 4.341112333222915676e-01 -6.556077324847754684e-02 -3.496792134007396524e-01 2.632744071046787537e-01 -3.486969162493814833e-01 -2.768043194576306765e-01 1.207720934876286706e-01 -4.591974304932198298e-02 1.427552489468989494e-01 -5.039690413929522883e-01 3.393161278468120323e-01 4.276726956578916772e-01 8.433150237783533509e-02 7.997588607141334349e-02 -2.147610755712277275e-01 -4.714164693135973194e-01 -4.563723401032186988e-01 1.957676599507452153e-01 -1.850078927535787066e-01 -1.201275613177502505e-01 -2.342774623666880190e-02 1.079836699519166054e-01 5.056619313029515617e-01 -1.447531042561308323e-01 -2.271335310868777824e-01 -1.593139381748856775e-01 3.873742664597538687e-01 4.217526011685833742e-01 -2.866802090287317792e-02 1.864221459765466327e-01 1.304422721665436657e-01 1.637281041716535102e-01 -1.008927786515580322e-01 -3.774758163806355427e-01 2.492193269041284923e-02 -3.693774925256271824e-01 -2.265799397251419545e-01 1.307630328250369012e-01 1.741797299429793111e-01 -4.382568028790010395e-01 -2.339710464932266143e-01 -4.913893459328728119e-01 -4.321714646766616763e-01 -6.497831798000977543e-02 -2.795686304844338665e-01 -4.214974102148281165e-01 5.469997701606825746e-01 -3.889558986776657772e-03 -4.489463061338647143e-01 -1.040710651677411447e-01 -1.527260080552978461e-01 -4.265091953452724849e-01 -4.730796425510660486e-01 8.000771872480895441e-02 2.582269713583109083e-01 4.472525961796953720e-01 1.495105521178795582e-01 1.680912230823528586e-01 -1.908065165946463970e-01 9.995097167253995385e-02 -4.189625829963161685e-01 -2.329069147034394383e-01 2.805825958222489813e-01 -6.163564747437209890e-02 1.485869086159876664e-03 1.342095327915466541e-01 3.903817449000415024e-02 -2.412304776909441825e-02 -2.262125314835820578e-01 -4.100356559970050885e-01 3.347114981244235787e-01 -4.082665651300528692e-02 2.615242524342462418e-02 8.226545072496019295e-02 -8.138199515344866908e-02 3.321209084375614795e-01 -1.453093424060560579e-01 -3.126957814005480452e-01 -1.889775971968019608e-01 8.934705048834313363e-04 3.749094176768262565e-02 6.735420271841645323e-02 5.324390134719581696e-02 1.908974703111648019e-01 3.018533838536494041e-01 -3.004780319321407878e-01 7.262347307950133002e-02 6.846231053323731386e-02 1.505636934270488669e-01 -1.782510980318787741e-01 -5.754948074723868767e-02 1.958899906629899546e-01
3.188235294117646959e+02 -2.441710703389547016e-02 -3.103303445666025576e-02 2.587041886933411777e-02 1.746815390059438533e-01 1.249576899820951520e-01 -2.722279400910204358e-02 6.829079781513425207e-02 -4.002706183817545949e-01 -3.645724891568097314e-02 2.549710067521560042e-01 4.494904291996444923e-01 -4.812559742918838257e-01 2.263470159803184223e-01 2.243448596582766630e-01 4.136221735214422046e-01 4.269357381694728337e-01 3.093886298063951434e-01 2.298640049400643426e-01 3.850557819000812732e-01 -5.726093965716640144e-02 -3.049226246855422096e-01 2.311027270483033136e-01 -3.085188009390205099e-01 -2.453185150510941714e-01 1.049999799802474321e-01 -4.005515824457449997e-02 1.244688993335795468e-01 -4.433275053218333484e-01 2.980406065172745422e-01 3.795099035151177636e-01 7.314091503470733502e-02 6.939632160937349303e-02 -1.880073394886632443e-01 -4.158443952552555722e-01 -4.006892309785454187e-01 1.695857268054659361e-01 -1.611930106978407551e-01 -1.060768814578843949e-01 -2.027073154601025454e-02 9.412927311523236473e-02 4.486582614831075011e-01 -1.265586163739278458e-01 -1.983002633555865091e-01 -1.390147505746811563e-01 3.380144943910944333e-01 3.706616697224783818e-01 -2.472047611279340820e-02 1.626469341599860730e-01 1.132743396373755013e-01 1.428442199933407375e-01 -8.875908615273662983e-02 -3.308952847086196192e-01 2.173158175944623835e-02 -3.236744702489652292e-01 -1.959260768339522174e-01 1.136053086936655160e-01 1.521500237011592094e-01 -3.866346137962710094e-01 -2.042673939798026472e-01 -4.316925512421017630e-01 -3.796531717929230165e-01 -5.663022188748739055e-02 -2.448919549052337996e-01 -3.742511403691700100e-01 4.815497952945163029e-01 -3.466980391857049561e-03 -3.986736446426277780e-01 -9.117774728125027650e-02 -1.342970774998516470e-01 -3.744224249511941549e-01 -4.201947179998262172e-01 6.937803607389296523e-02 2.242975813064204127e-01 3.926752822094592976e-01 1.304796530151892953e-01 1.463484659677026789e-01 -1.661924380031158666e-01 8.718636610941615794e-02 -3.676903997590914575e-01 -2.032767945142431865e-01 2.445167460032839357e-01 -5.369584380801691037e-02 1.297574761161250688e-03 1.175087664116706287e-01 3.406407585971546470e-02 -2.104857454352954474e-02 -1.973238099438666682e-01 -3.598887374388684002e-01 2.924857033363813530e-01 -3.565265090116183366e-02 2.277587788482448444e-02 7.187979082466422476e-02 -7.078353652434751786e-02 2.901161510704535762e-01 -1.270553973213752463e-01 -2.750584340701283659e-01 -1.645592908564109114e-01 7.789405172609704855e-04 3.268216701981990074e-02 5.869309918643107749e-02 4.641239029523667320e-02 1.674799985656338641e-01 2.644553474827281425e-01 -2.619418446237535281e-01 6.357868892967558083e-02 5.950562020253669093e-02 1.308178770072057073e-01 -1.556103579563473116e-01 -4.993599331846818729e-02 1.715218990404406008e-01
3.194117647058823763e+02 -2.110390467947539928e-02 -2.671664405429479208e-02 2.247610808536123356e-02 1.510136188295266857e-01 1.076971073477952234e-01 -2.344172566438319436e-02 5.918547049769289775e-02 -3.517868066601070876e-01 -3.172171553179417569e-02 2.224748651195897764e-01 3.973669276018916285e-01 -4.225514902159939190e-01 1.981189671815971332e-01 1.956436937624728145e-01 3.671573108823150688e-01 3.756696255054428057e-01 2.741210590692041982e-01 2.003047417071638359e-01 3.411158607257576691e-01 -4.995203879711197087e-02 -2.655781772351908376e-01 2.026160318669056326e-01 -2.726307345572841490e-01 -2.171424719981137064e-01 9.117998530824586445e-02 -3.489794427941286109e-02 1.083958614765664491e-01 -3.895062212022151193e-01 2.614674742995017342e-01 3.363486164045660365e-01 6.336106888750649146e-02 6.014570702631191756e-02 -1.643882147817419814e-01 -3.663712784282229240e-01 -3.513726831897143743e-01 1.467341237768358675e-01 -1.402769778337930318e-01 -9.355384241854620975e-02 -1.751877299628389409e-02 8.195487475510213060e-02 3.975815566422148395e-01 -1.105183112110195709e-01 -1.729204307178162092e-01 -1.211573700672261000e-01 2.945925318658891845e-01 3.253628522660775291e-01 -2.129201448126671892e-02 1.417347429187255647e-01 9.825038925027973491e-02 1.244755938930779959e-01 -7.798917860477141972e-02 -2.897120265810249617e-01 1.892709216155707627e-02 -2.832836863553758744e-01 -1.692229916583761762e-01 9.858278459900875201e-02 1.327475645696768181e-01 -3.406725125897984152e-01 -1.781217593177421288e-01 -3.787864062241054208e-01 -3.331110603614888532e-01 -4.929601891181983192e-02 -2.142576117010119019e-01 -3.318832643705693641e-01 4.234117811270302068e-01 -3.086385774196020310e-03 -3.535854996517798221e-01 -7.978534136149012523e-02 -1.179477442456983161e-01 -3.282974262817591193e-01 -3.727523335847517938e-01 6.009024385060338785e-02 1.945972641959060612e-01 3.443390347659123774e-01 1.137353197826516255e-01 1.272672644625607030e-01 -1.445819462160615188e-01 7.596132191875459849e-02 -3.223012426368044858e-01 -1.772044841492528278e-01 2.128336977310208156e-01 -4.672333101897844371e-02 1.131787275698408531e-03 1.027622404756635827e-01 2.968831610789352676e-02 -1.834404491899279538e-02 -1.719193265361061151e-01 -3.154912945915389066e-01 2.552808214030776734e-01 -3.109713837422260763e-02 1.981176804445494363e-02 6.273007803555297190e-02 -6.149264784918504617e-02 2.531207307730503064e-01 -1.109612287636179556e-01 -2.416556085073061910e-01 -1.431263620589537933e-01 6.782840811731859296e-04 2.845632024692189982e-02 5.108499828815108584e-02 4.040931391972694964e-02 1.467570228694131396e-01 2.314110314601343366e-01 -2.280764311813440748e-01 5.559333264353403387e-02 5.165977705719657087e-02 1.135279065592424419e-01 -1.356831451474262429e-01 -4.327895724302516234e-02 1.500041334084286915e-01
3.200000000000000000e+02 -1.821937637929835554e-02 -2.297459868528139298e-02 1.950439903687808951e-02 1.304028029912740749e-01 9.271535889193005531e-02 -2.016296826629269609e-02 5.123488292379503595e-02 -3.088024813698195259e-01 -2.756898900329781202e-02 1.938911709757106250e-01 3.508560984919933401e-01 -3.705613274347691055e-01 1.732045348577492816e-01 1.704132645657169265e-01 3.255067924398473145e-01 3.301590075422301540e-01 2.425732686896211188e-01 1.743413945453788916e-01 3.018164347032729622e-01 -4.352464566045383815e-02 -2.310388121484979185e-01 1.774278650915966371e-01 -2.406216427902808930e-01 -1.919655381583993958e-01 7.908687072117924488e-02 -3.036900406072003816e-02 9.428759578041498446e-02 -3.418062668108448054e-01 2.291069078350576882e-01 2.977269801884572242e-01 5.482555386650076606e-02 5.206795087226197966e-02 -1.435655219645448899e-01 -3.223914177855491947e-01 -3.077565245593054111e-01 1.268157767745796416e-01 -1.219320145005038103e-01 -8.240856327217549460e-02 -1.512307669204655466e-02 7.127139507582330724e-02 3.518835866856802053e-01 -9.639674984994214824e-02 -1.506111886357611174e-01 -1.054696634077176981e-01 2.564465861760001908e-01 2.852565485665881639e-01 -1.831826340944916337e-02 1.233660733140113097e-01 8.512036149872097279e-02 1.083414788490771746e-01 -6.844341231844960904e-02 -2.533517649869275745e-01 1.646517368501374326e-02 -2.476376918260142501e-01 -1.459922102202657335e-01 8.544747701259639006e-02 1.156826305388549692e-01 -2.998090739440416042e-01 -1.551396596876994383e-01 -3.319649323751572845e-01 -2.919235516508781880e-01 -4.286137832001473552e-02 -1.872322349676897035e-01 -2.939467402286917719e-01 3.718427792930166786e-01 -2.744125341980365937e-03 -3.132075624825250704e-01 -6.973321858806394435e-02 -1.034639919398502445e-01 -2.875095354134090675e-01 -3.302559767812869862e-01 5.198579058065349451e-02 1.686339090825487164e-01 3.015906876834728578e-01 9.902308331394471530e-02 1.105446020831373638e-01 -1.256343896185482256e-01 6.610369761614670603e-02 -2.821767859273204282e-01 -1.542943494884007616e-01 1.850388801546394291e-01 -4.060862182123226721e-02 9.860177385033542293e-04 8.975945541096005953e-02 2.584421167214876955e-02 -1.596821428875013979e-02 -1.496095126335724723e-01 -2.762396226791378195e-01 2.225451882712470852e-01 -2.709171800707631250e-02 1.721326293976829444e-02 5.468037552758590186e-02 -5.335904390966870331e-02 2.205822573969824230e-01 -9.679098213712536425e-02 -2.120531644280054528e-01 -1.243394397488113146e-01 5.899417426974568881e-04 2.474782027662048023e-02 4.441100857116123124e-02 3.514142847679056075e-02 1.284443419229106265e-01 2.022544691800748917e-01 -1.983564036523696172e-01 4.855314777937211335e-02 4.479629212129617594e-02 9.840875614652397352e-02 -1.181683953309676793e-01 -3.746602088547187903e-02 1.310298223341268553e-01
3.205882352941176805e+02 -1.571133349308076813e-02 -1.973463381187127302e-02 1.690614781183556736e-02 1.124776477305378386e-01 7.972832997060599891e-02 -1.732343858628735897e-02 4.430175315687491511e-02 -2.707474236974649062e-01 -2.393223449257075516e-02 1.687830755860018905e-01 3.094135665835190396e-01 -3.245819836110810930e-01 1.512450843221638530e-01 1.482639615057105564e-01 2.882268559726816060e-01 2.898148549843410637e-01 2.143941615307065063e-01 1.515673520092294113e-01 2.667187509565336900e-01 -3.788012481075696963e-02 -2.007586014528787710e-01 1.551872476021715630e-01 -2.121134581033449207e-01 -1.695012039037430696e-01 6.851894278838059626e-02 -2.639717234671308532e-02 8.192062753844427114e-02 -2.995907898507348954e-01 2.005136204763371954e-01 2.632180973509020694e-01 4.738586135269859390e-02 4.502366086704492898e-02 -1.252333786810894412e-01 -2.833504773924985232e-01 -2.692355416972510018e-01 1.094769206956141550e-01 -1.058637027367566735e-01 -7.250364388448041209e-02 -1.304024057695939327e-02 6.190888021968102978e-02 3.110577326472591664e-01 -8.398138598162195601e-02 -1.310276405655918519e-01 -9.170666485823165959e-02 2.229809365548342248e-01 2.497971939265640484e-01 -1.574222861149677730e-02 1.072533819565194141e-01 7.366070685018977215e-02 9.418921340831605538e-02 -5.999453050871071669e-02 -2.212940283775555184e-01 1.430689644076879249e-02 -2.162224946312438778e-01 -1.258084910946769552e-01 7.397754559941188690e-02 1.006940158940450997e-01 -2.635303920483160756e-01 -1.349657170497502445e-01 -2.905861646448273938e-01 -2.555254595951657048e-01 -3.722356411779481622e-02 -1.634234900555804060e-01 -2.600279391378498284e-01 3.261650091595075240e-01 -2.436798508462826099e-03 -2.771008793224097322e-01 -6.087592139712137002e-02 -9.065092671031121929e-02 -2.514913635560410698e-01 -2.922459697195873840e-01 4.492321725185512149e-02 1.459674179736775157e-01 2.638368608068760723e-01 8.611383317958706818e-02 9.590858858648237950e-02 -1.090439295303552852e-01 5.745861294838143507e-02 -2.467556423976348667e-01 -1.341901357066501710e-01 1.606879255699660836e-01 -3.525338813094279489e-02 8.580231589517510341e-04 7.830997379385909452e-02 2.247173613085512792e-02 -1.388395750624077732e-02 -1.300438613165263158e-01 -2.415855350330800566e-01 1.937811628100719330e-01 -2.357474696690254473e-02 1.493832353756379197e-02 4.760807726836920051e-02 -4.624806972727454196e-02 1.920027041309249061e-01 -8.433170866762659812e-02 -1.858555415858884063e-01 -1.078939402553594912e-01 5.125115283212279115e-04 2.149771592654637492e-02 3.856431597266345851e-02 3.052492279675838097e-02 1.122840575478440961e-01 1.765637070456343161e-01 -1.723094787256751748e-01 4.235478574008792046e-02 3.880015123379064457e-02 8.520542538275405198e-02 -1.027949235559590113e-01 -3.239685394414042879e-02 1.143213183472864269e-01
3.211764705882353041e+02 -1.353343778214311996e-02 -1.693292451112199046e-02 1.463740583480097057e-02 9.690823878282024684e-02 6.848471553701618308e-02 -1.486740371424756513e-02 3.826373073982239359e-02 -2.371029920467485064e-01 -2.075155455052646661e-02 1.467575025582641968e-01 2.725395700095651907e-01 -2.839745460480620487e-01 1.319164280006605294e-01 1.288454927666763672e-01 2.549072949035052216e-01 2.541004315131124014e-01 1.892602229024747673e-01 1.316174400978219472e-01 2.354186197770872235e-01 -3.292975183235610087e-02 -1.742475970315070788e-01 1.355761283012044405e-01 -1.867593272154049189e-01 -1.494858975344077467e-01 5.929594979842452845e-02 -2.291855218929390176e-02 7.109443064884624075e-02 -2.622808237566289224e-01 1.752837164433878048e-01 2.324284086887369871e-01 4.090971555924761277e-02 3.888859934906506444e-02 -1.091157148146799094e-01 -2.487423323931045871e-01 -2.352611271898029655e-01 9.440297422600205102e-02 -9.180813185034068791e-02 -6.371342708165396440e-02 -1.123173158924706434e-02 5.371487982398438082e-02 2.746370389826909286e-01 -7.308074318066964947e-02 -1.138597246461219153e-01 -7.964831884020789898e-02 1.936604482083492118e-01 2.184895067638007726e-01 -1.351354076409022782e-02 9.313841316949543481e-02 6.367196691388650465e-02 8.179188236482475005e-02 -5.252683029962801342e-02 -1.930681355197319538e-01 1.241732367115837635e-02 -1.885735357140328194e-01 -1.082946136415731953e-01 6.397493131241660524e-02 8.754671390929018304e-02 -2.313671811432552183e-01 -1.172804555715304259e-01 -2.540676509995388743e-01 -2.234040309681085690e-01 -3.229044730132776819e-02 -1.424769576186337705e-01 -2.297451549553839734e-01 2.857615686993368875e-01 -2.161245886607369559e-03 -2.448602855496775643e-01 -5.308201647042505578e-02 -7.933147246896428417e-02 -2.197286859471713205e-01 -2.582978676087162584e-01 3.877655907507167321e-02 1.262049850174851717e-01 2.305396900021637330e-01 7.480171259958054431e-02 8.311574980587338457e-02 -9.453653546482665426e-02 4.988700428906232137e-02 -2.155292519688573605e-01 -1.165717140776439398e-01 1.393823869590719855e-01 -3.056950322245957294e-02 7.457863293329600098e-04 6.824187684266959375e-02 1.951696763095900344e-02 -1.205792658574035732e-02 -1.129076581566991894e-01 -2.110323613650769703e-01 1.685407856743594279e-01 -2.049078868300567915e-02 1.294928985506756634e-02 4.140283331613785894e-02 -4.003931540301581410e-02 1.669339971804457146e-01 -7.339154744319623114e-02 -1.627031580791276077e-01 -9.351705461342579850e-02 4.447356203749465941e-04 1.865312466252841764e-02 3.344915294007515250e-02 2.648461833127509907e-02 9.804265381579756189e-02 1.539574778494174345e-01 -1.495119794598849527e-01 3.690496428707778359e-02 3.356860596626762283e-02 7.369022292660246110e-02 -8.931895820185377366e-02 -2.798203537296492516e-02 9.962796034608739637e-02
3.217647058823529278e+02 -1.164462077268500068e-02 -1.451320051736927109e-02 1.265894671110224037e-02 8.340209286588416704e-02 5.876262948516988022e-02 -1.274571293951640323e-02 3.301197936381308762e-02 -2.073985085070198797e-01 -1.797337597499170173e-02 1.274614818341642530e-01 2.397764187460262597e-01 -2.481600323302206867e-01 1.149261362325714048e-01 1.118435542282064238e-01 2.251699048487807719e-01 2.225277521328960229e-01 1.668740974782571829e-01 1.141643499837461107e-01 2.075446189718777035e-01 -2.859388006144313391e-02 -1.510669675133413659e-01 1.183069178248602332e-01 -1.642418054421756479e-01 -1.316777456941798097e-01 5.125711536330437856e-02 -1.987588742703267145e-02 6.162943047301953220e-02 -2.293511943904076589e-01 1.530516426954925402e-01 2.049960051153837393e-01 3.527952125200425199e-02 3.355224592474077144e-02 -9.496388216326628884e-02 -2.181059430027559864e-01 -2.053370599298449117e-01 8.131472710218855260e-02 -7.952919924345965008e-02 -5.592326391222451204e-02 -9.663402929745299602e-03 4.655291705867153212e-02 2.421921940236198556e-01 -6.352268266202065750e-02 -9.882925839353064179e-02 -6.909734689574181798e-02 1.680053783357431108e-01 1.908848421391032280e-01 -1.158776531446156950e-02 8.078968792167796897e-02 5.497651922214429054e-02 7.094609965417247865e-02 -4.593534667266211541e-02 -1.682493413462693155e-01 1.076516494727001311e-02 -1.642718168732856254e-01 -9.311657450081274601e-02 5.526314614097811717e-02 7.602972137467112201e-02 -2.028918859478339998e-01 -1.017972485560684759e-01 -2.218820951099465533e-01 -1.950950910967486629e-01 -2.797957497568666352e-02 -1.240731418244830075e-01 -2.027470340195303700e-01 2.500722250722071105e-01 -1.914540143725125499e-03 -2.161127561429287691e-01 -4.623299314562991785e-02 -6.934509852229055193e-02 -1.917564691447242731e-01 -2.280207550167748787e-01 3.343386012136691232e-02 1.089966840036276502e-01 2.012126824600901087e-01 6.490213395044028277e-02 7.194848817581533940e-02 -8.186716680196830243e-02 4.326426018983711708e-02 -1.880378976264380220e-01 -1.011519972169853676e-01 1.207657018853431907e-01 -2.647813909990378092e-02 6.474968041109000535e-04 5.940028925119984066e-02 1.693156491090273136e-02 -1.046022669011980807e-02 -9.791889659990891948e-02 -1.841310723081612810e-01 1.464216352691903866e-01 -1.779008913140914250e-02 1.121249155485584507e-02 3.596552714211093821e-02 -3.462531832545553967e-02 1.449738241877449596e-01 -6.379799343711861637e-02 -1.422698587554350469e-01 -8.096491341158167099e-02 3.854877790610112360e-04 1.616670206965911682e-02 2.897982554703159436e-02 2.295321379692488034e-02 8.550914719451130352e-02 1.340920034567570085e-01 -1.295845883740701365e-01 3.211966382781094448e-02 2.901004255805874135e-02 6.366023524149522217e-02 -7.752181960922727155e-02 -2.414201875223108765e-02 8.672391845096309726e-02
3.223529411764706083e+02 -1.000855139816714603e-02 -1.242593935711974393e-02 1.093582602229311099e-02 7.170038547258839046e-02 5.036650975118783791e-02 -1.091509662125539522e-02 2.844986528319824737e-02 -1.812077537818460315e-01 -1.554987463604408544e-02 1.105786900970727460e-01 2.107059366325980398e-01 -2.166149025818892848e-01 1.000109759880842691e-01 9.697669729705929442e-02 1.986668628503459877e-01 1.946541434917222479e-01 1.469631446602860658e-01 9.891529645599828058e-02 1.827562683387761178e-01 -2.480115462179583938e-02 -1.308244419709755357e-01 1.031201198143452957e-01 -1.442710383613719505e-01 -1.158553218162982901e-01 4.425930647602977636e-02 -1.721797381455865417e-02 5.336513044600145472e-02 -2.003265517350331926e-01 1.334872507660630758e-01 1.805888980940437150e-01 3.039092999131123851e-02 2.891646723867958430e-02 -8.255439417118604073e-02 -1.910222779940528304e-01 -1.790154572645326625e-01 6.996481550225344681e-02 -6.881609696205870375e-02 -4.902878842435937773e-02 -8.305049804108880288e-03 4.030105396531435263e-02 2.133294619544845172e-01 -5.515276257504648366e-02 -8.568715763347113656e-02 -5.987723883738867159e-02 1.455864917929059199e-01 1.665776701340423438e-01 -9.925772329325212306e-03 7.000013410116674717e-02 4.741648439271558407e-02 6.146993063000405488e-02 -4.012506346371805949e-02 -1.464551440228185897e-01 9.322450291840525191e-03 -1.429402214653995029e-01 -7.997916469330802747e-02 4.768522128444584174e-02 6.595396487617424808e-02 -1.777158491884601732e-01 -8.825945527535215829e-02 -1.935531475506989396e-01 -1.701793401452040833e-01 -2.421729815301707292e-02 -1.079246239938055213e-01 -1.787109650140853989e-01 2.185893231208895227e-01 -1.693976127936129604e-03 -1.905157110608294291e-01 -4.022221349977637278e-02 -6.054658697787123484e-02 -1.671550539022377269e-01 -2.010554949607485098e-01 2.879579965104545058e-02 9.403137927530484663e-02 1.754167462471894479e-01 5.624990812409227936e-02 6.221270812907414571e-02 -7.081712665739629819e-02 3.747893956879961436e-02 -1.638668962239633875e-01 -8.767404114069819732e-02 1.045194131014789835e-01 -2.290892317259396807e-02 5.615329429450587355e-04 5.164597593855893565e-02 1.467227616524027951e-02 -9.064111791704994661e-03 -8.482537191101204022e-02 -1.604765734060471516e-01 1.270629347439390100e-01 -1.542808380859782454e-02 9.697883557601875287e-03 3.120731068047076159e-02 -2.991035512469545493e-02 1.257616869531124337e-01 -5.539625815493354200e-02 -1.242604508685894033e-01 -7.001993986935246828e-02 3.337615641857103214e-04 1.399614463810248087e-02 2.507980415006109270e-02 1.987057842990525014e-02 7.449331232928706192e-02 1.166579486277541933e-01 -1.121883699968593134e-01 2.792336243627429812e-02 2.504293087573736948e-02 5.493497214514309057e-02 -6.720772388304040168e-02 -2.080617388096995049e-02 7.540615640335818215e-02
3.229411764705882320e+02 -8.593146084694028991e-03 -1.062763128097943439e-02 9.436972032832103424e-03 6.157448243583640152e-02 4.312429217343800164e-02 -9.337527601994312018e-03 2.449174478081053360e-02 -1.581455817543660214e-01 -1.343843932331909886e-02 9.582620246670446595e-02 1.849469217664646004e-01 -1.888667376021000155e-01 8.693446997902318230e-02 8.399337503118928239e-02 1.750790573330215094e-01 1.700788891699514804e-01 1.292779680971463674e-01 8.560887692295678086e-02 1.607421886846750470e-01 -2.148777296331309469e-02 -1.131700326538436496e-01 8.978206647670051999e-02 -1.265829691468300378e-01 -1.018163868049114795e-01 3.817533371139330417e-02 -1.489910678218554253e-02 4.615835778154838559e-02 -1.747775523325940661e-01 1.162929860292536144e-01 1.589032631986729005e-01 2.615151416640804777e-02 2.489428607883041253e-02 -7.168677526818370560e-02 -1.671113210341765853e-01 -1.558928935688277950e-01 6.013448315253268339e-02 -5.948095503891651092e-02 -4.293520405081293484e-02 -7.130001378288529368e-03 3.485054920658986477e-02 1.876885813020574278e-01 -4.783268999261389848e-02 -7.421082296859408955e-02 -5.183036963216525878e-02 1.260204801017793808e-01 1.452021933090522077e-01 -8.493162222842746273e-03 6.058486863840075592e-02 4.085178817669751078e-02 5.320094055859133503e-02 -3.501015056753002674e-02 -1.273417832378551384e-01 8.064225649394633072e-03 -1.242400061762359981e-01 -6.862192741242509331e-02 4.110180495882391483e-02 5.715035085562345657e-02 -1.554865449130794774e-01 -7.643772910914078955e-02 -1.686513733572124474e-01 -1.482787985401330944e-01 -2.093795637607846066e-02 -9.377335940712099027e-02 -1.573414298002674960e-01 1.908538259167190942e-01 -1.497060321918853481e-03 -1.677552790553150097e-01 -3.495391516134339210e-02 -5.280484672866080781e-02 -1.455465075124241503e-01 -1.770729361042317762e-01 2.477442568058932024e-02 8.103293065585828736e-02 1.527563843849161496e-01 4.869749011276267026e-02 5.373560255556869558e-02 -6.119159893678263740e-02 3.243157000049529809e-02 -1.426429491683326445e-01 -7.590832081782916685e-02 9.035963225169345303e-02 -1.979914920679895843e-02 4.864450282402099841e-04 4.485401166975621495e-02 1.270047702754335990e-02 -7.845698534643869015e-03 -7.340196662935767613e-02 -1.397041477455288061e-01 1.101418643355433907e-01 -1.336493292648299573e-02 8.378706078709580174e-03 2.704869601378784641e-02 -2.580931702213432391e-02 1.089751790627280087e-01 -4.804772271594793392e-02 -1.084083261212802074e-01 -6.048837924889159667e-02 2.886592919766205363e-04 1.210372550520041370e-02 2.168087193253003669e-02 1.718308911346629747e-02 6.482398844104092506e-02 1.013775308957098331e-01 -9.702104486718116094e-02 2.424831120274155080e-02 2.159484798209815662e-02 4.735418377013047436e-02 -5.820172480055264830e-02 -1.791190138061071052e-02 6.549249238093178549e-02
3.235294117647058556e+02 -7.370121211370646991e-03 -9.080113552696479629e-03 8.134806107479930840e-03 5.282276803581355262e-02 3.688484253568892479e-02 -7.979642029812864315e-03 2.106184855774927145e-02 -1.378646740463490006e-01 -1.160117315600075333e-02 8.295143728985340803e-02 1.621526451758114051e-01 -1.644901036515890314e-01 7.548459288018348479e-02 7.266919234880708789e-02 1.541144068801905409e-01 1.484400107108202194e-01 1.135909562851104976e-01 7.401214187758098362e-02 1.412182548082795142e-01 -1.859679285910591229e-02 -9.779205994235977417e-02 7.808276687120273285e-02 -1.109375638529973840e-01 -8.937664329122095574e-02 3.289237857199515946e-02 -1.287856675115719302e-02 3.988163073296110972e-02 -1.523171906297496603e-01 1.012012073697446529e-01 1.396616850158998724e-01 2.247955031663289444e-02 2.140875024632448234e-02 -6.218154013866892399e-02 -1.460291589969399950e-01 -1.356067121291535393e-01 5.163060952944935333e-02 -5.135665402680184011e-02 -3.755659063855407848e-02 -6.114748120604985779e-03 3.010460922805488493e-02 1.649406723505538463e-01 -4.143886859953532786e-02 -6.420169748976067847e-02 -4.481624148710817990e-02 1.089656912271427108e-01 1.264291225279938480e-01 -7.259744902857224146e-03 5.237912769750747294e-02 3.515837531489346413e-02 4.599437513478404210e-02 -3.051323432050581652e-02 -1.106009199885665817e-01 6.968268971781882946e-03 -1.078674903748782499e-01 -5.881545981832737163e-02 3.538940678587970678e-02 4.946793959191303491e-02 -1.358848878469045007e-01 -6.612749634308222324e-02 -1.467904107394601421e-01 -1.290534152089378717e-01 -1.808311930207000262e-02 -8.138812420260591041e-02 -1.383683530565499586e-01 1.664515129946574634e-01 -1.321499908172290043e-03 -1.475445559114059446e-01 -3.034226973201769803e-02 -4.600177936122729766e-02 -1.265911490917265292e-01 -1.557721073460278383e-01 2.129199039717892539e-02 6.975669609298279505e-02 1.328760775923204518e-01 4.211334104402143091e-02 4.636359913760743079e-02 -5.281735925207908799e-02 2.803352774893562438e-02 -1.240306776116088527e-01 -6.565018903335932687e-02 7.803375661610983949e-02 -1.709304523053047781e-02 4.209394810465597937e-04 3.891252701885904164e-02 1.098174010199326305e-02 -6.783699858359867364e-03 -6.344811374863335018e-02 -1.214860860496843192e-01 9.537012034088659940e-02 -1.156508837420696517e-02 7.231169192790276763e-03 2.341870322612491645e-02 -2.224667000230913863e-02 9.432650677785532622e-02 -4.162848530261600150e-02 -9.447318336751310552e-02 -5.219800678920575449e-02 2.493817709819250747e-04 1.045586082198230599e-02 1.872233477353237030e-02 1.484301519360675670e-02 5.634747345144331537e-02 8.800178190305053827e-02 -8.381352635865270406e-02 2.103385161269263892e-02 1.860157687965399015e-02 4.077584593961732645e-02 -5.034778883672818423e-02 -1.540381771948742991e-02 5.681977376597619617e-02
3.241176470588235361e+02 -6.314585119465732609e-03 -7.749967653476440461e-03 7.004893613453442441e-03 4.526775340038363682e-02 3.151562946531916154e-02 -6.812215504488837794e-03 1.809325949849368079e-02 -1.200524467757708852e-01 -1.000443268181283769e-02 7.172932234705653443e-02 1.420084027210237465e-01 -1.431026396197219996e-01 6.547160432986076639e-02 6.280434056338415894e-02 1.355061683413027462e-01 1.294111787604403374e-01 9.969483220667682555e-02 6.391787621953644305e-02 1.239257824738373981e-01 -1.607748861464107157e-02 -8.441346139111383096e-02 6.783387280362812577e-02 -9.711709402176081640e-02 -7.836850312943058339e-02 2.831054644361622949e-02 -1.112014122066785730e-02 3.442164386538992815e-02 -1.325973213810554829e-01 8.797164604722064463e-02 1.226114260825477004e-01 1.930290350323520671e-02 1.839189453241913200e-02 -5.387829899323026001e-02 -1.274651945454068069e-01 -1.178315399703677713e-01 4.428299683283597188e-02 -4.429480083090379244e-02 -3.281523441242591849e-02 -5.238602057992773967e-03 2.597723145489343535e-02 1.447861667798079899e-01 -3.586104178118611902e-02 -5.548299477439461863e-02 -3.870985158000914833e-02 9.411814974871701711e-02 1.099626116881529392e-01 -6.199067926349626292e-03 4.523634509735437875e-02 3.022656910098341088e-02 3.972147092145647540e-02 -2.656470271842807998e-02 -9.595651650775846586e-02 6.014826957016080992e-03 -9.355094521849728617e-02 -5.035804990167313394e-02 3.043878358165929762e-02 4.277224480918592753e-02 -1.186226607861059906e-01 -5.714661652729961100e-02 -1.276233289758067213e-01 -1.121978643947510318e-01 -1.560088408340818897e-02 -7.056212222405243428e-02 -1.215454611402906199e-01 1.450093518132264392e-01 -1.165191582627309128e-03 -1.296218721935373241e-01 -2.631049852727386854e-02 -4.003120173670089710e-02 -1.099842721933047690e-01 -1.368784165687473575e-01 1.827988478894175539e-02 5.998631739214210778e-02 1.154568622200483063e-01 3.638040593508035103e-02 3.996046258589192740e-02 -4.554065734670303955e-02 2.420599800526284165e-02 -1.077293542784696634e-01 -5.671751299214420478e-02 6.731742476290865362e-02 -1.474109567874422148e-02 3.638641659746340859e-04 3.372153313131118907e-02 9.485434600417341766e-03 -5.859177280101072680e-03 -5.478544487455103834e-02 -1.055285040836770466e-01 8.249069733619761313e-02 -9.996889168776768725e-03 6.234160987476413882e-03 2.025406730964674634e-02 -1.915549627870936564e-02 8.155924725435773071e-02 -3.602800469850155757e-02 -8.223886077628066171e-02 -4.499600903132831148e-02 2.152187807970839552e-04 9.022709157692888546e-03 1.615028826801916118e-02 1.280794719656989933e-02 4.892600916165253111e-02 7.630798862453504194e-02 -7.232670662922273397e-02 1.822577605356885330e-02 1.600627641627604819e-02 3.507430785905294585e-02 -4.350700572583666992e-02 -1.323300816546021247e-02 4.924216531274491077e-02
3.247058823529411598e+02 -5.404667652662589056e-03 -6.607976637098673944e-03 6.025622883285972585e-03 3.875344845511396324e-02 2.690062302121999649e-02 -5.809690513003556468e-03 1.552697851425178383e-02 -1.044281244848948437e-01 -8.618402728120208925e-03 6.195965887872065259e-02 1.242291563227087697e-01 -1.243613557664522140e-01 5.672602306659515342e-02 5.422122311879568751e-02 1.190112802396597891e-01 1.126987842444970300e-01 8.740124628713824562e-02 5.514208492530332101e-02 1.086297539286787406e-01 -1.388475381327368419e-02 -7.278838292268478838e-02 5.886676838885736979e-02 -8.492447017931771536e-02 -6.863989973380844878e-02 2.434153816703624532e-02 -9.591683394305671601e-03 2.967787039812872646e-02 -1.153053624325370563e-01 7.638902101420751156e-02 1.075227203546926663e-01 1.655801011615095839e-02 1.578379304310565182e-02 -4.663398918013218070e-02 -1.111394737876075373e-01 -1.022760057997787186e-01 3.794189958389830586e-02 -3.816386128208845013e-02 -2.864098666570906795e-02 -4.483388212834941121e-03 2.239213569956966660e-02 1.269527780713071152e-01 -3.100103196888502263e-02 -4.789759368380347437e-02 -3.340018105402113580e-02 8.120789145358432715e-02 9.553737363004301264e-02 -5.287991127050235482e-03 3.902637402546871997e-02 2.595956988668331883e-02 3.426789281964156414e-02 -2.310204830951993055e-02 -8.316191008157398923e-02 5.186371867743982088e-03 -8.104768363018712007e-02 -4.307262613957033026e-02 2.615346179928594583e-02 3.694365575074951002e-02 -1.034400441665472570e-01 -4.933321278919822889e-02 -1.108391987646429461e-01 -9.743851774944464750e-02 -1.344522781324545072e-02 -6.111074587888468135e-02 -1.066486732119905911e-01 1.261920603119809636e-01 -1.026210322337524567e-03 -1.137490892282271293e-01 -2.279004528875527152e-02 -3.479782777872986177e-02 -9.545306204899647873e-02 -1.201418925210907956e-01 1.567766615384669909e-02 5.153077765479917305e-02 1.002131176179614086e-01 3.139470461211937846e-02 3.440554894315074608e-02 -3.922526745124902542e-02 2.087901403883549861e-02 -9.346983501654612669e-02 -4.894848716964178559e-02 5.801171097953662648e-02 -1.269941678710058940e-02 3.141947655637405013e-04 2.919182459413718553e-02 8.184356696891145755e-03 -5.055311859970636201e-03 -4.725561459057340402e-02 -9.156834340948152851e-02 7.127490750744304437e-02 -8.632187062893590876e-03 5.368978966325019947e-03 1.749850138522730456e-02 -1.647661379474165202e-02 7.044533921929112263e-02 -3.114783934538627522e-02 -7.151128916114546374e-02 -3.874703262320970676e-02 1.855402812400204645e-04 7.777801325072151474e-03 1.391694274749744747e-02 1.104027071858042566e-02 4.243635952886878893e-02 6.609729038022876813e-02 -6.234849329185902789e-02 1.577573104987700300e-02 1.375872116559824672e-02 3.013859499960817520e-02 -3.755593079196618139e-02 -1.135634471097084902e-02 4.262955173925219582e-02
3.252941176470588402e+02 -4.621184262041680424e-03 -5.628636689925355790e-03 5.177911265176562451e-03 3.314297860491976361e-02 2.293839919487115561e-02 -4.949751310389289422e-03 1.331107311005790862e-02 -9.073997670724817666e-02 -7.416705959121803679e-03 5.346468437602165669e-02 1.085572540587881885e-01 -1.079591496328056455e-01 4.909673676397189462e-02 4.676226088163672884e-02 1.044087247138396207e-01 9.803916011675371800e-02 7.653939764358805298e-02 4.752167314996379871e-02 9.511709253364039607e-02 -1.197854834585098012e-02 -6.269903953962893683e-02 5.103077954463442617e-02 -7.418164431985814489e-02 -6.005312981396820210e-02 2.090743536466561220e-02 -8.264704593105820854e-03 2.556127381233808463e-02 -1.001611871901100653e-01 6.626079441093936373e-02 9.418712252009484032e-02 1.418895120056204787e-02 1.353169536278902262e-02 -4.032123158294306786e-02 -9.680015723981197362e-02 -8.867967062580858761e-02 3.247578085965564798e-02 -3.284744448169019809e-02 -2.497065097711564929e-02 -3.833165092936270581e-03 1.928178167209418717e-02 1.111935332372668284e-01 -2.677157161357640938e-02 -4.130609415640180276e-02 -2.878880180693649260e-02 6.999556925004525587e-02 8.291596316270383182e-02 -4.506303536786951391e-03 3.363384778213787674e-02 2.227208536769336583e-02 2.953229287298035632e-02 -2.006924828046444814e-02 -7.199708913095030638e-02 4.467377562299932985e-03 -7.014134731503607334e-02 -3.680399609178829079e-02 2.244838621445773355e-02 3.187597795458047695e-02 -9.010327495105660556e-02 -4.254366776081762447e-02 -9.615987426447439312e-02 -8.453061060928737658e-02 -1.157541066766988938e-02 -5.286949150872170822e-02 -9.347452345204169954e-02 1.096988542970535191e-01 -9.027981090082162026e-04 -9.970994280822911837e-02 -1.971980630241135235e-02 -3.021630995623153168e-02 -8.275370360235928535e-02 -1.053354466610774975e-01 1.343217357718688547e-02 4.422171303004541337e-02 8.688954579121607735e-02 2.706403160619364270e-02 2.959220256947635991e-02 -3.375069623481282560e-02 1.799057064709676246e-02 -8.101167890660804227e-02 -4.219961404490299439e-02 4.994054273908353492e-02 -1.092918246662121819e-02 2.710221940277712750e-04 2.524395883022659617e-02 7.054387590879859435e-03 -4.357192795498706153e-03 -4.071829602023255973e-02 -7.937057624516050125e-02 6.151961617377161434e-02 -7.446000715321170714e-03 4.619083235192549854e-03 1.510201453572219445e-02 -1.415777033360656433e-02 6.078230139786330866e-02 -2.690047707936260579e-02 -6.211655967887363267e-02 -3.333139390519980483e-02 1.597883251940150357e-04 6.697699502741252808e-03 1.198000213021233051e-02 9.506680797651432743e-03 3.676848091848259475e-02 5.719244457285968530e-02 -5.369107934622491946e-02 1.364066154880761925e-02 1.181460497096737707e-02 2.587085807007047378e-02 -3.238505393588723275e-02 -9.735863937859516593e-03 3.686605040435179947e-02
3.258823529411764639e+02 -3.947333364743328341e-03 -4.789719912209743080e-03 4.444937482756337009e-03 2.831643634496904677e-02 1.954044168734755255e-02 -4.212943141541378687e-03 1.139990659005525077e-02 -7.876274012627641763e-02 -6.376046223624064375e-03 4.608683428266455856e-02 9.476026531499691374e-02 -9.362156474273279627e-02 4.244925378290682200e-02 4.028787939007601876e-02 9.149795206030172934e-02 8.519597902833603298e-02 6.695471955645466988e-02 4.091232178609652270e-02 8.319501154913346019e-02 -1.032339179923313227e-02 -5.395284201774393912e-02 4.419151148114396077e-02 -6.472808993775171216e-02 -5.248375131814300015e-02 1.793959472851230225e-02 -7.114001846333995079e-03 2.199313042621539940e-02 -8.691422466829337723e-02 5.741508693913938838e-02 8.241591949296878106e-02 1.214661348426970648e-02 1.158924379732645046e-02 -3.482681336057039112e-02 -8.422112685115819286e-02 -7.681016719456761066e-02 2.776928602304472651e-02 -2.824273491200252756e-02 -2.174740511445899874e-02 -3.273972667557314541e-03 1.658646959793457290e-02 9.728487864616112979e-02 -2.309522709615476413e-02 -3.558503322309708450e-02 -2.478859906227658116e-02 6.026934878620961861e-02 7.188625055031616640e-02 -3.836380220900644043e-03 2.895667781383426051e-02 1.908908717734176044e-02 2.542499005770135906e-02 -1.741618593271905199e-02 -6.226616658476230581e-02 3.844114551573509127e-03 -6.063939726150691101e-02 -3.141636082310116790e-02 1.924869362178936033e-02 2.747509296058566614e-02 -7.840243566690421884e-02 -3.665078539933721430e-02 -8.333699147046197409e-02 -7.325559989287611096e-02 -9.955431969781920395e-03 -4.569203338213705806e-02 -8.183865165351605908e-02 9.526040770352409148e-02 -7.933530054048138630e-04 -8.730843818272369938e-02 -1.704541785819159438e-02 -2.621034506272523074e-02 -7.166870076080170127e-02 -9.225321273977106495e-02 1.149672721483193868e-02 3.791097326579870308e-02 7.525837446644334516e-02 2.330676437930516431e-02 2.542629365371304809e-02 -2.901054711637586492e-02 1.548581340819571786e-02 -7.014048168878929401e-02 -3.634385297677748122e-02 4.294834222397420076e-02 -9.396099874318775136e-03 2.335410321188737556e-04 2.180731417512202577e-02 6.074180738823140024e-03 -3.751623812016037247e-03 -3.504934452177880383e-02 -6.872559810637325628e-02 5.304470310089076657e-02 -6.416197837197286542e-03 3.969871277126799623e-03 1.302028589821735416e-02 -1.215290921315269855e-02 5.239067756685162475e-02 -2.320825934202179128e-02 -5.389912106812544401e-02 -2.864344381442161802e-02 1.374696511434294938e-04 5.761685686950327248e-03 1.030209620612722657e-02 8.177739343682701931e-03 3.182428908139673523e-02 4.943576090803155493e-02 -4.618844814201696070e-02 1.178229913041703610e-02 1.013490924180939466e-02 2.218496467279177167e-02 -2.789739511953983134e-02 -8.338203568609498656e-03 3.184863917849813791e-02
3.264705882352941444e+02 -3.368422448692545181e-03 -4.071881863638616636e-03 3.811896970424505458e-03 2.416893623601174684e-02 1.662961222341821643e-02 -3.582330278137231885e-03 9.753436079991814264e-03 -6.829518331259365471e-02 -5.475881308791108286e-03 3.968667433195495475e-02 8.262890165379070673e-02 -8.110374425150952693e-02 3.666407577225054559e-02 3.467465175448447567e-02 8.009734077087991844e-02 7.395779034684034359e-02 5.850760176613988006e-02 3.518653196400211430e-02 7.268941263552491927e-02 -8.887895034611167921e-03 -4.637975512773377662e-02 3.822929365062728568e-02 -5.641934459034592814e-02 -4.581951663297679361e-02 1.537763865966608988e-02 -6.117314637639346270e-03 1.890394602976797414e-02 -7.534073164822334412e-02 4.969872322648531682e-02 7.203858757841098692e-02 1.038792777099865200e-02 9.915761239138195723e-03 -3.005027918752757599e-02 -7.319972549222111824e-02 -6.646052937432310459e-02 2.372140542555652501e-02 -2.425905356910029384e-02 -1.892025067242902175e-02 -2.793604494354051497e-03 1.425351468071680595e-02 8.502484463852245933e-02 -1.990340350389541504e-02 -3.062524033917303490e-02 -2.132259564234959687e-02 5.184204828465308057e-02 6.225904758842085857e-02 -3.262873940715743052e-03 2.490467119127966894e-02 1.634467748139697627e-02 2.186675535629608105e-02 -1.509810589222708270e-02 -5.379502782741742845e-02 3.304461557283309200e-03 -5.237077834343643878e-02 -2.679106933538680929e-02 1.648859389621717617e-02 2.365772106041382286e-02 -6.814936185652975542e-02 -3.154209575292520745e-02 -7.214916315499229904e-02 -6.341868937403112583e-02 -8.553528746917770167e-03 -3.944843158395641008e-02 -7.157432931736851245e-02 8.263598485880353783e-02 -6.964182017825616602e-04 -7.636729351989988979e-02 -1.471859351413819933e-02 -2.271183388339523268e-02 -6.200436437581412219e-02 -8.070892541173434187e-02 9.830400803687196210e-03 3.246839671776018815e-02 6.511673465246549386e-02 2.005076534334571114e-02 2.182487901330453992e-02 -2.491102050911665755e-02 1.331629173902594554e-02 -6.066538086043456179e-02 -3.126891500919400796e-02 3.689785983136404518e-02 -8.069928294280482445e-03 2.010388724546328530e-04 1.881921428250612344e-02 5.224873720199039832e-03 -3.226944850361862342e-03 -3.013910812695752908e-02 -5.944679676185225803e-02 4.569071580528689253e-02 -5.523202148081722725e-03 3.408471503845166267e-03 1.121408491438736360e-02 -1.042149875418641423e-02 4.511167670279440933e-02 -2.000238451314820601e-02 -4.672008339289573930e-02 -2.459007022855506236e-02 1.181488868604774249e-04 4.951475331333773239e-03 8.850259842420268169e-03 7.027467385992944987e-03 2.751650707658175390e-02 4.268717823506108094e-02 -3.969407930041375654e-02 1.016668647665365868e-02 8.685325262574757760e-03 1.900521381345070607e-02 -2.400720990876921770e-02 -7.134090014576862336e-03 2.748588149604834843e-02
3.270588235294117680e+02 -2.871623299348936929e-03 -3.458312862111773307e-03 3.265781121280221695e-03 2.060887550769021498e-02 1.413879057964968419e-02 -3.043192091235730461e-03 8.336583064282008376e-03 -5.915786790114788835e-02 -4.698127123888888590e-03 3.414102175034069292e-02 7.197507189975069219e-02 -7.018762508328231509e-02 3.163520934124773587e-02 2.981361313909560926e-02 7.004273874739674888e-02 6.413574642937293346e-02 5.107219052551558586e-02 3.023185109933735487e-02 6.344338204910142387e-02 -7.644335346699430815e-03 -3.982990433837733935e-02 3.303775372952427042e-02 -4.912565019951681267e-02 -3.995937471451400935e-02 1.316854562578974146e-02 -5.255013949955265710e-03 1.623247537003655663e-02 -6.524127736215550033e-02 4.297543842219638671e-02 6.290134255526586005e-02 8.875184187429715349e-03 8.475611850613889303e-03 -2.590264686027231311e-02 -6.355465582390243395e-02 -5.744673983370363057e-02 2.024382879746672997e-02 -2.081655663781275048e-02 -1.644350106239972006e-02 -2.381404005111437041e-03 1.223649928678820047e-02 7.423132123073221400e-02 -1.713543842927556238e-02 -2.633034395718759912e-02 -1.832288526377267440e-02 4.454854419766274276e-02 5.386592696356600624e-02 -2.772440989943511427e-03 2.139827642050056572e-02 1.398107083912618689e-02 1.878770950575973583e-02 -1.307511204360822452e-02 -4.642917911596331632e-02 2.837734822167382095e-03 -4.518378444361124957e-02 -2.282461320160706145e-02 1.411036284166960163e-02 2.035029662628610667e-02 -5.917569794725674459e-02 -2.711831615483080785e-02 -6.239939650354776185e-02 -5.484655681600038302e-02 -7.341723817949129087e-03 -3.402349623936796325e-02 -6.253107201130554682e-02 7.161079322299304661e-02 -6.106716345504728440e-04 -6.672647074072902973e-02 -1.269651900246045705e-02 -1.966010760915628403e-02 -5.358850991448316226e-02 -7.053438554589874787e-02 8.397369146609460697e-03 2.777980941153964170e-02 5.628425546355699666e-02 1.723238576037428027e-02 1.871499174335971780e-02 -2.136955754403134858e-02 1.143928246833940919e-02 -5.241676806393058552e-02 -2.687571474870073182e-02 3.166821386900554175e-02 -6.924044101873979597e-03 1.728866287427914441e-04 1.622413012765329746e-02 4.489826818167092816e-03 -2.772870334638359319e-03 -2.589089676868712789e-02 -5.136832202809493708e-02 3.931673564274494603e-02 -4.749727170904459450e-03 2.923556616186991086e-03 9.648745890860416924e-03 -8.927926836367668789e-03 3.880502956176073992e-02 -1.722200122396641553e-02 -4.045565582243749320e-02 -2.108934447730049372e-02 1.014423859545683356e-04 4.250958143281436188e-03 7.595461194567241191e-03 6.032976534979297631e-03 2.376761033455885089e-02 3.682250882424435712e-02 -3.407887283525143363e-02 8.763742762460934380e-03 7.435733994212923720e-03 1.626517959600666877e-02 -2.063881442225779309e-02 -6.097877992481058086e-03 2.369676254321069486e-02
3.276470588235293917e+02 -2.445752030647391998e-03 -2.934426848419863405e-03 2.795177113205033707e-03 1.755637110964363215e-02 1.200965821709194283e-02 -2.582751770425913921e-03 7.118664173309830270e-03 -5.119106189483062230e-02 -4.026888411601295750e-03 2.934122520955825125e-02 6.263004222778731367e-02 -6.067933651917648691e-02 2.726879506689805499e-02 2.560871962002324656e-02 6.118606499397592074e-02 5.556147836509064269e-02 4.453524364497420118e-02 2.594925490359911366e-02 5.531575647972913901e-02 -6.568266963212335101e-03 -3.417139404073558928e-02 2.852249776270682560e-02 -4.273066630801015953e-02 -3.481252096275835872e-02 1.126582557948354810e-02 -4.509818621759999896e-03 1.392482776108099063e-02 -5.643840472452432006e-02 3.712421413414316446e-02 5.486575492443070134e-02 7.575415641451597841e-03 7.237623535123150105e-03 -2.230522452391185684e-02 -5.512401340467655564e-02 -4.960545876056777354e-02 1.725946436657784661e-02 -1.784505103556519381e-02 -1.427630092846735206e-02 -2.028081458058272456e-03 1.049459197423733767e-02 6.474040977344190650e-02 -1.473777127156289911e-02 -2.261540648688526584e-02 -1.572965853914751883e-02 3.824340309657168341e-02 4.655719684107365031e-02 -2.353496367063546719e-03 1.836743944200824527e-02 1.194767231872987875e-02 1.612631719140757841e-02 -1.131170094586861699e-02 -4.003176247409459543e-02 2.434532478119506328e-03 -3.894409100140229507e-02 -1.942682712114366175e-02 1.206343086662603481e-02 1.748793880018511063e-02 -5.133107595546384377e-02 -2.329194466508813233e-02 -5.391270028877245130e-02 -4.738524602179883249e-02 -6.295412715007912483e-03 -2.931528036996508893e-02 -5.457331097552654831e-02 6.199351725303275940e-02 -5.349158709416394026e-04 -5.824177021402639903e-02 -1.094129382846494719e-02 -1.700120885804788304e-02 -4.626832560362934693e-02 -6.157799546241428390e-02 7.166319669320131425e-03 2.374521421347839875e-02 4.860083779568510204e-02 1.479555576252679187e-02 1.603254129167666978e-02 -1.831360627810218328e-02 9.817172082122269799e-03 -4.524417374509802359e-02 -2.307695687497578196e-02 2.715310582179747412e-02 -5.935044768490699459e-03 1.485296763783602490e-04 1.397294489709495317e-02 3.854384376340531417e-03 -2.380341556481187747e-03 -2.221958385473162684e-02 -4.434302097977400187e-02 3.379842370532769313e-02 -4.080532748511445096e-03 2.505173850818491477e-03 8.293685283920847195e-03 -7.640952385748214955e-03 3.334702617975945221e-02 -1.481337633479108164e-02 -3.499569290235040459e-02 -1.806928994018307602e-02 8.701261502570069610e-05 3.645961857367859514e-03 6.512172768123753071e-03 5.174132976401307586e-03 2.050885134751460545e-02 3.173181952762747088e-02 -2.922925644240557952e-02 7.546865035085430044e-03 6.359735386895020402e-03 1.390666380644020768e-02 -1.772551102343076362e-02 -5.207134856870768332e-03 2.040961839563588259e-02
3.282352941176470722e+02 -2.081072547916842756e-03 -2.487585219113333003e-03 2.390087342791787518e-03 1.494186163314759758e-02 1.019161607325263542e-02 -2.189935389266399121e-03 6.072880544186098212e-03 -4.425281343029915243e-02 -3.448215328199420466e-03 2.519160174237956504e-02 5.444271259827279663e-02 -5.240680247129535924e-02 2.348185219282670350e-02 2.197544821396968384e-02 5.339398427640967143e-02 4.808512988362187435e-02 3.879505219261711324e-02 2.225167923702733169e-02 4.817977311640279231e-02 -5.638167722575655912e-03 -2.928833055649614908e-02 2.459989901493792736e-02 -3.713026762162779243e-02 -3.029750506793081610e-02 9.628776870270578173e-03 -3.866538080416049347e-03 1.193365748517500116e-02 -4.877447375224175374e-02 3.203775063264976963e-02 4.780744423498757556e-02 6.459843801012230338e-03 6.174569414352190991e-03 -1.918853299131725171e-02 -4.776346070833689672e-02 -4.279193907380140355e-02 1.470111258390914902e-02 -1.528292275906702018e-02 -1.238217854741356823e-02 -1.725550482248408481e-03 8.991930325932399534e-03 5.640487114453682921e-02 -1.266318667007690357e-02 -1.940568514071660394e-02 -1.349031957244149760e-02 3.279873283896757308e-02 4.020003745030147763e-02 -1.995996316017367104e-03 1.575056556913055628e-02 1.020024934920537099e-02 1.382847539118574332e-02 -9.776330882502974953e-03 -3.448173896652129145e-02 2.086593527589845377e-03 -3.353295595911695570e-02 -1.651928311311441980e-02 1.030356319333841121e-02 1.501351684481261328e-02 -4.448142452833067639e-02 -1.998598296658310805e-02 -4.653388468056435939e-02 -4.089822884295035016e-02 -5.392990710125834287e-03 -2.523370238781639033e-02 -4.757913979230671275e-02 5.361403907596196811e-02 -4.680684415448412494e-04 -5.078350174907781539e-02 -9.419422297592636509e-03 -1.468722912131043522e-02 -3.990841535443630239e-02 -5.370337211558719875e-02 6.109924457879681303e-03 2.027716181044474791e-02 4.192460931634316851e-02 1.269095946294590549e-02 1.372131946091631645e-02 -1.567950705267507835e-02 8.416897305922155237e-03 -3.901432633120379551e-02 -1.979585362220159794e-02 2.325920478637302086e-02 -5.082390781294253250e-03 1.274798097479341277e-04 1.202228346545225132e-02 3.305658346314276248e-03 -2.041392724654084515e-03 -1.905034087189366038e-02 -3.824054463957443639e-02 2.902624275187483047e-02 -3.502203892215825266e-03 2.144591627255623689e-03 7.121963922141593371e-03 -6.533210303122467463e-03 2.862873268698143750e-02 -1.272913760417570921e-02 -3.024235415172633890e-02 -1.546677054977960847e-02 7.456307329824147015e-05 3.124038365912917142e-03 5.577982842135296819e-03 4.433253356882245824e-03 1.767936548690097337e-02 2.731795284543426031e-02 -2.504547267319212969e-02 6.492563604854596770e-03 5.434223935434293572e-03 1.187875357475264015e-02 -1.520861332379938070e-02 -4.442267369339655825e-03 1.756115893820714424e-02
3.288235294117647527e+02 -1.769121246356394287e-03 -2.106851982028635356e-03 2.041766963783515649e-03 1.270486067254824984e-02 8.640824844209724770e-03 -1.855158310186269879e-03 5.175860218846253628e-03 -3.821717928001720083e-02 -2.949883748332352614e-03 2.160801809687144109e-02 4.727800875642962364e-02 -4.521753934979991923e-02 2.020113444563484753e-02 1.883952939912668378e-02 4.654665586567656443e-02 4.157354251661006528e-02 3.376042795355534837e-02 1.906269221489126364e-02 4.192180194077246846e-02 -4.835118541203648097e-03 -2.507903505099045097e-02 2.119598815384540064e-02 -3.223142197872750497e-02 -2.634139618458387205e-02 8.221818485501517990e-03 -3.311839809786328720e-03 1.021743221330325031e-02 -4.210967689258888341e-02 2.762106443318138038e-02 4.161485196972248418e-02 5.503383552635116201e-03 5.262703230655193382e-03 -1.649132295028774703e-02 -4.134453661007250758e-02 -3.687811618268255209e-02 1.251028113978077706e-02 -1.307616995772937531e-02 -1.072863046866986275e-02 -1.466782235452735892e-03 7.697064199974244618e-03 4.909266719771676613e-02 -1.087012724096699141e-02 -1.663550854908227988e-02 -1.155868680569535449e-02 2.810223904372909781e-02 3.467679089830393718e-02 -1.691245407271725317e-03 1.349358033592903960e-02 8.700188303618672930e-03 1.184668789473120910e-02 -8.441025541103909513e-03 -2.967223038525329884e-02 1.786670471150056654e-03 -2.884557759961010534e-02 -1.403385928435293452e-02 8.792122743341231755e-03 1.287680086840291109e-02 -3.850740372742695455e-02 -1.713277906344546492e-02 -4.012554265535663717e-02 -3.526462798449844088e-02 -4.615515690932425578e-03 -2.169929128910159238e-02 -4.143913300857077903e-02 4.632133903238146166e-02 -4.091526336342986509e-04 -4.423523403702837864e-02 -8.101347374789591785e-03 -1.267570008569288142e-02 -3.438900689925799420e-02 -4.678804075148672303e-02 5.204367915245029612e-03 1.729928903503335363e-02 3.613005177826184716e-02 1.087528696312283980e-02 1.173210533795986110e-02 -1.341148645098720095e-02 7.209438809818912754e-03 -3.360937522422582924e-02 -1.696496270449989602e-02 1.990468997006427168e-02 -4.348082567996428179e-03 1.093079451563230142e-04 1.033390106100775738e-02 2.832332426053468452e-03 -1.749029839855191721e-03 -1.631749097038828061e-02 -3.294561377509022670e-02 2.490384464964310110e-02 -3.002950332601940671e-03 1.834161215971418218e-03 6.109889229964120087e-03 -5.580766272679037361e-03 2.455437419236774013e-02 -1.092758530501919921e-02 -2.610887197762189194e-02 -1.322648773148500656e-02 6.383369541571851016e-05 2.674270531272449937e-03 4.773244963454330476e-03 3.794830014738887099e-03 1.522535312475064781e-02 2.349517785383572685e-02 -2.144003123817742398e-02 5.580130279675932573e-03 4.639007465269241216e-03 1.013697508497858266e-02 -1.303656316869984677e-02 -3.786187321289812783e-03 1.509557680045810722e-02
3.294117647058823195e+02 -1.502551020371504153e-03 -1.782777302302526691e-03 1.742578075829227064e-03 1.079284687670382416e-02 7.319353731340565161e-03 -1.570136230363936881e-03 4.407249110816121272e-03 -3.297259798811295883e-02 -2.521197628521104281e-03 1.851660870518649984e-02 4.101538722203910275e-02 -3.897664088337574745e-02 1.736208759684733718e-02 1.613580099047781310e-02 4.053655798831234253e-02 3.590858765026016391e-02 2.934975678293141182e-02 1.631529624705926190e-02 3.644016171803483167e-02 -4.142513616419473202e-03 -2.145443303429104068e-02 1.824544123416915742e-02 -2.795114948420565973e-02 -2.287900332274863530e-02 7.013891072361454898e-03 -2.834039518439441987e-03 8.739772872898149414e-03 -3.632022078931994996e-02 2.379020815761577479e-02 3.618809385268424716e-02 4.684200207513101663e-03 4.481344102811533545e-03 -1.415968296485869797e-02 -3.575309795014500885e-02 -3.175086327602447828e-02 1.063612889661569999e-02 -1.117753218511256461e-02 -9.286738253496601425e-03 -1.245675662897145286e-03 6.582453733855707367e-03 4.268559703005338907e-02 -9.322071314332880387e-03 -1.424726320031011531e-02 -9.894271101750798381e-03 2.405546967233427105e-02 2.988339541857814793e-02 -1.431725821367491177e-03 1.154908279080286634e-02 7.413829600637658786e-03 1.013932098621250950e-02 -7.281010954723949290e-03 -2.550900857395129936e-02 1.528414365598706982e-03 -2.478960148851208634e-02 -1.191146846184761368e-02 7.495411048660451103e-03 1.103369587682963282e-02 -3.330296055401917033e-02 -1.467298233987322266e-02 -3.456620516240152541e-02 -3.037759219116714648e-02 -3.946404639903102439e-03 -1.864204434892667572e-02 -3.605524084417536385e-02 3.998156780299036428e-02 -3.572887632281850100e-04 -3.849262209143593932e-02 -6.961028489523134882e-03 -1.092903596434994726e-02 -2.960431515173853403e-02 -4.072220922179514008e-02 4.428924868914337065e-03 1.474500939813367696e-02 3.110629014747483267e-02 9.310560642880568935e-03 1.002185968846034878e-02 -1.146075232996630368e-02 6.169364509459536287e-03 -2.892527021270487747e-02 -1.452513931180128559e-02 1.701793655290531268e-02 -3.716369665493884141e-03 9.363752957483244363e-05 8.874128601310461717e-03 2.424485177280141616e-03 -1.497121274073034145e-03 -1.396347619693137469e-02 -2.835643712389186374e-02 2.134661030258734951e-02 -2.572425333398148644e-03 1.567192311365889689e-03 5.236655460714615545e-03 -4.762717166526929911e-03 2.103987201981888724e-02 -9.372069196082265241e-03 -2.251842105752085640e-02 -1.130007899381262580e-02 5.459671483056912402e-05 2.287098074011226397e-03 4.080762192393497766e-03 3.245283493464241973e-03 1.309933405509203577e-02 2.018796303333895287e-02 -1.833631403423937808e-02 4.791337058743416061e-03 3.956465395848558948e-03 8.642535818370935055e-03 -1.116413276324528664e-02 -3.224012563057559403e-03 1.296373860082658536e-02
3.300000000000000000e+02 -1.274992743472902782e-03 -1.507206506191904882e-03 1.485859122738348095e-03 9.160277769756981769e-03 6.194428443207482954e-03 -1.327718321315414680e-03 3.749346224061735067e-03 -2.842040337773162062e-02 -2.152811482816829186e-03 1.585261835576934342e-02 3.554745029624219177e-02 -3.356493700064754754e-02 1.490790465762778516e-02 1.380717582284876448e-02 3.526738821889607162e-02 3.098563577707236574e-02 2.549011701170852615e-02 1.395084922983029149e-02 3.164401702436477753e-02 -3.545799088244038465e-03 -1.833660556928650570e-02 1.569065758922955772e-02 -2.421555769894567778e-02 -1.985215195970131685e-02 5.977920873994029341e-03 -2.422912314128207109e-03 7.468861050923496572e-03 -3.129666339739533426e-02 2.047110244860255238e-02 3.143789009603485674e-02 3.983314912718962861e-03 3.812506029614649503e-03 -1.214623192830231214e-02 -3.088788647697992759e-02 -2.731040340953105536e-02 9.034526301435152201e-03 -9.545709184390958543e-03 -8.030814171537064769e-03 -1.056942314431030209e-03 5.624018147847546431e-03 3.707802648834842424e-02 -7.986970409750273128e-03 -1.219047837811156748e-02 -8.461626216968944417e-03 2.057223562699500227e-02 2.572795752191015320e-02 -1.210946618159339325e-03 9.875582210127673011e-03 6.311873137011569587e-03 8.669933008234900068e-03 -6.274383152210786206e-03 -2.190912477544939424e-02 1.306271583322210321e-03 -2.128376515412290851e-02 -1.010092998369984361e-02 6.384078381218271855e-03 9.445548844754590723e-03 -2.877400120951937104e-02 -1.255460144278271011e-02 -2.974865845949679205e-02 -2.614281483480776838e-02 -3.371160866988713242e-03 -1.600039257305451920e-02 -3.133975629598690499e-02 3.447628085928822195e-02 -3.116859439182914789e-04 -3.346231259233454353e-02 -5.975557635306574106e-03 -9.414024050655502365e-03 -2.546105255038107543e-02 -3.540762363519467382e-02 3.765584780176523851e-03 1.255634380888282463e-02 2.675553540134898226e-02 7.963526850191974399e-03 8.553003028091020823e-03 -9.784681525719715958e-03 5.274418787212785745e-03 -2.487028618038777950e-02 -1.242459095922034303e-02 1.453633661926307351e-02 -3.173489632718829844e-03 8.013859695110911994e-05 7.613369651978113030e-03 2.073430896903159619e-03 -1.280299333996684410e-03 -1.193792704294134761e-02 -2.438327088297092757e-02 1.828033168502183128e-02 -2.201562351644771685e-03 1.337841354670029443e-03 4.484018985608709436e-03 -4.060833253362058567e-03 1.801152454645662399e-02 -8.030424589789789472e-03 -1.940308613273217242e-02 -9.645308814028478311e-03 4.665294193195581392e-05 1.954161129790561811e-03 3.485503511060969624e-03 2.772740049568071102e-03 1.125946910747030114e-02 1.732986363696080098e-02 -1.566732207684009767e-02 4.110163168309859984e-03 3.371243121297057797e-03 7.361645979720470544e-03 -9.551705552609859526e-03 -2.742800412094842290e-03 1.112245183494407069e-02
3.305882352941176805e+02 -1.080932543598663205e-03 -1.273111737440346582e-03 1.265808253330897486e-03 7.767715880206220100e-03 5.237767707548756507e-03 -1.121740321828050514e-03 3.186778957216094936e-03 -2.447346770194605559e-02 -1.836571434793817003e-03 1.355936081345643016e-02 3.077866732300519464e-02 -2.887731930215909140e-02 1.278867024777337151e-02 1.180371296118762868e-02 3.065303768333052514e-02 2.671215798909912231e-02 2.211646166143738795e-02 1.191809604809157368e-02 2.745235554086259896e-02 -3.032237941448545117e-03 -1.565748940461037311e-02 1.348092366172290793e-02 -2.095895321705587219e-02 -1.720901405288146474e-02 5.090341237429784130e-03 -2.069523251488238850e-03 6.376906719819710676e-03 -2.694239845389029275e-02 1.759847502796377944e-02 2.728457167496236777e-02 3.384253757373379551e-03 3.240568332135607306e-03 -1.040938916330793641e-02 -2.665921515012765683e-02 -2.346886654394331542e-02 7.667221284159582255e-03 -8.144659989206562423e-03 -6.938076743922810992e-03 -8.960043256773716222e-04 4.800731328013772316e-03 3.217570789880344617e-02 -6.836742312841154710e-03 -1.042100483363353480e-02 -7.229765236222623903e-03 1.757719103298599830e-02 2.212945235153177675e-02 -1.023310819106376408e-03 8.436813409959711615e-03 5.368849183544693524e-03 7.406672896087177979e-03 -5.401805430159572000e-03 -1.879966803365811304e-02 1.115391072495171840e-03 -1.825667220525824253e-02 -8.557971072532652781e-03 5.432598173245712335e-03 8.078526660267856818e-03 -2.483717353624205482e-02 -1.073215730052975124e-02 -2.557841469227294454e-02 -2.247718710012460569e-02 -2.877129557041484959e-03 -1.372026473639687168e-02 -2.721435466804310657e-02 2.970082752132472206e-02 -2.716343561328295338e-04 -2.906092532414299157e-02 -5.124812452719874900e-03 -8.101360589507739657e-03 -2.187707684105757652e-02 -3.075650260474026634e-02 3.198717586065390021e-03 1.068287787649393160e-02 2.299167013829116896e-02 6.805110457420961850e-03 7.292769043644318355e-03 -8.346092799747125562e-03 4.505153561075687235e-03 -2.136368489071275439e-02 -1.061802855442815080e-02 1.240524153899332134e-02 -2.707434183426974013e-03 6.852242171973864436e-05 6.525646251445596513e-03 1.771576545048112513e-03 -1.093871834036094044e-03 -1.019682806896560906e-02 -2.094711203639829100e-02 1.564002582139413858e-02 -1.882428093839234352e-03 1.141011630311439262e-03 3.836005987885191589e-03 -3.459238529699825565e-03 1.540481989172216674e-02 -6.874464798209601116e-03 -1.670292003595376731e-02 -8.225344450689247092e-03 3.982842740386830459e-05 1.668159923019335014e-03 2.974349717776921063e-03 2.366832203374888682e-03 9.668945530287331377e-03 1.486251509889887669e-02 -1.337455090023773573e-02 3.522548555921348797e-03 2.869979206198501349e-03 6.264914872600168237e-03 -8.164630332009951627e-03 -2.331310388518889869e-03 9.533802293278263729e-03
3.311764705882353041e+02 -9.156032948849875987e-04 -1.074444120158834191e-03 1.077379300880836359e-03 6.581055630207039917e-03 4.424998948788843797e-03 -9.468952414103919005e-04 2.706214909653524136e-03 -2.105496819594766811e-02 -1.565373195672458166e-03 1.158728364580045508e-02 2.662419800072818310e-02 -2.482122002284007159e-02 1.096058825346946791e-02 1.008178496603583281e-02 2.661663904742579689e-02 2.300645108236094166e-02 1.917086124389831212e-02 1.017230125592054855e-02 2.379304256058431197e-02 -2.590698988000227423e-03 -1.335771351730655893e-02 1.157165468078631340e-02 -1.812302377902583542e-02 -1.490348898477593907e-02 4.330666445701319110e-03 -1.766075565598073565e-03 5.439672266966373917e-03 -2.317227791634043563e-02 1.511489897032719174e-02 2.365716097044444008e-02 2.872736394036169878e-03 2.751982849613646837e-03 -8.912717143268588521e-03 -2.298776787466205729e-02 -2.014898267679710378e-02 6.501101009786625952e-03 -6.942977183361487802e-03 -5.988353189521383041e-03 -7.589041258292110069e-04 4.094259959792927693e-03 2.789468961959129176e-02 -5.846815434084956346e-03 -8.900277307090920242e-03 -6.171637674482157408e-03 1.500456230510907596e-02 1.901654468833987102e-02 -8.639985428940115831e-04 7.201123221160910144e-03 4.562647670725881489e-03 6.321740729845858400e-03 -4.646233084202416354e-03 -1.611664396775885910e-02 9.515414175661343144e-04 -1.564568544728449362e-02 -7.244345308265281481e-03 4.618799178617318674e-03 6.903056868148402421e-03 -2.141875445524224139e-02 -9.165923677937762651e-03 -2.197232490741997391e-02 -1.930757735376805589e-02 -2.453279167823869001e-03 -1.175424301675710194e-02 -2.360920450291907613e-02 2.556288395314446418e-02 -2.364980202517229040e-04 -2.521410926236891670e-02 -4.391143143629727165e-03 -6.965229565155672993e-03 -1.878016580715336295e-02 -2.669054966927980263e-02 2.714777318156119321e-03 9.080834302723007553e-03 1.973896748070766774e-02 5.809925554179631510e-03 6.212627986294107230e-03 -7.112596963400226457e-03 3.844598007161156936e-03 -1.833450348759199308e-02 -9.065906294565075768e-03 1.057701691278056279e-02 -2.307740159304501413e-03 5.853672244486122107e-05 5.588189397809151422e-03 1.512293722285284808e-03 -9.337428421170152187e-04 -8.701770343736904556e-03 -1.797851538227286661e-02 1.336886872867869107e-02 -1.608090722066843120e-03 9.722639493253147679e-04 3.278649992602650914e-03 -2.944125824005060926e-03 1.316337028645593078e-02 -5.879524396661244337e-03 -1.436508873859972286e-02 -7.008109456685711162e-03 3.397147600169918801e-05 1.422729250620919598e-03 2.535866221552988530e-03 2.018520271139903274e-03 8.295420380961076451e-03 1.273472466047466563e-02 -1.140698537801871672e-02 3.016171733351648721e-03 2.441062588463068124e-03 5.326812807524832806e-03 -6.972641497276252202e-03 -1.979793561095312664e-03 8.164557711533857245e-03
3.317647058823529278e+02 -7.748888131720285720e-04 -9.060039177350212840e-04 9.161892792836455598e-04 5.570840826076784748e-03 3.735144840803969555e-03 -7.986199264425640270e-04 2.296106391575390617e-03 -1.809726826062051097e-02 -1.333035369031984000e-03 9.893130811019182347e-03 2.300881304872916949e-02 -2.131523460528749261e-02 9.385286736022959223e-03 8.603332487300047529e-03 2.308968484955828057e-02 1.979647791980328544e-02 1.660180733470710199e-02 8.674473393869563953e-03 2.060194924427318983e-02 -2.211467909798500373e-03 -1.138556058659861633e-02 9.923711291346134708e-03 -1.565608877170027863e-02 -1.289463575946373126e-02 3.681112828498936829e-03 -1.505775021833114305e-03 4.636047378994320213e-03 -1.991136372614612723e-02 1.296992294826035050e-02 2.049252402472234377e-02 2.436400317078532725e-03 2.335014583199710152e-03 -7.624330442300908048e-03 -1.980350611201779631e-02 -1.728290215190697587e-02 5.507538716982510879e-03 -5.913328498430174551e-03 -5.163807808842897466e-03 -6.422248773434604098e-04 3.488640535845765646e-03 2.416030897695349913e-02 -4.995720030679527864e-03 -7.594655093269702360e-03 -5.263662032958081258e-03 1.279701119186648847e-02 1.632652162416471653e-02 -7.288643692419588061e-04 6.140922007398658122e-03 3.874100595162532218e-03 5.390906090080129116e-03 -3.992663825268663765e-03 -1.380396466776124577e-02 8.110367924240375259e-04 -1.339593112650769302e-02 -6.127054678903576419e-03 3.923450229919721484e-03 5.893327175399348979e-03 -1.845363565810007739e-02 -7.821247651872587081e-03 -1.885732476568919777e-02 -1.656972673843700936e-02 -2.090006349521590645e-03 -1.006080355490725567e-02 -2.046214550450638214e-02 2.198112177990741226e-02 -2.057080518457813875e-04 -2.185567090713664423e-02 -3.759090690094755733e-03 -5.982920857344672765e-03 -1.610691144571749917e-02 -2.314003974677878578e-02 2.302039665624783672e-03 7.712250139064873687e-03 1.693093342138840898e-02 4.955837918073743159e-03 5.287772386426583919e-03 -6.056017651453277084e-03 3.277963413541900000e-03 -1.572046096695290870e-02 -7.733740334095116388e-03 9.010198439113419749e-03 -1.965303153980603283e-03 4.996136743338192276e-05 4.781070995681032526e-03 1.289804015749278047e-03 -7.963418372050377154e-04 -7.419283413649456309e-03 -1.541652532196305728e-02 1.141724024215647580e-02 -1.372501797725172307e-03 8.277370908721314816e-04 2.799756554780548790e-03 -2.503503382428697889e-03 1.123795728068754940e-02 -5.024049573346304511e-03 -1.234309530238934804e-02 -5.965707389399325933e-03 2.894998083547260188e-05 1.212326437993201935e-03 2.160100287753000114e-03 1.719933145142163791e-03 7.110518847158438585e-03 1.090165441390409176e-02 -9.720201631479149715e-03 2.580250080407368342e-03 2.074416778332828244e-03 4.525193533446377619e-03 -5.949340705079107956e-03 -1.679805748027602243e-03 6.985630385588966623e-03
3.323529411764706083e+02 -6.552395122222057916e-04 -7.633269145615483899e-04 7.784362395144773421e-04 4.711663333867861791e-03 3.150172923479132268e-03 -6.729956873898470995e-04 1.946464509301857812e-03 -1.554090438985822331e-02 -1.134186743324980913e-03 8.439194310947816663e-03 1.986590600635873213e-02 -1.828787859701257526e-02 8.029192701250806655e-03 7.335198878040387165e-03 2.001121452666176220e-02 1.701881684735785660e-02 1.436357097870548036e-02 7.390673498458059064e-03 1.782215223564085835e-02 -1.886078485513069218e-03 -9.696040349648318499e-03 8.502782645898293579e-03 -1.351241444578370199e-02 -1.114615055355289326e-02 3.126262684812499554e-03 -1.282709010266413086e-03 3.947670241058465201e-03 -1.709379774094137161e-02 1.111928719710257758e-02 1.773459068490031154e-02 2.064557102510182051e-03 1.979512173713810375e-03 -6.516365654387019923e-03 -1.704467447252735676e-02 -1.481113074490176054e-02 4.661817780848551140e-03 -5.031959848921416581e-03 -4.448694614361232459e-03 -5.430203311529830344e-04 2.969991704120682283e-03 2.090626763871209631e-02 -4.264722356653117066e-03 -6.474832976019687623e-03 -4.485308682762976715e-03 1.090462007088723213e-02 1.400432936681402472e-02 -6.143473979636831714e-04 5.232194475688720092e-03 3.286612187147457641e-03 4.593078193893585653e-03 -3.427912064753334178e-03 -1.181254049503190767e-02 6.906708930550154628e-04 -1.145940300008232993e-02 -5.177665646810112980e-03 3.329892160455121940e-03 5.026838023292057138e-03 -1.588440166107576990e-02 -6.667942599802970799e-03 -1.616930304709352298e-02 -1.420725307497424164e-02 -1.778962228805065857e-03 -8.603634483936715982e-03 -1.771793200767544929e-02 1.888400238698828212e-02 -1.787564080295838830e-04 -1.892677089613108848e-02 -3.215133812621670702e-03 -5.134485202110776296e-03 -1.380172273600772069e-02 -2.004297787175483153e-02 1.950370141925344839e-03 6.544247470000964795e-03 1.450926455878863083e-02 4.223574670154119602e-03 4.496660221649246246e-03 -5.151876080065253584e-03 2.792379928279646508e-03 -1.346697308884601055e-02 -6.591502031565179241e-03 7.668741648894826513e-03 -1.672211636438169797e-03 4.260453878324372851e-05 4.086873497329369942e-03 1.099076856421961823e-03 -6.785605383894120811e-04 -6.320239592128738468e-03 -1.320771339608962404e-02 9.741870142314753428e-03 -1.170390935542777681e-03 7.040770262281590775e-04 2.388693053659672084e-03 -2.126969936889884505e-03 9.585679232620230097e-03 -4.289231466019070675e-03 -1.059607905747031280e-02 -5.073909429248601652e-03 2.464904873235998560e-05 1.032131507946548905e-03 1.838400671333986032e-03 1.464226388202127674e-03 6.089382417652601694e-03 9.324086843735014674e-03 -8.275567474513393154e-03 2.205360719161452571e-03 1.761308546789883828e-03 3.840871039840737956e-03 -5.071733893141821062e-03 -1.424042482050479107e-03 5.971595798789069293e-03
3.329411764705882320e+02 -5.535982392351956535e-04 -6.425850165964480535e-04 6.608265472645514843e-04 3.981634212677368292e-03 2.654601181640951334e-03 -5.666613808167867295e-04 1.648659776158572544e-03 -1.333367318388009246e-02 -9.641662303333299079e-04 7.192646321105368445e-03 1.713659295977170566e-02 -1.567646621941473639e-02 6.862972496653710515e-03 6.248537034953485607e-03 1.732706613613670468e-02 1.461771057959773863e-02 1.241561592571968284e-02 6.291399420457893799e-03 1.540320051969699608e-02 -1.607162087915701715e-03 -8.250066784231435343e-03 7.278832653072929773e-03 -1.165158908077801661e-02 -9.625890173772749456e-03 2.652766824013962077e-03 -1.091738946949045302e-03 3.358590763453854228e-03 -1.466178380341467101e-02 9.524217553689928728e-03 1.533363971541443389e-02 1.747977529445738287e-03 1.676705459241681915e-03 -5.564507214041182134e-03 -1.465689954056433736e-02 -1.268157414793338184e-02 3.942624528630290191e-03 -4.278253994507492074e-03 -3.829132763808848917e-03 -4.587531963328212608e-04 2.526258573976136994e-03 1.807378365856239510e-02 -3.637498036753099989e-03 -5.515316496944581981e-03 -3.818728619894890160e-03 9.283989858206454990e-03 1.200170551176126324e-02 -5.173925660432200906e-04 4.454064329072191138e-03 2.785832231998426351e-03 3.909923420550963889e-03 -2.940405253023387934e-03 -1.009946615963872203e-02 5.876582509051504061e-04 -9.794161261358673431e-03 -4.371708197494388222e-03 2.823712444811734678e-03 4.284003633829072330e-03 -1.366049399671740577e-02 -5.679747636927182618e-03 -1.385208258801646879e-02 -1.217075441064060723e-02 -1.512898126522479493e-03 -7.351024895713951200e-03 -1.532753896219428771e-02 1.620868763189627082e-02 -1.551900995035588042e-04 -1.637518682926015698e-02 -2.747462188957243510e-03 -4.402423256633414966e-03 -1.181592988295988682e-02 -1.734432675157246070e-02 1.651019609611289280e-03 5.548388869967997399e-03 1.242290962154213654e-02 3.596376669706161273e-03 3.820609470182704387e-03 -4.378933703644414220e-03 2.376662465689827284e-03 -1.152626767516605651e-02 -5.613076930351554306e-03 6.521354308916534753e-03 -1.421599702052641018e-03 3.629931412163632818e-05 3.490394425894429928e-03 9.357385549264509057e-04 -5.776966382694456986e-04 -5.379324107982335311e-03 -1.130531416445388487e-02 8.305076056330651726e-03 -9.971717967440767855e-04 5.983741104363785078e-04 2.036201012006744627e-03 -1.805515420768702591e-03 8.169190091095651640e-03 -3.658678668751748266e-03 -9.088182725688096625e-03 -4.311699682231701254e-03 2.096888847974438984e-05 8.779585057867937128e-04 1.563257228128199896e-03 1.245456181347769737e-03 5.210263252757450954e-03 7.967767279620379534e-03 -7.039531615717485591e-03 1.883280228110715626e-03 1.494178620508661032e-03 3.257245272517280636e-03 -4.319818989266041055e-03 -1.206193162704057627e-03 5.100261534462156854e-03
3.335294117647058556e+02 -4.673351948825174421e-04 -5.404995461369702320e-04 5.605105381175059165e-04 3.361919475768209223e-03 2.235153340974518725e-03 -4.767375363453175236e-04 1.395246411978299725e-03 -1.142980781227248555e-02 -8.189341944726218200e-04 6.124945244044105799e-03 1.476889256202928644e-02 -1.342610345313549614e-02 5.861030803591481264e-03 5.318282098394481495e-03 1.498919094264339683e-02 1.254420894954160620e-02 1.072206203932921272e-02 5.351039245309622584e-03 1.330044552219353249e-02 -1.368313745455815907e-03 -7.013726996725013797e-03 6.225603116846622348e-03 -1.003795603053335601e-02 -8.305436843814744882e-03 2.249081665154783246e-03 -9.284047484866313682e-04 2.854971778614167482e-03 -1.256467066750077341e-02 8.150792132766836173e-03 1.324564553414413551e-02 1.478702245818397246e-03 1.419026970805888901e-03 -4.747563906324272359e-03 -1.259237541118383465e-02 -1.084867885167813475e-02 3.331602473959789732e-03 -3.634339398854442849e-03 -3.292903047140041672e-03 -3.872410545867289913e-04 2.146985961597582069e-03 1.561081670412771231e-02 -3.099840981286633088e-03 -4.693955455119592710e-03 -3.248423694732404700e-03 7.897437494324192897e-03 1.027639896865190777e-02 -4.353819393587677841e-04 3.788407570335803470e-03 2.359367767160821649e-03 3.325525604616964750e-03 -2.520000662036985667e-03 -8.627291801626342169e-03 4.995821338610939100e-04 -8.363614337136582658e-03 -3.688149149856503016e-03 2.392457898982570420e-03 3.647797081394704276e-03 -1.173745532422025215e-02 -4.833846970323723430e-03 -1.185650655565758868e-02 -1.041700423372955361e-02 -1.285528651039587449e-03 -6.275319151330571027e-03 -1.324752608218303720e-02 1.390005854008076989e-02 -1.346058454256144330e-04 -1.415463849424347491e-02 -2.345773872809283397e-03 -3.771405860210796067e-03 -1.010698063269002168e-02 -1.499529882992974711e-02 1.396444314199600956e-03 4.700108683955857812e-03 1.062722843957706817e-02 3.059689630953031127e-03 3.243439142769388630e-03 -3.718786940781450539e-03 2.021102738853187281e-03 -9.856591028425402273e-03 -4.775784194649635751e-03 5.540905050710144032e-03 -1.207516513739055478e-03 3.090062540724972963e-05 2.978382316773065582e-03 7.959914399295559082e-04 -4.914038419930059822e-04 -4.574564564443868095e-03 -9.668449559414780958e-03 7.074085054478132864e-03 -8.488585722323483893e-04 5.081074458713337157e-04 1.734229152949378966e-03 -1.531344854021169342e-03 6.956023005940580907e-03 -3.118125430258649258e-03 -7.787983407156005150e-03 -3.660872510045360025e-03 1.782293850297678587e-05 7.461767728597615192e-04 1.328158860204376335e-03 1.058467484955291638e-03 4.454160668146079673e-03 6.802816051792699194e-03 -5.982993052773353214e-03 1.606841552528777417e-03 1.266492165511422848e-03 2.759971702024830147e-03 -3.676219283847771344e-03 -1.020812714122979565e-03 4.352282235188343479e-03
3.341176470588235361e+02 -3.941909183622612834e-04 -4.542656887775961311e-04 4.750257554860214115e-04 2.836333330206924647e-03 1.880458104506884266e-03 -4.007602340898875075e-04 1.179807901306987976e-03 -9.789239503372690679e-03 -6.949939964991597510e-04 5.211308023934949074e-03 1.271698207469167292e-02 -1.148878427859013028e-02 5.001063643398633018e-03 4.522683490381762539e-03 1.295502621433061545e-02 1.075539664886603942e-02 9.251196956946363889e-03 4.547386640462884599e-03 1.147443110747370550e-02 -1.163973348314297548e-03 -5.957634014818303549e-03 5.320169170243371076e-03 -8.640098113285230724e-03 -7.159702655589415647e-03 1.905237482671085988e-03 -7.888401839470050511e-04 2.424824345567205396e-03 -1.075812911406491719e-02 6.969373834994222264e-03 1.143168232001997436e-02 1.249875480201050049e-03 1.199955074206169149e-03 -4.047091580065283190e-03 -1.080912841743138057e-02 -9.272664882627797145e-03 2.812961195377234463e-03 -3.084744093917009093e-03 -2.829263990458646353e-03 -3.266089884813312802e-04 1.823117545803949529e-03 1.347136162986089201e-02 -2.639404500132194482e-03 -3.991529818405204454e-03 -2.760954110655212783e-03 6.712285058192084090e-03 8.791471721123860633e-03 -3.660748086056537674e-04 3.219509717952429018e-03 1.996529392099011171e-03 2.826084891267400135e-03 -2.157820708347437961e-03 -7.363372769070324758e-03 4.243483927562043058e-04 -7.135879406343516480e-03 -3.108931080079920233e-03 2.025381683449251329e-03 3.103435012602203443e-03 -1.007624724001473550e-02 -4.110443295720388364e-03 -1.013961811231510989e-02 -8.908229931651332617e-03 -1.091410628156504799e-03 -5.352429894524949466e-03 -1.143945831268851528e-02 1.190983305884888398e-02 -1.166451627243484328e-04 -1.222417177774327152e-02 -2.001094395700073105e-03 -3.228023066971953594e-03 -8.637720682177222470e-03 -1.295271019742037961e-02 1.180147800821333822e-03 3.978212144281597154e-03 9.083239153258192491e-03 2.600890194989136182e-03 2.751152130257905355e-03 -3.155508899427163835e-03 1.717285042476368595e-03 -8.421498497110784312e-03 -4.059950365713757559e-03 4.703899822668371027e-03 -1.024810871747035800e-03 2.628255948114081544e-05 2.539301497537747865e-03 6.765422392208013998e-04 -4.176475661419363854e-04 -3.886913901157993800e-03 -8.261435390873775320e-03 6.020430820416020068e-03 -7.219917541054593447e-04 4.310956932447850280e-04 1.475784990796387376e-03 -1.297722900100119507e-03 5.917989032381302736e-03 -2.655172050896759811e-03 -6.667981470502271600e-03 -3.105676611306835803e-03 1.513620799202296328e-05 6.336412875243064473e-04 1.127467758961677845e-03 8.987950337827948968e-04 3.804496228620311577e-03 5.803203933125477762e-03 -5.080742844551785348e-03 1.369806487227787518e-03 1.072606968244769771e-03 2.336670240230851597e-03 -3.125858206223698730e-03 -8.632085939469932249e-04 3.710816454600744229e-03
3.347058823529412166e+02 -3.322264326711990806e-04 -3.814867641725842601e-04 4.022469423809577039e-04 2.390982232231085754e-03 1.580787119439339009e-03 -3.366235652843412333e-04 9.968213415527012178e-04 -8.376934348420005463e-03 -5.893227619885478682e-04 4.430242316897699088e-03 1.094052463768361953e-02 -9.822581672358002974e-03 4.263660252049552082e-03 3.842890401629281329e-03 1.118692295759378570e-02 9.213699656462893267e-03 7.975031131126710665e-03 3.861212133864974378e-03 9.890339027974341321e-03 -9.893202430797548054e-04 -5.056354527559233161e-03 4.542542315148848098e-03 -7.430372516219457130e-03 -6.166570550242743420e-03 1.612634306534612089e-03 -6.696979763283320052e-04 2.057773852847518022e-03 -9.203414087706932034e-03 5.954103127213580468e-03 9.857382378098975342e-03 1.055599107449046352e-03 1.013876165543680903e-03 -3.447057599337161830e-03 -9.270355775128360024e-03 -7.918838897964368753e-03 2.373133820694037395e-03 -2.616090101229174517e-03 -2.428786093178808905e-03 -2.752481603032443840e-04 1.546818510559039858e-03 1.161480655590141527e-02 -2.245471580268282828e-03 -3.391383118168627211e-03 -2.344679693439352067e-03 5.700230383216847718e-03 7.514672542253218908e-03 -3.075555492769405466e-04 2.733762540147433549e-03 1.688108237030927234e-03 2.399651322112793077e-03 -1.846105546858461304e-03 -6.279289676663939689e-03 3.601446699203648006e-04 -6.083212119019539184e-03 -2.618569625907295455e-03 1.713220751304908368e-03 2.638098204340777117e-03 -8.642636432097498822e-03 -3.492380090534210994e-03 -8.663928345476723178e-03 -7.611468500361464641e-03 -9.258360752911912270e-04 -4.561404621656034615e-03 -9.869377305076566798e-03 1.019577452619210151e-02 -1.009898619305533572e-04 -1.054759744262621056e-02 -1.705615813472655075e-03 -2.760559369905874697e-03 -7.375751708607851051e-03 -1.117839146433345643e-02 9.965421941361687300e-04 3.364434999429398530e-03 7.756945528025630497e-03 2.209043508858948845e-03 2.331655361867897378e-03 -2.675333080273649064e-03 1.457923257474788526e-03 -7.189220892224711286e-03 -3.448531944855810685e-03 3.990019563915035358e-03 -8.690293051931431137e-04 2.233596662916674698e-05 2.163122784131866604e-03 5.745386503882432419e-04 -3.546657322845059215e-04 -3.299881599076731099e-03 -7.053162228927566980e-03 5.119418941563344365e-03 -6.135724627441386343e-04 3.654536680027015063e-04 1.254803284623838468e-03 -1.098836902243640213e-03 5.030644370809903530e-03 -2.259054521484503506e-03 -5.704142634395796031e-03 -2.632500948721397307e-03 1.284381095878025361e-05 5.376310906294788595e-04 9.563082982937217607e-04 7.625758332724525941e-04 3.246823742484550215e-03 4.946285208830794589e-03 -4.310970716532735829e-03 1.166752189899854372e-03 9.076574539044214010e-04 1.976669196773288978e-03 -2.655671267508001067e-03 -7.293417050582150403e-04 3.161221378459883307e-03
3.352941176470588402e+02 -2.797796174245403876e-04 -3.201170441704708543e-04 3.403419511505461552e-04 2.013953453786240973e-03 1.327826572533579840e-03 -2.825295492459564467e-04 8.415383090681288021e-04 -7.162298505389469092e-03 -4.993101857515083470e-04 3.763131359586906980e-03 9.404057042509838052e-03 -8.390922671985212578e-03 3.631947943186248241e-03 3.262584202717397353e-03 9.651622888714702850e-03 7.886261375673204663e-03 6.868893455775917055e-03 3.275883303855845700e-03 8.517483856951375484e-03 -8.401797681600716100e-04 -4.287902368758040282e-03 3.875315312678109803e-03 -6.384488211089538005e-03 -5.306567684211237895e-03 1.363862135237845852e-03 -5.680835047034951853e-04 1.744852996284190425e-03 -7.866703026052100645e-03 5.082443912349335693e-03 8.492441891526428949e-03 8.908045592953017268e-04 8.559636634772211381e-04 -2.933542039957407095e-03 -7.943828809874700289e-03 -6.756980748683026269e-03 2.000476825939055594e-03 -2.216823347660770976e-03 -2.083201942408344741e-03 -2.317795670919859372e-04 1.311318574921652939e-03 1.000534739871399362e-02 -1.908750700729011131e-03 -2.879097308047777123e-03 -1.989530567128811999e-03 4.836789577849122911e-03 6.417877094719402244e-03 -2.581882230009497530e-04 2.319395364655133483e-03 1.426179835952858226e-03 2.035888823601491281e-03 -1.578080588142560413e-03 -5.350331195062396628e-03 3.054042864698255683e-04 -5.181498238669085023e-03 -2.203801319411062293e-03 1.447999987496249429e-03 2.240683597785914343e-03 -7.406640648022471546e-03 -2.964806655631594973e-03 -7.396759663634496461e-03 -6.497988679201613035e-03 -7.847375924259576609e-04 -3.884039407635174034e-03 -8.507319661050874796e-03 8.720980082994418334e-03 -8.735789771484362115e-05 -9.092978872437632379e-03 -1.452553173983486346e-03 -2.358792113839020856e-03 -6.292856479589322566e-03 -9.638650076714442433e-03 8.408264893634096338e-04 2.843056016654133857e-03 6.618734942587843964e-03 1.874688349599920416e-03 1.974512735086547937e-03 -2.266374018127033547e-03 1.236716535249007126e-03 -6.132098012731300278e-03 -2.926781017961302411e-03 3.381711276119330877e-03 -7.363259406421959925e-04 1.896633930431449090e-05 1.841137088220975949e-03 4.875131606611307947e-04 -3.009340413886629935e-04 -2.799206978390604474e-03 -6.016541504464559785e-03 4.349652261617055135e-03 -5.210041214466619051e-04 3.095539933958199315e-04 1.066029228157501811e-03 -9.296762303844778195e-04 4.272817541472135293e-03 -1.920439715865599568e-03 -4.875487074211375289e-03 -2.229597403162792042e-03 1.088966958348529863e-05 4.557948233191794684e-04 8.104688704492699070e-04 6.464717951933540057e-04 2.768570159318070167e-03 4.212381261485954702e-03 -3.654828572303546290e-03 9.929702894877880451e-04 7.674525145174551817e-04 1.670779885209618988e-03 -2.254350725033961271e-03 -6.157392621996118703e-04 2.690780887711650103e-03
3.358823529411764639e+02 -2.354277236029255383e-04 -2.684127900541827651e-04 2.877336850185945602e-04 1.695047350251752821e-03 1.114481514587852213e-03 -2.369452494810408223e-04 7.098822748095686601e-04 -6.118659503771097137e-03 -4.227056403929988285e-04 3.193874239939119546e-03 8.076455974428043208e-03 -7.161956764100732044e-03 3.091283570347800463e-03 2.767660142800642750e-03 8.319799457814506041e-03 6.744398117566628714e-03 5.911076317423785524e-03 2.777036141541462666e-03 7.328870408118933095e-03 -7.129422980326393039e-04 -3.633300333872357610e-03 3.303353350582011964e-03 -5.481136595416726508e-03 -4.562579567753037926e-03 1.152545826245702327e-03 -4.814974258885322870e-04 1.478322693772901987e-03 -6.718518917775423947e-03 4.334788297254368698e-03 7.310188034579776124e-03 7.511424911780441999e-04 7.220737771713428479e-04 -2.494478395077155079e-03 -6.801371977670078207e-03 -5.760809165949735272e-03 1.685011858360857149e-03 -1.876980099970448684e-03 -1.785275404470299931e-03 -1.950229048057843776e-04 1.110776263937865655e-03 8.611474576746548995e-03 -1.621198783048585085e-03 -2.442211199094503158e-03 -1.686808727395514842e-03 4.100814429036131643e-03 5.476599690778796541e-03 -2.165776967547205936e-04 1.966242570924561957e-03 1.203935054908466824e-03 1.725870937631583061e-03 -1.347841191543478140e-03 -4.555044504814596655e-03 2.587750118376764435e-04 -4.409812020540073048e-03 -1.853281354481825429e-03 1.222863319521355803e-03 1.901589456017016870e-03 -6.342045244101130082e-03 -2.514888012697274501e-03 -6.309674733363655752e-03 -5.542788539065521269e-03 -6.646065489395619778e-04 -3.304543452006426275e-03 -7.326894226310599195e-03 7.453260594876055280e-03 -7.549973218451469504e-05 -7.832182784617836013e-03 -1.236019843866053951e-03 -2.013815917572562165e-03 -5.364499039754604126e-03 -8.303798773663648158e-03 7.088817849245752792e-04 2.400563000989845014e-03 5.642855062849736272e-03 1.589651107034703668e-03 1.670731658092249267e-03 -1.918385719836873801e-03 1.048224383063859006e-03 -5.226086045984826636e-03 -2.481955699267431384e-03 2.863834569530087151e-03 -6.233846762602756903e-04 1.609197368142395944e-05 1.565793632575570270e-03 4.133344150074944718e-04 -2.551359086630544432e-04 -2.372576664821756179e-03 -5.128023938553221903e-03 3.692619408349742324e-03 -4.420419706503235773e-04 2.619939726246543429e-04 9.049172408097877832e-04 -7.859280613246803337e-04 3.626199746079532011e-03 -1.631247830703672899e-03 -4.163731291616614046e-03 -1.886841107477308949e-03 9.225392274053130501e-06 3.861036165891468730e-04 6.863169649077551166e-04 5.476027984142578910e-04 2.358810324142247145e-03 3.584419052493011387e-03 -3.096053059918293503e-03 8.443791250790668151e-04 6.483874001948538700e-04 1.411102319757317211e-03 -1.912124429748602011e-03 -5.194197874779423602e-04 2.288469536087369381e-03
3.364705882352941444e+02 -1.979536972055929891e-04 -2.248886343259152184e-04 2.430654884107842195e-04 1.425536692887762174e-03 9.347010835236421256e-04 -1.985645492523078657e-04 5.983558057341814822e-04 -5.222779440232609358e-03 -3.575699030402289843e-04 2.708555206366327316e-03 6.930425288239594993e-03 -6.107964967668367759e-03 2.628967508213273397e-03 2.345935121535452656e-03 7.165611085836636092e-03 5.763086310827609041e-03 5.082492854741326414e-03 2.352273901721152385e-03 6.300766406016359601e-03 -6.044888476352460946e-04 -3.076179313350579925e-03 2.813506303807459998e-03 -4.701638191512285368e-03 -3.919574820693773679e-03 9.732041544313793343e-04 -4.077831353300048474e-04 1.251508316171404730e-03 -5.733189470371342217e-03 3.694087669631554178e-03 6.287160250253870548e-03 6.328832024889019395e-04 6.086512317227904621e-04 -2.119413817983981010e-03 -5.818370095037881003e-03 -4.907483866878880122e-03 1.418193144211760039e-03 -1.587973803126147302e-03 -1.528677285725474301e-03 -1.639685990746508751e-04 9.401548455143781411e-04 7.405477570179953319e-03 -1.375858153733410319e-03 -2.069962059862383557e-03 -1.429006147248223406e-03 3.474050123294247869e-03 4.669537027795955288e-03 -1.815349643448475609e-04 1.665530623371444660e-03 1.015526963229623119e-03 1.461893791288478234e-03 -1.150244403573793877e-03 -3.874818201647839411e-03 2.190904846140687547e-04 -3.750006868937590023e-03 -1.557312271383539271e-03 1.031920588007764414e-03 1.612517902749820153e-03 -5.425945360533873316e-03 -2.131538750560152753e-03 -5.377943063664402355e-03 -4.724126202166747251e-03 -5.624183331308634654e-04 -2.809228385728301716e-03 -6.304872400548499310e-03 6.364557707827091931e-03 -6.519473958149705052e-05 -6.740443647992883786e-03 -1.050912023731045974e-03 -1.717878166707676683e-03 -4.569358938547056839e-03 -7.147697449919407885e-03 5.971766820878286449e-04 2.025349999868455899e-03 4.806925700552681056e-03 1.346875293925865183e-03 1.412568558681760690e-03 -1.622541463722638327e-03 8.877523700641804785e-04 -4.450298882986496521e-03 -2.103054574897338536e-03 2.423338726502515406e-03 -5.273480895587190223e-04 1.364228312208008209e-05 1.330550271454790726e-03 3.501626527885943921e-04 -2.161349206773629215e-04 -2.009365700239001701e-03 -4.367150928535392003e-03 3.132316331838099106e-03 -3.747466962396126412e-04 2.215653701139175247e-04 7.675378669993761487e-04 -6.638826463940696422e-04 3.074968386601670354e-03 -1.384488764488558087e-03 -3.552952464188287481e-03 -1.595511941104402502e-03 7.809248117450616098e-06 3.268080272235784184e-04 5.807216342673371910e-04 4.634855127671082048e-04 2.008057376378583406e-03 3.047596048410274126e-03 -2.620620397012917921e-03 7.174427600863960515e-04 5.473637229772309633e-04 1.190848926271101914e-03 -1.620552932559451466e-03 -4.378252830865124868e-04 1.944734150239097901e-03
3.370588235294117680e+02 -1.663179076731570135e-04 -1.882810325390997194e-04 2.051720508345590218e-04 1.197964734057833762e-03 7.833319999859324504e-04 -1.662761176803747003e-04 5.039626409347305793e-04 -4.454445361121444832e-03 -3.022345549851232537e-04 2.295165402467572342e-03 5.942066196480605411e-03 -5.204862485761674144e-03 2.234002867216772908e-03 1.986901819538401236e-03 6.166327121051241172e-03 4.920530987403296495e-03 4.366389642767069638e-03 1.990913801754590640e-03 5.412344157498078304e-03 -5.121284713762450438e-04 -2.602440980230183616e-03 2.394366520510811738e-03 -4.029645944906182047e-03 -3.364374247352645148e-03 8.211314133486063288e-04 -3.450825569479050860e-04 1.058661919442171508e-03 -4.888391991781523838e-03 3.145542236289989180e-03 5.402759177827625055e-03 5.328329399894971658e-04 5.126500998662839904e-04 -1.799307300272022948e-03 -4.973353837795426585e-03 -4.177186454204585668e-03 1.192712292485981034e-03 -1.342415738234860410e-03 -1.307880862964286382e-03 -1.377543239930390721e-04 7.951179542981898652e-04 6.363028833192842584e-03 -1.166719250540989086e-03 -1.753068187259317848e-03 -1.209651707116481643e-03 2.940763131064624315e-03 3.978184171340995272e-03 -1.520480897564027549e-04 1.409698791161321163e-03 8.559421453012194597e-04 1.237318572496380002e-03 -9.808179756397685575e-04 -3.293531173339432367e-03 1.853461714167301184e-04 -3.186370723300858444e-03 -1.307616492854827206e-03 8.701188263700670132e-04 1.366308774532203237e-03 -4.638361078459606567e-03 -1.805199012369953539e-03 -4.580091978467240067e-03 -4.023124747025607489e-03 -4.755694699690687748e-04 -2.386246807834986258e-03 -5.420844798262826683e-03 5.430453339725171621e-03 -5.624821134698151541e-05 -5.795998594503567157e-03 -8.928115144519050946e-04 -1.464240634470703522e-03 -3.888939071152920906e-03 -6.147369743407065691e-03 5.026878352038513173e-04 1.707462875574857928e-03 4.091528086178954256e-03 1.140278007744416431e-03 1.193365232502949236e-03 -1.371248419800254279e-03 7.512558598578053352e-04 -3.786622057784331478e-03 -1.780593336315007113e-03 2.048991068266325759e-03 -4.457576573743547341e-04 1.155637732704748004e-05 1.129747552662197863e-03 2.964121980260245271e-04 -1.829516548045706092e-04 -1.700419821327699751e-03 -3.716177000744064294e-03 2.654927771039421614e-03 -3.174454031551653056e-04 1.872289931437033476e-04 6.504994394230557975e-04 -5.603536805451103707e-04 2.605470207117654546e-03 -1.174124418283166047e-03 -3.029305933260058575e-03 -1.348110803772433614e-03 6.605303751164101458e-06 2.764018065722250914e-04 4.909882535832991437e-04 3.919819341328740396e-04 1.708086355160230154e-03 2.589098285619004756e-03 -2.216456103628004076e-03 6.091027285848872293e-04 4.617222228029432178e-04 1.004196386612830243e-03 -1.372358767887838990e-03 -3.687642481987427490e-04 1.651310098608311204e-03
3.376470588235293917e+02 -1.396331772604381626e-04 -1.575161914946959286e-04 1.730534537167636750e-04 1.005966603915656047e-03 6.559897322233858167e-04 -1.391352881434515651e-04 4.241384851007587811e-04 -3.796095108038234373e-03 -2.552656617610589993e-04 1.943352555631019029e-03 5.090478601072294211e-03 -4.431745390177833574e-03 1.896877496476497655e-03 1.681507784078142744e-03 5.301977205677078052e-03 4.197770551945252497e-03 3.748078742980457279e-03 1.683759731918284611e-03 4.645346600802729466e-03 -4.335419806207754605e-04 -2.199955552270893046e-03 2.036048765658441100e-03 -3.450870503622464457e-03 -2.885436177079666372e-03 6.922918195294686366e-04 -2.917965120731200548e-04 8.948387430429812156e-04 -4.164737920818917596e-03 2.676318483213629279e-03 4.638919032254879352e-03 4.482596638957848695e-04 4.314634812937148288e-04 -1.526347432543297567e-03 -4.247618870902348381e-03 -3.552739475054058661e-03 1.002325407999605979e-03 -1.133954540173610004e-03 -1.118065678683757965e-03 -1.156442686302283651e-04 6.719361162804495012e-04 5.462796092381502419e-03 -9.885969636687489716e-04 -1.483533572616477659e-03 -1.023173948680894093e-03 2.487407252027549944e-03 3.386484729283906637e-03 -1.272566784990659212e-04 1.192238374693421017e-03 7.208863018256403367e-04 1.046430359134990730e-03 -8.356771482997976284e-04 -2.797234583752268751e-03 1.566778232965631440e-04 -2.705314203692707996e-03 -1.097135391890691290e-03 7.331277119918874069e-04 1.156790181297451866e-03 -3.961883617311230156e-03 -1.527633255532182249e-03 -3.897498052851417795e-03 -3.423412807308613432e-03 -4.018213322811146925e-04 -2.025355745223724694e-03 -4.656900395143184941e-03 4.629721093018251792e-03 -4.848852071308244857e-05 -4.979746009619165879e-03 -7.578977542299226555e-04 -1.247053235596393009e-03 -3.307209395828966583e-03 -5.282644065185042662e-03 4.228294819796646754e-04 1.438373009080943631e-03 3.479831431445581155e-03 9.646211706982764020e-04 1.007402711541504443e-03 -1.157982017330483728e-03 6.352537505285567408e-04 -3.219362084684853666e-03 -1.506404207027928471e-03 1.731133781229677888e-03 -3.765002822791334888e-04 9.781786440817258926e-06 9.584948721785224940e-04 2.507178186092157515e-04 -1.547428791985538347e-04 -1.437860195080854688e-03 -3.159726868767202563e-03 2.248540582876548070e-03 -2.686965497904544994e-04 1.580919773624852567e-04 5.508775925999195118e-04 -4.726072687274824832e-04 2.205936389515239862e-03 -9.949446005563793594e-04 -2.580767329423913799e-03 -1.138195306518153789e-03 5.582650513904997410e-06 2.335894577187149835e-04 4.148001468174807526e-04 3.312532887346057719e-04 1.451774165409937560e-03 2.197845188256761662e-03 -1.873174871785837766e-03 5.167164194064286040e-04 3.891828800610991519e-04 8.461538221488012828e-04 -1.161273089397140724e-03 -3.103610790221299773e-04 1.401055158690735474e-03
3.382352941176470722e+02 -1.171432246656267055e-04 -1.316825137395261980e-04 1.458526389826345711e-04 8.441152212978577426e-04 5.489477214872564821e-04 -1.163398970161762887e-04 3.566911068755195739e-04 -3.232487776502300427e-03 -2.154321862108543465e-04 1.644202571990453039e-03 4.357407552652036754e-03 -3.770491949328355456e-03 1.609373058586857901e-03 1.421962765168573390e-03 4.555038543498539545e-03 3.578328182941098445e-03 3.214699249884914092e-03 1.422904243007981368e-03 3.983790147767112856e-03 -3.667328482412970112e-04 -1.858298580988377181e-03 1.729997078400178972e-03 -2.952836665985975918e-03 -2.472665619442829688e-03 5.832279483659740405e-04 -2.465501805426136310e-04 7.557897459198065909e-04 -3.545407120022014882e-03 2.275301037496654626e-03 3.979816068297220913e-03 3.768288250637184139e-04 3.628626399390800627e-04 -1.293792884127013777e-03 -3.624889462679557490e-03 -3.019271901894807989e-03 8.417037453181959016e-04 -9.571366655140831113e-04 -9.550323643801124276e-04 -9.701123735809292104e-05 5.674053882620360128e-04 4.686097160926534430e-03 -8.370226376433010989e-04 -1.254477569872679797e-03 -8.647812833823592584e-04 2.102332653785655980e-03 2.880523234988428740e-03 -1.064299475178899886e-04 1.007552594745589683e-03 6.066850732891448635e-04 8.843150579875338211e-04 -7.114515339181538183e-04 -2.373873065385453864e-03 1.323427160775752208e-04 -2.295097422567136079e-03 -9.198562197211807403e-04 6.172402808173053012e-04 9.786481100746953835e-04 -3.381362835090227607e-03 -1.291754815844976855e-03 -3.314027980934773285e-03 -2.910808635175335911e-03 -3.392511485854578430e-04 -1.717709612052122081e-03 -3.997340598048200640e-03 3.943931104992593958e-03 -4.176458432077241335e-05 -4.274941472820927360e-03 -6.428708077964069437e-04 -1.061242991383599997e-03 -2.810294161719917045e-03 -4.535833828121588196e-03 3.553924965773961209e-04 1.210781037573406592e-03 2.957265150143095159e-03 8.153992614438807223e-04 8.497741560650329392e-04 -9.771418639145576773e-04 5.367533143510570684e-04 -2.734938824559835033e-03 -1.273461064331608003e-03 1.461472373601321222e-03 -3.177617701842435933e-04 8.273347185764209653e-06 8.125709095222468856e-04 2.119053921858355359e-04 -1.307834333068672050e-04 -1.214913320520634964e-03 -2.684494376166031426e-03 1.902893516196153432e-03 -2.272593496847028253e-04 1.333880305715514389e-04 4.661537289277305337e-04 -3.983002658614281737e-04 1.866233951678617766e-03 -8.424586468366710617e-04 -2.196905661306624343e-03 -9.602370179841979679e-04 4.714731400517236774e-06 1.972579834055954531e-04 3.501677905638320870e-04 2.797199240479805987e-04 1.232959121552370217e-03 1.864266157738081334e-03 -1.581854304391870809e-03 4.380031475959126112e-04 3.277929677861441738e-04 7.124484345579289949e-04 -9.819019503284375557e-04 -2.610122721841544205e-04 1.187804215582636148e-03
3.388235294117647527e+02 -9.820404228591460782e-05 -1.100069047967758496e-04 1.228358061240126609e-04 7.077880407212528606e-04 4.590419399109276107e-04 -9.720949346163560486e-05 2.997483826736020793e-04 -2.750412677515023073e-03 -1.816784521005733726e-04 1.390048405586861470e-03 3.726928215000563805e-03 -3.205410853926479991e-03 1.364397216422300269e-03 1.201570292335670540e-03 3.910155548485320758e-03 3.047903410989507428e-03 2.755004285777548460e-03 1.201555586466086399e-03 3.413699241782921449e-03 -3.099842530537252915e-04 -1.568521196881145522e-03 1.468814658303033756e-03 -2.524666503535033611e-03 -2.117243973863095624e-03 4.909810894757473754e-04 -2.081629499301438399e-04 6.378677985085605667e-04 -3.015824963199855227e-03 1.932873903514739471e-03 3.411607794722801550e-03 3.165476740490675688e-04 3.049442067515491218e-04 -1.095832512777198666e-03 -3.091020314686637304e-03 -2.563924546265762203e-03 7.063044581634795325e-04 -8.072846499769884823e-04 -8.151271016596016526e-04 -8.132118767474765301e-05 4.787763707495247068e-04 4.016591361208739913e-03 -7.081494405732959843e-04 -1.059985978062523817e-03 -7.303575326801980743e-04 1.775531607018138126e-03 2.448253958866640229e-03 -8.894784135600301584e-05 8.508342436844276366e-04 5.101979729715853474e-04 7.467519105095356399e-04 -6.052204556577496595e-04 -2.013039832120010805e-03 1.117032727937757524e-04 -1.945589937618148876e-03 -7.706625224176289878e-04 5.192866387367428473e-04 8.273123541541814278e-04 -2.883630168803596842e-03 -1.091472472098117125e-03 -2.815722057642673290e-03 -2.473041709068324497e-03 -2.862092825468226325e-04 -1.455678334568233975e-03 -3.428423453001106565e-03 3.357100680479836122e-03 -3.594357725588804653e-05 -3.666925459832904525e-03 -5.448836907814926835e-04 -9.024159770934389807e-04 -2.386196427817233179e-03 -3.891450956348855000e-03 2.984915566062030351e-04 1.018446555956926654e-03 2.511230043795010733e-03 6.887412015411265454e-04 7.162742171904801529e-04 -8.239261396256332111e-04 4.531845593719220221e-04 -2.321614567885620529e-03 -1.075726684916608177e-03 1.232891160923340907e-03 -2.679862819373010391e-04 6.992229625728005278e-06 6.883361918495492721e-04 1.789662924465094940e-04 -1.104503950275638024e-04 -1.025762437812681883e-03 -2.278977526693240843e-03 1.609158162518187565e-03 -1.920670217915520725e-04 1.124602165803015893e-04 3.941611755031329371e-04 -3.354266362801270533e-04 1.577648193447218818e-03 -7.128004330831769382e-04 -1.868682859266862289e-03 -8.094970757316261077e-04 3.978753883273358310e-06 1.664522492721645804e-04 2.953845097090313193e-04 2.360262974421768658e-04 1.046317399671263483e-03 1.580104314306831357e-03 -1.334837325096719035e-03 3.709968485586017045e-04 2.758818994722256617e-04 5.994261899363196189e-04 -8.296094542426712872e-04 -2.193484333824065281e-04 1.006241630718420150e-03
3.394117647058823195e+02 -8.226778698152460180e-05 -9.183438320032284784e-05 1.033753531923510088e-04 5.930518440058109167e-04 3.835886836750667284e-04 -8.116745167698100440e-05 2.517132221392573269e-04 -2.338431970532680888e-03 -1.531001336855177149e-04 1.174302784561447174e-03 3.185165068845720142e-03 -2.722930760781954503e-03 1.155836218499507045e-03 1.014580358329569961e-03 3.353888417485773564e-03 2.594098997002235521e-03 2.359170352954132344e-03 1.013886593425973809e-03 2.922868891691894708e-03 -2.618215049485153731e-04 -1.322949548264510744e-03 1.246114047246232740e-03 -2.156886195840516766e-03 -1.811476982260738474e-03 4.130219919793402111e-04 -1.756220759722363755e-04 5.379457865474963647e-04 -2.563376985873856533e-03 1.640727686840937234e-03 2.922199713743239748e-03 2.657169991691390163e-04 2.560843776135770275e-04 -9.274625551164725288e-04 -2.633732005924059160e-03 -2.175590436753227584e-03 5.922586867813879651e-04 -6.803909761975866430e-04 -6.951744801140490038e-04 -6.811986029186778934e-05 4.036922612839319736e-04 3.440003466762831582e-03 -5.986694690722481902e-04 -8.949808280729361484e-04 -6.163705158572979409e-04 1.498416325321204464e-03 2.079261474446545202e-03 -7.428478775116161979e-05 7.179587395661830200e-04 4.287436343170883683e-04 6.301195915938956728e-04 -5.144558478805639698e-04 -1.705761205138997235e-03 9.421277093683943073e-05 -1.648059903478279065e-03 -6.452049936488147295e-04 4.365590115857375698e-04 6.988567028188409722e-04 -2.457252777064722078e-03 -9.215563418652055480e-04 -2.390515032996156763e-03 -2.099507196846166993e-03 -2.412819481009207258e-04 -1.232687659938635095e-03 -2.938134476387927602e-03 2.855385305611280421e-03 -3.090887360623007022e-05 -3.142879509527426660e-03 -4.614829377532375133e-04 -7.667707871526416308e-04 -2.024555339736886124e-03 -3.335949306727492743e-03 2.505193611923205643e-04 8.560400310747054951e-04 2.130843915908897223e-03 5.813246376040464170e-04 6.033025869533921448e-04 -6.942221626178476631e-04 3.823429009662888045e-04 -1.969255479261892375e-03 -9.080191774774340431e-04 1.039292259627237931e-03 -2.258409727876028506e-04 5.905085203479335325e-06 5.826563841848019995e-04 1.510349942004206433e-04 -9.320924070497498969e-05 -8.654178443849180500e-04 -1.933245047158709115e-03 1.359747169049675209e-03 -1.622033832285764280e-04 9.474595352856990632e-05 3.330380469273839269e-04 -2.822707745411312031e-04 1.332692391261508557e-03 -6.026451837873007681e-04 -1.588276757301424055e-03 -6.819177290947137310e-04 3.355177353417267896e-06 1.403534696475633415e-04 2.489878422104828794e-04 1.990104380349892288e-04 8.872542777968664288e-04 1.338244121062183867e-03 -1.125559833232456057e-03 3.140045500132064181e-04 2.320219702891143068e-04 5.039655049399417372e-04 -7.004155226716682293e-04 -1.842013159816296357e-04 8.517893558582032964e-04
3.400000000000000000e+02 -6.886889292055197018e-05 -7.661058151104080415e-05 8.693506331732793674e-05 4.965633122717903443e-04 3.203139136522678500e-04 -6.772560852377994256e-05 2.112245612893988932e-04 -1.986653943454944928e-03 -1.289233725739712935e-04 9.913122337450578671e-04 2.720042365374980477e-03 -2.311326998843369826e-03 9.784256135787930235e-04 8.560609018421669845e-04 2.874488304654912105e-03 2.206179835458160505e-03 2.018627424893326520e-03 8.549030176595821947e-04 2.500653067373358011e-03 -2.209792519154309522e-04 -1.115010083332466841e-03 1.056385498113119291e-03 -1.841254388449143362e-03 -1.548659260823856843e-03 3.471907689087665606e-04 -1.480597385601700798e-04 4.533453027005680249e-04 -2.177157510816457153e-03 1.391689955251121467e-03 2.501037129328787054e-03 2.228893629548163349e-04 2.148992724250160889e-04 -7.843791173581483520e-04 -2.242377088082169422e-03 -1.844686635818211344e-03 4.962749082656779448e-04 -5.730257369812545706e-04 -5.924180356354892887e-04 -5.702124910097461759e-05 3.401349267876985260e-04 2.943877495295728602e-03 -5.057413181543550561e-04 -7.551067827365286591e-04 -5.197924227918096322e-04 1.263625384620256425e-03 1.764550095239199919e-03 -6.199573588413088542e-05 6.053909681498785469e-04 3.600350454753826058e-04 5.313143864253526156e-04 -4.369719317908585298e-04 -1.444307809511194548e-03 7.940289000449142032e-05 -1.394989149881761641e-03 -5.397901560960966134e-04 3.667467650360359743e-04 5.899117950726410087e-04 -2.092316168369032572e-03 -7.775208447038486122e-04 -2.027990627868853177e-03 -1.781050008076010731e-03 -2.032587742429903016e-04 -1.043079240417670939e-03 -2.515982117120703701e-03 2.426806094737878668e-03 -2.655819725859773347e-05 -2.691608447678091060e-03 -3.905565155609348922e-04 -6.510223112376588165e-04 -1.716432952536890667e-03 -2.857495398485570756e-03 2.101070281539287727e-04 7.190145965151115278e-04 1.806717979832683091e-03 4.903011881729496145e-04 5.077801786835614301e-04 -5.845111789388316489e-04 3.223392177669670480e-04 -1.669122148745861211e-03 -7.658955510873870394e-04 8.754555524537778466e-04 -1.901852290198622611e-04 4.983303602938908432e-06 4.928351138838418712e-04 1.273695669944902107e-04 -7.860179522181752877e-05 -7.296037964370744944e-04 -1.638731349430821993e-03 1.148146820983849759e-03 -1.368824343129917476e-04 7.976396758419618466e-05 2.811860858787313734e-04 -2.373669840800217391e-04 1.124941621888928553e-03 -5.091367513972305543e-04 -1.348925093931574275e-03 -5.740281056794920402e-04 2.827266864025475883e-06 1.182604901382713284e-04 2.097259153092720764e-04 1.676773561100767846e-04 7.518086371546453105e-04 1.132560313991888600e-03 -9.484006500994865722e-04 2.655700224602099277e-04 1.949943162505693352e-04 4.234024153990914498e-04 -5.909067753605086373e-04 -1.545753005197558392e-04 7.205088232975425744e-04
3.405882352941176805e+02 -5.761210602334628796e-05 -6.386674471173811943e-05 7.305727254625146575e-05 4.154833791179078227e-04 2.672925933350804237e-04 -5.647109320941607176e-05 1.771236532062405128e-04 -1.686533429736353316e-03 -1.084866395884813027e-04 8.362298103149037919e-04 2.321062754675151402e-03 -1.960481376296850046e-03 8.276371619080714675e-04 7.217859293720014103e-04 2.461696789183471807e-03 1.874860446338227340e-03 1.725907758688564929e-03 7.203289346508728701e-04 2.137776395827710972e-03 -1.863729060244394709e-04 -9.390776645543179009e-04 8.948815132318184125e-04 -1.570610132905477484e-03 -1.322954064518272119e-03 2.916448451902612315e-04 -1.247330759704172399e-04 3.817746511336999986e-04 -1.847748602306184497e-03 1.179576511623077993e-03 2.138919989467119327e-03 1.868330414881756794e-04 1.802106736754123138e-04 -6.628842561348891006e-04 -1.907733541188331343e-03 -1.562954205428938479e-03 4.155555791977323253e-04 -4.822564221468497291e-04 -5.044676869490898226e-04 -4.769767076807949547e-05 2.863780336875975806e-04 2.517357588742942433e-03 -4.269268711664622089e-04 -6.366322394793494767e-04 -4.380305123479191960e-04 1.064855120503419277e-03 1.496358852863873641e-03 -5.170418677505618748e-05 5.101041969522915462e-04 3.021235349131294774e-04 4.476789806680693930e-04 -3.708809627067012767e-04 -1.222029128932751538e-03 6.687288742166065745e-05 -1.179911509346115916e-03 -4.512845671155587082e-04 3.078801603865974628e-04 4.975891895760217601e-04 -1.780232202705233756e-03 -6.555228323471479820e-04 -1.719165969473069678e-03 -1.509775301831466597e-03 -1.711046083657540614e-04 -8.819882281794362826e-04 -2.152815459797574778e-03 2.061009938887916129e-03 -2.280196468023984856e-05 -2.303346318372860146e-03 -3.302882606084198060e-04 -5.523347370331350720e-04 -1.454127181875685239e-03 -2.445764072736678237e-03 1.760898984705936473e-04 6.034950242762689371e-04 1.530760707398686653e-03 4.132313854623104687e-04 4.270763848590961183e-04 -4.917856980616375825e-04 2.715563966602304864e-04 -1.413685874190155189e-03 -6.455503248960764570e-04 7.369169360344726997e-04 -1.600439579379459389e-04 4.202365385374704397e-06 4.165552528487924530e-04 1.073346862024494625e-04 -6.623573215723375799e-05 -6.146601999020291206e-04 -1.388056810223918915e-03 9.687709782884492554e-04 -1.154305657174623206e-04 6.710296621590224530e-05 2.372347826874853112e-04 -1.994643562943904482e-04 9.488880108932644256e-04 -4.298241620691398840e-04 -1.144788357785328373e-03 -4.828623899140361978e-04 2.380705183952047441e-06 9.957350870502199849e-05 1.765282283906845532e-04 1.411759290083115792e-04 6.365693120682160188e-04 9.577857080924979992e-04 -7.985510600016700739e-04 2.244420125411159493e-04 1.637594179760294949e-04 3.554658067042314770e-04 -4.981589111301077321e-04 -1.296227380610351398e-04 6.090152585269326862e-04
3.411764705882353041e+02 -4.816219486882294574e-05 -5.320688813539751962e-05 6.135175432553132129e-05 3.474035445255467037e-04 2.228966993593767406e-04 -4.705504904824135541e-05 1.484249740779517086e-04 -1.430696626099323175e-03 -9.122501090273197266e-05 7.049043650185597698e-04 1.979111440502172910e-03 -1.661671605257817805e-03 6.995800248458962757e-04 6.081381715606140603e-04 2.106567295605380179e-03 1.592118100186030701e-03 1.474511673411192441e-03 6.065072170964832046e-04 1.826167099134077100e-03 -1.570737892718016210e-04 -7.903436870145517934e-04 7.575158359692420185e-04 -1.338738294028315491e-03 -1.129286564414984330e-03 2.448139264031695380e-04 -1.050068481295431897e-04 3.212750298832331387e-04 -1.567025974272243062e-03 9.990609500299006338e-04 1.827838283838113635e-03 1.565009152377194160e-04 1.510164685259665239e-04 -5.598040219384652679e-04 -1.621822882812321053e-03 -1.323282895908919812e-03 3.477253491675231915e-04 -4.055783571053128483e-04 -4.292533668398741697e-04 -3.987122604213865228e-05 2.409463779030517809e-04 2.150993464723300989e-03 -3.601362615153041991e-04 -5.363633178858863296e-04 -3.688668922360647368e-04 8.967132884028960116e-04 1.267999309679971893e-03 -4.309194010467434207e-05 4.295096523909049265e-04 2.533503773943834359e-04 3.769406122131411640e-04 -3.145543709958146194e-04 -1.033209120787982474e-03 5.628020027255413872e-05 -9.972715105666476489e-04 -3.770325000778348458e-04 2.582817565542942177e-04 4.194153068875411720e-04 -1.513569948589363074e-03 -5.522729913937335193e-04 -1.456302774241849049e-03 -1.278882306821481265e-03 -1.439350606478586258e-04 -7.452364660035503416e-04 -1.840662290370507440e-03 1.749058637545926375e-03 -1.956180482081067804e-05 -1.969583913861228889e-03 -2.791180956158801968e-04 -4.682627691836611515e-04 -1.231008073585029578e-03 -2.091756811157760056e-03 1.474780572952375511e-04 5.061818487274578589e-04 1.296006148528078663e-03 3.480281344692176169e-04 3.589460497463707210e-04 -4.134778465347185568e-04 2.286115979383291773e-04 -1.196467930258420746e-03 -5.437274501878875451e-04 6.198627760773895226e-04 -1.345844199618764022e-04 3.541278856377101440e-06 3.518276856682412920e-04 9.038688178886296798e-05 -5.577546015713611658e-05 -5.174571957838429437e-04 -1.174870349044602634e-03 8.168340116895090675e-04 -9.727109339171948561e-05 5.641182265157558952e-05 2.000101505217114189e-04 -1.674963781708241339e-04 7.998147590913080775e-04 -3.626063466763718179e-04 -9.708293784904358089e-04 -4.058889231504330774e-04 2.003256138903661202e-06 8.377995378210566170e-05 1.484803162639841733e-04 1.187788509181599830e-04 5.386018797019417057e-04 8.093958567106249386e-04 -6.719016148909776835e-04 1.895465322349715537e-04 1.374316157214517493e-04 2.982214260801035349e-04 -4.196692306953239649e-04 -1.086226843270752222e-04 5.144028992185701145e-04
3.417647058823529278e+02 -4.023510444366754465e-05 -4.429680903004482490e-05 5.148610957457173465e-05 2.902825140384646769e-04 1.857506732798827620e-04 -3.918298061403476911e-05 1.242911409487856356e-04 -1.212787207257137127e-03 -7.665653316799145214e-05 5.937842393448321265e-04 1.686282725527766656e-03 -1.407386576801442600e-03 5.909144701877242596e-04 5.120245134388547214e-04 1.801306148537556735e-03 1.351028492781899482e-03 1.258788335696702258e-03 5.103130989535106191e-04 1.558808598576357602e-03 -1.322875162339355929e-04 -6.647016440240814238e-04 6.407749689826863944e-04 -1.140250554105022270e-03 -9.632492897810878037e-04 2.053610698050895120e-04 -8.833839136590107891e-05 2.701738413469792987e-04 -1.327988682105951147e-03 8.455604644731990263e-04 1.560825939821569586e-03 1.310036591956417903e-04 1.264651423231922698e-04 -4.724169866512907502e-04 -1.377749860975101487e-03 -1.119557783723993012e-03 2.907692667887154894e-04 -3.408543997248571905e-04 -3.649841058371202642e-04 -3.330645848033374505e-05 2.025805972466623926e-04 1.836567573840409973e-03 -3.035799342207498065e-04 -4.515691119952830283e-04 -3.104062190161526488e-04 7.545918674747125994e-04 1.073713330237690937e-03 -3.589031559688440437e-05 3.613953492633798599e-04 2.123050245412588712e-04 3.171573543701951205e-04 -2.665886641553563111e-04 -8.729398747594805481e-04 4.733228936923778655e-05 -8.423009824422593092e-04 -3.147852293588187644e-04 2.165244141752659991e-04 3.532739672590882313e-04 -1.285906653666173995e-03 -4.649588513225763609e-04 -1.232741830223171983e-03 -1.082518881720607312e-03 -1.209952981123236750e-04 -6.292392213834030077e-04 -1.572584996857315578e-03 1.483243706883669412e-03 -1.676923368782013394e-05 -1.682915359887067952e-03 -2.357072854674421500e-04 -3.967000612178785243e-04 -1.041374509445228266e-03 -1.787640071175948010e-03 1.234309187276777314e-04 4.242685384729189750e-04 1.096463584155887069e-03 2.929075992431069242e-04 3.014748711886616642e-04 -3.473972623611125388e-04 1.923234956443136453e-04 -1.011898876012551352e-03 -4.576437567732638827e-04 5.210383389369688039e-04 -1.130961484596335325e-04 2.982090580445197053e-06 2.969466184328727011e-04 7.606171987115697671e-05 -4.693420396485325515e-05 -4.353210080386688127e-04 -9.937117759759523175e-04 6.882402148999077754e-04 -8.191080024024699924e-05 4.739106895580501533e-05 1.685075579846236256e-04 -1.405546373011528597e-04 6.736865604913996582e-04 -3.056840078696250050e-04 -8.227076478506316435e-04 -3.409487743103045026e-04 1.684472488551987728e-06 7.044223321773325280e-05 1.248017826326010195e-04 9.986523888431270146e-05 4.553846388923180944e-04 6.835082621964756744e-04 -5.649439347640857314e-04 1.599626777838229741e-04 1.152570640018580646e-04 2.500235224360768636e-04 -3.532980014901734812e-04 -9.096254707271688117e-05 4.341797420487095659e-04
3.423529411764706083e+02 -3.359036803573616615e-05 -3.685470380238832028e-05 4.317746942459752457e-05 2.423918271255502384e-04 1.546933362876914237e-04 -3.260650966753790223e-05 1.040113136853572211e-04 -1.027331610700055664e-03 -6.437043974073409646e-05 4.998336969790681929e-04 1.435727053199400971e-03 -1.191164838870078201e-03 4.987767079119209603e-04 4.308026465847465051e-04 1.539131557405421088e-03 1.145621538071673468e-03 1.073830300991099242e-03 4.290793050038395839e-04 1.329608244833521647e-03 -1.113352503758037525e-04 -5.586480396697863582e-04 5.416409880979487562e-04 -9.704804227120968985e-04 -8.210185190612824188e-04 1.721491006386898404e-04 -7.426457396848644681e-05 2.270442651432346011e-04 -1.124610024235849935e-03 7.151360870375552282e-04 1.331831379332451418e-03 1.095866768980922423e-04 1.058338337447472339e-04 -3.983920620659021851e-04 -1.169561654601662323e-03 -9.465252714940624017e-04 2.429797039197502807e-04 -2.862627810562563650e-04 -3.101120464935627177e-04 -2.780405837996011037e-05 1.702066457284635956e-04 1.566942146712038990e-03 -2.557270173743419008e-04 -3.799168767760822919e-04 -2.610303784529160727e-04 6.345568634516087023e-04 9.085488190938572099e-04 -2.987265344288332045e-05 3.038731085139395561e-04 1.777891074734828600e-04 2.666715872753169271e-04 -2.257755627446789257e-04 -7.370116845285348568e-04 3.977957875712448692e-05 -7.109116495820124717e-04 -2.626404273144297371e-04 1.813951099811305875e-04 2.973565426308519581e-04 -1.091696826124352593e-03 -3.911780249004687322e-04 -1.042758397793173584e-03 -9.156543084512458941e-04 -1.016416885536416460e-04 -5.309239965995785635e-04 -1.342552998245969721e-03 1.256924126817958237e-03 -1.436447568772673041e-05 -1.436902145238104630e-03 -1.989081992199306459e-04 -3.358341099105301370e-04 -8.803290520313418075e-04 -1.526601985470089256e-03 1.032353745491888477e-04 3.553701311258373281e-04 9.269861963984354697e-04 2.463466366240892633e-04 2.530322300921976678e-04 -2.916774122766438741e-04 1.616838961365749431e-04 -8.551958708994359011e-04 -3.849226204767878948e-04 4.376685893329079931e-04 -9.497358460742498314e-05 2.509460738913842198e-06 2.504506913209572833e-04 6.396269892074047823e-05 -3.946714423116596458e-05 -3.659697212177457411e-04 -8.398916038162062897e-04 5.794878118738217010e-04 -6.892827706990577055e-05 3.978554429919256991e-05 1.418681467065730417e-04 -1.178661337823072667e-04 5.670545703751141055e-04 -2.575178107500744650e-04 -6.966868444302264443e-04 -2.862026464598929902e-04 1.415443086079251842e-06 5.918713003517930095e-05 1.048272866502644019e-04 8.390557081548887419e-05 3.847527628047294076e-04 5.767946628714578586e-04 -4.746857111809493356e-04 1.349016071602107138e-04 9.659473116370224618e-05 2.094731483886230631e-04 -2.972176103781765067e-04 -7.612229541462064996e-05 3.662107779682111249e-04
3.429411764705882320e+02 -2.802460700688461787e-05 -3.064316764526400853e-05 3.618534510283021694e-05 2.022692704971732012e-04 1.287453695393645371e-04 -2.711634229485068980e-05 8.698264124546037856e-05 -8.696212958440404555e-04 -5.401697338329651088e-05 4.204605279196342192e-04 1.221516248334596775e-03 -1.007453621744831135e-03 4.207135245456058666e-04 3.622175798946051183e-04 1.314148738786402289e-03 9.707552689408100637e-04 9.153803454692479701e-04 3.605312851880825486e-04 1.133281423562842007e-03 -9.363746258728095149e-05 -4.691967440513722300e-04 4.575242661246013112e-04 -8.253908919378104584e-04 -6.992805668047318794e-04 1.442116815246769358e-04 -6.239052973789095398e-05 1.906703281206436815e-04 -9.517073081061109240e-04 6.044056716546342784e-04 1.135603210506941525e-03 9.161029064992358829e-05 8.850947776947930919e-05 -3.357345051370866948e-04 -9.921244665046604662e-04 -7.996763804101359330e-04 2.029108284766340236e-04 -2.402520687275273208e-04 -2.633008553022203276e-04 -2.319546966068861295e-05 1.429094075579860948e-04 1.335924097596338398e-03 -2.152692250223941118e-04 -3.194159350319686038e-04 -2.193592851974377129e-04 5.332530023615015364e-04 7.682512284529867397e-04 -2.484791598338937914e-05 2.553327268524378173e-04 1.487854925229499612e-04 2.240697535175250135e-04 -1.910759257708796570e-04 -6.218173174158698330e-04 3.340935291927544647e-05 -5.996016765711265507e-04 -2.189902834821061861e-04 1.518637934509842972e-04 2.501187816033673345e-04 -9.261574122372580450e-04 -3.288804267100818557e-04 -8.814361084362468341e-04 -7.739684171528714773e-04 -8.532595328596519484e-05 -4.476599699573745013e-04 -1.145329868864278971e-03 1.064384387245988347e-03 -1.229541444680944686e-05 -1.225952900297515779e-03 -1.677380091271722022e-04 -2.841068579208897728e-04 -7.436689415894144660e-04 -1.302725644748377754e-03 8.628703178497433351e-05 2.974618332732356261e-04 7.831567612679159142e-04 2.070459675370012762e-04 2.122304850103664425e-04 -2.447292530357591286e-04 1.358332064007175338e-04 -7.222556886930382421e-04 -3.235365600339593388e-04 3.673897809416453103e-04 -7.970108896124509666e-05 2.110295570908867373e-06 2.110892010856920136e-04 5.375164384630639605e-05 -3.316548317021402836e-05 -3.074577498809338990e-04 -7.093863379357599969e-04 4.875857810574299022e-04 -5.796381938203565157e-05 3.337804877194232035e-05 1.193584043619000883e-04 -9.877371765995558944e-05 4.769740627903975736e-04 -2.167921240065740190e-04 -5.895540358740642990e-04 -2.400850684089062144e-04 1.188574395579402422e-06 4.969664094899746285e-05 8.799013194691602906e-05 7.044868581484875904e-05 3.248496788282146069e-04 4.864047693284007491e-04 -3.985772747548712008e-04 1.136882721547262317e-04 8.090003595223270157e-05 1.753822812465039732e-04 -2.498685726572568333e-04 -6.366089103358291937e-05 3.086686742142727424e-04
3.435294117647058556e+02 -2.336596734995251187e-05 -2.546237654202533409e-05 3.030547081086281189e-05 1.686789960810382218e-04 1.070815732644527131e-04 -2.253627608715536775e-05 7.269433143842894034e-05 -7.356099381376832299e-04 -4.529860786602936135e-05 3.534533893835341972e-04 1.038525013205634064e-03 -8.514858156044908697e-04 3.546254986422598754e-04 3.043467167865016162e-04 1.121239436995349632e-03 8.220054792106857829e-04 7.797492853793066029e-04 3.027312534837717185e-04 9.652492897292252582e-04 -7.869988310137143468e-05 -3.938050316782993623e-04 3.862049101497125043e-04 -7.014931578616829004e-04 -5.951667987086992767e-04 1.207284220351853907e-04 -5.237991623720457038e-05 1.600167333617199508e-04 -8.048281698682599201e-04 5.104680935954777551e-04 9.675893373243315892e-04 7.653274269829254701e-05 7.397260784934003765e-05 -2.827390592725642377e-04 -8.410153877015913958e-04 -6.751450640385207305e-04 1.693395904449387229e-04 -2.015023068064503858e-04 -2.233980140732054422e-04 -1.933827420144015887e-05 1.199099272155670822e-04 1.138145704014858692e-03 -1.810895772000395551e-04 -2.683691449528404394e-04 -1.842169989280234284e-04 4.478213448844158874e-04 6.491689739846601657e-04 -2.065523230839309436e-05 2.144023706137193315e-04 1.244316706504387901e-04 1.881475808750010666e-04 -1.615969743879145813e-04 -5.242688564448307878e-04 2.804048609358278379e-05 -5.053745144233669174e-04 -1.824771442150944644e-04 1.270565987348392257e-04 2.102434311283156237e-04 -7.851672463167802584e-04 -2.763182909406971047e-04 -7.445570561281400794e-04 -6.537549505710502475e-04 -7.158148373901647248e-05 -3.771967206992758639e-04 -9.763736851735587297e-04 9.007105623096632293e-04 -1.051666209001953931e-05 -1.045217203488137125e-03 -1.413558570334634481e-04 -2.401803283632710298e-04 -6.277911522147769634e-04 -1.110877049543419846e-03 7.207410725320284822e-05 2.488262308425265778e-04 6.611879547596720766e-04 1.738983396063877376e-04 1.778898837756219163e-04 -2.052012558798774428e-04 1.140392307140821810e-04 -6.095616803756295343e-04 -2.717576082597222332e-04 3.081904161291406014e-04 -6.684000238554907815e-05 1.773429207689851373e-06 1.777927821159384686e-04 4.514040284179973153e-05 -2.785131558992118492e-05 -2.581278537720229456e-04 -5.987473353475042739e-04 4.099818340661392515e-04 -4.871068820480692357e-05 2.798387108096782406e-05 1.003524776464409854e-04 -8.271925705553449717e-05 4.009331766488340881e-04 -1.823836050606104930e-04 -4.985491580742763655e-04 -2.012648879860718971e-04 9.974018518792128030e-07 4.170006664311424880e-05 7.380810143000267082e-05 5.911055220505518216e-05 2.740847514827233393e-04 4.099000293825870098e-04 -3.344481866387072496e-04 9.574557065003530803e-05 6.771076716268797696e-05 1.467429631765641937e-04 -2.099214665535315786e-04 -5.320463468159210014e-05 2.599909669296607793e-04
3.441176470588235361e+02 -1.946936244936072586e-05 -2.114428493751247106e-05 2.536450772599080066e-05 1.405774127053616585e-04 8.900721801460102496e-05 -1.871809711506310501e-05 6.071398443547135231e-05 -6.218237314876814883e-04 -3.796248316458603820e-05 2.969276368922817502e-04 8.823267191976955472e-04 -7.191728858712735997e-04 2.987177125294523169e-04 2.555524096873216470e-04 9.559643996922597689e-04 6.955693270437332890e-04 6.637435157469199478e-04 2.540298756237833501e-04 8.215486611311504381e-04 -6.610135627193859621e-05 -3.303097634028396797e-04 3.257818296632401583e-04 -5.957752993795405747e-04 -5.061964435524573397e-04 1.010034726351063266e-04 -4.394651038889368764e-05 1.342028435188798402e-04 -6.801514359975102718e-04 4.308372770626181774e-04 8.238479379358413547e-04 6.389562023692593024e-05 6.178346585212469934e-05 -2.379493460002796916e-04 -7.124278049267778606e-04 -5.696197821808581105e-04 1.412323290265094129e-04 -1.688915258913709029e-04 -1.894105445253325027e-04 -1.611224631333609870e-05 1.005457662656306935e-04 9.689595176390043913e-04 -1.522353375641862612e-04 -2.253309923650172945e-04 -1.546024653807470358e-04 3.758281537641620820e-04 5.481710718188136664e-04 -1.715925341517836425e-05 1.799143841283706445e-04 1.039969195162134002e-04 1.578800555568955636e-04 -1.365724411915698021e-04 -4.417254949826510753e-04 2.351889540859084074e-05 -4.256684652886273202e-04 -1.519556062313221726e-04 1.062328454594988467e-04 1.766079398017216179e-04 -6.651790208722570567e-04 -2.320029981427150251e-04 -6.285061050444316249e-04 -5.518374443928228965e-04 -6.001154782921042015e-05 -3.176110799697125253e-04 -8.317490514433667189e-04 7.616820470026800308e-04 -8.988732946080362133e-06 -8.904917848796399960e-04 -1.190430391670377959e-04 -2.029066732769705913e-04 -5.296098274307163957e-04 -9.466062314479208430e-04 6.016363210507544876e-05 2.080079548548922734e-04 5.578357248553161927e-04 1.459610372716190396e-04 1.490083509582057009e-04 -1.719449797412717735e-04 9.567887597086663116e-05 -5.141028537996731110e-04 -2.281144537839706777e-04 2.583603504540976669e-04 -5.601750309058586922e-05 1.489348891260702215e-06 1.496479979004620639e-04 3.788367857293352360e-05 -2.337320028335926857e-05 -2.165697288230017663e-04 -5.050215640808498755e-04 3.445001227229849573e-04 -4.090755903922878832e-05 2.344607537086918210e-05 8.431687692244466332e-05 -6.922915242641144236e-05 3.367913108539110473e-04 -1.533340113775263957e-04 -4.213035275273373389e-04 -1.686112498890392187e-04 8.364271708491073680e-07 3.496719058384072744e-05 6.187124488060470357e-05 4.956458502042030627e-05 2.310965176416701129e-04 3.451961599718348576e-04 -2.804525611042842830e-04 8.058060948826282870e-05 5.663498554160116875e-05 1.227007916690397050e-04 -1.762440706860663635e-04 -4.443717278026134554e-05 2.188429588462268804e-04
3.447058823529412166e+02 -1.621241196491678333e-05 -1.754769335263625066e-05 2.121549461369008562e-05 1.170840460822276122e-04 7.393792474907993082e-05 -1.553724140310604220e-05 5.067588896620604544e-05 -5.252833014583004664e-04 -3.179389720802562597e-05 2.492785503791180614e-04 7.491021013296256508e-04 -6.070116582989899378e-04 2.514570427616076922e-04 2.144410189275466525e-04 8.144772533826015503e-04 5.881812927636419002e-04 5.646012917336808027e-04 2.130246330641186495e-04 6.987527659707884996e-04 -5.548335980518165843e-05 -2.768724169242440451e-04 2.746285151460372241e-04 -5.056397222838789757e-04 -4.302263417149519318e-04 8.444715420342078409e-05 -3.684696440792170559e-05 1.124802606096871310e-04 -5.744008412854918755e-04 3.633848728502783992e-04 7.009692017159724472e-04 5.331137911991303311e-05 5.157010477002862677e-05 -2.001227103709560208e-04 -6.030887772520084110e-04 -4.802666890394840246e-04 1.177162131098537885e-04 -1.414669183865088266e-04 -1.604837782382166015e-04 -1.341598318609132260e-05 8.425409505063897358e-05 8.243458550020394196e-04 -1.278946191540269908e-04 -1.890714163769090727e-04 -1.296642995320485079e-04 3.152035710024600609e-04 4.625755178200621743e-04 -1.424620089224510712e-05 1.508758233683477805e-04 8.686272346879594854e-05 1.323955520095645999e-04 -1.153452788141298252e-04 -3.719309519381299107e-04 1.971362382907598432e-05 -3.582956571496730136e-04 -1.264601816718412047e-04 8.876530277755245496e-05 1.482565649305770750e-04 -5.631424218950369012e-04 -1.946678254951933723e-04 -5.301877508008165894e-04 -4.654961204412824119e-04 -5.027913484714614215e-05 -2.672611001203005336e-04 -7.080496348345968749e-04 6.436773156598439094e-04 -7.677313012022444192e-06 -7.581380015020494590e-04 -1.001858444601025567e-04 -1.713021107353882467e-04 -4.464845939400656168e-04 -8.060601122124485792e-04 5.018963900521656901e-05 1.737748142301886100e-04 4.703240361703361406e-04 1.224321707945819917e-04 1.247355019309435086e-04 -1.439854442544551475e-04 8.022238486814441247e-05 -4.333036420389131454e-04 -1.913554773755602920e-04 2.164469806907049615e-04 -4.691701509466497742e-05 1.249957693245346111e-06 1.258753385387248957e-04 3.177284805402117259e-05 -1.960234306448405378e-05 -1.815843224920365897e-04 -4.256827995771153279e-04 2.892874565650564288e-04 -3.433200425756865196e-05 1.963144582018690499e-05 7.079726982927827183e-05 -5.790189874883074924e-05 2.827259547568301834e-04 -1.288266973832450269e-04 -3.557863272427033382e-04 -1.411643363120331732e-04 7.009781912996741389e-07 2.930240451448733795e-05 5.183136868768973833e-05 4.153330777627291606e-05 1.947207886155917533e-04 2.905133732279371645e-04 -2.350219805883955559e-04 6.777281314157089628e-05 4.734064025831235493e-05 1.025321784088914067e-04 -1.478729997283755059e-04 -3.709093642220226411e-05 1.840855892984418960e-04
3.452941176470588402e+02 -1.349197909412927536e-05 -1.455406140947654180e-05 1.773394823261863665e-05 9.745670693393840018e-05 6.138256124587802235e-05 -1.288911132169150061e-05 4.227101546497400998e-05 -4.434358424997905798e-04 -2.661071547350760623e-05 2.091410427539396662e-04 6.355592570536415607e-04 -5.120034541696263019e-04 2.115352373380959537e-04 1.798276707609677903e-04 6.934488797449343909e-04 4.970400384310330122e-04 4.799368148863935321e-04 1.785239933241802998e-04 5.939017207708754704e-04 -4.654097562924978411e-05 -2.319318259456128466e-04 2.313547333227269182e-04 -4.288484508652067257e-04 -3.654069196368099322e-04 7.056021369358228133e-05 -3.087457610390065797e-05 9.421356441783808355e-05 -4.847700829224476987e-04 3.062905552506803644e-04 5.960065876575347749e-04 4.445268176807723541e-05 4.301821437746775702e-05 -1.681998699375239069e-04 -5.101870302049696555e-04 -4.046630860085174584e-04 9.805487403730407388e-05 -1.184200837015592957e-04 -1.358828328864231170e-04 -1.116403393646979627e-05 7.055715635339489407e-05 7.008316285066351495e-04 -1.073762195468637854e-04 -1.585446814472675568e-04 -1.086790806092699177e-04 2.641888543899463234e-04 3.900871437260847521e-04 -1.182051187026822465e-05 1.264430978849187396e-04 7.250601715854803351e-05 1.109535620891808976e-04 -9.735264942139064555e-05 -3.129593274327236449e-04 1.651347275161198585e-05 -3.013892868213926429e-04 -1.051777527381326485e-04 7.412329572005991183e-05 1.243763528714465164e-04 -4.764371224185350181e-04 -1.632358795193242511e-04 -4.469540138237601740e-04 -3.924045003416123316e-04 -4.209823015171623684e-05 -2.247462749756178567e-04 -6.023301312707311436e-04 5.435919448831720915e-04 -6.552614364581203268e-06 -6.450092635916952278e-04 -8.426071704885587546e-05 -1.445243016404084118e-04 -3.761584321774028320e-04 -6.859059471524037079e-04 4.184307122171783985e-05 1.450845079264390493e-04 3.962796463929394233e-04 1.026302784535428688e-04 1.043503466917801447e-04 -1.204956899945577777e-04 6.721977187742719014e-05 -3.649630641511051590e-04 -1.604169450205498548e-04 1.812175952572490738e-04 -3.926997041228569735e-05 1.048370313845430130e-06 1.058102200613718130e-04 2.663064500153488321e-05 -1.642931192766896136e-05 -1.521531345282856789e-04 -3.585720348741566039e-04 2.427669342201016142e-04 -2.879488134870720719e-05 1.642700584948207266e-05 5.940709938491006687e-05 -4.839742135203109680e-05 2.371868748342731816e-04 -1.081663531537381670e-04 -3.002581194613916497e-04 -1.181102479820419842e-04 5.870884469940487228e-07 2.453966037383432068e-05 4.339300652569005922e-05 3.478118661425270118e-05 1.639630195612612094e-04 2.443333448866173187e-04 -1.968250185826639993e-04 5.696365585618232103e-05 3.954667300303690261e-05 8.562487800931261283e-05 -1.239893011506335322e-04 -3.093982193649055210e-05 1.547476886767274623e-04
3.458823529411764639e+02 -1.122121358872326447e-05 -1.206394884439175058e-05 1.481451044216763520e-05 8.107026440456874998e-05 5.092868533920529223e-05 -1.068594322294839391e-05 3.523844037838501391e-05 -3.740959566547180778e-04 -2.225855801369667767e-05 1.753548468570423520e-04 5.388634148156485129e-04 -4.315836675034712025e-04 1.778368785755500222e-04 1.507058185348264816e-04 5.900005103021497416e-04 4.197445410183618902e-04 4.076909447621164615e-04 1.495165143033775376e-04 5.044412627316524102e-04 -3.901509219418654848e-05 -1.941634319497827362e-04 1.947732215123290417e-04 -3.634750798088503231e-04 -3.101434199075675676e-04 5.892030056982659454e-05 -2.585391554691177695e-05 7.886369861662629384e-05 -4.088575022974418050e-04 2.579987897285529030e-04 5.064162254625833746e-04 3.704326542095004085e-05 3.586240350324621342e-05 -1.412786208923694448e-04 -4.313099776841236013e-04 -3.407395488199222930e-04 8.162756704192430295e-05 -9.906570277196052692e-05 -1.149763870721032022e-04 -9.284446795081739546e-06 5.904974161355819881e-05 5.954187680729961657e-04 -9.009217444987388925e-05 -1.328624939174959899e-04 -9.103263254450544078e-05 2.212908551863820405e-04 3.287435286740690338e-04 -9.801984930620929882e-06 1.059001015840890943e-04 6.048481145764688434e-05 9.292549988449928181e-05 -8.211283624584221521e-05 -2.631681347902153239e-04 1.382409880953838996e-05 -2.533578560978890924e-04 -8.742406314572888880e-05 6.185820261515082941e-05 1.042763810964071061e-04 -4.028141634671672478e-04 -1.367924123700061713e-04 -3.765416917035540115e-04 -3.305742516247161091e-04 -3.522629864589825157e-05 -1.888730484469485936e-04 -5.120462148337865532e-04 4.587671080284866083e-04 -5.588802700791127731e-06 -5.483870168892546497e-04 -7.082139293973346362e-05 -1.218526419441463301e-04 -3.167036842882996824e-04 -5.832637174660375247e-04 3.486314128331410346e-05 1.210560794344952781e-04 3.336754184066056061e-04 8.597672226183687770e-05 8.724210085055294117e-05 -1.007748895225885028e-04 5.628912860232749990e-05 -3.072018636422060378e-04 -1.343955549989007492e-04 1.516269579199447566e-04 -3.284871627933516895e-05 8.787366094150703642e-07 8.888651834011369911e-05 2.230657174680061280e-05 -1.376120360266078035e-05 -1.274117488303155626e-04 -3.018456849971019222e-04 2.035978797301985963e-04 -2.413548583204015090e-05 1.373702177837625283e-05 4.981774927438038867e-05 -4.042791211112442665e-05 1.988565371114839732e-04 -9.076146920223494732e-05 -2.532303383987926705e-04 -9.875938363214850353e-05 4.913933519239931839e-07 2.053811895152016860e-05 3.630564085297079347e-05 2.910845511775579541e-05 1.379743231268660750e-04 2.053619047362556006e-04 -1.647323628018210369e-04 4.784776551512048186e-05 3.301538111859658329e-05 7.146127213053816833e-05 -1.038973719466279415e-04 -2.579291845140724339e-05 1.300019319083398615e-04
3.464705882352941444e+02 -9.327048766689239914e-06 -9.994014559004046623e-06 1.236809778658616673e-05 6.739868243502231820e-05 4.223025755105344885e-05 -8.854166182596611264e-06 2.935806974874034504e-05 -3.153947608281516021e-04 -1.860669942814754141e-05 1.469347771402080205e-04 4.565761455188039166e-04 -3.635612375753877862e-04 1.494119406290569409e-04 1.262212674397554643e-04 5.016456469353669295e-04 3.542390867749958339e-04 3.460884735664122511e-04 1.251444820238360408e-04 4.281696382516747101e-04 -3.268574481591166064e-05 -1.624445451204292973e-04 1.638711146098180318e-04 -3.078632301541249418e-04 -2.630623360130330407e-04 4.917047000280978195e-05 -2.163624270502671103e-05 6.597381404959456520e-05 -3.446099126449084379e-04 2.171817057960032593e-04 4.300043629665311782e-04 3.085019651105282986e-05 2.987880223125368410e-05 -1.185913283337061333e-04 -3.643894156040922215e-04 -2.867302632686142801e-04 6.791151189973971332e-05 -8.282337680481509541e-05 -9.722267688794100084e-05 -7.716693737225499439e-06 4.938851562095874663e-05 5.055221701166462498e-04 -7.554284312665993551e-05 -1.112710575082533125e-04 -7.620404336287521160e-05 1.852431764390070424e-04 2.768685177246535596e-04 -8.123373023523291120e-06 8.863955453834135604e-05 5.042598883719817834e-05 7.777831436444240906e-05 -6.921398787204455910e-05 -2.211580339158807638e-04 1.156553885771483597e-05 -2.128459670752841913e-04 -7.262384055233704258e-05 5.159113747673810425e-05 8.737003440619086703e-05 -3.403454091074787236e-04 -1.145611860344292789e-04 -3.170184817644869932e-04 -2.783078145094671331e-04 -2.945787921159849032e-05 -1.586252807273117783e-04 -4.350024362200817919e-04 3.869280421856416234e-04 -4.763498693702889568e-06 -4.659251734392740735e-04 -5.948788032650838758e-05 -1.026713172622669204e-04 -2.664757065560940811e-04 -4.956474606363393950e-04 2.903000332941218020e-05 1.009456622620405258e-04 2.807816471052219671e-04 7.198066369697910124e-05 7.289384878237924214e-05 -8.422968831433122786e-05 4.710664841544744656e-05 -2.584171513979519985e-04 -1.125250086447731544e-04 1.267896674604684145e-04 -2.746047308941571702e-05 7.360909878780629960e-07 7.462247935938521215e-05 1.867298477106427171e-05 -1.151922550379893550e-05 -1.066272579096909666e-04 -2.539311458195637181e-04 1.706416065747685441e-04 -2.021741303089543475e-05 1.148045145097981329e-05 4.175014098366207354e-05 -3.375003432561862830e-05 1.666163086842586472e-04 -7.610935502848821543e-05 -2.134304579776493966e-04 -8.252803611247360035e-05 4.110417098714853712e-07 1.717844194711677826e-05 3.035707522694182015e-05 2.434585143206608140e-05 1.160308861921691115e-04 1.724970821605874413e-04 -1.377870871896156625e-04 4.016530970279724738e-05 2.754592435988216357e-05 5.960417149368679208e-05 -8.700698319793258805e-05 -2.148918539557554330e-05 1.091442545603092982e-04
3.470588235294117680e+02 -7.748059336841215807e-06 -8.274460099709407386e-06 1.031944424350824721e-05 5.599963624468435577e-05 3.499715997046331216e-05 -7.332150818582246183e-06 2.444438852691559793e-05 -2.657353322046322546e-04 -1.554452888880786336e-05 1.230449570073356518e-04 3.866017096844963710e-04 -3.060657468000096406e-04 1.254519065801990702e-04 1.056496694943363167e-04 4.262384491501574496e-04 2.987650398030908261e-04 2.936002728991322550e-04 1.046811018769566146e-04 3.631905616970401143e-04 -2.736634566229058130e-05 -1.358243044486876069e-04 1.377850114916451154e-04 -2.605898817226144984e-04 -2.229817106703864697e-04 4.100928109040945268e-05 -1.809554347039654624e-05 5.515702801932008685e-05 -2.902734524345670962e-04 1.827066831204732559e-04 3.648807832781182452e-04 2.567722078327721449e-05 2.487870623538361803e-05 -9.948536798093062569e-05 -3.076538113788870551e-04 -2.411296804179583874e-04 5.646675810754080523e-05 -6.920193746117562637e-05 -8.215717444025018778e-05 -6.409894279535429355e-06 4.128279120947660034e-05 4.289147026831980529e-04 -6.330397281458007160e-05 -9.313120031588434974e-05 -6.375184698896376747e-05 1.549725642837140947e-04 2.330316172857016109e-04 -6.728331491999982123e-06 7.414685992188443670e-05 4.201480647196709640e-05 6.506031844796509071e-05 -5.830426954640876918e-05 -1.857377826047286625e-04 9.670069867356782163e-06 -1.787002112163790291e-04 -6.029378893572969990e-05 4.300234981241847894e-05 7.315964064944756328e-05 -2.873791306220145484e-04 -9.588400688736851583e-05 -2.667359134970223155e-04 -2.341570453603707613e-04 -2.461905044993491901e-05 -1.331385553691698264e-04 -3.693059976458706482e-04 3.261301424588247352e-04 -4.057332832138675154e-06 -3.956008095980390201e-04 -4.993687250000622841e-05 -8.645449085660217292e-05 -2.240724360129255988e-04 -4.209131808877224169e-04 2.415846269108497466e-05 8.412561537126617638e-05 2.361235977562696963e-04 6.022606231589912703e-05 6.086845214815768081e-05 -7.035810974425415012e-05 3.939799737572886325e-05 -2.172428506431807634e-04 -9.415573234120099661e-05 1.059562909733972050e-04 -2.294211618566032726e-05 6.162219080199628537e-07 6.260846406155995262e-05 1.562170739595946525e-05 -9.636604414027462830e-06 -8.917872496621437198e-05 -2.134880287000956174e-04 1.429317306010377347e-04 -1.692497296697827915e-05 9.588741502625585688e-06 3.496744999877562753e-05 -2.815820688645009025e-05 1.395171649796622822e-04 -6.378313299994895391e-05 -1.797715099577075557e-04 -6.892250633054845409e-05 3.436192237704056779e-07 1.435958650590356581e-05 2.536771022772581931e-05 2.035006929360615169e-05 9.751603381510355552e-05 1.448012936596256267e-04 -1.151789573308888522e-04 3.369537734265870142e-05 2.296873677182404921e-05 4.968459455039395101e-05 -7.281769525434241041e-05 -1.789288002040757974e-05 9.157596255110731799e-05
3.476470588235293917e+02 -6.432649290002374139e-06 -6.846876653731394685e-06 8.605012599130543291e-06 4.650150004714926423e-05 2.898635715173950475e-05 -6.068313019002851848e-06 2.034115967524926708e-05 -2.237543950855612712e-04 -1.297853605696361925e-05 1.029768191644655194e-04 3.271406214073883977e-04 -2.575019604779491141e-04 1.052693056653527138e-04 8.837732932224849180e-05 3.619288936368460761e-04 2.518193142699790953e-04 2.489104639769922165e-04 8.751105748291821535e-05 3.078724236685362304e-04 -2.289875855527537268e-05 -1.134980861685084890e-04 1.157795943149086509e-04 -2.204336732240211219e-04 -1.888854072052621768e-04 3.418238385885656502e-05 -1.512515064893016601e-05 4.608599386248183862e-05 -2.443513304972704122e-04 1.536085256129382211e-04 3.094183976364814652e-04 2.135912682372616958e-05 2.070318706111930185e-05 -8.340639007871736797e-05 -2.595871809562540298e-04 -2.026553256677726602e-04 4.692337039163990990e-05 -5.778608912743062032e-05 -6.938195272443148365e-05 -5.321313101061936923e-06 3.448666981316953720e-05 3.636795089403645686e-04 -5.301564263948343688e-05 -7.790142155595587204e-05 -5.330223221033836587e-05 1.295702499524173195e-04 1.960131024032231439e-04 -5.569688835288820933e-06 6.198634079575528959e-05 3.498598934712965672e-05 5.438910412315549548e-05 -4.908339444562490967e-05 -1.558942034088663109e-04 8.080385307894804678e-06 -1.499399447876049779e-04 -5.002821995729043504e-05 3.582222418411452680e-05 6.122335928775440742e-05 -2.425017188944418611e-04 -8.020326749655424907e-05 -2.242889479199887913e-04 -1.968876968890762860e-04 -2.056271677489784195e-05 -1.116781869860818344e-04 -3.133266325076517790e-04 2.747125876313372345e-04 -3.453557526432343551e-06 -3.356713619005390016e-04 -4.189353927822750883e-05 -7.275356757493771831e-05 -1.882996953894690512e-04 -3.572136312205221914e-04 2.009264593035243863e-05 7.006681601805021299e-05 1.984450631543714096e-04 5.036058638901556330e-05 5.079655456911748838e-05 -5.873584955341963685e-05 3.293095859332979347e-05 -1.825157637779850953e-04 -7.873758027386784425e-05 8.849303770801003523e-05 -1.915573398995763489e-05 5.155605191104864703e-07 5.249646602638897427e-05 1.306114116568737435e-05 -8.056802153877391630e-06 -7.454054404128858304e-05 -1.793749110783090356e-04 1.196488297933399333e-04 -1.416013130084943322e-05 8.003953091039664995e-06 2.926888552091099434e-05 -2.347889472755125903e-05 1.167546828687660775e-04 -5.342062614909873658e-05 -1.513258859162758371e-04 -5.752558433037015083e-05 2.870833290799954388e-07 1.199607493168249004e-05 2.118566733175522522e-05 1.699988369995512528e-05 8.190484485386326772e-05 1.214775450603945809e-04 -9.622254163268300091e-05 2.825031679413170103e-05 1.914077842580569664e-05 4.139139136571696483e-05 -6.090557513111631604e-05 -1.488968022109287131e-05 7.678841266329678741e-05
3.482352941176470722e+02 -5.337513460698030798e-06 -5.662424117038671623e-06 7.171210501762497287e-06 3.859229501000313329e-05 2.399441406739812038e-05 -5.019510059747826895e-06 1.691690985202258987e-05 -1.882891636260837780e-04 -1.082973286568887659e-05 8.613021870051337781e-05 2.766491872594757889e-04 -2.165105361988025614e-04 8.828009424887093008e-05 7.388473328199081846e-05 3.071234958009738648e-04 2.121183796394952056e-04 2.108877335454688491e-04 7.311384521919037593e-05 2.608126558234337227e-04 -1.914907317640412394e-05 -9.478557551431629230e-05 9.722916648934623552e-05 -1.863472795631052330e-04 -1.599006561060202459e-04 2.847533800202571542e-05 -1.263484911094577347e-05 3.848397022387796786e-05 -2.055672680196754423e-04 1.290654269793112675e-04 2.622179224116090901e-04 1.775694767426599642e-05 1.721850238275588960e-05 -6.988392314486023169e-05 -2.188933804023687909e-04 -1.702156962670328352e-04 3.897053491645838529e-05 -4.822497962223547420e-05 -5.855644501134449901e-05 -4.415084618897529011e-06 2.879231380383272636e-05 3.081683189934122458e-04 -4.437276689771949039e-05 -6.512335224017827518e-05 -4.453893955968012488e-05 1.082673818614801115e-04 1.647738780823672367e-04 -4.607983999762149923e-06 5.178944462349514138e-05 2.911613679753763317e-05 4.544118705975374174e-05 -4.129529740721932522e-05 -1.307663085073622225e-04 6.748033414835782548e-06 -1.257321312954601895e-04 -4.148685923160258434e-05 2.982360489388222554e-05 5.120392705414154638e-05 -2.045044343234982739e-04 -6.704696864508901972e-05 -1.884810738488450080e-04 -1.654487434380216805e-04 -1.716457439640532796e-05 -9.362028257010151491e-05 -2.656615069762744818e-04 2.312581779462135646e-04 -2.937706080521301220e-06 -2.846371764378577245e-04 -3.512445856408987589e-05 -6.118618492151533595e-05 -1.581412578403178790e-04 -3.029587283290723814e-04 1.670146383841893529e-05 5.832355650729070676e-05 1.666769185915769507e-04 4.208610714453773864e-05 4.236632978452853674e-05 -4.900455380495852341e-05 2.750913047056264117e-05 -1.532463069919900187e-04 -6.580500617489745078e-05 7.386435275938117739e-05 -1.598482749323818517e-05 4.310851298024155297e-07 4.399109105845134664e-05 1.091379014379427629e-05 -6.731986931113695760e-06 -6.226817226533523707e-05 -1.506206462638778800e-04 1.000986740693239613e-04 -1.183988440012433012e-05 6.677158820314412182e-06 2.448435144094974477e-05 -1.956573363944090466e-05 9.764758155346328584e-05 -4.471481271621689465e-05 -1.273026669410515482e-04 -4.798498999971195609e-05 2.397073960672329201e-07 1.001565738908122368e-05 1.768261706223406079e-05 1.419283385385775529e-05 6.875088810187959809e-05 1.018489258120729922e-04 -8.033846571423336089e-05 2.367086432702030053e-05 1.594148453231460918e-05 3.446239349013378341e-05 -5.091180001514613766e-05 -1.238338169454785559e-05 6.434984073781075363e-05
3.488235294117647527e+02 -4.426333689873604370e-06 -4.680294669076854621e-06 5.972870631512067734e-06 3.201032049877277822e-05 1.985117412826030333e-05 -4.149686744405908814e-06 1.406109234503400034e-05 -1.583487166647412191e-04 -9.031452466922316384e-06 7.199726358138007899e-05 2.338043420368363806e-04 -1.819341381957425522e-04 7.398851695983009740e-05 6.173246131323455817e-05 2.604510031685349099e-04 1.785671483036632950e-04 1.785603328991553428e-04 6.104952646131318775e-05 2.208066802964248651e-04 -1.600398801843418988e-05 -7.911203649353689533e-05 8.160176829837735850e-05 -1.574334187397326756e-04 -1.352785024999789522e-04 2.370749654201140781e-05 -1.054840058080537637e-05 3.211718886654552204e-05 -1.728339586212002729e-04 1.083782703768980469e-04 2.220770871727222691e-04 1.475388428747551049e-05 1.431219340412934210e-05 -5.851901739753030218e-05 -1.844652061415991281e-04 -1.428826171856525116e-04 3.234731601201641416e-05 -4.022244157451435558e-05 -4.938943486410645297e-05 -3.661132150272872437e-06 2.402419846448440187e-05 2.609651087158407386e-04 -3.711695633813744669e-05 -5.440931219233823159e-05 -3.719462072590683531e-05 9.041401655113542695e-05 1.384294883403954369e-04 -3.810231197385834460e-06 4.324465725930150349e-05 2.421726246052786837e-05 3.794315224563598519e-05 -3.472181115785224039e-05 -1.096230565580332174e-04 5.632082469429940028e-06 -1.053697172586609126e-04 -3.438452096305549246e-05 2.481526198296479400e-05 4.279902247868823048e-05 -1.723546299176074114e-04 -5.601590662490579038e-05 -1.582942329003442054e-04 -1.389459487211508666e-04 -1.431966511597110132e-05 -7.843548412871338617e-05 -2.251045977984890466e-04 1.945586537609559101e-04 -2.497293849077106074e-06 -2.412088365297989073e-04 -2.943154490285577413e-05 -5.142671492303781507e-05 -1.327330649624149821e-04 -2.567810149621987774e-04 1.387475777909414937e-05 4.852069463289379711e-05 1.399100321959798846e-04 3.515056754764106620e-05 3.531473415426534244e-05 -4.086181369070465957e-05 2.296653886431308179e-05 -1.285933096481502538e-04 -5.496437738317412619e-05 6.161806520248443533e-05 -1.333106586348045285e-05 3.602394275128134806e-07 3.684181381191136892e-05 9.114143503932057750e-06 -5.621725843867801920e-06 -5.198593652502841035e-05 -1.263996653088226489e-04 8.369359260054526784e-05 -9.894012703793026627e-06 5.567074717888066722e-06 2.046987377682915382e-05 -1.629537581865757881e-05 8.161935130706065048e-05 -3.740564275781290153e-05 -1.070280674443416756e-04 -4.000350959996463302e-05 2.000330537007290844e-07 8.357314188986816910e-06 1.475021572547779435e-05 1.184238907596860142e-05 5.767480849296665045e-05 8.534100298860462504e-05 -6.703740612918025548e-05 1.982196299877366543e-05 1.326931561590378304e-05 2.867687950501275835e-05 -4.253290829595414782e-05 -1.029309110860607844e-05 5.389404841534534396e-05
3.494117647058823195e+02 -3.668674798676438793e-06 -3.866417304288560444e-06 4.971956210023414714e-06 2.653621963768277813e-05 1.641442264742832890e-05 -3.428733620548899665e-06 1.168082836638059289e-05 -1.330893129303403852e-04 -7.527472116497339205e-06 6.014848521188426937e-05 1.974731125205704009e-04 -1.527882527507673114e-04 6.197410705464486617e-05 5.154913930839072767e-05 2.207324775375926534e-04 1.502321140891165526e-04 1.510943251642040753e-04 5.094655775225113287e-05 1.868208831988324859e-04 -1.336771594085137203e-05 -6.599231492203904966e-05 6.844551161712746047e-05 -1.329240382240212822e-04 -1.143768222547307111e-04 1.972679983219486415e-05 -8.801430506334429401e-06 2.678834050164078390e-05 -1.452258697792002619e-04 9.095281212757161914e-05 1.879638221116450660e-04 1.225184583875349658e-05 1.188977214582715492e-05 -4.897365071086548066e-05 -1.553576711088104341e-04 -1.198674667173972965e-04 2.683482069610080775e-05 -3.352866920834263902e-05 -4.163212194867858297e-05 -3.034252882637559027e-06 2.003420732656234610e-05 2.208544711138236082e-04 -3.102954946310422437e-05 -4.543167413426835220e-05 -3.104345676810028621e-05 7.546117748709828916e-05 1.162277382866134547e-04 -3.148878122993133512e-06 3.608888875132973016e-05 2.013130422436941471e-05 3.166409049997213394e-05 -2.917721601406307410e-05 -9.184426113724189988e-05 4.697981497114362857e-06 -8.825308303504011715e-05 -2.848237159556955069e-05 2.063633627199477419e-05 3.575302518120943430e-05 -1.451708622537603566e-04 -4.677271966700447545e-05 -1.328629363052238129e-04 -1.166191201325014564e-04 -1.193943688993671581e-05 -6.567501371111232080e-05 -1.906200208476361321e-04 1.635847697259702836e-04 -2.121556660580140126e-06 -2.042786904196923763e-04 -2.464683927261600494e-05 -4.319808130520697427e-05 -1.113410593825635942e-04 -2.175055536921140210e-04 1.152002977705061673e-05 4.034272958594509911e-05 1.173719741570951173e-04 2.934103465587814869e-05 2.942005153116783811e-05 -3.405263621420908093e-05 1.916303651466857693e-05 -1.078423589449410057e-04 -4.588313596158825490e-05 5.137270917126318562e-05 -1.111151900042317653e-05 3.008625653307457683e-07 3.083633738881764975e-05 7.606866654364454051e-06 -4.691868009924923790e-06 -4.337662031752974350e-05 -1.060107425652713129e-04 6.993651894978836355e-05 -8.263160449757106773e-06 4.638893968579636396e-06 1.710368797018749711e-05 -1.356395210228910946e-05 6.818253524254290618e-05 -3.127303249388947297e-05 -8.992857491670580539e-05 -3.333058809510840620e-05 1.668295006823001583e-07 6.969552057984183027e-06 1.229706667644868373e-05 9.875531003527006596e-06 4.835451851093257281e-05 7.146671014086783229e-05 -5.590642425633569998e-05 1.658917814046175602e-05 1.103882243892183311e-05 2.384916940819299081e-05 -3.551246553311420914e-05 -8.550842317965554480e-06 4.511070351503064827e-05
3.500000000000000000e+02 -3.039050909999999852e-06 -3.192366580000000026e-06 4.136460289999999858e-06 2.198626679999999973e-05 1.356538630000000045e-05 -2.831524990000000141e-06 9.698143120000000088e-06 -1.117931330000000023e-04 -6.270414480000000148e-06 5.022101870000000298e-05 1.666861580000000018e-04 -1.282360790000000063e-04 5.188054500000000219e-05 4.302115219999999926e-05 1.869552279999999985e-04 1.263181769999999898e-04 1.277746709999999888e-04 4.249140699999999688e-05 1.579691390000000052e-04 -1.115934189999999998e-05 -5.501720110000000004e-05 5.737684440000000277e-05 -1.121622700000000065e-04 -9.664555879999999974e-05 1.640535150000000118e-05 -7.339624729999999708e-06 2.233102040000000131e-05 -1.219558360000000006e-04 7.628436959999999574e-05 1.589929509999999930e-04 1.016851609999999967e-05 9.871910070000000618e-06 -4.096165629999999895e-05 -1.307649240000000046e-04 -1.005007449999999945e-04 2.224956419999999928e-05 -2.793312670000000099e-05 -3.507212610000000195e-05 -2.513343980000000016e-06 1.669745110000000156e-05 1.867941150000000021e-04 -2.592565359999999920e-05 -3.791378260000000322e-05 -2.589485850000000153e-05 6.294553459999999829e-05 9.752944999999999844e-05 -2.600927849999999967e-06 3.010012160000000045e-05 1.672546350000000121e-05 2.640914520000000061e-05 -2.450354590000000101e-05 -7.690420480000000525e-05 3.916588609999999882e-06 -7.387412669999999701e-05 -2.358054600000000149e-05 1.715162029999999977e-05 2.984997410000000099e-05 -1.222013920000000102e-04 -3.903253529999999998e-05 -1.114520060000000060e-04 -9.782254910000000639e-05 -9.949238200000000046e-06 -5.495871770000000059e-05 -1.613188179999999869e-04 1.374605070000000089e-04 -1.801222159999999926e-06 -1.728960739999999951e-04 -2.062804320000000054e-05 -3.626471720000000166e-05 -9.334214019999999452e-05 -1.841237210000000045e-04 9.559670539999999574e-06 3.352452449999999761e-05 9.840700310000000139e-05 2.447777030000000077e-05 2.449554689999999981e-05 -2.836217749999999938e-05 1.598037760000000040e-05 -9.038719600000000331e-05 -3.828054609999999790e-05 4.280672199999999812e-05 -9.256301159999999763e-06 2.511294399999999798e-07 2.579490659999999867e-05 6.345257779999999784e-06 -3.913591419999999897e-06 -3.617257950000000050e-05 -8.885876020000000426e-05 5.840736109999999741e-05 -6.897194620000000184e-06 3.863293739999999663e-06 1.428289569999999930e-05 -1.128406470000000037e-05 5.692530529999999706e-05 -2.613087180000000102e-05 -7.551643590000000109e-05 -2.775516979999999954e-05 1.390588180000000029e-07 5.808950990000000084e-06 1.024612960000000068e-05 8.230692069999999216e-06 4.051677789999999962e-05 5.981339729999999888e-05 -4.659731770000000303e-05 1.387562680000000042e-05 9.178152180000000238e-06 1.982318140000000135e-05 -2.963394969999999959e-05 -7.099574490000000179e-06 3.773703029999999823e-05
