3.000000000000000000e+02 3.101768403505684910e+04 3.149070202252226954e+04 4.226287956038502307e+04 3.693636798722597450e+04 4.101196570576338854e+04 3.091797336670167351e+04 2.741148611083958167e+04 2.330601677280906370e+04 2.730186065732315546e+04 3.621966932826360426e+04 2.620427854187736375e+04 2.783695687008530149e+04 2.221880860039038453e+04 2.558909593390725422e+04 1.363660499376741063e+04 2.557839418245293564e+04 1.798192919925123351e+04 2.608814400466633379e+04 1.804990974603112772e+04 2.688902896795629204e+04 4.168620532328261470e+04 2.205272741679398678e+04 2.736854612835869193e+04 2.310457103955867206e+04 5.304315878473372140e+04 2.769597986414380648e+04 3.173850084887614503e+04 2.466232025675523255e+04 2.169929540158852251e+04 1.770081999502416511e+04 2.782823866398246537e+04 2.544080758189129119e+04 2.105442730595439207e+04 2.260199305972306320e+04 2.420346111938003742e+04 3.580378386548846174e+04 3.707445140798349166e+04 1.738254778933613488e+04 3.341045949204514909e+04 2.283919318052819654e+04 2.144935637452976152e+04 3.465394674085241422e+04 3.897165496346577856e+04 2.414184332581947820e+04 3.389620709404300578e+04 2.615910510294482447e+04 7.385758185575137031e+04 3.888693640885303466e+04 2.666604976376615014e+04 2.417362180588869160e+04 3.535987001565912942e+04 2.505372536853280690e+04 5.722580485621144180e+04 2.516872448317281305e+04 3.459095924322005158e+04 4.209995711611272418e+04 3.874236432462613448e+04 1.856681132658099159e+04 3.022458098975772009e+04 2.440395976119859915e+04 2.806759520441811401e+04 5.560724636501979694e+04 4.005259737472423876e+04 2.297590416356824062e+04 2.803757688044889073e+04 1.795961112477632560e+04 2.295157943879963932e+04 3.876350417778158589e+04 2.182496446295605347e+04 2.443176716143094018e+04 2.302153944200346086e+04 2.849178509137949004e+04 2.474243716820811096e+04 2.188928357950313148e+04 2.598664282127061233e+04 3.195990166430622412e+04 3.135219560916609043e+04 3.954114208358342148e+04 2.449495386671737651e+04 3.869271486566919339e+04 3.630665437208338699e+04 5.607657150445370644e+04 4.558302605065918033e+04 3.517126512624631141e+04 6.772287371496725245e+04 4.760793858065814129e+04 4.086354876421454537e+04 2.462785771896097503e+04 3.433766934288121411e+04 4.621059277008415665e+04 6.035289981275944592e+04 3.513617069070351135e+04 3.080837424027198722e+04 3.462635413881047862e+04 4.007175856417736941e+04 1.827582814741031689e+04 3.962208332839354262e+04 6.018341568641203048e+04 6.557073268293592264e+04 3.656294570713840221e+04 4.026389871480253350e+04 3.280989815381756489e+04 2.269725482816188014e+04 2.838409866612718542e+04 1.969232292348245755e+04 4.441877454830302304e+04 3.450551771657141217e+04 3.867268184386233042e+04 3.149197416648020226e+04 5.686672851909148449e+04
3.008823529411764639e+02 3.207976505252247080e+04 3.205805055266666386e+04 4.414531169656326529e+04 3.857352031426055328e+04 4.228835988769600954e+04 3.176254904938814434e+04 2.886100738295131305e+04 2.494082833560622748e+04 2.903075577888988482e+04 3.831502613926008780e+04 2.702718292238324648e+04 2.868290429665714692e+04 2.302952019370673588e+04 2.752546746055146650e+04 1.451070554580431235e+04 2.632150304723509544e+04 1.914504485223535085e+04 2.812124881256975277e+04 1.921403948915141154e+04 2.869844672954242196e+04 4.280090912051185296e+04 2.280669701386505767e+04 2.890504481728512837e+04 2.435508955280026203e+04 5.165705637952632969e+04 2.935554678005786991e+04 3.267649179276568611e+04 2.565812675501005288e+04 2.253487593712230955e+04 1.884982376925802237e+04 2.922387876602902179e+04 2.703282148619780492e+04 2.237893085972536574e+04 2.315617448287307343e+04 2.516934250190061721e+04 3.739924349477501528e+04 3.860846851636272186e+04 1.865243581453973093e+04 3.421294116987456800e+04 2.449729010744999323e+04 2.264705669811848202e+04 3.613725795161593851e+04 4.036952038660363178e+04 2.536862569264196281e+04 3.592584587463756907e+04 2.654884482258611024e+04 7.335981498066977656e+04 4.085188941681565484e+04 2.837272238121094051e+04 2.580211547654506649e+04 3.717343388770094316e+04 2.659958992511435281e+04 5.940129604575260601e+04 2.668167282558212537e+04 3.480401946868034429e+04 4.383266499267083418e+04 4.064675905415679881e+04 1.920082205095752579e+04 3.207603580465971754e+04 2.524919974366822134e+04 3.010902217800298240e+04 5.616632673932025500e+04 4.184919527203940379e+04 2.392270900509618514e+04 2.867820277771904875e+04 1.933916938044163180e+04 2.389637810809666189e+04 4.060372672531727585e+04 2.338767155359412573e+04 2.509402436145049069e+04 2.402354861101296774e+04 3.021959686842098745e+04 2.527155944734324294e+04 2.270200042821293391e+04 2.749869051929217312e+04 3.354722953246403631e+04 3.323153742580441758e+04 4.083935130860143545e+04 2.515465888594853459e+04 4.061973638726300851e+04 3.803205240988940204e+04 5.663441575512701093e+04 4.706279525486959028e+04 3.691879627815019194e+04 6.829692227709354484e+04 4.853562810532296862e+04 4.246884242801091750e+04 2.533771799539681524e+04 3.625274376691017096e+04 4.628152227182842034e+04 6.076196862999170116e+04 3.681967331058453419e+04 3.226093613645398364e+04 3.646667958077734511e+04 4.187882633237800474e+04 1.954078580192730442e+04 4.137330224478326272e+04 6.197000160226587468e+04 6.687980219316079456e+04 3.808408178445052909e+04 3.969748481384280603e+04 3.437317957681129337e+04 2.377958104507053213e+04 2.873963261168512327e+04 2.049399567524543090e+04 4.439210018444435991e+04 3.633055745141254738e+04 4.073909178460494149e+04 3.279602349685900845e+04 5.991695400949245231e+04
3.017647058823529278e+02 3.306366390034743381e+04 3.253535151630565451e+04 4.571901616044477123e+04 4.010079671769180277e+04 4.336176621397356212e+04 3.249521657604047869e+04 3.023288986142192516e+04 2.661090339119522105e+04 3.067142227703512253e+04 4.030613728270425054e+04 2.784326791683142437e+04 2.950844117096995978e+04 2.389962123492847968e+04 2.951749459052640668e+04 1.563314066987267324e+04 2.701409174212025391e+04 2.042118847823121905e+04 3.018432896296621402e+04 2.049039906267125843e+04 3.044141598919358512e+04 4.371515333824077970e+04 2.361493586704203699e+04 3.060184491886852265e+04 2.565301811333026490e+04 5.014095148969197908e+04 3.090410049352576243e+04 3.344164842144711292e+04 2.666493678748800085e+04 2.344283995958108790e+04 2.011931971472253281e+04 3.054518236241315390e+04 2.857420458411481741e+04 2.387126866790785789e+04 2.379700099082919769e+04 2.614643799843046145e+04 3.884524033222322032e+04 3.996857093091533898e+04 2.008783358965770822e+04 3.486809149134941254e+04 2.616670872751268689e+04 2.391131996635003816e+04 3.751049821016543137e+04 4.154366728292316111e+04 2.667658670531397729e+04 3.786397928858240630e+04 2.689789826256611195e+04 7.238880532345708343e+04 4.272606255996211257e+04 3.003084886381285469e+04 2.745390215723829533e+04 3.886621861412576982e+04 2.811679695394201190e+04 6.118743409610345407e+04 2.816864365117302441e+04 3.499625754270856851e+04 4.538943109825209103e+04 4.234346822075982345e+04 2.001321367881998231e+04 3.381863051826742594e+04 2.610684398723772028e+04 3.212651720570081307e+04 5.619848172390946274e+04 4.338345070601715270e+04 2.494065557645615263e+04 2.931143783195380820e+04 2.088151756196506904e+04 2.491308114962949185e+04 4.227935578005605203e+04 2.501298104929484180e+04 2.575967858712769521e+04 2.509127011244439200e+04 3.191860782071126232e+04 2.588088490045687286e+04 2.358145763824858295e+04 2.896698407530761688e+04 3.509845251324289711e+04 3.498015919910634693e+04 4.194120454185950075e+04 2.581712812375548674e+04 4.235087802510370238e+04 3.964335767990229942e+04 5.665873956589042064e+04 4.829002536077603872e+04 3.862159447639818245e+04 6.843945867454615654e+04 4.932666678780317307e+04 4.380169406993508892e+04 2.604109469622886900e+04 3.810783947620782419e+04 4.635691524201311404e+04 6.058445528276660480e+04 3.837060558196812781e+04 3.364758248304059089e+04 3.823866072404139413e+04 4.347953527351048251e+04 2.094447211544345555e+04 4.288654032647216809e+04 6.318672353234439652e+04 6.763732718895151629e+04 3.943183763274858211e+04 3.905501356164699246e+04 3.577823971145880205e+04 2.492796802937115353e+04 2.902695556788181784e+04 2.140086473439369729e+04 4.436075931217632024e+04 3.798115780812080629e+04 4.260285274004632083e+04 3.400539523200305121e+04 6.261643615964516357e+04
3.026470588235293917e+02 3.390164271335272497e+04 3.286851356270632095e+04 4.692277753294505237e+04 4.145289424458952999e+04 4.417758863282104721e+04 3.305699076419676567e+04 3.147311851187756838e+04 2.824994255202294516e+04 3.216454621811680408e+04 4.211015795618623815e+04 2.861082311897561158e+04 3.026320140815504783e+04 2.477393248623041291e+04 3.148888784550095806e+04 1.695954833124660945e+04 2.761035353768577988e+04 2.175499775942418273e+04 3.220133744482950715e+04 2.182359283991683697e+04 3.205744400882429545e+04 4.437114035418745334e+04 2.442250599339446853e+04 3.238685121671719753e+04 2.694782426454831875e+04 4.847319792642768152e+04 3.228593349682210464e+04 3.398204287141539680e+04 2.762378552605267760e+04 2.436852503260496815e+04 2.145471241381754589e+04 3.173881079035973016e+04 3.000904931018013667e+04 2.546143173145856417e+04 2.447683704445971307e+04 2.707685541519957405e+04 4.008303982750103751e+04 4.109580664542783052e+04 2.162987569884588083e+04 3.531687568712769280e+04 2.779146543918620955e+04 2.519803880541849139e+04 3.871288150725072046e+04 4.244094969894902897e+04 2.799569880116114291e+04 3.962968074729904765e+04 2.716364302474688884e+04 7.092733783265510283e+04 4.443816800501340913e+04 3.157612924853456207e+04 2.907484527927802628e+04 4.036243925817748095e+04 2.954250948535000498e+04 6.250846250796287495e+04 2.956653968138237178e+04 3.511451625991678884e+04 4.670449505955583300e+04 4.375803762866633042e+04 2.095097998456133064e+04 3.538643702590330213e+04 2.692062430032037446e+04 3.404528244391747285e+04 5.569507827444529539e+04 4.458684777690673218e+04 2.598519902606841788e+04 2.988528836646736090e+04 2.253567107513864903e+04 2.595740070053259478e+04 4.372294230558044364e+04 2.663384284700519129e+04 2.638024127130272245e+04 2.617986125155904665e+04 3.352130121357963799e+04 2.650454878021937111e+04 2.448342066501588124e+04 3.034013854344777428e+04 3.654011264464417036e+04 3.653243149444153096e+04 4.277407056808786001e+04 2.643393229092653928e+04 4.381569346303673956e+04 4.107165651744050410e+04 5.614165173586086894e+04 4.921189949384275678e+04 4.018609326466435596e+04 6.809726033859419113e+04 4.989554025564398034e+04 4.480255690934698941e+04 2.668881655324892563e+04 3.982956180393454997e+04 4.635372070893815544e+04 5.982446978621379822e+04 3.973817991517086921e+04 3.489206690945524315e+04 3.987170629070133145e+04 4.480648145525544533e+04 2.242609363153394952e+04 4.409638268885122670e+04 6.379009967004424107e+04 6.779872610191389685e+04 4.055891385861270828e+04 3.829109677241335157e+04 3.696325880238709942e+04 2.607824546966764319e+04 2.920199155032015551e+04 2.235997611540811704e+04 4.424984257652684028e+04 3.938589202531894261e+04 4.418726203571727820e+04 3.504880508829143946e+04 6.486323762491068919e+04
3.035294117647058556e+02 3.453862488235973433e+04 3.301659260068964068e+04 4.771120485126951098e+04 4.257188895094811596e+04 4.469188221464474191e+04 3.340270296536661044e+04 3.253279183497789563e+04 2.979596692196673393e+04 3.345778761074203794e+04 4.365473894783409924e+04 2.928924651521259148e+04 3.090221561414804091e+04 2.560227560673005064e+04 3.336703620495927316e+04 1.844195300409087940e+04 2.807150223060705684e+04 2.309147912325504512e+04 3.410058436046122370e+04 2.315861154585304394e+04 3.349189838105613308e+04 4.472318126163864508e+04 2.517978779216427938e+04 3.418729288991883368e+04 2.818875532173976171e+04 4.664216715868562460e+04 3.345294378712659818e+04 3.425995038761777687e+04 2.848145756530834842e+04 2.526174314644871629e+04 2.280144622321451607e+04 3.275617764062707647e+04 3.128577486028668864e+04 2.708122935656106347e+04 2.515041078852616920e+04 2.790825870074837439e+04 4.106302736431318044e+04 4.194419988665701385e+04 2.321908136678779556e+04 3.551587812856455275e+04 2.931753170335699906e+04 2.646128011321236409e+04 3.969073158063151641e+04 4.302276811004483898e+04 2.926143668125442491e+04 4.115212119887892186e+04 2.730971941134247027e+04 6.897920380614152236e+04 4.592269446064546355e+04 3.295221709187910892e+04 3.061360174931084475e+04 4.159748588775379903e+04 3.082059734984230454e+04 6.330906136212807905e+04 3.081903717047230020e+04 3.511315944606184348e+04 4.772128001649842918e+04 4.483032561779292155e+04 2.196009677060286049e+04 3.672335898057086160e+04 2.763976050428087910e+04 3.579691818153060740e+04 5.466855898383287422e+04 4.540717703940879437e+04 2.701031753503829896e+04 3.035258055994364258e+04 2.424718263621677761e+04 2.698347849900696019e+04 4.487775729856597172e+04 2.818635919348776224e+04 2.691184111637393289e+04 2.724315399959826391e+04 3.496675557056148682e+04 2.708342760839860784e+04 2.536746703655438250e+04 3.157218252073692565e+04 3.780743060169071396e+04 3.783296769817650056e+04 4.328242015747765254e+04 2.696126349881122587e+04 4.495741934021865745e+04 4.225848895636895759e+04 5.509643706421943352e+04 4.978792767412302783e+04 4.153082689364396356e+04 6.724088034255414095e+04 5.017423287964096380e+04 4.542829642644702835e+04 2.723677840297488001e+04 4.135270809583380469e+04 4.620091407731437357e+04 5.850724523619482352e+04 4.088068028408298414e+04 3.592989519855123945e+04 4.130369576094251534e+04 4.580465061780445831e+04 2.392544149274995289e+04 4.495276507253433374e+04 6.376054243337891239e+04 6.734534457952441880e+04 4.142867503217973717e+04 3.737448338872438762e+04 3.787666463764980290e+04 2.717050109285110375e+04 2.923063120015095774e+04 2.332026884908079592e+04 4.399579125492459571e+04 4.048621603888808750e+04 4.542987246777528344e+04 3.586778307502109965e+04 6.657438002626642992e+04
3.044117647058823195e+02 3.493274634249490919e+04 3.295153448818581091e+04 4.805552223702846095e+04 4.340932117378986004e+04 4.487282443477476045e+04 3.350106393946427124e+04 3.336991709103716130e+04 3.119287187857137542e+04 3.450721981820290966e+04 4.487984881461188343e+04 2.984080494756143162e+04 3.138714575997921929e+04 2.634042269107465108e+04 3.508491467963793548e+04 2.002969478347597760e+04 2.836647226511654299e+04 2.437757409073266535e+04 3.581660320415023307e+04 2.444240693591691888e+04 3.469754881904708600e+04 4.473916673022757459e+04 2.584344240695022381e+04 3.593196040553911007e+04 2.932673528972522399e+04 4.464658795369161089e+04 3.436590351209013170e+04 3.425184488642195356e+04 2.919198770725521899e+04 2.607768726690332187e+04 2.410654390492460152e+04 3.355530954290176305e+04 3.235884842376627057e+04 2.866546850822102715e+04 2.577561795080480078e+04 2.859536711341326372e+04 4.174610995763837855e+04 4.248110076560502057e+04 2.479685573221030063e+04 3.543719711335241300e+04 3.069448138983361059e+04 2.765498876284171274e+04 4.039933204280493374e+04 4.326507157028895745e+04 3.041582522203478948e+04 4.237228619880714541e+04 2.730712670546521258e+04 6.656808794396976009e+04 4.712235092492272088e+04 3.411171672240577027e+04 3.202244340902474869e+04 4.251954713559100492e+04 3.190298676408398023e+04 6.355513618260120711e+04 3.187794170715602013e+04 3.495555598154807376e+04 4.839446315181969112e+04 4.551582182138699136e+04 2.298719407447247795e+04 3.778420890991819761e+04 2.822045591110133682e+04 3.732117242148408695e+04 5.315008022792769043e+04 4.580935937240628846e+04 2.797025732845062885e+04 3.067271817572913278e+04 2.595977414544382555e+04 2.794563560279147350e+04 4.569913792793065659e+04 2.961148033570740517e+04 2.731653774204742876e+04 2.823537002235835826e+04 3.620185463065027579e+04 2.756656154893947678e+04 2.619740724296472399e+04 3.262320727788194199e+04 3.884584069744691078e+04 3.883774927124257374e+04 4.342853163575983490e+04 2.736125274950668245e+04 4.573391834251251566e+04 4.315686445552313671e+04 5.355515909562949673e+04 4.999082180821357179e+04 4.258839733058824640e+04 6.586453448881652730e+04 5.011368801771917060e+04 4.565248044324761577e+04 2.764724016538418073e+04 4.262159764378119871e+04 4.584199016619945905e+04 5.667624487759541807e+04 4.176562774522678228e+04 3.670952445216475462e+04 4.248211695003943169e+04 4.643278900094132405e+04 2.538447446976514402e+04 4.542160330203518242e+04 6.310164146229349717e+04 6.628326368212653324e+04 4.201511411096453958e+04 3.628796321223099221e+04 3.847866337354284769e+04 2.815079188547115336e+04 2.908888001494326818e+04 2.423373598599726756e+04 4.354853906205573730e+04 4.123768317771278817e+04 4.628371339872493263e+04 3.641758698685764102e+04 6.768833423324748583e+04
3.052941176470588402e+02 3.505546836387117946e+04 3.265750969420808906e+04 4.794368685050464410e+04 4.392782960835827544e+04 4.470157935336849187e+04 3.333423777384026471e+04 3.395091468582164089e+04 3.239183677518921832e+04 3.527846223490646662e+04 4.573915029980712279e+04 3.023229843975342374e+04 3.168725542595668958e+04 2.695085901325948362e+04 3.658292398835731001e+04 2.167052454938727533e+04 2.847237999024954843e+04 2.556373089773925312e+04 3.729192811811970023e+04 2.562546860952124553e+04 3.563585853235879767e+04 4.440129315172268252e+04 2.637716076018915192e+04 3.755342930910267023e+04 3.031627819455988720e+04 4.249514536717798910e+04 3.499538688790157903e+04 3.394786988910846412e+04 2.971785652447842222e+04 2.677768957407218841e+04 2.532016860662095132e+04 3.410242673647894117e+04 3.319030644923874934e+04 3.015326925965716146e+04 2.631439169701774517e+04 2.910116362151462818e+04 4.210465723961577896e+04 4.268703744519281463e+04 2.630704786958718978e+04 3.506776416953983426e+04 3.187711522068783961e+04 2.873480704149322628e+04 4.080439005187927978e+04 4.315780234409486729e+04 3.140842838950370788e+04 4.324430660864495439e+04 2.713497253264043684e+04 6.373534065782660764e+04 4.799015335183412390e+04 3.501694218722824007e+04 3.325819065277586924e+04 4.309068614903419802e+04 3.275073669803074881e+04 6.323370257166202646e+04 3.270425966276031249e+04 3.461503950389876991e+04 4.869150603543846228e+04 4.578632528754050873e+04 2.398122294965670881e+04 3.853543022885066603e+04 2.862709006010505618e+04 3.856748391584007186e+04 5.118651945438663824e+04 4.577559804346410965e+04 2.882139089712757777e+04 3.081308473126013632e+04 2.761717260260789772e+04 2.880023612991601840e+04 4.615537541948373109e+04 3.085664582157851692e+04 2.756340717411783044e+04 2.911295378384882133e+04 3.718238575676503388e+04 2.791217129152119378e+04 2.694158693283448156e+04 3.345997622293947643e+04 3.961210637904147734e+04 3.951486624160417705e+04 4.319242392865387956e+04 2.760305801204115778e+04 4.611807121497446497e+04 4.373190255582638929e+04 5.156563039137497253e+04 4.980678644531742611e+04 4.330687160276221402e+04 6.398467953292051970e+04 4.968421716574604216e+04 4.546500903067286708e+04 2.788987754298217624e+04 4.359113727935408679e+04 4.523641108380515652e+04 5.438971206974839151e+04 4.236971183388189093e+04 3.719307564700013609e+04 4.336494591982717247e+04 4.666420043847077613e+04 2.674889607420426182e+04 4.548479754478480754e+04 6.183847259004836087e+04 6.464102535685893963e+04 4.230250138376852556e+04 3.502746013556067192e+04 3.874224738390222046e+04 2.897261657608799214e+04 2.876260636210304801e+04 2.505659998373838243e+04 4.287272602004122746e+04 4.161065531459821068e+04 4.671794045374977577e+04 3.666758064452720282e+04 6.816649483030702686e+04
3.061764705882353041e+02 3.489125976857969363e+04 3.212990994426810721e+04 4.737982368734258489e+04 4.410223629967657325e+04 4.417251188469089539e+04 3.289698020153441757e+04 3.425173212214516388e+04 3.335251326432415226e+04 3.574743949959245947e+04 4.620085821545683575e+04 3.043650670373843968e+04 3.178006434610254291e+04 2.740334069619849470e+04 3.781054710097935458e+04 2.331185439868280082e+04 2.837471354755578432e+04 2.660539917368553870e+04 3.847866660728502757e+04 2.666332131496342481e+04 3.627795446397284832e+04 4.370603761650220258e+04 2.675218107398612847e+04 3.899017597813250177e+04 3.111728278299593876e+04 4.020544496382862417e+04 3.532230448093361338e+04 3.335083270100212394e+04 3.003081673386321563e+04 2.732981128481046835e+04 2.639713096784662775e+04 3.437313317177543649e+04 3.375097284595607198e+04 3.148944203139669480e+04 2.673357100046515188e+04 2.939774470370974814e+04 4.212293373088945373e+04 4.255510483810346341e+04 2.769750348470707831e+04 3.440815990653183690e+04 3.282695094581564626e+04 2.965988395103844596e+04 4.088302723146124481e+04 4.270384536583393492e+04 3.219722907243214286e+04 4.373631881726803113e+04 2.678083054899919807e+04 6.053689054213667259e+04 4.849102491745251609e+04 3.564039054937777837e+04 3.428319185055277921e+04 4.328733372801641963e+04 3.333478447434096597e+04 6.235191103320940601e+04 3.326893315423693275e+04 3.407531477546503447e+04 4.859355469595568138e+04 4.562994883380169631e+04 2.489503575760296735e+04 3.895541762268781167e+04 2.883304082155552533e+04 3.949621638379304932e+04 4.883705107472105010e+04 4.530484473288040317e+04 2.952403988414400010e+04 3.075001188871034174e+04 2.916504737751834909e+04 2.950752085701275428e+04 4.622810136284758482e+04 3.187726373682005942e+04 2.762932645820734251e+04 2.983637689892015987e+04 3.787394555900563864e+04 2.808826028603399027e+04 2.757308631606074050e+04 3.405645214260320790e+04 4.007497818894637021e+04 3.984482120176126773e+04 4.257106085753024672e+04 2.766364976358194326e+04 4.609760529094516824e+04 4.396107910330213781e+04 4.918795346985955985e+04 4.923522906713535485e+04 4.365055307632131735e+04 6.163749590926327073e+04 4.887493637366248004e+04 4.487112267881076696e+04 2.794251248370847316e+04 4.422757643906649173e+04 4.436004197580026084e+04 5.171688586656941334e+04 4.267851589081375278e+04 3.735653702270593931e+04 4.392123620670134551e+04 4.648692930293155223e+04 2.796965453210937631e+04 4.513962735964666354e+04 6.001506202961648523e+04 6.246648570961388032e+04 4.228476737095636054e+04 3.360048769781041483e+04 3.865362117454693362e+04 2.959808046664375433e+04 2.824693806100702204e+04 2.575043121694971342e+04 4.194800821349176113e+04 4.159045341976652708e+04 4.671787435812089825e+04 3.660108060354464396e+04 6.799357943052379414e+04
3.070588235294117680e+02 3.443687296518117364e+04 3.137408287013875452e+04 4.638301656381814973e+04 4.392002721282025595e+04 4.329275609920489660e+04 3.219540516067661156e+04 3.425849753586754377e+04 3.404392716662546445e+04 3.590072245272593864e+04 4.624803379762003169e+04 3.043331675924700903e+04 3.165165661754221219e+04 2.767522706706542886e+04 3.872771076259082474e+04 2.490212647983212446e+04 2.806723433177239349e+04 2.746436651175471343e+04 3.933975541974670341e+04 2.751786010400226587e+04 3.660521668837952166e+04 4.266342519185564743e+04 2.694755907178283815e+04 4.018848555252663209e+04 3.169658923977191444e+04 3.780248780482672737e+04 3.533802117244951660e+04 3.247478946713975165e+04 3.011231214139188887e+04 2.770924244218176682e+04 2.729825546578306239e+04 3.435314152723526058e+04 3.402129524717164895e+04 3.262583207688020775e+04 2.700569923623939758e+04 2.946676716790209684e+04 4.179701541074192210e+04 4.208994773520511808e+04 2.892153829506638431e+04 3.347101488368173159e+04 3.351347628234718286e+04 3.039454742709065977e+04 4.062424160225418018e+04 4.191756810735176987e+04 3.274933572240788999e+04 4.383079658053969615e+04 2.624069085062061640e+04 5.703959065764655679e+04 4.860281445656790311e+04 3.596489537374817883e+04 3.506626504443167505e+04 4.310018952872088266e+04 3.363632182720655692e+04 6.093530195980279677e+04 3.355319893995104212e+04 3.333031671052084857e+04 4.809566495171719725e+04 4.505045840642850817e+04 2.568680412270268789e+04 3.903440919266498531e+04 2.882109682779638388e+04 4.007949711809296423e+04 4.616950906637818116e+04 4.441161350405103440e+04 3.004412671130399394e+04 3.046927244755160064e+04 3.055293523426937463e+04 3.003326981221375900e+04 4.591215419950552314e+04 3.263792520520663311e+04 2.749940861250134185e+04 3.037177610765742793e+04 3.825257390526723611e+04 2.807280604119196141e+04 2.806983022367885133e+04 3.439419071677172906e+04 4.021538281401410495e+04 3.982037478310172446e+04 4.157690483530316124e+04 2.752824336310381841e+04 4.567438130495940277e+04 4.383407543376350077e+04 4.649085075278455042e+04 4.828792889627112163e+04 4.360009849101010332e+04 5.887554665131251386e+04 4.769235677565063816e+04 4.388986437206168193e+04 2.779147930277647538e+04 4.450891124142906483e+04 4.320466355678001128e+04 4.873411023686182307e+04 4.268606409253466700e+04 3.718945799343901308e+04 4.413138561321681482e+04 4.590332904414757650e+04 2.900429262164188549e+04 4.439758231414837064e+04 5.769118279167773289e+04 5.982304414007694140e+04 4.196466692381894973e+04 3.202415591201348070e+04 3.821202831534698635e+04 2.999869708759127025e+04 2.754536387429161550e+04 2.628312993279528382e+04 4.076854398188753839e+04 4.117692816477738234e+04 4.628442311703784799e+04 3.621469514341188915e+04 6.717695895612327149e+04
3.079411764705882320e+02 3.370026728373406513e+04 3.040389554178578328e+04 4.498555805870575568e+04 4.338123230771389353e+04 4.208121633563085925e+04 3.124547367680876778e+04 3.396768747661445377e+04 3.444503372464488348e+04 3.573544270690294070e+04 4.587830967125058669e+04 3.021046774147931865e+04 3.129664010095914273e+04 2.775157896463858560e+04 3.930575271768539824e+04 2.639222265732652158e+04 2.755159952136279753e+04 2.810984895622893237e+04 3.984980544323282811e+04 2.815843717810002636e+04 3.660946123713679845e+04 4.129570492797299812e+04 2.695018620232501416e+04 4.110404166767679999e+04 3.202919131149784153e+04 3.531686413127051492e+04 3.504406420520380198e+04 3.134333370604354059e+04 2.995347996660343415e+04 2.789849436849868653e+04 2.799151830551009334e+04 3.403850121204230527e+04 3.399175040172088484e+04 3.352251376892833650e+04 2.710967709685235604e+04 2.929947981743179116e+04 4.113422520757132588e+04 4.130643003624214907e+04 2.993923822618287159e+04 3.227912145491882984e+04 3.391507626460382016e+04 3.090972515559631211e+04 4.002883567101588415e+04 4.082307403284584871e+04 3.304145470648932678e+04 4.352433788953344629e+04 2.551853470244080381e+04 5.331736440463102190e+04 4.831669440396060963e+04 3.598344699552201928e+04 3.558351401210392214e+04 4.253356966704504157e+04 3.364678430451539316e+04 5.902545497105015238e+04 3.354856013080185221e+04 3.238358789254884323e+04 4.720637939080075739e+04 4.406602052043434378e+04 2.632119592707615084e+04 3.877396470858182875e+04 2.858345294278009897e+04 4.030160183579650766e+04 4.325679436423757579e+04 4.312424423670821852e+04 3.035453636260186977e+04 2.996609945081674232e+04 3.173601953817759568e+04 3.035017682428256740e+04 4.521495667836903158e+04 3.311326509452056052e+04 2.716707229502850896e+04 3.069230512426997302e+04 3.830505778678929346e+04 2.785356796955496975e+04 2.841461742156371474e+04 3.446255882278372883e+04 4.002615842308228457e+04 3.944594914203744702e+04 4.023595811953270459e+04 2.719036704425205244e+04 4.486320695443465229e+04 4.335225290748482075e+04 4.354804570306052483e+04 4.698776224727208319e+04 4.315199772157892585e+04 5.576395801253610989e+04 4.615831942527187493e+04 4.255212529828512197e+04 2.743161777923557383e+04 4.442491770737913612e+04 4.177672234344116441e+04 4.552110743858155911e+04 4.239422550463859079e+04 3.669417098319750221e+04 4.398706819183964399e+04 4.492907340609797393e+04 2.981806098751717582e+04 4.328273538784842822e+04 5.493874629110014212e+04 5.678556678303259105e+04 4.135279457067916519e+04 3.032295106428179861e+04 3.742901913603248249e+04 3.015579087157212416e+04 2.666862581022979793e+04 2.662969835975626120e+04 3.934180165128041699e+04 4.038348711225424631e+04 4.543294245580502320e+04 3.551722101803241094e+04 6.574502844554469630e+04
3.088235294117646959e+02 3.269915807595515071e+04 2.924009743603250172e+04 4.323063118220293836e+04 4.249767688572641055e+04 4.056696252011524484e+04 3.007119304529982401e+04 3.338577795728692581e+04 3.454492588924497977e+04 3.525876670120495692e+04 4.510302054064827826e+04 2.976384848195210725e+04 3.071773264072092934e+04 2.762502000863434660e+04 3.952797256952728640e+04 2.773698902256073779e+04 2.683666757523372871e+04 2.851932907723995595e+04 3.999551383238780545e+04 2.856269261152050240e+04 3.629270019388302171e+04 3.963541410466106754e+04 2.675455505967237332e+04 4.170319826788696810e+04 3.209905894502956653e+04 3.278259106439466996e+04 3.445141248070995789e+04 2.998757097137017263e+04 2.955472980929183177e+04 2.788738572198731345e+04 2.845295076622241686e+04 3.343529285576288385e+04 3.366278901164994022e+04 3.414881990950269392e+04 2.703121491666503789e+04 2.889632944418814805e+04 4.015206937391436804e+04 4.022799239772196597e+04 3.071860497146605485e+04 3.086324381517620350e+04 3.401960368929791730e+04 3.118406771979741825e+04 3.910876319851406151e+04 3.945216741594092309e+04 3.306009474098208011e+04 4.282687587932874885e+04 2.462550213485355198e+04 4.944706518455360492e+04 4.763689586342902476e+04 3.569867955036836793e+04 3.581898183725526906e+04 4.160419223155674263e+04 3.336745471411535982e+04 5.667699171920953086e+04 3.325636958998671616e+04 3.124715471865022846e+04 4.594661252436924406e+04 4.270733620054597122e+04 2.677031347879052191e+04 3.818602440229517379e+04 2.812127667716793803e+04 4.015886750337937701e+04 4.017323127002319961e+04 4.148258999884367222e+04 3.043612513021475752e+04 2.924470510899146029e+04 3.267676912445990820e+04 3.043887276352068875e+04 4.415536895094412466e+04 3.328844460430817708e+04 2.663371510548042716e+04 3.077913676064242827e+04 3.802886180496705492e+04 2.742752113608207219e+04 2.859510563536588961e+04 3.425873877291080862e+04 3.951134265653357579e+04 3.873658125738888339e+04 3.858528514165682282e+04 2.665152977246179580e+04 4.369016577791662712e+04 4.252772523202143202e+04 4.043459461526590167e+04 4.536694325306881365e+04 4.231740615832009644e+04 5.237610473344277852e+04 4.430729898055252124e+04 4.089826022668528458e+04 2.686586274456979299e+04 4.397678802076903230e+04 4.009534035149484407e+04 4.215728146602886409e+04 4.181196783155859157e+04 3.588453511091321707e+04 4.349080343371792696e+04 4.359157866115061188e+04 3.038480570459726005e+04 4.182964297390250431e+04 5.183773869239156193e+04 5.343595781057470595e+04 4.046643431824507570e+04 2.852629537441991124e+04 3.632713737083357410e+04 3.006049966482904347e+04 2.563338059903091562e+04 2.677277301703894409e+04 3.768669421671724558e+04 3.923554991323787544e+04 4.419151341891507764e+04 3.452809444866373087e+04 6.374459934250479273e+04
3.097058823529411598e+02 3.145944619249332754e+04 2.790879461153931697e+04 4.116990831542188971e+04 4.129181662001307268e+04 3.878744567871153413e+04 2.870285050886128374e+04 3.252849432948230969e+04 3.434259738921665121e+04 3.448701851253923087e+04 4.394589471713596868e+04 2.909740201594448808e+04 2.992509916909310050e+04 2.729535739578626453e+04 3.938960171974518016e+04 2.889644096190635537e+04 2.593765400640898588e+04 2.867894495440496758e+04 3.977550215702588321e+04 2.871693574311971315e+04 3.566650843387252098e+04 3.772331901499924425e+04 2.636229087469526712e+04 4.196365839363418490e+04 3.189945811342603338e+04 3.023535309523123942e+04 3.357949750657015102e+04 2.844417054448045383e+04 2.892498560589877889e+04 2.767278357013579080e+04 2.866709607739814601e+04 3.255891057643646127e+04 3.304434982130864955e+04 3.448391253937189322e+04 2.676301750413443733e+04 2.826622541024337261e+04 3.887692273363728600e+04 3.888499003235100827e+04 3.123624321969970697e+04 2.926003595558233064e+04 3.382447167280435679e+04 3.120459548227358755e+04 3.788610170871161972e+04 3.784241480517903256e+04 3.280141037487515132e+04 4.176044779177829332e+04 2.357889872232840207e+04 4.550519850875029806e+04 4.657990215793911921e+04 3.512205348354075977e+04 3.576496331548267335e+04 4.033963232592523127e+04 3.280871470111210510e+04 5.395458169786712097e+04 3.268706681122935333e+04 2.994023518690788478e+04 4.434816272787151684e+04 4.101553146157957963e+04 2.701420463965660747e+04 3.729167961020044459e+04 2.744395009232988741e+04 3.965909815234169218e+04 3.699173911907573347e+04 3.953559076383456704e+04 3.027825430971788956e+04 2.831748143652051658e+04 3.334606584616160399e+04 3.028847296677677878e+04 4.276226739293762512e+04 3.315912155997779337e+04 2.590810719938891998e+04 3.062199054458242244e+04 3.743166735546774726e+04 2.680002615138293186e+04 2.860367860316082442e+04 3.378749007201934000e+04 3.868512186805613601e+04 3.771659088924655953e+04 3.667050032609663322e+04 2.592061166969421174e+04 4.219076912839381112e+04 4.138220081043237587e+04 3.722404730479724822e+04 4.346521612451408873e+04 4.112052956365219870e+04 4.878983280668831139e+04 4.218365053225573502e+04 3.897574285098747350e+04 2.610456017818231703e+04 4.317641293818775739e+04 3.819012187055439426e+04 3.871898322077616467e+04 4.095456648874835082e+04 3.478440668799520790e+04 4.265522154698465602e+04 4.192818544912910875e+04 3.068739128387353048e+04 4.008117674375440401e+04 4.847260301416539005e+04 4.985936363196290040e+04 3.932845192335642059e+04 2.666645997955029088e+04 3.493831961155027966e+04 2.971335900314930404e+04 2.446092154132533324e+04 2.670280112808232661e+04 3.583156053143788449e+04 3.776872563166990585e+04 4.259895741085569171e+04 3.327566401273078372e+04 6.123786397572630813e+04
3.105882352941176805e+02 3.001338947315801852e+04 2.643979806753301455e+04 3.886079351729820337e+04 3.979509997636831395e+04 3.678629803512585204e+04 2.717508023757372939e+04 3.141964387226592953e+04 3.384640935036553856e+04 3.344446994218333566e+04 4.244128546030522557e+04 2.822260529319992202e+04 2.893538800884741431e+04 2.676901085285184308e+04 3.889738551538511820e+04 2.983704394556631814e+04 2.487503068894388343e+04 2.858361895560583798e+04 3.919976270649117942e+04 2.861626362565709496e+04 3.475105211079218861e+04 3.560596388004027540e+04 2.578148378210381634e+04 4.187482109182322165e+04 3.143287312475600265e+04 2.771050406970797121e+04 3.245489874727727874e+04 2.675324959733107607e+04 2.808060770966552082e+04 2.725817353471660317e+04 2.862721825857744261e+04 3.143290832982717257e+04 3.215498202971122737e+04 3.451712987952375261e+04 2.630471657806787698e+04 2.742547843375901721e+04 3.734235833288211870e+04 3.731286664740811830e+04 3.147787147487815673e+04 2.750980668414260799e+04 3.333639901488506439e+04 3.096700775244884790e+04 3.639155458830431598e+04 3.603507497462811443e+04 3.227077006569262812e+04 4.035751274327054125e+04 2.240090113773844496e+04 4.156453641398336913e+04 4.517310199737428775e+04 3.427279421676124912e+04 3.542210286457055918e+04 3.877638266834605020e+04 3.198900598220702159e+04 5.092954359613754059e+04 3.185912385831873689e+04 2.848760120205498970e+04 4.245170439153822372e+04 3.903964347480387369e+04 2.704113387419009086e+04 3.611965644424984202e+04 2.656798535207869281e+04 3.882058183685858239e+04 3.378103307543788833e+04 3.733849040316627361e+04 2.987893477409521802e+04 2.720381227492444305e+04 3.372413272616539325e+04 2.989673557209267892e+04 4.107273287008916668e+04 3.273106424638892349e+04 2.500546056521221908e+04 3.021927249303772624e+04 3.653056326038103725e+04 2.598373330857076144e+04 2.843731131550277132e+04 3.306068951657453727e+04 3.757046521827916149e+04 3.641793889639877307e+04 3.454296428698885575e+04 2.501292727747592653e+04 4.040779771032890858e+04 3.994551448286313826e+04 3.398563689127597900e+04 4.132772153812484612e+04 3.959653805869516509e+04 4.508348749207629589e+04 3.983851669642223715e+04 3.683658683158712665e+04 2.516446054203639505e+04 4.204532844274249510e+04 3.609850550806801039e+04 3.527683267848716787e+04 3.984271094395315595e+04 3.342578202301520651e+04 4.150201972494860092e+04 3.998392756226964411e+04 3.071789631489969179e+04 3.808607668244914385e+04 4.492841857582625380e+04 4.614026963483371219e+04 3.796608771961255115e+04 2.477642300718805564e+04 3.330188759524084890e+04 2.912356231623806889e+04 2.317575878148661650e+04 2.641796174613796757e+04 3.381172069509934954e+04 3.602658973976818379e+04 4.070245699037669692e+04 3.179517976124328925e+04 5.829871463628512720e+04
3.114705882352941444e+02 2.839774983919502120e+04 2.486511057375708333e+04 3.636375090759399609e+04 3.804607620402314205e+04 3.461111284483155760e+04 2.552504792451839603e+04 3.008966812957333241e+04 3.307318813508653693e+04 3.216189291803178276e+04 4.063210792652899545e+04 2.715761208425584118e+04 2.777059544019592431e+04 2.605824995109181691e+04 3.806865615874421928e+04 3.053265226934103703e+04 2.367333271562766822e+04 2.823676446565695005e+04 3.828861239024967654e+04 2.826425851596546636e+04 3.357382036906548456e+04 3.333327325776539510e+04 2.502584334558889896e+04 4.143756540316050086e+04 3.071046764568724029e+04 2.524149241720235295e+04 3.110986285389557088e+04 2.495643141383564580e+04 2.704409437747483753e+04 2.665302472758247313e+04 2.833508677414506747e+04 3.008755306877171097e+04 3.102063296441456623e+04 3.424785824986151420e+04 2.566251318361735321e+04 2.639651308192378201e+04 3.558735495686597278e+04 3.555040628601569915e+04 3.143838478522088189e+04 2.565448612429972127e+04 3.257072546429199429e+04 3.047552249869935986e+04 3.466270175200724771e+04 3.407321774953707063e+04 3.148198107264409555e+04 3.865896680307132920e+04 2.111720111334960893e+04 3.769158692461391911e+04 4.345304716433420981e+04 3.317662127592149045e+04 3.479912535742342880e+04 3.695774039273152448e+04 3.093354606790978869e+04 4.767661949928115791e+04 3.079775202833549338e+04 2.691790959926428332e+04 4.030457790727167594e+04 3.683404487830884318e+04 2.684745879700883961e+04 3.470463942167151254e+04 2.551572971021778721e+04 3.767071290242772375e+04 3.060357513874993310e+04 3.495011832337069791e+04 2.924451245701045264e+04 2.592868798058342509e+04 3.380093783972832898e+04 2.926976020998172680e+04 3.913008670889565110e+04 3.201931716103103463e+04 2.394630370631082405e+04 2.957775431250290421e+04 3.535089510886185599e+04 2.499732522271049675e+04 2.809734359464888257e+04 3.209663128345105724e+04 3.619754704515232152e+04 3.487843370248037536e+04 3.225711428598727070e+04 2.394909712868972201e+04 3.838910837508167606e+04 3.825400497672030178e+04 3.078222879270960402e+04 3.900292411679550423e+04 3.778921397812457144e+04 4.133261484593702335e+04 3.732689423512569920e+04 3.453494342488981783e+04 2.406752952973976062e+04 4.061337458803375193e+04 3.386314590486606176e+04 3.189387191676665680e+04 3.850157898007455515e+04 3.184680802803223924e+04 4.006066855705482885e+04 3.780921630419275607e+04 3.047737697422086421e+04 3.589658188813198649e+04 4.128764890633842879e+04 4.235931104702373705e+04 3.640981083199128625e+04 2.288814342637843220e+04 3.146241772438381668e+04 2.830790311655704136e+04 2.180430887367084870e+04 2.592374788200995317e+04 3.166707764292515276e+04 3.405834646764728677e+04 3.855508415731016430e+04 3.012674193049552559e+04 5.500893481539325148e+04
3.123529411764706083e+02 2.665195067600141920e+04 2.321752424729357517e+04 3.373975254405790474e+04 3.608834509021238046e+04 3.231124633951770738e+04 2.379075135051737379e+04 2.857399837855324949e+04 3.204705636983055228e+04 3.067495905924224280e+04 3.856758350134317152e+04 2.592612393663690455e+04 2.645680585834031081e+04 2.518029086723251385e+04 3.693002522167528514e+04 3.096518249537628799e+04 2.235990059854313949e+04 2.764966318716925889e+04 3.707128621856345853e+04 2.767235624714759979e+04 3.216815110605375594e+04 3.095623711813937916e+04 2.411372863733337726e+04 4.066358581221983331e+04 2.975117401930331107e+04 2.285856644666433203e+04 2.958071554705483504e+04 2.309506935210840311e+04 2.584264084806958635e+04 2.587200354421863085e+04 2.780042661341439816e+04 2.855817205236509471e+04 2.967319102257697523e+04 3.368502114862413146e+04 2.484856655458984096e+04 2.520643179581923687e+04 3.365444011106018297e+04 3.363808178810311074e+04 3.112156701561918453e+04 2.373577874620803777e+04 3.155039110621437794e+04 2.974232824031441851e+04 3.274207036371076902e+04 3.200002357486836627e+04 3.045623879740230404e+04 3.671195817978431296e+04 1.975561746642971775e+04 3.394467509655426693e+04 4.146343090981816931e+04 3.186434685870760222e+04 3.391226015652324713e+04 3.493160468633798155e+04 2.967288526664757592e+04 4.427092485474933346e+04 2.953345278544941539e+04 2.526203734267525215e+04 3.795845614005791140e+04 3.445587966871768003e+04 2.643719593684839856e+04 3.308551577088643535e+04 2.431393613928710329e+04 3.624433975082099641e+04 2.751406484521798484e+04 3.243027971937053007e+04 2.838897211114457241e+04 2.452118517390658963e+04 3.357617374761765677e+04 2.842130294243514072e+04 3.698183729476201552e+04 3.104702521491731386e+04 2.275521750845382121e+04 2.871187091954276184e+04 3.392485250920939143e+04 2.386415900524796962e+04 2.758919714230333557e+04 3.091912750665245767e+04 3.460204137576956418e+04 3.313986686740500591e+04 2.986795959476532516e+04 2.275377929840010620e+04 3.618546023536867870e+04 3.634878774310290464e+04 2.766881464853120997e+04 3.654060970646596252e+04 3.574844719421023910e+04 3.760720889960002387e+04 3.470488937912685651e+04 3.212488076832481238e+04 2.283963159022998661e+04 3.891713897702436952e+04 3.152936846828044872e+04 2.862428809607679432e+04 3.695988571341818169e+04 3.008973511942246478e+04 3.836692733104406943e+04 3.545749963555056456e+04 2.997529639405406488e+04 3.356617026835033903e+04 3.762736400595658051e+04 3.859065606440678675e+04 3.469222044880063913e+04 2.103116430256026433e+04 2.946756323904026431e+04 2.728949259562310908e+04 2.037367639889128986e+04 2.523227628214829383e+04 2.943978991951805438e+04 3.191645285981799680e+04 3.621331121268389688e+04 2.831326656518977688e+04 5.145438154767519882e+04
3.132352941176470722e+02 2.481633082956377984e+04 2.152937718595376282e+04 3.104797937160525180e+04 3.396847568039289035e+04 2.993577148685083375e+04 2.200950820125408791e+04 2.691132169191329376e+04 3.079805753755316618e+04 2.902257666381074887e+04 3.630091722383295564e+04 2.455607626371605147e+04 2.502288254140130084e+04 2.415629472194023037e+04 3.551577027338345215e+04 3.112495961473291391e+04 2.096362870207377637e+04 2.684054622024224591e+04 3.558424946879688650e+04 2.685891893259635253e+04 3.057163197356235105e+04 2.852481064961386801e+04 2.306709718894614343e+04 3.957431454394575121e+04 2.858048015723069329e+04 2.058782888152757005e+04 2.790625477487568423e+04 2.120871436311074285e+04 2.450664362745469407e+04 2.493406978128793708e+04 2.704006485322315712e+04 2.688340342214221528e+04 2.814887537515582517e+04 3.284619956752660073e+04 2.388016519510394210e+04 2.388552030792320147e+04 3.158787226198788994e+04 3.161656474398711362e+04 3.053945749585538579e+04 2.179357894534218940e+04 3.030464508237329574e+04 2.878669365145031770e+04 3.067515004106752531e+04 2.985732662533460825e+04 2.922085213381984795e+04 3.456762817626039759e+04 1.834476286596127102e+04 3.037269778635469993e+04 3.925291760553148924e+04 3.037041293303716884e+04 3.278437915198658447e+04 3.274830296638113941e+04 2.824138157714221961e+04 4.078522549381660065e+04 2.810049114454298615e+04 2.355152159463216231e+04 3.546703604792995611e+04 3.196264719372633408e+04 2.582130204948493702e+04 3.130363196205366694e+04 2.299228629418634955e+04 3.458193378621227021e+04 2.455849996471955455e+04 2.983739142052087482e+04 2.733292095038288971e+04 2.301291449788415412e+04 3.305881095041756635e+04 2.737176934613378762e+04 3.467764954256980127e+04 2.984398957848241844e+04 2.145951423954806887e+04 2.764269529101197259e+04 3.228987029789339795e+04 2.261087638453991167e+04 2.692202915135421063e+04 2.955644910642572358e+04 3.282337777763418126e+04 3.124617466058555146e+04 2.742885721120065500e+04 2.145434586665537427e+04 3.384846634909450950e+04 3.427400389100445318e+04 2.469157993000298666e+04 3.399005436399888276e+04 3.352771624380682624e+04 3.396961420246180205e+04 3.202729500149813248e+04 2.965844621745979384e+04 2.150917026868510584e+04 3.699826048347727192e+04 2.914284391923523071e+04 2.551271956813075667e+04 3.524893054777292855e+04 2.819891838567393279e+04 3.646123825284620398e+04 3.298302823621434800e+04 2.922864798540404445e+04 3.114751657450095445e+04 3.401705215484461223e+04 3.490005048020802496e+04 3.284702427207766596e+04 1.923158830644880072e+04 2.736595400007980061e+04 2.609632923001322706e+04 1.891057922155604319e+04 2.436136490267839690e+04 2.717215167650432340e+04 2.965433591295940641e+04 3.373463524496143509e+04 2.639856624753686992e+04 4.772137630964536220e+04
3.141176470588235361e+02 2.293056383227501283e+04 1.983149482127970987e+04 2.834386335199481255e+04 3.173400917765893246e+04 2.753167605324694887e+04 2.021667355791043883e+04 2.514185816866445384e+04 2.936065319457271107e+04 2.724524958584307387e+04 3.388702679116733634e+04 2.307822952762271234e+04 2.349917539697947723e+04 2.301031366548107690e+04 3.386601605235658644e+04 3.101071855487054927e+04 1.951377768615320019e+04 2.583344175092193109e+04 3.386933320758263289e+04 2.584807802315168738e+04 2.882446258765991661e+04 2.608611594969687212e+04 2.191042500256330459e+04 3.819950774338240444e+04 2.722900226041716815e+04 1.845064107881890232e+04 2.612619949790855753e+04 1.933386869815678801e+04 2.306823043937829425e+04 2.386149662803229148e+04 2.607683121089518318e+04 2.510345275740472061e+04 2.648656864874329403e+04 3.175644248574964149e+04 2.277873175639596593e+04 2.246577496203324699e+04 2.943194542343562352e+04 2.952543774032800502e+04 2.971141746860470448e+04 1.986468739068025388e+04 2.886756474112574506e+04 2.763380480154545148e+04 2.850845860562315647e+04 2.768443366020335816e+04 2.780781090471784410e+04 3.227889222429439542e+04 1.691283165523123171e+04 2.701451844871526191e+04 3.687295259823254310e+04 2.873143476510573964e+04 3.144389752721670811e+04 3.045854731545670802e+04 2.667567153319065983e+04 3.728763216689739056e+04 2.653536826984197978e+04 2.181718150200626405e+04 3.288387257847556612e+04 2.941004093296487918e+04 2.501672644202278389e+04 2.940114062192435813e+04 2.158194739403448693e+04 3.272768233661338672e+04 2.177376421739211946e+04 2.722645435674128748e+04 2.610233289382208022e+04 2.143652242499243221e+04 3.226626772600229742e+04 2.614696585988844890e+04 3.226743107622261596e+04 2.844504236606371342e+04 2.008793182491779226e+04 2.639667441929805500e+04 3.048692876309060011e+04 2.126604771777490532e+04 2.610832289690076504e+04 2.804015670075719390e+04 3.090303704634647147e+04 2.924171068521347115e+04 2.498964864762318393e+04 2.007957559553611645e+04 3.142875071146895789e+04 3.207511868846507059e+04 2.188750284675784860e+04 3.139843379661003928e+04 3.118168094560503960e+04 3.047309945776924360e+04 2.934556981210999948e+04 2.718407046387388618e+04 2.010575976683356930e+04 3.490167376800107741e+04 2.674757616780000535e+04 2.259408521739431308e+04 3.340165832576316461e+04 2.621895570138215771e+04 3.438707122000789968e+04 3.043882713592136497e+04 2.826082872593757929e+04 2.869073839055812641e+04 3.051705661306652109e+04 3.134352796166767439e+04 3.090810964358197816e+04 1.751141920366085105e+04 2.520527875484362812e+04 2.475980265859079736e+04 1.744044395749410978e+04 2.333343928467184742e+04 2.490476346168316377e+04 2.732430989383909764e+04 3.117542024873412811e+04 2.442562342349028404e+04 4.389346938828430575e+04
3.150000000000000000e+02 2.103229438505774669e+04 1.815233242593756586e+04 2.567753054398382301e+04 2.943163842136140011e+04 2.514237088348937323e+04 1.844461238015639901e+04 2.330573622559181604e+04 2.777217093547776312e+04 2.538353565990841525e+04 3.138042714051870280e+04 2.152475369008610869e+04 2.191630627758291666e+04 2.176823110649190130e+04 3.202481890860409840e+04 3.062926597710867645e+04 1.803890096817732774e+04 2.465686347206138089e+04 3.197179989842635769e+04 2.466841832426176552e+04 2.696785844520131650e+04 2.368300041422536015e+04 2.066964178462601922e+04 3.657558237692958210e+04 2.573093737917874751e+04 1.646335589880475163e+04 2.427976273913434125e+04 1.750304253939053160e+04 2.155988574184155004e+04 2.267885929891399064e+04 2.493828457183594219e+04 2.325844870565344900e+04 2.472618156026489305e+04 3.044683887469037290e+04 2.156872396853900500e+04 2.097952434704825646e+04 2.722948339423465222e+04 2.740213218392564886e+04 2.866295500987915148e+04 1.798184581160830567e+04 2.727647606543623624e+04 2.631341536060456929e+04 2.628775460407106220e+04 2.551722600551177675e+04 2.625227237058608080e+04 2.989836884262481544e+04 1.548655541721695772e+04 2.389892586340746857e+04 3.437566695556040941e+04 2.698481192300693874e+04 2.992350134822853215e+04 2.811160379889130854e+04 2.501320521868995638e+04 3.383977182599866501e+04 2.487536177798558128e+04 2.008796882747659765e+04 3.026045534918042904e+04 2.685012015963290833e+04 2.404529377133118396e+04 2.741950592536121621e+04 2.011423233272723519e+04 3.072760757110900158e+04 1.918767628446743402e+04 2.464742694082182788e+04 2.472714293810661184e+04 1.982431859128868746e+04 3.122326034220572910e+04 2.477669933233295160e+04 2.979961397215740726e+04 2.688833987548875666e+04 1.866941010547934275e+04 2.500421429468095084e+04 2.855884327700262293e+04 1.985890244359814460e+04 2.516341861677124689e+04 2.640387805393164672e+04 2.888295816992060645e+04 2.716969783129043208e+04 2.259520007089881983e+04 1.865843035274658541e+04 2.897436992045651277e+04 2.979733746569534560e+04 1.928441524120305985e+04 2.880951661527366741e+04 2.876399411187534133e+04 2.716107364804772442e+04 2.670626347679317041e+04 2.474534216762565484e+04 1.865899046330254350e+04 3.267387447404793784e+04 2.438426534370793161e+04 1.989385589339209764e+04 3.145175389919332156e+04 2.419303391263674348e+04 3.218929181881775730e+04 2.787495233385737083e+04 2.710033191415026522e+04 2.624197665100204904e+04 2.717762675694540303e+04 2.796674803814590996e+04 2.890871724808313957e+04 1.588823826639806794e+04 2.303062691869547052e+04 2.331320987732267895e+04 1.598668667963978442e+04 2.217433165310140248e+04 2.267504910389722500e+04 2.497577578288342193e+04 2.858903732692738413e+04 2.243511572512393104e+04 4.004870106382776430e+04
3.158823529411764639e+02 1.915602821003831923e+04 1.651732215934426858e+04 2.309266982898633069e+04 2.710563813147630208e+04 2.280654640324249704e+04 1.672193658987301387e+04 2.144154112326818358e+04 2.607127930787363948e+04 2.347666576528875157e+04 2.883335844848564739e+04 1.992788260546158926e+04 2.030407938140262922e+04 2.045674020718382235e+04 3.003825590480782557e+04 2.999482689281475177e+04 1.656592480447660637e+04 2.334241607451262462e+04 2.993844290534599349e+04 2.335158204249551636e+04 2.504256839907065296e+04 2.135298001087832745e+04 1.937112546553926950e+04 3.474380571676517866e+04 2.412248995995262158e+04 1.463733632796711754e+04 2.240439941929497581e+04 1.574411824635193807e+04 2.001322949190026338e+04 2.141203473270218819e+04 2.365534152476283998e+04 2.138697292746293169e+04 2.290713050444980036e+04 2.895293967796616926e+04 2.027649416510187439e+04 1.945820298301918228e+04 2.502057112832772327e+04 2.528110118105732181e+04 2.742437951972228257e+04 1.617308681750405958e+04 2.557036290176220791e+04 2.485839596300387711e+04 2.405647197530565973e+04 2.338753955865177704e+04 2.459104553154865789e+04 2.747654188540621908e+04 1.409036059567918710e+04 2.104506531202773840e+04 3.181197339676770571e+04 2.516746140500164256e+04 2.825877379896016282e+04 2.575373705873512517e+04 2.329090718583617490e+04 3.049546123728197199e+04 2.315719333745868789e+04 1.839007881428359906e+04 2.764459698083053081e+04 2.432986586786847693e+04 2.293248635492282483e+04 2.539821706195799925e+04 1.861941887719930310e+04 2.862779997604120217e+04 1.681941635598629364e+04 2.214402774059752119e+04 2.323978344551254850e+04 1.820708710293360855e+04 2.996041433618375595e+04 2.329331520941007693e+04 2.731969233550018180e+04 2.521366575315126829e+04 1.723200100872365874e+04 2.349820537539836732e+04 2.654862530790245364e+04 1.841819313616609725e+04 2.410499328679744576e+04 2.468209057022197521e+04 2.680411455633410515e+04 2.507091243835355272e+04 2.028436401336488052e+04 1.721896503123993170e+04 2.652953772999859575e+04 2.748419148174271322e+04 1.690144287382390030e+04 2.626266558312348570e+04 2.632541425976919709e+04 2.406687943216733402e+04 2.414989975283131935e+04 2.238015905850070340e+04 1.719734219746409144e+04 3.036128074835958614e+04 2.208907417133422132e+04 1.742867419971561321e+04 2.943278718229325750e+04 2.216153917855771579e+04 2.991261981063057465e+04 2.533708509901383150e+04 2.577933465474316836e+04 2.384233271313296427e+04 2.403854201663015556e+04 2.480489236474175777e+04 2.688072368866038596e+04 1.437516899831287446e+04 2.088314544165111147e+04 2.179035458163274234e+04 1.457018216022651723e+04 2.091204397435322608e+04 2.051614285257541633e+04 2.265376155768347235e+04 2.602435729842393630e+04 2.046422755203763882e+04 3.625744087945251522e+04
3.167647058823529278e+02 1.733229339642479317e+04 1.494842074394943302e+04 2.062582807334012614e+04 2.479659225850974326e+04 2.055738645402813927e+04 1.507300167102495834e+04 1.958509117894933661e+04 2.429655795781327470e+04 2.156137159149072249e+04 2.629421933580849873e+04 1.831870462017099999e+04 1.869055352253099409e+04 1.910239764599050977e+04 2.795261605553373738e+04 2.912812212318088859e+04 1.511940585770218240e+04 2.192339434241441268e+04 2.781580992099546347e+04 2.193086851310635029e+04 2.308756143633053216e+04 1.912756464778808368e+04 1.804079017305240632e+04 3.274843715479565071e+04 2.244035639896386419e+04 1.297920658628803903e+04 2.053476696781725332e+04 1.408000104719847332e+04 1.845798906338453162e+04 2.008725247208722067e+04 2.226088283766620225e+04 1.952482085113554785e+04 2.106699172337150594e+04 2.731311928641296254e+04 1.892916812519568339e+04 1.793131954668484104e+04 2.284155298330988808e+04 2.319321972483030186e+04 2.602936512834000678e+04 1.446138021640852821e+04 2.378834745111964730e+04 2.330326907108973319e+04 2.185443179804662941e+04 2.132279771844705829e+04 2.286114297018070283e+04 2.506021946689218021e+04 1.274574129188941879e+04 1.846322827056383539e+04 2.922992974788122592e+04 2.331471087898653423e+04 2.648679554561299301e+04 2.342696886175394320e+04 2.154400785756703408e+04 2.729987394739734373e+04 2.141586807122813843e+04 1.674632660920729541e+04 2.507917737650263371e+04 2.189013964362652769e+04 2.170619041808230395e+04 2.337374196134803060e+04 1.712576529312175262e+04 2.647284047247449053e+04 1.468023931798125523e+04 1.975297101355348059e+04 2.167374465938756839e+04 1.661311582570366591e+04 2.851272402824168239e+04 2.173025870993781064e+04 2.486905205215065507e+04 2.346082978103415735e+04 1.580194904632039470e+04 2.191257514898632144e+04 2.449798762101459943e+04 1.697122385815641610e+04 2.295249762016163368e+04 2.290896239393600990e+04 2.470529786966958272e+04 2.298263124397320280e+04 1.808935051780822323e+04 1.578740979295822217e+04 2.413366736863178812e+04 2.517633826989054796e+04 1.474973289768939139e+04 2.379214773483310273e+04 2.391227746569961528e+04 2.121407377184458892e+04 2.171029941686592065e+04 2.012023720720832716e+04 1.574727818953756105e+04 2.800875122474905584e+04 1.989279595581434842e+04 1.520722659273690078e+04 2.737742440407011600e+04 2.016096015193023777e+04 2.760023557718128723e+04 2.286548739370029944e+04 2.433225613648006401e+04 2.152715754017134896e+04 2.112923505103097705e+04 2.188302834140131381e+04 2.485403616920687637e+04 1.298107286935495540e+04 1.879903813112701027e+04 2.022428686895951250e+04 1.320891318835458878e+04 1.957553711088217460e+04 1.845614477820284446e+04 2.039783303630136288e+04 2.352462069365355273e+04 1.854576812366677768e+04 3.258083683229116650e+04
3.176470588235293917e+02 1.558707409784147058e+04 1.346384362010426594e+04 1.830610097337851766e+04 2.254044129809525839e+04 1.842212727329328845e+04 1.351764271983860999e+04 1.776847345116905854e+04 2.248521640780250164e+04 1.967095025952913420e+04 2.380634367611471680e+04 1.672613590803389525e+04 1.710129678064197287e+04 1.773078457387350136e+04 2.581277023883492802e+04 2.805523551166650941e+04 1.372097724696576915e+04 2.043344554244842948e+04 2.564862456733540239e+04 2.043989891002847071e+04 2.113892667562336283e+04 1.703194186360133972e+04 1.670329533687495132e+04 3.063491499083758754e+04 2.072034148965591521e+04 1.149127415396472497e+04 1.870191732012863577e+04 1.252852678215359629e+04 1.692118674519243359e+04 1.873022848379008428e+04 2.078840825269801280e+04 1.770402706950014908e+04 1.924037931089082122e+04 2.556696148749952044e+04 1.755359900693499367e+04 1.642564230979526110e+04 2.072430600778073858e+04 2.116539866423302374e+04 2.451349596890583416e+04 1.286454203453477930e+04 2.196830995870741026e+04 2.168280743707807778e+04 1.971685850971156833e+04 1.934586685046447019e+04 2.109846640525245675e+04 2.269132944070427766e+04 1.147084640009818213e+04 1.615588887478351899e+04 2.667341337096398274e+04 2.145938129999877856e+04 2.464478914763369903e+04 2.116816720636058744e+04 1.980507543623014499e+04 2.428916859317012859e+04 1.968371607924171985e+04 1.517577839946924905e+04 2.260125699962790532e+04 1.956504173934110077e+04 2.039547134288838424e+04 2.137873489231021813e+04 1.565874392849142714e+04 2.430446516834006616e+04 1.277438356486966768e+04 1.750360628196068501e+04 2.006223421969614355e+04 1.506746258718675745e+04 2.691795111917831673e+04 2.012073139107547831e+04 2.248411041714045132e+04 2.166823306309660984e+04 1.440296525153183029e+04 2.028093839831517835e+04 2.244605155731965351e+04 1.554306217400807327e+04 2.172656617656826711e+04 2.111730125426485756e+04 2.262213662600318276e+04 2.093785397676963112e+04 1.603547567217896176e+04 1.438744633393503318e+04 2.182072836599913353e+04 2.291060024543533655e+04 1.283337470237989328e+04 2.142673695713281268e+04 2.156535359796671401e+04 1.861709137255764290e+04 1.941430171416157100e+04 1.799094251934223212e+04 1.433254035977935564e+04 2.565831207189923953e+04 1.782039901085360907e+04 1.323127296917924650e+04 2.531672085269792660e+04 1.822309684179436226e+04 2.529257921551884283e+04 2.049432167554010448e+04 2.279435817637404398e+04 1.932567214469157261e+04 1.846932603113593359e+04 1.921683522044529673e+04 2.285609640334149299e+04 1.171091419826592755e+04 1.680890966026320530e+04 1.864622526397700858e+04 1.191778498372367358e+04 1.819360428982883968e+04 1.651771837475085340e+04 1.824137871975425878e+04 2.112668811810546686e+04 1.670758865547674577e+04 2.906986675343249226e+04
3.185294117647058556e+02 1.394150264578301176e+04 1.207796803876498234e+04 1.615517677323526186e+04 2.036785011858470170e+04 1.642192905963915837e+04 1.207112467902498975e+04 1.601935442421587140e+04 2.067200515476064174e+04 1.783457809999991150e+04 2.140713587192248087e+04 1.517610644898138708e+04 1.555883440221464662e+04 1.636579420286010827e+04 2.366078047918336597e+04 2.680633758004399351e+04 1.238898382627148931e+04 1.890535283962202084e+04 2.347846155659017677e+04 1.891140411394591865e+04 1.922900982335449226e+04 1.508497691926089283e+04 1.538139164446359246e+04 2.844817343456999515e+04 1.899616052201036291e+04 1.017206570631901377e+04 1.693272642427375104e+04 1.110258673153843120e+04 1.542655166285341329e+04 1.736540943602341576e+04 1.927080108149260923e+04 1.595217053608895367e+04 1.745807470107832705e+04 2.375374862414711970e+04 1.617543664681272458e+04 1.496461047161340684e+04 1.869578282597909129e+04 1.922038618632313592e+04 2.291286738835021242e+04 1.139536558258074365e+04 2.014570152285237418e+04 2.003076119675716473e+04 1.767371234196750083e+04 1.747509553016707650e+04 1.933667168798783314e+04 2.040606561042336398e+04 1.028026658467657217e+04 1.411888385436860153e+04 2.418113476150072893e+04 1.963107220792522276e+04 2.276887229500296962e+04 1.900846066673619134e+04 1.810326639730233364e+04 2.149052448562599238e+04 1.798965085629810346e+04 1.369361205748262182e+04 2.024155217958035064e+04 1.738163810842757448e+04 1.902942922239582185e+04 1.944149852748047851e+04 1.424049919752920505e+04 2.216050587438375806e+04 1.110008938104437948e+04 1.541792031029893951e+04 1.843699211414491219e+04 1.359145957775456372e+04 2.521504687919084972e+04 1.849650379166468338e+04 2.019576244533026329e+04 1.987165167741375626e+04 1.305570153972481603e+04 1.863540577137087530e+04 2.042829415807571422e+04 1.415594375287232651e+04 2.044841777272342006e+04 1.933764750402177378e+04 2.058635863635806163e+04 1.896479740816323465e+04 1.414123775484103862e+04 1.303968469676392306e+04 1.961889798040525056e+04 2.071925388948684122e+04 1.115043185263235682e+04 1.918958069067127872e+04 1.931909212931123329e+04 1.628218400922417459e+04 1.728182860442122910e+04 1.601139689347428612e+04 1.297365125216108572e+04 2.334812308371464314e+04 1.589090391555636415e+04 1.149675251758995364e+04 2.327950677998082392e+04 1.637456821860276978e+04 2.302637441954747555e+04 1.825131372277919581e+04 2.120044881352005541e+04 1.726088257275127762e+04 1.606946859941847288e+04 1.681358918637264651e+04 2.091149500905571767e+04 1.056623549804158756e+04 1.493743620534616093e+04 1.708468864025055154e+04 1.070858220739270837e+04 1.679387220879071538e+04 1.471799310666637757e+04 1.621125025479155920e+04 1.886064877424534279e+04 1.497228381321726920e+04 2.576495098804199733e+04
3.194117647058823195e+02 1.241178593515492321e+04 1.080138030457166678e+04 1.418767216512026062e+04 1.830387988981976014e+04 1.457201675297299880e+04 1.074427144078355923e+04 1.436056209265512916e+04 1.888834348521653010e+04 1.607687178761299947e+04 1.912755562542030020e+04 1.369097351282762793e+04 1.408228683390338119e+04 1.502906252628699076e+04 2.153478687782650377e+04 2.541433916209972449e+04 1.113829449446621220e+04 1.736998768668714547e+04 2.134270676284616275e+04 1.737618093896074060e+04 1.738579692522789264e+04 1.329947601491087335e+04 1.409541625521611968e+04 2.623115569113937454e+04 1.729846674865729437e+04 9.016922252011396267e+03 1.524955369864297427e+04 9.810425015292088574e+03 1.399414953723873077e+04 1.601534502046780472e+04 1.773924949406009910e+04 1.429195564979391565e+04 1.574641838943861694e+04 2.191111766008058112e+04 1.481834877449798478e+04 1.356796594239288606e+04 1.677780408268852261e+04 1.737673185379235656e+04 2.126280152844361510e+04 1.006192825669557351e+04 1.835258681467450515e+04 1.837876232711077682e+04 1.574932379117314485e+04 1.572449805161002405e+04 1.760625074591454904e+04 1.823437843486100974e+04 9.184999515256929953e+03 1.234264164109898775e+04 2.178598780477132095e+04 1.785565190431690280e+04 2.089296790751069057e+04 1.697295892666529835e+04 1.646379596768862757e+04 1.892251926779530913e+04 1.635864791017763309e+04 1.231117212514676248e+04 1.802424302491102571e+04 1.536001423469639303e+04 1.763618063791613895e+04 1.758568415553803425e+04 1.288951937523485685e+04 2.007412062696327484e+04 9.650655998171463580e+03 1.351084184149507746e+04 1.682730447723866018e+04 1.220244217254951036e+04 2.344267544004355659e+04 1.688692282279332721e+04 1.802911565980218074e+04 1.810327375744022356e+04 1.177742131398678976e+04 1.700559137280384675e+04 1.847576056052114654e+04 1.282886625972939873e+04 1.913926345998113538e+04 1.759754030813583086e+04 1.862529272090534869e+04 1.708664349032872633e+04 1.241866267420171425e+04 1.176133625226396543e+04 1.755047570203780924e+04 1.862956972799112555e+04 9.694008324750142492e+03 1.709829259288647154e+04 1.720123640495177824e+04 1.420853207632557678e+04 1.532622562944791753e+04 1.419480465291925429e+04 1.168761418996887187e+04 2.111170468988453285e+04 1.411753935845778688e+04 9.994893537862633821e+03 2.129187906523593483e+04 1.463659559428095054e+04 2.083389385416178629e+04 1.615772179307392980e+04 1.958374007784666173e+04 1.534974228450860574e+04 1.393241250422479061e+04 1.467330800020502465e+04 1.904168915849516634e+04 9.545689527200103839e+03 1.320333036557435480e+04 1.556484930448183877e+04 9.590045544817276095e+03 1.540196515884216933e+04 1.306871914570760600e+04 1.432772380170399811e+04 1.674975209093224476e+04 1.335714374238187520e+04 2.269605811734645249e+04
3.202941176470588402e+02 1.100933228177091041e+04 9.641042993942772227e+03 1.241169660487135661e+04 1.636793077638670729e+04 1.288203663324302579e+04 9.543738044101130072e+03 1.280992066396634436e+04 1.716167661741460688e+04 1.441768110328535477e+04 1.699192923435113335e+04 1.228915905449742786e+04 1.268718453159345700e+04 1.373954553265841241e+04 1.946819215923417141e+04 2.391354490631857334e+04 9.980272277886080701e+03 1.585545783651287093e+04 1.927381674168304380e+04 1.586224698443218585e+04 1.563254097664411529e+04 1.168265430812141494e+04 1.286293409755942412e+04 2.402357217029746243e+04 1.565412283129066236e+04 8.018607655162472838e+03 1.367011246636708529e+04 8.656061218415938129e+03 1.264021184047236966e+04 1.470019736965564698e+04 1.622235901830666262e+04 1.274105062838184131e+04 1.412695829727054843e+04 2.007393033072715843e+04 1.350340887875351655e+04 1.225158663992303991e+04 1.498707072989853805e+04 1.564888189254814279e+04 1.959672842139251225e+04 8.868027827491623611e+03 1.661693501663406278e+04 1.675544323007147977e+04 1.396230617949904990e+04 1.410404319773062161e+04 1.593384609284789076e+04 1.619978503681928305e+04 8.192561553051105875e+03 1.081338737899340958e+04 1.951472124393325066e+04 1.615494701145207364e+04 1.904791086306926445e+04 1.508074356971578527e+04 1.490762074182850120e+04 1.659577354585290959e+04 1.481143405614685616e+04 1.103617893469799128e+04 1.596707223512452219e+04 1.351359906867102291e+04 1.624199828896174404e+04 1.583020740044096783e+04 1.162050527514834357e+04 1.807330951428870321e+04 8.415474896241346869e+03 1.179078334208049455e+04 1.525923847362924607e+04 1.091368068643334118e+04 2.163789906909483761e+04 1.531814129340418549e+04 1.600348192346926771e+04 1.639100543392046529e+04 1.058184982936573397e+04 1.541784536981271231e+04 1.661454342585257473e+04 1.157736151377039278e+04 1.781974311195011251e+04 1.592097028528117517e+04 1.676159643751655676e+04 1.532151177305565398e+04 1.087385429029467559e+04 1.056606763031961964e+04 1.563202164497238118e+04 1.666358609741612236e+04 8.453291300060469439e+03 1.516522820166099518e+04 1.523276977736470690e+04 1.238943741999428494e+04 1.355481183654332017e+04 1.254894368384876907e+04 1.048779649468969365e+04 1.897742446445500536e+04 1.250811666110963233e+04 8.713275157091853544e+03 1.937680319120664717e+04 1.302503054679733032e+04 1.874246816456359738e+04 1.422856657121116768e+04 1.797489472169915825e+04 1.360351191573081087e+04 1.205418855522162994e+04 1.278996542368451628e+04 1.726482254909750191e+04 8.645583279527356353e+03 1.161955142764166521e+04 1.410810537619153183e+04 8.568040251715268823e+03 1.404085040811478757e+04 1.157662030351867179e+04 1.260473253702654256e+04 1.481061146419696888e+04 1.187431944569140069e+04 1.988321990938382078e+04
3.211764705882353041e+02 9.741040246745846162e+03 8.600555102060514400e+03 1.082957713095787039e+04 1.457391433264655825e+04 1.135657384153559178e+04 8.472388790970702757e+03 1.138030775858164088e+04 1.551506131656030993e+04 1.287208789710942619e+04 1.501804450928596088e+04 1.098499633816280402e+04 1.138544303245539595e+04 1.251323991070401826e+04 1.748913941500946021e+04 2.233837023788587976e+04 8.922878148115916701e+03 1.438647068423708151e+04 1.729887055260326815e+04 1.439420871991246895e+04 1.398761379631625095e+04 1.023674781883705509e+04 1.169852087814073275e+04 2.186093282993602406e+04 1.408572044575797736e+04 7.167895216806988174e+03 1.220752599603851559e+04 7.639796840033019180e+03 1.137714033600940638e+04 1.343739079334412600e+04 1.474547411926113273e+04 1.131215134209795542e+04 1.261633425758314297e+04 1.827338538902715663e+04 1.224866145257380049e+04 1.102749655232444093e+04 1.333536012343879702e+04 1.404737670367451574e+04 1.794526367797511557e+04 7.813703009099615883e+03 1.496216124301673881e+04 1.518578190321593320e+04 1.232570569148240975e+04 1.262001288304654008e+04 1.434180181941121918e+04 1.431946044432376220e+04 7.307214485695991243e+03 9.514265862879767155e+03 1.738789648438541917e+04 1.454661150498908137e+04 1.726077017176387380e+04 1.334508789125504882e+04 1.345131478326578508e+04 1.451378975197607906e+04 1.336436925690393764e+04 9.873049448881920398e+03 1.408168164739409622e+04 1.184969892255024570e+04 1.487062640858142731e+04 1.418934573755108431e+04 1.044440764141798354e+04 1.618069771856710031e+04 7.380995149677395602e+03 1.026035245913976360e+04 1.375510821524067251e+04 9.734480468403036866e+03 1.983507101078331107e+04 1.381257729949751774e+04 1.413258608402100617e+04 1.475804235870173761e+04 9.479183074323627807e+03 1.389471677324899611e+04 1.486552072397765915e+04 1.041342708629299341e+04 1.650940806211062591e+04 1.432802345556031651e+04 1.501318480886013094e+04 1.368262223541113053e+04 9.507686166009752924e+03 9.464012229888774527e+03 1.387467260667738083e+04 1.483809651123981348e+04 7.414524047958293522e+03 1.339789736991985410e+04 1.342814322765086399e+04 1.081351948463138251e+04 1.196956969901087359e+04 1.107676566222359361e+04 9.383968341128616885e+03 1.696823509996855864e+04 1.106556195924194981e+04 7.636798960692550281e+03 1.755383207899529225e+04 1.155058403966859623e+04 1.677423070324101354e+04 1.247306541659273353e+04 1.640128413672864917e+04 1.202826271830665974e+04 1.042533739219887320e+04 1.115270350984218931e+04 1.559563751626819067e+04 7.860398494684274738e+03 1.019371143429038784e+04 1.273185853917034183e+04 7.645792052296052134e+03 1.273037118332578029e+04 1.024389032747059537e+04 1.105031499998325489e+04 1.305362676446882506e+04 1.053115668238197213e+04 1.733736109870184373e+04
3.220588235294117680e+02 8.609709212008430768e+03 7.680479674096116469e+03 9.438682144085471009e+03 1.293060899465354123e+04 9.995776479231479243e+03 7.529745587541691748e+03 1.007989871179791953e+04 1.396696516124790651e+04 1.145058038338819097e+04 1.321748344032231216e+04 9.788762446696497136e+03 1.018547035982348280e+04 1.136304017898378515e+04 1.562027009662254750e+04 2.072217824518174893e+04 7.970880032960297285e+03 1.298391055654711090e+04 1.543939364639142514e+04 1.299284537987971817e+04 1.246455776065477403e+04 8.959714040156000920e+03 1.061367569654105137e+04 1.977386443649150897e+04 1.261133554806014217e+04 6.454106688765094987e+03 1.087053762567866579e+04 6.758764302566387414e+03 1.021365434220825591e+04 1.224139712129257714e+04 1.333021363850688613e+04 1.001323381757587777e+04 1.122637103289089100e+04 1.653638780282211519e+04 1.106885840211857067e+04 9.904020886008480375e+03 1.182986640370051282e+04 1.257912436852893370e+04 1.633550383355647682e+04 6.895799218805773307e+03 1.340690775553102139e+04 1.369067927881047217e+04 1.084734430123145648e+04 1.127540074680799080e+04 1.284794069114746708e+04 1.260456090364114061e+04 6.530274699954614334e+03 8.426345799279111816e+03 1.542008979419751086e+04 1.304415743394472520e+04 1.555439434113677453e+04 1.177385694504872299e+04 1.210711589308225302e+04 1.267391281398062711e+04 1.202949654068048585e+04 8.823290500385131963e+03 1.237413195795336105e+04 1.037017815794422859e+04 1.354278174869645954e+04 1.267298495845318394e+04 9.368601800555836235e+03 1.441355268403913396e+04 6.531590579256359888e+03 8.917168588262826233e+03 1.233316339780131602e+04 8.670419970773469686e+03 1.806496637068779819e+04 1.238859617865415930e+04 1.242494630814143966e+04 1.322269230452781630e+04 8.476227406184929350e+03 1.245464317652762838e+04 1.324432742254798904e+04 9.345594977647884662e+03 1.522626625963443075e+04 1.283470836934899125e+04 1.339333174961242366e+04 1.217860750672305039e+04 8.316576169673226104e+03 8.461911951347510694e+03 1.228459396754864247e+04 1.316481849160060483e+04 6.561878684145812258e+03 1.179947244171198872e+04 1.179572853406891227e+04 9.465854855701907582e+03 1.056791672022235980e+04 9.777057109922623567e+03 8.382470591504665208e+03 1.510163847103506851e+04 9.788548466079862919e+03 6.748548139981064196e+03 1.583893900723851948e+04 1.021921445564733403e+04 1.494607603700827531e+04 1.089521618816919545e+04 1.488646273817330257e+04 1.062547526498779553e+04 9.032115136517339124e+03 9.746984775583854571e+03 1.404547478875094930e+04 7.183264637270861385e+03 8.928621939746908538e+03 1.144947530387914776e+04 6.824166908880055416e+03 1.148696468196365822e+04 9.068779229453088192e+03 9.667222098164667841e+03 1.148356675875009205e+04 9.330654983330350660e+03 1.506135044446491338e+04
3.229411764705882320e+02 7.614533622436051701e+03 6.878716009550278613e+03 8.232286226809863365e+03 1.144214956439669186e+04 8.796038783351657912e+03 6.712475863180400665e+03 8.912554691669367458e+03 1.253125935091241627e+04 1.015936712652620008e+04 1.159613724163338884e+04 8.706864251974211584e+03 9.092383417784229096e+03 1.029871658615828710e+04 1.387872838908909216e+04 1.909627672326207176e+04 7.126139930934567019e+03 1.166462107110361285e+04 1.371142082474490962e+04 1.167489580061663401e+04 1.107230615969670362e+04 7.845969809696108314e+03 9.616846359692504848e+03 1.778770744562557957e+04 1.124449695078557852e+04 5.865588151879484940e+03 9.663842138558591614e+03 6.007486547753487685e+03 9.155050430937579222e+03 1.112364533154292985e+04 1.199421215484455206e+04 8.847952443614833101e+03 9.964343734145979397e+03 1.488516833348453656e+04 9.975355715278761636e+03 8.886052939134298867e+03 1.047364644299021893e+04 1.124772464956089789e+04 1.479054333904889063e+04 6.108545034107685751e+03 1.196504024952582768e+04 1.228675435777543680e+04 9.530307926497232984e+03 1.007032569238202814e+04 1.146554567195078926e+04 1.106072753232727155e+04 5.860473978286652709e+03 7.529483748862828179e+03 1.362028956228069728e+04 1.165711723008763875e+04 1.394717376732727826e+04 1.037003990714253450e+04 1.088311269808555153e+04 1.106834890317681493e+04 1.081473185817828926e+04 7.885927828918508567e+03 1.084554858276303275e+04 9.072231345739433891e+03 1.227583523373947355e+04 1.128697705915822371e+04 8.397166855945188217e+03 1.278399979386738778e+04 5.850311274764471818e+03 7.754727215173892546e+03 1.100748447826929441e+04 7.723687892524086237e+03 1.635416055415379014e+04 1.106039933539469166e+04 1.088438163712142341e+04 1.179841841437752555e+04 7.576640505624824073e+03 1.111184727022078368e+04 1.176153055658335143e+04 8.379112835908375928e+03 1.398640372848011248e+04 1.145295149499402760e+04 1.191091159260164386e+04 1.081393627662933432e+04 7.293292333354907896e+03 7.563360948643982738e+03 1.086352125192371022e+04 1.165070980483291169e+04 5.878212191501060261e+03 1.036935197970816080e+04 1.033843682162418918e+04 8.329017732032405547e+03 9.343505269309396681e+03 8.645120251740589083e+03 7.486481328113596646e+03 1.338984775197766794e+04 8.672179603267131824e+03 6.030521355630838116e+03 1.424446270280037788e+04 9.032629244600073434e+03 1.326980613305297084e+04 9.494477117402806471e+03 1.344985600829072973e+04 9.392688315518225863e+03 7.857625442897954599e+03 8.555643903306234279e+03 1.262235263959399890e+04 6.606369785928177407e+03 7.822929337784951713e+03 1.027040406838162016e+04 6.101974195932591101e+03 1.032354964368908986e+04 8.046225811492337016e+03 8.453625807618002000e+03 1.010025716469482541e+04 8.272008238625190643e+03 1.305118367338478856e+04
3.238235294117646959e+02 6.751644084714941528e+03 6.190895247340606147e+03 7.200430450701400332e+03 1.010860637573537679e+04 7.750699517187548736e+03 6.014892601436548830e+03 7.878315046084930145e+03 1.121737698044122044e+04 9.000793937771682977e+03 1.015485236298528071e+04 7.742145420943308636e+03 8.108303524651012594e+03 9.326998425849731575e+03 1.227637739505492027e+04 1.748910609964760442e+04 6.387951961920354734e+03 1.044137289775874342e+04 1.212575821875057591e+04 1.045303143032297339e+04 9.815536142912036667e+03 6.887126496184976531e+03 8.713549161548859047e+03 1.592237061243077005e+04 9.994338759420897986e+03 5.390115902542313961e+03 8.588504853595604800e+03 5.378420935457206724e+03 8.203540375012475124e+03 1.009254288493751301e+04 1.075105070888945920e+04 7.816142360974969961e+03 8.833375429261886893e+03 1.333713888901751852e+04 8.976151002257807704e+03 7.975400814489254117e+03 9.266132833548897906e+03 1.005382498164798017e+04 1.332920667267525459e+04 5.444113241630390803e+03 1.064582910463342887e+04 1.098633651156534324e+04 8.373531280025797969e+03 9.002441409584922440e+03 1.020351711416304897e+04 9.688717635211905872e+03 5.294345733561967791e+03 6.803040931477751656e+03 1.199243782470042242e+04 1.039131379643737819e+04 1.245300143856191789e+04 9.132368949200039424e+03 9.783543461311301144e+03 9.685189519080902755e+03 9.724164070781853297e+03 7.057941849150623057e+03 9.492842585370355664e+03 7.949193153505869304e+03 1.108366381783905308e+04 1.003357476733247313e+04 7.531237841760445917e+03 1.129939249643178118e+04 5.319513818626666762e+03 6.763262513818105617e+03 9.788057547182592316e+03 6.893487697448610561e+03 1.472465411622149441e+04 9.838093402814774890e+03 9.510600780701885014e+03 1.049406909531484234e+04 6.781245752652456758e+03 9.876414565558130562e+03 1.042296834087335628e+04 7.516210742279015903e+03 1.280369236416819876e+04 1.019073782772960112e+04 1.057074691727151549e+04 9.589409665664064960e+03 6.427747318243645168e+03 6.769121643100053916e+03 9.609356410766426052e+03 1.029839742057791409e+04 5.345700054739204461e+03 9.103745883408297232e+03 9.054446381557921995e+03 7.383994543509674259e+03 8.287009199885993439e+03 7.673439412440559863e+03 6.696350881683522857e+03 1.184011109535773903e+04 7.708680872767507026e+03 5.464240483387467975e+03 1.277915516029016180e+04 7.988858920717832007e+03 1.175243029044766263e+04 8.266493298059556764e+03 1.210664530663014921e+04 8.324162200195241894e+03 6.882843083214917897e+03 7.559814584600857415e+03 1.133111355110699333e+04 6.121303483675246753e+03 6.871793786818234366e+03 9.200416598959021940e+03 5.476276626492781361e+03 9.249564698770429459e+03 7.168497829522903885e+03 7.403879052777234392e+03 8.899324750923813554e+03 7.351190550079093555e+03 1.129721983959117097e+04
3.247058823529411598e+02 6.014664313013158790e+03 5.610781688778205535e+03 6.330739475508234136e+03 8.926609763235728678e+03 6.850721904356632876e+03 5.429444854507371019e+03 6.973953693820121771e+03 1.003060455682398970e+04 7.973830155844482761e+03 8.890153415252683772e+03 6.894278779320138710e+03 7.232706258775892820e+03 8.451741965310045998e+03 1.082017929561845085e+04 1.592563201698861303e+04 5.753407275321185807e+03 9.322989648780145217e+03 1.068839932112785209e+04 9.335985186062918729e+03 8.695118794524307305e+03 6.072688180799017573e+03 7.906563718447214342e+03 1.419241238517617603e+04 8.865898141387411670e+03 5.015231916678329071e+03 7.642437328269675163e+03 4.862467847273464940e+03 7.358638784966481580e+03 9.153590563209949323e+03 9.610349315766366999e+03 6.914384574249149409e+03 7.832929336630451871e+03 1.190495396059463565e+04 8.076038201898044463e+03 7.171182765772363382e+03 8.203682547599622922e+03 8.995489256248571110e+03 1.196597642364192689e+04 4.893145921788341184e+03 9.454278955213032532e+03 9.797625584836245253e+03 7.372436125108503802e+03 8.067328609145723021e+03 9.066672043897075127e+03 8.485112428389087654e+03 4.826614317512700836e+03 6.226457057082256142e+03 1.053606707691002157e+04 9.249207657201646725e+03 1.108140731073922871e+04 8.055982167507939266e+03 8.809176094633610774e+03 8.509395120603925534e+03 8.758435539226427863e+03 6.334685966480096795e+03 8.309459878906449376e+03 6.991343812901371166e+03 9.976652806385314761e+03 8.911912061759743665e+03 6.769400061274981454e+03 9.962794306337886155e+03 4.921373110102251303e+03 5.930569791082019947e+03 8.680995940290114959e+03 6.176478069422667431e+03 1.319372604095558199e+04 8.727907025985237851e+03 8.299833319532197493e+03 9.314253070183325690e+03 6.088392261883131141e+03 8.754519096333364359e+03 9.230213960395472895e+03 6.756429232921585026e+03 1.168958673232643923e+04 9.052370590582298973e+03 9.374032244850806819e+03 8.502696270382841249e+03 5.707748700361842566e+03 6.077486379460038734e+03 8.516781322668553912e+03 9.106682738853825867e+03 4.946350464498057590e+03 7.996254637703000299e+03 7.937985888308629001e+03 6.610959885398445294e+03 7.386864997721916552e+03 6.852308556640894494e+03 6.009978779966523689e+03 1.045515633446620086e+04 6.888066707857539768e+03 5.031238464977601325e+03 1.144832253866726387e+04 7.082864516312539308e+03 1.039658315741714978e+04 7.203828550389008342e+03 1.086782483229269383e+04 7.411524346447114112e+03 6.087506631392367126e+03 6.739718911127291904e+03 1.017363049961235993e+04 5.719332357009781845e+03 6.067570296042114023e+03 8.241941129119686593e+03 4.942693516172367708e+03 8.271130259895517156e+03 6.425809776915440125e+03 6.509283094293220529e+03 7.872953703717229473e+03 6.561552763991091524e+03 9.785403462707929066e+03
3.255882352941176805e+02 5.395259248011413547e+03 5.130666480393888378e+03 5.609170362433980699e+03 7.889986891523554732e+03 6.085330706698122412e+03 4.947182950823589636e+03 6.193564495929581426e+03 8.972475922967712904e+03 7.074591619231560799e+03 7.795001251230811249e+03 6.160213096267977562e+03 6.462802515035074975e+03 7.674166348667469720e+03 9.512699280242022724e+03 1.442694504259336281e+04 5.217766911984821490e+03 8.314601964329798648e+03 9.401051920111643994e+03 8.328809136225956536e+03 7.708632422933618727e+03 5.390691258058475796e+03 7.196184191679554715e+03 1.260731352055386560e+04 7.860525069229662222e+03 4.728514159809114062e+03 6.820901965568104970e+03 4.449432411492167375e+03 6.617574662876946604e+03 8.309573320814093677e+03 8.577994883023129660e+03 6.136599374881429867e+03 6.959357896019841974e+03 1.059674752347189860e+04 7.276855288074787495e+03 6.470246033861592878e+03 7.280131026389389262e+03 8.068569227873086675e+03 1.071109414438141175e+04 4.445231243581264607e+03 8.391568639284809251e+03 8.724986636142339194e+03 6.519585404430215931e+03 7.258862908742740728e+03 8.056149655368865751e+03 7.443057904194579351e+03 4.450571663283579255e+03 5.779693785091251812e+03 9.246988985535042957e+03 8.230297271276525862e+03 9.837835019403661136e+03 7.133096021270547681e+03 7.957743580918246153e+03 7.523708890611794232e+03 7.915176749003223449e+03 5.710272156860407449e+03 7.286121584624394927e+03 6.186676892480630158e+03 8.961826515365435625e+03 7.918501959137134691e+03 6.108102279527734936e+03 8.773533677995574180e+03 4.638286058479474377e+03 5.242760766752154268e+03 7.688877054499243968e+03 5.567224883358901025e+03 1.177399175274742447e+04 7.732523568509473080e+03 7.245468591771134925e+03 8.259819909106983687e+03 5.494338494182776230e+03 7.748764952657560571e+03 8.181123845477084615e+03 6.096986073677840977e+03 1.065301435907796622e+04 8.038821842571466732e+03 8.318802728009744897e+03 7.548877677732810298e+03 5.119682824335194709e+03 5.484662193548348114e+03 7.577865995115264013e+03 8.071091743659796521e+03 4.662409637395502614e+03 7.038422057855517778e+03 6.980130009273053474e+03 5.989913555024516427e+03 6.629947288779266273e+03 6.170404312910271074e+03 5.423209849174193550e+03 9.233723718745002770e+03 6.198760295622218109e+03 4.713439967438545864e+03 1.025404498065538428e+04 6.307149279725172164e+03 9.201027524751081728e+03 6.296670149298921388e+03 9.740405857695426675e+03 6.644378224102412787e+03 5.450873018100915033e+03 6.075319596013138835e+03 9.149061789942576070e+03 5.391614903124959710e+03 5.400462911564358365e+03 7.394460091048483264e+03 4.495688744409520041e+03 7.391309242128583719e+03 5.806898276101742340e+03 5.758828082658502353e+03 7.010621839356513192e+03 5.894405322327550493e+03 8.498423370676127888e+03
3.264705882352941444e+02 4.883653718452167595e+03 4.741742210140636416e+03 5.020674772904627389e+03 6.990380820510057674e+03 5.442587680654370160e+03 4.558186341213610831e+03 5.529145622424361136e+03 8.041235160491942224e+03 6.296873686195936898e+03 6.859545723496857136e+03 5.534644332599646077e+03 5.793929888443429263e+03 6.993136589721852033e+03 8.352687222948117778e+03 1.301005908584490135e+04 4.774825869933327340e+03 7.417998021675412019e+03 8.261732882272952338e+03 7.433226265589376453e+03 6.850907440290367049e+03 4.828269762900060414e+03 6.580508536226560864e+03 1.117189585862541389e+04 6.976364463881475785e+03 4.517789610631065443e+03 6.117021285567365339e+03 4.128431662856093681e+03 5.975704817599192211e+03 7.560808973889477784e+03 7.656471013946841595e+03 5.474636624738088358e+03 6.206475325456496648e+03 9.416504057075006131e+03 6.577799075967490353e+03 5.867586687339218770e+03 6.487330476612138227e+03 7.267067093181239215e+03 9.570802914967456672e+03 4.089323813760981011e+03 7.455564679669691031e+03 7.769344448505858054e+03 5.805321465648286903e+03 6.569552112641626991e+03 7.169889029031140126e+03 6.553000226670117627e+03 4.158428951259737914e+03 5.443564244216445331e+03 8.117995273325523158e+03 7.331548169384353059e+03 8.724026938002980387e+03 6.353658149737043459e+03 7.224408550049317455e+03 6.709476670554756311e+03 7.189469749361227514e+03 5.177912815362041329e+03 6.411525373761054652e+03 5.521604208707337420e+03 8.043081256423379273e+03 7.047730625810343554e+03 5.542066967092621780e+03 7.727792943111353452e+03 4.453180066125765734e+03 4.684932440990596660e+03 6.811158135688880975e+03 5.058643580526114420e+03 1.047363030515028368e+04 6.851493884363112556e+03 6.338674806306489700e+03 7.328405427737906393e+03 4.993639119016797849e+03 6.858607133345837610e+03 7.270433695140012787e+03 5.533161143476601865e+03 9.700354159603213702e+03 7.148145518753046417e+03 7.400424065777337091e+03 6.720980684260106500e+03 4.649117542425216016e+03 4.985158472553062893e+03 6.782647716611151736e+03 7.184441007108152917e+03 4.476671386862769396e+03 6.220245791304379964e+03 6.169569524117576293e+03 5.501185180074945492e+03 6.002164883133330477e+03 5.615294361028230014e+03 4.930229636830150412e+03 8.171146536470291721e+03 5.628150105078479100e+03 4.493449249622039133e+03 9.195461378244732259e+03 5.652347607595817863e+03 8.161207265199494032e+03 5.533480841267347387e+03 8.727734051639243262e+03 6.010859009680210875e+03 4.952333328159599660e+03 5.546841295638806514e+03 8.254142585030511327e+03 5.129364299244728500e+03 4.859128062184876399e+03 6.654942274722065122e+03 4.128836879798448535e+03 6.610437307734460774e+03 5.299540288824465279e+03 5.139879909645156658e+03 6.299789948764580004e+03 5.339566569483721651e+03 7.416768376643466581e+03
3.273529411764706083e+02 4.469108200637401751e+03 4.434451077425731455e+03 4.549766606095851785e+03 6.217830385488214233e+03 4.909895740621085679e+03 4.251947454150139492e+03 4.971158906406835740e+03 7.232341398398580168e+03 5.632671739597667511e+03 6.071843473608296335e+03 5.010487607052647945e+03 5.219938521654099532e+03 6.405477692045781623e+03 7.335699099764612583e+03 1.168788977045601496e+04 4.417257572066582725e+03 6.632038901015989723e+03 7.265393425608190228e+03 6.648047176092932204e+03 6.114576245322142313e+03 4.372139624413043748e+03 6.055750243512075031e+03 9.886847306061932613e+03 6.208879494583228734e+03 4.371299376760483938e+03 5.522272659728721010e+03 3.888245484682166079e+03 5.426913340077385328e+03 6.905437002175634916e+03 6.845259160368596895e+03 4.918839303464979821e+03 5.566126151135897089e+03 8.364528527943110021e+03 5.975783779404806410e+03 5.356754270733735211e+03 5.815654776893626149e+03 6.583483161050070521e+03 8.547699999262678830e+03 3.814106170674932400e+03 6.641373700532290968e+03 6.928644297592911244e+03 5.218365301895448283e+03 5.990842916002790844e+03 6.403145734520002406e+03 5.803386448110853962e+03 3.941636613341570865e+03 5.199967651398668750e+03 7.139539742950481013e+03 6.547830736226879708e+03 7.738484591980053665e+03 5.705959248531587036e+03 6.602237009053234942e+03 6.047361831750653437e+03 6.574320253495052384e+03 4.730214626063218020e+03 5.672986542329114855e+03 4.981582579203967725e+03 7.221494542526585974e+03 6.292329091331859672e+03 5.064682715018797353e+03 6.819202011726348246e+03 4.349742201296754502e+03 4.241740811243856115e+03 6.044640418796661834e+03 4.642417229755084009e+03 9.296747684080821273e+03 6.081698612708156361e+03 5.568977145283264690e+03 6.515006948355339773e+03 4.579520488318204116e+03 6.080821043764335627e+03 6.490369342698443688e+03 5.058682990118552880e+03 8.835495862550767924e+03 6.375926057560143818e+03 6.612081217513473348e+03 6.010478570541984482e+03 4.281317513823416448e+03 4.572163007934344023e+03 6.119668142512657141e+03 6.437396111497660968e+03 4.372706901861200095e+03 5.530636532727992744e+03 5.493328837088821274e+03 5.125820132917956471e+03 5.488972496777962078e+03 5.173878272584997831e+03 4.523944957960211468e+03 7.259951936821106756e+03 5.163075296051609257e+03 4.354761427090953475e+03 8.269102809605174116e+03 5.107773452794648620e+03 7.269820695515899388e+03 4.901582303421296274e+03 7.829890317296322792e+03 5.498128562939048606e+03 4.571898295283027437e+03 5.135173724833111010e+03 7.483502948365540760e+03 4.923969786426612700e+03 4.431213176240482426e+03 6.018287593012582875e+03 3.835064385678289455e+03 5.926497790657405858e+03 4.891007164609975916e+03 4.638796296919668748e+03 5.726527525425808562e+03 4.885863135939751373e+03 6.519657698146623261e+03
3.282352941176470722e+02 4.140342825088740938e+03 4.198801670228386683e+03 4.180993186031296318e+03 5.561296253276227617e+03 4.474427834271098618e+03 4.017707942624254883e+03 4.509046661247414704e+03 6.538988220728375381e+03 5.072671860362024745e+03 5.418518833207052921e+03 4.579330645230284063e+03 4.733558824831219681e+03 5.906304663382775288e+03 6.454724589669756824e+03 1.046938848885250627e+04 4.136930850040371297e+03 5.953110735856645078e+03 6.404543027594312662e+03 5.969622310904573169e+03 5.490606283735648503e+03 4.009000748041860334e+03 5.616559178634696764e+03 8.749311892090549009e+03 5.551386074616661062e+03 4.277825980861583957e+03 5.026953878091138904e+03 3.717612701543140702e+03 4.963985001177354206e+03 6.339732115842035455e+03 6.141282263662422338e+03 4.458562408635518295e+03 5.028727117228615498e+03 7.437977146995272960e+03 5.465822180693817245e+03 4.930229266950974306e+03 5.254459435542562460e+03 6.009144163914336787e+03 7.641167179178551123e+03 3.608292214102717935e+03 5.941904227418564005e+03 6.198348004486534592e+03 4.746360312619213801e+03 5.513397353851808475e+03 5.749020225465881595e+03 5.181308520386336568e+03 3.791169279633415044e+03 5.032048200112119957e+03 6.300377891922447816e+03 5.872350334548188584e+03 6.876972516280960008e+03 5.177189336628031924e+03 6.082664048987236129e+03 5.517950223165989883e+03 6.061121501593774155e+03 4.359424218216839108e+03 5.057005454676410409e+03 4.551654348765449868e+03 6.495685929676066735e+03 5.643810808648946477e+03 4.668367890837925188e+03 6.039411376810391630e+03 4.312584593107904766e+03 3.897877326848565190e+03 5.383953352756883760e+03 4.309380065916703643e+03 8.243836285999415850e+03 5.417831338093075829e+03 4.924780817675464277e+03 5.812558022861574500e+03 4.244233629189377098e+03 5.409991813832702064e+03 5.831245360228752361e+03 4.666103658340148286e+03 8.059972785174698402e+03 5.715739632303723738e+03 5.945250158985391863e+03 5.407749318187264180e+03 4.001671570280670949e+03 4.237895192837919240e+03 5.576458752677713164e+03 5.819003980738730206e+03 4.335030436428879511e+03 4.957821404633476959e+03 4.937411914374269145e+03 4.845862768020666408e+03 5.075798398091806121e+03 4.832762117553201278e+03 4.196339026705805736e+03 6.490453917770524640e+03 4.790237732556689480e+03 4.281912779544202749e+03 7.469258750285906899e+03 4.661915323111397811e+03 6.517390564807460578e+03 4.387661056510335584e+03 7.044145131335213591e+03 5.092806524967462792e+03 4.290566185837446938e+03 4.822172136341248915e+03 6.830001708317338853e+03 4.767087401619051889e+03 4.103822836557181290e+03 5.477765386800360830e+03 3.606865123250037868e+03 5.335517920752300597e+03 4.568452207439790072e+03 4.241462023016740204e+03 5.276065168699465175e+03 4.521574087994911679e+03 5.785833633801027645e+03
3.291176470588235361e+02 3.885905015741955140e+03 4.024651340087503741e+03 3.899313761709023765e+03 5.009123990601262449e+03 4.123480953870886879e+03 3.844746888641134774e+03 4.131693618552884800e+03 5.952617272277239863e+03 4.606699603070615012e+03 4.885353031481559810e+03 4.231854624803328988e+03 4.326742105854480542e+03 5.489355672023525585e+03 5.700793618231153232e+03 9.359802991353872130e+03 3.925195478604852269e+03 5.375588398511092237e+03 5.669846798310246413e+03 5.392305214095764313e+03 4.968799354976466930e+03 3.725860137940656841e+03 5.256340540208232596e+03 7.753509271631476622e+03 4.995574952585355277e+03 4.226791357945681739e+03 4.620608995880054863e+03 3.605475908833323956e+03 4.578945107476686644e+03 5.858428650397706406e+03 5.539365192473747811e+03 4.082635271746628860e+03 4.583766247441463747e+03 6.631416507319603625e+03 5.041411385583469382e+03 4.579765881025678937e+03 4.792489910708720345e+03 5.534509408167589754e+03 6.847849008230467916e+03 3.460876087614552944e+03 5.348413063014019826e+03 5.571938481718310868e+03 4.376351083766779993e+03 5.127341238018606418e+03 5.198974271334713194e+03 4.673076530005748282e+03 3.697775297335300365e+03 4.924295587710897962e+03 5.588146897659600654e+03 5.297056625671163602e+03 6.133037719850122812e+03 4.753929626019702482e+03 5.655938072813824874e+03 5.102246865342490310e+03 5.640096594361608368e+03 4.057628577824354124e+03 4.549754487851254453e+03 4.216899634600272293e+03 5.862206285384271723e+03 5.092866547415343121e+03 4.344898830299095607e+03 5.378626111331868742e+03 4.327360651566304114e+03 3.638451211197640987e+03 4.822035320415098795e+03 4.049860657159942093e+03 7.312297093539577872e+03 4.852879251801391547e+03 4.393830535554910966e+03 5.212478128920924973e+03 3.979377586609767604e+03 4.838999932726642328e+03 5.282030230063621275e+03 4.347151575895185488e+03 7.373154557158867647e+03 5.159607875733439869e+03 5.390140105996310922e+03 4.902483271905473885e+03 3.796036202938089900e+03 3.973929445309252060e+03 5.139970185502337699e+03 5.317185499527569846e+03 4.349215453953992437e+03 4.489690562869401219e+03 4.487365120671847762e+03 4.644554376918126763e+03 4.748392513067988148e+03 4.578570965942689327e+03 3.938794410293158762e+03 5.851318629221285846e+03 4.496542426191627783e+03 4.260584003986416064e+03 6.788362146206760372e+03 4.302870535861957251e+03 5.892809927209052148e+03 3.978193831757819680e+03 6.365439520106227974e+03 4.781338354082745354e+03 4.090588279769152450e+03 4.590871445732062966e+03 6.285066473981739364e+03 4.650709486689746882e+03 3.863910992721409912e+03 5.025431534184107477e+03 3.436490610581431156e+03 4.831966668577110795e+03 4.319233195301217165e+03 3.933739814292434858e+03 4.933269801952745183e+03 4.234814887434293269e+03 5.194214527721255763e+03
3.300000000000000000e+02 3.694480077070179050e+03 3.901953252887051349e+03 3.690392532420714360e+03 4.549440360085000975e+03 3.844759378071334595e+03 3.722622096292985589e+03 3.827827258273697680e+03 5.463408423937328735e+03 4.224118858922220170e+03 4.457793901021414058e+03 3.958213006902000416e+03 3.990968230632644463e+03 5.147318055180382544e+03 5.063541451045040958e+03 8.361034723375227259e+03 3.773134595628623629e+03 4.892290386305455286e+03 5.050677550496217918e+03 4.908906428717315066e+03 4.538245261899186517e+03 3.510282798610406644e+03 4.967563356694515278e+03 6.891352607989499120e+03 4.532002778636194307e+03 4.208333172627637396e+03 4.292407687935453396e+03 3.541180362939510360e+03 4.263361639499129524e+03 5.455044328589421639e+03 5.032690515372793016e+03 3.779760522369242153e+03 4.220247621912073555e+03 5.937382852109847590e+03 4.694908825102945229e+03 4.296696070759891882e+03 4.418234972428663241e+03 5.149453341084241401e+03 6.162151511871310504e+03 3.361331211418421390e+03 4.851017298308368481e+03 5.041410722084233385e+03 4.095192942071741982e+03 4.822487173261190037e+03 4.743317578553314888e+03 4.264713172295265394e+03 3.652192305161077002e+03 4.862601934228127902e+03 4.989875674902190440e+03 4.813022691444498378e+03 5.498520964019518942e+03 4.422576094273495983e+03 5.311533944644855183e+03 4.782070207345145718e+03 5.300709694395756742e+03 3.816915313619199878e+03 4.137483054572549918e+03 3.962803091765279078e+03 5.315935924169420105e+03 4.629712383247473554e+03 4.085699293622312325e+03 4.826088271298582185e+03 4.380844461784523446e+03 3.449285084865885437e+03 4.350592329995976797e+03 3.853981854046907756e+03 6.496990754368928719e+03 4.378582441739173191e+03 3.963603061265291672e+03 4.705178959513581503e+03 3.776188750413643902e+03 4.359484298409451185e+03 4.830862241527204787e+03 4.093055406774841231e+03 6.772487696053221043e+03 4.698428688065929236e+03 4.936098027221938537e+03 4.484036745233915099e+03 3.651002001817949349e+03 3.771484415931212425e+03 4.796944081616441508e+03 4.919179735319393330e+03 4.401973679504672873e+03 4.114088935826455781e+03 4.128752218502908363e+03 4.506462543458095752e+03 4.493101664706175143e+03 4.398205776284341482e+03 3.742380280745695018e+03 5.330086762456247925e+03 4.269371160449714807e+03 4.277668009717943278e+03 6.217378921513177374e+03 4.018715681228074118e+03 5.383849252688234628e+03 3.659794620458963891e+03 5.786869621718451526e+03 4.550303781114566846e+03 3.955648173195886102e+03 4.425629902558330286e+03 5.839031065657013642e+03 4.567220842411233207e+03 3.698601840183314380e+03 4.652514099043552960e+03 3.316116738087918293e+03 4.409138617738921312e+03 4.131173818246020346e+03 3.701838105825308958e+03 4.683043744635898292e+03 4.013860609487785041e+03 4.724413164316134498e+03
3.308823529411764639e+02 3.555146073377934954e+03 3.820968018357657911e+03 3.540815690391465068e+03 4.170482731347417939e+03 3.626593486580145964e+03 3.641367475674733214e+03 3.586353669370205807e+03 5.060733728483255618e+03 3.914176726366074490e+03 4.121383479013214128e+03 3.748363045596860047e+03 3.717517251496011340e+03 4.872139056674990570e+03 4.531717899778418541e+03 7.472062526067518775e+03 3.671784342885208389e+03 4.494908925759187696e+03 4.535610038332827571e+03 4.511122051493881372e+03 4.187722145956941858e+03 3.350578477826400103e+03 4.742052090617059548e+03 6.153040194174933276e+03 4.150538839185161123e+03 4.213364826579001601e+03 4.031474776005641161e+03 3.514632354887510246e+03 4.008608251458085761e+03 5.122194079970818166e+03 4.613232806895118301e+03 3.538847364710447891e+03 3.927075730507287517e+03 5.346918752615923950e+03 4.417887191960538075e+03 4.072193575508874801e+03 4.120225504955693395e+03 4.843523835538726416e+03 5.576738519930605435e+03 3.299765249516807671e+03 4.439158129546063719e+03 4.597732093964220439e+03 3.889892628559040077e+03 4.588534887633448307e+03 4.371651556028350569e+03 3.942367252907675265e+03 3.645331549972309404e+03 4.834287199082176812e+03 4.492420159781151597e+03 4.410787683114030187e+03 4.964041283005177320e+03 4.169694996495763007e+03 5.038528111239685131e+03 4.540352864275626416e+03 5.032039374657650114e+03 3.629499065707780574e+03 3.806843459673817506e+03 3.775541315513875816e+03 4.850474813530222491e+03 4.244389164230257848e+03 3.882090526363465415e+03 4.370500460068315988e+03 4.460983389662053924e+03 3.317133268125257928e+03 3.960520696091136415e+03 3.711917761756525579e+03 5.790790256432821479e+03 3.985857866833719072e+03 3.621633306767533213e+03 4.280515042034343423e+03 3.625794646406153333e+03 3.962268873991432883e+03 4.465506252169454456e+03 3.894834088989759948e+03 6.253770267733588298e+03 4.322372485464811689e+03 4.571970483135957693e+03 4.141731321777196172e+03 3.554091724930191049e+03 3.621676419227560473e+03 4.534229105148958297e+03 4.611934790557511405e+03 4.481207224077932551e+03 3.819057116896248317e+03 3.847541778330964462e+03 4.417556958101984492e+03 4.297080308522114137e+03 4.279051414119567198e+03 3.598102638650239442e+03 4.913642942839552234e+03 4.096795667152410715e+03 4.321311485206560064e+03 5.746190349940979104e+03 3.797813647415085597e+03 4.977614777347263043e+03 3.419488670645401271e+03 5.300156009392347187e+03 4.386670918923928184e+03 3.870970497571898250e+03 4.312216770545646796e+03 5.481462437554057942e+03 4.509447149381863710e+03 3.595445132409058715e+03 4.349760727852482887e+03 3.237989073492741227e+03 4.059511663886933547e+03 3.992769403775762839e+03 3.532600630792675929e+03 4.510652106999276839e+03 3.847410626271954698e+03 4.357131108234670137e+03
3.317647058823529278e+02 3.457576613075520527e+03 3.772441000249135868e+03 3.438243045690710460e+03 3.860864597594077168e+03 3.458101485877430605e+03 3.591649746868530201e+03 3.396629636330019366e+03 4.733566144491540399e+03 3.666293575885144037e+03 3.862105516249568609e+03 3.592348064103183333e+03 3.497703660147166374e+03 4.655315297765179821e+03 4.093632451272123035e+03 6.689404097081966938e+03 3.612322490319272674e+03 4.174403673280500698e+03 4.112850270528107103e+03 4.189925860026768532e+03 3.906039691473692528e+03 3.235933520896740902e+03 4.571256811329533775e+03 5.527602042522832562e+03 3.840758922559532039e+03 4.233622982830770525e+03 3.827168781586710793e+03 3.516422741474798840e+03 3.806088885151771137e+03 4.851886676833347337e+03 4.272159027463092571e+03 3.349280000037051195e+03 3.693376980890182949e+03 4.850070015713273278e+03 4.201460724730650327e+03 3.897498735349480285e+03 3.887280897086081040e+03 4.606176087251500576e+03 5.083006806163316469e+03 3.267036583294333468e+03 4.102007848812037082e+03 4.231259847954696852e+03 3.747883654564016069e+03 4.415251279175323361e+03 4.073261826669043330e+03 3.692648084372013273e+03 3.668434163320165680e+03 4.828101634364160418e+03 4.082823248493694791e+03 4.080659127673348848e+03 4.519440000240847439e+03 3.982313037850721685e+03 4.825931426020880281e+03 4.361359403460568501e+03 4.823109783952927501e+03 3.487820403468507266e+03 3.545143489425882308e+03 3.642198666067975410e+03 4.458512179225913314e+03 3.927014345471090564e+03 3.725503064007951707e+03 4.000387624117872747e+03 4.556931250705774801e+03 3.229833409395602303e+03 3.642284827260433758e+03 3.614109279842794876e+03 5.185112203975547345e+03 3.665178777241789703e+03 3.355777717583102913e+03 3.928171425240942881e+03 3.519432029568370126e+03 3.637743748726501963e+03 4.173745624966562900e+03 3.743550546212217796e+03 5.811447530964674115e+03 4.021236545335506435e+03 4.286420668014437069e+03 3.865100964326568374e+03 3.493899152905280971e+03 3.515737201132114478e+03 4.339044121009188530e+03 4.382443895476390935e+03 4.576040847676657904e+03 3.593026296289327547e+03 3.630411153965752419e+03 4.365244419770233435e+03 4.148445250329293231e+03 4.209143004178462434e+03 3.497118066359962995e+03 4.588626603166067980e+03 3.967737485704265964e+03 4.380936803263331967e+03 5.363958087499420799e+03 3.629060001091278536e+03 4.660952105949090765e+03 3.244921381586719690e+03 4.896083143518823817e+03 4.278001753705690135e+03 3.823373366290607919e+03 4.237856235235964959e+03 5.201470839601205626e+03 4.470699384967239894e+03 3.542613552465316388e+03 4.107743970667313079e+03 3.194549007123472165e+03 3.775070569122319739e+03 3.893343131362152235e+03 3.413725184321130655e+03 4.401984712851410222e+03 3.724798418124531509e+03 4.074442668359951767e+03
3.326470588235293917e+02 3.392195917407368597e+03 3.747746606408720254e+03 3.371504639820112970e+03 3.609782004748105464e+03 3.329301954252138330e+03 3.564888333774425064e+03 3.248674190917602573e+03 4.470837339811408128e+03 3.470299455961590866e+03 3.666657804723649406e+03 3.480531101413086617e+03 3.323073878628937109e+03 4.488156749920063703e+03 3.737531602830632892e+03 6.007590748835917111e+03 3.586228334826404989e+03 3.921351872701243337e+03 3.770597640561812568e+03 3.935917528061210760e+03 3.682324581450840469e+03 3.156496676907419896e+03 4.446498870841753160e+03 5.003388883871931284e+03 3.592281874970947229e+03 4.261704560173791833e+03 3.669310717189146089e+03 3.537920531746052802e+03 3.647425759878359713e+03 4.635798784700672513e+03 4.000186756805931964e+03 3.201124832690594303e+03 3.508759103421245527e+03 4.436330799324272448e+03 4.036577283735907258e+03 3.764106279900317986e+03 3.708706981322039155e+03 4.426982079707840057e+03 4.671526032232862235e+03 3.254837619326720869e+03 3.828815748044018164e+03 3.932108110195587869e+03 3.657241898833049163e+03 4.292631872042001305e+03 3.837455225261461237e+03 3.502885801816634284e+03 3.713202392833906742e+03 4.834211541069593295e+03 3.748602551561980817e+03 3.812973652044197479e+03 4.154175050713485689e+03 3.848147201054932339e+03 4.662977632081438969e+03 4.230831960474977677e+03 4.663177568378615433e+03 3.384623325112835573e+03 3.340533070169081384e+03 3.550920709562684351e+03 4.132165791085298224e+03 3.667988700341809817e+03 3.607652668378141698e+03 3.704397817339377980e+03 4.659066914364954755e+03 3.176402167459051725e+03 3.386244653456087690e+03 3.551441021687875491e+03 4.670409150013103499e+03 3.406904122941067271e+03 3.154420269985860614e+03 3.637985882271208084e+03 3.448630713852337067e+03 3.376195205315854764e+03 3.943707893815423631e+03 3.630528100921447276e+03 5.438916055343499465e+03 3.784753042749439373e+03 4.068200617171611157e+03 3.644090535636394634e+03 3.460177883941785694e+03 3.445197168005236563e+03 4.199192775409942442e+03 4.218027611938327027e+03 4.676839537870780077e+03 3.424972760649412976e+03 3.464973931510618058e+03 4.338373211492124938e+03 4.036382460625054591e+03 4.177296902707233130e+03 3.430912679748059418e+03 4.341782608883421744e+03 3.872081676489590791e+03 4.447248640140793214e+03 5.059464073534776617e+03 3.502073245410991149e+03 4.420792849320004279e+03 3.124510770614650937e+03 4.564898524806403657e+03 4.212615133679182691e+03 3.801276846973891224e+03 4.191237649648480328e+03 4.987997606647310022e+03 4.444815679804166393e+03 3.529050269593072244e+03 3.917123384764371622e+03 3.178542737807452340e+03 3.547591172534797806e+03 3.823158772841326936e+03 3.333919710977723298e+03 4.343760302534918083e+03 3.636151235575374358e+03 3.859983648071728567e+03
3.335294117647058556e+02 3.350291137241988054e+03 3.739001365348374293e+03 3.330652323900042575e+03 3.407167064421093073e+03 3.231184814780161560e+03 3.553342091733795769e+03 3.133324255512910895e+03 4.261742058933324188e+03 3.316620079919646287e+03 3.522656192904957152e+03 3.403782245099094780e+03 3.185568325198620641e+03 4.362022319046808661e+03 3.451908723930550877e+03 5.419633955811254964e+03 3.585416205269403235e+03 3.726250978304457931e+03 3.497340747615467080e+03 3.739623339129484066e+03 3.506249623200330916e+03 3.103427427889862884e+03 4.359189967294082635e+03 4.568496036245279356e+03 3.395047817211864185e+03 4.291093811874718085e+03 3.548365378978901845e+03 3.571340720533218700e+03 3.524613562265001292e+03 4.465522628009882283e+03 3.787895630747429550e+03 3.085281472665356887e+03 3.363511774370668263e+03 4.095030016596945188e+03 3.914273603390081007e+03 3.663918774251740615e+03 3.574449988526334892e+03 4.295815777590450125e+03 4.332433675515291725e+03 3.255749698152794736e+03 3.609192033100240224e+03 3.690460344525139590e+03 3.606848401952543099e+03 4.211044995682917943e+03 3.653840220960506031e+03 3.361324238119942947e+03 3.771908595203303776e+03 4.844171723134186323e+03 3.477971143637673777e+03 3.598316124348245467e+03 3.857660740985943448e+03 3.755779886780438119e+03 4.539366593133066999e+03 4.136074611603157791e+03 4.541973696949231453e+03 3.313016677445042205e+03 3.182133616159721441e+03 3.491014161242563659e+03 3.863284432972714512e+03 3.458161301881231338e+03 3.520683303575912760e+03 3.471544956186462514e+03 4.759001045003251420e+03 3.147084934120856360e+03 3.182930828404949807e+03 3.515382888113668741e+03 4.236610716142678939e+03 3.201555856448386749e+03 3.006627689733673378e+03 3.400206518233195311e+03 3.405364931758831062e+03 3.168083036602199627e+03 3.764125491047471314e+03 3.547529932329930944e+03 5.128824990532135416e+03 3.602849534953723833e+03 3.906380148204405032e+03 3.469210352228990814e+03 3.443888392775455941e+03 3.402036262400574742e+03 4.103234023700979378e+03 4.106564882966035839e+03 4.775213926969112435e+03 3.304537331778021780e+03 3.339938993638142165e+03 4.327214476366724739e+03 3.951213521889810181e+03 4.173211605993835292e+03 3.391448403492913258e+03 4.160252503052074644e+03 3.800750950131569880e+03 4.512227665224925659e+03 4.821418962037196252e+03 3.407334261334626262e+03 4.244444529867383608e+03 3.047552617149800881e+03 4.296664757874232237e+03 4.179712418787380557e+03 3.794677677334747841e+03 4.162499713619196882e+03 4.830076482122607558e+03 4.426200639668033546e+03 3.544574849705043107e+03 3.768864640815104849e+03 3.183114816146755402e+03 3.368883032962179186e+03 3.773495598411861010e+03 3.283004709850256859e+03 4.323680287953478910e+03 3.572504984719504591e+03 3.699060308050112326e+03
3.344117647058823195e+02 3.324086939203048587e+03 3.739147621487404649e+03 3.306974944904868607e+03 3.243794928814038030e+03 3.155747763474028943e+03 3.550166521069231749e+03 3.042340425041081744e+03 4.095988472798968814e+03 3.196416318396201405e+03 3.418778287928896134e+03 3.353623439882732328e+03 3.077650126611287305e+03 4.268525308644945653e+03 3.225749682308249248e+03 4.917466961336132954e+03 3.602345135936030147e+03 3.579772697658071593e+03 3.282090966406625739e+03 3.591748454851460792e+03 3.368209986319718610e+03 3.068914000767006200e+03 4.301023799678430805e+03 4.211119275519847179e+03 3.239539505486491180e+03 4.316179144694058778e+03 3.455578424465488297e+03 3.609789815319350055e+03 3.430142685087756490e+03 4.332784806407908036e+03 3.625990492154880940e+03 2.993583657854253488e+03 3.248752990979031438e+03 3.815655842343063341e+03 3.825892392871621269e+03 3.589368843941182149e+03 3.475211781751450872e+03 4.203014178309159433e+03 4.055778638255421356e+03 3.263273586272508510e+03 3.433331674478053174e+03 3.496826634475169612e+03 3.586506206313881194e+03 4.161359030163026546e+03 3.512552106173945504e+03 3.257254553126359497e+03 3.837483938900400972e+03 4.850886631399514954e+03 3.259998146334595276e+03 3.427698954359832896e+03 3.619551178106298721e+03 3.694785650691266255e+03 4.445463079064607882e+03 4.065986562407668771e+03 4.449900953020315683e+03 3.266523608579508618e+03 3.060118463606557270e+03 3.453002009476431795e+03 3.643710024028132466e+03 3.288956912171587192e+03 3.457280271153233116e+03 3.291398393416655836e+03 4.849572105800230929e+03 3.133368634156044664e+03 3.023268317904004107e+03 3.498099554058335798e+03 3.873505847165901287e+03 3.040044626673536641e+03 2.902261123635746571e+03 3.205688407956570700e+03 3.382174647627387458e+03 3.004265667637737351e+03 3.624535289577544063e+03 3.486902709803556718e+03 4.873364997589057566e+03 3.465862627616460486e+03 3.790534852424735618e+03 3.331651787585795319e+03 3.437210719447322390e+03 3.378804549423851313e+03 4.040613081923977461e+03 4.036676749992213900e+03 4.864014703549561091e+03 3.222114824340403175e+03 3.245210329885338979e+03 4.323426135414204509e+03 3.884427958997840960e+03 4.187543046557795606e+03 3.371279250587866045e+03 4.031809387087693722e+03 3.745746260224240359e+03 4.569112399820909559e+03 4.638735078842418261e+03 3.336280743679591978e+03 4.119826289775295663e+03 3.004286917789889685e+03 4.081560886396638580e+03 4.169470856240956891e+03 3.795098317441449126e+03 4.143194427927996003e+03 4.717065319913097483e+03 4.409860941130013089e+03 3.579954930801694900e+03 3.654417535808588582e+03 3.201887304068747198e+03 3.230990432081790914e+03 3.736690825117309032e+03 3.251970397292216148e+03 4.330539622729981602e+03 3.525879278087194507e+03 3.578693254746946877e+03
3.352941176470588402e+02 3.306787350440984028e+03 3.742009843463608377e+03 3.292984836033390366e+03 3.111350943966760042e+03 3.096004456634816506e+03 3.549444628555651434e+03 2.968468963102472117e+03 3.963996114413018859e+03 3.101682136384983096e+03 3.344855087063553128e+03 3.322334633681461582e+03 2.992403112996370965e+03 4.199708073893020810e+03 3.048719505955112254e+03 4.492348915126181964e+03 3.630106680298259107e+03 3.472969894301352269e+03 3.114559020426559073e+03 3.483382003799230461e+03 3.259450928749336526e+03 3.046167659020282827e+03 4.264139471265413704e+03 3.919843423467890261e+03 3.116950220032276320e+03 4.332258818917265671e+03 3.383073278824440422e+03 3.647291591666410568e+03 3.357094521324913785e+03 4.229634837202384915e+03 3.505516784151868251e+03 2.918856644312326353e+03 3.156527011469369427e+03 3.588118633935540856e+03 3.763261636629553323e+03 3.533513271286853978e+03 3.402530986491138719e+03 4.139514142648476081e+03 3.831811099645813101e+03 3.271838927179855546e+03 3.292182197277247724e+03 3.342247393951013237e+03 3.587018343639955674e+03 4.135052755442418857e+03 3.404426232770694696e+03 3.181097726929266173e+03 3.903588382255468332e+03 4.848560832399353785e+03 3.084716757936421345e+03 3.292703667127554127e+03 3.429968551768135058e+03 3.655815695837900421e+03 4.372452275192775232e+03 4.011053123066656099e+03 4.378188194914789165e+03 3.239122086991467768e+03 2.965752845417547178e+03 3.428641608811052265e+03 3.465497615628206404e+03 3.152469785792089624e+03 3.410756420874036394e+03 3.154225194078027471e+03 4.924831472770957589e+03 3.127965261906244905e+03 2.898750919106204037e+03 3.492531171881327282e+03 3.571062715850205677e+03 2.913846275271908326e+03 2.832050799072020709e+03 3.046034705185272287e+03 3.372259066271007214e+03 2.876175614539710296e+03 3.515421955084068486e+03 3.441686288375559343e+03 4.664536575286125299e+03 3.364707256823394800e+03 3.710896350673727284e+03 3.223368855954467563e+03 3.433529274530795647e+03 3.368715063564015963e+03 4.001757136935430935e+03 3.997867032275368274e+03 4.937316053882045708e+03 3.168918068690299151e+03 3.171936581138568727e+03 4.320002918186931311e+03 3.828687185182252051e+03 4.211957375180763847e+03 3.363639887672817167e+03 3.945040868149170365e+03 3.700158865716581204e+03 4.612369305101151440e+03 4.500761116432156996e+03 3.281362619829315463e+03 4.035653935819915660e+03 2.985933365528740978e+03 3.910132142101635054e+03 4.173108432523073134e+03 3.795516600640841716e+03 4.126234795359579948e+03 4.638846098389044528e+03 4.391435113148259006e+03 3.626949980108804539e+03 3.565855224054334940e+03 3.229025403112746517e+03 3.126353262395547517e+03 3.706153854503071216e+03 3.232996294728718112e+03 4.354300775207429979e+03 3.489317991985705703e+03 3.487609537486194313e+03
3.361764705882353041e+02 3.292589169687264075e+03 3.742325397288269414e+03 3.282381678266302060e+03 3.002464158725524157e+03 3.045969696558360738e+03 3.546194410541360412e+03 2.905466478055546759e+03 3.857044126394039722e+03 3.025305622898679758e+03 3.291918576030862368e+03 3.303025863281948205e+03 2.923601651895731266e+03 4.148185634839068371e+03 2.911296335836541402e+03 4.135222989923617206e+03 3.662492495968482672e+03 3.397438804328467540e+03 2.985281143835906278e+03 3.406157799387156047e+03 3.172152063462749538e+03 3.029398014451976906e+03 4.241256871228472846e+03 3.683867012684189376e+03 3.019302944327952900e+03 4.335534329668834289e+03 3.323911731682283971e+03 3.678794997042858085e+03 3.299211558766328835e+03 4.148602808685501259e+03 3.418030896391073838e+03 2.854937544198425257e+03 3.079859910316851710e+03 3.402954951411580623e+03 3.718837118299828489e+03 3.490101616055964314e+03 3.348834741386073802e+03 4.096965192734350239e+03 3.651218192648653712e+03 3.276795329696484259e+03 3.177560547777904503e+03 3.218446824911849490e+03 3.600233094822035582e+03 4.124308407778244145e+03 3.321123770227663499e+03 3.124443915539286081e+03 3.964662804199386301e+03 4.832638700762269764e+03 2.943187350431012419e+03 3.185587783249305176e+03 3.279679377278925131e+03 3.630645800206300009e+03 4.312454275856201093e+03 3.963302488409889975e+03 4.319003732121100256e+03 3.225278472384546603e+03 2.891400781566902879e+03 3.410912597833886139e+03 3.321093888692006203e+03 3.041528282685391787e+03 3.375114297447224089e+03 3.051090967139485201e+03 4.980016969511742900e+03 3.124772701461699853e+03 2.801570455677278460e+03 3.492447977760798949e+03 3.319686097685637833e+03 2.815132815142014806e+03 2.787640222199270283e+03 2.913688737415255673e+03 3.369544622806855841e+03 2.775949226968760286e+03 3.428311210935786221e+03 3.405691608725699098e+03 4.494391926787586272e+03 3.291004921462472794e+03 3.658467921603054037e+03 3.137130571933895681e+03 3.427394976353701168e+03 3.365711063674084926e+03 3.978139622627983499e+03 3.980624465302778844e+03 4.990387195099741803e+03 3.137019986650767351e+03 3.112518805627967595e+03 4.311214883502590965e+03 3.777804355327298708e+03 4.239163597986715104e+03 3.362509103684331421e+03 3.889484936575403935e+03 3.658158434618752835e+03 4.637650781924347939e+03 4.397477485411922316e+03 3.236063737138772467e+03 3.981578843881993180e+03 2.984702509561037459e+03 3.773489088998182524e+03 4.182923469745494913e+03 3.790280687339067754e+03 4.105829262645077506e+03 4.585991870717847632e+03 4.367215432763183344e+03 3.678332377949393958e+03 3.495977870785409323e+03 3.259289718024267131e+03 3.047930515480509257e+03 3.676356483310770727e+03 3.219440447683055481e+03 4.386136549298868886e+03 3.456899966969113393e+03 3.416194617351833131e+03
3.370588235294117680e+02 3.276671284434091831e+03 3.735751938302401868e+03 3.269998890239045977e+03 2.910713041758113377e+03 3.000626283880206756e+03 3.536355767778504287e+03 2.848093344769562009e+03 3.767373427459576760e+03 2.961098353110905009e+03 3.252212767823843933e+03 3.289679442022183594e+03 2.865754980420247193e+03 4.107258701151372406e+03 2.804859643695100203e+03 3.837023631842255782e+03 3.694042973257506674e+03 3.345440588921726430e+03 2.885701523716163138e+03 3.352374547267472281e+03 3.099473506337635627e+03 3.013773946468396389e+03 4.225784180868432486e+03 3.493168391357061864e+03 2.939525906139534527e+03 4.323090721375677276e+03 3.272122577907467075e+03 3.700165759186687410e+03 3.250944789202435004e+03 4.082826265728190265e+03 3.355728722492277484e+03 2.796664926413952344e+03 3.012778976548761420e+03 3.251477097871372280e+03 3.685810109609086339e+03 3.453622048840935349e+03 3.307465300103164736e+03 4.067818226612934723e+03 3.505307629683829418e+03 3.274387462207923818e+03 3.082224943722578246e+03 3.117940764236336690e+03 3.619062071249610653e+03 4.122086649047801075e+03 3.255214764161934909e+03 3.080056259230409523e+03 4.015963751387310367e+03 4.799733353853966037e+03 2.827523146867699325e+03 3.099360135463549341e+03 3.160222840275324415e+03 3.612193062138422647e+03 4.258600148062117114e+03 3.916235252816684351e+03 4.265530161822326590e+03 3.219975162812246708e+03 2.830505591723270300e+03 3.393980395833129478e+03 3.203475648779460244e+03 2.949733872573629014e+03 3.345086497038833841e+03 2.973925414375818491e+03 5.011513853858255970e+03 3.118817785808134886e+03 2.724705164161005996e+03 3.492481590741517266e+03 3.110414723509319174e+03 2.736862394361589395e+03 2.761605488006273845e+03 2.801983967165532704e+03 3.368729578183601461e+03 2.696515262089194039e+03 3.355819267103898255e+03 3.373549388411295240e+03 4.355245548408564900e+03 3.237174832427964247e+03 3.625108737506433499e+03 3.066548339672258862e+03 3.414469085370244557e+03 3.364509864695870874e+03 3.962316446852449189e+03 3.976490502301246124e+03 5.019651410441546432e+03 3.119377119462392329e+03 3.060584506959712144e+03 4.292535809941756270e+03 3.726704197694143659e+03 4.262927396888799194e+03 3.362650135151242921e+03 3.855724044973390392e+03 3.614960715282636102e+03 4.641740696795304757e+03 4.319652264408053270e+03 3.194895344793501863e+03 3.948285372787872802e+03 2.993787922898191482e+03 3.663458808799494818e+03 4.192311411378730554e+03 3.775012783222398866e+03 4.077404752237389403e+03 4.549900269951488553e+03 4.334159631750140761e+03 3.727889784659437737e+03 3.438383614337619747e+03 3.288075299522693058e+03 2.989289664633684879e+03 3.642802346151946495e+03 3.205803978935288796e+03 4.418446016667397998e+03 3.423724082987909242e+03 3.356414073988928521e+03
3.379411764705882888e+02 3.255163503497023612e+03 3.718853453407643883e+03 3.251736458613936975e+03 2.830608373797838340e+03 2.955877262425284243e+03 3.516759416016025625e+03 2.792081489403863088e+03 3.688247185702206934e+03 2.903797454862344694e+03 3.219174855370310070e+03 3.277166206657677321e+03 2.814128743779249362e+03 4.070997043574103373e+03 2.721739566754309180e+03 3.588931082720549512e+03 3.720077902791624183e+03 3.309986256782759028e+03 2.808217747845187660e+03 3.315079640845108770e+03 3.035569196581407141e+03 2.995372894018910756e+03 4.211898137531745306e+03 3.338619638138264236e+03 2.871490367119104576e+03 4.292863128854178285e+03 3.222702410079574747e+03 3.708162855169864542e+03 3.207480550708258761e+03 4.026146891615518598e+03 3.311536824868108397e+03 2.739843386523740264e+03 2.950301799621270675e+03 3.125873654392409208e+03 3.658182485436512252e+03 3.419326422690705385e+03 3.272684846474398000e+03 4.045390462912787825e+03 3.386142506363634311e+03 3.261716128203383960e+03 2.999907894860417400e+03 3.034103872371799298e+03 3.637475561443393872e+03 4.122182926088612476e+03 3.200224078407767593e+03 3.041845893389850971e+03 4.053581171038597404e+03 4.747544737260800503e+03 2.730885249836462208e+03 3.027827917151671045e+03 3.063996666349533825e+03 3.594506014914080879e+03 4.205072325230579736e+03 3.864732490745610448e+03 4.212003751885488782e+03 3.218732378122333557e+03 2.777549849121485749e+03 3.373140374823550701e+03 3.106251051788058703e+03 2.871478244786032974e+03 3.316156437512433058e+03 2.915557975966815775e+03 5.016802545398848451e+03 3.106186052539555476e+03 2.661972202735067185e+03 3.488134962908321995e+03 2.935062827000565903e+03 2.672833048304516524e+03 2.747454350183723818e+03 2.705158889573627221e+03 3.365307160467425547e+03 2.631647183518517522e+03 3.291664824113514896e+03 3.340732261961344193e+03 4.239850947545593044e+03 3.196492238424278185e+03 3.603589877050499126e+03 3.006082143804077077e+03 3.391452516601089883e+03 3.360625288997669486e+03 3.947937133089818872e+03 3.978096897421306494e+03 5.022631648800504991e+03 3.109836757852574465e+03 3.010934903045425017e+03 4.260562514469309463e+03 3.671365983699065055e+03 4.278067521670542192e+03 3.359629976236321454e+03 3.835442480329477803e+03 3.566778221422905972e+03 4.622487273322132751e+03 4.258958737752303932e+03 3.153365968009981316e+03 3.927551526752534301e+03 3.007343743588683992e+03 3.572691691297409761e+03 4.195760926879346698e+03 3.746504339994747170e+03 4.037520081278250927e+03 4.522893909545930910e+03 4.289890893955543106e+03 3.770411841857137006e+03 3.387510345708904424e+03 3.311437373441736781e+03 2.944665908912150826e+03 3.601978825936648263e+03 3.187676315139586677e+03 4.444847217415242994e+03 3.385873070290361738e+03 3.301713297978817991e+03
3.388235294117646959e+02 3.225098572401851470e+03 3.689067490736256786e+03 3.224483612033042846e+03 2.757558395492665113e+03 2.908486989617697418e+03 3.485080327740462053e+03 2.734082301815692063e+03 3.613974685306164702e+03 2.849045294719950562e+03 3.187392546104370012e+03 3.261239744959731979e+03 2.764746510908561959e+03 4.034294599048438613e+03 2.655234287956096523e+03 3.382575119376374460e+03 3.736709990381041735e+03 3.284889815501750036e+03 2.746195809048283081e+03 3.288121461290614207e+03 2.975572891480628186e+03 2.971121557014404971e+03 4.194598034918830308e+03 3.212055962784902476e+03 2.810016522117806289e+03 4.243590117432357147e+03 3.171592785583284694e+03 3.700401123892077521e+03 3.164749196114824372e+03 3.973178541627793493e+03 3.279170854347948989e+03 2.681188851744042950e+03 2.888401086224512255e+03 3.019267845698357633e+03 3.630811904287157176e+03 3.383236919330988258e+03 3.239662165254639604e+03 4.023907041937208305e+03 3.286632446961517417e+03 3.236687356722450204e+03 2.925316984658059482e+03 2.961202153830373845e+03 3.650479045692766249e+03 4.119264643387977230e+03 3.150645485696459673e+03 3.004824222357552571e+03 4.074439132659501411e+03 4.674767723753153405e+03 2.647453791802331580e+03 2.965619063269193248e+03 2.984306080747353462e+03 3.572732339158522336e+03 4.147113175779565609e+03 3.804947926787107917e+03 4.153721833966395934e+03 3.217624027521801963e+03 2.727999768538060380e+03 3.344746883553627413e+03 3.023727449677172444e+03 2.801942025293775714e+03 3.284561528424688277e+03 2.869729023793085162e+03 4.994392860082820334e+03 3.083941323138137250e+03 2.608049505495576796e+03 3.475773426675762494e+03 2.786312542592596856e+03 2.617705504956673849e+03 2.739609108760621439e+03 2.618343909533176429e+03 3.355569229068205914e+03 2.575984691912470225e+03 3.230650121445337845e+03 3.303553369708497485e+03 4.141542685597376476e+03 3.163118193269415315e+03 3.587624996890104740e+03 2.951029235920627798e+03 3.356003889476154654e+03 3.350370535006870796e+03 3.929733746804516159e+03 3.979176619756755827e+03 4.997882784657225784e+03 3.103129872178290952e+03 2.959471888039716305e+03 4.212926136142821633e+03 3.608753002648589245e+03 4.280435332663390909e+03 3.349819635070307413e+03 3.821451951224249115e+03 3.510756973922600537e+03 4.578723922918999051e+03 4.208056528253476245e+03 3.107932373581558295e+03 3.912277541458603991e+03 3.020450617640441578e+03 3.494728707887294604e+03 4.188831083950602078e+03 3.702605132921335098e+03 3.983771242667181014e+03 4.498288560252724892e+03 4.232685203165729945e+03 3.801663135343591875e+03 3.338651610925062869e+03 3.326103488362005464e+03 2.908995206783637514e+03 3.551294418905779366e+03 3.161665339163130284e+03 4.460149375725221944e+03 3.340359606130632073e+03 3.246901977519264165e+03
3.397058823529411598e+02 3.184349956476875832e+03 3.644655377115351712e+03 3.186033377676032615e+03 2.687818684165754803e+03 2.856012869854785095e+03 3.439777843493715409e+03 2.671598029469041194e+03 3.539901938830902509e+03 2.793349699936581601e+03 3.152542114545396089e+03 3.238511446792286733e+03 2.714372968504405435e+03 3.992897419785674629e+03 2.599600069734525277e+03 3.210186253797479367e+03 3.740842240971323008e+03 3.264793305996478466e+03 2.693959087339352664e+03 3.266173731255822076e+03 2.915560546691104719e+03 2.938729434275325275e+03 4.169734353568887855e+03 3.106304936994726177e+03 2.750851641378579188e+03 4.174753447244705058e+03 3.115636769087216635e+03 3.675301160761557639e+03 3.119416498502311697e+03 3.919347000530652167e+03 3.253164795620277800e+03 2.618258040505209010e+03 2.823949063787255909e+03 2.925737649759805208e+03 3.599429417325357917e+03 3.342135321137976462e+03 3.204443134309317429e+03 3.998519824329966013e+03 3.200583868413965320e+03 3.197950760199357774e+03 2.854107716930630886e+03 2.894394596924411417e+03 3.654074102406194925e+03 4.108888860770339306e+03 3.101928065832931679e+03 2.965037055851348214e+03 4.076280735164604266e+03 4.580990102697620387e+03 2.572378930029963612e+03 2.908181809367864389e+03 2.915379922840204017e+03 3.543067700996067742e+03 4.081004107826262498e+03 3.734187509556561508e+03 4.087020879017349671e+03 3.213286878783187603e+03 2.678237210590878021e+03 3.306130200644258366e+03 2.950947745951971683e+03 2.737076513535233971e+03 3.247279873409237553e+03 2.831079775715542837e+03 4.943744918249931288e+03 3.050037748786978227e+03 2.558470750896547543e+03 3.452598412161669330e+03 2.657760273711545778e+03 2.566998747170282059e+03 2.733376296118809478e+03 2.537524608507160792e+03 3.336592154774668870e+03 2.525027986077663627e+03 3.168615742488476371e+03 3.259143610093270581e+03 4.054341793949048224e+03 3.132104131656090431e+03 3.571878150578402256e+03 2.897497099014400192e+03 3.306648463843554055e+03 3.330843396533070973e+03 3.903489701420834535e+03 3.974551436134123833e+03 4.944910445775852168e+03 3.094851050830030999e+03 2.903109196337417416e+03 4.148195597276643639e+03 3.536730022007689968e+03 4.266878577363435397e+03 3.330377003291899655e+03 3.807689504402136208e+03 3.444901029113141703e+03 4.510178240089171595e+03 4.160637790670424693e+03 3.055934648282262515e+03 3.896486162288637388e+03 3.029072736723261642e+03 3.424032234193334261e+03 4.168111131895305334e+03 3.642107201259569592e+03 3.914689187095029411e+03 4.470430341780508570e+03 4.161444797684933292e+03 3.818344803202922321e+03 3.287949055186658825e+03 3.329472706486407333e+03 2.877924318339062211e+03 3.489003482424219783e+03 3.125315708407213606e+03 4.460307576476094255e+03 3.285057734935289773e+03 3.188027887168993857e+03
3.405882352941176805e+02 3.131559077159833578e+03 3.584638681708861441e+03 3.134991997275767517e+03 2.618432504198399783e+03 2.796731500021441207e+03 3.380025364379570874e+03 2.602902876240443675e+03 3.462376429566204934e+03 2.734030250420857556e+03 3.111312389666405579e+03 3.206410066792048383e+03 2.660482691996058293e+03 3.943407361808756832e+03 2.550021736970214079e+03 3.064706062009538527e+03 3.730149470020922763e+03 3.245169087499195484e+03 2.646758531036264230e+03 3.244737369393276367e+03 2.852495523727883210e+03 2.896617545227407390e+03 4.134013962567910312e+03 3.015187019227916153e+03 2.690627780228649499e+03 4.086507142024930090e+03 3.052519988370814190e+03 3.632027734621930449e+03 3.068860976924374881e+03 3.860905173024819760e+03 3.228876952534477368e+03 2.549368336680962784e+03 2.754648143831862853e+03 2.840307672456351156e+03 3.560633160996510469e+03 3.293537791794776695e+03 3.163908592587607018e+03 3.965304855641198628e+03 3.122718405606648957e+03 3.144829766429550091e+03 2.782836398917047973e+03 2.829711738264087671e+03 3.645205770025831043e+03 4.087500788868019299e+03 3.050441321271375273e+03 2.919486046110239386e+03 4.057636395582158457e+03 4.466583778468418132e+03 2.501719284941281785e+03 2.851766848955491241e+03 2.852361930940520779e+03 3.502689170330996149e+03 4.004020685976710411e+03 3.650781995605224438e+03 4.009230584861553780e+03 3.202922354754571188e+03 2.625484119267941878e+03 3.255505204245690948e+03 2.883702325612194727e+03 2.673573431436876490e+03 3.202003293169911103e+03 2.795126582296249126e+03 4.865177770367067751e+03 3.003226804813514264e+03 2.509599723915718641e+03 3.416606090668507022e+03 2.543929191242436900e+03 2.517064811256793746e+03 2.724905984601257842e+03 2.459489734927082282e+03 3.306206887361687222e+03 2.475111618521932087e+03 3.102376319273142599e+03 3.205411700210981962e+03 3.973029251338224640e+03 3.099376114717290875e+03 3.551951734563773698e+03 2.842364999221953894e+03 3.242681242176897740e+03 3.299895656573326960e+03 3.865991251961374928e+03 3.960099130684376632e+03 4.864077955314483916e+03 3.081427256061327626e+03 2.839673891317818288e+03 4.065775570466859335e+03 3.453973169166076786e+03 4.235189975725978002e+03 3.299214291898200372e+03 3.789192248355901029e+03 3.367988963915268869e+03 4.417371626439186002e+03 4.111443038416635318e+03 2.995520424944935712e+03 3.875299179010337411e+03 3.030007256238725404e+03 3.355987998469308423e+03 4.131164605805522115e+03 3.564626735385376833e+03 3.829633099145566121e+03 4.434704591920573876e+03 4.075659797680892098e+03 3.818044459168838785e+03 3.232365923269296673e+03 3.319601116215500042e+03 2.847802733930735485e+03 3.414122303544719671e+03 3.077019191321816834e+03 4.442361064785040071e+03 3.218623785133759611e+03 3.122245824949733560e+03
3.414705882352941444e+02 3.066054201866887979e+03 3.508724334110194377e+03 3.070684445111973673e+03 2.547162631054088706e+03 2.729560211295137833e+03 3.305631905220639510e+03 2.526955981100149074e+03 3.378688790327236347e+03 2.669152488377759710e+03 3.061317732571543274e+03 3.163128051915270589e+03 2.601215763808986594e+03 3.883263175615662931e+03 2.502565965425565082e+03 2.939854611185049635e+03 3.703045612035536578e+03 3.222302096346966664e+03 2.600726289837390141e+03 3.220122442581429823e+03 2.784159144272640333e+03 2.843843410173448774e+03 4.084983460551135977e+03 2.933489295526768728e+03 2.626801917718448749e+03 3.979596667912389421e+03 2.980698559066874168e+03 3.570418801736705063e+03 3.011137842844928855e+03 3.794924568528835152e+03 3.202474975903238374e+03 2.473510081343857564e+03 2.678950274237955909e+03 2.758915158678804346e+03 3.511860518242127910e+03 3.235656188327297059e+03 3.115720793056507773e+03 3.921239649962772091e+03 3.048661522614273963e+03 3.077245147289500437e+03 2.708895925708910454e+03 2.764013552460731262e+03 3.621699017054159867e+03 4.052413693705292189e+03 2.993421806099816877e+03 2.866040369171581460e+03 4.017778160308664155e+03 4.332590162583060192e+03 2.432369302722815064e+03 2.793392883180289118e+03 2.791279456508304520e+03 3.449676302358808698e+03 3.914366387950646185e+03 3.553954832092761990e+03 3.918606665073608838e+03 3.184290391118957814e+03 2.567721027015640630e+03 3.191873878390547816e+03 2.818517781815224680e+03 2.608822884080335371e+03 3.147097437578148856e+03 2.758221038525173299e+03 4.759767756577136424e+03 2.942961077083329201e+03 2.458586809432323207e+03 3.366532919985799253e+03 2.440249603474544983e+03 2.465045335763808907e+03 2.711142349967835344e+03 2.381766138515482908e+03 3.262955253926645582e+03 2.423360144259783738e+03 3.029640490741759095e+03 3.140989107883840916e+03 3.893186466801925235e+03 3.061701104941350877e+03 3.524356428163284363e+03 2.783234822312288088e+03 3.164066148122380127e+03 3.256088833779820561e+03 3.814963753386774897e+03 3.932703029794318354e+03 4.756503027774060683e+03 3.060076085524851351e+03 2.767800948006509770e+03 3.965799665160106542e+03 3.359873418146785298e+03 4.184042420818025676e+03 3.254952108250684432e+03 3.762052016516799995e+03 3.279483511346617888e+03 4.301511026367754312e+03 4.056248314214689344e+03 2.925560479084243070e+03 3.844893185620863733e+03 3.020827663656195000e+03 3.286880625859506381e+03 4.076459699352552889e+03 3.470484624914313372e+03 3.728679784319279406e+03 4.387518244186465381e+03 3.975357925806914409e+03 3.799177021921770574e+03 3.169643481655736196e+03 3.295175334950754404e+03 2.815658734552970145e+03 3.326338181876601084e+03 3.015919094716361087e+03 4.404358052040397524e+03 3.140409137095199640e+03 3.047683840612774020e+03
3.423529411764706083e+02 2.987763979960710458e+03 3.417221283553628382e+03 2.993058238973802418e+03 2.472417988880437406e+03 2.653976272052327204e+03 3.216957967131828809e+03 2.443310174639036177e+03 3.286996972076295151e+03 2.597453841387511147e+03 3.001003584820683500e+03 3.107557502772697717e+03 2.535323193753341911e+03 3.810701884159326255e+03 2.454122386900156471e+03 2.830163323228257013e+03 3.658638064880081401e+03 3.193256136080091437e+03 2.552817433442829042e+03 3.189414369860901388e+03 2.709071113698773843e+03 2.780023826732405269e+03 4.020992974563521784e+03 2.856919901300930633e+03 2.557583579541449126e+03 3.855271377650371960e+03 2.899317675984831112e+03 3.490906769979479122e+03 2.944932020095435746e+03 3.719266208451173497e+03 3.170904592488731396e+03 2.390255337633852832e+03 2.595969462425058737e+03 2.678357024520693813e+03 3.451342079156649106e+03 3.167348036484805561e+03 3.058261095814740656e+03 3.864162246742444040e+03 2.974907875795929158e+03 2.995634055724327027e+03 2.630439674133939207e+03 2.694932334416156209e+03 3.582186148909146596e+03 4.001771487385849014e+03 2.928906000297773971e+03 2.803342319462731666e+03 3.956660755502214215e+03 4.180602702254649557e+03 2.361979999683675032e+03 2.730799389814835195e+03 2.728995199837198470e+03 3.382922592295355571e+03 3.811089741337444138e+03 3.443688900562374783e+03 3.814247074025877282e+03 3.155694997412793782e+03 2.503602306043812860e+03 3.114924393846555176e+03 2.752627559057931194e+03 2.540862571635139375e+03 3.081551318271944183e+03 2.717499359921951964e+03 4.629238882141642534e+03 2.869296807299548618e+03 2.403312086997795632e+03 3.301790221085778285e+03 2.343015687824775796e+03 2.408814533039572325e+03 2.689767403574509444e+03 2.302545810552268904e+03 3.206034469590169465e+03 2.367630527646049813e+03 2.948920099557861249e+03 3.065163291944515095e+03 3.811207116273941210e+03 3.016638912322404849e+03 3.486465929830567347e+03 2.718373836938667409e+03 3.071333573384390547e+03 3.198638167170717225e+03 3.748995375284788224e+03 3.890186709340384823e+03 4.623946776424125346e+03 3.028755102942613576e+03 2.686824843300146313e+03 3.849021108113690389e+03 3.254436696847257735e+03 4.112912257472324200e+03 3.196862209965078364e+03 3.723353631601467441e+03 3.179437447458402403e+03 4.164375684246275341e+03 3.991827956944095149e+03 2.845559014834608661e+03 3.802438237960827792e+03 2.999822120147616715e+03 3.213848439009273534e+03 4.003287977481586950e+03 3.360588161124095222e+03 3.612511812944405392e+03 4.326258998761058137e+03 3.861044625330199779e+03 3.760916812034734903e+03 3.098243938214998252e+03 3.255474453310072477e+03 2.779163209163818465e+03 3.225914481877297931e+03 2.941811742920732286e+03 4.345268830576249456e+03 3.050368035324282118e+03 2.963310189321726284e+03
3.432352941176470722e+02 2.897127940728135400e+03 3.310951537135675608e+03 2.902587015988568510e+03 2.393177414237631183e+03 2.569935609009341988e+03 3.114828386322871665e+03 2.352019530209352070e+03 3.186237348750814817e+03 2.518264059147275020e+03 2.929547333769622583e+03 3.039218227069252862e+03 2.462104550618080793e+03 3.724703381725079907e+03 2.402335666718014636e+03 2.730978371391338897e+03 3.596670558924493434e+03 3.155827368088453113e+03 2.500742794690201208e+03 3.150427392743931250e+03 2.626403166898508516e+03 2.705256788895803311e+03 3.941143088391236688e+03 2.782047747092485224e+03 2.481853682596215549e+03 3.715192446706946612e+03 2.808124109073034560e+03 3.394434229450925613e+03 2.869501979400236451e+03 3.632533845172651127e+03 3.131844937944080812e+03 2.299665784149551200e+03 2.505390558185366899e+03 2.596222357667296365e+03 3.378040689032581668e+03 3.088057243688479048e+03 2.990560635820682819e+03 3.792714428873161069e+03 2.898768207763841474e+03 2.900866691951399844e+03 2.546297504142132766e+03 2.620804147095309872e+03 3.526027013473346869e+03 3.934495757067146315e+03 2.855652883716734777e+03 2.730709600654384758e+03 3.874851513854463519e+03 4.012649295231701217e+03 2.288875846158077366e+03 2.662389010478209457e+03 2.663145882656708636e+03 3.302040168917317715e+03 3.693988676609426420e+03 3.320595144810605234e+03 3.695995646700333964e+03 3.115961372690573626e+03 2.432370277571361839e+03 3.024928991077565570e+03 2.683928032581147363e+03 2.468320159476294975e+03 3.004918076756707251e+03 2.670823391351447299e+03 4.475847849802842575e+03 2.782796788586389539e+03 2.342318406438806505e+03 3.222390188836152902e+03 2.249324020168545303e+03 2.346912069220021749e+03 2.659139336083541821e+03 2.220608273888677559e+03 3.135232254484712485e+03 2.306444542121374070e+03 2.859432622709631232e+03 2.977802315077399271e+03 3.724283419847769437e+03 2.962482702196196442e+03 3.436458522159676249e+03 2.646651389150812520e+03 2.965478606182912699e+03 3.127347326903863632e+03 3.667450596036663683e+03 3.831236355527699743e+03 4.468697745247592138e+03 2.986103302288925534e+03 2.596671218125450196e+03 3.716702813237825012e+03 3.138183027395052250e+03 4.021992677878544782e+03 3.124801068017692160e+03 3.671099719475870188e+03 3.068397965301991007e+03 4.008201582309269725e+03 3.915896641927877226e+03 2.755561564015275508e+03 3.746022572561043489e+03 2.965927614959822222e+03 3.134821932752858629e+03 3.911673695876970669e+03 3.236315383540964376e+03 3.482306363311022324e+03 4.249234463805099949e+03 3.733635905217594427e+03 3.703122329397438534e+03 3.017282653928868967e+03 3.200321792291623296e+03 2.736583977890396454e+03 3.113594198788955964e+03 2.855046861093071129e+03 4.264889469209938397e+03 2.948963127443056237e+03 2.868803310561872877e+03
3.441176470588235361e+02 2.795006492206898201e+03 3.191158580482769139e+03 2.800175667033924583e+03 2.308912305184923298e+03 2.477792563324244838e+03 3.000444352242463083e+03 2.253547948214544249e+03 3.076027037232025577e+03 2.431422715951285227e+03 2.846757264016846875e+03 2.958180121281507127e+03 2.381340046241962227e+03 3.624921447920677565e+03 2.345531601713151304e+03 2.638439777026655975e+03 3.517456695798209694e+03 3.108487766322399239e+03 2.442895608758572962e+03 3.101648151882907314e+03 2.535889036323013443e+03 2.620043861373198524e+03 3.845217686825792043e+03 2.706231790431038007e+03 2.399078249216824588e+03 3.561339570078795532e+03 2.707375343173210240e+03 3.282366457524785801e+03 2.784616605566865928e+03 3.534012589940062753e+03 3.083653543457738124e+03 2.202202186713722767e+03 2.407377237801591946e+03 2.510814889206862972e+03 3.291578660195435532e+03 2.997747671166159762e+03 2.912226029916888365e+03 3.706271586674738046e+03 2.818302233839861401e+03 2.794162560808789294e+03 2.455887206492634505e+03 2.540592653145307850e+03 3.453223896493149823e+03 3.850219284964637609e+03 2.773059618395508096e+03 2.648036764491231679e+03 3.773451578756979870e+03 3.831077552333977565e+03 2.211970176887212801e+03 2.587162288070942395e+03 2.592071324224310501e+03 3.207260487780206859e+03 3.563506453589809098e+03 3.185785574431070472e+03 3.564337294408226171e+03 3.064405004119870682e+03 2.353769844803949582e+03 2.922642772605986465e+03 2.610923509618193293e+03 2.390350566597737270e+03 2.917249129169329535e+03 2.616715124348241261e+03 4.302267063780426724e+03 2.684435343586366344e+03 2.274737741695799286e+03 3.128865701196065402e+03 2.156999342869234169e+03 2.278468908895288678e+03 2.618226552129309312e+03 2.135241184956661073e+03 3.050854766433377335e+03 2.238914457411781768e+03 2.761000155090852331e+03 2.879273724794664759e+03 3.630370719245591772e+03 2.898190652426498673e+03 3.373248149565620224e+03 2.567471054241452748e+03 2.847861808022585137e+03 3.042536044372860943e+03 3.570376358236257602e+03 3.755313502251070531e+03 4.293454131883027003e+03 2.931376267776223358e+03 2.497750819937311007e+03 3.570509163566444840e+03 3.012047098575616474e+03 3.912099663125920415e+03 3.039136743070352168e+03 3.604125081126127498e+03 2.947311878462668574e+03 3.835566643635935179e+03 3.827034570048469050e+03 2.656062726419278533e+03 3.674566354195439544e+03 2.918660936992146162e+03 3.048450012162346411e+03 3.802276359407639120e+03 3.099404153454695461e+03 3.339626824565896641e+03 4.155594828742971913e+03 3.594386231497398967e+03 3.626255154349197255e+03 2.926452745564404722e+03 3.130028440647903608e+03 2.686733127656707438e+03 2.990504437871374648e+03 2.756429296809351399e+03 4.163738366209904598e+03 2.837071360784593253e+03 2.764426864667129848e+03
3.450000000000000000e+02 2.682592484663183313e+03 3.059415707852760534e+03 2.687068552503148112e+03 2.219510127958534213e+03 2.378222146906538001e+03 2.875297175530525237e+03 2.148681172329574110e+03 2.956561310241601859e+03 2.337196036115044990e+03 2.752971633661020860e+03 2.864982346364915884e+03 2.293219580093119475e+03 3.511604300629331192e+03 2.282639489260522168e+03 2.549441575221573203e+03 3.421806188476964962e+03 3.050321201688778274e+03 2.378274310393991072e+03 3.042171882396873116e+03 2.437733555380775670e+03 2.525214292038708209e+03 3.733605742959347936e+03 2.627543318678362084e+03 2.309219753609086638e+03 3.395918933967549492e+03 2.597748331658197458e+03 3.156403022791634612e+03 2.690487212366845142e+03 3.423596125318397753e+03 3.025303722267569356e+03 2.098637603609074176e+03 2.302481574634020944e+03 2.421069053191578405e+03 3.192156460768225315e+03 2.896831590976156349e+03 2.823361961290238014e+03 3.604862085937871598e+03 2.732241760235296624e+03 2.677008446188403013e+03 2.359124496369366625e+03 2.453808303099232489e+03 3.364332973471892728e+03 3.749208832853947570e+03 2.681073265309793442e+03 2.555698127749518790e+03 3.654010797665516748e+03 3.638445431769174320e+03 2.130681061745653096e+03 2.504646986064461998e+03 2.514737120068621607e+03 3.099333305999837648e+03 3.420622866761531895e+03 3.040752875254708215e+03 3.420288742983020711e+03 3.000793288732367273e+03 2.267965156413556088e+03 2.809205339617336449e+03 2.532663389777324483e+03 2.306570204504472713e+03 2.819023688999016940e+03 2.554286713852517096e+03 4.111468694501490063e+03 2.575506937819534869e+03 2.200213464468812163e+03 3.022186285861218494e+03 2.064512062645043443e+03 2.203129255352861946e+03 2.566539014898738969e+03 2.046161504404376274e+03 2.953649877275450308e+03 2.164664837285690737e+03 2.653948193347137021e+03 2.770360468992383176e+03 3.528134274019336317e+03 2.823311355808266399e+03 3.296407192057933571e+03 2.480700221535675155e+03 2.720114548938756798e+03 2.944963149585811152e+03 3.458403411363366558e+03 3.662560722971013547e+03 4.101207378878655618e+03 2.864376373992264234e+03 2.390858239757713818e+03 3.412401678895636451e+03 2.877282418791729469e+03 3.784573020732420900e+03 2.940671335110338987e+03 3.522003452940488842e+03 2.817433928528315846e+03 3.649279591022596378e+03 3.724599569908327794e+03 2.547916286397186013e+03 3.587727463939908375e+03 2.858047404940066372e+03 2.954017851057967619e+03 3.676289087560150620e+03 2.951847637513501468e+03 3.186319537133165795e+03 4.045242566919892397e+03 3.444814421419112023e+03 3.531294693814208131e+03 2.825944665890120177e+03 3.045330070280897871e+03 2.628909571591762415e+03 2.858064071320019593e+03 2.647123702885833609e+03 4.042948307682223913e+03 2.715892361909458032e+03 2.650911465306666287e+03
3.458823529411764639e+02 2.561326349577734618e+03 2.917536812643177655e+03 2.564762124528379900e+03 2.125200112711631391e+03 2.272146184203825669e+03 2.741085372977313909e+03 2.038443898464274071e+03 2.828509719526788558e+03 2.236195205451139373e+03 2.648960016281036587e+03 2.760551160034181066e+03 2.198270682140885583e+03 3.385508123182330110e+03 2.213112915273668477e+03 2.461577253350510546e+03 3.310946224216351766e+03 2.980954361441748460e+03 2.306403519619147573e+03 2.971633581684273850e+03 2.332523159323076015e+03 2.421852012985765668e+03 3.607215313368331863e+03 2.544684410365560325e+03 2.212649014678572257e+03 3.221275175250049415e+03 2.480249969447879266e+03 3.018490700927251964e+03 2.587696674433687349e+03 3.301705648566754462e+03 2.956316577448289081e+03 1.989975808875418124e+03 2.191557228046370255e+03 2.326462846088329115e+03 3.080465768132668927e+03 2.786095445410633602e+03 2.724492438917964137e+03 3.489079083307398832e+03 2.639907500784602234e+03 2.551079817951131645e+03 2.256333911477850506e+03 2.360425748772242059e+03 3.260374146245202610e+03 3.632279650801000571e+03 2.580101114862074610e+03 2.454453744116077360e+03 3.518439108346043213e+03 3.437419789173589834e+03 2.044849409565011911e+03 2.414824390707952716e+03 2.430653677730395884e+03 2.979426487288355020e+03 3.266744403285118096e+03 2.887258608859198830e+03 3.265288326794863224e+03 2.925300681611468008e+03 2.175459590400378147e+03 2.686047038917482951e+03 2.448674451865720584e+03 2.216989576130889418e+03 2.711075848153563129e+03 2.483167628907121980e+03 3.906612699272949612e+03 2.457539825319379361e+03 2.118821211342436527e+03 2.903672829418998845e+03 1.970891564330159099e+03 2.120970775880174187e+03 2.504057627148710253e+03 1.953438997790276289e+03 2.844727904225881048e+03 2.083752901603219016e+03 2.539006566554931851e+03 2.652176607655468160e+03 3.416882244994690154e+03 2.737905238751188335e+03 3.206083407728853672e+03 2.386598517012548655e+03 2.584050533239655579e+03 2.835747235099649060e+03 3.332645473566124110e+03 3.553702775201866643e+03 3.895130098603502120e+03 2.785379607890864918e+03 2.277076833882257688e+03 3.244540596384815217e+03 2.735370853712470307e+03 3.641175123297252867e+03 2.830561296933178710e+03 3.424949157671376270e+03 2.680239842097789278e+03 3.452275117050045537e+03 3.608630037511913997e+03 2.432249193908115558e+03 3.485801960132173917e+03 2.784548372867321632e+03 2.851359825110705515e+03 3.535335505466364339e+03 2.795797761786342562e+03 3.024417209149391510e+03 3.918733086569534862e+03 3.286629764661786794e+03 3.419650418650579468e+03 2.716363487951267416e+03 2.947319414859550761e+03 2.562838930034871737e+03 2.717896529636278046e+03 2.528563937898837139e+03 3.904156441004015505e+03 2.586861483980016146e+03 2.529344489906869057e+03
3.467647058823529278e+02 2.432816565221689871e+03 2.767491970370926083e+03 2.434923590250792131e+03 2.026482485835086436e+03 2.160664490649763593e+03 2.599637412326904268e+03 1.924023445107223779e+03 2.692913979646759799e+03 2.129297994506049235e+03 2.535828728804560797e+03 2.646118691079020209e+03 2.097287451532589330e+03 3.247806553176602847e+03 2.136850913836243762e+03 2.373075215690008463e+03 3.186440236091149927e+03 2.900484743227097169e+03 2.227254922388838168e+03 2.890136208839630399e+03 2.221140082650766544e+03 2.311226766492476600e+03 3.467382743305918666e+03 2.456904925200392427e+03 2.110059712606240282e+03 3.039809584618875760e+03 2.356131704110045575e+03 2.870739988990486381e+03 2.477127846478019819e+03 3.169203979521088513e+03 2.876689856105812396e+03 1.877376566632070080e+03 2.075678167231498264e+03 2.226930506995039650e+03 2.957600148182872545e+03 2.666624799100866767e+03 2.616482568469293710e+03 3.359987779655622035e+03 2.541123153706219455e+03 2.418167471109894905e+03 2.148163056284706272e+03 2.260801792499211842e+03 3.142741155483308376e+03 3.500704957845940044e+03 2.470922213780690072e+03 2.345360322237981563e+03 3.368917062227099450e+03 3.230684931371904895e+03 1.954660710050268790e+03 2.318054572938591264e+03 2.339794052963226932e+03 2.849028821201563460e+03 3.103596823781978856e+03 2.727231651231059004e+03 3.101088354735907615e+03 2.838458661928987567e+03 2.077020229527574429e+03 2.554801320514618510e+03 2.358890684829528254e+03 2.121946005680156759e+03 2.594521367667849063e+03 2.403430616697829009e+03 3.690941969235106626e+03 2.332215991881482751e+03 2.030990391075355774e+03 2.774913207633820548e+03 1.875638777958338324e+03 2.032425713360236387e+03 2.431163357388341410e+03 1.857423731578548313e+03 2.725482433365047655e+03 1.996589791442265778e+03 2.417215104910757418e+03 2.526084988673817861e+03 3.296488765421546304e+03 2.642464189793627611e+03 3.102913422382924182e+03 2.285746904567682577e+03 2.441584905961502500e+03 2.716287420215071052e+03 3.194598866899330460e+03 3.429945942237517556e+03 3.678471295498850395e+03 2.695060775278841447e+03 2.157691477955184837e+03 3.069194237535762113e+03 2.587939473716002340e+03 3.483990198853894526e+03 2.710237973701026476e+03 3.313716430566798863e+03 2.537346104971332352e+03 3.247517803409427870e+03 3.479742247920567934e+03 2.310381486743211553e+03 3.369622164236755452e+03 2.698988662037812446e+03 2.740770670491766396e+03 3.381367853025731165e+03 2.633478067855772679e+03 2.856050874348797151e+03 3.777169716501599851e+03 3.121661059068203485e+03 3.293073581848877893e+03 2.598646336655613595e+03 2.837376386535833262e+03 2.488612272052261687e+03 2.571749405963188110e+03 2.402368671603192524e+03 3.749394898786501471e+03 2.451569057538607467e+03 2.401069194375833831e+03
3.476470588235293917e+02 2.298766880313110960e+03 2.611329634154344149e+03 2.299316557766975620e+03 1.924062504553333838e+03 2.044992018774717508e+03 2.452841244702111453e+03 1.806701146121870352e+03 2.551090544674012563e+03 2.017575133987832487e+03 2.414931943274980767e+03 2.523144343666808254e+03 1.991262440423971839e+03 3.099999532723395532e+03 2.054120835896890185e+03 2.282727543321989288e+03 3.050106622970508397e+03 2.809407537939004669e+03 2.141169838152135071e+03 2.798177849418263122e+03 2.104681805767664628e+03 2.194730363316024977e+03 3.315780402340824821e+03 2.363920259154773248e+03 2.002387571491224662e+03 2.853906590599449373e+03 2.226809940702215499e+03 2.715347159872767406e+03 2.359893327868481720e+03 3.027307731916350349e+03 2.786825601038231980e+03 1.762088594107814060e+03 1.956064164093067802e+03 2.122777103470976272e+03 2.824965967688409819e+03 2.539730871499497880e+03 2.500462455765704817e+03 3.219031185897674277e+03 2.436129432258412635e+03 2.280110757123709845e+03 2.035501820430749603e+03 2.155596001465897643e+03 3.013113954746014770e+03 3.356123168836998957e+03 2.354602052882768021e+03 2.229688449577061874e+03 3.207808335506465028e+03 3.020862771068736492e+03 1.860571462659041117e+03 2.215002780594622891e+03 2.242512730190998354e+03 2.709857861658842012e+03 2.933123038539441950e+03 2.562677977166637447e+03 2.929652926610027862e+03 2.741102035692365462e+03 1.973607831485498536e+03 2.417224661038014347e+03 2.263583289499591501e+03 2.022038012138949853e+03 2.470686017095219540e+03 2.315517870625291835e+03 3.467686772065950663e+03 2.201298589664796054e+03 1.937428406731351743e+03 2.637681101627371845e+03 1.778640732420703671e+03 1.938204590758675749e+03 2.348566923100465374e+03 1.758678655395304304e+03 2.597513116934736445e+03 1.903864510330404073e+03 2.289835628965489377e+03 2.393619301095975061e+03 3.167310959829704188e+03 2.537831455841652769e+03 2.987935161077903558e+03 2.178978693661836132e+03 2.294662240095033667e+03 2.588186245715060068e+03 3.046045196711177141e+03 3.292877950259870886e+03 3.454461171306758843e+03 2.594418627788623326e+03 2.034110165476763768e+03 2.888657821072825300e+03 2.436685783003027609e+03 3.315326757206411003e+03 2.581330523657760295e+03 3.189498828373167271e+03 2.390437619871457628e+03 3.037916777120984534e+03 3.339025693493148083e+03 2.183753228369725093e+03 3.240454748924679734e+03 2.602485171522163000e+03 2.622917516970127963e+03 3.216568767479465805e+03 2.467107050941937814e+03 2.683371775812965097e+03 3.622096881127182769e+03 2.951790531808208016e+03 3.153570592284484064e+03 2.473982172097664716e+03 2.717098035997161332e+03 2.406625449391787697e+03 2.421422399016664258e+03 2.270264540321205914e+03 3.580984475759908946e+03 2.311687389123676894e+03 2.267594033909437258e+03
3.485294117647058556e+02 2.160911473309427038e+03 2.451106993402852822e+03 2.159734780309526741e+03 1.818789930180912734e+03 1.926402830679043063e+03 2.302582020510036728e+03 1.687792240098340471e+03 2.404539953817011792e+03 1.902222859416507390e+03 2.287789794386329959e+03 2.393240623378081636e+03 1.881322704299167299e+03 2.943824085460716560e+03 1.965484517343342304e+03 2.189815488626516981e+03 2.903939616382394888e+03 2.708543208289123413e+03 2.048784678719993281e+03 2.696579475453664145e+03 1.984387341689059440e+03 2.073818901417716006e+03 3.154325779523827805e+03 2.265831497775325261e+03 1.890735682986429993e+03 2.665869846776596205e+03 2.093793745428742568e+03 2.554523351612196620e+03 2.237268114226494163e+03 2.877500450018388619e+03 2.687458332910107856e+03 1.645391068100243274e+03 1.834014160203969823e+03 2.014597222781540268e+03 2.684196041141226033e+03 2.406880110904821322e+03 2.377754901401551251e+03 3.067937051067698576e+03 2.325500385593991723e+03 2.138738528085390953e+03 1.919407957905969397e+03 2.045695653702550317e+03 2.873374934496357582e+03 3.200445782640013931e+03 2.232412183877767347e+03 2.108847056225796678e+03 3.037576422372789239e+03 2.810445659369934219e+03 1.763241359435655113e+03 2.106568412029610954e+03 2.139467228734132277e+03 2.563774556072504765e+03 2.757388675058826266e+03 2.395602783646386342e+03 2.753063659377198746e+03 2.634313074001164296e+03 1.866313073501773033e+03 2.275125018304687273e+03 2.163292427253429651e+03 1.918062536136426615e+03 2.341037444589992901e+03 2.220169090983358728e+03 3.239980624693497703e+03 2.066567716116499923e+03 1.839049082152833080e+03 2.493859991944535977e+03 1.680089359252622899e+03 1.839224229380545466e+03 2.257240565364469148e+03 1.657918143034276227e+03 2.462552517054819418e+03 1.806472303263364438e+03 2.158271849350288448e+03 2.256411942396881841e+03 3.030103181802619929e+03 2.425123643287000505e+03 2.862501381252130614e+03 2.067313996502196005e+03 2.145194141832455443e+03 2.453176724310181271e+03 2.888959013389857319e+03 3.144370907913224983e+03 3.226227585487624310e+03 2.484702744926129071e+03 1.907795208423188342e+03 2.705182831370676467e+03 2.283312589837348241e+03 3.137625443593850832e+03 2.445593031858045833e+03 3.053830965259339791e+03 2.241204364517914200e+03 2.826252493199487162e+03 3.187939403681215481e+03 2.053859467329679774e+03 3.099901333469802466e+03 2.496377838010495452e+03 2.498755203496893500e+03 3.043259141206431195e+03 2.298832730009125953e+03 2.508483940861905921e+03 3.455394370786685158e+03 2.778894349638178028e+03 3.003319680747239545e+03 2.343735953365470777e+03 2.588230426003838602e+03 2.317520266095046736e+03 2.268704395087155262e+03 2.134017679806840533e+03 3.401433913352282161e+03 2.168906453766716368e+03 2.130512814288383197e+03
3.494117647058823195e+02 2.020958740663976187e+03 2.288829642611438885e+03 2.017944574365754988e+03 1.711604839159440871e+03 1.806181298876463416e+03 2.150688597899928027e+03 1.568594647125019492e+03 2.254864688700000897e+03 1.784502473945083921e+03 2.156014538054646437e+03 2.258104691597863166e+03 1.768671593661337965e+03 2.781169549317938618e+03 1.871728794850011127e+03 2.094034266942527211e+03 2.750034339931786690e+03 2.598967193260138174e+03 1.950960534758170752e+03 2.586414959497158179e+03 1.861571250254850838e+03 1.949961652044425364e+03 2.985094375769268481e+03 2.163049393681318634e+03 1.776307178962826811e+03 2.477868827549921662e+03 1.958620880966697769e+03 2.390432248017130860e+03 2.110626897695786738e+03 2.721449308517938334e+03 2.579585221116400589e+03 1.528543910622162912e+03 1.710848201401699498e+03 1.903199198001203968e+03 2.537068302694997328e+03 2.269628837007765014e+03 2.249807977648937140e+03 2.908628620362737820e+03 2.210064049824710764e+03 1.995818527237041963e+03 1.801040289313527182e+03 1.932146308281387974e+03 2.725530611064288678e+03 3.035768556610519227e+03 2.105756297045809333e+03 1.984316127700613606e+03 2.860707790288437081e+03 2.601742406301614665e+03 1.663471805743109599e+03 1.993818266825103819e+03 2.031543894340442876e+03 2.412705991430532777e+03 2.578497434876901480e+03 2.227945052855132872e+03 2.573435193267502655e+03 2.519365149399005986e+03 1.756299647802394702e+03 2.130299500278086725e+03 2.058762549767140626e+03 1.810956316016416622e+03 2.207121867097750055e+03 2.118352365320487024e+03 3.010788870906359989e+03 1.929764984879850317e+03 1.736906641875569221e+03 2.345373729165540681e+03 1.580406286566015979e+03 1.736541416733537062e+03 2.158352768767799262e+03 1.555953199546069300e+03 2.322398581864902553e+03 1.705448571426358058e+03 2.023998161137386887e+03 2.116129297348634282e+03 2.885931586404250083e+03 2.305656435375226465e+03 2.728196350143177369e+03 1.951898673162967725e+03 1.995006923058416760e+03 2.313054975641630790e+03 2.725422555489190927e+03 2.986489234646295245e+03 2.996725302367093718e+03 2.367343463095821335e+03 1.780204419607782938e+03 2.520917560592501104e+03 2.129472735695039319e+03 2.953374440551569023e+03 2.304837444620686711e+03 2.908494683523046660e+03 2.091287571576876417e+03 2.615116490372671706e+03 3.028212156511986450e+03 1.922193952374352875e+03 2.949803652505119317e+03 2.382164068641531230e+03 2.369446669922801448e+03 2.863813780340051835e+03 2.130678805615665169e+03 2.333388080801269098e+03 3.279175860488406215e+03 2.604790927076061507e+03 2.844592803048465157e+03 2.209378593802032810e+03 2.452604115523943619e+03 2.222128473721762930e+03 2.115320347969480281e+03 1.995374423015592356e+03 3.213346521642911739e+03 2.024878904561239551e+03 1.991435948171296559e+03
3.502941176470588402e+02 1.880544276846460207e+03 2.126401173809433203e+03 1.875636488363782291e+03 1.603490018763260650e+03 1.685580817568649081e+03 1.998889478412713288e+03 1.450346877166942249e+03 2.103696973930063450e+03 1.665687639874470278e+03 2.021245630619942403e+03 2.119456911012768614e+03 1.654537051129132578e+03 2.613999480864598809e+03 1.773801271244556801e+03 1.995419508704861073e+03 2.590517881569820020e+03 2.481943150656895341e+03 1.848718091700547575e+03 2.468944502578724496e+03 1.737566179443176225e+03 1.824597060987091254e+03 2.810238937405478282e+03 2.056223287192325188e+03 1.660345956251502230e+03 2.291896537844500926e+03 1.822802885400643845e+03 2.225136941387121624e+03 1.981387200162264890e+03 2.560927356560669978e+03 2.464399635329935791e+03 1.412747105059681871e+03 1.587858352552680799e+03 1.789536103510851717e+03 2.385431232855866710e+03 2.129563945887256068e+03 2.118133929302119668e+03 2.743141313016729328e+03 2.090829071301143813e+03 1.853015754238667569e+03 1.681599987494193556e+03 1.816089185570385780e+03 2.571640235867038427e+03 2.864288197381494683e+03 1.976103887362171690e+03 1.857588210990937796e+03 2.679643107349023012e+03 2.396837467701877813e+03 1.562151342805333343e+03 1.877925221655749965e+03 1.919789329501516022e+03 2.258577449526419969e+03 2.398517356603451390e+03 2.061524929108651122e+03 2.392841915422780403e+03 2.397667596991497703e+03 1.644754672156672996e+03 1.984481820360379515e+03 1.950882576927205264e+03 1.701742255182702138e+03 2.070507136248635561e+03 2.011199410603421484e+03 2.782850808533229156e+03 1.792547541574367187e+03 1.632136263544044141e+03 2.194125162410898156e+03 1.480174718337042350e+03 1.631293132806275707e+03 2.053207243108450257e+03 1.453643441172900339e+03 2.178854150677002508e+03 1.601909520571476378e+03 1.888498086066993892e+03 1.974415327382733039e+03 2.736091737333117635e+03 2.180875475497024127e+03 2.586757455578391273e+03 1.833948818884672392e+03 1.845799627530053613e+03 2.169620037172552202e+03 2.557549123391578632e+03 2.821404577595452338e+03 2.768678991564543139e+03 2.243886405103718516e+03 1.652742424997738453e+03 2.337859333913885621e+03 1.976724192104496069e+03 2.765034113194260044e+03 2.160873665753282239e+03 2.755431563304583960e+03 1.942235682820172997e+03 2.406864569353875140e+03 2.861749020171970187e+03 1.790201965153711626e+03 2.792155352495065017e+03 2.261437826237082845e+03 2.236290056290096345e+03 2.680586551832639088e+03 1.964502427332304023e+03 2.159936938531683609e+03 3.095694099264809665e+03 2.431197914602216770e+03 2.679684280212989961e+03 2.072424219341655771e+03 2.312074885088467909e+03 2.121419676580176656e+03 1.962888318035090151e+03 1.856011521179290867e+03 3.019336212733751836e+03 1.881174699070273846e+03 1.851933102726349489e+03
3.511764705882353041e+02 1.741193223762105390e+03 1.965583028885122985e+03 1.734386236306273076e+03 1.495430429034149938e+03 1.565790284065863261e+03 1.848778186574570100e+03 1.334194880195908581e+03 1.952637165037866453e+03 1.547019844949031722e+03 1.885094096951500433e+03 1.978987214729967945e+03 1.540127129108625923e+03 2.444281771162647601e+03 1.672752241694400254e+03 1.894277110222439887e+03 2.427487711343971569e+03 2.358860886672232937e+03 1.743178494666226925e+03 2.345552806542959843e+03 1.613674378466811277e+03 1.699096115964841601e+03 2.631916603596719597e+03 1.946175880672238236e+03 1.544086125332067240e+03 2.109738161231423874e+03 1.687779625184517954e+03 2.060556750532412480e+03 1.850959210612108791e+03 2.397743219492666412e+03 2.343229312708609541e+03 1.299108816752997882e+03 1.466268659245481331e+03 1.674644393172049831e+03 2.231137475728199661e+03 1.988250892534193099e+03 1.984255010430071025e+03 2.573547217106603966e+03 1.968918248783623312e+03 1.711859790268943925e+03 1.562280639866110505e+03 1.698705891158590248e+03 2.413752344755963350e+03 2.688226651007845703e+03 1.844932268253096254e+03 1.730118923910360536e+03 2.496717951344443463e+03 2.197563041754383448e+03 1.460208274734644419e+03 1.760113252132033267e+03 1.805348445279154475e+03 2.103254379190273539e+03 2.219419202156351275e+03 1.898003329347127419e+03 2.213256667537062185e+03 2.270713076559110959e+03 1.532846609446072762e+03 1.839299600717266003e+03 1.840631761764762359e+03 1.591481683247458250e+03 1.932732883098528646e+03 1.899945944624019830e+03 2.558635778853262309e+03 1.656451190583515654e+03 1.525901834729517532e+03 2.041943677953752740e+03 1.380079393426000479e+03 1.524644210952272260e+03 1.943186876325781441e+03 1.351856453942220242e+03 2.033674362188464556e+03 1.497000063043376713e+03 1.753212691921557735e+03 1.832844155211103953e+03 2.582031373876738144e+03 2.052293609280464352e+03 2.440003441562508215e+03 1.714701530597703368e+03 1.699112116561826724e+03 2.024621596508984339e+03 2.387416112408283425e+03 2.651319203247483983e+03 2.544540100748789882e+03 2.115932828555432025e+03 1.526721920179429617e+03 2.157818224657108203e+03 1.826495338680081886e+03 2.574972028097246039e+03 2.015457787311383981e+03 2.596663227578792430e+03 1.795470237323222364e+03 2.203583145783330110e+03 2.690546029642892790e+03 1.659242146110339263e+03 2.629021754255110409e+03 2.135834254596838491e+03 2.100653491936469436e+03 2.495846114227602811e+03 1.801963233943550676e+03 1.989801874910340075e+03 2.907254850915435782e+03 2.259698061095814410e+03 2.510847532595877510e+03 1.934375402049702188e+03 2.168471005974374293e+03 2.016453668976546396e+03 1.812886347656526596e+03 1.717496046410656390e+03 2.821954044797962069e+03 1.739245447783309146e+03 1.713486848660736769e+03
3.520588235294117680e+02 1.604291632749101154e+03 1.807964546252046375e+03 1.595624861141692008e+03 1.388379596116258654e+03 1.447907924942379850e+03 1.701787837188139065e+03 1.221167488217811751e+03 1.803203076847153170e+03 1.429672029571426947e+03 1.749096536339020759e+03 1.838309716963672599e+03 1.426593035552404444e+03 2.273928087032042185e+03 1.569683306232594077e+03 1.791117830950347070e+03 2.262958599431989569e+03 2.231179753400495429e+03 1.635510906407156654e+03 2.217692670284954147e+03 1.491128078023949456e+03 1.574733033827963027e+03 2.452225373540844885e+03 1.833844421051672271e+03 1.428710179997361820e+03 1.932950302520495597e+03 1.554883204641597104e+03 1.898433942089449374e+03 1.720703152859975262e+03 2.233679491419497481e+03 2.217479725405221870e+03 1.188621839654032556e+03 1.347204000855714185e+03 1.559590670276036235e+03 2.075986621984973226e+03 1.847189592935883866e+03 1.849656990844363463e+03 2.401888670544065008e+03 1.845510042062455341e+03 1.573720997671718351e+03 1.444226992081723211e+03 1.581171097739884999e+03 2.253850032088717853e+03 2.509764274349544394e+03 1.713677486152628489e+03 1.603286639439361352e+03 2.314113656104010715e+03 2.005482932796527848e+03 1.358570471067866265e+03 1.641609557774137784e+03 1.689409615910253251e+03 1.948494711148828628e+03 2.043026923600980354e+03 1.738853147570236160e+03 2.036501833020987988e+03 2.140028847935583144e+03 1.421690735863085138e+03 1.696241357970298168e+03 1.729032016237780681e+03 1.481232838329998003e+03 1.795268444661076501e+03 1.785878066967510904e+03 2.340312608580161850e+03 1.522862734903092587e+03 1.419351489906064216e+03 1.890541931668125471e+03 1.280854861271111076e+03 1.417742666469537653e+03 1.829703518451777200e+03 1.251433932238702710e+03 1.888522597639499281e+03 1.391849458977093036e+03 1.619498963419171560e+03 1.692881820191277939e+03 2.425280000793698946e+03 1.921435288068007139e+03 2.289770143959054167e+03 1.595372468082608975e+03 1.556302816986001744e+03 1.879716277220054508e+03 2.217008598001097653e+03 2.478398814937925181e+03 2.326457291275386524e+03 1.985086420216602846e+03 1.403334420144188925e+03 1.982391730642921857e+03 1.680059765839746433e+03 2.385409141996017752e+03 1.870248770293893131e+03 2.434220590276164330e+03 1.652260941793011170e+03 2.007068185086763151e+03 2.516614574438434829e+03 1.530557306696729938e+03 2.462468942130557934e+03 2.006980529865039671e+03 1.963918411861086952e+03 2.311722735272342106e+03 1.644503001810114029e+03 1.824450037900694497e+03 2.716140930000032768e+03 2.091714086727176436e+03 2.340240589584704139e+03 1.796677088174888468e+03 2.023547802322725374e+03 1.908337883850446133e+03 1.666628873986808685e+03 1.581254657670032657e+03 2.623626167261067167e+03 1.600397966934023543e+03 1.577456970640170084e+03
3.529411764705882888e+02 1.471066655271493573e+03 1.654942698299856602e+03 1.460617620869275015e+03 1.283232845877105319e+03 1.332922238755787021e+03 1.559174464428227566e+03 1.112159785681919629e+03 1.656790293047212572e+03 1.314720344225219606e+03 1.614678552515268166e+03 1.698925951670010136e+03 1.314999812324319464e+03 2.104743521552502443e+03 1.465702811359516318e+03 1.686597761800712760e+03 2.098818543420196420e+03 2.100378301129034753e+03 1.526887165888023674e+03 2.086834911625559926e+03 1.371058800584377877e+03 1.452663218800935283e+03 2.273150708074873819e+03 1.720228787637161986e+03 1.315315865281909055e+03 1.762850057578542646e+03 1.425311037244739055e+03 1.740310110112107850e+03 1.591894285794041252e+03 2.070440522210826657e+03 2.088583717811725364e+03 1.082147962496665514e+03 1.231667329621162025e+03 1.445426936968523933e+03 1.921677697726034694e+03 1.707778413163696541e+03 1.715750546896788137e+03 2.230121900754244507e+03 1.721788226846777206e+03 1.439795053105124680e+03 1.328502320196535720e+03 1.464613241951390592e+03 2.093805407304894288e+03 2.330982956580013251e+03 1.583694152517210341e+03 1.478360973041000989e+03 2.133818740014405194e+03 1.821887261099253465e+03 1.258132438314173214e+03 1.523604147219158904e+03 1.573157657445038240e+03 1.795911418261445078e+03 1.870980331013777686e+03 1.585341189314878875e+03 1.864212513596337430e+03 2.007132932290536928e+03 1.312321884256725980e+03 1.556632650409089820e+03 1.617106961006551728e+03 1.372016079823041991e+03 1.659478833673938880e+03 1.670285266611751240e+03 2.129731957601606609e+03 1.393000836024011960e+03 1.313580785544311539e+03 1.741482191253969631e+03 1.183242330531072867e+03 1.311682949971562721e+03 1.714154111267630242e+03 1.153164858042236801e+03 1.744935307833457273e+03 1.287534799361468458e+03 1.488597846388532616e+03 1.555857162281034562e+03 2.267386702729696481e+03 1.789788781403810844e+03 2.137854898680753649e+03 1.477120541120139023e+03 1.418535381603282531e+03 1.736432781253281746e+03 2.048173561590951067e+03 2.304715832848643004e+03 2.116259605564967387e+03 1.852907576781122316e+03 1.283629893312954437e+03 1.812949741155211086e+03 1.538520199932852847e+03 2.198377384926338436e+03 1.726774161314071989e+03 2.270082987182463057e+03 1.513709566797779189e+03 1.818815708401976053e+03 2.341916427236763411e+03 1.405253521592933566e+03 2.294502890190522066e+03 1.876453577781586773e+03 1.827431679247271404e+03 2.130166554177039416e+03 1.493335049865518386e+03 1.665131273898848576e+03 2.524547634519039548e+03 1.928492003669767200e+03 2.169881209111524640e+03 1.660679284463188196e+03 1.878950185619131616e+03 1.798190079979895472e+03 1.525251991768108610e+03 1.448551927282102724e+03 2.426603691650029759e+03 1.465776570817507491e+03 1.445054755730208399e+03
3.538235294117646959e+02 1.342574681760165731e+03 1.507710867763776605e+03 1.330451156441611374e+03 1.180807127139034264e+03 1.221699660497293280e+03 1.422008437607964879e+03 1.007923889469083520e+03 1.514642878383803691e+03 1.203123567529709135e+03 1.483127329106612251e+03 1.562196639616089442e+03 1.206304337254906386e+03 1.938386553785268006e+03 1.361888663481815456e+03 1.581465244328928748e+03 1.936794029069884118e+03 1.967910633071760230e+03 1.418443628552284281e+03 1.954424816138018741e+03 1.254474901201730063e+03 1.333907875889196703e+03 2.096522829226601971e+03 1.606346677913302074e+03 1.204891267582190721e+03 1.600512860582374060e+03 1.300107554779699285e+03 1.587511843042939745e+03 1.465695692276777436e+03 1.909610189665197140e+03 1.957957543494318543e+03 9.804092319062575598e+02 1.120524843721712841e+03 1.333154179388112198e+03 1.769771518026644117e+03 1.571286464993905611e+03 1.583840765550917695e+03 2.060071101278851984e+03 1.598900126893950983e+03 1.311095212011521880e+03 1.216064069663363853e+03 1.350083121826569823e+03 1.935343374337196337e+03 2.153819820732270273e+03 1.456224357548559055e+03 1.356479786595646146e+03 1.957600834245417900e+03 1.647796511953318486e+03 1.159729275724618446e+03 1.407216967380814140e+03 1.457734594987960691e+03 1.646945041054552576e+03 1.704709261824092891e+03 1.438519692465109529e+03 1.697811336321987937e+03 1.873496042029601767e+03 1.205674261818563309e+03 1.421620996015473565e+03 1.505847890852610590e+03 1.264785701734939266e+03 1.526598749959758607e+03 1.554420364681837100e+03 1.928420363145319470e+03 1.267904886239305824e+03 1.209603732675898755e+03 1.596151857656969696e+03 1.087954706421749279e+03 1.207476924778782177e+03 1.597883463284593290e+03 1.057765121049228128e+03 1.604295429776330138e+03 1.185052178049323857e+03 1.361611445825785950e+03 1.422941455844125358e+03 2.109866752117588931e+03 1.658766530773586510e+03 1.985969962885528730e+03 1.361019660703175987e+03 1.286773366876392629e+03 1.596145658929823412e+03 1.882585030101922484e+03 2.132203156377995128e+03 1.915451310925619509e+03 1.720875215296486886e+03 1.168504413269506813e+03 1.650628630891794728e+03 1.402800437191810488e+03 2.015688644942029669e+03 1.586404444909845552e+03 2.106127460395370235e+03 1.380741740602038817e+03 1.640022649661250171e+03 2.168309891479530506e+03 1.284287046371487349e+03 2.127019076219722592e+03 1.745744842378491057e+03 1.692466654841755826e+03 1.952917032847984501e+03 1.349442224669442567e+03 1.512873771538553456e+03 2.334529835436240319e+03 1.771092313816212027e+03 2.001611577842518045e+03 1.527608461128126237e+03 1.736183238672086873e+03 1.687106575091383547e+03 1.389706646732257241e+03 1.320476956121919784e+03 2.232924381451302452e+03 1.336353306596195353e+03 1.317326390451673888e+03
3.547058823529411598e+02 1.219696997343020939e+03 1.367255901868314595e+03 1.206028044163106415e+03 1.081826993870490469e+03 1.114978174875315972e+03 1.291173057457055620e+03 9.090660108698300519e+02 1.377833997207653510e+03 1.095709847629703518e+03 1.355572967173860889e+03 1.429321679348113548e+03 1.101340434296382455e+03 1.776339417544056005e+03 1.259258101468790983e+03 1.476514834343213579e+03 1.778424679766868621e+03 1.835169694636965460e+03 1.311250466531868142e+03 1.821845747948050757e+03 1.142247029214610393e+03 1.219345134493297337e+03 1.923984569185430701e+03 1.493195944382648349e+03 1.098297854393450962e+03 1.446778101905797257e+03 1.180153782838618554e+03 1.441144721093162389e+03 1.343138705259194012e+03 1.752619572860521657e+03 1.826963857206173770e+03 8.839856544118231341e+02 1.014498221743823137e+03 1.223694157831016128e+03 1.621662897756215443e+03 1.438833941750897566e+03 1.455104469968981903e+03 1.893393252388235396e+03 1.477923089042792299e+03 1.188451433319467924e+03 1.107747255011075367e+03 1.238530201479850348e+03 1.780014802584018071e+03 1.980031678884594385e+03 1.332375012341288084e+03 1.238634071777728650e+03 1.786988817945961500e+03 1.483973574865015053e+03 1.064117298629103971e+03 1.293472646144197142e+03 1.344208344444804197e+03 1.502845673100553086e+03 1.545418651724524125e+03 1.299226168327166306e+03 1.538494051343849378e+03 1.740509779641501382e+03 1.102567847185027404e+03 1.292168507899783435e+03 1.396186492835665376e+03 1.160408451175867867e+03 1.397714408959663842e+03 1.439466696761355706e+03 1.737584674618922918e+03 1.148430990379070181e+03 1.108331155783458826e+03 1.455747843590551156e+03 9.956496735778945322e+02 1.106032379780159317e+03 1.482153990098140412e+03 9.658631166707937155e+02 1.467814374715234180e+03 1.085295336140141444e+03 1.239488775517196927e+03 1.295136281110597110e+03 1.954157705565858350e+03 1.529673715788654590e+03 1.835705250779669768e+03 1.248037620707318865e+03 1.161782053369179948e+03 1.460057638556750817e+03 1.721719523770945671e+03 1.962618806872062805e+03 1.725217126438943751e+03 1.590356506605127834e+03 1.058695041306824805e+03 1.496333565069945280e+03 1.273644397851080384e+03 1.838914603294443168e+03 1.450335811769612064e+03 1.944088583968336252e+03 1.254105687946536591e+03 1.471596574542723147e+03 1.997507347895207886e+03 1.168458185967394684e+03 1.961762814935660799e+03 1.616232386902301187e+03 1.560192992864378311e+03 1.781483181367793122e+03 1.213582424706151869e+03 1.368487378520296261e+03 2.147961070646784265e+03 1.620388284910409311e+03 1.837072734329786044e+03 1.398547362995649564e+03 1.596590982961454756e+03 1.576136042056811448e+03 1.260758891355462310e+03 1.197937612054007332e+03 2.044386059781111953e+03 1.212925331488555457e+03 1.195144660994480773e+03
3.555882352941176805e+02 1.103141530686722717e+03 1.234362093308441899e+03 1.088067920755776413e+03 9.869161126097912984e+02 1.013366211178522235e+03 1.167369349404280911e+03 8.160490390637323799e+02 1.247255352649356837e+03 9.931697406106359267e+02 1.232977505133102113e+03 1.301327745589517690e+03 1.000810250610429648e+03 1.619888112856309135e+03 1.158744485493092270e+03 1.372548129701093785e+03 1.625046536323487089e+03 1.703457435313542192e+03 1.206287862789059091e+03 1.690389440900350110e+03 1.035100442991423506e+03 1.109706620279766184e+03 1.756969340738396113e+03 1.381723916983868321e+03 9.962603000357260044e+02 1.302260939042039581e+03 1.066163879667451965e+03 1.302094775202499932e+03 1.225110223628376616e+03 1.600724176988986756e+03 1.696881375055233320e+03 7.933179760476315323e+02 9.141629966677726316e+02 1.117868787371152621e+03 1.478561920022354570e+03 1.311379807583449519e+03 1.330574913834486779e+03 1.731553000130153123e+03 1.359838878412853319e+03 1.072515438860792528e+03 1.004254686325360353e+03 1.130786000830364401e+03 1.629178223468227543e+03 1.811169702013543656e+03 1.213103292237672576e+03 1.125659879951193489e+03 1.623264152464792687e+03 1.330941972087468457e+03 9.719606027644188089e+02 1.183282243208180489e+03 1.233548895524518684e+03 1.364663467440443355e+03 1.394082996053272836e+03 1.168090231615908124e+03 1.387224610776224154e+03 1.609461343226723557e+03 1.003700664207618274e+03 1.169051327912666920e+03 1.288974094183881789e+03 1.059648185434547258e+03 1.273752444668184580e+03 1.326512213821905334e+03 1.558125142702752555e+03 1.035254183112911505e+03 1.010555938472855473e+03 1.321268923890227143e+03 9.069099716038068664e+02 1.008138355667555288e+03 1.368122096757324925e+03 8.779908600300780108e+02 1.336521599803354775e+03 9.890410322286571727e+02 1.123018915409251349e+03 1.173268584079875382e+03 1.801584606457840437e+03 1.403684739741689555e+03 1.688500097170189974e+03 1.139021475918483929e+03 1.044135979360307147e+03 1.329189489196072600e+03 1.566841138417779121e+03 1.797520633787145243e+03 1.546435919505583342e+03 1.462584147126470498e+03 9.547807081980549810e+02 1.350747317170121732e+03 1.151621100061765219e+03 1.669376430962206541e+03 1.319580618259746871e+03 1.785528292349994445e+03 1.134376821448374812e+03 1.314172677396177505e+03 1.831043710507615060e+03 1.058411099448799405e+03 1.800299750282769764e+03 1.489159955278111738e+03 1.431654581037657636e+03 1.617133456520659138e+03 1.086300101629282153e+03 1.232572944013533061e+03 1.966504025164571885e+03 1.477070128395199163e+03 1.677687965547787826e+03 1.274422426571131609e+03 1.461342714296468785e+03 1.466258546469745170e+03 1.138995817326863062e+03 1.081661318426234629e+03 1.862530521007849529e+03 1.096118160940505277e+03 1.079207534411151983e+03
3.564705882352941444e+02 9.934501911780756700e+02 1.109621329948433186e+03 9.771141229631202805e+02 8.965938442750954209e+02 9.173461210714579011e+02 1.051126098267250654e+03 7.291996937934516154e+02 1.123614418858342560e+03 8.960551035536545896e+02 1.116131164239470536e+03 1.179062938837129877e+03 9.052814178294431713e+02 1.470111714970818184e+03 1.061180578488146693e+03 1.270341768108421320e+03 1.477783744656079080e+03 1.573961929847772581e+03 1.104429107760081706e+03 1.561233284391719735e+03 9.336135132359346471e+02 1.005579085202383567e+03 1.596688772426530477e+03 1.272803521601386819e+03 8.993626739722415095e+02 1.167369297494014290e+03 9.586878011481319390e+02 1.171036276509517620e+03 1.112346643189601082e+03 1.454990145961569624e+03 1.568881410031423684e+03 7.087149787701611103e+02 8.199523760931336938e+02 1.016386717220233436e+03 1.341483835866764593e+03 1.189716435750431401e+03 1.211133495650874465e+03 1.575807395308951300e+03 1.245515654392257829e+03 9.637707513739067053e+02 9.061535566969517959e+02 1.027553995045590682e+03 1.483989911522786997e+03 1.648564128605586802e+03 1.099209229925470709e+03 1.018236604540938970e+03 1.467460707281252553e+03 1.189009057974084953e+03 8.838232333518762971e+02 1.077431847777758549e+03 1.126611685931797865e+03 1.233246728793180182e+03 1.251449282338480998e+03 1.045546044091551721e+03 1.244738610201452502e+03 1.481514850071364435e+03 9.096464008291009122e+02 1.052865001462676901e+03 1.184966866155161824e+03 9.631564753567669186e+02 1.155475561471255560e+03 1.216530659207409826e+03 1.390655804892895731e+03 9.288758283061010843e+02 9.169445446814133902e+02 1.193515219732957121e+03 8.222303411540527804e+02 9.144567983195005354e+02 1.256821262296220993e+03 7.945798638712241200e+02 1.211261404047997985e+03 8.969408162436590146e+02 1.012830904901603276e+03 1.057992311165613728e+03 1.653334393741300801e+03 1.281827396023671781e+03 1.545623938456991254e+03 1.034689226729765096e+03 9.342314389803055974e+02 1.204377030849883795e+03 1.418995520950483979e+03 1.638250943809603086e+03 1.379701641663723194e+03 1.338641027382808488e+03 8.571882815267464366e+02 1.214344679423276830e+03 1.037134569342131272e+03 1.508143753561500489e+03 1.194964904104190509e+03 1.631815544772097837e+03 1.021967159644968660e+03 1.168136476830223728e+03 1.670255345929881742e+03 9.546388670750802703e+02 1.643996335861359739e+03 1.365622895981590091e+03 1.307755220079239507e+03 1.460894641397100941e+03 9.679427755151228894e+02 1.105536898914421272e+03 1.791591952689515438e+03 1.341654188987719408e+03 1.524654834580412853e+03 1.155998266088163973e+03 1.331426496948498425e+03 1.358369869056918333e+03 1.024836522196793339e+03 9.722014450940998813e+02 1.688637655785612196e+03 9.863941370140507843e+02 9.700428895674518799e+02
3.573529411764706083e+02 8.910105403467817951e+02 9.934480690240768581e+02 8.735449378988479339e+02 8.112761334951956087e+02 8.272814932713010876e+02 9.428141409967834079e+02 6.487192570640384019e+02 1.007438380177517047e+03 8.047828450544566294e+02 1.005654638577690321e+03 1.063197603047516168e+03 8.151890717006921250e+02 1.327879654138602973e+03 9.672879797184810968e+02 1.170622048898148478e+03 1.337547553271530887e+03 1.447740856445142526e+03 1.006429931113050202e+03 1.435424085274771187e+03 8.382214562374111892e+02 9.074102338681760784e+02 1.444128918460517525e+03 1.167215719266386941e+03 8.080499135442918259e+02 1.042324600912467986e+03 8.581188979831734969e+02 1.048444860141865092e+03 1.005433441140381433e+03 1.316288584412356840e+03 1.444010777836159150e+03 6.303641930916759293e+02 7.321653071563625872e+02 9.198362773440634328e+02 1.211246566155050914e+03 1.074470194493827194e+03 1.097507628293336211e+03 1.427199417153479772e+03 1.135696606154112487e+03 8.625466606709330790e+02 8.138772448510910635e+02 9.294053663238374838e+02 1.345401311942083566e+03 1.493317970665608073e+03 9.913349025828323420e+02 9.168906001482605461e+02 1.320371854743465519e+03 1.058292526591240858e+03 8.001661882645705646e+02 9.765772078396317966e+02 1.024127567190849959e+03 1.109246649012963644e+03 1.118046869005894223e+03 9.318492382793380102e+02 1.111553712645045835e+03 1.357699054376657386e+03 8.208566175213044289e+02 9.440346153356557579e+02 1.084816653692517548e+03 8.714684817977286002e+02 1.043483863415984388e+03 1.110368996660072980e+03 1.235530300966374398e+03 8.296353099566371156e+02 8.280340613969600554e+02 1.073093922753761717e+03 7.420102810694324944e+02 8.255198136723662401e+02 1.149151163561357635e+03 7.159612234222125835e+02 1.092695705541950701e+03 8.095181911759136710e+02 9.093991745523834425e+02 9.497954794251285193e+02 1.510438755722095721e+03 1.164974046053222310e+03 1.408165064342255164e+03 9.356269800406139439e+02 8.323025690151324625e+02 1.086274191893228135e+03 1.279011544971574040e+03 1.485929845635742822e+03 1.225349623848868760e+03 1.219451724043990907e+03 7.662027330851395845e+02 1.087411020968434514e+03 9.304374312778012381e+02 1.356041213313569642e+03 1.077131910606484098e+03 1.484114856790504291e+03 9.171385321691871013e+02 1.033650766965925186e+03 1.516268552626410383e+03 8.574926014314613667e+02 1.494009325881812401e+03 1.246560372580592457e+03 1.189251105267496769e+03 1.313558324055532012e+03 8.586810465855144230e+02 9.876094936773971540e+02 1.624420085747333360e+03 1.214496176946330252e+03 1.378944740635569815e+03 1.043878248463733598e+03 1.207649121233659343e+03 1.253270540526847071e+03 9.185466562263075048e+02 8.699483667016718300e+02 1.523728134788829948e+03 8.840647472407907799e+02 8.680180557389443265e+02
3.582352941176470722e+02 7.960708995870528497e+02 8.860979641588270397e+02 7.775884108049602901e+02 7.312800660736598957e+02 7.434274102548669134e+02 8.426636954110937268e+02 5.746969942201873209e+02 8.990834774334769008e+02 7.196426385161884127e+02 9.020064965784874857e+02 9.542303037114470499e+02 7.308419980936755564e+02 1.193856199209324359e+03 8.776719666478505815e+02 1.074045899487627139e+03 1.205041722567497345e+03 1.325711140021380970e+03 9.129234323541783169e+02 1.313867813742873295e+03 7.492243061601185445e+02 8.155179781733355640e+02 1.300053942678873682e+03 1.065637821323907929e+03 7.226336322938368539e+02 9.271851681301061490e+02 7.647055682713889837e+02 9.346146633162589978e+02 9.048096257625509224e+02 1.185297025085715404e+03 1.323180705390649109e+03 5.583451793771695293e+02 6.509780151905944194e+02 8.286839400570651151e+02 1.088474724516025844e+03 9.661071957874987675e+02 9.902740810490063268e+02 1.286559343984189354e+03 1.030994635190234931e+03 7.690352336944597482e+02 7.277315623511354943e+02 8.367797379402078377e+02 1.214162860950870254e+03 1.346308665365716251e+03 8.899689961607896294e+02 8.220032854318903901e+02 1.182563596515510426e+03 9.387490030757993509e+02 7.213485965897848473e+02 8.812437100771066980e+02 9.266986351899954570e+02 9.931273722584139705e+02 9.942029422062068988e+02 8.270968064292218287e+02 9.879854430726562668e+02 1.238901093473885112e+03 7.376667552897326914e+02 8.428286530389923428e+02 9.890665963713997826e+02 7.850034117019863515e+02 9.382210617769013652e+02 1.008740853223857926e+03 1.092871701966902720e+03 7.377249082573230226e+02 7.442339679157676073e+02 9.604299532704811782e+02 6.665517593168889334e+02 7.417315736590376218e+02 1.045872584743924563e+03 6.423691552434589767e+02 9.813120804879609977e+02 7.271704996125409934e+02 8.130535042021377876e+02 8.490116054562483896e+02 1.373764695178553666e+03 1.053839039413573346e+03 1.277026801777518131e+03 8.422909852620778111e+02 7.384401189353687869e+02 9.753612006253244999e+02 1.147509610159124577e+03 1.341456537448873632e+03 1.083486639455476507e+03 1.105780056265691883e+03 6.819803663011275603e+02 9.700637056136605452e+02 8.316473368039211209e+02 1.213661698016104538e+03 9.665506631707280576e+02 1.343382985565729314e+03 8.200184904493708018e+02 9.106851730438110053e+02 1.369996674256439064e+03 7.671939062390365507e+02 1.351283313748164119e+03 1.132753349720658207e+03 1.076749301422668168e+03 1.175693722912865724e+03 7.585311555723842503e+02 8.788657309244462112e+02 1.465945818990549697e+03 1.095807143148353589e+03 1.241309211499633420e+03 9.385101993694690918e+02 1.090641473587551218e+03 1.151659310193069132e+03 8.202557016675158366e+02 7.751440085064446066e+02 1.368573611451041188e+03 7.893060655379717900e+02 7.733531292784174411e+02
3.591176470588235361e+02 7.087579308417739412e+02 7.876892200147233325e+02 6.893397170609744080e+02 6.568314039656088426e+02 6.659430493079811413e+02 7.507840470482503861e+02 5.071254333761441444e+02 7.987485776560811246e+02 6.408078294682127307e+02 8.054946794773678675e+02 8.524981529757753833e+02 6.524319564860144283e+02 1.068510690372088447e+03 7.928212034922106568e+02 9.811876985497173109e+02 1.080773223535505394e+03 1.208644005614928119e+03 8.244201040847301556e+02 1.197324894187384643e+03 6.667982330592582230e+02 7.301023169540702611e+02 1.165016156314532054e+03 9.686370801225036757e+02 6.433014233678652545e+02 8.218710219413989080e+02 6.785658962281420372e+02 8.296784540278129043e+02 8.107761629105896191e+02 1.062506903904596584e+03 1.207161160016541999e+03 4.926445714406319212e+02 5.764580536105812598e+02 7.432776121525110966e+02 9.736091244068194328e+02 8.649432204833108244e+02 8.898668062298370387e+02 1.154512727024303786e+03 9.318922266872938280e+02 6.833103586757064249e+02 6.479045029421901063e+02 7.499899984376447719e+02 1.090833248639838075e+03 1.208196618346912601e+03 7.954559426371769177e+02 7.338227139982573135e+02 1.054392476730966564e+03 8.302035853900857774e+02 6.476323952760050133e+02 7.918309139110026535e+02 8.347991717319579266e+02 8.851803362521073950e+02 8.800620653436587872e+02 7.312491340263703705e+02 8.741672227332500142e+02 1.125865716446194938e+03 6.603052483258122720e+02 7.493756744075343477e+02 8.981510046553747770e+02 7.040689635229092573e+02 8.399846758092609207e+02 9.122252402493941190e+02 9.626046541963316940e+02 6.532069844261369553e+02 6.658318016676200841e+02 8.557806158575669997e+02 5.960610368639304397e+02 6.633741477874843895e+02 9.476072304799204176e+02 5.739473390593013846e+02 8.774358690844862849e+02 6.501746598994151327e+02 7.239925620586805053e+02 7.558346187586561200e+02 1.244011994746120308e+03 9.489817121080288871e+02 1.152930165407434288e+03 7.550137600031575857e+02 6.526118810588750421e+02 8.719568612528065614e+02 1.024915245641444244e+03 1.205517237437143876e+03 9.540233643323084607e+02 9.982320677269315183e+02 6.045642702669532582e+02 8.622754211473328496e+02 7.407651423064530718e+02 1.081384619717348187e+03 8.635286404261341886e+02 1.210372541747593914e+03 7.306180886187520400e+02 7.990472187966108777e+02 1.232144432097441040e+03 6.838496338008482098e+02 1.216555415993870156e+03 1.024827482129640202e+03 9.707112994510953285e+02 1.047665518642490042e+03 6.673788706230859589e+02 7.792478842467252207e+02 1.316896381388720783e+03 9.856715930899208615e+02 1.112291550041938763e+03 8.401963025978201358e+02 9.808686637517831741e+02 1.054130629026531551e+03 7.299760475230973498e+02 6.878990494378294898e+02 1.223712953644786921e+03 7.021762154857361793e+02 6.861370489335091634e+02
3.600000000000000000e+02 6.290958484169276517e+02 6.982255519084867501e+02 6.087802554049036416e+02 5.880744552129684735e+02 5.949058857774751914e+02 6.671845500734964389e+02 4.459167537614761159e+02 7.064918567333401143e+02 5.683486570061651264e+02 7.162911816804393084e+02 7.581903748572160566e+02 5.800454659000956781e+02 9.521324815413289571e+02 7.131115336947201513e+02 8.925312337481988152e+02 9.650671960468745283e+02 1.097164911634723239e+03 7.413120165265613650e+02 1.086410229360573339e+03 5.910093250502351339e+02 6.512592255795235587e+02 1.039371170236800253e+03 8.766688431637040821e+02 5.701287243986489557e+02 7.261893536491647865e+02 5.997043809739585640e+02 7.336297429946233706e+02 7.235075664606813461e+02 9.482358163680695498e+02 1.096580094528239670e+03 4.331721621522386272e+02 5.085800765206943765e+02 6.638537485855497380e+02 8.669205885662009905e+02 7.711568801577052454e+02 7.965885396032683730e+02 1.031493887020572629e+03 8.387456276773855279e+02 6.053480672139701255e+02 5.744786588563106307e+02 6.692305181964668463e+02 9.757931188633745023e+02 1.079439300657357308e+03 7.080086634827267744e+02 6.524778322583154022e+02 9.360269660879974936e+02 7.323792410480485842e+02 5.791898138304802615e+02 7.086208698790475182e+02 7.487809534846660426e+02 7.855418442437703561e+02 7.756087256694611369e+02 6.441529742776075409e+02 7.700731443002871401e+02 1.019199393385464418e+03 5.889049974351622723e+02 6.636828092566555597e+02 8.123987281454152480e+02 6.288689847779429556e+02 7.489392786461310152e+02 8.212697291908644956e+02 8.444887401000625005e+02 5.760326063097156748e+02 5.930019039766502829e+02 7.592531575695103356e+02 5.306537819116939545e+02 5.906163894937507166e+02 8.548419819237718684e+02 5.107574269378575309e+02 7.812455086384044307e+02 5.786959374985003706e+02 6.422999810339563282e+02 6.703361911494893093e+02 1.121716538308177860e+03 8.508139137641114758e+02 1.036421934818919908e+03 6.740135308864560102e+02 5.746839594205920321e+02 7.762339625860184924e+02 9.114769122285157437e+02 1.078598625010445858e+03 8.367078334160597706e+02 8.972634552582827610e+02 5.339011484329075756e+02 7.638983038857547854e+02 6.576940965069898084e+02 9.593982088743275654e+02 7.682274914527390592e+02 1.085641538371573688e+03 6.488506625862423789e+02 6.984136425846885459e+02 1.103218471705043157e+03 6.074682527981726707e+02 1.090365673611477860e+03 9.232603321694365377e+02 8.714607443680830556e+02 9.296555393136393377e+02 5.850038984147334986e+02 6.885887007533110591e+02 1.177782755315271288e+03 8.840666262617131679e+02 9.922430536598808430e+02 7.491061979459791473e+02 8.786436813985610570e+02 9.611754163161702991e+02 6.476230181312718059e+02 6.082118197708080061e+02 1.089473298576452862e+03 6.226341469454299613e+02 6.063454872404493017e+02
3.608823529411764639e+02 5.570265245784208901e+02 6.176199310728734417e+02 5.357976648145581748e+02 5.250836561355165486e+02 5.303269027081739750e+02 5.917962661271753859e+02 3.909196276848013554e+02 6.222495536784191472e+02 5.022470689454656281e+02 6.344489154906492558e+02 6.713643205161122296e+02 5.136772729337958481e+02 8.448494222235887037e+02 6.388131709357187447e+02 8.084662577179198024e+02 8.580851149096338304e+02 9.917576216017801016e+02 6.638805606884390045e+02 9.815974929268666074e+02 5.218290292306788842e+02 5.789958240605303672e+02 9.232968051159385823e+02 7.900787404328691537e+02 5.030924599985578425e+02 6.398597256688440211e+02 5.280299274262988547e+02 6.463459126930420098e+02 6.430657577527287003e+02 8.426436640232120681e+02 9.919267748775060909e+02 3.797773871036444575e+02 4.472425814678774714e+02 5.905475548962075436e+02 7.685269583899766985e+02 6.848051817436513602e+02 7.106252179173400236e+02 9.177636705005885460e+02 7.517925443205518832e+02 5.350473839968743732e+02 5.074454848361202153e+02 5.945878686444294772e+02 8.692620640041159277e+02 9.603097823015004906e+02 6.277239748047906005e+02 5.779945524760582884e+02 8.274712813487409448e+02 6.449253829098779534e+02 5.161130372181764869e+02 6.317893765026005894e+02 6.688820137979195124e+02 6.942127398856482614e+02 6.806915382722044114e+02 5.655646584645187431e+02 6.755424583310261823e+02 9.193785166019342796e+02 5.235165601902039043e+02 5.856553097305635447e+02 7.320393986200090239e+02 5.595136507805709698e+02 6.651319389718427146e+02 7.361974849228494122e+02 7.381518136639457452e+02 5.060608769851669422e+02 5.258164578929062145e+02 6.708242294346960080e+02 4.703626756608746859e+02 5.235251174463847974e+02 7.679366849209043266e+02 4.527891092315068704e+02 6.927900595693093919e+02 5.127989800464553127e+02 5.679621513366016643e+02 5.924846636024723239e+02 1.007258483622354561e+03 7.596112994229048354e+02 9.278873083151544279e+02 5.994062495801001660e+02 5.044421567959283266e+02 6.882368855597876518e+02 8.072868513269526147e+02 9.610056669022916367e+02 7.311588211036080338e+02 8.031907431840927529e+02 4.698588407925176398e+02 6.746881441951070428e+02 5.822593122402217887e+02 8.477243054726852733e+02 6.806808969645716161e+02 9.695677289575619398e+02 5.745509482130851211e+02 6.083610697376135477e+02 9.835427796602407398e+02 5.379771037820950141e+02 9.730723213778499030e+02 8.283920889725918641e+02 7.791943983348154461e+02 8.216869613914975616e+02 5.111040112842721896e+02 6.066345547322122229e+02 1.048918431880589196e+03 7.908816516635657763e+02 8.813424483664181253e+02 6.652924270604352159e+02 7.841439450817564421e+02 8.731849737614393234e+02 5.730351670239643909e+02 5.359881405904897065e+02 9.659945189301770370e+02 5.505589629921416872e+02 5.338597497226422774e+02
3.617647058823529278e+02 4.924297987346618584e+02 5.457183527475966685e+02 4.702060585859348976e+02 4.678763133166752937e+02 4.721662662054735620e+02 5.244935658082675900e+02 3.419359614011494841e+02 5.458558614198523173e+02 4.424124576480660949e+02 5.599199962833594100e+02 5.919630138886368513e+02 4.532448434496098457e+02 7.466486635295194674e+02 5.701005645226491652e+02 7.292889141166593845e+02 7.598450662184677640e+02 8.927716925947599975e+02 5.923069431653764241e+02 8.832267319316841849e+02 4.591505368288222257e+02 5.132462806968067071e+02 8.168147990247070993e+02 7.091081149802319032e+02 4.420857350168128619e+02 5.625384367274762099e+02 4.633743856661221798e+02 5.676115948934454991e+02 5.694154752839388038e+02 7.457513269818457502e+02 8.935586085489991319e+02 3.322656964579423402e+02 3.922849973837550124e+02 5.234054688847141961e+02 6.784123392885768453e+02 6.058406278142909969e+02 6.320624410704868978e+02 8.134302990931204249e+02 6.711624971290635813e+02 4.722511007783077730e+02 4.467207219214478755e+02 5.260533317985946269e+02 7.713180275025663377e+02 8.509183893169691828e+02 5.545998252716535717e+02 5.103129405925134279e+02 7.285904864797530536e+02 5.674449247838408610e+02 4.584254268273206776e+02 5.614194308226113890e+02 5.952381583373925196e+02 6.110793567613742425e+02 5.950481740188283766e+02 4.951728042893766428e+02 5.903046872228891289e+02 8.267610253472490740e+02 4.641224308121870763e+02 5.151164441823375455e+02 6.572118847012305878e+02 4.960315098804877039e+02 5.885090898721194890e+02 6.572173220014809658e+02 6.431223860875106766e+02 4.430783133326098664e+02 4.642581190292039537e+02 5.903604027710479158e+02 4.151467969466304453e+02 4.620778395387209798e+02 6.871348999092861050e+02 3.999712276774064321e+02 6.120081254775527668e+02 4.524603900868837059e+02 5.008869515425535042e+02 5.221647746601111066e+02 9.008743151490199352e+02 6.755274655857265316e+02 8.275658870786526222e+02 5.312194572966670876e+02 4.416128973336529953e+02 6.079005642065446864e+02 7.123037897377786294e+02 8.528825123507946273e+02 6.368982255089349565e+02 7.162052706497728423e+02 4.122439247740288693e+02 5.943279677482954639e+02 5.142269723689156535e+02 7.462448129200409994e+02 6.008137261945161072e+02 8.623665168604554765e+02 5.074939741541948592e+02 5.283953007447174741e+02 8.732777177741369314e+02 4.752399303310070309e+02 8.648705108509418551e+02 7.404389452170228196e+02 6.939955396495441846e+02 7.236500208816695476e+02 4.453183001646010553e+02 5.330679338217372560e+02 9.304417408321285166e+02 7.059378894707114114e+02 7.796175876444065125e+02 5.887073764273006873e+02 6.974296831816241138e+02 7.904572070253843776e+02 5.059942825221256726e+02 4.710613910144451211e+02 8.532559350986217623e+02 4.857692103269026802e+02 4.684859839803253863e+02
3.626470588235293917e+02 4.351434581337121585e+02 4.823229746023484381e+02 4.117659197419337715e+02 4.164259892495908275e+02 4.203490020987057392e+02 4.651151437479219339e+02 2.987371118088906314e+02 4.770631603715096389e+02 3.886977254537012527e+02 4.925747030558715096e+02 5.198335057839794899e+02 3.986032898041357839e+02 6.573989182426912521e+02 5.070642687677102458e+02 6.552053892704074087e+02 6.702433212734059680e+02 8.004327597981500730e+02 5.266847474401679392e+02 7.915147500636135192e+02 4.028054935216077297e+02 4.538879436731550072e+02 7.198140898125164995e+02 6.339020854272217775e+02 3.869329520104091102e+02 4.938415568552435957e+02 4.055110064412461384e+02 4.971416245841930390e+02 5.024405230118690042e+02 6.574611028145701539e+02 8.017107617601668608e+02 2.904143717555480180e+02 3.435045895539362277e+02 4.623992132515998037e+02 5.964476060905769828e+02 5.341291539270342810e+02 5.609032239039640899e+02 7.184722582785110490e+02 5.968891408877934737e+02 4.167659593928309505e+02 3.921603312987208483e+02 4.635365351435171419e+02 6.819182040352577587e+02 7.512365113842189430e+02 4.885536105080936977e+02 4.493048607913306114e+02 6.391359783266616432e+02 4.995193688183688892e+02 4.060937753335504112e+02 4.975161491494131383e+02 5.278964310841461156e+02 5.359349127145608236e+02 5.183301255391387485e+02 4.326200212548815784e+02 5.140045157662776774e+02 7.416006525957094482e+02 4.106518856834538838e+02 4.518271402699899681e+02 5.879743778168376593e+02 4.383827660587663786e+02 5.189341087209135139e+02 5.844360668422990557e+02 5.588603594354626694e+02 3.868177541163165074e+02 4.082335693962628511e+02 5.176389592960996424e+02 3.649021531973461947e+02 4.061764024357590870e+02 6.125768318130999432e+02 3.521834466937343677e+02 5.387474068482517850e+02 3.975822045918532126e+02 4.409227243295158019e+02 4.591975166153778218e+02 8.026718001734797099e+02 5.986101150804898907e+02 7.355702618624150091e+02 4.694073348678786033e+02 3.858832217292978157e+02 5.350700407871352127e+02 6.263767174950874050e+02 7.542355950991396867e+02 5.533817218473847106e+02 6.363892079842139538e+02 3.608189351784167798e+02 5.224504756083296115e+02 4.533228184467285473e+02 6.547286219606903614e+02 5.284617428615925974e+02 7.641114961997870978e+02 4.474132728760538953e+02 4.579786391762718836e+02 7.724416506316001687e+02 4.190742115176248603e+02 7.658135616838412716e+02 6.595084938024398298e+02 6.158489986207243874e+02 6.353282552392469142e+02 3.872490746113957130e+02 4.675287906686905330e+02 8.223405342980361183e+02 6.290073322780650642e+02 6.869684989909679871e+02 5.192210009301204536e+02 6.184634616483064065e+02 7.132048835623835430e+02 4.462446370760259242e+02 4.132122602982941544e+02 7.511041740928919808e+02 4.280416433564472527e+02 4.099741189336764933e+02
3.635294117647058556e+02 3.849824422547039831e+02 4.272141131894470050e+02 3.602031848692989797e+02 3.706761017800431546e+02 3.747802695674961910e+02 4.134840130568571226e+02 2.610792105477397058e+02 4.155619508660152519e+02 3.409151909150932624e+02 4.322204749586198886e+02 4.547453673260773712e+02 3.495602565327164371e+02 5.768732296303951443e+02 4.497241815657030770e+02 5.863381165247176341e+02 5.890763547917312053e+02 7.148548428991223318e+02 4.670339096847725386e+02 7.065675286055387687e+02 3.525805242879458774e+02 4.007572657511478269e+02 6.320748297641168847e+02 5.645196026696761464e+02 3.374048260689968970e+02 4.333662656424867805e+02 3.541723430887261088e+02 4.346030284871380331e+02 4.419602896477554737e+02 5.775779333909214301e+02 7.165078962977368064e+02 2.539874755804951860e+02 3.006727381436421638e+02 4.074407695927324653e+02 5.224113774384049975e+02 4.694682557300026247e+02 4.970863558942535292e+02 6.327622649833292598e+02 5.289238568435577008e+02 3.683818458783713368e+02 3.435764187655119031e+02 4.068796125864323017e+02 6.009206175372401049e+02 6.611214651334446444e+02 4.294408881088709222e+02 3.947915575692781545e+02 5.587705829240428557e+02 4.407316109931030610e+02 3.590411060197850475e+02 4.400225175222669236e+02 4.668298786748949851e+02 4.685006862734315973e+02 4.501266206137978543e+02 3.775231950662820850e+02 4.462257904789116765e+02 6.640630448776444155e+02 3.629959154190192407e+02 3.955049172955097561e+02 5.243155744384076797e+02 3.864732477557934089e+02 4.562050213476192653e+02 5.178725464399997236e+02 4.847855280024530202e+02 3.369764004133867843e+02 3.575874617112809801e+02 4.523683295805426496e+02 3.194727955249084062e+02 3.556609826746138765e+02 5.443137984417575126e+02 3.092680891443015412e+02 4.727842404816339581e+02 3.480057231091416270e+02 3.878769540491866792e+02 4.033595711166838100e+02 7.126469537339584122e+02 5.288184835946967723e+02 6.519061411164150286e+02 4.138663542232208101e+02 3.369195046806001415e+02 4.695199961477470083e+02 5.492688166737715392e+02 6.649577934265698786e+02 4.800271645816638397e+02 5.637328863829279726e+02 3.153188254149681597e+02 4.586589909825349309e+02 3.992495831734188982e+02 5.728582678208520065e+02 4.633912329259427452e+02 6.747565792507208471e+02 3.940180978822860425e+02 3.965548924471758596e+02 6.809340385606267319e+02 3.692678841388711248e+02 6.758357280341655269e+02 5.856164134058392392e+02 5.446571555829659701e+02 5.564244595496418242e+02 3.364820952502748241e+02 4.096344144822940052e+02 7.244781562274780526e+02 5.598307609085600234e+02 6.031908876478213415e+02 4.566387026764148800e+02 5.471301408945322464e+02 6.415653732048459688e+02 3.935111486708548227e+02 3.621876980887167861e+02 6.592812660890011784e+02 3.771290772235620921e+02 3.580360799392618105e+02
3.644117647058823195e+02 3.417569097633615343e+02 3.801706969627575177e+02 3.152271671608716019e+02 3.305533434506755270e+02 3.353599199128268538e+02 3.694261208895599111e+02 2.287173585789143431e+02 3.609999632706058037e+02 2.988519531545373411e+02 3.786204559266769252e+02 3.964087978071291332e+02 3.058903761644785959e+02 5.047715347728542383e+02 3.980435892670719227e+02 5.227339548809284224e+02 5.160626452670528579e+02 6.360541268028114246e+02 4.133154915320142209e+02 6.283940725038593200e+02 3.082331645376175970e+02 3.536652057788111847e+02 5.532922924079233553e+02 5.009449345005876353e+02 2.932328940991198465e+02 3.807102962356193530e+02 3.090672069354301925e+02 3.796356585867478088e+02 3.877460493450940362e+02 5.058306978888559229e+02 6.379774159199210999e+02 2.227496682720532419e+02 2.635502584378284041e+02 3.583977412762995414e+02 4.560107727308932795e+02 4.116048027533340132e+02 4.405047812809706897e+02 5.560914548730318074e+02 4.671500379262543561e+02 3.268896725632346829e+02 3.007527184692167452e+02 3.558714155106353019e+02 5.281056854504699913e+02 5.803415846284653981e+02 3.770739410523507331e+02 3.465607255018817909e+02 4.870926328961048739e+02 3.906862429041469227e+02 3.171596065499857673e+02 3.888353920386981599e+02 4.119529714851310018e+02 4.084464402739470756e+02 3.899871397347888546e+02 3.294921002918385966e+02 3.865140796199047486e+02 5.942430573484544993e+02 3.210218716723974808e+02 3.458417466329419767e+02 4.661664994876697392e+02 3.401685873926406884e+02 4.000718363608824006e+02 4.574725769277614518e+02 4.203035162689237723e+02 2.932326678529515789e+02 3.121162712885433734e+02 3.942076731220192869e+02 2.786620676381699013e+02 3.103239828375110960e+02 4.823236536565401025e+02 2.710418261247450573e+02 4.138426204969399009e+02 3.035252235740680362e+02 3.415341860912967036e+02 3.544018707761827045e+02 6.307022168090942387e+02 4.660413620621072823e+02 5.764933091307476616e+02 3.644510071825123987e+02 2.943846894983971652e+02 4.109737315215520539e+02 4.806808691739137203e+02 5.848528968166824598e+02 4.162403690531339180e+02 4.981527768889075674e+02 2.754663979770672313e+02 4.025466430162160805e+02 3.517031640347845496e+02 5.002556098655143160e+02 4.053180327830231136e+02 5.941588589431228229e+02 3.470093918793537568e+02 3.435717805568268091e+02 5.985591464971398636e+02 3.255951504140293764e+02 5.947755895106854496e+02 5.187038438987024165e+02 4.802563054681087351e+02 4.865856950586602352e+02 2.926049163305455068e+02 3.589976197583185922e+02 6.366197477702680771e+02 4.981346015301647299e+02 5.279994001814203557e+02 4.007188691316141558e+02 4.832566687703914567e+02 5.756114748089199793e+02 3.475162108536801497e+02 3.177187343829951374e+02 5.774521547521165985e+02 3.327770355859865958e+02 3.123629481042220277e+02
3.652941176470588402e+02 3.052888992324774335e+02 3.409888453890496294e+02 2.765470518330175196e+02 2.959806148325102413e+02 3.019960677628116059e+02 3.327873108526756596e+02 2.014184953608136937e+02 3.130000551350598812e+02 2.622843794666152348e+02 3.315111623193602668e+02 3.444919042114632362e+02 2.673489853630370590e+02 4.407424224868106535e+02 3.519435125657284971e+02 4.643737640052675033e+02 4.508637105638326261e+02 5.639636051219887349e+02 3.654467606757449403e+02 5.569211120022345085e+02 2.695068615346228285e+02 3.124118228655063945e+02 4.831000236043207110e+02 4.431000340704568998e+02 2.541231985010947199e+02 3.354893175112337644e+02 2.698963770466948517e+02 3.318711599313505758e+02 3.395366357741766024e+02 4.418929609694954479e+02 5.660636472214019932e+02 1.964787351718062496e+02 2.319015159265977388e+02 3.151086226330820637e+02 3.969014190241480833e+02 3.602521093429647294e+02 3.910234972445713879e+02 4.881930806000879670e+02 4.113975590629885346e+02 2.920977308075857195e+02 2.634592864555564233e+02 3.102613488958750736e+02 4.631972150850201047e+02 5.086008044478337524e+02 3.312397216039985324e+02 3.043827307236653610e+02 4.236585547776413136e+02 3.490272686377432478e+02 2.803233603553086368e+02 3.438212815917747776e+02 3.631371779078201030e+02 3.554096835878563070e+02 3.374421680485534125e+02 2.881461685270734279e+02 3.343974262353486893e+02 5.321825772714007599e+02 2.845874902366259107e+02 3.025205803852589383e+02 4.134125670853756560e+02 2.993081961879059918e+02 3.502531174081469771e+02 4.031243967392364311e+02 3.648288963958899558e+02 2.552616639936293268e+02 2.715816939173014362e+02 3.427852214323048656e+02 2.422436235616781346e+02 2.699234424190820505e+02 4.265266038982965711e+02 2.373069407488726483e+02 3.616122657152042166e+02 2.639012133857355025e+02 3.016728188386048828e+02 3.120669346500851589e+02 5.566651521043424964e+02 4.101151247906311141e+02 5.091866753715838740e+02 3.209891978410037154e+02 2.579538585244312117e+02 3.591211930361655504e+02 4.202736115153865057e+02 5.136596285836429843e+02 3.614380751399544351e+02 4.395095271418221614e+02 2.409865341668422047e+02 3.537136640993203400e+02 3.103873582404486910e+02 4.365060004266853753e+02 3.539255787202068859e+02 5.221014612147683920e+02 3.060943836762159549e+02 2.985006706848465114e+02 5.250495708762236973e+02 2.878311504845166837e+02 5.223993277233681738e+02 4.586549000918908519e+02 4.224329006218216591e+02 4.254268313769468364e+02 2.552232305141894813e+02 3.152431011699722490e+02 5.584580797899953950e+02 4.436464375142081735e+02 4.610500668100932558e+02 3.511896368673417328e+02 4.266312351037998951e+02 5.153629348378383384e+02 3.079950248836321975e+02 2.795368819638528635e+02 5.052309879870580858e+02 2.947389981376740593e+02 2.726408113240570970e+02
3.661764705882353041e+02 2.754273819681450277e+02 3.094983669179284220e+02 2.438867999099787482e+02 2.668891878942606581e+02 2.746174594096503938e+02 3.034484295321299214e+02 1.789728533197859122e+02 2.711766412633423897e+02 2.309915150307799081e+02 2.906189631658746748e+02 2.986368464926173942e+02 2.336849002046551789e+02 3.844036095199419947e+02 3.113169291423711229e+02 4.111828868967276662e+02 3.931039429190146848e+02 4.984481170894305251e+02 3.233161035624293618e+02 4.920081606080159986e+02 2.361448417520151679e+02 2.767998609274104069e+02 4.210917361035779436e+02 3.908573510209144501e+02 2.197689246335123983e+02 2.973522466963992201e+02 2.363668984955915278e+02 2.909500980741344165e+02 2.970532229909166517e+02 3.854026943859807943e+02 5.006424868700615889e+02 1.749767193675469912e+02 2.055071584684810091e+02 2.773976015256136520e+02 3.447062732058492998e+02 3.151059582974659747e+02 3.484965441450110575e+02 4.287651482833474574e+02 3.614570440770145865e+02 2.638463432226679402e+02 2.314661423987662658e+02 2.697725470899034690e+02 4.058823547219938064e+02 4.455621455084095714e+02 2.917168141552245970e+02 2.680257051468852296e+02 3.680036061945761503e+02 3.154531783022243872e+02 2.484005808619222933e+02 3.048314879803481290e+02 3.202262166773226113e+02 3.090134846664984707e+02 2.920219194703290100e+02 2.531293364288751206e+02 2.894050498879103088e+02 4.778882876154187329e+02 2.535540422204333595e+02 2.652303748035692479e+02 3.659055607377383126e+02 2.637187087412172559e+02 3.064515113141591200e+02 3.546740821781812087e+02 3.178054248396085200e+02 2.227491567041890619e+02 2.357233178864775311e+02 2.977151204923873706e+02 2.099719292939748243e+02 2.341956989731886836e+02 3.768009917516231440e+02 2.078619940520748059e+02 3.157654536896844775e+02 2.288729251184726934e+02 2.680805082839896158e+02 2.761047327178215482e+02 4.903070588915002759e+02 3.608412689954061534e+02 4.497968402386692333e+02 2.832969203835954772e+02 2.273281083333104107e+02 3.136357492909298230e+02 3.676885994408280567e+02 4.510746299215109616e+02 3.150679997275414053e+02 3.876255950972654887e+02 2.116191015151804038e+02 3.117827168228215555e+02 2.750271278799611991e+02 3.811805599732584255e+02 3.088816574478980215e+02 4.583157613268422779e+02 2.709997283594855730e+02 2.608536129380140096e+02 4.600889783201692467e+02 2.557653339820036820e+02 4.584232743833327390e+02 4.053138854850425332e+02 3.709392714105958930e+02 3.725522250531100781e+02 2.239751904001213916e+02 2.780219174145260013e+02 4.896382711788830875e+02 3.961091102865931930e+02 4.019614604995764466e+02 3.077646146765214326e+02 3.770213821105438683e+02 4.607983147141578115e+02 2.747093465598500188e+02 2.473889626476697856e+02 4.422057050770638966e+02 2.627901073147021975e+02 2.385651782330299966e+02
3.670588235294117680e+02 2.520615678223930729e+02 2.855770028767290682e+02 2.169983425765180982e+02 2.432298961126942345e+02 2.531844646488769683e+02 2.813384358515053236e+02 1.612039195422555338e+02 2.351504794753726628e+02 2.047672233782384126e+02 2.556751674195990915e+02 2.584746272728050940e+02 2.046521005610836994e+02 3.353608159296221629e+02 2.760425156198268724e+02 3.630421172958015745e+02 3.423889513829830662e+02 4.393193435647178262e+02 2.867974046939507957e+02 4.334625249219835155e+02 2.079026677752416674e+02 2.466471970477400362e+02 3.668415562104938203e+02 3.440527042752026432e+02 1.898618531982329785e+02 2.659944577466829969e+02 2.082048288649337735e+02 2.565371365660792549e+02 2.600129870867871773e+02 3.359806031234817851e+02 4.415360650494853871e+02 1.580795981276774569e+02 1.841753501227580898e+02 2.450886117246843696e+02 2.990329772605174412e+02 2.758593618641376679e+02 3.127827550698914933e+02 3.774915290517425888e+02 3.170935797493183372e+02 2.420206963890490783e+02 2.045556907818330501e+02 2.341141490547886690e+02 3.558301482998377310e+02 3.908696311554925273e+02 2.582911465030864520e+02 2.372693526641273536e+02 3.196605777353930762e+02 2.897294169654088591e+02 2.212651372214702690e+02 2.717162883037998995e+02 2.830506414843444531e+02 2.688826396680785820e+02 2.532729147024899135e+02 2.241229642499266959e+02 2.510838681806928605e+02 4.313488427502878721e+02 2.277984239382757892e+02 2.336795136864334665e+02 3.234752760569085694e+02 2.332266271315951087e+02 2.683680292074716363e+02 3.119405467567137293e+02 2.787233840998081291e+02 1.954039859989172498e+02 2.042703586446432382e+02 2.586126062328403350e+02 1.815920509794742088e+02 2.028671038051742812e+02 3.329986398469402502e+02 1.825117450039109315e+02 2.759724032659511295e+02 1.981698882821357302e+02 2.405679871049047449e+02 2.462869037476482106e+02 4.313610304737467231e+02 3.180030738904548002e+02 3.981096783754408079e+02 2.511919658013928256e+02 2.022467011397774286e+02 2.741895103409199237e+02 3.225672824262927065e+02 3.967739576095829079e+02 2.766260046843379428e+02 3.423020764499734128e+02 1.871305045311280253e+02 2.764122832727781542e+02 2.453803341578808670e+02 3.338562700024371566e+02 2.698536819023704538e+02 4.025024598616064964e+02 2.414831635315815959e+02 2.301977542416788651e+02 4.033335226677531864e+02 2.292134401639851831e+02 4.025352218444082268e+02 3.585018137073543016e+02 3.255085171770431316e+02 3.275752793379242576e+02 1.985437305473203367e+02 2.470241094765941625e+02 4.297808667834254379e+02 3.552933531400855713e+02 3.503342372923176526e+02 2.701573082920927504e+02 3.341908004700051720e+02 4.118668961291338633e+02 2.474595946862245626e+02 2.210502379070223640e+02 3.879605544053579251e+02 2.367392479422085501e+02 2.098538518738793925e+02
3.679411764705882888e+02 2.351323495662772984e+02 2.691623051689813337e+02 1.956730206059339423e+02 2.249831480961526893e+02 2.376985684872056197e+02 2.664453786714590819e+02 1.479768939639681378e+02 2.045617405229297106e+02 1.834309700886751955e+02 2.264295505330834430e+02 2.236383801256216657e+02 1.800202463604738341e+02 2.932247784498737246e+02 2.459976092763002953e+02 3.197987695162429986e+02 2.983221909337036095e+02 3.863503984033761185e+02 2.557635850325008846e+02 3.810538851926898474e+02 1.845593929892475842e+02 2.217980225944638448e+02 3.199223577726573922e+02 3.024978594524407640e+02 1.641025699903789246e+02 2.411689659457877326e+02 1.851663787286755962e+02 2.283342192164477922e+02 2.281415115005453345e+02 2.932468042380586439e+02 3.885270803763400522e+02 1.456654679239343579e+02 1.677514444166245084e+02 2.180183743874669915e+02 2.594895283976982228e+02 2.422158926717139877e+02 2.837599806404265905e+02 3.340612080327609874e+02 2.780596494001807741e+02 2.265617970808576160e+02 1.825337789692313208e+02 2.029925199637376068e+02 3.127084472038782792e+02 3.441682995049601459e+02 2.307702348348092301e+02 2.119173155790180374e+02 2.781763104339818824e+02 2.716982799005951392e+02 1.988071788880245379e+02 2.443378982218791577e+02 2.514414433996056744e+02 2.346580914989524160e+02 2.207723441132309006e+02 2.008568638329933265e+02 2.190128037767691183e+02 3.925510116836330212e+02 2.072240075574615048e+02 2.076075925465202090e+02 2.859406014261339237e+02 2.076699629137946204e+02 2.357149367351597107e+02 2.747298047809235868e+02 2.471341197584569898e+02 1.729689104230764656e+02 1.769523355856065336e+02 2.251074330176392380e+02 1.568485983529714076e+02 1.756646603753391389e+02 2.949594339918853052e+02 1.610762282156685785e+02 2.419150775141411032e+02 1.715224240765351738e+02 2.189811586459688044e+02 2.224191980263937296e+02 3.795390540271553732e+02 2.813810533771977589e+02 3.539045431004332158e+02 2.245064321878958822e+02 1.824975134203364178e+02 2.404670572544411584e+02 2.845680723803160959e+02 3.504327265533415812e+02 2.456704387542598909e+02 3.033343961372009403e+02 1.673238611483448324e+02 2.473081404131467025e+02 2.212479739248651356e+02 2.941337301694510415e+02 2.365223632537525589e+02 3.543511286049656519e+02 2.173437066558901734e+02 2.061672362601922828e+02 3.544315923574650355e+02 2.080280077595386388e+02 3.544141184326402367e+02 3.180319304517301475e+02 2.858683428549272776e+02 2.901356911871855573e+02 1.786669562251601917e+02 2.219894945638478134e+02 3.785028998206922211e+02 3.210089446729519977e+02 3.057688185381294375e+02 2.380941386440041470e+02 2.979145625383071092e+02 3.685003548113094212e+02 2.260953176874343740e+02 2.003357813066839128e+02 3.420962949990138782e+02 2.164394571016011639e+02 1.862582614076772529e+02
3.688235294117646959e+02 2.246418457087937952e+02 2.602611022111594252e+02 1.797512654661363740e+02 2.121676494938914175e+02 2.282102474292934176e+02 2.588251966386851564e+02 1.392056464764786483e+02 1.790813690717896236e+02 1.668371880310012330e+02 2.026622724719200050e+02 1.937751356108380776e+02 1.595840007978992787e+02 2.576263286453052501e+02 2.210701912381515797e+02 2.812775892432549085e+02 2.605197999454426281e+02 3.392897957853152775e+02 2.300990821946873837e+02 3.345282283050080991e+02 1.659272896861043307e+02 2.021327314682431791e+02 2.799220726697797090e+02 2.659926209274906910e+02 1.422094191950787376e+02 2.226956421674698277e+02 1.670474580430467881e+02 2.060917804986379736e+02 2.011838934751384045e+02 2.568357355980626267e+02 3.413725614348545037e+02 1.376612785885702976e+02 1.561260808853611763e+02 1.960483038661753596e+02 2.256982071253322033e+02 2.139015463374639410e+02 2.613376155551619604e+02 2.981854555469021193e+02 2.441071181275821687e+02 2.174754908805442994e+02 1.652393452456414309e+02 1.761213567658918748e+02 2.761990211079096866e+02 3.051220980399739915e+02 2.089958603544282596e+02 1.918080556371355954e+02 2.431260585909984400e+02 2.612863231292766955e+02 1.809427627526364120e+02 2.225820341314035318e+02 2.252424812468741493e+02 2.060096013915016897e+02 1.941403025794392079e+02 1.831185048033483440e+02 1.928149222196427388e+02 3.614944346239175275e+02 1.917701834453690140e+02 1.867955636502285017e+02 2.531199297541822943e+02 1.869087483327378152e+02 2.082272257271872604e+02 2.428482882674398127e+02 2.226619226895038537e+02 1.552299447308093931e+02 1.535086558407613495e+02 1.968555710732241550e+02 1.354937749816000974e+02 1.523255661713721452e+02 2.625249459867622477e+02 1.433989605761778705e+02 2.132993690956063517e+02 1.486710607786874334e+02 2.032114017127649106e+02 2.043521201041235145e+02 3.345479104036317608e+02 2.507670132391820061e+02 3.169708361329998070e+02 2.030978919094262949e+02 1.679258579628944119e+02 2.121775643674669709e+02 2.533813157029460967e+02 3.117426823367973157e+02 2.218338400953338123e+02 2.705266748628544633e+02 1.520478467094673363e+02 2.242330282191406639e+02 2.024829613141515097e+02 2.616525203169261431e+02 2.085937429360069189e+02 3.135579691408277654e+02 1.984304196475981428e+02 1.884727563822195577e+02 3.130416128248665473e+02 1.921074091381792641e+02 3.137479058948436546e+02 2.837240306473988198e+02 2.517537056430200835e+02 2.599143513144313715e+02 1.641467134547112323e+02 2.027167160244738682e+02 3.354366954206817013e+02 2.931144162331385132e+02 2.678811162861246089e+02 2.113259701408375122e+02 2.679926897906340741e+02 3.306240141510095327e+02 2.105240167918390739e+02 1.851100865053457767e+02 3.042479599392376599e+02 2.017966657414321787e+02 1.675732664775313481e+02
3.697058823529411598e+02 2.206609503072610892e+02 2.589564883797170296e+02 1.691305320338501588e+02 2.048476947263233683e+02 2.248251385595195870e+02 2.586082505000476885e+02 1.348581942891970300e+02 1.584207875261296010e+02 1.548832019690069330e+02 1.841941276315521065e+02 1.685560647821920668e+02 1.431711683950592544e+02 2.282294471208976461e+02 2.011696989419177157e+02 2.472912780473499765e+02 2.286236050132809510e+02 2.978745719093664661e+02 2.097110778875294841e+02 2.936209266253786723e+02 1.518601291222372254e+02 1.875764556178004909e+02 2.464578920481185094e+02 2.343362128927054187e+02 1.239262592199015671e+02 2.104685446367393524e+02 1.536916276609198064e+02 1.896180378491156944e+02 1.789145075772845814e+02 2.264092079746402817e+02 2.998168472222868672e+02 1.340480909237224409e+02 1.492416905925401522e+02 1.790751464795522736e+02 1.973077243333717092e+02 1.906751040529385932e+02 2.454672576666073098e+02 2.696127701391623646e+02 2.149981690917561536e+02 2.148395108233893893e+02 1.525526072409792846e+02 1.532306587978304151e+02 2.460107885429174246e+02 2.734295313995498873e+02 1.928550625333062385e+02 1.768242063204416468e+02 2.141257186762017000e+02 2.585093297180916352e+02 1.676223518365424354e+02 2.063679207713789197e+02 2.043215650389250868e+02 1.826466840063921779e+02 1.730499401441519467e+02 1.707604973622235605e+02 1.721675008491792767e+02 3.382046591420022423e+02 1.814204758966108386e+02 1.710742926646669559e+02 2.248407906093049178e+02 1.708342981940988352e+02 1.856726393827311199e+02 2.161150359667213365e+02 2.050133878947908386e+02 1.420242343479067699e+02 1.336970853176382548e+02 1.735492026571043311e+02 1.172945056368985490e+02 1.326056234456883658e+02 2.355508874877497192e+02 1.293542474391848032e+02 1.898656622833700851e+02 1.293748303298922622e+02 1.932040298946185146e+02 1.919897143918471727e+02 2.961036522989787727e+02 2.259765154810469596e+02 2.871227029699720674e+02 1.868591212745537860e+02 1.584417362000114622e+02 1.890652884771182016e+02 2.287421196646035639e+02 2.804275551159233260e+02 2.048321107906758982e+02 2.437045748334246014e+02 1.412042417341101839e+02 2.070145887809867702e+02 1.889974843163906257e+02 2.361041608487885242e+02 1.858096015877712546e+02 2.798415924335714067e+02 1.846498120587334029e+02 1.769089315286587123e+02 2.788477728655752799e+02 1.814033849372882798e+02 2.802493061061290973e+02 2.554174044952112581e+02 2.229181704485983460e+02 2.366458437384185061e+02 1.548554186599089348e+02 1.890706258460593290e+02 3.002462650977221301e+02 2.715253324329838165e+02 2.363162305392508529e+02 1.896381403488066439e+02 2.442619526845712414e+02 2.981674626313322278e+02 2.007183592587813337e+02 1.752949139419202993e+02 2.741001308657945401e+02 1.927767600050917736e+02 1.536454803880052964e+02
3.705882352941176805e+02 2.233348531616921662e+02 2.654122809700212997e+02 1.637714658709366518e+02 2.031388794791469081e+02 2.277083898439186953e+02 2.660035119782617699e+02 1.349606955119589031e+02 1.423399231219711680e+02 1.475156462331043485e+02 1.708950625466758595e+02 1.476851590987757277e+02 1.306496137019875903e+02 2.047422099458819389e+02 1.862364662828491362e+02 2.176503287626931638e+02 2.023121912529525730e+02 2.618422653121998565e+02 1.945392536389351790e+02 2.580686690793666003e+02 1.422599678823561078e+02 1.781061623753149661e+02 2.191882504617273071e+02 2.073377205046537597e+02 1.090290081371137774e+02 2.044613641398232460e+02 1.449964495488149510e+02 1.787863403433761675e+02 1.611453751149644233e+02 2.016674918317338836e+02 2.636034706301814481e+02 1.348648770877340155e+02 1.470973916081681239e+02 1.670402037067588878e+02 1.740035150299586064e+02 1.723369191363788673e+02 2.361513267233303566e+02 2.481413904838601070e+02 1.905150108451228732e+02 2.188085037370568102e+02 1.444017446892360965e+02 1.340744689833027223e+02 2.218909968212406909e+02 2.488368427847629221e+02 1.822893553727230085e+02 1.669003107273826174e+02 1.908419120488891565e+02 2.634748683685083961e+02 1.588380800791044578e+02 1.956565960112294533e+02 1.885800043014536413e+02 1.643277819519151137e+02 1.572355931077092066e+02 1.637063511352022260e+02 1.568100496235798857e+02 3.227441282350748679e+02 1.762091392599838287e+02 1.603314847513122174e+02 2.009485300096745277e+02 1.593771018813815488e+02 1.678601882693409095e+02 1.943725269820902497e+02 1.939843756147365639e+02 1.332464851746049703e+02 1.173010640724573221e+02 1.549250332758743696e+02 1.020386187970348146e+02 1.162865021183935568e+02 2.139181620125968095e+02 1.188535229045523636e+02 1.713977183020886059e+02 1.134184406550236162e+02 1.889648204687247528e+02 1.852964556445868993e+02 2.639443956959680690e+02 2.068595794234985306e+02 2.642116106277874792e+02 1.757262398433610713e+02 1.540255137613158354e+02 1.709183753328258319e+02 2.104409157367041132e+02 2.562559630729649029e+02 1.944712867474918312e+02 2.227264187209260058e+02 1.347541732987747594e+02 1.955515951034748809e+02 1.807689296666588632e+02 2.172426051334609269e+02 1.679561743223233066e+02 2.529565807050840931e+02 1.759718291552193534e+02 1.713595573488665593e+02 2.515734072063316660e+02 1.759270203251998623e+02 2.536693280830001243e+02 2.329821496405600385e+02 1.991438391714985414e+02 2.201284914714860861e+02 1.507412156835233930e+02 1.809880072900594712e+02 2.726410501357962630e+02 2.562210529867027731e+02 2.107600096933675502e+02 1.728588922772312912e+02 2.266057492846145465e+02 2.710742778878293393e+02 1.967217248603231496e+02 1.708753283646131820e+02 2.513995709995155323e+02 1.894109114778911760e+02 1.443801179873656508e+02
3.714705882352941444e+02 2.328865250681504051e+02 2.798750205081145737e+02 1.637024104029761702e+02 2.072122390411378205e+02 2.370871983732311321e+02 2.813004418081321774e+02 1.396000251115112860e+02 1.306537901449654839e+02 1.447354649958479627e+02 1.626910876677759177e+02 1.309065522695280208e+02 1.219330877610346988e+02 1.869258134698674212e+02 1.762498162764427150e+02 1.921722137398497239e+02 1.813102642007540908e+02 2.309418866807947666e+02 1.845641106902691320e+02 2.276203483083299091e+02 1.370825632675485508e+02 1.737563873487594890e+02 1.978228035237715403e+02 1.848256245815529724e+02 9.733115448021709426e+01 2.047311436265350721e+02 1.409183692876889609e+02 1.735407546280061979e+02 1.477332704176148752e+02 1.823586124446982524e+02 2.324860705607419504e+02 1.402109218506944046e+02 1.497523488794743116e+02 1.599371904459187022e+02 1.555163992920195142e+02 1.587362791546374012e+02 2.334496679945766857e+02 2.336295126415108427e+02 1.704684813560208454e+02 2.296170478987195338e+02 1.407681475956690065e+02 1.184375771004456936e+02 2.036345351728605522e+02 2.311489158557993449e+02 1.773022258088373349e+02 1.620290498771225884e+02 1.730001988104785084e+02 2.763825631264507479e+02 1.546297873350379746e+02 1.904575244485456835e+02 1.779606473933918949e+02 1.508678882281461426e+02 1.464991288481022593e+02 1.619546984593505101e+02 1.465505460642414164e+02 3.152210380449911327e+02 1.762262651376196914e+02 1.545171414622938073e+02 1.813141282235685878e+02 1.525133884253488361e+02 1.546473136492697051e+02 1.774962319861311641e+02 1.894648115974449922e+02 1.288541013572821896e+02 1.041360343397693384e+02 1.407711121535244558e+02 8.954019331021839889e+01 1.031820062622327043e+02 1.975425685317903230e+02 1.118508147695792161e+02 1.577300515841967297e+02 1.006184465374277437e+02 1.905647104002966614e+02 1.843023361200759496e+02 2.378415391085372050e+02 1.933096704646190176e+02 2.481368509833517919e+02 1.696853229852885079e+02 1.547321716927553723e+02 1.575761700371735969e+02 1.983319515447223580e+02 2.390520355678460191e+02 1.906521566683612718e+02 2.074926488744162043e+02 1.327231746150204970e+02 1.898186487707116044e+02 1.778444724882679111e+02 2.048924764082188403e+02 1.548713667645894247e+02 2.327049433846169961e+02 1.724345745972001680e+02 1.718010085128765070e+02 2.309922205535127659e+02 1.757532477810027842e+02 2.338086314411106912e+02 2.163289578489247731e+02 1.802499627101884414e+02 2.102321399768221681e+02 1.518316011347008612e+02 1.784817884247244990e+02 2.523872082889902799e+02 2.472501242184439150e+02 1.909486891987513673e+02 1.608663750380971749e+02 2.149621973975233402e+02 2.493108670081546734e+02 1.986521813232737088e+02 1.719040625873797126e+02 2.359654492487375990e+02 1.917992761964569297e+02 1.397464909455924840e+02
3.723529411764706083e+02 2.496181179038119637e+02 3.026734418337307488e+02 1.690222419755110366e+02 2.172966809922203595e+02 2.532514265272773173e+02 3.048684792904085725e+02 1.489249358623294768e+02 1.232376524757729754e+02 1.466014580650632695e+02 1.595695407695989445e+02 1.180105285396281118e+02 1.169859558077904467e+02 1.746016852631894380e+02 1.712346579696173592e+02 1.706897425901028669e+02 1.653963027022921608e+02 2.049436744448350396e+02 1.798136890627910418e+02 2.020467524171396008e+02 1.363413881740388547e+02 1.746235272854872278e+02 1.821303934331930918e+02 1.666563042745288215e+02 8.868829396069911297e+01 2.114202401385740870e+02 1.414761291861256609e+02 1.738998951888341651e+02 1.385855593520954585e+02 1.682858441437915928e+02 2.062381381564917149e+02 1.502468077354087370e+02 1.573275896948436525e+02 1.578186297370135378e+02 1.416296173576983790e+02 1.497773427041063030e+02 2.374840396705931767e+02 2.260031230237280795e+02 1.547054632100687002e+02 2.475806159657072101e+02 1.416902112443332840e+02 1.061411600463555089e+02 1.910913044606716085e+02 2.202378023862765986e+02 1.779648570430879317e+02 1.622659133192765637e+02 1.603914576420654612e+02 2.975220653865052896e+02 1.550897492564773188e+02 1.908334371701118926e+02 1.724543240178899168e+02 1.421446441709939847e+02 1.407145774434359566e+02 1.655819694204877521e+02 1.412699487030276373e+02 3.157958584247750764e+02 1.816212950542885665e+02 1.536475340354799073e+02 1.658410701373306608e+02 1.502702871447393989e+02 1.459456796879174192e+02 1.654027477918070872e+02 1.914414317047558143e+02 1.288710346024101341e+02 9.405478508060434706e+01 1.309322251887301718e+02 7.964411316440134669e+01 9.314336041787402110e+01 1.863829991361439795e+02 1.083473019921405864e+02 1.487538116333465155e+02 9.082847917718838460e+01 1.981425852326427730e+02 1.891061119402090753e+02 2.176092521374668820e+02 1.852708842883606906e+02 2.388538566098260958e+02 1.687773994444736445e+02 1.606941003498511975e+02 1.489350204948839860e+02 1.923396848431062836e+02 2.287036437214243847e+02 1.933728064540902380e+02 1.979535051129711576e+02 1.352050333029795866e+02 1.898693390016956357e+02 1.803443151784123302e+02 1.989550718967808507e+02 1.464504692744197314e+02 2.189453700023549345e+02 1.741477148399168868e+02 1.783038234631066530e+02 2.169372401893653830e+02 1.810238122350733931e+02 2.205266181373995664e+02 2.054172012127327775e+02 1.661001816026553684e+02 2.069036673803485371e+02 1.582355419430675170e+02 1.816437468543186924e+02 2.393163387407204823e+02 2.447342007692090533e+02 1.766765763220108454e+02 1.535941796104116861e+02 2.093303426959196258e+02 2.328742243085553127e+02 2.067048284858173304e+02 1.785041360985093206e+02 2.276971046117814126e+02 2.001130038210750683e+02 1.397821652160736505e+02
3.732352941176470722e+02 2.739102529854009731e+02 3.342154690286314462e+02 1.799015698109352286e+02 2.336796647079931404e+02 2.765522939529577116e+02 3.371541334935453733e+02 1.631458090895886244e+02 1.200308766995061092e+02 1.532323963206856376e+02 1.615827548835952996e+02 1.088383076621328343e+02 1.158268696547761039e+02 1.676567473123274965e+02 1.712665629378634264e+02 1.530585543529479366e+02 1.544085890470588822e+02 1.836476645292575824e+02 1.803686764820339192e+02 1.811490504791468084e+02 1.401102925044496033e+02 1.808686868245403616e+02 1.719451109309860328e+02 1.527214687541207070e+02 8.300177190852402020e+01 2.247565773836470839e+02 1.467527482789278110e+02 1.799590557580058316e+02 1.336648112723024724e+02 1.593134852979084428e+02 1.846616073515559435e+02 1.651940024411399861e+02 1.700062886269487592e+02 1.608007711426191122e+02 1.321843599420707562e+02 1.454236863374902384e+02 2.484404661369448775e+02 2.252614982173996054e+02 1.431151316008406411e+02 2.730944531236891066e+02 1.472656969754979741e+02 9.704744910577298356e+01 1.841717262779466466e+02 2.160489452287265522e+02 1.844200677336075387e+02 1.677323133402684903e+02 1.528765795111730199e+02 3.272687846152128373e+02 1.603660532366256746e+02 1.969033805409239051e+02 1.721046482278178189e+02 1.381029929054388958e+02 1.398311795620201679e+02 1.747435815635073197e+02 1.409251101337709997e+02 3.246854056175989740e+02 1.926049341225696878e+02 1.578077419004057447e+02 1.544712500243686009e+02 1.527295725314955064e+02 1.417256618247488404e+02 1.580565043984855436e+02 1.999985719134403155e+02 1.333904025285284263e+02 8.695189985192482141e+01 1.253139620289003062e+02 7.222989019175462033e+01 8.606360604368897782e+01 1.804481096083387399e+02 1.083949632216670125e+02 1.444212251899324144e+02 8.394357810990042879e+01 2.119062052266750698e+02 1.998767449170738075e+02 2.031122533809652282e+02 1.827433251885300649e+02 2.363802890601866977e+02 1.731018362805228605e+02 1.721224600031465002e+02 1.449526409142317220e+02 1.924631357662254345e+02 2.251682992067109979e+02 2.027292161358160456e+02 1.941149076943895011e+02 1.423644540207817215e+02 1.958379111123444147e+02 1.884635514752175425e+02 1.994122141920623221e+02 1.426504443465684631e+02 2.116002922571468901e+02 1.812945806485940636e+02 1.910325596236168622e+02 2.093075520360828250e+02 1.919487013495995029e+02 2.137483288631948994e+02 2.002613113587200360e+02 1.566084203186260879e+02 2.101703038362775544e+02 1.701441269109819245e+02 1.906457189437746536e+02 2.333317330311053297e+02 2.488704862519462893e+02 1.678018939716971545e+02 1.510354522609453056e+02 2.097745109434761446e+02 2.217985043911079117e+02 2.211525014436823540e+02 1.908698062412259446e+02 2.265794391594264141e+02 2.145945570946978478e+02 1.445958210611382810e+02
3.741176470588235361e+02 3.062191726586614777e+02 3.749827537866095781e+02 1.965823114011782309e+02 2.567061005082441056e+02 3.073990957342581396e+02 3.786756951233728046e+02 1.825330126387143252e+02 1.210395574543220931e+02 1.648077175353555504e+02 1.688501581232857518e+02 1.032857283915173241e+02 1.185314165625574674e+02 1.660469535831216206e+02 1.764752875250374302e+02 1.391637133161264899e+02 1.482497273268503477e+02 1.668910556412155870e+02 1.863658550708844928e+02 1.647660658764868344e+02 1.485248179184320065e+02 1.927190454060929312e+02 1.671705494651237132e+02 1.429544978125676664e+02 8.022152546459464872e+01 2.450521692553922435e+02 1.568961330570568862e+02 1.918906880174401124e+02 1.329922322482497066e+02 1.553709932515171772e+02 1.675942576022738422e+02 1.853330560895113308e+02 1.880325492109765264e+02 1.690670080403181146e+02 1.270838960538511202e+02 1.457015321759770359e+02 2.665694506301062461e+02 2.314804122335798127e+02 1.356340671810646938e+02 3.066303529852522161e+02 1.576526796137635529e+02 9.106349917805866312e+01 1.828504297328745736e+02 2.186051561708693498e+02 1.968844790920981609e+02 1.786171672157704222e+02 1.503895886300179257e+02 3.660774077826358734e+02 1.706645939084165491e+02 2.088439661434081813e+02 1.770111892362182573e+02 1.387584838545044761e+02 1.438749559332084118e+02 1.896736523948654565e+02 1.455502162446485670e+02 3.421644179675909641e+02 2.094494369212773677e+02 1.671527783428825842e+02 1.471898950177181007e+02 1.600299839998150446e+02 1.420195587548605545e+02 1.554750408033075360e+02 2.153171207954661099e+02 1.425758967071092798e+02 8.276738592127898642e+01 1.238855488142708339e+02 6.721483431459816416e+01 8.188117549927804362e+01 1.798014305961364983e+02 1.120993236859825970e+02 1.447486767633576505e+02 7.990373352645505634e+01 2.321312562619685878e+02 2.168530582522587906e+02 1.942718840042557815e+02 1.857866894211378508e+02 2.407999349310244384e+02 1.828181008156239216e+02 1.893071157053875027e+02 1.456511075687234325e+02 1.987782845456129621e+02 2.284767789957898003e+02 2.189139979763213262e+02 1.960425550105686625e+02 1.544385230038732573e+02 2.079394650465407892e+02 2.024726605653127081e+02 2.063280619644189642e+02 1.434928544431270439e+02 2.106608223151256141e+02 1.941329301845797204e+02 2.102439992301382290e+02 2.080728866659538880e+02 2.088060208372783677e+02 2.134691480848334777e+02 2.009354321783524142e+02 1.517434561898696757e+02 2.201408592171466978e+02 1.878297801847463973e+02 2.057393327884169310e+02 2.344122169840016738e+02 2.599326396284840826e+02 1.642508686833324703e+02 1.532456413161228284e+02 2.164268303040778960e+02 2.161603384076564680e+02 2.423448010933626335e+02 2.092658186432122420e+02 2.326860119929037296e+02 2.355563428721349339e+02 1.543688191165874741e+02
3.750000000000000000e+02 3.470717295554360362e+02 4.255227752809228150e+02 2.193756589676618489e+02 2.867754098682332256e+02 3.462539442655923949e+02 4.300155359259974830e+02 2.074138607621131882e+02 1.263379971415567695e+02 1.815667907721978054e+02 1.815588165777648726e+02 1.013059237472630230e+02 1.252337662907529534e+02 1.697991635082338746e+02 1.870467144113092388e+02 1.289254031423084257e+02 1.468897485383509434e+02 1.545543997693011988e+02 1.979998840415339600e+02 1.527803904206569712e+02 1.617822005127229374e+02 2.104677158987827283e+02 1.677823707435978804e+02 1.373357062405336819e+02 8.034819523721263579e+01 2.726999151982224134e+02 1.721183003848311444e+02 2.099432614538308997e+02 1.366499539569968533e+02 1.564555839916835964e+02 1.549159749762288527e+02 2.110003962915714624e+02 2.117086822500218375e+02 1.828697568514250236e+02 1.262963969479436628e+02 1.507016682973767274e+02 2.921840591550275121e+02 2.448131142079610356e+02 1.322502618403873669e+02 3.487312985178492113e+02 1.730690874006737943e+02 8.814412904780304814e+01 1.871682071162830425e+02 2.280084217301235299e+02 2.156488936477360596e+02 1.951769275013336085e+02 1.529393169177184291e+02 4.144732338817829032e+02 1.862496430048153968e+02 2.268888321311663390e+02 1.873310141607576895e+02 1.441992775126056756e+02 1.529488891403132129e+02 2.106832442850973734e+02 1.552568103290140868e+02 3.685646046141639545e+02 2.324872193032616110e+02 1.819073131797902363e+02 1.440295239303148094e+02 1.723681130672532333e+02 1.469235811305009918e+02 1.577328503148772540e+02 2.376716737199622571e+02 1.566619867297705753e+02 8.148954762609707814e+01 1.266815302686792677e+02 6.455664192750137431e+01 8.058272625035240821e+01 1.845648957375120176e+02 1.196212915116414166e+02 1.498184671301341950e+02 7.869669278473116947e+01 2.591585522566555255e+02 2.403416050754987623e+02 1.910705139139040512e+02 1.945220871619861498e+02 2.522644069573105412e+02 1.981459096186975160e+02 2.126150978618798035e+02 1.511185325851182313e+02 2.114385629630283177e+02 2.387345297961703068e+02 2.422133259493791115e+02 2.038642336656351404e+02 1.717369491761693325e+02 2.264686489862196197e+02 2.227165578875561494e+02 2.198489448032105997e+02 1.490654675419298485e+02 2.161895961374324884e+02 2.129943553962149565e+02 2.362836991733568368e+02 2.132761244028408498e+02 2.319402838063704451e+02 2.197574132864762930e+02 2.075763379079074866e+02 1.515322113947727871e+02 2.370048968936296774e+02 2.116440056178893201e+02 2.272542357865559381e+02 2.426136877755467367e+02 2.782700915288966144e+02 1.660201532652851313e+02 1.603438862801323239e+02 2.294879136345424229e+02 2.160828079368010890e+02 2.707054102391816173e+02 2.340249920507510240e+02 2.461799152311583327e+02 2.633776239035582876e+02 1.693554912862841206e+02
3.758823529411764639e+02 3.970581993874857858e+02 4.864385811626742111e+02 2.486584132102271951e+02 3.243367361212870037e+02 3.936245389972145290e+02 4.918100610940322213e+02 2.381681571907144814e+02 1.360690499195413850e+02 2.038067638411586699e+02 1.999624468331954290e+02 1.029110414915205212e+02 1.361272867749729869e+02 1.790114250473527306e+02 2.032231913390200475e+02 1.223036991989987428e+02 1.503678412171547905e+02 1.465666223747135177e+02 2.155233738653820978e+02 1.451233106883540245e+02 1.801400367996384091e+02 2.344720474649090249e+02 1.738292427349909417e+02 1.358964932675271200e+02 8.343454787968599362e+01 3.081686148232103051e+02 1.926932470571285592e+02 2.344384957387886459e+02 1.447821851523285659e+02 1.626333307487516890e+02 1.465538643952147595e+02 2.425837026589312870e+02 2.413909841882755813e+02 2.025307687004375339e+02 1.298565275251935702e+02 1.605801076417291711e+02 3.256558810371129198e+02 2.654891205145820550e+02 1.330060234061615745e+02 4.000039403526225215e+02 1.937908273712517371e+02 8.829407859147842430e+01 1.972322586387685988e+02 2.444395831278721118e+02 2.410768660829279781e+02 2.177340465709725095e+02 1.606096736432239709e+02 4.730413536367465781e+02 2.074429509969579897e+02 2.513263217152079960e+02 2.032785820725134158e+02 1.545868789411057662e+02 1.672317537362845030e+02 2.381571020000274075e+02 1.702324692118873202e+02 4.042711642584118863e+02 2.621077804285275192e+02 2.023639914364169954e+02 1.450728909994277274e+02 1.899978398508200712e+02 1.565986134926251623e+02 1.649637776398355697e+02 2.674259225755792500e+02 1.759528951567993715e+02 8.315714777743994546e+01 1.338023498146509667e+02 6.425544647114710983e+01 8.220526641386270228e+01 1.949207797348320526e+02 1.311780383984448690e+02 1.597792790900724924e+02 8.036007658078121096e+01 2.933893878087205280e+02 2.707127781397744002e+02 1.935542803606085442e+02 2.091321013470599439e+02 2.709926876821248243e+02 2.193637419276392677e+02 2.424875562555437227e+02 1.615094311296511194e+02 2.306734777360454700e+02 2.561209243456943909e+02 2.730020920094501093e+02 2.177703476144092747e+02 1.946410130449800135e+02 2.517968512059510431e+02 2.496121618787878447e+02 2.402012885873324990e+02 1.595225843450434695e+02 2.283215827048491917e+02 2.382822346940218949e+02 2.695809064695711186e+02 2.250337717724168840e+02 2.617590749257201423e+02 2.327549461950806062e+02 2.203845883721274674e+02 1.560617538758540661e+02 2.610299360068894430e+02 2.420136415572876842e+02 2.555947724912744263e+02 2.580684076198289745e+02 3.043056915251075338e+02 1.731776559957380357e+02 1.725130805250603316e+02 2.492257303960349475e+02 2.217380016788513899e+02 3.067276373324095857e+02 2.655441071142801661e+02 2.673124682889628616e+02 2.984996954660858819e+02 1.898821014933926392e+02
3.767647058823529278e+02 4.568229430129188131e+02 5.583762572326286318e+02 2.848677119869426519e+02 3.698823182309839126e+02 4.500550179048988184e+02 5.647373865659989178e+02 2.752223470891885881e+02 1.504433785847005822e+02 2.318789810246872776e+02 2.243788872052466274e+02 1.081730693763149134e+02 1.514641452006929683e+02 1.938517250703864363e+02 2.253022559259449906e+02 1.193024299601219411e+02 1.587927841359465333e+02 1.429089019426395737e+02 2.392452766766973866e+02 1.417785998156434175e+02 2.039136272688515987e+02 2.651503423632990462e+02 1.854322362049385617e+02 1.387223896931939748e+02 8.958624025208807495e+01 3.519961998398185870e+02 2.189534576360840958e+02 2.657669856787106824e+02 1.575952210277247616e+02 1.740388272460665462e+02 1.424862264446744291e+02 2.805158991437430700e+02 2.774840463735590674e+02 2.284398427409322210e+02 1.378658651797786661e+02 1.755574630011188049e+02 3.674089407409835530e+02 2.938108858039323081e+02 1.379997918929145158e+02 4.611089618385552171e+02 2.201485228732068435e+02 9.156942331042415617e+01 2.132147980159974168e+02 2.681559701741687718e+02 2.736014675864922765e+02 2.466738647774168669e+02 1.735585917315014228e+02 5.424137919115546538e+02 2.346213583247065060e+02 2.824954039034499829e+02 2.251240139873575572e+02 1.701556242899735594e+02 1.869756522101681924e+02 2.725488767330998598e+02 1.907381566783914764e+02 4.497168287570413554e+02 2.987529427462716853e+02 2.288803196950225356e+02 1.504549129420558415e+02 2.132283067853769012e+02 1.712697543025173275e+02 1.773619849580954337e+02 3.050263152022642430e+02 2.008203177178004921e+02 8.786088898058635266e+01 1.454138426348814335e+02 6.635537188075947768e+01 8.683761021701815253e+01 2.111120169682241396e+02 1.470428972587043575e+02 1.748453679834894672e+02 8.498284035370694767e+01 3.352790775689490488e+02 3.083951678930251319e+02 2.018342042867924135e+02 2.298591329790673683e+02 2.972685591560574494e+02 2.468057431911450692e+02 2.794351517563644052e+02 1.770438057492462747e+02 2.567854263211903572e+02 2.808864255495888642e+02 3.117373106851939042e+02 2.380126928418263503e+02 2.236011841062224903e+02 2.843678129817193962e+02 2.836444149537230714e+02 2.676876925207686213e+02 1.750840903153307693e+02 2.472629064632234588e+02 2.704682128417450144e+02 3.106418209493260747e+02 2.435344838742526292e+02 2.987280839865238136e+02 2.526755904983689902e+02 2.396239353346692269e+02 1.654800384350981517e+02 2.925567273594934363e+02 2.794356040877607370e+02 2.912350913036553379e+02 2.809821603210230023e+02 3.385316105490927043e+02 1.858618358149842891e+02 1.899985928972151612e+02 2.759726742484460829e+02 2.333480984686174509e+02 3.509681641779667984e+02 3.042781269780769549e+02 2.964197921827039863e+02 3.414193236444422723e+02 2.163444698752777526e+02
3.776470588235293917e+02 5.270529635752367312e+02 6.420102797450764456e+02 3.284941441298970517e+02 4.239390720192729418e+02 5.161149648888791717e+02 6.495028477752057370e+02 3.190422830017849378e+02 1.697376180952552716e+02 2.661839816137652974e+02 2.551860580879078668e+02 1.172238116499962359e+02 1.715538407866301895e+02 2.145552654742625975e+02 2.536337590186511193e+02 1.199721165653324420e+02 1.723421156140776986e+02 1.436174153200705916e+02 2.695275848821250406e+02 1.427851828318636080e+02 2.334719907850064260e+02 3.029769720111957554e+02 2.027827382517004935e+02 1.459549834540296445e+02 9.896193693178369699e+01 4.047811532305740911e+02 2.512850594397284567e+02 3.043822248648153845e+02 1.753563192633087340e+02 1.908734816658197531e+02 1.427454243419471993e+02 3.252677430907345411e+02 3.204336116475396921e+02 2.610519011621647678e+02 1.504921947620453864e+02 1.959170669821334911e+02 4.179116081672204928e+02 3.301484295319550029e+02 1.473868787838859191e+02 5.327493449789564011e+02 2.525228505028696020e+02 9.807827261570307087e+01 2.353500691710152637e+02 2.994870473697733360e+02 3.137202326162611712e+02 2.824399221435145932e+02 1.920156937134723023e+02 6.232546805599607751e+02 2.682128836481261374e+02 3.207799019628263295e+02 2.531897693002796075e+02 1.912109234104326561e+02 2.125022582570362033e+02 3.143748018158503328e+02 2.171042834404790085e+02 5.053735510044875241e+02 3.429103862997573060e+02 2.618741241868571024e+02 1.603635382452603437e+02 2.424204492648998723e+02 1.912246391049064300e+02 1.951814727045173470e+02 3.509939920967774469e+02 2.316998492917373369e+02 9.574423028557258419e+01 1.617456886532727651e+02 7.094561344248765522e+01 9.462117962813370298e+01 2.334409112666881185e+02 1.675442348912021657e+02 1.952944844323631628e+02 9.270609466988886993e+01 3.853287360772223451e+02 3.538682106229688316e+02 2.160857076166961122e+02 2.570020639923808972e+02 3.314359795798867481e+02 2.808570304537901166e+02 3.240318488838729536e+02 1.980049634813944692e+02 2.901447392227607338e+02 3.133477596459425740e+02 3.589497880795174751e+02 2.649014892090881403e+02 2.591333305899416928e+02 3.246916700165785983e+02 3.253606974524777229e+02 3.026812171914904184e+02 1.960332448782559993e+02 2.732877609884887420e+02 3.100871182754167990e+02 3.600412033275229646e+02 2.690357137274158958e+02 3.433644790065994243e+02 2.798018105065845589e+02 2.656189849006219106e+02 1.799953801360285297e+02 3.319926675359803880e+02 3.244700630704982700e+02 3.347126409465951724e+02 3.116293749294393365e+02 3.815034603162577582e+02 2.042795241835019340e+02 2.131056723927291898e+02 3.101208502747684861e+02 2.511849225476258596e+02 4.040389644010693928e+02 3.507327624684089074e+02 3.339173269378478039e+02 3.926804653339748938e+02 2.492042005596283047e+02
3.785294117647058556e+02 6.084644264227132453e+02 7.380268948970806377e+02 3.800732738951599572e+02 4.870584209270900260e+02 5.923866863343122304e+02 7.468225070169528408e+02 3.701246175043641529e+02 1.942914222963422333e+02 3.071650795259370170e+02 2.928163939099032973e+02 1.302540126539574317e+02 1.967606419293718716e+02 2.414202854383892998e+02 2.886153829037435798e+02 1.244119993284293741e+02 1.912600570423769000e+02 1.487849835636380362e+02 3.067803539816496823e+02 1.482386955423225743e+02 2.692325368476940639e+02 3.484758372672405358e+02 2.261389325092099227e+02 1.577927204107312207e+02 1.117727671500004476e+02 4.671721196925324193e+02 2.901216198243938038e+02 3.507930224489780926e+02 1.983913963710955954e+02 2.134024359915369473e+02 1.474196587431455328e+02 3.773390643238826101e+02 3.707180191458620016e+02 3.008823956982252525e+02 1.679676859429815750e+02 2.220018030085965393e+02 4.776666140991878819e+02 3.749319881911972629e+02 1.613791185424404091e+02 6.156566118076606244e+02 2.913384870486891600e+02 1.079807564477875417e+02 2.639298209604355634e+02 3.388281406624692522e+02 3.619882818936460467e+02 3.255276637629935408e+02 2.162786733222291957e+02 7.162436115165079400e+02 3.086912745614069422e+02 3.666010627384255827e+02 2.878457346521238378e+02 2.181262236343051484e+02 2.441977811881221498e+02 3.642057890259004580e+02 2.497254681594002648e+02 5.717419307337817145e+02 3.951055297296545064e+02 3.018175572665502955e+02 1.750395400056571873e+02 2.779820469355201453e+02 2.168105163812934961e+02 2.187341615343189289e+02 4.059149948066067850e+02 2.690860668638297284e+02 1.070035306754261626e+02 1.830887829385543739e+02 7.816104649809858529e+01 1.057501429784866929e+02 2.622662244899883035e+02 1.930632378892491374e+02 2.214645246022731442e+02 1.037232775588482667e+02 4.440753384087121844e+02 4.076531563725490059e+02 2.365465558308424079e+02 2.909112738372252238e+02 3.738924783388004016e+02 3.219474181691035142e+02 3.769070596459062585e+02 2.247360338662643073e+02 3.311829910323302215e+02 3.538811571935745519e+02 4.152340573399243340e+02 2.988007128746468197e+02 3.018134534792501427e+02 3.733373460761289380e+02 3.753635821704480691e+02 3.456179254890424772e+02 2.227132053993846057e+02 3.067334623694281959e+02 3.577302663309013724e+02 4.184123056865666967e+02 3.018585372933737858e+02 3.962286279427281102e+02 3.144794142460023636e+02 2.987511134550598513e+02 1.998746657531170285e+02 3.798034123476728041e+02 3.777320327453314803e+02 3.866200032738854020e+02 3.503463093029295123e+02 4.338325449797418969e+02 2.287023115157638244e+02 2.421955121317596422e+02 3.521156074184125941e+02 2.755679549901536234e+02 4.665973856945782359e+02 4.054553861299694972e+02 3.802923194765589301e+02 4.528642766523615819e+02 2.889834647301531163e+02
3.794117647058823195e+02 7.017872503808557667e+02 8.471057493853255664e+02 4.401755902041974764e+02 5.598044856390517907e+02 6.794508981283207731e+02 8.574048409491414304e+02 4.289868833505541943e+02 2.245033774426095192e+02 3.553005540204115391e+02 3.377497633419896488e+02 1.475116208709248440e+02 2.274998827757754896e+02 2.748024835159977783e+02 3.306865656144203740e+02 1.327711276510701168e+02 2.158542009894514706e+02 1.585616020485196600e+02 3.514550853696707691e+02 1.582919315941156810e+02 3.116543947310609610e+02 4.022122091071936438e+02 2.558208696813688334e+02 1.744905476474494037e+02 1.282810882223392355e+02 5.398557161227587358e+02 3.359365865789273471e+02 4.055543269518811940e+02 2.270815412150832913e+02 2.419501654101645443e+02 1.566536399273768723e+02 4.372486769666415967e+02 4.288382829506408598e+02 3.485010121440838020e+02 1.905859778712848538e+02 2.542096459131905419e+02 5.471992850968416633e+02 4.286427653415220789e+02 1.802434116196691321e+02 7.105751576237057634e+02 3.370566983460993242e+02 1.214882844265280397e+02 2.992972773874687391e+02 3.866323061187157464e+02 4.190096374757735020e+02 3.764765669719431003e+02 2.467084174238796379e+02 8.220573606209233049e+02 3.565690187475755124e+02 4.204085629313709092e+02 3.295027725535076115e+02 2.513386765727933039e+02 2.825066265679686808e+02 4.226579360063587387e+02 2.890539834474495819e+02 6.493385673825588356e+02 4.558917732022963492e+02 3.492296184673712105e+02 1.947751840941968737e+02 3.203613421897161970e+02 2.484300436181097496e+02 2.483865178458320031e+02 4.704287801998395935e+02 3.135262106820200074e+02 1.218874940516097354e+02 2.097915422556018257e+02 8.818234921727889741e+01 1.204708634849340996e+02 2.979986428140645103e+02 2.240305528381567797e+02 2.537488927293771042e+02 1.182796540930918354e+02 5.120801530017282630e+02 4.703024175689585036e+02 2.635132539197217056e+02 3.319820669896805043e+02 4.250806442628434070e+02 3.705436086852860740e+02 4.387360925270503458e+02 2.576352112303330273e+02 3.803846242374158351e+02 4.029137617331076058e+02 4.812366035413375585e+02 3.401217541344126971e+02 3.522708647757462472e+02 4.309232878895696786e+02 4.343018986915727169e+02 3.969877356179466688e+02 2.555222613947395303e+02 3.479937030973318883e+02 4.140371026985629896e+02 4.864351329554901326e+02 3.423807459887463551e+02 4.579141728352047949e+02 3.571104801193887965e+02 3.394526674043538037e+02 2.254402839887829941e+02 4.365027483771760899e+02 4.398813400064616985e+02 4.475950673426667663e+02 3.975223887141446539e+02 4.961762432951255164e+02 2.594615200502388461e+02 2.776799695652165951e+02 4.024473527572289981e+02 3.068607486977590497e+02 5.393344082826176873e+02 4.690243635605742725e+02 4.360943500655131402e+02 5.225774737502623566e+02 3.362582977946109963e+02
3.802941176470588402e+02 8.077480314420048444e+02 9.699001467892137498e+02 5.093950048345958521e+02 6.427408386198130756e+02 7.778711191319396221e+02 9.819309901339117914e+02 4.961563735423018784e+02 2.608257616266799346e+02 4.110945141351260759e+02 3.905049492210030735e+02 1.692992021918191483e+02 2.642330992546098969e+02 3.151080712264991917e+02 3.803209334989402350e+02 1.452485206577759413e+02 2.464909770883083411e+02 1.731538661617047694e+02 4.040365481857537020e+02 1.731541979546107370e+02 3.612304591517004155e+02 4.647829742599803353e+02 2.922042070146929404e+02 1.963583909338260867e+02 1.487985336056636072e+02 6.235426593947975107e+02 3.892344553485532401e+02 4.692565442252528669e+02 2.618583062039501783e+02 2.768947779250599410e+02 1.706481694851161706e+02 5.055231202319251338e+02 4.953069534772004090e+02 4.045237166942496287e+02 2.186981561784670021e+02 2.929879082615389052e+02 6.270442118960577318e+02 4.918019322694643165e+02 2.042991584728328007e+02 8.182449153694335564e+02 3.901666205006752648e+02 1.388620681449113761e+02 3.418397082503182105e+02 4.434004664412250918e+02 4.854268021491355967e+02 4.358607336642414225e+02 2.837228852478677368e+02 9.413502944257465970e+02 4.123888711546229047e+02 4.826700882229111471e+02 3.786048202023836780e+02 2.913434979635839568e+02 3.279237989924877184e+02 4.903815046572896108e+02 3.355919279887742164e+02 7.386816339943216008e+02 5.258392552469205157e+02 4.046672708292608718e+02 2.199117485426295389e+02 3.700392644930774964e+02 2.865358296209681725e+02 2.845547626684619900e+02 5.452151166399623889e+02 3.656124809108023328e+02 1.406958844739510823e+02 2.422551060743426774e+02 1.012356149715753730e+02 1.390806362808135077e+02 3.410946764456955975e+02 2.609217669881654160e+02 2.925905873903122369e+02 1.366711107005078816e+02 5.899157290611922235e+02 5.423874493846186624e+02 2.973359381543440350e+02 3.806465988373710161e+02 4.854778779593540321e+02 4.271399367010154151e+02 5.102289849000100617e+02 2.971496946823718304e+02 4.382769775849457687e+02 4.609133484747048328e+02 5.576424708514529129e+02 3.893155023767426997e+02 4.111798326119660487e+02 4.981065959177163336e+02 5.028601352911931599e+02 4.573236875464367586e+02 2.949078021378268772e+02 3.975101297382408347e+02 4.796852181253239564e+02 5.648231143294199228e+02 3.910283009786265325e+02 5.290365799641583635e+02 4.081445762201286698e+02 3.881995106769294352e+02 2.570657898291710808e+02 5.026408604657806336e+02 5.116110424483026122e+02 5.183095965489208083e+02 4.535898817002174042e+02 5.692265656553819326e+02 2.969418373951704666e+02 3.200149689942505802e+02 4.616417475640151906e+02 3.454658075767661671e+02 6.229612089069748890e+02 5.420369138472374289e+02 5.019239939836946860e+02 6.024391981629025850e+02 3.916504025696135614e+02
3.811764705882353041e+02 9.270514516580011559e+02 1.107016177766626697e+03 5.883359481343439938e+02 7.364159450406986025e+02 8.881769468360974997e+02 1.121033806501754725e+03 5.721579003633544289e+02 3.037581182046079107e+02 4.750664961606207157e+02 4.516296885647800536e+02 1.959704409345069962e+02 3.074619522148183819e+02 3.627855026265013976e+02 4.380172436170210517e+02 1.620923564082584676e+02 2.835898814342264131e+02 1.928232909297761637e+02 4.650330955781746525e+02 1.930895526941705214e+02 4.184781489650542312e+02 5.368053450499440942e+02 3.357126038440823663e+02 2.237584360321154122e+02 1.736832732996507787e+02 7.189522778677995802e+02 4.505406613387620496e+02 5.425133696885640120e+02 3.031977724055001318e+02 3.186610293514086152e+02 1.896586172632995329e+02 5.826842876499804333e+02 5.706358292585508707e+02 4.696031070681139568e+02 2.527076288516792886e+02 3.388261823621462554e+02 7.177305168455595776e+02 5.649579863145204399e+02 2.339145593149429203e+02 9.393825276194469325e+02 4.511752958057236924e+02 1.604108596447197499e+02 3.919796209871829547e+02 5.096698920677127376e+02 5.619086464094949633e+02 5.042779883468068647e+02 3.277897231955336679e+02 1.074733696194733739e+03 4.767139265953555878e+02 5.538596069975576484e+02 4.356195831158547662e+02 3.386869711930134486e+02 3.809860054111667296e+02 5.680483701191566297e+02 3.898821042120206357e+02 8.402748768994482589e+02 6.055221864251758461e+02 4.687151258532554721e+02 2.508358642750782508e+02 4.275202936940754626e+02 3.316236605461164118e+02 3.276986478684355006e+02 6.309793988215842546e+02 4.259728931112285295e+02 1.637774608788551234e+02 2.809274265606657082e+02 1.175914072742176160e+02 1.619256507848608635e+02 3.920489919127808207e+02 3.042516527321031958e+02 3.384750043238856279e+02 1.592421921430386362e+02 6.781515346182295616e+02 6.244852350068863416e+02 3.384117978170629613e+02 4.373643767087139054e+02 5.555844993311616236e+02 4.922477407290204496e+02 5.921176875783809237e+02 3.437683502574345766e+02 5.054187863641824947e+02 5.283764525357244111e+02 6.451602888408903027e+02 4.468628998416652962e+02 4.792496053819464805e+02 5.755705356898965874e+02 5.817461866796750201e+02 5.271896914593421570e+02 3.413590014643035602e+02 4.557623067344408696e+02 5.553787060279601064e+02 6.543082154842304590e+02 4.482652315324361325e+02 6.102201987924215700e+02 4.680683797193281066e+02 4.455019526888059431e+02 2.951702863030385515e+02 5.787910789188674698e+02 5.936342864512781716e+02 5.994561916276137481e+02 5.190119992950033065e+02 6.536969052696293829e+02 3.415736141485657527e+02 3.696925839370783820e+02 5.302483502762883063e+02 3.918179081348652630e+02 7.181940768575240099e+02 6.250955834055356490e+02 5.784196984993001251e+02 6.930664707184550934e+02 4.558174370926403185e+02
3.820588235294117680e+02 1.060360468090465474e+03 1.258991120226261273e+03 6.775992006142146238e+02 8.413475576373081140e+02 1.010846542408354935e+03 1.275276114252183561e+03 6.575005820006660997e+02 3.538396056669854488e+02 5.477398773592398129e+02 5.216893649671553703e+02 2.279257086548007010e+02 3.577209270735444875e+02 4.183159308693439016e+02 5.042889614571561196e+02 1.835981825524199564e+02 3.276164710236145083e+02 2.178834987938136578e+02 5.349655893206519295e+02 2.184139235715417158e+02 4.839289506279594661e+02 6.189041047772203683e+02 3.868088557697280407e+02 2.571011888505686329e+02 2.033364489443488878e+02 8.267955595478632631e+02 5.203902888830216398e+02 6.259482424239803322e+02 3.516133451793938889e+02 3.677120847968387807e+02 2.139922826629901635e+02 6.692361073005311027e+02 6.553226878380022526e+02 5.444171421598730376e+02 2.930638594852642882e+02 3.922479863427831788e+02 8.197659577081009274e+02 6.486726088129047412e+02 2.695017495056253551e+02 1.074661290904726457e+03 5.205965300327322893e+02 1.864878719512801410e+02 4.501646864819765597e+02 5.860011402516893213e+02 6.491366933425342722e+02 5.823375573901951157e+02 3.794176379476771785e+02 1.222754388999055436e+03 5.501163189817087869e+02 6.344444961960956562e+02 5.010279436083858400e+02 3.939580811379438501e+02 4.422615009881394030e+02 6.563380452607650568e+02 4.524976191181618219e+02 9.545903689052885284e+02 6.955049368489956123e+02 5.419737689958593592e+02 2.879746433624307542e+02 4.933220491668829482e+02 3.842244432100659992e+02 3.783138281267782759e+02 7.284364957138435557e+02 4.952607164644514341e+02 1.915270703963957430e+02 3.262962118801057159e+02 1.375632044380561467e+02 1.893981205585985776e+02 4.513852483421350144e+02 3.545671709012360679e+02 3.919214477140280906e+02 1.863833245055204202e+02 7.773384772043569910e+02 7.171635622206417793e+02 3.871770693553950764e+02 5.026114298507955596e+02 6.359103848751499299e+02 5.663834706065051705e+02 6.851417026222794675e+02 3.980130776569624231e+02 5.823872463570239688e+02 6.058150633633487132e+02 7.445058432989021640e+02 5.132640819780679067e+02 5.572128694987641211e+02 6.640105176698471041e+02 6.716775185872006659e+02 6.071668727232554374e+02 3.953982215612564914e+02 5.232561838132658067e+02 6.418349343220839955e+02 7.556246059448367305e+02 5.145820984237063840e+02 7.020839887778347475e+02 5.373937929624821663e+02 5.118941519701430138e+02 3.402115327655651527e+02 6.655352520598214596e+02 6.866697093932949656e+02 6.917337648398248575e+02 5.942696028605183756e+02 7.503070873047105351e+02 3.938238757956310110e+02 4.272318306462906321e+02 6.088278143474515218e+02 4.463759404610515276e+02 8.257378658149269768e+02 7.187934852843540057e+02 6.662429888991437110e+02 7.950584282912283243e+02 5.294417924257321602e+02
3.829411764705882888e+02 1.208275568579349965e+03 1.426271498474310192e+03 7.777666032999519530e+02 9.580062797102661989e+02 1.146288617972504653e+03 1.445128517197236988e+03 7.526638194630930911e+02 4.116401195941419360e+02 6.296292307490599569e+02 6.012544261206104466e+02 2.656066466865799498e+02 4.155687910911643712e+02 4.822024194768172265e+02 5.796525545555579129e+02 2.101061047811212461e+02 3.790741143930682711e+02 2.486962584180960789e+02 6.143550304015572010e+02 2.494910799988126371e+02 5.581168102788899432e+02 7.116975078108297339e+02 4.459847632270529516e+02 2.968402817691253404e+02 2.381976987472056351e+02 9.477568983451508302e+02 5.993156834072124184e+02 7.201795226508007772e+02 4.076472962076064164e+02 4.245400492614298855e+02 2.440046155315285716e+02 7.656504444500802720e+02 7.498371952618085743e+02 6.296562830271769826e+02 3.402549579225537286e+02 4.538011162744205080e+02 9.336201218279259137e+02 7.435051950041258806e+02 3.115107613209931401e+02 1.224690212037024139e+03 5.989386891714885905e+02 2.174868211950389139e+02 5.168564746298329737e+02 6.729636023112808516e+02 7.477899245786660458e+02 6.706464370968304820e+02 4.391465181388819587e+02 1.385872979307844844e+03 6.331646457645796318e+02 7.248717091369378522e+02 5.753121761910371106e+02 4.577787565022511558e+02 5.123386831144421194e+02 7.559223588042419806e+02 5.240302419016277327e+02 1.082050341276604740e+03 7.963270334900342959e+02 6.250468050864582210e+02 3.317895731116881279e+02 5.679636836145720054e+02 4.448948343548970570e+02 4.369228635304278896e+02 8.382932407661347725e+02 5.741425120735084420e+02 2.243818337596591732e+02 3.788807132165538860e+02 1.615051651215888455e+02 2.219325191286029337e+02 5.196454829331080418e+02 4.124391939347988796e+02 4.534733933528321472e+02 2.185271404736087391e+02 8.879924858666063301e+02 8.209652571192725645e+02 4.440976604542254904e+02 5.768682740686280113e+02 7.269603207541774736e+02 6.500556610501779460e+02 7.900322625810753152e+02 4.604289220010251711e+02 6.697637589257542459e+02 6.937420461832341516e+02 8.563843160895562505e+02 5.890261951591212437e+02 6.458126282812430645e+02 7.641186387180580368e+02 7.733658330917667172e+02 6.978386291102088990e+02 4.575711632607242336e+02 6.005111754107837214e+02 7.397698012220070041e+02 8.694910046651124276e+02 5.904831203065207319e+02 8.052260397739162272e+02 6.166446816097432020e+02 5.879220748985734417e+02 3.926777857696251317e+02 7.634478931427063344e+02 7.914254724696962739e+02 7.958316125141844850e+02 6.798466629037693565e+02 8.597668322988737373e+02 4.541860974069843451e+02 4.931682111189194302e+02 6.979377911599131039e+02 5.096133162345604433e+02 9.462681340371486840e+02 8.236984774464860948e+02 7.660621188178112106e+02 9.089795310847299561e+02 6.132179038731669607e+02
3.838235294117646959e+02 1.371313843967122466e+03 1.609191631864412784e+03 8.893850690225824565e+02 1.086798877092632210e+03 1.294824616733108087e+03 1.630947699668074620e+03 8.580828716297788787e+02 4.777503064363748990e+02 7.212269372122561890e+02 6.908868239637721445e+02 3.094898177689526051e+02 4.815789520803836581e+02 5.549581656753308607e+02 6.646148132430289479e+02 2.419969796385417737e+02 4.384946280888383399e+02 2.856664289375547128e+02 7.037092484826700911e+02 2.867275130617105674e+02 6.415656603384754817e+02 8.157821945565608530e+02 5.137499736577926797e+02 3.434661012198465642e+02 2.787398158154056205e+02 1.082475057831437425e+03 6.878332624084373492e+02 8.258047708437728716e+02 4.718611690872986060e+02 4.896554533048574172e+02 2.800943476091302387e+02 8.723526436797753831e+02 8.546064122306951276e+02 7.260093490485929806e+02 3.947992233834545459e+02 5.240469025837453501e+02 1.059707256670593551e+03 8.499964721029167549e+02 3.604223911307212802e+02 1.389992827814165594e+03 6.866917407179200836e+02 2.538371225538150782e+02 5.925182609149658219e+02 7.711199978533170452e+02 8.585284879367452504e+02 7.697947866315504371e+02 5.075364836886898274e+02 1.564442531037867411e+03 7.264104435306678624e+02 8.255533977380783881e+02 6.589432927533023303e+02 5.307928868418060802e+02 5.918136555459115016e+02 8.674491805984337134e+02 6.050777388654660172e+02 1.223008759253848666e+03 9.084875185938644790e+02 7.185269070866817174e+02 3.827692715008447522e+02 6.519533762399429406e+02 5.142067605979272003e+02 5.040650285369662242e+02 9.612300075912489774e+02 6.632850067583734699e+02 2.628164309191624852e+02 4.392224675351055794e+02 1.898091933011292269e+02 2.600009284982209579e+02 5.973783107043268501e+02 4.784531051927365866e+02 5.236876525100192339e+02 2.561439426598150249e+02 1.010577689373218163e+03 9.363918325924970532e+02 5.096585934864195337e+02 6.606069758002458912e+02 8.292184701184804680e+02 7.437511325530766726e+02 9.074954340911311874e+02 5.315730986167660603e+02 7.681187216502838737e+02 7.926556737251784170e+02 9.814716209974239973e+02 6.746502256505993955e+02 7.457878091406597605e+02 8.765671369084815296e+02 8.875006291547185810e+02 7.997747756783099931e+02 5.284359404686227890e+02 6.880461946047968240e+02 8.498818232542893156e+02 9.965921458398507866e+02 6.764722999912119121e+02 9.202073441271038519e+02 7.063425811880855463e+02 6.741303170031068248e+02 4.530785125740424064e+02 8.730795254580530127e+02 9.085823205037272601e+02 9.124124962464439932e+02 7.762148759264209730e+02 9.827580715680950334e+02 5.231689407058755705e+02 5.680422231232319064e+02 7.981178824214978249e+02 5.820071857379981566e+02 1.080412500296400594e+03 9.403367266543635878e+02 8.785346000113895570e+02 1.035342250123710755e+03 7.078383516661622252e+02
3.847058823529412166e+02 1.549887558126885324e+03 1.807952506047729685e+03 1.012949762460636066e+03 1.228051204269648679e+03 1.456670950528288131e+03 1.832954898242281160e+03 9.741339334336929596e+02 5.527703078153069782e+02 8.229889610246906386e+02 7.911253544780190623e+02 3.600792629052802454e+02 5.563285628353841048e+02 6.370935939889091060e+02 7.596590988012890193e+02 2.796875110405734404e+02 5.064276501762053613e+02 3.292356949213672124e+02 8.035085394020387639e+02 3.305661064012214183e+02 7.347759378983231500e+02 9.317169897001924710e+02 5.906196393863071989e+02 3.974981037683384102e+02 3.254623660152235516e+02 1.231523199131424917e+03 7.864294128416917147e+02 9.433839737669137548e+02 5.448249120606961924e+02 5.635755510125674164e+02 3.226974149566265737e+02 9.897066135148928652e+02 9.699998009891401125e+02 8.341479136347838903e+02 4.572354867693587721e+02 6.035482095336537895e+02 1.198368663672448974e+03 9.686510987511020403e+02 4.167398377495844102e+02 1.570985653004079950e+03 7.843134221501794627e+02 2.959980828645219049e+02 6.776018242182720996e+02 8.810097267863276329e+02 9.819761597823733155e+02 8.803402064956230788e+02 5.851557048085958286e+02 1.758687530361923109e+03 8.303735918742974036e+02 9.368519127677130882e+02 7.523674308522980709e+02 6.136539114602072686e+02 6.812766040458669750e+02 9.915250230820543038e+02 6.962300265074044319e+02 1.377732548329776819e+03 1.032428564098006746e+03 8.229807399960437806e+02 4.414209652093613840e+02 7.457748163662821526e+02 5.927356420408464146e+02 5.802848011834788622e+02 1.097881185873492996e+03 7.633406407908480560e+02 3.073373321881330185e+02 5.078748493452445132e+02 2.229011751763432585e+02 3.041073337051033718e+02 6.851258098041611220e+02 5.531981063127119569e+02 6.031223173002143767e+02 2.997361076484176579e+02 1.145489052023230897e+03 1.063886443079650917e+03 5.843521824545695154e+02 7.542772408925249010e+02 9.431318965020998348e+02 8.479203107014074021e+02 1.038193975404765524e+03 6.120027989012488661e+02 8.779952111990404546e+02 9.030231917504171406e+02 1.120394685140916863e+03 7.706167271246566770e+02 8.578573851766475400e+02 1.001990624866682083e+03 1.014731462200486590e+03 9.135146484263013917e+02 6.085509335830447526e+02 7.863645228465280752e+02 9.728348809079225248e+02 1.137559209123304981e+03 7.730384467711487559e+02 1.047534672664305390e+03 8.069912598710078555e+02 7.710476770299246709e+02 5.219338652704850574e+02 9.949391020870314151e+02 1.038775504355219027e+03 1.042094565961157741e+03 8.838173559414362899e+02 1.119915941366351490e+03 6.012838318255214745e+02 6.523867076692591809e+02 9.098735623110845836e+02 6.640263906076974081e+02 1.228731072916289122e+03 1.069175531944125169e+03 1.004288428797511074e+03 1.174589142750141946e+03 8.139785670563833264e+02
3.855882352941176805e+02 1.744283444913541871e+03 2.022601963428188355e+03 1.148887034306207170e+03 1.381991545523834930e+03 1.631922083802038514e+03 2.051215777256728416e+03 1.101119272263621724e+03 6.372974621188050151e+02 9.353202390328983711e+02 9.024703237857147542e+02 4.178980687055402541e+02 6.403866032619879434e+02 7.291026465057180985e+02 8.652309477537829707e+02 3.236242924111637080e+02 5.834289564780067394e+02 3.798751788064638504e+02 9.141907066793155536e+02 3.814787018617619765e+02 8.382105154250817804e+02 1.060006095814062746e+03 6.771011981857435558e+02 4.594759388032171046e+02 3.788843349284865667e+02 1.395388630721717163e+03 8.955458993762009641e+02 1.073422248026116449e+03 6.271049650802839324e+02 6.468117199058698361e+02 3.722797729722419149e+02 1.118000007147136330e+03 1.096314283869903875e+03 9.547096913916552694e+02 5.281124268689283099e+02 6.928564654161519911e+02 1.349855316313261937e+03 1.099919815825893238e+03 4.809792720447047714e+02 1.767957236088251420e+03 8.922149964681892698e+02 3.444521643392141641e+02 7.725335943412612778e+02 1.003131554066736044e+03 1.118702108719603530e+03 1.002791398379163411e+03 6.725672443093297943e+02 1.968684055972775695e+03 9.455271091569140935e+02 1.059064743818669058e+03 8.559916977483474056e+02 7.070112670923500673e+02 7.812973051951518073e+02 1.128697065681359163e+03 7.980544783043437747e+02 1.546383297352457930e+03 1.168518939281253779e+03 9.389331955601942354e+02 5.082608632108511415e+02 8.498730906588708649e+02 6.810476111004938957e+02 6.661193274640288564e+02 1.248815139765572440e+03 8.749321448249476134e+02 3.584760071610066348e+02 5.853916295295711052e+02 2.612363634904291416e+02 3.547809129528681638e+02 7.834094575670796985e+02 6.372554623832731977e+02 6.923237568890073135e+02 3.498315013547418744e+02 1.293035177046837589e+03 1.203816756253454059e+03 6.686652221511321841e+02 8.582919416381139399e+02 1.069093675734814497e+03 9.629621619657381189e+02 1.182728536610224410e+03 7.022620670447209932e+02 9.998920761188478536e+02 1.025263929898359038e+03 1.273711281363852095e+03 8.773708959625220132e+02 9.827034503828007246e+02 1.140967600037040029e+03 1.155649488719004921e+03 1.039549676956754411e+03 6.984617112942075892e+02 8.959379733880331287e+02 1.109240155964390624e+03 1.292949786659792608e+03 8.806395314055058634e+02 1.187643146500625335e+03 9.190605986868465607e+02 8.791719091248651239e+02 5.997631300485278416e+02 1.129476068885208633e+03 1.182576137088326277e+03 1.185432696425661561e+03 1.003051899727755540e+03 1.271809097735362002e+03 6.890316806537344974e+02 7.467133587594169057e+02 1.033659557948370775e+03 7.561184836598330321e+02 1.391696616901954030e+03 1.210606048664697482e+03 1.143902598935831520e+03 1.327074885536060037e+03 9.322805661503364263e+02
3.864705882352940876e+02 1.954642815642861251e+03 2.253016805126742383e+03 1.297537422143571803e+03 1.548734605260895023e+03 1.820535028559046395e+03 2.285622018088646200e+03 1.239252706861829893e+03 7.319130777949891353e+02 1.058559967926254330e+03 1.025367794648589552e+03 4.834789756271667898e+02 7.343010968187318213e+02 8.314484657308621536e+02 9.817232902284191596e+02 3.742768297019298416e+02 6.700478360286185762e+02 4.380769670345408144e+02 1.036135800395657270e+03 4.399575708771786822e+02 9.522802542743751246e+02 1.201082023849480038e+03 7.736804336720580295e+02 5.299494470660936258e+02 4.395358259276213175e+02 1.574452757958191114e+03 1.015565042129582253e+03 1.216352326356646927e+03 7.192514287250069174e+02 7.398560984529153757e+02 4.293291168827755655e+02 1.257429838185420522e+03 1.233759667666577343e+03 1.088281163130602408e+03 6.079769469186354627e+02 7.924978938746023687e+02 1.514311173929389724e+03 1.244181465417219215e+03 5.536593975939393886e+02 1.981048193039314128e+03 1.010746835815609188e+03 3.996973179089661130e+02 8.777003759711710700e+02 1.137925943183025083e+03 1.269202285046541647e+03 1.137591512717419846e+03 7.703150845531981759e+02 2.194341771706833242e+03 1.072281629703657472e+03 1.192409685484276451e+03 9.701697487207376298e+02 8.114958121866471856e+02 8.924099593870826084e+02 1.279434902743607381e+03 9.110805871751238101e+02 1.728999956608586217e+03 1.317037681147139892e+03 1.066851196506176848e+03 5.838035098468923252e+02 9.646402235667247851e+02 7.796858793749340748e+02 7.620850088753645650e+02 1.414514079270139746e+03 9.986363924546949420e+02 4.167811390615772780e+02 6.723146538806290664e+02 3.052939084043093771e+02 4.125683250795833601e+02 8.927153400155938243e+02 7.311858384651063716e+02 7.918128344145115989e+02 4.069758904583102890e+02 1.453421600129698163e+03 1.356458117402996777e+03 7.630653731779558484e+02 9.730123490641774424e+02 1.207425969299990584e+03 1.089209021290911778e+03 1.341618479381159432e+03 8.028679079425252212e+02 1.134246706763933389e+03 1.159732272357545526e+03 1.441889773630713535e+03 9.953072512869043749e+02 1.120953498467301188e+03 1.294001626826852544e+03 1.310768604129096275e+03 1.178305701759082694e+03 7.986871898822381581e+02 1.017190604383507434e+03 1.259637527344571481e+03 1.463227837453316852e+03 9.996866260684093959e+02 1.340878927378912067e+03 1.042970072506499491e+03 9.989539095945993949e+02 6.870723004632498032e+02 1.277062385623014734e+03 1.340472260726105560e+03 1.342899594170948149e+03 1.134254156245476452e+03 1.438919706150328011e+03 7.868889150153451055e+02 8.514985944514133962e+02 1.169863015685763230e+03 8.586960498197842071e+02 1.569674905169563090e+03 1.364926214440002468e+03 1.297887198865499386e+03 1.493048825245028866e+03 1.063335942432931006e+03
3.873529411764706083e+02 2.180943215039670577e+03 2.498887082050804111e+03 1.459139031026673592e+03 1.728266690198714286e+03 2.022315424604456666e+03 2.535875233212984313e+03 1.388645782547994713e+03 8.371684041941139185e+02 1.192967004123039942e+03 1.160193648033451609e+03 5.573540583548449376e+02 8.385855605352578550e+02 9.445486363069816207e+02 1.109461503874355913e+03 4.321295266478975350e+02 7.668136210048489829e+02 5.043445887445432163e+02 1.169650765841639441e+03 5.065058508540492994e+02 1.077329411405583187e+03 1.355288455796046719e+03 8.808069742718765838e+02 6.094675911637993977e+02 5.079488067695846212e+02 1.768971474629709746e+03 1.146794878678033683e+03 1.372517101698433407e+03 8.217844419625354249e+02 8.431676012114261312e+02 4.943455538070024886e+02 1.408088792487430737e+03 1.382444721472878882e+03 1.235379647051320262e+03 6.973616783076859065e+02 9.029590816288974793e+02 1.691757443729089800e+03 1.401725188997979103e+03 6.352900913750648897e+02 2.210232705436675133e+03 1.140184049605155451e+03 4.622383890502445638e+02 9.934348550895020935e+02 1.285757283401723498e+03 1.433880714220509844e+03 1.285101357582507035e+03 8.789094536259411825e+02 2.435387983769910079e+03 1.210969773023411335e+03 1.337010568946621561e+03 1.095187308235673299e+03 9.277043704289535526e+02 1.015097525239174843e+03 1.444112371937461830e+03 1.035784147905348391e+03 1.925482768263311300e+03 1.478158219941713014e+03 1.207127305027945795e+03 6.685502067532421506e+02 1.090400588422196051e+03 8.891563842356513305e+02 8.686633696660433088e+02 1.595354019397857883e+03 1.134967709428516173e+03 4.828097982836277424e+02 7.691607408223692346e+02 3.555704704440898922e+02 4.780249758269206382e+02 1.013478825189546910e+03 8.355158282094341757e+02 9.020704899503947445e+02 4.717243337999706227e+02 1.626734913699205435e+03 1.521977221612439507e+03 8.679869134092533614e+02 1.098733301450514318e+03 1.358363280782263701e+03 1.226911564240194139e+03 1.515282651879870173e+03 9.142957912881358880e+02 1.281417763575737126e+03 1.306700766036281493e+03 1.625289059015192379e+03 1.124754141225812646e+03 1.273162153283361704e+03 1.461502353568958142e+03 1.480506425011168403e+03 1.330125370894257458e+03 9.097051690283503831e+02 1.150482250305363550e+03 1.424476815232185118e+03 1.648743850314331894e+03 1.130527677895447823e+03 1.507482151102215084e+03 1.179072066766699663e+03 1.130781566692729257e+03 7.843408827712444236e+02 1.437974860563016591e+03 1.512850056156427399e+03 1.514866917868000428e+03 1.277680942381264913e+03 1.621623387324890473e+03 8.952929897757946947e+02 9.671689606428117258e+02 1.318786695165675610e+03 9.721225380797818616e+02 1.762905586279686304e+03 1.532324227857991218e+03 1.466663446842148460e+03 1.672638231708188414e+03 1.207668331657279850e+03
3.882352941176470722e+02 2.422982011940281609e+03 2.759703236026291506e+03 1.633811714717277255e+03 1.920432356952235750e+03 2.236905823473358851e+03 2.801473645230648344e+03 1.549294903602709837e+03 9.535699918254580325e+02 1.338705789463084102e+03 1.307237755923514442e+03 6.400435656172020344e+02 9.537049310107374822e+02 1.068760267844847931e+03 1.248688684155491046e+03 4.976727187034647955e+02 8.742215630079639368e+02 5.791825192684846115e+02 1.314954415381218723e+03 5.816270229652906210e+02 1.213621196633561112e+03 1.522863529758297091e+03 9.988794678033984837e+02 6.985664424652802609e+02 5.846469933918887136e+02 1.979056657003337477e+03 1.289454672216646713e+03 1.542152592328315450e+03 9.351799730914592601e+02 9.571575599278124855e+02 5.678313011774703227e+02 1.569952585664846083e+03 1.542364275332137595e+03 1.396435277264700517e+03 7.967717820505882855e+02 1.024672141976700459e+03 1.882078326600374112e+03 1.572733200020836875e+03 7.263602604130151121e+02 2.455302038725621514e+03 1.280712547615139329e+03 5.325776624138578654e+02 1.120001180317537774e+03 1.446896429225416796e+03 1.613031131968636373e+03 1.445582966581463324e+03 9.988116976256858379e+02 2.691354429157816412e+03 1.361830832912566166e+03 1.492883865062670111e+03 1.231247991302809396e+03 1.056183631602394598e+03 1.149775822836304542e+03 1.622989702652584128e+03 1.172571289289940751e+03 2.135579099318726549e+03 1.651933528380891858e+03 1.360063489315926745e+03 7.629766658225620404e+02 1.227396494544437473e+03 1.009912958349335213e+03 9.862864644796303537e+02 1.791585375805448393e+03 1.284360945446788264e+03 5.571176690932276188e+02 8.764079885108695862e+02 4.125729277871676572e+02 5.517053270700516805e+02 1.146069031650848274e+03 9.507239166786547457e+02 1.023522934719906743e+03 5.446316106038883618e+02 1.812928211087717273e+03 1.700416888558590017e+03 9.838160869781494284e+02 1.235668639415534699e+03 1.522036355501236358e+03 1.376224306610054782e+03 1.704020568287941387e+03 1.036964786175763720e+03 1.441668175604705311e+03 1.466343796173534429e+03 1.824139239719240777e+03 1.265958459830824040e+03 1.439792647472197359e+03 1.643766914754157597e+03 1.665165663466194019e+03 1.495250888302482963e+03 1.031937506531017334e+03 1.296092136627369655e+03 1.604099064251881600e+03 1.849715769882629729e+03 1.273431469105282986e+03 1.687570766113752143e+03 1.327635359252249827e+03 1.274963632116984172e+03 8.920081649386975187e+02 1.612378075199563909e+03 1.699975446558388057e+03 1.701586926436364593e+03 1.433494141677538892e+03 1.820169756914795698e+03 1.014627612516748513e+03 1.094086358748665589e+03 1.480632650999645648e+03 1.096697896850555480e+03 1.971484087214071224e+03 1.712862969210418896e+03 1.650544000440458149e+03 1.865832743844408242e+03 1.365715683615916760e+03
3.891176470588235361e+02 2.680362428571413602e+03 3.034746497446717058e+03 1.821542374584886375e+03 2.124922992413811244e+03 2.463776448652983163e+03 3.081701996836035960e+03 1.721069854584268114e+03 1.081564699109660523e+03 1.495833017760093298e+03 1.466688728087782238e+03 7.320440597939456211e+02 1.080061199275309491e+03 1.204365174367654163e+03 1.399551340124014814e+03 5.713928219103414676e+02 9.927182623070789305e+02 6.630848385241229153e+02 1.472162986576007597e+03 6.658135350525249123e+02 1.361323820897577207e+03 1.703923910891444166e+03 1.128230712042971618e+03 7.977563752817696923e+02 6.701349564057218231e+02 2.204659023485772195e+03 1.443661058211383079e+03 1.725371784912147859e+03 1.059855274131866281e+03 1.082175219903552261e+03 6.502795172759578008e+02 1.742868784638095121e+03 1.713387640833827618e+03 1.571773098208584997e+03 9.066712314242284947e+02 1.157999740309677236e+03 2.085008566705278554e+03 1.757264535252582164e+03 8.273250797016637534e+02 2.715850615697516787e+03 1.432415774118525860e+03 6.112046315298774743e+02 1.257580898038842861e+03 1.621503876996707731e+03 1.806819377671440634e+03 1.619183846170258448e+03 1.130418952693921483e+03 2.961567229333648356e+03 1.524996047247144816e+03 1.659926525914883541e+03 1.378459699768225619e+03 1.197413644680234711e+03 1.296777703989618203e+03 1.816196645190923164e+03 1.321762550984461541e+03 2.358871490609047214e+03 1.838282466995128743e+03 1.525855373251899891e+03 8.675200790085534663e+02 1.375774358675822668e+03 1.142342304192416577e+03 1.115322067149005761e+03 2.003314688851177380e+03 1.447154711972820905e+03 6.402483778271885058e+02 9.944817062352899484e+02 4.768102120469613965e+02 6.341523090093290875e+02 1.290773343055274836e+03 1.077226105679098282e+03 1.156526749729145649e+03 6.262417594256417033e+02 2.011808112490424946e+03 1.891682115822729656e+03 1.110876343503241515e+03 1.383937215292487735e+03 1.698457150344319643e+03 1.537191951219560224e+03 1.907994430101693069e+03 1.171222637554509674e+03 1.615148903381347964e+03 1.638722081045573987e+03 2.038523397229791954e+03 1.419070864781776663e+03 1.621198541026800967e+03 1.840962100612954146e+03 1.864916176218315059e+03 1.673807631366416217e+03 1.165735216936469669e+03 1.454203061036823101e+03 1.798718589007399487e+03 2.066211059103238767e+03 1.428572005840666634e+03 1.881125519794227557e+03 1.488829226154408843e+03 1.431713951662555928e+03 1.010459167176112715e+03 1.800308490991945746e+03 1.901976618098019344e+03 1.903175036070827673e+03 1.601745439771131032e+03 2.034663777373193170e+03 1.145207992025706517e+03 1.232533343064181963e+03 1.655486667749738672e+03 1.232644317153331031e+03 2.195344974646930496e+03 1.906465854569296880e+03 1.849714060267494460e+03 2.072470459119630050e+03 1.537812771481923392e+03
3.900000000000000000e+02 2.952482604864430868e+03 3.323082895429573909e+03 2.022171954319062024e+03 2.341267766857158222e+03 2.702218951499590275e+03 3.375625262407464561e+03 1.903704035464534400e+03 1.221524583833974475e+03 1.664285549845680407e+03 1.638619432503686767e+03 8.338159845608721525e+02 1.217979032231498422e+03 1.351555495329827409e+03 1.562086092461556746e+03 6.537616969185560265e+02 1.122686910349022810e+03 7.565231637469601083e+02 1.641276731253966091e+03 7.595347323150101602e+02 1.520497322812579569e+03 1.898450019578546517e+03 1.269112962765516386e+03 9.075086585852336611e+02 7.648865898394518581e+02 2.445553022611256438e+03 1.609415158692738032e+03 1.922149706573404046e+03 1.196154260687762417e+03 1.218493365298279969e+03 7.421624049696905558e+02 1.926547370131333537e+03 1.895248798074744627e+03 1.761595845001050975e+03 1.027468779157904692e+03 1.303220295483899235e+03 2.300123262423579490e+03 1.955240239013891596e+03 9.385928235137729416e+02 2.991264979949253302e+03 1.595262525019742498e+03 6.985850928801875170e+02 1.406259607864638383e+03 1.809613983321723936e+03 2.015266955457819222e+03 1.805922219069839457e+03 1.274048855837255360e+03 3.245140305065043322e+03 1.700474914724542941e+03 1.837905510881602822e+03 1.536821998193639047e+03 1.351791304765007226e+03 1.456337661688598473e+03 2.023716813134242784e+03 1.483577508947662636e+03 2.594768371278794348e+03 2.036977863829199350e+03 1.704577451801123971e+03 9.825658223807503191e+02 1.535571638072374753e+03 1.286749032778164747e+03 1.256058955667261216e+03 2.230487754411478818e+03 1.623575063780579512e+03 7.327220547583496000e+02 1.123740215420420327e+03 5.487843117104659996e+02 7.258859729143645154e+02 1.447782398408833615e+03 1.215361471034955457e+03 1.301354121635803267e+03 7.170768298037673958e+02 2.223023986032118046e+03 2.095528054569270353e+03 1.249413764011244666e+03 1.543549873320060897e+03 1.887505141573468563e+03 1.709736954871214721e+03 2.127212359770616786e+03 1.317331006423510644e+03 1.801883715200855477e+03 1.823768511185354555e+03 2.268360989792087821e+03 1.584131836473613703e+03 1.817605995238408923e+03 2.053107672936439030e+03 2.079778276022594127e+03 1.865788921615138634e+03 1.311363738375885305e+03 1.624886358478687271e+03 2.008405939736945356e+03 2.298130454950305193e+03 1.596013879911705999e+03 2.087976611999312354e+03 1.662708361646023832e+03 1.601136400568384715e+03 1.140010519291358605e+03 2.001659966242933478e+03 2.118828006121706949e+03 2.119593750837173957e+03 1.782362439987899734e+03 2.265048650348648607e+03 1.287266304486097397e+03 1.382698911493349442e+03 1.843303957475254037e+03 1.380092463815344672e+03 2.434247300746793826e+03 2.112904366505916187e+03 2.064213684598358668e+03 2.292226083630673656e+03 1.724174193210672229e+03
3.908823529411765207e+02 3.238527941424018536e+03 3.623561299318107103e+03 2.235384312215920545e+03 2.568827187786489503e+03 2.951343266529592711e+03 3.682086243423684209e+03 2.096786756753778263e+03 1.373732041033026007e+03 1.843869761711160663e+03 1.822973770396781674e+03 9.457708823729658434e+02 1.367691699772127322e+03 1.510420060208711448e+03 1.736207445307353055e+03 7.452253833965867216e+02 1.264432620750234491e+03 8.599340401323548804e+02 1.822167842877212252e+03 8.632242371831348464e+02 1.691081602233693275e+03 2.106272878843923536e+03 1.421683873751936062e+03 1.028241659167842045e+03 8.693331140482969204e+02 2.701324177800217512e+03 1.786591153016562885e+03 2.132310161782650539e+03 1.344333105145335139e+03 1.366294428974205630e+03 8.439187456799943448e+02 2.120553411367874105e+03 2.087538596588533437e+03 1.965967714956071632e+03 1.159503866063854730e+03 1.460513617007262837e+03 2.526830302599290007e+03 2.166430300929160694e+03 1.060511506949621207e+03 3.280716293630724977e+03 1.769096174855024174e+03 7.951497356009593886e+02 1.566014602338666009e+03 2.011120751776934640e+03 2.238236283455270041e+03 2.005673819164481756e+03 1.429924716585964234e+03 3.540972778645270409e+03 1.888142864846598968e+03 2.026449173044096142e+03 1.706214747299129613e+03 1.519613977274730360e+03 1.628577117418548596e+03 2.245373740049737989e+03 1.658120135257894617e+03 2.842497828997137731e+03 2.247636775753393522e+03 1.896169442441067076e+03 1.108434051522355276e+03 1.706705035278255309e+03 1.443341089011497388e+03 1.408692576384666154e+03 2.472874852250419735e+03 1.813720064912349244e+03 8.350232748165941530e+02 1.264460795593607145e+03 6.289805446617091320e+02 8.273915000732130238e+02 1.617175820365291202e+03 1.365377997726326839e+03 1.458178626481357696e+03 8.176249905790496086e+02 2.446059486136402484e+03 2.311550052540002525e+03 1.399582926209291145e+03 1.714397664327544135e+03 2.088915463827082476e+03 1.893648671978942730e+03 2.361513413425318049e+03 1.475451329873274062e+03 2.001755496984575075e+03 2.021275704256634981e+03 2.513393272127715136e+03 1.761059078809364109e+03 2.029097079418530939e+03 2.280061368394934107e+03 2.309607666612548201e+03 2.071042392814799314e+03 1.468988748639976166e+03 1.808088172584925587e+03 2.233072473640496810e+03 2.545193785939684403e+03 1.775698775336235485e+03 2.307792297488000258e+03 1.849199172128581722e+03 1.783210937649894277e+03 1.280896604819192135e+03 2.216171204091443087e+03 2.350335981961371090e+03 2.350638399634897723e+03 1.975136341194744091e+03 2.511090645670811682e+03 1.440937858239544312e+03 1.544664950131348860e+03 2.043896486270132073e+03 1.539068421521222035e+03 2.687762418761592016e+03 2.331787833556427813e+03 2.293921745485276915e+03 2.524601557396628323e+03 1.924878389656653781e+03
3.917647058823529278e+02 3.537467249473911579e+03 3.934815688141727605e+03 2.460697461992769604e+03 2.806789640330205202e+03 3.210077995711780204e+03 3.999707550809144777e+03 2.299757801447557995e+03 1.538365409492877234e+03 2.034252779525537335e+03 2.019555056589296100e+03 1.068258450827482875e+03 1.529327576297542009e+03 1.680931784757355899e+03 1.921697211337290810e+03 8.461923501543861903e+02 1.418168117151544948e+03 9.737059866583196026e+02 2.014570095369730097e+03 9.772670086082216585e+02 1.872885865816304431e+03 2.327062945845316790e+03 1.585993184193545176e+03 1.160306904695404455e+03 9.838507956418468439e+02 2.971359164845878240e+03 1.974926383278916092e+03 2.355514496954375318e+03 1.504546413929297614e+03 1.525657274298208222e+03 9.559410719851308613e+02 2.324302059181569348e+03 2.289699270858200634e+03 2.184799619559927123e+03 1.303032777531265083e+03 1.629947401270897217e+03 2.764365647805000208e+03 2.390442799063980601e+03 1.193355631908284067e+03 3.583156531996674403e+03 1.953625572717202431e+03 9.012823741457860933e+02 1.736703875174526047e+03 2.225765361830503480e+03 2.475417938334881001e+03 2.218160505671452484e+03 1.598161323955270973e+03 3.847750391826114992e+03 2.087730719994565789e+03 2.225040911142841651e+03 1.886388358937462499e+03 1.701063840444299103e+03 1.813490859824605650e+03 2.480819067361124780e+03 1.845365332774571471e+03 3.101104700544716252e+03 2.469713018318755985e+03 2.100424462767167824e+03 1.245366425388424659e+03 1.888960229641838168e+03 1.612215992749377392e+03 1.573311485178988960e+03 2.730058327845046279e+03 2.017545663719751474e+03 9.475885480672978929e+02 1.416826095367252719e+03 7.178571903474545479e+02 9.391067728844091107e+02 1.798909124819270573e+03 1.527418981982741798e+03 1.627061813176514761e+03 9.283281817909816027e+02 2.680226952346535199e+03 2.539176301209096437e+03 1.561433631432495758e+03 1.896241664518774769e+03 2.302269263370106273e+03 2.088574390984355432e+03 2.610554879966850422e+03 1.645631431755904032e+03 2.214494372923860283e+03 2.230885488863862520e+03 2.773171344158704414e+03 1.949636363680193881e+03 2.255594553362167517e+03 2.521506011959454099e+03 2.554082497449572656e+03 2.289258389368755616e+03 1.638662831192685644e+03 2.003617209753678026e+03 2.472456768900998668e+03 2.806928395139720578e+03 1.967433580978777400e+03 2.540069985169795473e+03 2.048087708525848029e+03 1.977781150392218478e+03 1.433256236849668767e+03 2.443415485698801604e+03 2.596126813931558445e+03 2.595925172115546502e+03 2.179711720610802786e+03 2.772366220333661204e+03 1.606248092604006388e+03 1.718393871368277132e+03 2.256922232317644102e+03 1.709481856054978152e+03 2.955264587365999432e+03 2.562555668881163456e+03 2.538542032580381147e+03 2.768919440608081004e+03 2.139853121686786380e+03
3.926470588235293917e+02 3.848052825457132712e+03 4.255271711548738494e+03 2.697457525773121233e+03 3.054171128813833548e+03 3.477174329744022998e+03 4.326897993697949460e+03 2.511904642986702584e+03 1.715485509839901624e+03 2.234955812520850031e+03 2.228016345568395082e+03 1.201553703243730070e+03 1.702897651844746406e+03 1.862936552424686624e+03 2.118195801035749810e+03 9.570214709387018956e+02 1.584000125154450870e+03 1.098166422916622423e+03 2.218070518652659302e+03 1.101986294399470580e+03 2.065579965262957558e+03 2.560321293305662493e+03 1.761970700816465978e+03 1.303975304235801786e+03 1.108748629257943549e+03 3.254839300900393937e+03 2.174013601665330953e+03 2.591252849326437627e+03 1.676834217411820191e+03 1.696545149157389233e+03 1.078562689412824739e+03 2.537056224943170946e+03 2.501021540134826409e+03 2.417836347638001826e+03 1.458215272967180454e+03 1.811464887334845571e+03 3.011791824050068954e+03 2.626715605619105190e+03 1.337313224705746734e+03 3.897318734393261366e+03 2.148418046195661645e+03 1.017308067926304375e+03 1.918056719667030848e+03 2.453125977326889370e+03 2.726320414076537418e+03 2.442941030355014391e+03 1.778751872895727274e+03 4.163951330030528879e+03 2.298816166574636554e+03 2.433015325994683735e+03 2.076955959400851043e+03 1.896193172777465861e+03 2.010934970580880872e+03 2.729523304729885240e+03 2.045147026213659501e+03 3.369451163055198776e+03 2.702492545434504336e+03 2.316979036899087532e+03 1.393513353528352582e+03 2.081983453488661780e+03 1.793348050234398215e+03 1.749884808217190539e+03 3.001423070167682909e+03 2.234853207384915549e+03 1.070793594919518227e+03 1.580911248803465696e+03 8.158346531191265285e+02 1.061409698393379358e+03 1.992802116520894742e+03 1.701510301001113021e+03 1.807940979046212306e+03 1.049569501324351904e+03 2.924664783708014056e+03 2.777663240580413003e+03 1.734898783303324990e+03 2.088704735840389276e+03 2.526986436584854800e+03 2.294012598376892129e+03 2.873801990340079101e+03 1.827793507266073220e+03 2.439668111679121921e+03 2.452080808251051621e+03 3.047046915649674247e+03 2.149504386852305288e+03 2.496848558801899344e+03 2.776939115306383428e+03 2.812692982542431764e+03 2.519960659008435414e+03 1.820313388818706017e+03 2.211134537627933696e+03 2.726113513310483086e+03 3.082660521953417629e+03 2.170880389362011101e+03 2.784130038665710345e+03 2.259009608336687052e+03 2.184543617392595024e+03 1.597120120536598733e+03 2.682792994354983875e+03 2.855637319580303938e+03 2.854881757235887108e+03 2.395578542065275087e+03 3.048252084366539293e+03 1.783100863595387182e+03 1.903717595807449015e+03 2.481876813209546981e+03 1.891115597373301171e+03 3.235924843095697270e+03 2.804472504924387067e+03 2.797591847532797601e+03 3.024319371401569697e+03 2.368862663907630576e+03
3.935294117647059124e+02 4.168824841663081315e+03 4.583157756992818577e+03 2.944835566688439030e+03 3.309818304609425013e+03 3.751213657558900195e+03 4.661863476359851120e+03 2.732362339942319522e+03 1.905023352207163271e+03 2.445349941189338551e+03 2.447852981751160769e+03 1.345844500975158098e+03 1.888284281657381143e+03 2.056143746745954559e+03 2.325195679309301795e+03 1.078009940460999360e+03 1.761916870332291865e+03 1.233568746108693631e+03 2.432103402710025875e+03 1.237630755014057740e+03 2.268687781591476778e+03 2.805373571116013864e+03 1.949415706313064220e+03 1.459423794569933762e+03 1.244256234431299617e+03 3.550737433191185573e+03 2.383295366759182343e+03 2.838838037058704685e+03 1.861110246381318575e+03 1.878794939160429067e+03 1.212044799344119838e+03 2.757927007880588008e+03 2.720644471185654766e+03 2.664645933141309797e+03 1.625102089329972614e+03 2.004873999378208737e+03 3.267999746472337392e+03 2.874510918541159754e+03 1.492473612989374033e+03 4.221721600406835023e+03 2.352894551808879442e+03 1.143481298840826867e+03 2.109666325953547585e+03 2.692610138868008562e+03 2.990262765678051892e+03 2.679404493563529286e+03 1.971556279699471133e+03 4.487856262330903519e+03 2.520817682618428080e+03 2.649557092894970083e+03 2.277387708519798252e+03 2.104911015756369579e+03 2.220616470930020569e+03 2.990769391804819861e+03 2.257148099258982256e+03 3.646221102947579766e+03 2.945091796260795945e+03 2.545305631276660279e+03 1.552921907511869222e+03 2.285275223145513792e+03 1.986577080905088451e+03 1.938251158484693178e+03 3.286150155147994610e+03 2.465278981497685436e+03 1.204940646890586322e+03 1.756672184422036025e+03 9.232843098789209080e+02 1.194605560551170356e+03 2.198529076383188567e+03 1.887548987006325888e+03 2.000618460915382911e+03 1.181660570855468904e+03 3.178338031917816352e+03 3.026094121746804376e+03 1.919783650366994607e+03 2.291265485816289129e+03 2.762321212924643987e+03 2.509308734527374781e+03 3.150520838277688199e+03 2.021723537485279849e+03 2.676675008144219646e+03 2.684180376412586156e+03 3.334166584066362248e+03 2.360153864643713405e+03 2.752425616196236660e+03 3.045665335406176382e+03 3.084733841664278316e+03 2.762499767647339013e+03 2.013732014025680655e+03 2.430145640049888243e+03 2.993405086908685462e+03 3.371509920725144639e+03 2.385548841035832538e+03 3.039112628144843256e+03 2.481442412896129554e+03 2.403039433972972802e+03 1.772399605108362721e+03 2.933526081980212894e+03 3.128108489705516604e+03 3.126741067193102026e+03 2.622066901950554438e+03 3.337918420531533229e+03 1.971268313482292115e+03 2.100328335598598642e+03 2.718087778566754878e+03 2.083617007843889951e+03 3.528708384010830287e+03 3.056626329114956206e+03 3.070393572369211142e+03 3.289757947837370011e+03 2.611497282025462937e+03
3.944117647058823195e+02 4.498119870469856323e+03 4.916520220063118359e+03 3.201827647961319599e+03 3.572414989826506371e+03 4.030618801274709313e+03 5.002622205856499022e+03 2.960116436675596560e+03 2.106769404556109293e+03 2.664654464056543929e+03 2.678397746705856207e+03 1.501219715203909118e+03 2.085231534892513082e+03 2.260118831425842473e+03 2.542037296382922705e+03 1.209381347654440333e+03 1.951776819422400195e+03 1.380079780336011027e+03 2.655946894110148605e+03 1.384361933154793178e+03 2.481582997838659594e+03 3.061366776743064747e+03 2.147988254782732838e+03 1.626722702271964181e+03 1.390512171508971505e+03 3.857818759851254072e+03 2.602061113418617879e+03 3.097402599607042248e+03 2.057151712694467733e+03 2.072108243685475827e+03 1.356564010872714562e+03 2.985877042823206921e+03 2.947558223858354722e+03 2.924611740607871525e+03 1.803623517101044854e+03 2.209838301665420659e+03 3.531713967071546449e+03 3.132912951082960262e+03 1.658816089516412148e+03 4.554678285520087229e+03 2.566327514559299743e+03 1.279974545674136834e+03 2.310984564477910226e+03 2.943450006714975189e+03 3.266370290017526258e+03 2.926766467917180307e+03 2.176291214195263365e+03 4.817562783185403532e+03 2.752991141015310404e+03 2.873702634081119868e+03 2.487007673272766624e+03 2.326971541195654936e+03 2.442085230165916983e+03 3.263649462489830967e+03 2.480892551221822487e+03 3.929928167139844845e+03 3.196459082900164503e+03 2.784707679035504498e+03 1.723524843667437153e+03 2.498186466647529869e+03 2.191598870634597915e+03 2.138109237609816319e+03 3.583214058422758626e+03 2.708286235480361029e+03 1.350245956225258396e+03 1.943935201491098496e+03 1.040517252718211239e+03 1.338914577708810839e+03 2.415611246676657174e+03 2.085293382116743942e+03 2.204752744861298652e+03 1.324829166725754931e+03 3.440042455314537165e+03 3.283380700688433990e+03 2.115757057777148475e+03 2.503254626137405467e+03 3.007360741741318634e+03 2.733653604231100417e+03 3.439774453303294649e+03 2.227062598184110811e+03 2.924739710107780866e+03 2.926336063407875827e+03 3.633469480125002519e+03 2.580921026438566514e+03 3.021700319056452827e+03 3.326792197121642857e+03 3.369300097760333301e+03 3.016049451730371857e+03 2.218565798846979305e+03 2.659994934709146946e+03 3.273496286630083432e+03 3.672388215422498888e+03 2.610790864578013952e+03 3.303977838697097923e+03 2.714700421939307489e+03 2.632648261226011073e+03 1.958876866191357067e+03 3.194657746714263794e+03 3.412582439203691138e+03 3.410538226921225487e+03 2.858344555019260042e+03 3.640325694949913668e+03 2.170382617149346061e+03 2.307771460191151618e+03 2.964711803618005888e+03 2.286491471665782683e+03 3.832375803235637704e+03 3.317929994722599986e+03 3.356069446552681256e+03 3.564012074168953859e+03 2.867165228800997284e+03
3.952941176470587834e+02 4.834083834841133466e+03 5.253242969553070907e+03 3.467258164778979790e+03 3.840492070042508203e+03 4.313668826647868627e+03 5.347024305088652909e+03 3.194008756156860272e+03 2.320364797344044291e+03 2.891938067799455894e+03 2.918818839661994843e+03 1.667658389027629255e+03 2.293337557151850888e+03 2.474278274017676267e+03 2.767907678707582363e+03 1.351274226641193536e+03 2.153299163029535521e+03 1.537767965698315720e+03 2.888722395601239441e+03 1.542242567016525754e+03 2.703487489557719073e+03 3.327269448855633527e+03 2.357202516513385490e+03 1.805824217844808572e+03 1.547553099254270592e+03 4.174645543074672787e+03 2.829446803519423156e+03 3.365898956201438068e+03 2.264590925716722722e+03 2.276044314809444131e+03 1.512200478459954184e+03 3.219726858816259664e+03 3.180609803609394021e+03 3.196927521185111345e+03 1.993579529835201356e+03 2.425870124017125363e+03 3.801501429468600691e+03 3.400828875773248001e+03 1.836199831557083371e+03 4.894309614869511279e+03 2.787841213041821447e+03 1.426867400958810094e+03 2.521319142828390341e+03 3.204700699187343162e+03 3.553573758830083534e+03 3.184068300591951811e+03 2.392522230461563595e+03 5.151003871145471749e+03 2.994429242910595804e+03 3.104344825648301139e+03 2.704993145505935445e+03 2.561964596930319203e+03 2.674728220947823502e+03 3.547065064308782894e+03 2.715740131010011737e+03 4.218927541751865647e+03 3.455379432739793174e+03 3.034317641337302121e+03 1.905131009370931679e+03 2.719917311364460147e+03 2.407957693102388930e+03 2.349010544764122187e+03 3.891383565266765800e+03 2.963159853531328736e+03 1.506827989516859361e+03 2.142388369673969009e+03 1.167773135408938288e+03 1.494460072378531322e+03 2.643411600042993086e+03 2.294355133890317120e+03 2.419851710029251535e+03 1.479207306533513702e+03 3.708411929821670128e+03 3.548268412845716739e+03 2.322344472632445559e+03 2.723854050609933893e+03 3.261026870366524236e+03 2.966084706308703517e+03 3.740422577883988652e+03 2.443300409688420586e+03 3.182912056902569930e+03 3.177533581303869141e+03 3.943688873484926717e+03 2.810985952548022851e+03 3.303850144479811661e+03 3.619229254094490898e+03 3.665286297247028870e+03 3.279606152499313339e+03 2.434310730590007097e+03 2.899863248126283906e+03 3.565352448154072135e+03 3.984000972824826022e+03 2.845798244785181396e+03 3.577509199438848100e+03 2.957932566926087020e+03 2.872585098423026011e+03 2.156196831939540971e+03 3.465053397908101033e+03 3.707902911002654491e+03 3.705111141245276485e+03 3.103417496286798269e+03 3.954225184072005504e+03 2.379929821564455324e+03 2.525440643644798911e+03 3.220734982934925483e+03 2.499098181007181665e+03 4.145488130918353818e+03 3.587126051737770922e+03 3.653539877832967250e+03 3.845685841564959446e+03 3.135087711351670350e+03
3.961764705882353041e+02 5.174689023235954664e+03 5.591070621822483190e+03 3.739786608840319786e+03 4.112440753831427173e+03 4.598517069771860406e+03 5.692775169898873173e+03 3.432746224438975787e+03 2.545294627632736592e+03 3.126122887933303900e+03 3.168120680993027236e+03 1.845020017651041371e+03 2.512048971541844367e+03 2.697886892226665623e+03 3.001841868703473210e+03 1.503731272701628313e+03 2.366056314079015465e+03 1.706592469718768143e+03 3.129396890819525652e+03 1.711225733496619114e+03 2.933472418099539937e+03 3.601874994144093307e+03 2.576422579739773482e+03 1.996552210069237162e+03 1.715303875547140706e+03 4.499585910605105710e+03 3.064437573788497957e+03 3.643103094534586944e+03 2.482909162397942964e+03 2.490015339448935265e+03 1.678926995139399651e+03 3.458164164484467165e+03 3.418511741267914658e+03 3.480595663338481700e+03 2.194631585273452401e+03 2.652326059957537836e+03 4.075783533958096996e+03 3.676993231388214099e+03 2.024355427878019555e+03 5.238561404200747347e+03 3.016415037725511866e+03 1.584136611564317946e+03 2.739833465654021438e+03 3.475241954500797874e+03 3.850612168110223593e+03 3.450179595684869128e+03 2.619658161435922921e+03 5.485970211917735469e+03 3.244063976115902278e+03 3.340240575852306392e+03 2.930376851602369698e+03 2.809308635620424411e+03 2.917766538304808364e+03 3.839730848892845188e+03 2.960883752048864608e+03 4.511431298210163732e+03 3.720482595998302259e+03 3.293098061238700666e+03 2.097417356390707482e+03 2.949518534039519636e+03 2.635041214548060907e+03 2.570354309538169673e+03 4.209226606742089643e+03 3.229004034780514303e+03 1.674696345233091961e+03 2.351574862861526981e+03 1.305209417435283513e+03 1.661257445076510294e+03 2.881132392735191843e+03 2.514193463177242393e+03 2.645268295011906503e+03 1.644820197633345515e+03 3.981929270057908070e+03 3.819344866972980071e+03 2.538923577741454665e+03 2.952098624560845565e+03 3.522081084413927783e+03 3.205490493999809587e+03 4.051125105977062049e+03 2.669771234962289782e+03 3.450069191081266126e+03 3.436596248047616427e+03 4.263357605220754522e+03 3.049373673667006187e+03 3.597853510624771388e+03 3.921690897823617433e+03 3.971389486279719677e+03 3.551991911177817201e+03 2.660307573270808462e+03 3.148768159646375352e+03 3.867741166757702558e+03 4.304853819030054183e+03 3.089603143805713444e+03 3.858320705083839584e+03 3.210123197586702190e+03 3.121899960653170183e+03 2.363861313696690104e+03 3.743406154745281128e+03 4.012719535513420851e+03 4.009104821249490215e+03 3.356133752384911077e+03 4.278163595153902861e+03 2.599246187454200481e+03 2.752575599891600177e+03 3.484976399653309272e+03 2.720648519663980096e+03 4.466416019662369763e+03 3.862795101393055575e+03 3.961525564532845237e+03 4.133221075915806068e+03 3.414296966447268460e+03
3.970588235294117112e+02 5.517755026204624301e+03 5.927635182833195358e+03 4.017917655211460897e+03 4.386528915051423610e+03 4.883212269484482931e+03 6.037462489163658574e+03 3.674912495803362617e+03 2.780883786204946773e+03 3.365991469596931438e+03 3.425148026167433727e+03 2.033036458163547650e+03 2.740657913342235588e+03 2.930057973228290393e+03 3.242727199095825199e+03 1.666689527387717135e+03 2.589468574321071173e+03 1.886393614680840301e+03 3.376788291638776172e+03 1.891145392399474076e+03 3.170462186021881280e+03 3.883808610122423943e+03 2.804860684438580392e+03 2.198593720635909904e+03 1.893568994366981542e+03 4.830826658395399136e+03 3.305873207171160630e+03 3.927621607263982241e+03 2.711432806748816802e+03 2.713284161726571256e+03 1.856599301268169484e+03 3.699755992246090045e+03 3.659853683095626366e+03 3.774428926972734644e+03 2.406296476457477183e+03 2.888405068469795424e+03 4.352851606783231546e+03 3.959975822696756040e+03 2.222878126648372927e+03 5.585225821558238749e+03 3.250889587997680337e+03 1.751647198187129788e+03 2.965549089946136064e+03 3.753783170902696384e+03 4.156039213725754053e+03 3.723804011099320178e+03 2.856948148152591784e+03 5.820135996876510035e+03 3.500672254555234758e+03 3.580021357948350669e+03 3.162051926411962086e+03 3.068246305341574498e+03 3.170255243898163826e+03 4.140182003325941878e+03 3.215349787845769697e+03 4.805527083576522273e+03 3.990254397296862862e+03 3.559845865871819115e+03 2.299922940179015768e+03 3.185896033358992554e+03 2.872077969022480374e+03 2.801385024353613971e+03 4.535119125241528309e+03 3.504743186801530101e+03 1.853741889589585071e+03 2.570888575438114913e+03 1.452891111982567736e+03 1.839204214438693725e+03 3.127815619993223208e+03 2.744111771725692961e+03 2.880198761635912433e+03 1.821576251889291825e+03 4.258940380387266487e+03 4.095051665737111307e+03 2.764722274538036800e+03 3.186880898015225739e+03 3.789132886848917224e+03 3.450617670662355067e+03 4.370349484219152146e+03 2.905652478388372856e+03 3.724920992888263299e+03 3.702192114972283889e+03 4.590817606926068947e+03 3.294958349951898072e+03 3.902491445400027260e+03 4.232702959744929103e+03 4.286115922396400492e+03 3.831860607914270076e+03 2.895740369966228172e+03 3.405567499864088859e+03 4.179237781846391954e+03 4.633262458826582588e+03 3.341081575086869634e+03 4.144867319050441438e+03 3.470096073186390640e+03 3.379480752615224901e+03 2.581225237174715403e+03 4.028245609275361858e+03 4.325495787832122005e+03 4.320979421238706891e+03 3.615190271755834146e+03 4.610491590408448246e+03 2.827517061694995391e+03 2.988262510426919562e+03 3.756095010277785150e+03 2.950207114414461557e+03 4.793352758115098368e+03 4.143367435505244430e+03 4.278553371558343315e+03 4.424911298713231190e+03 3.703637710022771444e+03
3.979411764705882888e+02 5.860973185294026734e+03 6.260485644447988307e+03 4.300014543142913681e+03 4.660920386401004180e+03 5.165722224082548564e+03 6.378586169036237152e+03 3.918982362943645967e+03 3.026295340257971020e+03 3.610196609825584801e+03 3.688593004315163398e+03 2.231305510013797630e+03 2.978301486046298578e+03 3.169756117404519955e+03 3.489310613813558575e+03 1.839971770258266588e+03 2.822801298119783496e+03 2.076884770277618372e+03 3.629573747558849391e+03 2.081708392654398722e+03 3.413241277926272232e+03 4.171537450158904903e+03 3.041578243564269997e+03 2.411492348526717706e+03 2.082025615275213113e+03 5.166389897575605573e+03 3.552456547536483868e+03 4.217902173614567801e+03 2.949332143166762762e+03 2.944964581054965947e+03 2.044947825104857202e+03 3.942963531174373202e+03 3.903116612681033075e+03 4.077055668997271823e+03 2.627942377915548150e+03 3.133149340072709947e+03 4.630885139782501938e+03 4.248192976620949594e+03 2.431223176689748016e+03 5.931966207957105325e+03 3.489975592716708888e+03 1.929145032672878187e+03 3.197351008960973104e+03 4.038871779855911882e+03 4.468233431404590192e+03 4.003488336604355027e+03 3.103481352303685981e+03 6.151087602359087214e+03 3.762884548822144552e+03 3.822206455963907047e+03 3.398779693855055484e+03 3.337843067120903925e+03 3.431086265684635237e+03 4.446785183546232474e+03 3.478001474054134633e+03 5.099199762514031136e+03 4.263051100783991387e+03 3.833199848404747172e+03 2.512044991054945058e+03 3.427817989978686455e+03 3.118137522739249562e+03 3.041192638220299159e+03 4.867257686643817578e+03 3.789126028757657423e+03 2.043728244672668097e+03 2.799572153920267738e+03 1.610781478008669183e+03 2.028071509250125018e+03 3.382346283189820497e+03 2.983256904416210546e+03 3.123683668132770890e+03 2.009258453304760906e+03 4.537671362519985450e+03 4.373699414286494175e+03 2.998819337706215720e+03 3.426958619588256624e+03 4.060651238856795317e+03 3.700081317178096469e+03 4.696381837261478722e+03 3.149965981469106282e+03 4.006018844526450721e+03 3.972844163707487496e+03 4.924233197491224018e+03 3.546470349149150479e+03 4.216352786392279995e+03 4.550613026738074041e+03 4.607791636581237071e+03 4.117707669044517388e+03 3.139637604069375811e+03 3.668965996866522801e+03 4.498234546016235981e+03 4.967366648311503013e+03 3.598960076472816127e+03 4.435458790585261340e+03 3.736521528721839331e+03 3.644059078512131691e+03 2.807495521462648867e+03 4.317949902449519868e+03 4.644520806267025364e+03 4.639022074621600950e+03 3.879142990172531881e+03 4.949376393896282025e+03 3.063778420888882465e+03 3.231437362256080178e+03 4.032599785899249127e+03 3.186695712769138026e+03 5.124331094555480377e+03 4.427137973172563761e+03 4.602966062114933266e+03 4.718918952914217698e+03 4.001772056752893150e+03
3.988235294117646959e+02 6.201934500798334739e+03 6.587120016025970472e+03 4.584315734998294829e+03 4.933696880562325532e+03 5.443959852950921231e+03 6.713590938040264518e+03 4.163338806112829843e+03 3.280532025254011842e+03 3.857274105760958719e+03 3.957005483134514179e+03 2.439286650569072208e+03 3.223964270484710596e+03 3.415803172872637333e+03 3.740208883709603924e+03 2.023279565887755780e+03 3.065164828879103425e+03 2.277646203701018294e+03 3.886301068336988919e+03 2.282488426414010064e+03 3.660464096571588470e+03 4.463384413848483746e+03 3.285489800413648481e+03 2.634643997400256922e+03 2.280218457221155859e+03 5.504153532350610476e+03 3.802764922603831565e+03 4.512247607550788416e+03 3.195623071696955321e+03 3.184024585762003881e+03 2.243571395666929675e+03 4.186159555002903289e+03 4.146689813509738087e+03 4.386928888565232228e+03 2.858787606495157434e+03 3.385448262831012471e+03 4.907973104109095402e+03 4.539922300231304689e+03 2.648703552501286140e+03 6.276345320567517774e+03 3.732265661071468912e+03 2.116251090912386644e+03 3.433995805749400915e+03 4.328905250805363721e+03 4.785412183229239417e+03 4.287635068312303702e+03 3.358189783309881477e+03 6.476354961587900107e+03 4.029196822600753876e+03 4.065218961222201870e+03 3.639200386187510503e+03 3.616988994574763183e+03 3.698994552353824020e+03 4.757753268958143963e+03 3.747545500354098294e+03 5.390355921696880614e+03 4.537116948938341920e+03 4.111651600431855513e+03 2.733037497896143577e+03 3.673925097685849778e+03 3.372133770294180977e+03 3.288715690542609082e+03 5.203676259510940326e+03 4.080733331924795948e+03 2.244285094813936666e+03 3.036717835589882725e+03 1.778733890501759106e+03 2.227497332836346686e+03 3.643459026112873744e+03 3.230621349588314843e+03 3.374611972371308184e+03 2.207517447750094107e+03 4.816248750910878698e+03 4.653485837238040403e+03 3.240148116354599097e+03 3.670965240261014515e+03 4.334979310155804342e+03 3.952378152865671382e+03 5.027342136516816936e+03 3.401582461329928719e+03 4.291767907479828864e+03 4.246943995777530290e+03 5.261608523387882087e+03 3.802506530544746056e+03 4.537843474246237747e+03 4.873604678998362033e+03 4.934576899064442841e+03 4.407883236051056883e+03 3.390876575026855335e+03 3.937525145627737402e+03 4.822953857069711376e+03 5.305148140440921452e+03 3.861825483496699690e+03 4.728276899170170509e+03 4.007926956790564418e+03 3.914219618156479555e+03 3.041732640120317683e+03 4.610761445167945567e+03 4.967924950624842495e+03 4.961362520886411403e+03 4.146420173414443525e+03 5.292818443447252321e+03 3.306921472922217163e+03 3.480892223962336629e+03 4.312863159124055528e+03 3.428899925953745878e+03 5.457243882332996691e+03 4.712284403979707349e+03 4.932936133358693041e+03 5.013295905137056252e+03 4.307188172198210850e+03
3.997058823529412166e+02 6.538159730159178253e+03 6.905018914466554634e+03 4.868954209403068489e+03 5.202881856473039079e+03 5.715810628663009993e+03 7.039900469564329796e+03 4.406291968085458393e+03 3.542440320996980518e+03 4.105657923237662544e+03 4.228806295314388080e+03 2.656298824873324065e+03 3.476483435517593534e+03 3.666886731370809230e+03 3.993921572756110891e+03 2.216187803627054109e+03 3.315517098108122354e+03 2.488120740686272711e+03 4.145402826046486553e+03 2.492921841840016896e+03 3.910667334753074101e+03 4.757544771876205232e+03 3.535369682023571841e+03 2.867294844889165233e+03 2.487556623454267537e+03 5.841874837146842765e+03 4.055264134299907255e+03 4.808832772492822187e+03 3.449171411972230544e+03 3.429292154593491432e+03 2.451932641113874070e+03 4.427647778023700084e+03 4.388889798224819060e+03 4.702338515986521088e+03 3.097901681792080126e+03 3.644045047748962133e+03 5.182137213136622449e+03 4.833320308173136254e+03 2.874489924184475512e+03 6.615855957633753860e+03 3.976248546209334563e+03 2.312457418131842132e+03 3.674122353039306745e+03 4.622146006401939303e+03 5.105648825099870919e+03 4.574517737831513841e+03 3.619853807070604944e+03 6.793444364766112813e+03 4.297985065662122906e+03 4.307403800722216147e+03 3.881846251038403352e+03 3.904403677735758720e+03 3.972567077490551583e+03 5.071163130788560011e+03 4.022541642998336556e+03 5.676850206158625952e+03 4.810604052942981980e+03 4.393559266730036143e+03 2.962012143366778218e+03 3.922743341001787940e+03 3.632830971519323612e+03 3.542747250561337751e+03 5.542266204532920710e+03 4.377988759584946820e+03 2.454903311121159277e+03 3.281270743196355852e+03 1.956484885684169740e+03 2.436981542408191217e+03 3.909747519001928595e+03 3.485048067452102714e+03 3.631727750029039271e+03 2.415866411623023851e+03 5.092721792802113669e+03 4.932516340269215107e+03 3.487502773307286134e+03 3.917422897555252803e+03 4.610351853149722047e+03 4.205902099071288831e+03 5.361202634800379201e+03 3.659228632256154924e+03 4.580442227873302727e+03 4.522767999039227107e+03 5.600808143161782937e+03 4.061543110716721912e+03 4.865199041117177330e+03 5.199714999167371388e+03 5.264483971683245727e+03 4.700608253241150123e+03 3.648190364901694466e+03 4.209675992916040741e+03 5.151464645771409778e+03 5.644451849215414768e+03 4.128137559789196530e+03 5.021395337890816336e+03 4.282710145071482657e+03 4.188412107618345544e+03 3.282854750653393239e+03 4.904805224822939635e+03 5.293698649204272442e+03 5.285991958984694065e+03 4.415338249155438461e+03 5.638671467659892187e+03 3.555699853972625988e+03 3.735284272887350653e+03 4.595137396507318954e+03 3.675478761780716468e+03 5.789867670410026221e+03 4.996887804754306671e+03 5.266482907635437186e+03 5.306006258426758905e+03 4.618212181704247087e+03
4.005882352941176805e+02 6.867131785196175770e+03 7.211680115413078966e+03 5.151979285767351939e+03 5.466466205483649901e+03 5.979161284524794610e+03 7.354952693102844023e+03 4.646100211934715844e+03 3.810717747520567627e+03 4.353697775721601829e+03 4.502303279241584278e+03 2.881520650090347772e+03 3.734556791874871124e+03 3.921571608604053381e+03 4.248846545044913910e+03 2.418141270477502985e+03 3.572669093656578752e+03 2.707611793099571969e+03 4.405212979584908680e+03 2.712305772270197849e+03 4.162285002542246730e+03 5.052105781648068842e+03 3.789861487465473601e+03 3.108541935646644561e+03 2.703312654170611040e+03 6.177217094712975268e+03 4.308324892548891512e+03 5.105724549990890409e+03 3.708700289806360161e+03 3.679463956382689958e+03 2.669355761915207950e+03 4.665684159128587453e+03 4.627981179667122888e+03 5.021427346019590004e+03 3.344209268282024368e+03 3.907546396165068927e+03 5.451357174626452434e+03 5.126442958721757350e+03 3.107613280562572982e+03 6.947953682985034902e+03 4.220325754246818178e+03 2.517125253033003446e+03 3.916265100448652902e+03 4.916739478898031848e+03 5.426893273053434314e+03 4.862299358776074769e+03 3.887110805384723335e+03 7.099872596825934124e+03 4.567522700666802848e+03 4.547047905087349136e+03 4.125157224901518930e+03 4.198644402241496209e+03 4.250255074449008134e+03 5.384976622036288973e+03 4.301415391638289293e+03 5.956513495977331331e+03 5.081594704684308454e+03 4.677164333241337772e+03 3.197941863548860510e+03 4.172699350027918626e+03 3.898852755907924802e+03 3.801943699135653333e+03 5.880799681617067108e+03 4.679173028607297965e+03 2.674932222607721087e+03 3.532035195140512315e+03 2.143648963245433606e+03 2.655883059905812388e+03 4.179676827617102390e+03 3.745238324963265313e+03 3.893640005594678769e+03 2.633678115790609809e+03 5.365087005981162292e+03 5.208826975320185738e+03 3.739547464114880313e+03 4.164758027030382436e+03 4.884915229550006188e+03 4.458962383223200050e+03 5.695809800888952850e+03 3.921497301487898312e+03 4.870202953436975804e+03 4.798496487224551856e+03 5.939581053120517936e+03 4.321951323452167344e+03 5.196501023446285217e+03 5.526855407416907838e+03 5.595398325843122620e+03 4.993993584316815941e+03 3.910177850987077363e+03 4.483734817607880359e+03 5.481702451130629015e+03 5.983010311703476873e+03 4.396244432830791084e+03 5.312802368493868016e+03 4.559155487976516270e+03 4.464966519353535659e+03 3.529644681226840930e+03 5.198110191422373646e+03 5.619714456109663843e+03 5.610785153789907781e+03 4.684120494939461423e+03 5.984666054792077375e+03 3.808739704734619409e+03 3.993147742975997971e+03 4.877573646427011226e+03 3.924976779390293359e+03 6.119889234437360756e+03 5.278955793492323210e+03 5.601493259948927516e+03 5.594951643376116408e+03 4.933023533696846243e+03
4.014705882352940876e+02 7.186329414215519137e+03 7.504653506938393548e+03 5.431380707538203751e+03 5.722435012881753210e+03 6.231928935273796924e+03 7.656235470515975067e+03 4.880992541416405402e+03 4.083922990738205499e+03 4.599678774318773321e+03 4.775709912303006604e+03 3.113993114661413983e+03 3.996753690241529057e+03 4.178313854629733214e+03 4.503297940128521077e+03 2.628453375273132224e+03 3.835293242578521131e+03 2.935283650037828920e+03 4.663986006140804420e+03 2.939798596750988509e+03 4.413665877219548747e+03 5.345068895892790351e+03 4.047490397907602073e+03 3.357336438970690779e+03 2.926623943782785773e+03 6.507778531840297546e+03 4.560241706546408750e+03 5.400904336275304559e+03 3.972800238789401646e+03 3.933116701291500249e+03 2.895026555789942449e+03 4.898499501415214581e+03 4.862199021244800861e+03 5.342210054771418982e+03 3.596496806426286184e+03 4.174435011053444214e+03 5.713597315256543880e+03 5.417268638120591277e+03 3.346970107284245842e+03 7.270090952515032768e+03 4.462830263028478839e+03 2.729485311087646551e+03 4.158869742895270974e+03 5.210734888786519150e+03 5.746995329615253468e+03 5.149053358735083748e+03 4.158466698971440564e+03 7.393201435649703853e+03 4.836000297988151033e+03 4.782401886671197644e+03 4.367498747068607372e+03 4.498117643965801108e+03 4.530388984923528369e+03 5.697064288448344087e+03 4.582473510485042425e+03 6.227182009981096598e+03 5.348125467502514766e+03 4.960611094715128274e+03 3.439667101320123948e+03 4.422138053486851277e+03 4.168694102672967347e+03 4.064836394874022972e+03 6.216955872300555711e+03 4.982441167920194857e+03 2.903579237388941237e+03 3.787683640337721499e+03 2.339715026447713626e+03 2.883419383409457168e+03 4.451598642662027487e+03 4.009762356882750737e+03 4.158835191018356454e+03 2.860184149749820790e+03 5.631314176394877904e+03 5.480409258881244568e+03 3.994828197753781296e+03 4.411319116452298658e+03 5.156749701718698816e+03 4.709803753862547637e+03 6.028909098326509593e+03 4.186860270581756595e+03 5.159119156832082808e+03 5.072235025167162348e+03 6.275587424031850787e+03 4.582015555272354504e+03 5.529696457603283307e+03 5.852835531885883938e+03 5.925102744391700980e+03 5.286061736687161101e+03 4.175316476688059083e+03 4.757921448858648546e+03 5.811492383301950213e+03 6.318470886738747140e+03 4.664400664600630080e+03 5.600425558003343212e+03 4.835452960153799722e+03 4.742110874918636910e+03 3.780759540645107791e+03 5.488632810525631612e+03 5.943751963308569430e+03 5.933525298451793788e+03 4.950917881127384135e+03 6.328436118167200220e+03 4.064552461294739715e+03 4.252908419291155951e+03 5.158243549913164316e+03 4.175838877829548437e+03 6.444934457381396896e+03 5.556447549351532871e+03 5.935745324050975796e+03 5.877998182287689815e+03 5.249673608028791023e+03
4.023529411764706083e+02 7.493261652731656795e+03 7.781575565871198705e+03 5.705114282326643661e+03 5.968795005498127466e+03 6.472090230019633054e+03 7.941321884560860781e+03 5.109192036595992249e+03 4.360488905504574177e+03 4.841842732489830269e+03 5.047166257148584009e+03 3.352624779905257583e+03 4.261528497136439910e+03 4.435477264789953551e+03 4.755526069295988236e+03 2.846306969673952608e+03 4.101934480430063559e+03 3.170164325794015895e+03 4.919917837132219574e+03 3.174422892142111323e+03 4.663092851153854099e+03 5.634374121722551536e+03 4.306677918406046956e+03 3.612489652493364702e+03 3.156496535016116013e+03 6.831123309132229224e+03 4.809253416191173528e+03 5.692292715058607428e+03 4.239942156963012167e+03 4.188721092884557947e+03 3.127994891786553126e+03 5.124323033387483520e+03 5.089772178870396601e+03 5.662595116617583699e+03 3.853421902668138500e+03 4.443084708856436009e+03 5.966834024233503442e+03 5.703723116497458250e+03 3.591330151570620274e+03 7.579751952480753062e+03 4.702047007964585646e+03 2.948640265676343461e+03 4.400310979524368122e+03 5.502108318688937288e+03 6.063730565195983218e+03 5.432786703905157992e+03 4.432310189976852598e+03 7.671071798742897045e+03 5.101547421411567484e+03 5.011702925695336489e+03 4.607181436063810906e+03 4.801093608596345803e+03 4.811196249368877034e+03 6.005231311432587063e+03 4.863922212753812346e+03 6.486726966185001402e+03 5.608212731902305677e+03 5.241968379035617545e+03 3.685904602712801989e+03 4.669342332261100637e+03 4.440735951011733050e+03 4.329845942359401306e+03 6.548349607250826011e+03 5.285842561573223065e+03 3.139911895985559568e+03 4.046768362865095696e+03 2.544044883233401833e+03 3.118668447262290101e+03 4.723768988329984495e+03 4.277072727929447865e+03 4.425692367145286880e+03 3.094476634385799116e+03 5.889373492422875643e+03 5.745236347287657736e+03 4.251787286815436346e+03 4.655396492330647561e+03 5.423893375697811280e+03 4.956628272762593951e+03 6.358172309510520790e+03 4.453683827512805692e+03 5.445190853370628247e+03 5.342037725601775492e+03 6.606427693343338433e+03 4.839953447319784573e+03 5.862620579891524358e+03 6.175389456031126429e+03 6.251304029620824622e+03 5.574770735886243529e+03 4.441977651083147066e+03 5.030379849566948906e+03 6.138574804894696172e+03 6.648425183001229016e+03 4.930787461665644514e+03 5.882158270298436946e+03 5.109719162681340094e+03 5.017991365284121457e+03 4.034743056775752848e+03 5.774282675363032467e+03 6.263525017012166245e+03 6.251931221209553769e+03 5.213831822173319779e+03 6.667547880817107398e+03 4.321550074973150913e+03 4.512900644895607911e+03 5.435162810122565133e+03 4.426427257138567256e+03 6.762599022502156004e+03 5.827300351746245724e+03 6.266934923544030426e+03 6.153004726638552711e+03 5.566107085403142264e+03
4.032352941176470722e+02 7.785502168405409975e+03 8.040202564412918036e+03 5.971128638187738034e+03 6.203601965240737627e+03 6.697709617986874036e+03 8.207904358502011746e+03 5.328939849954857891e+03 4.638738169454806666e+03 5.078410722653336961e+03 5.314761582410723349e+03 3.596199506325321636e+03 4.527236681332828084e+03 4.691351896355923600e+03 5.003738993423083230e+03 3.070757517303282384e+03 4.371024084503027552e+03 3.411150773322844998e+03 5.171168420194652754e+03 3.415070824167887167e+03 4.908804051671342677e+03 5.917925960291659067e+03 4.565758988750878416e+03 3.872681561136766959e+03 3.391811349378548584e+03 7.144813515859643303e+03 5.053565360942016014e+03 5.977775722447140652e+03 4.508492657897968456e+03 4.444658049984915124e+03 3.367179683005970219e+03 5.341406385802960358e+03 5.308947169217413830e+03 5.980409326432140915e+03 4.113525247806532207e+03 4.711777942760545557e+03 6.209083360807286226e+03 5.983706095885526338e+03 3.839346755179842603e+03 7.874487317066817923e+03 4.936234658450282950e+03 3.173569645455917907e+03 4.638911960597566576e+03 5.788787698962713876e+03 6.374828058988093289e+03 5.711464831384022546e+03 4.706929594662681666e+03 7.931236958064965620e+03 5.362255939032334027e+03 5.233198248482160125e+03 4.842482165938031358e+03 5.105723607006551902e+03 5.090821236149810829e+03 6.307245263876377976e+03 5.143887633884871320e+03 6.733083941195370244e+03 5.859879042684779051e+03 5.519253148823544507e+03 3.935258701078294507e+03 4.912554209788434491e+03 4.713262318543135734e+03 4.595298896134749157e+03 6.872561759364994941e+03 5.587343383952886143e+03 3.382862361599304677e+03 4.307735597681556101e+03 2.755873772355630535e+03 3.360573040213080731e+03 4.994368164821084974e+03 4.545520167791381027e+03 4.692500783081539339e+03 3.335512384379631840e+03 6.137262988751241210e+03 6.001290028124900346e+03 4.508780024317636162e+03 4.895243524610226814e+03 5.684367550871511412e+03 5.197618455780295335e+03 6.681226793036998060e+03 4.720246584768093271e+03 5.726373852989690931e+03 5.605932016375569219e+03 6.929673304046016710e+03 5.093937839598062965e+03 6.193022006990129739e+03 6.492204000672783877e+03 6.571661585732266758e+03 5.858039782936330994e+03 4.708444466549707613e+03 5.299200610688182678e+03 6.460633113460604363e+03 6.970440122198825520e+03 5.193534757385788907e+03 6.155887260638954103e+03 5.380020341479184935e+03 5.290694570749670675e+03 4.290040213066203250e+03 6.052949433538792618e+03 6.576710648109323301e+03 6.563686303632440286e+03 5.470938375166631886e+03 6.999530702749117154e+03 4.578062528188165743e+03 4.771386331176927342e+03 5.706316297019002377e+03 4.675040434961854771e+03 7.070480141300816285e+03 6.089456968189985673e+03 6.592703991481234880e+03 6.417851676719732495e+03 5.880185915675658180e+03
4.041176470588235361e+02 8.060722967526264256e+03 8.278442077060930387e+03 6.227392706814119265e+03 6.424987705698139507e+03 6.906966510058525273e+03 8.453827019480360832e+03 5.538519232211265262e+03 4.916901333064764913e+03 5.307606440370696873e+03 5.576558610485419194e+03 3.843386573834003684e+03 4.792152934559596360e+03 4.944174549493975064e+03 5.246125359889860192e+03 3.300738675900367980e+03 4.640895839205390985e+03 3.657016729815086819e+03 5.415885440785191349e+03 3.660512070885680714e+03 5.149015180278482148e+03 6.193620633433644798e+03 4.823001131530391831e+03 4.136472203761972196e+03 3.631332805029300744e+03 7.446441994164840253e+03 5.291372620104186353e+03 6.255232387175966323e+03 4.776731845631610668e+03 4.699237028467020536e+03 3.611376251728193893e+03 5.548047544827316415e+03 5.518012151023992374e+03 6.293424211621280847e+03 4.375245036627067748e+03 4.978725461392155012e+03 6.438428456710827049e+03 6.255118696181777523e+03 4.089569535255673145e+03 8.151948166035464055e+03 5.163648301723199438e+03 3.403136979224669631e+03 4.872965192713370016e+03 6.068679213249717577e+03 6.677999615753235958e+03 5.983037748053649921e+03 4.980531910065885313e+03 8.171593958133306842e+03 5.616204711886910445e+03 5.445168969075614768e+03 5.071666309213312161e+03 5.410060146887016344e+03 5.367347359936238718e+03 6.600865083422787393e+03 5.420438235615877602e+03 6.964281588428420946e+03 6.101179861922813870e+03 5.790455699417382675e+03 4.186235029931403005e+03 5.149997337163388693e+03 4.984479639929530094e+03 4.859446618317716457e+03 7.187170872599543145e+03 5.884851205187800588e+03 3.631234455677112237e+03 4.568942089782124640e+03 2.974313064882641811e+03 3.607947652780090266e+03 5.261522516022117998e+03 4.813371720905937764e+03 4.957479480613524174e+03 3.582119516593262233e+03 6.373036081639464101e+03 6.246588087332361283e+03 4.764093492753971987e+03 5.129099009676116111e+03 5.936202815812113840e+03 5.430961187300788879e+03 6.995686181851616311e+03 4.984759370300956107e+03 6.000605965638754242e+03 5.861944450045749363e+03 7.242898636184583665e+03 5.342119882498491279e+03 6.518590109907207079e+03 6.800948502813201230e+03 6.883817582820940515e+03 6.133776082095715537e+03 4.972931518975644394e+03 5.562444934053320139e+03 6.775323229552473094e+03 7.282090009972435837e+03 5.450744755885004452e+03 6.419520941160462826e+03 5.644396842971907972e+03 5.558271269800258779e+03 4.545014140910870992e+03 6.322530627423253463e+03 6.880979412491139556e+03 6.866468667624923910e+03 5.720313344252528623e+03 7.321909237779062096e+03 4.832357234105598764e+03 5.026575881318407482e+03 5.969684257981723931e+03 4.919933891175856843e+03 7.366208945301715175e+03 6.340893468511490028e+03 6.910670740575674245e+03 6.670469969185834998e+03 6.189715268033176471e+03
4.050000000000000000e+02 8.316726786519524467e+03 8.494381962657244003e+03 6.471923259750216857e+03 6.631185983661951468e+03 7.098180542525778947e+03 8.677115598565533219e+03 5.736279183262352490e+03 5.193137087352398339e+03 5.527680030886907844e+03 5.830618656021936658e+03 4.092753298062299564e+03 5.054491441574595228e+03 5.192150577042585610e+03 5.480878107047973572e+03 3.535070119659598276e+03 4.909804549497662265e+03 3.906422968277473046e+03 5.652228712195495063e+03 3.909404234355019980e+03 5.381942788320272484e+03 6.459374000627796704e+03 5.076625318327607602e+03 4.402315390707879487e+03 3.873719842184430945e+03 7.733665049267360700e+03 5.520883802827652289e+03 6.522562858917917765e+03 5.042873158373095976e+03 4.950716135913237849e+03 3.859266304798232341e+03 5.742614425677670624e+03 5.715320486735318809e+03 6.599384282256700317e+03 4.636933668180053246e+03 5.242087769100794503e+03 6.653046075202301836e+03 6.515891508876379703e+03 4.340459356753544853e+03 8.409918802267380670e+03 5.382562714906607653e+03 3.636099319947660661e+03 5.100754466443312594e+03 6.339694722470242596e+03 6.970969971261899445e+03 6.245467150363357177e+03 5.251263902934443649e+03 8.390212875519206136e+03 5.861484868648745760e+03 5.645953568967035608e+03 5.293010570796624961e+03 5.712079323114101499e+03 5.638820743387218499e+03 6.883870895822476086e+03 5.691608896877908592e+03 7.178468968256016524e+03 6.330230139747007343e+03 6.053565743404749810e+03 4.437256421800332646e+03 5.379900190104386638e+03 5.252538042060160478e+03 5.120486022297525778e+03 7.489785509731744241e+03 6.176241119444815922e+03 3.883713253879470358e+03 4.828673635477436619e+03 3.198355217141044250e+03 3.859487886081526540e+03 5.523327852675275608e+03 5.078830958090776221e+03 5.218798713892319938e+03 3.833006608053998207e+03 6.594828420674599329e+03 6.479211409695361908e+03 5.015967044779345088e+03 5.355210379329763782e+03 6.177465560356043170e+03 5.654872022222152737e+03 7.299181960015765071e+03 5.245386897310195309e+03 6.265834111440549350e+03 6.108126939141519870e+03 7.543713504974227362e+03 5.582653250557431420e+03 6.836984265186694756e+03 7.099305474960668107e+03 7.185428018509424874e+03 6.399902545443231247e+03 5.233606458023277810e+03 5.818169734294144291e+03 7.080304212586731410e+03 7.580989179323285498e+03 5.700516523171570952e+03 6.671017792318744796e+03 5.900888542129538109e+03 5.818761417390920542e+03 4.797964957729496746e+03 6.580959991462105791e+03 7.174026373671491456e+03 7.157982141686560681e+03 5.960057970409420705e+03 7.632236349629324650e+03 5.082660161220463124e+03 5.276650458997665737e+03 6.223269213475174183e+03 5.159341963644012139e+03 7.647482792626316041e+03 6.579646884257488637e+03 7.218460874620252980e+03 6.908869534433726585e+03 6.492471219005504281e+03
4.058823529411765207e+02 8.551477307310424294e+03 8.686316310810172581e+03 6.702811931797530633e+03 6.820556878166311435e+03 7.269834518596628186e+03 8.876004243624625815e+03 5.920657187667829930e+03 5.465554275420476188e+03 5.736931758891553727e+03 6.075027283177465506e+03 4.342779727906387961e+03 5.312427564657878065e+03 5.433476824812335508e+03 5.706218422481230846e+03 3.772467677461934727e+03 5.175946281720627667e+03 4.157929825741619425e+03 5.878394831852400785e+03 4.160305473242707194e+03 5.605827911918173413e+03 6.713149533758972211e+03 5.324828091081227285e+03 4.668574795408527280e+03 4.117539080511239263e+03 8.004234520355435961e+03 5.740345132993496009e+03 6.777716656477506149e+03 5.305084791358379334e+03 5.197323581123788244e+03 4.109430096093959946e+03 5.923567268112587954e+03 5.899313381172081790e+03 6.896036151892571979e+03 4.896876405648754371e+03 5.499997984835192256e+03 6.851231678612191899e+03 6.764012552924044940e+03 4.590405296107268441e+03 8.646347165683509957e+03 5.591295591000019158e+03 3.871118823383284052e+03 5.320577337745510704e+03 6.599779471130100319e+03 7.251507157767911849e+03 6.496753556982727787e+03 5.517234750280032131e+03 8.585363003241593105e+03 6.096225378042676311e+03 5.833970746656130359e+03 5.504826036388452849e+03 6.009705146774031164e+03 5.903275068435583307e+03 7.154093740689313563e+03 5.955425982531945920e+03 7.373940984477108941e+03 6.545230148114499571e+03 6.306599046967120557e+03 4.686680635871935920e+03 5.600519693913012816e+03 5.515554074927640613e+03 5.376581728248282161e+03 7.778076469455961160e+03 6.459383079674566943e+03 4.138876958220923370e+03 5.085165359574458307e+03 3.426880959311624792e+03 4.113782176607702240e+03 5.777873749505969499e+03 5.340059631252755025e+03 5.474602758741024445e+03 4.086774220446872278e+03 6.800883558204552173e+03 6.697330337341582890e+03 5.262614129966841574e+03 5.571856981516961241e+03 6.406284137860526243e+03 5.867619369935128816e+03 7.589395180918350889e+03 5.500270669340681707e+03 6.520041657415347800e+03 6.342583086365325471e+03 7.829795492775800994e+03 5.813718518362491523e+03 7.145863968948492584e+03 7.385001589455414432e+03 7.474194046971835633e+03 6.654385590252469228e+03 5.488612888033361742e+03 6.064453188058449996e+03 7.373269255464793787e+03 7.864824313836142210e+03 5.940971032614793330e+03 6.908414182591346616e+03 6.147560800917492998e+03 6.070219792651666467e+03 5.047150216556646228e+03 6.826235447837458196e+03 7.453602095882023605e+03 7.435987110156197559e+03 6.188324503971433842e+03 7.928126044534456923e+03 5.327178077692256011e+03 5.519785338134781341e+03 6.465122782384365564e+03 5.391500611792241216e+03 7.912096744935448442e+03 6.803842100701222989e+03 7.513739151353553098e+03 7.131166663567249998e+03 6.786229444166828216e+03
4.067647058823529278e+02 8.763126828693340940e+03 8.852767839231799371e+03 6.918251303077052398e+03 6.991608976407160299e+03 7.420594603935127452e+03 9.048958770982269925e+03 6.090200550166394351e+03 5.732235180081829640e+03 5.933735017777342364e+03 6.307919826158731667e+03 4.591875189792083802e+03 5.564120687177356558e+03 5.666365022712938298e+03 5.920419633066160713e+03 4.011555564364402017e+03 5.437480279133888871e+03 4.410011918861419872e+03 6.092641383974090786e+03 4.411689264023099895e+03 5.818959581165752752e+03 6.952985785564697835e+03 5.565804552499856072e+03 4.933541987077687736e+03 4.361279917572902377e+03 8.256028409083221050e+03 5.948064049916613840e+03 7.018720379436714211e+03 5.561512374615334011e+03 5.437280105283683042e+03 4.360360744592762785e+03 6.089479701316802675e+03 6.068541209662914298e+03 7.181158144924547742e+03 5.153311632662951524e+03 5.750585568013650118e+03 7.031422649178282882e+03 6.997554507726310476e+03 4.837743211827501000e+03 8.859372716696760108e+03 5.788230269867487550e+03 4.106776395170581054e+03 5.530767711572372718e+03 6.846939650091037038e+03 7.517452498371836555e+03 6.734963277211182685e+03 5.776539755101888659e+03 8.755535766011407759e+03 6.318618205081582346e+03 6.007740962695074813e+03 5.705480931130093268e+03 6.300835177758369355e+03 6.158757096966677636e+03 7.409444951829159436e+03 6.209933049287953509e+03 7.549161391407640622e+03 6.744490032352258822e+03 6.547623924952185007e+03 4.932819723800475913e+03 5.810164537448597912e+03 5.771634498483035713e+03 5.625889260371626733e+03 8.049808357657127999e+03 6.732169685600353660e+03 4.395211004456210503e+03 5.336623375542442773e+03 3.658668552897940117e+03 4.369325748715809823e+03 6.023268446541491357e+03 5.595200669816936170e+03 5.723033516719175168e+03 4.341928581387920531e+03 6.989576927796991185e+03 6.899229609047009944e+03 5.502245013803331858e+03 5.777373232162732165e+03 6.620874263371482812e+03 6.067547936942619344e+03 7.864087756805705794e+03 5.747552761278006074e+03 6.761275534738199894e+03 6.563493760549992658e+03 8.098921424573631157e+03 6.033547539980463625e+03 7.442919604761120354e+03 7.655838242999645445e+03 7.747892898890890137e+03 6.895262538543343908e+03 5.736094035915227323e+03 6.299420380306602055e+03 7.651976666974933323e+03 8.131385881669820265e+03 6.170276207259857074e+03 7.129851146183954370e+03 6.382530233857192798e+03 6.310741829872181370e+03 5.290806442466043336e+03 7.056446248525395276e+03 7.717543084505311526e+03 7.698330824402901271e+03 6.403341208302059385e+03 8.207285637371376652e+03 5.564121558481218926e+03 5.754173597381601212e+03 6.693371958475629071e+03 5.614670519009580858e+03 8.157973676993667141e+03 7.011717490980738148e+03 7.794240669594599240e+03 7.335609730197244971e+03 7.068794398894236110e+03
4.076470588235293917e+02 8.950040686794271096e+03 8.992506326775324851e+03 7.116559293681170857e+03 7.143019193082775018e+03 7.549327286049162467e+03 9.194695904026302742e+03 6.243585944012966138e+03 5.991259822620557316e+03 6.116558390822370711e+03 6.527506497256245893e+03 4.838396643354516527e+03 5.807737763478809029e+03 5.889065348066934348e+03 6.121830370042940558e+03 4.250880482492496412e+03 5.692551748986272287e+03 4.661074677937213892e+03 6.293310471701665847e+03 4.661961077396873407e+03 6.019697855352471379e+03 7.177022903935347131e+03 5.797771824516821653e+03 5.195456203296885178e+03 4.603371410331886182e+03 8.487079593562173613e+03 6.142432045634035603e+03 7.243704357493868883e+03 5.810302562695555025e+03 5.668821937622156838e+03 4.610480491970210096e+03 6.239057934294288316e+03 6.221683022782399348e+03 7.452589777016397420e+03 5.404452354810779070e+03 5.992000589016628510e+03 7.192219126917813810e+03 7.214700774592253765e+03 5.080775785345056647e+03 9.047351016937484019e+03 5.971837627051605523e+03 4.341587019751554180e+03 5.729718101747128458e+03 7.079269207046713746e+03 7.766749797370233864e+03 6.958254469961751056e+03 6.027284811288493074e+03 8.899463649859273573e+03 6.526942707686195718e+03 6.165906421687450347e+03 5.893422558277672579e+03 6.583367256732456553e+03 6.403352315378916501e+03 7.647944324967508692e+03 6.453216677957966567e+03 7.702782907068195527e+03 6.926452686493297733e+03 6.774787220735039227e+03 5.173960569514992130e+03 6.007217980620827802e+03 6.018900667021290246e+03 5.866578796029931254e+03 8.302869780105600512e+03 6.992544085260949942e+03 4.651124154644692680e+03 5.581247304267180880e+03 3.892405167119170073e+03 4.624536560482491950e+03 6.257663810551980532e+03 5.842401837983401492e+03 5.962254626188208931e+03 4.596897315840994452e+03 7.159437675950708581e+03 7.083331579398450231e+03 5.733089907819837208e+03 5.970171079338492746e+03 6.819563171856486406e+03 6.253101152612266560e+03 8.121132689124156968e+03 5.985400011036886099e+03 6.987672521941308332e+03 6.769141758962894528e+03 8.348997445299855826e+03 6.240447209595716231e+03 7.725903061482937119e+03 7.909721199970118505e+03 8.004407871852852622e+03 7.120668110291515404e+03 5.974216921227241073e+03 6.521268356463037890e+03 7.914279913615923761e+03 8.378597998009028743e+03 6.386671471489239593e+03 7.333599517702988123e+03 6.603990036087629051e+03 6.538488997164750799e+03 5.527171581195209910e+03 7.269798874062540563e+03 7.963801048388540949e+03 7.942976489928891169e+03 6.603436298129102397e+03 8.467546772235489698e+03 5.791728339773450898e+03 5.978050024915133690e+03 6.906244497555742782e+03 5.827160089492140287e+03 8.383192331486341573e+03 7.201648692355052845e+03 8.057801417670984847e+03 7.520602813765211977e+03 7.338028387544291945e+03
4.085294117647059124e+02 9.110818164000249453e+03 9.104562841799377566e+03 7.296201739116546378e+03 7.273649727051636546e+03 7.655113008969417933e+03 9.312198263749833131e+03 6.379636920481215384e+03 6.240730748901602055e+03 6.283986202919948482e+03 6.732096378117183122e+03 5.080668243315053587e+03 6.041477211535448987e+03 6.099889690700261781e+03 6.308896810431657286e+03 4.488927649349683634e+03 5.939315599667358583e+03 4.909472593635605335e+03 6.478851041354736481e+03 4.909476631163215643e+03 6.206495852801042929e+03 7.383527650090953102e+03 6.018992498562908622e+03 5.452525507602460493e+03 4.842200653140588656e+03 8.695602146011109653e+03 6.321946377882506567e+03 7.450927802227730353e+03 6.049626981301126762e+03 5.890223899668348167e+03 4.858158599869834688e+03 6.371157724555850109e+03 6.357563975872983974e+03 7.708260676068848625e+03 5.648508686499060786e+03 6.222438004129447108e+03 7.332402178685590115e+03 7.413769912929370548e+03 5.317793509049495697e+03 9.208874743555394161e+03 6.140696632381005656e+03 4.574016781574321612e+03 5.915901183655993918e+03 7.294975491540521944e+03 7.997472961095756546e+03 7.164901896769490122e+03 6.267611099781614939e+03 9.016135206735863903e+03 6.719588829855930271e+03 6.307249082015075146e+03 6.067198250629031463e+03 6.855226708775293446e+03 6.635210380886914209e+03 7.867746789664851349e+03 6.683431868472935093e+03 7.833664233671564944e+03 7.089714460853700075e+03 6.986339197994519054e+03 5.408386395994721170e+03 6.190159586579941788e+03 6.255513132777873579e+03 6.096859117948245512e+03 8.535301808202648317e+03 7.238527392801505812e+03 4.904966454143287592e+03 5.817253421540691306e+03 4.126700153377842071e+03 4.877773025797097944e+03 6.479279913202889475e+03 6.079839808452514262e+03 6.190475665383024534e+03 4.850047021829089317e+03 7.309167917000411762e+03 7.248217154723939530e+03 5.953422254192731998e+03 6.148761322354831464e+03 7.000812056136087449e+03 6.422842095614330901e+03 8.358542662991028919e+03 6.212028136565675595e+03 7.197484345015835970e+03 6.957934840498481208e+03 8.578087224816290473e+03 6.432822194428135845e+03 7.992657784145704682e+03 8.144688769620200219e+03 8.241756781143252738e+03 7.328859524386797602e+03 6.201196504958785226e+03 6.728290399954869827e+03 8.158156559259599817e+03 8.604546403449974605e+03 6.588491433095042339e+03 7.518083123347081710e+03 6.810234250448749663e+03 6.751713491063723268e+03 5.754507741974102828e+03 7.464641124168086208e+03 8.190470429685364252e+03 8.168030689105019519e+03 6.787060448680237641e+03 8.706894527980777639e+03 6.008286617619371100e+03 6.189714631570170241e+03 7.102092675858505572e+03 6.027348041153249142e+03 8.586013013121571930e+03 7.372170282585818313e+03 8.302387345034254395e+03 7.684726700383087518e+03 7.591880175898564630e+03
4.094117647058823195e+02 9.244309210575205725e+03 9.188239462396322779e+03 7.455812300863339260e+03 7.382561712918145531e+03 7.737256086600628805e+03 9.400724693973843387e+03 6.497338731029693008e+03 6.478797661197692833e+03 6.434737138890842289e+03 6.920119861218204278e+03 5.317001878213191958e+03 6.263592372159810111e+03 6.297233974786372528e+03 6.480183231274918398e+03 4.724137957535936039e+03 6.175960118047652941e+03 5.153528633498096497e+03 6.647839309412739567e+03 5.152561340287524217e+03 6.377920237300892950e+03 7.570916280672832727e+03 6.227797489388753092e+03 5.702948801137059490e+03 5.076132109727258467e+03 8.880014391190026799e+03 6.485229831152957559e+03 7.638801805436821269e+03 6.277706040360693805e+03 6.099822014457523437e+03 5.101730509892193368e+03 6.484798768781270155e+03 6.475170196216777185e+03 7.946217976193379400e+03 5.883710594882778423e+03 6.440161421347302166e+03 7.450948724985380068e+03 7.593237716039929182e+03 5.547096155310421636e+03 9.342790438119589453e+03 6.293513069920929411e+03 4.802500874080361427e+03 6.087890040430908812e+03 7.492402973760589703e+03 8.207851489311824480e+03 7.353319803406284336e+03 6.495719395239581900e+03 9.104805467337921073e+03 6.895078310355531357e+03 6.430706235647980066e+03 6.225474535740220745e+03 7.114393246113700116e+03 6.852569584740562277e+03 8.067166756887108932e+03 6.898826522503530214e+03 7.940883402079144616e+03 7.233043165123078325e+03 7.180656724740614663e+03 5.634398524509582785e+03 6.357585335111087261e+03 6.479695695206589335e+03 6.315001065955092599e+03 8.745323730166170208e+03 7.468244840480127095e+03 5.155048295260708983e+03 6.042897745192676666e+03 4.360099850338610850e+03 5.127353031439315600e+03 6.686428604729394465e+03 6.305743927202749546e+03 6.405975643069878970e+03 5.099702076441207282e+03 7.437658998842760411e+03 7.392643984375113178e+03 6.161581360782722186e+03 6.311773285701766326e+03 7.163236189917377487e+03 6.575472330256900023e+03 8.574496346096742855e+03 6.425725308113532265e+03 7.389100765174171102e+03 7.128426687980956558e+03 8.784437374436354730e+03 6.609196091275583058e+03 8.241147352202833645e+03 8.358937721737398533e+03 8.458118198290294458e+03 7.518239514310339473e+03 6.415319187936855087e+03 6.918898604656201314e+03 8.381735030131627354e+03 8.807503529092058670e+03 6.774187891587182094e+03 7.681899189669012230e+03 6.999680330278412839e+03 6.948781374387952383e+03 5.971123811993114941e+03 7.639483752766893303e+03 8.395813585584262910e+03 8.371768292037048013e+03 6.952807090701953712e+03 8.923493975605559172e+03 6.212157569166591202e+03 6.387555095128767789e+03 7.279415011605929976e+03 6.213704810142061433e+03 8.764899987647586386e+03 7.521994579914366113e+03 8.526121312848285015e+03 7.826756849091571894e+03 7.828412126066911696e+03
4.102941176470587834e+02 9.349627083568455419e+03 9.243114502423377417e+03 7.594209658911706356e+03 7.469025634019958488e+03 7.795290816985322635e+03 9.459816112627895563e+03 6.595850565374798862e+03 6.703681462350985385e+03 6.567680656017503679e+03 7.090149151591323061e+03 5.545718135766778687e+03 6.472414446827130632e+03 6.479599215785574415e+03 6.634390711738153186e+03 4.954926395509132817e+03 6.400730397197942693e+03 5.391554490972325766e+03 6.798997280953037261e+03 5.389530592183697081e+03 6.532669942494576389e+03 7.737774948880054581e+03 6.422607894203693832e+03 5.944938335174251733e+03 5.303527703704120540e+03 9.038958673921062655e+03 6.631048622276257447e+03 7.805909780310135829e+03 6.492832076663158659e+03 6.296035328714413481e+03 5.339517872757154691e+03 6.579176356634973672e+03 6.573660953411712399e+03 8.164651980377679138e+03 6.108330602544228896e+03 6.643525839682140941e+03 7.547043258023115413e+03 7.751756740315496245e+03 5.767014508660064166e+03 9.448211147107736906e+03 6.429136219343119592e+03 5.025462530905366293e+03 6.244376867379955002e+03 7.670054774894415459e+03 8.396293424914732896e+03 7.522082431168064431e+03 6.709893589239263747e+03 9.165001980880573683e+03 7.052083899045822363e+03 6.535383441564703389e+03 6.367054406888331869e+03 7.358927371681179466e+03 7.053779984144619448e+03 8.244699862120494799e+03 7.097764415214503970e+03 8.023747506035927472e+03 7.355393292720438694e+03 7.356264485005145616e+03 5.850338169688252492e+03 6.508225909284621594e+03 6.689758721937741939e+03 6.519360219811545903e+03 8.931355952262463688e+03 7.679950505733724640e+03 5.399660743601019021e+03 6.256498654844134762e+03 4.591103872428070645e+03 5.371574091219405091e+03 6.877535663032531374e+03 6.518419342560522637e+03 6.607125603427855822e+03 5.344164623746993129e+03 7.544004593748581101e+03 7.515561745167063236e+03 6.355994197093349612e+03 6.457972684201821721e+03 7.305622519621641004e+03 6.709848485358142170e+03 8.767361929891916589e+03 6.624874510635904699e+03 7.561070544200140830e+03 7.279335453270378821e+03 8.966499875305451496e+03 6.768230611412859616e+03 8.469482196326034682e+03 8.550846712823069538e+03 8.651855051831667879e+03 7.687377013064462517e+03 6.614965264895014116e+03 7.091644623195233180e+03 8.583318973791430835e+03 8.985950550004443357e+03 6.942350102727911690e+03 7.823836026949192274e+03 7.170889823838702796e+03 7.128193947216034758e+03 6.175397520004227772e+03 7.793019425848116953e+03 8.578283135742398372e+03 8.552654713086207266e+03 7.099430501022820863e+03 9.115713754084279572e+03 6.401796881674502401e+03 6.570067966727428029e+03 7.436875603645014962e+03 6.384812638209970828e+03 8.918540584253156339e+03 7.650027567419332627e+03 8.727307445818794804e+03 7.945678104903795429e+03 8.045825672887192013e+03
4.111764705882353041e+02 9.426156535813992377e+03 9.269043259990396109e+03 7.710411641980026616e+03 7.532528243039386325e+03 7.828983902831327214e+03 9.489296664193720062e+03 6.674514784054769734e+03 6.913697555519102934e+03 6.681850857437223567e+03 7.240916470701936305e+03 5.765167608880004082e+03 6.666374187179240835e+03 6.645611061907267867e+03 6.770373589343635103e+03 5.179701190399573534e+03 6.611951215045152821e+03 5.621871557385493361e+03 6.931208781116376485e+03 5.618710703883410133e+03 6.669592730881881835e+03 7.882877432634238176e+03 6.601955668284364947e+03 6.176742426736301240e+03 5.522767300194985182e+03 9.171317394848985714e+03 6.758327870819399322e+03 7.951025197082422892e+03 6.693391692297759619e+03 6.477386548696853424e+03 5.569849290457410461e+03 6.653670061007347613e+03 6.652378032281637388e+03 8.361919613841273531e+03 6.320706188940620450e+03 6.830999147075783185e+03 7.620086094657814101e+03 7.888172958615251446e+03 5.975931742971847598e+03 9.524524537401446651e+03 6.546573147584129401e+03 5.241332544108711772e+03 6.384189736413288301e+03 7.826611705698901460e+03 8.561405463715660517e+03 7.669942015093291047e+03 6.908523155881901403e+03 9.196526467553951079e+03 7.189446051675016861e+03 6.620564765660108606e+03 6.490892402632500307e+03 7.586995662766453279e+03 7.237324959758391742e+03 8.399041823919165836e+03 7.278746555146895844e+03 8.081798615314459312e+03 7.455918141369276782e+03 7.511853768999944805e+03 6.054607871095051451e+03 6.640962802431061391e+03 6.884121192697827610e+03 6.708398354253194157e+03 9.092039570919580001e+03 7.872049938844653298e+03 5.637096460432317144e+03 6.456458855376814427e+03 4.818182485049201205e+03 5.608734155740231472e+03 7.051161276927998188e+03 6.716269158056800734e+03 6.792409899637428680e+03 5.581735343742031546e+03 7.627510453688495545e+03 7.616124191127882114e+03 6.535195883892336497e+03 6.586277147823439009e+03 7.426944457885427255e+03 6.824996304898141716e+03 8.935717660668407916e+03 6.807974748118122989e+03 7.712119758078471932e+03 7.409559670412942978e+03 9.122951215753204451e+03 6.908742633793296591e+03 8.675944168888072454e+03 8.718996709498454948e+03 8.821535273618583233e+03 7.835025089068058151e+03 6.798630120809410982e+03 7.245238230676706735e+03 8.761408885435113916e+03 9.138595989949226350e+03 7.091722795960199619e+03 7.942887426544643859e+03 7.322586707204409322e+03 7.288607090376160158e+03 6.365796589352666160e+03 7.924138755609846157e+03 8.736541307741892524e+03 8.709365024537399222e+03 7.225861212648723267e+03 9.282146359588739870e+03 6.575774938147985267e+03 6.735878239892508645e+03 7.573320755424617346e+03 6.539383938402071180e+03 9.045860606473612279e+03 7.755381614158076445e+03 8.904452724895203573e+03 8.040695929288862317e+03 8.242484666468810246e+03
4.120588235294117112e+02 9.473557690192426890e+03 9.266154393680133580e+03 7.803646040963099040e+03 7.572775958926744352e+03 7.838333221494913232e+03 9.489270485071334406e+03 6.732863280817598934e+03 7.107277611719892775e+03 6.776457763259400963e+03 7.371329685412881190e+03 5.973751930701007950e+03 6.844022297371417153e+03 6.794037285815865289e+03 6.887153520555647447e+03 5.396883519110998350e+03 6.808048677157639759e+03 5.842831948381708571e+03 7.043532933243563093e+03 5.838459912983920731e+03 6.787699355665663461e+03 8.005199717688677083e+03 6.764502487133591785e+03 6.396667818077486118e+03 5.732269287526476546e+03 9.276225074245767246e+03 6.866164463608403821e+03 8.073126128345407778e+03 6.877886658866979815e+03 6.642521125967972694e+03 5.791081255657986731e+03 6.707849492813169491e+03 6.710851937591677597e+03 8.536565209405796850e+03 6.519261247873662796e+03 7.001181864838634283e+03 7.669698138446285157e+03 8.001539211514958879e+03 6.172304362087237678e+03 9.571396702979487600e+03 6.645000486486812406e+03 5.448568971110816165e+03 6.506307189051768546e+03 7.960948273817979498e+03 8.702009778689327504e+03 7.795843893658689012e+03 7.090123886853560180e+03 9.199452110958520279e+03 7.306186900667826194e+03 6.685720037092280108e+03 6.596107197255086248e+03 7.796894546178777091e+03 7.401840517809343510e+03 8.529103892570106837e+03 7.440430215080730704e+03 8.114815956138508227e+03 7.533978561296866246e+03 7.646298602990783365e+03 6.245692144954708965e+03 6.754841960826633112e+03 7.061331145540802027e+03 6.880703304077454959e+03 9.226252425759090329e+03 8.043120453982785875e+03 5.865671006949736693e+03 6.641286046504435035e+03 5.039794921193782102e+03 5.837152829688098791e+03 7.206018341661161685e+03 6.897815082655352853e+03 6.960445702916642404e+03 5.810734556938200512e+03 7.687700657717988179e+03 7.693697887466666543e+03 6.697848636378942501e+03 6.695769343634389770e+03 7.526373605785161999e+03 6.920121949133487760e+03 9.078368882224820481e+03 6.973660314750189173e+03 7.841167250950360540e+03 7.518191130168532254e+03 9.252707740556837962e+03 7.029718702135261083e+03 8.859008243904101619e+03 8.862188128134690487e+03 8.965949083792853344e+03 7.960135952133936371e+03 6.964943563762020858e+03 7.378563228284862817e+03 8.914720430769019003e+03 9.264390649297234631e+03 7.221221671014178355e+03 8.038263790843923744e+03 7.453673054948786557e+03 7.428847946422327368e+03 6.540898566469198158e+03 8.031942974195088027e+03 8.869475742668886596e+03 8.840799583819924010e+03 7.331218551438687427e+03 9.421624760799350042e+03 6.732795131485806451e+03 6.883756822969354289e+03 7.687792629894931451e+03 6.676277483946355460e+03 9.146035734944249270e+03 7.837384718430242174e+03 9.056285076320040389e+03 8.111244010364111091e+03 8.416936061374013661e+03
4.129411764705882888e+02 9.491765430069264767e+03 9.234842063840927949e+03 7.873358119494493621e+03 7.589694751665666445e+03 7.823562833766879521e+03 9.460114075075212895e+03 6.770620685515606056e+03 7.282989863356232490e+03 6.850895729398969706e+03 7.480485220351452881e+03 6.169944529621096990e+03 7.004047992424774748e+03 6.923803215134053971e+03 6.983930743134189470e+03 5.604927547645781488e+03 6.987570678886033420e+03 6.052839735347208261e+03 7.135214775570358142e+03 6.047189529538106399e+03 6.886175139975000093e+03 8.103931401798909974e+03 6.909056773428529596e+03 6.603101730503898580e+03 5.930510956572324176e+03 9.353076394478715883e+03 6.953837310759442516e+03 8.171406604111232809e+03 7.044953198840400546e+03 6.790224559081905682e+03 6.001619231454306828e+03 6.741476915124596417e+03 6.748805284949973611e+03 8.687338406404864145e+03 6.702526664689696190e+03 7.152824998256071922e+03 7.695722052045733108e+03 8.091125388539693631e+03 6.354682255283985796e+03 9.588771334856679459e+03 6.723773417713781782e+03 5.645676923568829807e+03 6.609870581384161596e+03 8.072145821109706048e+03 8.817157436810393847e+03 7.898938469661865383e+03 7.253357068002923370e+03 9.174116560145357653e+03 7.401521331027338420e+03 6.730509110469222833e+03 6.681991581604220301e+03 7.987072274747180018e+03 7.546132463840703167e+03 8.634025079265267777e+03 7.581645754886280884e+03 8.122814286916477613e+03 7.589148560810730487e+03 7.758668987062279484e+03 6.422177218954533600e+03 6.849084847851099767e+03 7.220084215726991715e+03 7.035007043957300993e+03 9.333121226827088321e+03 8.191928820046170586e+03 6.083744428624008833e+03 6.809612294317134911e+03 5.254408427366553042e+03 6.055192911693990936e+03 7.340988502433761823e+03 7.061716488624822887e+03 7.110000639610701000e+03 6.029523689964644291e+03 7.724320368620560657e+03 7.747867510179988130e+03 6.842758718563202819e+03 6.785707523215370202e+03 7.603288299140148411e+03 6.994620341681242280e+03 9.194361540131436414e+03 7.120718128356436864e+03 7.947337118593848572e+03 7.604524776060099612e+03 9.354937292176460687e+03 7.130326832757504235e+03 9.017361383126872170e+03 8.979454519339893523e+03 9.084122748538682572e+03 8.061872755632626649e+03 7.112687252503709715e+03 7.490690771833589679e+03 9.042199491925355687e+03 9.362538589774700085e+03 7.329946257428655372e+03 8.109399693821026631e+03 7.563242027312307073e+03 7.547929084555794361e+03 6.699409234731992001e+03 8.115753372619748916e+03 8.976211857365016840e+03 8.946096145100154899e+03 7.414820131579881490e+03 9.533235206006591397e+03 6.871710290315768361e+03 7.012635832863700671e+03 7.779539765390095454e+03 6.794512531641347778e+03 9.218499060052829009e+03 7.895586371247579336e+03 9.181768180451901571e+03 8.156988222424718515e+03 8.567927894824888426e+03
4.138235294117646959e+02 9.480984585107536986e+03 9.175754583098341755e+03 7.919214027386434282e+03 7.583426606813220133e+03 7.785115012776183903e+03 9.402465069283254707e+03 6.787704347978757141e+03 7.439555738459819622e+03 6.904748265059137339e+03 7.567676929773445409e+03 6.352308645642791816e+03 7.145294142118264062e+03 7.034003445009651841e+03 7.060091843969932597e+03 5.802338340815978881e+03 7.149203908101682828e+03 6.250369608266895739e+03 7.205692252747499879e+03 6.243382515946477724e+03 6.964387988697090805e+03 8.178482857094615611e+03 7.034587138218098517e+03 6.794530855530852023e+03 6.116046429081514361e+03 9.401529525758489399e+03 7.020813788201702664e+03 8.245283630835503573e+03 7.193377817396594764e+03 6.919436210160250994e+03 6.199936310445208619e+03 6.754506669007030723e+03 6.766152747936849664e+03 8.813207470355817350e+03 6.869157542111230214e+03 7.284844137096112718e+03 7.698219918596792922e+03 8.156424348235658726e+03 6.521725783838394818e+03 9.576864758002726376e+03 6.782431254956964949e+03 5.831226087263380577e+03 6.694192762953814054e+03 8.159501246970930879e+03 8.906137197770789498e+03 7.978589120893610016e+03 7.397044725972218657e+03 9.121111458323495754e+03 7.474864243936849562e+03 6.754782799840182633e+03 6.748018941198002722e+03 8.156146901094904933e+03 7.669189515941834543e+03 8.713179616558412818e+03 7.701409365205764516e+03 8.106038682894678459e+03 7.621216916124584714e+03 7.848240052528807610e+03 6.582767637582571297e+03 6.923095852664602717e+03 7.359238584664360133e+03 7.170200144125494262e+03 9.412028957658088984e+03 8.317444575131807142e+03 6.289740353370662888e+03 6.960209903221380955e+03 5.460515670571405280e+03 6.261279402914601633e+03 7.455134286855785831e+03 7.206785868251961801e+03 7.240006664341648502e+03 6.236524348797266612e+03 7.737334905007694942e+03 7.778437287878208735e+03 6.968890002101172286e+03 6.855532394747035141e+03 7.657278252393859475e+03 7.048079915976854863e+03 9.282990738280928781e+03 7.248101399145977666e+03 8.029966818360396246e+03 7.668064560150387479e+03 9.429065852583338710e+03 7.209924598762448113e+03 9.149916555988838809e+03 9.070071518009246574e+03 9.175327613570418180e+03 8.139617145074649670e+03 7.240808429726641407e+03 7.580888582143629719e+03 9.143032331424783479e+03 9.432503295433143649e+03 7.417188885979951010e+03 8.155957389676847924e+03 7.650586700753639889e+03 7.645058576703943800e+03 6.840177482478151433e+03 8.175116419219556519e+03 9.056120341320154694e+03 9.024637303708983382e+03 7.476187511493131751e+03 9.616325021403910796e+03 6.991535521400460311e+03 7.121620242389223677e+03 7.848023535855818409e+03 6.893279210787052762e+03 9.262943848090466417e+03 7.929759450550966903e+03 9.280111270011306260e+03 8.177826569572135668e+03 8.694422695115403258e+03
4.147058823529412166e+02 9.441681364487685642e+03 9.089779014661977271e+03 7.941102058885035149e+03 7.554323044126103014e+03 7.723638781642199319e+03 9.317206856490840437e+03 6.784221941238695763e+03 7.575867047659077798e+03 6.937791220546562727e+03 7.632403760682595021e+03 6.519517390835209881e+03 7.266772592799122322e+03 7.123913135672369208e+03 7.115216066028037858e+03 5.987692782226748022e+03 7.291791721875276380e+03 6.433988261811390657e+03 7.254601556269383764e+03 6.425614792352686891e+03 7.021895047583455380e+03 8.228490552835613926e+03 7.140235767213745021e+03 6.969562494913062437e+03 6.287526937989317958e+03 9.421506577372158063e+03 7.066754798680065505e+03 8.294402386248806579e+03 7.322113586027744532e+03 7.029263253183402412e+03 6.384594597631959914e+03 6.747082223520729713e+03 6.762998746816959283e+03 8.913371728238125797e+03 7.017951759010981732e+03 7.396333609572501700e+03 7.677467967588168904e+03 8.197155923758156860e+03 6.672224412855647643e+03 9.536157129319079104e+03 6.820701325927023390e+03 6.003870759097976588e+03 6.758765954091843014e+03 8.222534300205656109e+03 8.968482490898959441e+03 8.034378431038109738e+03 7.520185255460932240e+03 9.041267900177308547e+03 7.525836146532886232e+03 6.758581681426712748e+03 6.793848349404004693e+03 8.302924867466113938e+03 7.770196020184532244e+03 8.766182695531733771e+03 7.798935297362510937e+03 8.064956122927703291e+03 7.630186531736201687e+03 7.914499865318500269e+03 6.726304156244693331e+03 6.976468474412266914e+03 7.477829949835706429e+03 7.285346374763317726e+03 9.462619923939952059e+03 8.418852744365489343e+03 6.482168114896277984e+03 7.092008066883211541e+03 5.656655598295003074e+03 6.453921656724613968e+03 7.547710727414064422e+03 7.332004694285386904e+03 7.349573976093011879e+03 6.430240433159407985e+03 7.726926070462891403e+03 7.785429948385334683e+03 7.075377415816524262e+03 6.904872725786441151e+03 7.688147118797368421e+03 7.080285627838908113e+03 9.343807495519389704e+03 7.354943104093420516e+03 8.088613925042689516e+03 7.708527472447467517e+03 9.474781940225802828e+03 7.268065859130802892e+03 9.255825892575965554e+03 9.133563921029830453e+03 9.239087168896576259e+03 8.192975128096541084e+03 7.348433488066283644e+03 7.648629055565684212e+03 9.216654198166486822e+03 9.474011425765300373e+03 7.482442370149818998e+03 8.177827919298164488e+03 7.715207749332785170e+03 7.719649078158798147e+03 6.962210827886208790e+03 8.209806833087874111e+03 9.108822706456594460e+03 9.076055768759226339e+03 7.515050077462732588e+03 9.670508189489935830e+03 7.091460816651259847e+03 7.209998878155986858e+03 7.892922852312751274e+03 6.971948295752294143e+03 9.279323528429611542e+03 7.939899605363456430e+03 9.350777245429269897e+03 8.173886431662968789e+03 8.795610067112391334e+03
4.155882352941176805e+02 9.374570617662231598e+03 8.978022854246519273e+03 7.939129174935203991e+03 7.502935184319410837e+03 7.639975812155488711e+03 9.205450143015661524e+03 6.760465581405439480e+03 7.690997815718001220e+03 6.949991660390458492e+03 7.674372402316880653e+03 6.670369263449064420e+03 7.367674410386805903e+03 7.192994363998068366e+03 7.149077090303659133e+03 6.159656382607654450e+03 7.414346830792976107e+03 6.602371257823759152e+03 7.281777955102917076e+03 6.592571984709778917e+03 7.058444905802065477e+03 8.253817221157722088e+03 7.225326726176735065e+03 7.126940771274483268e+03 6.443716629003870366e+03 9.413188811752779657e+03 7.091515343116619988e+03 8.318636226826569327e+03 7.430291107404984359e+03 7.118989549722197808e+03 6.554262182336961814e+03 6.719529756525188532e+03 6.739631615126619181e+03 8.987267906636989210e+03 7.147863453376408870e+03 7.486575322596855585e+03 7.633947646087230169e+03 8.213265846180569497e+03 6.805110425519236742e+03 9.467379417290487254e+03 6.838498759347839041e+03 6.162365743905620548e+03 6.803265004384083113e+03 8.260989493416514961e+03 9.003972662788040907e+03 8.066109286006389084e+03 7.621963673380431828e+03 8.935638989520106406e+03 7.554264032470994607e+03 6.742131117269876995e+03 6.819325317766427361e+03 8.426413543380504052e+03 7.848539240715064807e+03 8.792890578446882500e+03 7.873642705116664729e+03 8.000243577034073496e+03 7.616269515921871971e+03 7.957152013622951927e+03 6.851776729800806606e+03 7.008986942190105765e+03 7.575081251618652459e+03 7.379692058864877254e+03 9.484799088854088041e+03 8.495560683354126013e+03 6.659640329510362790e+03 7.204104414411540347e+03 5.841430629127769862e+03 6.631730901565508248e+03 7.618171676617203957e+03 7.436534012353814433e+03 7.437999655917811651e+03 6.609275823425513408e+03 7.693484545423862983e+03 7.769081488556519616e+03 7.161535421362619672e+03 6.933546466837080516e+03 7.695910586696923019e+03 7.091217650383280670e+03 9.376619417355866972e+03 7.440564355310630162e+03 8.123057511339929079e+03 7.725842865149822501e+03 9.492035247212170361e+03 7.304502863458399588e+03 9.334487550319941874e+03 9.169706994086927807e+03 9.275178295933850677e+03 8.221777712212709957e+03 7.434876449480238989e+03 7.693592280353354909e+03 9.262751869495337814e+03 9.487050834734240198e+03 7.525402935108814745e+03 8.175127504964179934e+03 7.756815924046395594e+03 7.771321688365030241e+03 7.064685814299807134e+03 8.219825682245565986e+03 9.134191139599799499e+03 9.100234088598243034e+03 7.531344251963506395e+03 9.695664944258389369e+03 7.170858677038620954e+03 7.277250541697134395e+03 7.914133846162249029e+03 7.030076179317041351e+03 9.267846477399218202e+03 7.926220248754583736e+03 9.393484777534187742e+03 8.145517429575986171e+03 8.870913206905364859e+03
4.164705882352940876e+02 9.280599977354651855e+03 8.841793130147058037e+03 7.913614882978677997e+03 7.430001421162638508e+03 7.535143949517716464e+03 9.068511878416684340e+03 6.716903595452859008e+03 7.784214083173624203e+03 6.941504388936661599e+03 7.693497335177833520e+03 6.803802648988763394e+03 7.447378099684479821e+03 7.240900261647862862e+03 7.161642359999108521e+03 6.316999895703888797e+03 7.516062262915948850e+03 6.754319358158780233e+03 7.287254166092506239e+03 6.743065574316420680e+03 7.073977380413743049e+03 8.254549247926466705e+03 7.289372243823695499e+03 7.265561705833817541e+03 6.583507735851183497e+03 9.377008464139767966e+03 7.095142625726808546e+03 8.318083827776485123e+03 7.517227752895869344e+03 7.188082644856101069e+03 6.707729554458975144e+03 6.672349484144051530e+03 6.696515457741424143e+03 9.034573585393321991e+03 7.258014989686548688e+03 7.555045568341820399e+03 7.568334201437835873e+03 8.204921854717029419e+03 6.919471461230909881e+03 9.371497269943183710e+03 6.835923787235837153e+03 6.305581660057281624e+03 6.827548474973715201e+03 8.274835283258042182e+03 9.012631173817506351e+03 8.073803270675469321e+03 7.701759814330062909e+03 8.805479584036900633e+03 7.560179749211649323e+03 6.705834082233716799e+03 6.824480226737859994e+03 8.525831783455159893e+03 7.903814287801777027e+03 8.793397754825786251e+03 7.925160026604901759e+03 7.912773595409713380e+03 7.579879638580642677e+03 7.976115600583107152e+03 6.958336106546051269e+03 7.020625456859958831e+03 7.650410302154053170e+03 7.452673531116795857e+03 9.478728035323942095e+03 8.547202305559680099e+03 6.820890070842634486e+03 7.295774725896790187e+03 6.013524118359270688e+03 6.793437510941903383e+03 7.666173870899177928e+03 7.519723108020328254e+03 7.504774254226123048e+03 6.772351666992467472e+03 7.637599693732638116e+03 7.729833097218732291e+03 7.226864475415623019e+03 6.941559580782934063e+03 7.680791643686028692e+03 7.081047539096699438e+03 9.381488293324260667e+03 7.504480560461984169e+03 8.133296911502435250e+03 7.720149074112247945e+03 9.481031917629656164e+03 7.319185786459355768e+03 9.385549562498876185e+03 9.178524608279496533e+03 9.283629363632149762e+03 8.226078769219464448e+03 7.499645274713350773e+03 7.715666521896462655e+03 9.281263140699427822e+03 9.471865347178178126e+03 7.545970443877273283e+03 8.148191129976144111e+03 7.775332098615571340e+03 7.799907263135024550e+03 7.146956656021330673e+03 8.205395684835151769e+03 9.132345185392454368e+03 9.097301196711483499e+03 7.525210165362552289e+03 9.691938027308575329e+03 7.229289704279304715e+03 7.323047850684396508e+03 7.911766998839581902e+03 7.067407659564406458e+03 9.228967604767947705e+03 7.889144845813727443e+03 9.408207172229766002e+03 8.093281581919100063e+03 8.919992740678131668e+03
4.173529411764706083e+02 9.160931042227379294e+03 8.682573366801081647e+03 7.865082036495339707e+03 7.336432545467972886e+03 7.410318715701492692e+03 8.907891859305142134e+03 6.654169905236101840e+03 7.854980725599258221e+03 6.912665746860983745e+03 7.689897787190818235e+03 6.918908075173625548e+03 7.505454822593052995e+03 7.267476153164956486e+03 7.153069544901140034e+03 6.458614137038995977e+03 7.596319361922855933e+03 6.888772834017795503e+03 7.271255661029525072e+03 6.876047090887904233e+03 7.068620388140422619e+03 8.230990650294275838e+03 7.332075965466729940e+03 7.384485892912714917e+03 6.705933581651032000e+03 9.313637064860911778e+03 7.077871369431117273e+03 8.293063037358791917e+03 7.582433694878596725e+03 7.236197740806969705e+03 6.843924070148664214e+03 6.606204578314062928e+03 6.634279566809360404e+03 9.055206996267663271e+03 7.347706242151607512e+03 7.601418692718762031e+03 7.481482581156729793e+03 8.172506547858285558e+03 7.014560450593212408e+03 9.249691914901792188e+03 6.813256430799657210e+03 6.432518500759726521e+03 6.831656922554601806e+03 8.264259826104109379e+03 8.994720158448131770e+03 8.057695761189223958e+03 7.759153359317962895e+03 8.652223946597161557e+03 7.543815139099738190e+03 6.650261449168273430e+03 6.809524022151346799e+03 8.600616901715997301e+03 7.935825762639851746e+03 8.768030539748480805e+03 7.953326155619160090e+03 7.803597389279072559e+03 7.521621952922239871e+03 7.971521931697561740e+03 7.045302856545636132e+03 7.011544648700121797e+03 7.703434307677111065e+03 7.503921410563094469e+03 9.444817177635424741e+03 8.573638795090419080e+03 6.964786151219922431e+03 7.366479870977300379e+03 6.171716436611196514e+03 6.937906260571156963e+03 7.691577774481256711e+03 7.581115175434010780e+03 7.549585252986074011e+03 6.918321809714241681e+03 7.560046690380634573e+03 7.668320382583106039e+03 7.271054511832391654e+03 6.929101980592704422e+03 7.643212980229319328e+03 7.050131744225925104e+03 9.358723802778982645e+03 7.546404558881399680e+03 8.119547081160532798e+03 7.691787012307788245e+03 9.442226094945301156e+03 7.312259335610729977e+03 9.408909853659777582e+03 9.160283693934225084e+03 9.264714532938680350e+03 8.206149561559735957e+03 7.542445031374730206e+03 7.714945516639872039e+03 9.272372479413848851e+03 9.428945717945302022e+03 7.544245680079564409e+03 8.097562956028490589e+03 7.770883981792131635e+03 7.805444604788121978e+03 7.208561030931388814e+03 8.166953225064105936e+03 9.103644784741660260e+03 9.067625352760927854e+03 7.496985275766931409e+03 9.659725047322443061e+03 7.266505151350456799e+03 7.347258016682738344e+03 7.886140894175742687e+03 7.083875785236637967e+03 9.163376359646663332e+03 7.829296217246304877e+03 9.395167451248225916e+03 8.017940531504513274e+03 8.942746732198946120e+03
4.182352941176470722e+02 9.016918179066818993e+03 8.501998905267360897e+03 7.794244892529671233e+03 7.223295099300293259e+03 7.266813349509864565e+03 8.725247713696022402e+03 6.573051310920432115e+03 7.902965117172675491e+03 6.863984809025482718e+03 7.663891659271884237e+03 7.014938126025478596e+03 7.541670712811546764e+03 7.272757820824619557e+03 7.123700198315221314e+03 6.583523094657241018e+03 7.654692908930467638e+03 7.004823535786448701e+03 7.234193382361579097e+03 6.990620025878240995e+03 7.042684155972607186e+03 8.183654108033355442e+03 7.353333349978719525e+03 7.482948581286255830e+03 6.810179429409440672e+03 9.223970636837413622e+03 7.040116395198710961e+03 8.244101561406012479e+03 7.625615134703591139e+03 7.263178874235579315e+03 6.961922265160615098e+03 6.521908173168385474e+03 6.553705822624597204e+03 9.049323155820491593e+03 7.416421030275240810e+03 7.625567713618486778e+03 7.374411374331281877e+03 8.116607251481415005e+03 7.089802996446532234e+03 9.103338618937657884e+03 6.770948581242389992e+03 6.542317015552470366e+03 6.815808451650517782e+03 8.229663630248765912e+03 8.950731534026417648e+03 8.018227962479554662e+03 7.793925848272926487e+03 8.477461693646369895e+03 7.505594491696331716e+03 6.576140093493560926e+03 6.774841292623538720e+03 8.650428405675746035e+03 7.944586284091241396e+03 8.717337398164796468e+03 7.958188390166600584e+03 7.673925957195847332e+03 7.442279982332649524e+03 7.943708132514080717e+03 7.112173633705262546e+03 6.982085264423290937e+03 7.733971311220423559e+03 7.533262044058576066e+03 9.383714559034873673e+03 8.574955897862842903e+03 7.090346158267397186e+03 7.415869830356885359e+03 6.314899793977026093e+03 7.064149530929973480e+03 7.694445351986786591e+03 7.620449905960030264e+03 7.572317581109975436e+03 7.046186181525651591e+03 7.461771354894155593e+03 7.585359957263556680e+03 7.293985544802377262e+03 6.896540888009557420e+03 7.583786533139296807e+03 6.999002450605370541e+03 9.308873822437944909e+03 7.566246669342188397e+03 8.082230932911675154e+03 7.641290859807429115e+03 9.376308110753350775e+03 7.284056558086891528e+03 9.404712506609323100e+03 9.115485214993168483e+03 9.218944538425152132e+03 8.162470222111506700e+03 7.563178168853198258e+03 7.691722774477873827e+03 9.236503164394907799e+03 9.359017278498919040e+03 7.520524642429078085e+03 8.023983974613472128e+03 7.743799946859205193e+03 7.788175457044716495e+03 7.249222996756651810e+03 8.105137471870173613e+03 9.048679970028862954e+03 9.011803704993089923e+03 7.447195270944566801e+03 9.599667281519219614e+03 7.282446563323584087e+03 7.349940728024724194e+03 7.837773270403693459e+03 7.079598866647115756e+03 9.071981800675615887e+03 7.747483246617881377e+03 9.354829830204056634e+03 7.920440233244201409e+03 8.939307256415766460e+03
4.191176470588235361e+02 8.850085329793999335e+03 8.301831191420798859e+03 7.701994781596013127e+03 7.091792921812664645e+03 7.106057587376300035e+03 8.522368666736256273e+03 6.474473044212993955e+03 7.928037751202751679e+03 6.796132410518540382e+03 7.615986774025102022e+03 7.091314791748360221e+03 7.555986190465012442e+03 7.256967027423494073e+03 7.074050974617827706e+03 6.690894888293876647e+03 7.690953280895972057e+03 7.101724703025487543e+03 7.176653822585084527e+03 7.086049468457876173e+03 6.996652854265555106e+03 8.113249080079885061e+03 7.353229155087037725e+03 7.560367023821475414e+03 6.895590996282237029e+03 9.109112039808929694e+03 6.982462838123422443e+03 8.171924912894168301e+03 7.646674449264418399e+03 7.269057254036406448e+03 7.060959916686365432e+03 6.420408540215582434e+03 6.455714279161456943e+03 9.017306691643665545e+03 7.463830843658836784e+03 7.627562065632320810e+03 7.248284843708693188e+03 8.038003237841468035e+03 7.144802132815547338e+03 8.933983188955769947e+03 6.709613852869986658e+03 6.634268076962606756e+03 6.780391863201091837e+03 8.171649264929699712e+03 8.881375043429412472e+03 7.956036228867922546e+03 7.806059696408109630e+03 8.282912511338092372e+03 7.446124357969797529e+03 6.484339272695249747e+03 6.720981089015273938e+03 8.675148330058224019e+03 7.930311933135761137e+03 8.642076357794383512e+03 7.939997406423403845e+03 7.525109753857639589e+03 7.342800680485755947e+03 7.893207944063439754e+03 7.158624903341849858e+03 6.932759437578678444e+03 7.742038700091376086e+03 7.540715866614860715e+03 9.296291406132319025e+03 8.551457976446650719e+03 7.196747400989702328e+03 7.443784836516676478e+03 6.442091131466953811e+03 7.171338220376454046e+03 7.675034969792207448e+03 7.637663276063908597e+03 7.573051128288016116e+03 7.155101867666966427e+03 7.343873075666306249e+03 7.481933960312001545e+03 7.295725444483157844e+03 6.844411803864937610e+03 7.503300739933280965e+03 6.928356215122833419e+03 9.232711450520915605e+03 7.564111930243546340e+03 8.021968816167943260e+03 7.569376317199164077e+03 9.284189455715646545e+03 7.235090050375833016e+03 9.373340562691901141e+03 9.044851982179488914e+03 9.147054348721392671e+03 8.095718347843199808e+03 7.561941793386718928e+03 7.646483152077542400e+03 9.174306096426742442e+03 9.263024515979224816e+03 7.475290139805990293e+03 7.928377208375260125e+03 7.694600041494235484e+03 7.748536811629142903e+03 7.268853166247699846e+03 8.020776880428054028e+03 8.968257437007670887e+03 8.930648786293186276e+03 7.376542539082314761e+03 9.512635301467995305e+03 7.277242742330957299e+03 7.331343294773452726e+03 7.767369273194090056e+03 7.054874918996430097e+03 8.955894862857869157e+03 7.644685349788747772e+03 9.287887941312306793e+03 7.801893629084484019e+03 8.910033610250613492e+03
4.200000000000000000e+02 8.662101353676964209e+03 8.083931455221607393e+03 7.589383787816076619e+03 6.943247668765267917e+03 6.929575906153309916e+03 8.301148727010066068e+03 6.359482850288000918e+03 7.930269911872491321e+03 6.709928216211242216e+03 7.546869534157692215e+03 7.147634231041105522e+03 7.548552508332951220e+03 7.220504393599955620e+03 7.004802489981134386e+03 6.780050540866011033e+03 7.705065723975831133e+03 7.178898251335378518e+03 7.099386989434719908e+03 7.161769212599633647e+03 6.931174011399225492e+03 8.020667557472364024e+03 7.332032292349866111e+03 7.616345096635809568e+03 6.961680463126024733e+03 8.970350997464414831e+03 6.905654187986330726e+03 8.077441907980334690e+03 7.645707577653575754e+03 7.254046915939830797e+03 7.140439568439312097e+03 6.302772971863595558e+03 6.341347368395440753e+03 8.959761450737529231e+03 7.489795630794357749e+03 7.607662520346403653e+03 7.104393664191842618e+03 7.937650560404061252e+03 7.179340328547614263e+03 8.743317052160033199e+03 6.630015408837636642e+03 6.707819641262933146e+03 6.725957430718957767e+03 8.091008481296348691e+03 8.787563555418291799e+03 7.871938792695147640e+03 7.795734222081311600e+03 8.070400218077371392e+03 7.366180977866032663e+03 6.375855284548475538e+03 6.648645571716462655e+03 8.674878306517426608e+03 7.893414905756189910e+03 8.543199769076674784e+03 7.899199394572297933e+03 7.358617079831698902e+03 7.224277590670624704e+03 7.820739901005568754e+03 7.184513805622758809e+03 6.864239793680291768e+03 7.727848743714588636e+03 7.526493161723676167e+03 9.183625057814315369e+03 8.503659056359678289e+03 7.283335189074378832e+03 7.450253758785631362e+03 6.552443327167903590e+03 7.258810241069692893e+03 7.633793586931709797e+03 7.632884340886181235e+03 7.552055572812911123e+03 7.244391862482199940e+03 7.207586195278392552e+03 7.359172677065562311e+03 7.276525054581898075e+03 6.773407270812055685e+03 7.402705527219572105e+03 6.839040563300876784e+03 9.131219192351549282e+03 7.540294518648777739e+03 7.939565497383665388e+03 7.476926548269930208e+03 9.166985192666927105e+03 7.166040816223893671e+03 9.315405437487825111e+03 8.949313639969384894e+03 9.049987899190591634e+03 8.006755213555483351e+03 7.539022225628744309e+03 7.579891866856901288e+03 9.086645701897861727e+03 9.142113026885948784e+03 7.409200956969267281e+03 7.811830743730596623e+03 7.623984466034337856e+03 7.687150471977902271e+03 7.267546104985090096e+03 7.914873419813211513e+03 8.863384503157691142e+03 8.825172455714679018e+03 7.285892369383105688e+03 9.399711661809626094e+03 7.251203896634763623e+03 7.291893122929538549e+03 7.675807458670821688e+03 7.010173579274814074e+03 8.816408399943104087e+03 7.522035066346697022e+03 9.195250036757905036e+03 7.663561418075290021e+03 8.855502298849616636e+03
4.208823529411765207e+02 8.454754473015180338e+03 7.850234335808881951e+03 7.457606622744335255e+03 6.779078391021424977e+03 6.738965405682296478e+03 8.063559695341259612e+03 6.229234009674901245e+03 7.909928492952855777e+03 6.606326018008118808e+03 7.457391547150617953e+03 7.183668983397498778e+03 7.519705622743520507e+03 7.163939964109155881e+03 6.916786306008624706e+03 6.850470438707225185e+03 7.697186787302418452e+03 7.235939496292220610e+03 7.003292324302858106e+03 7.217386347131139701e+03 6.847045911522082861e+03 7.906967659839851876e+03 7.290188142333498945e+03 7.650675080734548828e+03 7.008129990644561985e+03 8.809142261793216676e+03 6.810578500361832994e+03 7.961728004637037884e+03 7.622998578757567884e+03 7.218537821024070581e+03 7.199935616448630753e+03 6.170170685012022659e+03 6.211752966573802041e+03 8.877497368022535738e+03 7.494361969418726403e+03 7.566313390800645720e+03 6.944134733131717439e+03 7.816664888058055112e+03 7.193378919962514374e+03 8.533151312712261642e+03 6.533052090394118750e+03 6.762581338626187062e+03 6.653205757085427649e+03 7.988707037034509085e+03 8.670395840888575549e+03 7.766920443246334798e+03 7.763319012203874081e+03 7.841826705864085852e+03 7.266695826170944201e+03 6.251795105838631571e+03 6.558676897158728025e+03 8.649933543920455122e+03 7.834493513841952335e+03 8.421836746539898741e+03 7.836425592284448612e+03 7.176011954233355937e+03 7.087932685991245307e+03 7.727193315393061312e+03 7.189876515154485787e+03 6.777346500719226242e+03 7.691801555566340539e+03 7.490987034543921254e+03 9.046979459827589380e+03 8.432271094790934512e+03 7.349628675557612951e+03 7.435489738026733903e+03 6.645254146910552663e+03 7.326076436438311248e+03 7.571346399645571182e+03 7.606429355575608497e+03 7.509782572425938270e+03 7.313551177100949644e+03 7.054260267939295773e+03 7.218335821401554313e+03 7.236810795924128797e+03 6.684363795889712492e+03 7.283095651403457850e+03 6.732038925623306568e+03 9.005570746891615272e+03 7.495269550790664653e+03 7.835994908485106862e+03 7.364976242972156797e+03 9.025993992450012229e+03 7.077745095572329774e+03 9.231733471205383466e+03 8.829989181241864571e+03 8.928880411760788775e+03 7.896609713796551659e+03 7.494886941957798626e+03 7.492781239331817233e+03 8.974583198374457425e+03 8.997609169605413626e+03 7.323078783625612232e+03 7.675579120086944386e+03 7.532819920381981319e+03 7.604810380759286090e+03 7.245575145557521864e+03 7.788584855498248544e+03 8.735250694971275152e+03 8.696567387747461908e+03 7.176257427643303345e+03 9.262171235464858910e+03 7.204813470607498857e+03 7.232187892687144085e+03 7.564123777751445232e+03 6.946125817436745820e+03 8.654975412323634373e+03 7.380799105273193163e+03 9.078021626991370795e+03 7.506831667349536474e+03 8.776494354405504055e+03
4.217647058823529278e+02 8.229926236450419310e+03 7.602721854211038590e+03 7.307981399786151087e+03 6.600780848449639052e+03 6.535873817077506828e+03 7.811624533383743255e+03 6.084967635988142320e+03 7.867468086640018555e+03 6.486397846525474051e+03 7.348554175453668904e+03 7.199367506268107718e+03 7.469957546662497407e+03 7.088001606480719602e+03 6.810970158540397279e+03 6.901798334633416744e+03 7.667658131600433080e+03 7.272619305730548149e+03 6.889403182989363813e+03 7.252683217885148224e+03 6.745203340996185034e+03 7.773355523185596212e+03 7.228308542335470520e+03 7.663336728413325545e+03 7.034792728555486065e+03 8.627082307215518085e+03 6.698253022265314030e+03 7.826006910673718266e+03 7.579011698538927703e+03 7.163086693176940571e+03 7.239196742093885405e+03 6.023854972028830161e+03 6.068166738541413906e+03 8.771514705000161484e+03 7.477758464970983368e+03 7.504132499600218580e+03 6.768990380278730299e+03 7.676302816594504293e+03 7.187054919581559261e+03 8.305390492398008064e+03 6.419743159599982391e+03 6.798326673949793985e+03 6.562974774716688444e+03 7.865867621161718489e+03 8.531137475367491788e+03 7.642115329682534139e+03 7.709364692817955074e+03 7.599146119415035173e+03 7.148739387847915168e+03 6.113359069317537433e+03 6.452042584924540279e+03 8.600833898862971182e+03 7.754319868236218099e+03 8.279273938428801557e+03 7.752479515901064588e+03 6.978931611746514136e+03 6.935097072121239762e+03 7.613612273569021454e+03 7.174923965183619657e+03 6.673032813663829074e+03 7.634475448265339764e+03 7.434764045228234863e+03 8.887783818676276496e+03 8.338189827431015146e+03 7.395324080987273192e+03 7.399883365203508220e+03 6.719973129109941510e+03 7.372823950129065452e+03 7.488484291496091828e+03 7.558793437557911602e+03 7.446855500237717933e+03 7.362250457021912553e+03 6.885339557178839641e+03 7.060792715156889244e+03 7.177174930180992305e+03 6.578247216245016716e+03 7.145692644906901478e+03 6.608454282565514404e+03 8.857110681482728978e+03 7.429682654255339003e+03 7.712383059112493356e+03 7.234694175362678834e+03 8.862676415872992948e+03 6.971179491039636559e+03 9.123349786709792170e+03 8.688167476615499254e+03 8.785038589599551415e+03 7.766460626899779527e+03 7.430174187499404070e+03 7.386135630473801939e+03 8.839357705220523712e+03 8.830998118057214015e+03 7.217893380374898697e+03 7.520983435961284158e+03 7.422123991383718021e+03 7.502467885968633709e+03 7.203384793131820516e+03 7.643205626352317267e+03 8.585207475083152531e+03 8.546186891654480860e+03 7.048780662152554214e+03 9.101459597600682173e+03 7.138717670074210218e+03 7.152983519826470911e+03 7.433493991111802643e+03 6.863511724882711860e+03 8.473185923563189135e+03 7.222358408748051261e+03 8.937486039160065047e+03 7.333198444966994430e+03 8.673980029854605164e+03
4.226470588235293917e+02 7.989565564040464778e+03 7.343398290005654417e+03 7.141929408388354204e+03 6.409906726072045785e+03 6.321978085295467281e+03 7.547391559295158004e+03 5.927994541183944420e+03 7.803520734513962452e+03 6.351317020598634372e+03 7.221491777812212604e+03 7.194851313781019599e+03 7.399985533407718322e+03 6.993561660960756853e+03 6.688441904163953041e+03 6.933843040420143552e+03 7.616997858063433341e+03 7.288883714092846276e+03 6.758869892322842134e+03 7.267616889127771174e+03 6.626701880991244252e+03 7.621165797393012326e+03 7.147159794219916876e+03 7.654493680640383900e+03 7.041691324099237136e+03 8.425885148862662390e+03 6.569807691169373356e+03 7.671630933399956120e+03 7.514381087488592129e+03 7.088405751234176023e+03 7.258145900368286675e+03 5.865145108036522288e+03 5.911894149126994307e+03 8.642986291309745866e+03 7.440388781317760731e+03 7.421898874430315118e+03 6.580507430424244376e+03 7.517941947498538866e+03 7.160675465367215111e+03 8.062006251226040149e+03 6.291211976865993165e+03 6.814992842723288049e+03 6.456225383045292801e+03 7.723751232357715708e+03 8.371200096288695931e+03 7.498788406673143072e+03 7.634591445681106961e+03 7.344339786348111375e+03 7.013503707749037858e+03 5.961823098768896671e+03 6.329819789660141396e+03 8.528292338246268628e+03 7.653825494463123505e+03 8.116934681439675842e+03 7.648322219113794745e+03 6.769064258544520271e+03 6.767191075463358175e+03 7.481178094965232958e+03 7.140035286086923406e+03 6.552369270677015265e+03 7.556615186469627588e+03 7.358552668642200842e+03 8.707609801689974120e+03 8.222478508710799360e+03 7.420295333925662817e+03 7.343993455242981327e+03 6.776206134284979271e+03 7.398916975227843068e+03 7.386149472095957208e+03 7.490639849849726488e+03 7.364057245147234426e+03 7.390336992523662047e+03 6.702342286101379614e+03 6.888001984564496524e+03 7.098363854478477151e+03 6.456136866077956256e+03 6.991825730071027465e+03 6.469491792261331284e+03 8.687332625255687162e+03 7.344337333000305080e+03 7.569989531776118383e+03 7.087364596745832387e+03 8.678631810415872678e+03 6.847444616212927031e+03 8.991459983453140012e+03 8.525286138019466307e+03 8.619919246952671529e+03 7.617617440179691584e+03 7.345680524538415739e+03 7.261074700423911963e+03 8.682365557997773067e+03 8.643900498006614725e+03 7.094746135817337745e+03 7.349510480605529665e+03 7.293048074370454742e+03 7.381215350769592987e+03 7.141580918989597194e+03 7.480146516823346246e+03 8.414746573024740428e+03 8.375523115496818718e+03 6.904717140240301887e+03 8.919169829708214820e+03 7.053713070776392669e+03 7.055180409056311873e+03 7.285214750283957983e+03 6.763246556344628516e+03 8.272743019087907669e+03 7.048187436856036584e+03 8.775083097288877980e+03 7.144240072023761968e+03 8.549101429945916607e+03
4.235294117647059124e+02 7.735663196542126570e+03 7.074266149524196408e+03 6.960954467628367638e+03 6.208043251948097350e+03 6.098963777173815288e+03 7.272909784808205586e+03 5.759677139926944619e+03 7.718883478607885081e+03 6.202340580214933652e+03 7.077453636128012477e+03 7.170409636891115952e+03 7.310619278467337608e+03 6.881621962888571943e+03 6.550392439986416321e+03 6.946577649485616348e+03 7.545889655988720733e+03 7.284851055574965358e+03 6.612942018265332990e+03 7.262316126686814641e+03 6.492701277529368781e+03 7.451841298218280826e+03 7.047648921284587232e+03 7.624487336418788800e+03 7.029014115821698397e+03 8.207357656806159866e+03 6.426467732315121793e+03 7.500060337420131873e+03 7.429898509333474067e+03 6.995349618689818271e+03 7.256877766689670352e+03 5.695408247842855417e+03 5.744292342568421191e+03 8.493237966657387005e+03 7.382822381412940558e+03 7.320538692210367117e+03 6.380276537169860603e+03 7.343060180322154338e+03 7.114709986682931230e+03 7.805011618467181506e+03 6.148668932613333709e+03 6.812678224208101710e+03 6.334025913641698025e+03 7.563737428530936086e+03 8.192119541259553444e+03 7.338315852718208589e+03 7.539875554487921363e+03 7.079392193044469423e+03 6.862283982885878686e+03 5.798520731393429742e+03 6.193178575825471853e+03 8.433201039670986574e+03 7.534085321679665867e+03 7.936357314123866672e+03 7.525055910150867930e+03 6.548127284046101522e+03 6.585704086301915595e+03 7.331190632894853479e+03 7.085748997334127125e+03 6.416526886249290328e+03 7.459118201922547087e+03 7.263229873850865260e+03 8.508147796738596298e+03 8.086349961165204149e+03 7.424592120570228872e+03 7.268535840218620251e+03 6.813717605460212326e+03 7.404395028789957905e+03 7.265419410864726160e+03 7.402787359916735113e+03 7.262316069786716071e+03 7.397833201170277789e+03 6.506839850580767234e+03 6.701490831162247559e+03 7.001264625542707108e+03 6.319208736095478343e+03 6.822912120070841411e+03 6.316440768282051067e+03 8.497856264423069661e+03 7.240180676003828012e+03 7.410187829610917106e+03 6.924367863747778756e+03 8.475574317977583632e+03 6.707747857177334481e+03 8.837429964715047390e+03 8.342909269495490662e+03 8.435106804413788268e+03 7.451500193983927602e+03 7.242346544099109451e+03 7.118835576675721313e+03 8.505138346800373256e+03 8.438048251402236929e+03 6.954852541177684543e+03 7.162711492976948648e+03 7.146859157114665322e+03 7.242268484149752112e+03 7.060919010701059051e+03 7.300913740783161302e+03 8.225477261536043443e+03 8.186184493776167074e+03 6.745415139769256712e+03 8.717018402235093163e+03 6.950732559613472404e+03 6.939808150800034127e+03 7.120683994861696192e+03 6.646365497607304860e+03 8.055438421987711081e+03 6.859833193739051239e+03 8.592386648980231257e+03 6.941597213496161203e+03 8.403153407376074028e+03
4.244117647058823195e+02 7.470227107166190763e+03 6.797303737432662274e+03 6.766622175669664102e+03 5.996793407316816229e+03 5.868505566544920839e+03 6.990205807264413124e+03 5.581411538376409226e+03 7.614504010415616904e+03 6.040791376969677913e+03 6.917785204293281822e+03 7.126491995375628903e+03 7.202826442573373242e+03 6.753297744690868058e+03 6.398098012616261258e+03 6.940136575576927498e+03 7.455169989793151217e+03 7.260806749992158984e+03 6.452950075327818013e+03 7.237076094702000773e+03 6.344448064379324023e+03 7.266912040404369691e+03 6.930808444452633012e+03 7.573828470405323060e+03 6.997109136727053738e+03 7.973374863187265873e+03 6.269535797027785520e+03 7.312842215641224357e+03 7.326499270420527864e+03 6.884900846734085462e+03 7.235653889068609715e+03 5.516041627973002505e+03 5.566752314769384611e+03 8.323727784922390128e+03 7.305783245736809477e+03 7.201109682232234263e+03 6.169911964699254895e+03 7.153214627621432555e+03 7.049780392648433917e+03 7.536436159821925685e+03 5.993394057602356952e+03 6.791637678645694905e+03 6.197535765419223935e+03 7.387303814494878679e+03 7.995533274063068347e+03 7.162164829399337577e+03 7.426234241452159040e+03 6.806268527092622207e+03 6.696459536901205865e+03 5.624825367541145170e+03 6.043364848953231558e+03 8.316615470651026044e+03 7.396300249615584107e+03 7.739172870294753011e+03 7.383906223219883032e+03 6.317846327542693871e+03 6.392174519096864060e+03 7.165048752783072814e+03 7.012752298606710610e+03 6.266759806048471546e+03 7.343019279788421045e+03 7.149806155674420552e+03 8.291182672099170304e+03 7.931147212159334231e+03 7.408435594727224270e+03 7.174370276127587204e+03 6.832430596774217520e+03 7.389468742579450009e+03 7.127489636498098662e+03 7.296195841175818714e+03 7.142690067851736785e+03 7.384932725190188648e+03 6.300436455660133106e+03 6.502834618002767456e+03 6.886890018826004962e+03 6.168718205071631928e+03 6.640437105520441946e+03 6.150656458846582609e+03 8.290403706291028357e+03 7.118287601790420013e+03 7.234445153758560082e+03 6.747160656837540955e+03 8.255308512105808404e+03 6.553385220361371466e+03 8.662764392927427252e+03 8.142704477495642095e+03 8.232289955389602255e+03 7.269618778204203409e+03 7.121241219000885394e+03 6.960754085538122126e+03 8.309320027141942774e+03 8.215260154251991480e+03 6.799523850702231357e+03 6.962200723959686911e+03 6.984920725614278126e+03 7.086947725663671008e+03 6.962290769870872282e+03 7.107087650207008664e+03 8.019103122017705573e+03 7.979872495976550454e+03 6.572296850220717715e+03 8.496820396520601207e+03 6.830829920063295503e+03 6.808009083913026188e+03 6.941380706088627448e+03 6.514007427926379933e+03 7.823128154034535328e+03 6.658894382534956094e+03 8.391081230860985670e+03 6.726951365942540178e+03 8.237563100705763645e+03
4.252941176470587834e+02 7.195259101142350119e+03 6.514444501495378972e+03 6.560539368326272779e+03 5.777757225560737425e+03 5.632249176897090365e+03 6.701262490606779465e+03 5.394610182147297564e+03 7.491464893434736041e+03 5.868040243184898827e+03 6.743908870768752422e+03 7.063698721872703572e+03 7.077696926902250198e+03 6.609800703344260000e+03 6.232902148691450748e+03 6.914810320278535983e+03 7.345813654585411314e+03 7.217195964342990919e+03 6.280286977522817324e+03 7.192350822027104186e+03 6.183257831188273485e+03 7.067974192377877444e+03 6.797780170387689395e+03 7.503186760290956045e+03 6.946475974699371363e+03 7.725855588498268844e+03 6.100373881831146718e+03 7.111589213925775766e+03 7.205246680880723034e+03 6.758154170575809076e+03 7.194895654842793192e+03 5.328455398689822687e+03 5.380681653050319255e+03 8.136024253611407403e+03 7.210136861029501233e+03 7.064784394224897369e+03 5.951032327773245925e+03 6.950020509809904979e+03 6.966649426432293694e+03 7.258302389648039934e+03 5.826719440822257639e+03 6.752275828985600128e+03 6.047988600689509440e+03 7.196005228309113591e+03 7.783157511558819351e+03 6.971872981344881737e+03 7.294809203167013038e+03 6.526893784542851790e+03 6.517474672932728936e+03 5.442132829578217752e+03 5.881682996907901725e+03 8.179736924351952439e+03 7.241778752055628502e+03 7.527082589466428544e+03 7.226203636417854796e+03 6.079935600731861086e+03 6.188170100614614057e+03 6.984230350809668380e+03 6.921868678087237640e+03 6.104387567997207043e+03 7.209473950140862144e+03 7.019409329361224991e+03 8.058569418721971488e+03 7.758323280523216454e+03 7.372211809820172675e+03 7.062485947582929839e+03 6.832424549928867236e+03 7.354513478550385116e+03 6.973655651953372399e+03 7.171950549466560915e+03 7.006350438562215459e+03 7.351994209938385211e+03 6.084749490491436518e+03 6.293636807133284492e+03 6.756362532791360536e+03 6.005982412805351487e+03 6.445934221293064184e+03 5.973541726792331247e+03 8.066775593312911951e+03 6.979843971121875256e+03 7.044301786226447803e+03 6.557256137008822407e+03 8.019704968694793024e+03 6.385723069251431298e+03 8.469084250289335614e+03 7.926419563551477040e+03 8.013238149997795517e+03 7.073551956752235128e+03 6.983545064476621519e+03 6.788245608271118726e+03 8.096643626995969498e+03 7.977417396799619382e+03 6.630148252262712049e+03 6.749634366348760523e+03 6.808673380976731096e+03 6.916659016558861367e+03 6.846709362327029339e+03 6.900301606385884043e+03 7.797398673909046011e+03 7.758358326111261704e+03 6.386839044451630798e+03 8.260464712302056796e+03 6.695163425607031058e+03 6.661020972640870241e+03 6.748844691823420362e+03 6.367397869133414133e+03 7.577708594712273225e+03 6.447000909578965548e+03 8.172938295154404841e+03 6.502003927170502720e+03 8.053868636219340260e+03
4.261764705882353041e+02 6.912733009605040934e+03 6.227558383691683048e+03 6.344334255931029475e+03 5.552514188052233294e+03 5.391794922584272172e+03 6.407999681721556954e+03 5.200685327688026518e+03 7.350966511327787885e+03 5.685488400405738503e+03 6.557304662192469550e+03 6.982769711634680789e+03 6.936426038093846728e+03 6.452421446531509901e+03 6.056197668994986088e+03 6.871038337887559464e+03 7.218917993822011340e+03 7.154614237971755756e+03 6.096389666468780888e+03 7.128743786490613275e+03 6.010497424210793724e+03 6.856669156874726468e+03 6.649798102710439707e+03 7.413378431104239098e+03 6.877755918809560171e+03 7.466739001771845324e+03 5.920385389012902124e+03 6.897958498575454541e+03 7.067315500602808243e+03 6.616299947437155424e+03 7.135175260836907910e+03 5.134056292206195394e+03 5.187488010712765572e+03 7.931784166394842032e+03 7.096875780863446380e+03 6.912832611068233746e+03 5.725242380979707377e+03 6.735130432374447082e+03 6.866207545787016898e+03 6.972603729387205021e+03 5.650012033067017910e+03 6.695138493006780664e+03 5.886675312014407609e+03 6.991452848985253695e+03 7.556764489193917143e+03 6.769028108576278100e+03 7.146849087508878256e+03 6.243133987934750621e+03 6.326819525365696791e+03 5.251844770266469823e+03 5.709478617941904304e+03 8.023893684306126488e+03 7.071917905218781925e+03 7.301835691361705358e+03 7.053364280619415695e+03 5.836079481948293505e+03 5.975269022724035494e+03 6.790272392527054762e+03 6.814044120840312644e+03 5.930777483493551699e+03 7.059740903436503686e+03 6.873267407058679055e+03 7.812209195838269807e+03 7.569420352790262768e+03 7.316463068112546352e+03 6.933985719034566500e+03 6.813931022339198535e+03 7.300060805170974163e+03 6.805294323208997412e+03 7.031245285907320977e+03 6.854563992567575951e+03 7.299533043781244487e+03 5.861390856155649999e+03 6.075509719342716380e+03 6.610897501023231598e+03 5.832362782833883102e+03 6.240965804806522101e+03 5.786529190371008553e+03 7.828827381429660818e+03 6.826128977380703873e+03 6.841350588313329354e+03 6.356204434564771873e+03 7.770676250967143460e+03 6.206179625171898806e+03 8.258103802068812001e+03 7.695859385691394891e+03 7.779778125599036684e+03 6.864926595472572444e+03 6.830532569260154560e+03 6.602785727704919736e+03 7.868907873444535653e+03 7.726439594880410368e+03 6.448171973360212178e+03 6.526690007358266485e+03 6.619615290096148783e+03 6.732874381596420790e+03 6.715293591918087259e+03 6.682221179205044791e+03 7.562186272402339455e+03 7.523459925842028497e+03 6.190554031923355979e+03 8.009889532667363710e+03 6.544978726559775168e+03 6.500159277887240933e+03 6.544656543739542030e+03 6.207831712562138819e+03 7.321093380056901879e+03 6.225794229089231521e+03 7.939792548371097837e+03 6.268456292609130287e+03 7.853697255316768860e+03
4.270588235294117112e+02 6.624574630186089053e+03 5.938435336273238136e+03 6.119637323599011324e+03 5.322607082134106349e+03 5.148682977539626336e+03 6.112257204176691630e+03 5.001033553890724761e+03 7.194309157926583794e+03 5.494550482437437495e+03 6.359491165649321374e+03 6.884571770113071580e+03 6.780297048885711774e+03 6.282511823342279058e+03 5.869408928852274585e+03 6.809400048663645975e+03 7.075686174196081083e+03 7.073796431873136498e+03 5.902721078226088139e+03 7.046996755921283693e+03 5.827567482748853763e+03 6.634663261505792434e+03 6.488170925917241220e+03 7.305352473557220947e+03 6.791720474663771711e+03 7.197962151403405187e+03 5.730997646781804178e+03 6.673631294075462392e+03 6.913974499349284088e+03 6.460607038833229126e+03 7.057204941820424210e+03 4.934232343469327134e+03 4.988563611390353799e+03 7.712730341681684877e+03 6.967104010561995892e+03 6.746603243387377915e+03 5.494116206421174866e+03 6.510214225401386102e+03 6.749458643772731193e+03 6.681284383255256216e+03 5.464656727748177218e+03 6.620902396674487136e+03 5.714927140351924209e+03 6.775293736310912209e+03 7.318160180853445127e+03 6.555248171629399621e+03 6.983691415783725461e+03 5.956779364453395829e+03 6.126011415149572713e+03 5.055352906841408185e+03 5.528121700755293205e+03 7.850521311468995009e+03 6.888184076301859932e+03 7.065207717040658281e+03 6.866870533698769577e+03 5.587915890184224736e+03 5.755041937556841731e+03 6.584751063332438207e+03 6.690332217335199857e+03 5.747327162833792499e+03 6.895163897593032743e+03 6.712690924516939049e+03 7.554026025450250927e+03 7.366048810866930580e+03 7.241877403385504294e+03 6.790069554485563458e+03 6.777327392348531248e+03 7.226788165706635482e+03 6.623845064345166975e+03 6.875364839548406053e+03 6.688675107376290725e+03 7.228211202796640464e+03 5.631949579022097168e+03 5.850056282748992089e+03 6.451785853347472766e+03 5.649247835107809806e+03 6.027104330590695099e+03 5.591063923666421033e+03 7.578446204281119208e+03 6.658497013040498132e+03 6.627216896535348496e+03 6.145573719587551750e+03 7.510153778046823390e+03 6.016206908039383961e+03 8.031607479253832025e+03 7.452863152061072469e+03 7.533771003307401770e+03 6.645397352087561558e+03 6.663554166230868759e+03 6.405891129929206727e+03 7.627954235282771151e+03 7.464261737103118321e+03 6.255080591126520630e+03 6.295047094464444854e+03 6.419282916550846494e+03 6.537112643714577644e+03 6.569251328543795353e+03 6.454524197856137107e+03 7.315313626976490013e+03 7.277019621661615020e+03 5.984971190973859848e+03 7.747058496216079220e+03 6.381591374405734314e+03 6.326799164148576892e+03 6.330418204213583522e+03 6.036655750604596506e+03 7.055191383856733410e+03 5.996908612486210586e+03 7.693518620171968905e+03 6.027991135164188563e+03 7.638743332699454186e+03
4.279411764705882888e+02 6.332643715952107414e+03 5.648771166429379264e+03 5.888063458998080023e+03 5.089527427880850155e+03 4.904380463885456265e+03 5.815780024008901819e+03 4.797021389050228208e+03 7.022874665840677153e+03 5.296638410303867204e+03 6.152007009446184384e+03 6.770084640552205201e+03 6.610663383583178074e+03 6.101467252470996755e+03 5.673974637519303542e+03 6.730604261726292862e+03 6.917409681806159824e+03 6.975604166707134937e+03 5.700752817982847773e+03 6.947977175962051660e+03 5.635885342776985453e+03 6.403628232435231439e+03 6.314264383171915142e+03 7.180175483394377807e+03 6.689258536129585082e+03 6.921438924100932127e+03 5.533645035726845890e+03 6.440293201959650105e+03 6.746568629646249065e+03 6.292405530612022631e+03 6.961824685081700409e+03 4.730338841681425038e+03 4.785271015261188040e+03 7.480629614201720869e+03 6.822020586572695720e+03 6.567506044761046724e+03 5.259181896548783698e+03 6.276939834260486350e+03 6.617504691547297625e+03 6.386221143540922640e+03 5.272040359463878303e+03 6.530363638488911420e+03 5.534099098342840080e+03 6.549191031776582349e+03 7.069162806681138136e+03 6.332162055620846331e+03 6.806744033521340498e+03 5.669529895808357651e+03 5.916576850396290865e+03 4.854024406174676187e+03 5.338990393002490237e+03 7.661142455288157180e+03 6.692093692687147268e+03 6.818979759638069481e+03 6.668251674770566751e+03 5.337021243705719826e+03 5.529035325053646375e+03 6.369262647351318265e+03 6.551878421492535381e+03 5.555447772209256982e+03 6.717153279834995374e+03 6.539054967309063613e+03 7.285944619351691472e+03 7.149866385882121904e+03 7.149276478357743144e+03 6.632017362868828968e+03 6.723128864144267936e+03 7.135506864690898510e+03 6.430791162302190060e+03 6.705667102645591513e+03 6.510087590801261285e+03 7.138825458457818968e+03 5.397975835870257470e+03 5.618853132553676005e+03 6.280376567307777805e+03 5.458036605015849091e+03 5.805914689829170129e+03 5.388586978826957420e+03 7.317528610353007934e+03 6.478359543233597833e+03 6.403539046021454851e+03 5.926932072706720646e+03 7.240065677227259584e+03 5.817273091688877685e+03 7.791427042921516659e+03 7.199282559992569986e+03 7.277090136997694572e+03 6.416627168763481677e+03 6.484017994682459175e+03 6.199100962652791168e+03 7.375644614927147813e+03 7.192812169597886168e+03 6.052380803036220641e+03 6.056368448007730876e+03 6.209232298508381973e+03 6.330920479357111617e+03 6.409862571771114744e+03 6.218881732249883498e+03 7.058632322005964852e+03 7.020882654029784135e+03 5.771619387524589001e+03 7.473937889531811379e+03 6.206369232662686045e+03 6.142357639118696170e+03 6.107734342515536810e+03 5.855251458732582250e+03 6.781886185981903509e+03 5.761953773034547339e+03 7.436008587585401074e+03 5.782255124804147272e+03 7.410746689114825131e+03
4.288235294117646959e+02 6.038718173071968522e+03 5.360155747487694498e+03 5.651195406653761893e+03 4.854702746164775817e+03 4.660270651833045122e+03 5.520206026196769926e+03 4.589972469188326613e+03 6.838107829849611335e+03 5.093146276240119732e+03 5.936393212149202554e+03 6.640386186884648851e+03 6.428930792610927710e+03 5.910709507246004250e+03 5.471331604051107206e+03 6.635477281411902368e+03 6.745450618187609507e+03 6.861012078415817086e+03 5.491948863406012606e+03 6.832664375077996738e+03 5.436868934151420035e+03 6.165222906610517384e+03 6.129483797343336846e+03 7.039015697332078162e+03 6.571362580876807442e+03 6.639040811817236317e+03 5.329753166583815982e+03 6.199615844458917309e+03 6.566501079572161871e+03 6.113069461286682781e+03 6.849988740849298665e+03 4.523685762557712223e+03 4.578930213209010617e+03 7.237271548474654082e+03 6.662902679022508892e+03 6.376993565072289130e+03 5.021907980181784296e+03 6.036955432419069439e+03 6.471529928368910078e+03 6.089207536848537529e+03 5.073536650746892519e+03 6.424424881633234691e+03 5.345554129167538122e+03 6.314805091900678235e+03 6.811582587675721697e+03 6.101391426311478426e+03 6.617466735912252261e+03 5.382983129116895725e+03 5.700034574659292957e+03 4.649188626147697505e+03 5.143455683299118391e+03 7.457346513288962342e+03 6.485194396729238179e+03 6.564918931066293226e+03 6.459065150682933563e+03 5.084897559360029845e+03 5.298756241072735065e+03 6.145405194384497008e+03 6.399903890785660224e+03 5.356548090747038259e+03 6.527167717234485281e+03 6.353781347580382317e+03 7.009869550523239013e+03 6.922557934172527894e+03 7.039602206538796963e+03 6.461171688226111655e+03 6.651978814277199490e+03 7.027148842864518883e+03 6.227641635406213936e+03 6.523565064071697634e+03 6.320246730058844150e+03 7.032294250853133235e+03 5.160966624672251783e+03 5.383435162544735249e+03 6.098059422650802844e+03 5.260123031314308719e+03 5.578937773291673693e+03 5.180520109031903303e+03 7.047959569105518312e+03 6.287167122519707846e+03 6.171950083669865307e+03 5.701830623958654542e+03 6.962316177639242596e+03 5.610845878159752829e+03 7.539419440157741519e+03 6.936961145127764212e+03 7.011600263762642498e+03 6.180268865869662477e+03 6.293372049244422669e+03 5.983959058588562584e+03 7.113840180047779540e+03 6.913992249413951868e+03 5.841583088790926922e+03 5.812283326883331938e+03 5.991021270976711094e+03 6.115854309633441517e+03 6.238462357641980816e+03 5.976940525165005965e+03 6.793977585304087370e+03 6.756877196753648604e+03 5.552010509391270716e+03 7.192475346013505259e+03 6.020715251660911235e+03 5.948276246380340126e+03 5.878194882058326584e+03 5.665018407022542306e+03 6.503017286146541664e+03 5.522498955989312890e+03 7.169150570445233825e+03 5.532843447419811127e+03 7.171471521014347672e+03
4.297058823529412166e+02 5.744480369658471318e+03 5.074063414448192816e+03 5.410568706169773577e+03 4.619485333704539698e+03 4.417643863184495785e+03 5.227055947770895727e+03 4.381155974385564150e+03 6.641497907044754356e+03 4.885436379450952700e+03 5.714176419424215055e+03 6.496636873795384417e+03 6.236539702946556645e+03 5.711670103770597052e+03 5.262899340680247406e+03 6.524949885683836328e+03 6.561223782277501414e+03 6.731093111734035119e+03 5.277750169442828337e+03 6.702134795567453693e+03 5.231921440631315818e+03 5.921076074097602941e+03 5.935257006267287579e+03 6.883126292016546358e+03 6.439113930877915664e+03 6.352579342622590048e+03 5.120724003792423900e+03 5.953239651616087940e+03 6.375215408275410482e+03 5.923999910654234554e+03 6.722751102433314372e+03 4.315526569769207526e+03 4.370807102723088065e+03 6.984447984168527910e+03 6.491088375786204779e+03 6.176543382022417973e+03 4.783691498517951004e+03 5.791872820784443320e+03 6.312784583798642416e+03 5.791940022631281863e+03 4.870492115858687612e+03 6.304081685159009794e+03 5.150648014072561637e+03 6.073775839167234153e+03 6.547202702376072921e+03 5.864533666367329715e+03 6.417352991240799383e+03 5.098624220263070129e+03 5.477879669502508477e+03 4.442125182281092748e+03 4.942867024489716641e+03 7.240769315194442243e+03 6.269046818348253510e+03 6.304760172647460422e+03 6.240878259288346271e+03 4.832961232939435831e+03 5.065658489682850814e+03 5.914761234637068810e+03 6.235689030504546281e+03 5.152019412649706283e+03 6.326696112628473202e+03 6.158320998626665641e+03 6.727665925721014901e+03 6.685815876105430107e+03 6.913902234025921643e+03 6.278920324790517952e+03 6.564637814078127121e+03 6.902752219008588327e+03 6.015913566710004488e+03 6.330508953269451922e+03 6.120621629903241228e+03 6.909643441953345246e+03 4.922353098015120850e+03 5.145281582832498316e+03 5.906247991574879961e+03 5.056881206464106981e+03 5.347675261641808902e+03 4.968251564379867887e+03 6.771592895185593079e+03 6.086391835075812196e+03 5.934060405290772906e+03 5.471787822022657565e+03 6.678766554029684812e+03 5.398376649195733989e+03 7.277445444799297547e+03 6.667714899954340581e+03 6.739137934857181790e+03 5.937947962718044437e+03 6.093086523282498092e+03 5.761997054401518653e+03 6.844381395392855666e+03 6.629657394126864347e+03 5.624185213942751034e+03 5.564371912200205770e+03 5.766192521014375416e+03 5.893463007904970254e+03 6.056423803669606059e+03 5.730306608705495819e+03 6.523149524124467462e+03 6.486795605948793309e+03 5.327624159015493206e+03 6.904579917918526007e+03 5.826050551785693642e+03 5.746004221688660436e+03 5.643358740022202255e+03 5.467358151850110517e+03 6.220362941947050786e+03 5.280058516136892649e+03 6.894808706133103442e+03 5.281285799548697469e+03 6.922686115522478758e+03
4.305882352941176805e+02 5.451505852626317392e+03 4.791845827578537865e+03 5.167658316098284558e+03 4.385143141511815884e+03 4.177690509806815498e+03 4.937725783052462248e+03 4.171776727434859822e+03 6.434560599433532843e+03 4.674826738319432479e+03 5.486853565513320063e+03 6.340063911572166944e+03 6.034948174348162865e+03 5.505774472233651068e+03 5.050066020806289998e+03 6.400043495253289620e+03 6.366179134179079483e+03 6.587003181990899975e+03 5.059560760619844586e+03 6.557546726065736948e+03 5.022417261893781870e+03 5.672770986250237002e+03 5.733017993111820942e+03 6.713828418137183689e+03 6.293667685148014243e+03 6.063790625937357618e+03 4.907922398380587765e+03 5.702758281843057375e+03 6.174178207196373478e+03 5.726608704795114136e+03 6.581250382122157134e+03 4.107048599010162434e+03 4.162103601515112132e+03 6.723933817311050007e+03 6.307959676945450155e+03 5.967641058438623077e+03 4.545848011306039552e+03 5.543252550271559812e+03 6.142568585317449106e+03 5.496006726226380124e+03 4.664213461856611502e+03 6.170408264737668105e+03 4.950715352777057888e+03 5.827706487433118127e+03 6.277761913060402549e+03 5.623146360741579883e+03 6.207912393816985968e+03 4.817818381018098989e+03 5.251569026026835672e+03 4.234053536302039902e+03 4.738539340353491752e+03 7.013073515982608114e+03 6.045207272853684117e+03 6.040189703538792855e+03 6.015251009769913253e+03 4.582534007881714388e+03 4.831130656193036884e+03 5.678881864847502584e+03 6.060557077425153693e+03 4.943221830123965447e+03 6.117240206367212522e+03 5.954137064893886418e+03 6.441141948564577433e+03 6.441321760779026590e+03 6.773314665625160160e+03 6.086679363588692468e+03 6.461971558562627251e+03 6.763446218965867047e+03 5.797115615585425076e+03 6.127968996274872552e+03 5.912688396174866284e+03 6.771991290462859979e+03 4.683489665174620313e+03 4.905803796282892108e+03 5.706363373101459729e+03 4.849651947790884151e+03 5.113576115812576973e+03 4.753123442010345570e+03 6.490233320531822756e+03 5.877510479430055966e+03 5.691442014276486589e+03 5.238275286475193752e+03 6.391217907734423534e+03 5.181286045449232915e+03 7.007349723326470667e+03 6.393314601959005813e+03 6.461493627528632715e+03 5.691246967281440448e+03 5.884637077040179975e+03 5.534718809762785895e+03 6.569069591851152836e+03 6.341600259423134958e+03 5.401657052079001005e+03 5.314151638773466402e+03 5.536258109439640066e+03 5.665271855318799680e+03 5.865141582037715125e+03 5.480530828810359708e+03 6.247896057805804048e+03 6.212377548888410274e+03 5.099893934711079055e+03 6.612104109591746237e+03 5.623798393412440419e+03 5.536982676406794781e+03 5.404739141821199155e+03 5.263659293097813133e+03 5.935625223327326239e+03 5.036079401530573705e+03 6.614804652036032167e+03 5.029034497273582019e+03 6.666143823000145858e+03
4.314705882352940876e+02 5.161254268926943951e+03 4.514726931808165318e+03 4.923866994313276336e+03 4.152852317600368224e+03 3.941495932371265553e+03 4.653481491843840558e+03 3.962966868245741807e+03 6.218820650206218488e+03 4.462579912804087144e+03 5.255877796896231303e+03 6.171945295681962307e+03 5.825615521882010398e+03 5.294427314008321446e+03 4.834175689820614934e+03 6.261855758549217171e+03 6.161784700951595369e+03 6.429965477532085970e+03 4.838735186332297417e+03 6.400124552885918092e+03 4.809689230963047521e+03 5.421831469346714584e+03 5.524191389177061865e+03 6.532494141934667823e+03 6.136237286104492341e+03 5.774321960576254241e+03 4.692663973945374892e+03 5.449704724633370461e+03 5.964862395382252544e+03 5.522302929640663024e+03 6.426694216832960592e+03 3.899365062300417776e+03 3.953949306136972609e+03 6.457469301722696400e+03 6.114925696845052698e+03 5.751764067533711568e+03 4.309603351097462109e+03 5.292590614085163907e+03 5.962215469424150797e+03 5.202878312868837384e+03 4.455956247625490505e+03 6.024542792521567208e+03 4.747056724613893493e+03 5.578148838598393013e+03 6.004938970935882026e+03 5.378733251394738545e+03 5.990653841971171460e+03 4.541805424024110835e+03 5.022508348275728167e+03 4.026124181295119342e+03 4.531741170665291065e+03 6.775929553333302465e+03 5.815211544831148785e+03 5.772830294286980461e+03 5.783720020339395887e+03 4.334835766043303011e+03 4.596485729046543383e+03 5.439272236327074097e+03 5.875858105488133333e+03 4.731471763104439560e+03 5.900298072962758852e+03 5.742688794800346841e+03 6.152033433468423937e+03 6.190729193906424371e+03 6.619052364910705364e+03 5.885876787843223610e+03 6.344937796087265269e+03 6.610435420881264690e+03 5.572732534098175165e+03 5.917418801275025544e+03 5.697914135595996413e+03 6.620532840840679455e+03 4.445645024763831316e+03 4.666335048501889105e+03 5.499818786677746175e+03 4.639730674775111765e+03 4.878024645938578942e+03 4.536420382801005871e+03 6.205620553641644619e+03 5.661988763141321215e+03 5.445614270293826849e+03 5.002705227029587149e+03 6.101396020227729423e+03 4.960950792912150064e+03 6.730942226382563604e+03 6.115469904265489276e+03 6.180395707996737656e+03 5.441691374331948282e+03 5.669488908299658760e+03 5.303586187865851571e+03 6.289650392921986167e+03 6.051535728908171222e+03 5.175426759185751507e+03 5.063065189569550967e+03 5.302685377816102118e+03 5.432767850138306130e+03 5.666016107501498482e+03 5.229095927050008868e+03 5.969897769026373680e+03 5.935294940585857148e+03 4.870195122865102348e+03 6.316827892484790027e+03 5.415368977350296518e+03 5.322629836690283810e+03 5.163790495702971384e+03 5.055283499187647067e+03 5.650417042082583976e+03 4.791930294030716141e+03 6.330901013790138677e+03 4.777454393787906156e+03 6.403565426015934463e+03
4.323529411764706083e+02 4.875062611074476081e+03 4.243800147738532360e+03 4.680515465485343157e+03 3.923691599281382878e+03 3.710037094969138252e+03 4.375455768158501087e+03 3.755779047226641069e+03 5.995795433984565534e+03 4.249893480475230717e+03 5.022646014624261625e+03 5.993594052783410007e+03 5.609987035758126694e+03 5.078999085756045133e+03 4.616516983426257866e+03 6.111545817933971193e+03 5.949510226029857222e+03 6.261254647898525036e+03 4.616567442423153807e+03 6.231142965013678804e+03 4.595017227311274837e+03 5.169709783285726189e+03 5.310178102235170627e+03 6.340529704614169532e+03 5.968079117947679151e+03 5.485720622905758319e+03 4.476204453569482212e+03 5.195539175133743811e+03 5.748731453000473266e+03 5.312470437167133241e+03 6.260343613065607315e+03 3.693508651287570956e+03 3.747394712430873824e+03 6.186743823652519495e+03 5.913406543855287964e+03 5.530366730135951002e+03 4.076087318162774409e+03 5.041307068161487223e+03 5.773076753400671805e+03 4.913901256315603860e+03 4.246915038434518465e+03 5.867672686146191154e+03 4.540927149604857732e+03 5.326590298523366073e+03 5.730338820632587158e+03 5.132731961983906331e+03 5.767069760953249897e+03 4.271696518921383358e+03 4.792040698000240809e+03 3.819411365047690197e+03 4.323684447810568599e+03 6.530997769888974290e+03 5.580560009465896655e+03 5.504228327579327924e+03 5.547783848387081889e+03 4.090979358896272970e+03 4.362952570783574629e+03 5.197378658120439468e+03 5.682953487246644727e+03 4.518030919133224415e+03 5.677348605348722231e+03 5.525416467735581136e+03 5.861990288744249483e+03 5.935648078687872840e+03 6.452386978182033999e+03 5.677936878623974735e+03 6.214572790490333318e+03 6.444983969421576148e+03 5.344211002905936766e+03 5.700319742280327773e+03 5.477742127842228001e+03 6.456524119648242959e+03 4.209994921425617576e+03 4.428121816184132513e+03 5.288005197128038162e+03 4.428356723550253264e+03 4.642330290340340071e+03 4.319359942925294490e+03 5.919415149184112124e+03 5.441266567867332924e+03 5.198031276183055525e+03 4.766419460885472290e+03 5.810938144753004963e+03 4.738692056949166727e+03 6.449981316137787871e+03 5.835815270074477667e+03 5.897496253799340593e+03 5.190737333788706565e+03 5.449082022152120771e+03 5.070006330232372420e+03 6.007798887767187807e+03 5.761088131380060986e+03 4.946868333458729467e+03 4.812470486663423799e+03 5.066884274069072490e+03 5.197386444673700680e+03 5.460438525080656291e+03 4.977405554709131138e+03 5.690754615266455403e+03 5.657138797696055917e+03 4.639834164119167326e+03 6.020444728629955534e+03 5.202145485633580392e+03 5.104327564372531924e+03 4.921896968130725327e+03 4.843552909889983312e+03 5.366251338370757367e+03 4.548892692666217044e+03 6.044786554981762492e+03 4.527814681801879487e+03 6.136623007416932523e+03
4.332352941176470722e+02 4.594140562207210678e+03 3.980027345357026206e+03 4.438834386090581575e+03 3.698638419688443264e+03 3.484180946732852590e+03 4.104646925508614004e+03 3.551181255688267811e+03 5.766979540246393299e+03 4.037891920802613186e+03 4.788487961166772038e+03 5.806342824062275213e+03 5.389479659290542259e+03 4.860813797877895922e+03 4.398313319813453745e+03 5.950319509573024334e+03 5.730811836987601055e+03 6.082181126632724045e+03 4.394281583471198246e+03 6.051911393915557710e+03 4.379618339944811851e+03 4.917776300085715775e+03 5.092342149145259100e+03 6.139359111578768534e+03 5.790477444460675542e+03 5.199424775502660850e+03 4.259730609528669447e+03 4.941638658048483194e+03 5.527224722746262159e+03 5.098466565326410091e+03 6.083497285503200146e+03 3.490426618112761389e+03 3.543406013124023048e+03 5.913381548165169988e+03 5.704817986967683282e+03 5.304866493053340491e+03 3.846328976993561810e+03 4.790736336449460396e+03 5.576506904025171934e+03 4.630293189012496441e+03 4.038215083486285039e+03 5.701019926133666559e+03 4.333525954350368920e+03 5.074442580531921521e+03 5.455480767584431305e+03 4.886503348276710312e+03 5.538621562633986287e+03 4.008472810860012032e+03 4.561436618002101568e+03 3.614907322971321264e+03 4.115515527371248027e+03 6.279911724172669892e+03 5.342704213276510018e+03 5.235842789092009298e+03 5.308889668817493657e+03 3.851967141747488768e+03 4.131669076304268856e+03 4.954577398104663189e+03 5.483201124110612000e+03 4.304096734079057569e+03 5.449837246709292231e+03 5.303727499684812756e+03 5.572565147574106959e+03 5.677630648488802763e+03 6.274632989384081156e+03 5.464265618134772922e+03 6.071977243033824379e+03 6.268399627029682961e+03 5.112946956864273488e+03 5.478106483304378344e+03 5.253578161708654989e+03 6.281266320298085702e+03 3.977616683791576179e+03 4.192317007579340498e+03 5.072278184980598780e+03 4.216704134450598758e+03 4.407719123539225620e+03 4.103084455275692562e+03 5.633186529016390523e+03 5.216744466557532178e+03 4.950071073930183047e+03 4.530680288138575634e+03 5.521382006608440861e+03 4.515765278355637747e+03 6.166158694704658046e+03 5.555897989034351667e+03 5.614358901726032855e+03 4.939761051410096115e+03 5.224817745341151749e+03 4.835320561718064710e+03 5.725106777924827838e+03 5.471780500575753649e+03 4.717290902023222770e+03 4.563632432751037413e+03 4.830196510368054078e+03 4.960499928294416350e+03 5.249776783006862388e+03 4.726775027999058693e+03 5.411974703321091511e+03 5.379408121939986813e+03 4.410039647154911108e+03 5.724549767592493481e+03 4.985471254876657440e+03 4.883409172147248682e+03 4.680362750066584340e+03 4.629738795061830388e+03 5.084532393561311437e+03 4.308153697053054202e+03 5.758063480133831035e+03 4.281282614385617308e+03 5.866925636755335290e+03
4.341176470588235361e+02 4.319567873304150453e+03 3.724239811422899948e+03 4.199958098429947313e+03 3.478566671494400907e+03 3.264684344931286887e+03 3.841919590140747914e+03 3.350053161976746651e+03 5.533830714449971310e+03 3.827620200543208284e+03 4.554656996493603401e+03 5.611529135077094907e+03 5.165469155834800404e+03 4.641138356200099224e+03 4.180714728119062784e+03 5.779414757145181284e+03 5.507117777010689679e+03 5.894075867342246966e+03 4.173023813290866201e+03 5.863758759749565797e+03 4.164638499047267032e+03 4.667310984113649283e+03 4.871998845215220172e+03 5.930408612521831856e+03 5.604729713774092488e+03 4.916756525747838168e+03 4.044352761329685563e+03 4.689288628507309113e+03 5.301744025457204771e+03 4.881602092082626768e+03 5.897476482504050182e+03 3.290977437535775152e+03 3.342861431572906895e+03 5.638928848794543228e+03 5.490557054663674535e+03 5.076631520562498736e+03 3.621253804587655395e+03 4.542119492240200088e+03 5.373849246778435372e+03 4.353140368618936009e+03 3.830905542680450708e+03 5.525826813173364826e+03 4.125988042162312013e+03 4.823032276503634421e+03 5.181788666128940349e+03 4.641322739564585390e+03 5.306726408855003683e+03 3.752985957322516697e+03 4.331886038246662793e+03 3.413518121796773812e+03 3.908307938967690006e+03 6.024262909809407574e+03 5.103034905309427813e+03 4.969036296620359280e+03 5.068421643368303194e+03 3.618689343785528308e+03 3.903677115196114755e+03 4.712165122864573277e+03 5.277941639178911828e+03 4.090794372377618402e+03 5.219163110714719551e+03 5.078983978575209221e+03 5.285204146029143885e+03 5.418159074564085131e+03 6.087132173820254138e+03 5.246237232218080862e+03 5.918302165342636727e+03 6.082018264295305926e+03 4.880274366582078073e+03 5.252173736999959146e+03 5.026778416131684025e+03 6.096090200000070581e+03 3.749485572576487357e+03 3.959974969761390184e+03 4.853946094361923315e+03 4.005874011371108281e+03 4.175327089072472518e+03 3.888654575450056200e+03 5.348403024174632264e+03 4.989771754168863481e+03 4.703026592999261084e+03 4.296662934313890219e+03 5.234156931497694131e+03 4.293351688303278024e+03 5.881086246596551973e+03 5.277168125877751663e+03 5.332448779797349744e+03 4.690050135336494350e+03 4.998046644089560687e+03 4.600794931186394024e+03 5.443071601656478379e+03 5.185025987871280449e+03 4.487929447014933430e+03 4.317716557332472803e+03 4.593886206096391106e+03 4.723407381263094067e+03 5.035362887082051202e+03 4.478424033923582101e+03 5.134965080808761741e+03 5.103500810528150396e+03 4.181955119059516619e+03 5.430630230285065409e+03 4.766638422956923023e+03 4.661148793743966053e+03 4.440404214924728876e+03 4.415051758705412794e+03 4.806549210860633139e+03 4.070800712091795049e+03 5.472236771374865384e+03 4.038919094536217926e+03 5.596006761422949239e+03
4.350000000000000000e+02 4.052293706248567105e+03 3.477140719530711067e+03 3.964920174847572525e+03 3.264245990346064445e+03 3.052195503696965716e+03 3.588007076777663769e+03 3.153183853234641447e+03 5.297757210125019810e+03 3.620038769329054503e+03 4.322322563239451483e+03 5.410481461085591036e+03 4.939278543339731186e+03 4.421173297947249011e+03 3.964791130770384825e+03 5.600087315732155730e+03 5.279815467387364151e+03 5.698275714686297761e+03 3.953856284048712041e+03 5.668018885539453549e+03 3.951145706928231903e+03 4.419496763818771797e+03 4.650404433917557071e+03 5.715091935951833875e+03 5.412132643264018043e+03 4.638917031159395265e+03 3.831098785189078171e+03 4.439676300354534760e+03 5.073641591234953012e+03 4.663132677960762521e+03 5.703610330198947850e+03 3.095928901874007352e+03 3.146548941312757506e+03 5.364843672772220089e+03 5.271988877148827669e+03 4.846969878824416810e+03 3.401682323761915086e+03 4.296598214193072636e+03 5.166422851330537924e+03 4.083397038655690721e+03 3.625954148586929932e+03 5.343342160490832612e+03 3.919376696213601463e+03 4.573593203570350852e+03 4.910583062954870002e+03 4.398372895657179470e+03 5.072745488783684777e+03 3.505960197302768393e+03 4.104491749000781056e+03 3.216060913154367881e+03 3.703056465008289251e+03 5.765587038672129893e+03 4.862871832968310628e+03 4.705067981355284246e+03 4.827690902057126550e+03 3.391923973890145135e+03 3.679919080744873554e+03 4.471351170137603731e+03 5.068485703716274656e+03 3.879170253519741436e+03 4.986667575976488479e+03 4.852491499169285817e+03 5.001239744099038944e+03 5.158634948950470971e+03 5.891238446949148965e+03 5.025182091196620604e+03 5.754734805465892350e+03 5.887188737850402504e+03 4.647455726329304525e+03 5.023864485636385325e+03 4.798638684319654203e+03 5.902341017065878987e+03 3.526472648558332367e+03 3.732048111661171788e+03 4.634259683382550975e+03 3.796888331153545096e+03 3.946194965617080470e+03 3.677044269892861394e+03 5.066424015361258171e+03 4.761635900549144935e+03 4.458098377723234989e+03 4.065449818019897066e+03 4.950576989230165054e+03 4.072551358727739171e+03 5.596284827041542485e+03 5.000970530913674338e+03 5.053124414837125187e+03 4.442796657148745908e+03 4.770057962782980212e+03 4.367612400884093404e+03 5.163087926999775846e+03 4.902121377533600025e+03 4.259937361222472646e+03 4.075784431340661740e+03 4.359132361325445345e+03 4.487326424957091149e+03 4.818481489067535222e+03 4.233471061493891284e+03 4.861024550642256145e+03 4.830706588558653493e+03 3.956633440390130545e+03 5.140057870887012541e+03 4.546877978568262733e+03 4.438752220816545560e+03 4.203143709339276029e+03 4.200633359496951016e+03 4.533470966816997134e+03 3.837817796755506151e+03 5.188705574625630106e+03 3.801675964273759291e+03 5.325313589459526156e+03
4.358823529411765207e+02 3.793137695562169938e+03 3.239309027047493146e+03 3.734650544031097979e+03 3.056342456352481349e+03 2.847256615554425935e+03 3.343515250091998041e+03 2.961270987678341044e+03 5.060106593371494455e+03 3.416020122436182191e+03 4.092564239165988965e+03 5.204506224287992154e+03 4.712168048614516920e+03 4.202045111601355529e+03 3.751527267671375284e+03 5.413597131765428458e+03 5.050239930833731705e+03 5.496109495828620311e+03 3.737752408754239241e+03 5.466016714705329832e+03 3.740124717206186233e+03 4.175414578034187798e+03 4.428747254616353530e+03 5.494796678994769536e+03 5.213969059191793349e+03 4.366983581558668448e+03 3.620909682470873122e+03 4.193885804529012603e+03 4.844209474217666866e+03 4.444249680276982872e+03 5.503221898181070173e+03 2.905957449015459588e+03 2.955165419117719921e+03 5.092486822800295158e+03 5.050434750072751740e+03 4.617120122525628176e+03 3.188330228613781856e+03 4.055210617793516576e+03 4.955510583119365947e+03 3.821886601882315063e+03 3.424243370218615837e+03 5.154808363741557514e+03 3.714677813584807609e+03 4.327260557769222942e+03 4.643075253884479935e+03 4.158738692810634348e+03 4.837973796054137892e+03 3.267995985378558998e+03 3.880264543780787790e+03 3.023262542158899578e+03 3.500672823703966969e+03 5.505352020302144410e+03 4.623455096526560737e+03 4.445088261621031052e+03 4.587927122058410532e+03 3.172338181133914532e+03 3.461236004013494949e+03 4.233251476853691202e+03 4.856102496181521019e+03 3.670187096071656924e+03 4.753624433535101161e+03 4.625489620014772299e+03 4.721885558200041487e+03 4.900370535138974446e+03 5.688303538057009064e+03 4.802375903178966837e+03 5.582484827240904451e+03 5.685258575824711443e+03 4.415674053294573241e+03 4.794459655150839353e+03 4.570385175848139625e+03 5.701364127088309033e+03 3.309344258804943365e+03 3.509385139912835257e+03 4.414403180709862681e+03 3.590685331368078550e+03 3.721264905648054082e+03 3.469137466550628687e+03 4.788494028202421759e+03 4.533553545990890598e+03 4.216389038331451047e+03 3.838026395564883842e+03 4.671836256420458994e+03 3.854377825337334798e+03 5.313175061376839949e+03 4.728538794950123702e+03 4.777631710942595419e+03 4.199092005614533264e+03 4.542070558208080001e+03 4.136866764863766548e+03 4.886440607340322458e+03 4.624242597280588598e+03 4.034380477772651375e+03 3.838790810215940382e+03 4.127022935440360925e+03 4.253386525444067047e+03 4.600359843970052680e+03 3.992929616183835606e+03 4.591338430677115866e+03 4.562201852648224303e+03 3.735032848223531346e+03 4.854083580542965137e+03 4.327351347522162541e+03 4.217349314585881075e+03 3.969605054040232062e+03 3.987549309225656089e+03 4.266344338089736993e+03 3.610083632577180197e+03 4.908756597119225262e+03 3.570394894943187865e+03 5.056198307918728460e+03
4.367647058823529278e+02 3.542792509324153798e+03 3.011204592244403102e+03 3.509974246332129496e+03 2.855420510291343817e+03 2.650307603216541793e+03 3.108927622716501446e+03 2.774921137945593728e+03 4.822156086187316760e+03 3.216346701462734018e+03 3.866367494221829929e+03 4.994875975051834757e+03 4.485326575490500545e+03 3.984800022845005515e+03 3.541819053839077696e+03 5.221195438479862787e+03 4.819663708717006557e+03 5.288885084816146446e+03 3.525593662519218469e+03 5.259055468401855251e+03 3.532473262094672918e+03 3.936040206379866049e+03 4.208140328716266595e+03 5.270871888716006652e+03 5.011495828226789854e+03 4.101908428031410040e+03 3.414636636823769550e+03 3.952895027615652452e+03 4.614670461941904250e+03 4.226072450969104466e+03 5.297615238842664439e+03 2.721648839373347982e+03 2.769316931574784576e+03 4.823115119015086748e+03 4.827161506740188088e+03 4.388243571391531987e+03 2.981809863044779831e+03 3.818888652609765359e+03 4.742348390674339498e+03 3.569304251334538094e+03 3.226567996713310549e+03 4.961449186452319736e+03 3.512795523879767643e+03 4.085066744827958246e+03 4.380363237546685923e+03 3.923403488516492416e+03 4.603631459316196015e+03 3.039574768434451926e+03 3.660119889522859921e+03 2.835759444751377941e+03 3.301982600713885404e+03 5.244947535780040198e+03 4.385938177419680869e+03 4.190135457329515702e+03 4.350271887318625886e+03 2.960490931132192600e+03 3.248367128004375900e+03 3.998884182079274069e+03 4.642009515420991193e+03 3.464720387218002088e+03 4.521231525642533597e+03 4.399143784604506436e+03 4.448233200537358243e+03 4.644581820278051055e+03 5.479663465151052151e+03 4.579030411903525419e+03 5.402771042778349511e+03 5.477560452167932453e+03 4.186026512493449445e+03 4.565169255153716222e+03 4.343166910364345313e+03 5.494491442786912557e+03 3.098762783411238161e+03 3.292730789109307807e+03 4.195486820793063089e+03 3.388116241628618809e+03 3.501378555567084732e+03 3.265725965958376037e+03 4.515738825574288967e+03 4.306663071764248343e+03 3.978899472367480939e+03 3.615278606480143026e+03 4.399005915127077060e+03 3.639754265885970199e+03 5.033070161640040169e+03 4.460991123491142389e+03 4.507099727480897855e+03 3.959923418633079564e+03 4.315225395788957030e+03 3.909558075399058453e+03 4.614299818047957160e+03 4.352442134735571926e+03 3.812232701021297544e+03 3.607582358040667259e+03 3.898550551631916733e+03 4.022623982265653012e+03 4.382159173848128376e+03 3.757706108958311233e+03 4.326975149300862540e+03 4.299046383510248234e+03 3.518014445609485392e+03 4.573833873866064096e+03 4.109143416935577079e+03 3.997987934283149571e+03 3.740710680697442058e+03 3.776784050132885568e+03 4.006092593345212663e+03 3.388371064697683778e+03 4.633559453868445416e+03 3.345807835472128772e+03 4.789911106935751377e+03
4.376470588235293917e+02 3.301827893455936646e+03 2.793174409124004342e+03 3.291611574188102168e+03 2.661946068817906053e+03 2.461690883168867458e+03 2.884611566681911881e+03 2.594651262872051120e+03 4.585104617808566218e+03 3.021710152703728909e+03 3.644620897662959578e+03 4.782818717148173164e+03 4.259864686592042744e+03 3.770399345435900614e+03 3.336471373642270464e+03 5.024112746861953383e+03 4.589288256657260717e+03 5.077877597069889816e+03 3.318167871648909113e+03 5.048404919119840997e+03 3.328999650479894626e+03 3.702242593314662827e+03 3.989615565236683778e+03 5.044616926374508694e+03 4.805932816195180749e+03 3.844519430199296949e+03 3.213039406983702975e+03 3.717574109776952355e+03 4.386170609205756591e+03 4.009642164121245969e+03 5.088063468830378952e+03 2.543499831990870916e+03 2.589520241684811936e+03 4.557876473796643950e+03 4.603372457800359371e+03 4.161418082070923447e+03 2.782632837197082608e+03 3.588457117879233465e+03 4.528115939157834873e+03 3.326221088611785035e+03 3.033634025229121107e+03 4.764458643110161574e+03 3.314549309382677166e+03 3.847938907046277563e+03 4.123429401250494266e+03 3.693247075594157650e+03 4.370856750599617953e+03 2.821064870901856921e+03 3.444876101714533888e+03 2.654098707437725807e+03 3.107723716326057001e+03 4.985676504000275600e+03 4.151382592301795739e+03 3.941134087701991575e+03 4.115773576743950798e+03 2.756836817251710272e+03 3.041950847737046388e+03 3.769166823288100204e+03 4.427363768885057652e+03 3.263556248336683439e+03 4.290604078730017136e+03 4.174538803891703537e+03 4.181250844361767122e+03 4.392383335106640516e+03 5.266626125814686020e+03 4.356285552746968278e+03 5.216808789956770852e+03 5.265399771906761998e+03 3.959519700734128037e+03 4.337125153308745212e+03 4.118049626507438006e+03 5.283028888423280478e+03 2.895288790312689343e+03 3.082726857417062092e+03 3.978540985882466430e+03 3.189943437600833931e+03 3.287276567502945454e+03 3.067508821965410334e+03 4.249163299837140585e+03 4.082018715746689395e+03 3.746526589598187002e+03 3.397991792421245009e+03 4.133033178539482833e+03 3.429511090644021806e+03 4.757170581255744764e+03 4.199327999876074500e+03 4.242538413759822106e+03 3.726172170723652471e+03 4.090579627589481788e+03 3.686589735079093316e+03 4.347718163864753478e+03 4.087648258506016191e+03 3.594373247419277504e+03 3.382897841437375519e+03 3.674609800547099439e+03 3.795978537447244889e+03 4.164967592956090812e+03 3.528599182544027826e+03 4.068884710655489016e+03 4.042181812343472757e+03 3.306341252539863035e+03 4.300309387807817075e+03 3.893257119123394659e+03 3.781629378449948035e+03 3.517280315001955387e+03 3.569236896499603972e+03 3.753516427945818577e+03 3.173347969467627536e+03 4.364163927342942770e+03 3.128538779182462804e+03 4.527595207542535718e+03
4.385294117647059124e+02 3.070695810001560403e+03 2.585459557705461521e+03 3.080179534846607112e+03 2.476290519692736325e+03 2.281656812310247005e+03 2.670825379642088137e+03 2.420891259414242086e+03 4.350066313580168753e+03 2.832711812756933796e+03 3.428114819184121188e+03 4.569508561585044845e+03 4.036809166993298732e+03 3.559716185247823887e+03 3.136197203672125852e+03 4.823547897788320370e+03 4.360236853686165887e+03 4.864318746738546906e+03 3.116168753253570685e+03 4.835290811979190948e+03 3.130421693120336840e+03 3.474783789715444982e+03 3.774119320574285666e+03 4.817271766155909063e+03 4.598453102758572641e+03 3.595522085272127242e+03 3.016786013194036059e+03 3.488685341581482135e+03 4.159773136570128372e+03 3.795917077232046722e+03 4.875798033195967946e+03 2.371920851746766857e+03 2.416205235401781465e+03 4.297806649183979971e+03 4.380199661643478976e+03 3.937633343452191184e+03 2.591213702469894088e+03 3.364634101096476570e+03 4.313928616510087522e+03 3.093089399791557753e+03 2.846058716938908674e+03 4.564990998803081311e+03 3.120672304718331816e+03 3.616697916725972846e+03 3.873139937150035621e+03 3.469045133647101920e+03 4.140700539272997048e+03 2.612728253857243544e+03 3.235253908762808805e+03 2.478740170555999612e+03 2.918545950500590607e+03 4.728748211791338690e+03 3.920754200528707770e+03 3.698894758297727549e+03 3.885383892032868516e+03 2.561730791319782838e+03 2.842526772749138672e+03 3.544915061584026716e+03 4.213254297697169932e+03 3.067390693129185365e+03 4.062769495192796057e+03 3.952673867728971345e+03 3.921783530140515268e+03 4.144784634351222849e+03 5.050460027242151227e+03 4.135203152711166695e+03 5.025798043582426544e+03 5.050043325970268597e+03 3.737066346020021683e+03 4.111375359753093107e+03 3.896011185596950781e+03 5.068245059960328945e+03 2.699384133497187122e+03 2.879914466660900416e+03 3.764511675324301450e+03 2.996839907470324306e+03 3.079599491606072206e+03 2.875092881921116259e+03 3.989651055343564622e+03 3.860586241011090806e+03 3.520062587111059202e+03 3.186850967821990707e+03 3.874741901159441568e+03 3.224384974121060623e+03 4.486560601443693486e+03 3.944431540433401551e+03 3.984837947879298099e+03 3.498613173094744980e+03 3.869102173595368640e+03 3.468766950998225184e+03 4.087629313379796713e+03 3.830665873308129903e+03 3.381585179435868213e+03 3.165369702464035072e+03 3.455995925318539321e+03 3.574291381123372048e+03 3.949794407423952634e+03 3.306300591740397977e+03 3.817898652648141251e+03 3.792431754400871341e+03 3.100678441028624547e+03 4.034384935274617419e+03 3.680609458737133082e+03 3.569145278499079268e+03 3.300031027650658416e+03 3.365719516463928812e+03 3.509296141818100295e+03 2.965579389182827526e+03 4.101498898123039908e+03 2.919106762991317737e+03 4.270283465634773165e+03
4.394117647058823195e+02 2.849736533739619063e+03 2.388202756875262821e+03 2.876194474081426051e+03 2.298735513836276823e+03 2.110369802198414163e+03 2.467725942953823960e+03 2.253987172458914301e+03 4.118065557989198169e+03 2.649864124921725761e+03 3.217541394824604140e+03 4.356057605443982538e+03 3.817098875768843300e+03 3.353533543893451224e+03 2.941617928485346965e+03 4.620658122552557870e+03 4.133549033264290301e+03 4.649387373695110000e+03 2.920196666777786049e+03 4.620885551710161053e+03 2.937366797341025631e+03 3.254320057385121800e+03 3.562509422031823760e+03 4.590008614589247372e+03 4.390174343868081451e+03 3.355502919256532550e+03 2.826453570484539796e+03 3.266884434396763027e+03 3.936453941321424281e+03 3.585769131625731461e+03 4.661999127077414414e+03 2.207239494431205003e+03 2.249718245485398256e+03 4.043827660736208145e+03 4.158697617889727553e+03 3.717787628163915997e+03 2.407874446998994244e+03 3.148032606137215225e+03 4.100830853638246481e+03 2.870248809269437061e+03 2.664371737130550628e+03 4.364151826521531802e+03 2.931810828388560367e+03 3.392058791697451397e+03 3.630245557299093434e+03 3.251469906837276540e+03 3.914122288835670133e+03 2.414727875653723459e+03 3.031877179221996812e+03 2.310059315644464732e+03 2.735011653945395210e+03 4.475273003336712463e+03 3.694920805902407210e+03 3.464115386830691477e+03 3.659955784350724116e+03 2.375433703126444016e+03 2.650538832801674744e+03 3.326842679217388195e+03 4.000696097071356235e+03 2.876829876041612806e+03 3.838663654420271541e+03 3.734458892699140051e+03 3.670554884536141799e+03 3.902688335068533888e+03 4.832384182481498101e+03 3.916761897740154382e+03 4.830912537217018325e+03 4.832709188750721296e+03 3.519483467626537731e+03 3.888879664615432830e+03 3.677938448084417814e+03 4.851360919282800751e+03 2.511416026760834939e+03 2.684737326695905267e+03 3.554257402049735902e+03 2.809389716610882260e+03 2.878889726657662322e+03 2.688994405985469257e+03 3.737965508464841605e+03 3.643239912886474031e+03 3.300195520151649816e+03 2.982442249398644435e+03 3.624834587990869750e+03 3.025019015291830328e+03 4.222206525753836104e+03 3.697066284319764236e+03 3.734769597034941398e+03 3.277915966344567551e+03 3.651670654915380965e+03 3.256796558733168240e+03 3.834848281591049272e+03 3.582178712047490080e+03 3.174555311081001946e+03 2.955526730412086181e+03 3.243404873044765736e+03 3.358304602280976269e+03 3.737565763600090122e+03 3.091397181987048953e+03 3.574731480729921259e+03 3.550503229222820664e+03 2.901594809550720584e+03 3.776811150981244282e+03 3.472028854431154286e+03 3.361315833833858505e+03 3.089578528813015964e+03 3.166954596405058510e+03 3.273995142840200970e+03 2.765530739603453640e+03 3.846372856155165664e+03 2.717929815156537643e+03 4.018896678749477360e+03
4.402941176470587834e+02 2.639185565835489342e+03 2.201456469615046899e+03 2.680075603368768043e+03 2.129478401526387643e+03 1.947914806553695144e+03 2.275376889901157483e+03 2.094205305170977226e+03 3.890033531362484155e+03 2.473593198293650858e+03 3.013495752665657164e+03 4.143509241376928003e+03 3.601582135559315702e+03 3.152543623395690247e+03 2.753264702768859479e+03 4.416550347411759503e+03 3.910176389475900123e+03 4.434201329873633767e+03 2.730760471357346887e+03 4.406300182206950012e+03 2.750373224910755198e+03 3.041404254224976285e+03 3.355553501859985317e+03 4.363925032457509587e+03 4.182151503914152272e+03 3.124934019218784670e+03 2.642530189975737358e+03 3.052722977484572766e+03 3.717098442095656992e+03 3.379981928934598727e+03 4.447787446116090905e+03 2.049704670790225464e+03 2.090326004957727037e+03 3.796747751060645442e+03 3.939838463853956455e+03 3.502685902069311396e+03 2.232849706488884294e+03 2.939163470757809591e+03 3.889790818471384227e+03 2.657933344594334812e+03 2.489017314965605237e+03 4.162990308454677688e+03 2.748525055994115519e+03 3.174632344509978793e+03 3.395383724721687486e+03 3.041092187690612718e+03 3.691987500310841824e+03 2.227135506925923437e+03 2.835274830089647821e+03 2.148351050250101707e+03 2.557597468044758898e+03 4.226258777256490248e+03 3.474651296518777144e+03 3.237383766112877311e+03 3.440242787503377258e+03 2.198118372850347441e+03 2.466339263898791614e+03 3.115562890385224364e+03 3.790625415479236381e+03 2.692391556515709908e+03 3.619128589184690100e+03 3.520712361276334377e+03 3.428170216775858535e+03 3.666889692179706344e+03 4.613559309470059816e+03 3.701853848812323122e+03 4.633289769745426383e+03 4.614557885456943950e+03 3.307491811290160058e+03 3.670506818969825872e+03 3.464625456810008473e+03 4.633540879776571273e+03 2.331661929760393832e+03 2.497545912894177491e+03 3.348547428596090867e+03 2.628089646564613759e+03 2.685594536908416103e+03 2.509641635705874705e+03 3.494752324970294012e+03 3.430760950334826703e+03 3.087511155805422732e+03 2.785255460599715207e+03 3.383895713056373097e+03 2.831964064687165774e+03 3.964956482889758718e+03 3.457881429079870941e+03 3.492987973568732286e+03 3.064646845676490102e+03 3.439069806294697628e+03 3.051288042177507577e+03 3.590073137764527928e+03 3.342752938074750091e+03 2.973875242610622536e+03 2.753797819981864450e+03 3.037434550057001616e+03 3.148661865339613541e+03 3.529121727847387774e+03 2.884374012436945122e+03 3.339983488850971753e+03 3.316989559744915823e+03 2.709565329132405168e+03 3.528217560764966493e+03 3.268253778496179166e+03 3.158829289135683211e+03 2.886439567985918075e+03 2.973575859179013605e+03 3.048064584588919843e+03 2.573571900991954863e+03 3.599475840767122918e+03 2.525329812917293111e+03 3.774243351310954949e+03
4.411764705882353041e+02 2.439181169276650962e+03 2.025191192501026535e+03 2.492149562616308231e+03 1.968638218597455534e+03 1.794304248592522072e+03 2.093757170832185693e+03 1.941736849476346606e+03 3.666806239759928758e+03 2.304242077949444592e+03 2.816478307348382714e+03 3.932832731105969287e+03 3.391015441104804268e+03 2.957348403684611640e+03 2.571580916496003283e+03 4.212273679833823735e+03 3.690979886778241962e+03 4.219810703507085236e+03 2.548280316349387249e+03 4.192577672768897173e+03 2.569892270277260650e+03 2.836489319182630425e+03 3.153928537788161520e+03 4.140038416836459874e+03 3.975370853899803024e+03 2.904178608312884080e+03 2.465417738702238694e+03 2.846651994570743682e+03 3.502499833383969417e+03 3.179249941684182886e+03 4.234217274741960864e+03 1.899491402301533981e+03 1.938220350032890337e+03 3.557262741923108479e+03 3.724508500810849455e+03 3.293039303532988015e+03 2.066292586791939812e+03 2.738439145711246510e+03 3.681696519005075515e+03 2.456279040333750800e+03 2.320357265318000373e+03 3.962492851075823637e+03 2.571290659314543973e+03 2.964928013410727999e+03 3.169082042012976672e+03 2.838384362989577312e+03 3.475066485970967733e+03 2.049940021166987663e+03 2.645883750835500905e+03 1.993834063686597801e+03 2.386696995333933501e+03 3.982608893443740271e+03 3.260616070551446683e+03 3.019181228390053548e+03 3.226899672958988504e+03 2.029876348871868458e+03 2.290193416388323840e+03 2.911590773952033942e+03 3.583896374480552822e+03 2.514507499405591716e+03 3.404911594779262941e+03 3.312160419272398940e+03 3.195120799577419348e+03 3.438077429128599306e+03 4.395080430331885509e+03 3.491282295865816195e+03 4.434022290411462563e+03 4.396684878042146011e+03 3.101716609052421973e+03 3.457033018349177382e+03 3.256773006402229839e+03 4.415885250077962155e+03 2.160315034483163799e+03 2.318602438813575191e+03 3.148061223771825098e+03 2.453351765426800284e+03 2.500070003723008540e+03 2.337378294208958778e+03 3.260543239882912530e+03 3.223837207705397304e+03 2.882495883737810800e+03 2.595687611364060103e+03 3.152396268502808198e+03 2.645681130792135718e+03 3.715541807812537172e+03 3.227414290253364015e+03 3.260034559500470095e+03 2.859272174845320023e+03 3.231991069589807466e+03 2.852755714002918467e+03 3.353888002858610434e+03 3.112841831378341794e+03 2.780043576896083778e+03 2.560516609031992630e+03 2.838587216358484056e+03 2.945910239451719463e+03 3.325214700678612189e+03 2.685618554998591662e+03 3.114144662991512178e+03 3.092374269584887770e+03 2.524974564835329147e+03 3.289116795385627938e+03 3.069932726028007437e+03 2.962282635896167449e+03 2.691035460595966015e+03 2.786129043083730721e+03 2.831848974865217315e+03 2.389982180784819775e+03 3.361382734272966900e+03 2.341538096193965430e+03 3.537020960789640867e+03
4.420588235294117112e+02 2.249772333720613005e+03 1.859303978701296501e+03 2.312655519959986123e+03 1.816261983843493226e+03 1.649485016065135142e+03 1.922769624007664333e+03 1.796703012495768462e+03 3.449123758920840373e+03 2.142074806599259773e+03 2.626897984690199792e+03 3.724919142177457161e+03 3.186063288669843132e+03 2.768461171762465256e+03 2.396925436414820524e+03 4.008813159626644392e+03 3.476728431906859896e+03 4.007192330888419292e+03 2.373091291268765872e+03 3.980687571832341291e+03 2.396291377655819360e+03 2.639932559976836728e+03 2.958221642434231399e+03 3.919281989238007554e+03 3.770745206421907369e+03 2.693497394488338159e+03 2.295435545350511347e+03 2.649026344337532464e+03 3.293358624645670261e+03 2.984178914756093945e+03 4.022270795608104891e+03 1.756705961352707391e+03 1.793523229373791082e+03 3.325958656289990813e+03 3.513506074891571643e+03 3.089465724968682025e+03 1.908280873638598450e+03 2.546178433210257481e+03 3.477353082881832051e+03 2.265332021405308751e+03 2.158674669968931994e+03 3.763577797646678846e+03 2.400501344035632883e+03 2.763357653437168665e+03 2.951762653718029014e+03 2.643724326123096034e+03 3.264034463837821022e+03 1.883055643934487307e+03 2.464052531016513512e+03 1.846655694056415086e+03 2.222624141693554975e+03 3.745121603914908519e+03 3.053388554970418681e+03 2.809887341102081791e+03 3.020484227788332191e+03 1.870724763555343088e+03 2.122285079102836789e+03 2.715346668482159203e+03 3.381278835855567195e+03 2.343526675579917537e+03 3.196665484654598004e+03 3.109437211051068971e+03 2.971789139797766893e+03 3.216835948178932085e+03 4.177970743386257709e+03 3.285760769253204217e+03 4.234149914464543144e+03 4.180114434346085545e+03 2.902689371913460946e+03 3.249141649911256081e+03 3.054989284811232210e+03 4.199423858706390092e+03 1.997490282197164788e+03 2.148086361016045885e+03 2.953389112404066964e+03 2.285506705943900215e+03 2.322585708932192574e+03 2.172467744541151205e+03 3.035760721351298798e+03 3.023064038277104373e+03 2.685540615788187097e+03 2.414047274029058372e+03 2.930699200952948559e+03 2.466544606758545797e+03 3.474579600974398545e+03 3.006094765748045120e+03 3.036342268140159831e+03 2.662162529355026436e+03 3.031033429627488658e+03 2.661621832486272069e+03 3.126767199151477143e+03 2.892791403256238937e+03 2.593468999975771567e+03 2.375926807560549605e+03 2.647272727252506229e+03 2.750503105298157152e+03 3.126508904014475775e+03 2.495425520928107289e+03 2.897599613364662673e+03 2.877036107364202508e+03 2.348120942418407594e+03 3.059909941841378895e+03 2.877625148281104430e+03 2.772183364704214910e+03 2.503696300821862224e+03 2.605073997699107167e+03 2.625592499170110841e+03 2.214955892092556496e+03 3.132557581089200539e+03 2.166701612367290181e+03 3.307818400128141548e+03
4.429411764705882888e+02 2.070929375687886477e+03 1.703628933730865811e+03 2.141753227343112030e+03 1.672333178644018517e+03 1.513347401496610473e+03 1.762251827521806490e+03 1.659162248337241181e+03 3.237633625678659428e+03 1.987283016096251458e+03 2.445078697768261009e+03 3.520581262904280266e+03 2.987301952384841115e+03 2.586311472021571717e+03 2.229578777224789519e+03 3.807087430747699727e+03 3.268101492844891709e+03 3.797248444123882109e+03 2.205449955298306122e+03 3.771524697888031824e+03 2.229860113590373658e+03 2.452003312355251182e+03 2.768934259291819217e+03 3.702504864192191690e+03 3.569113214347918529e+03 2.493058144878045368e+03 2.132826728499675028e+03 2.460112434339085212e+03 3.090285996089519358e+03 2.795289750371879563e+03 3.812856625112340680e+03 1.621393219040581471e+03 1.656294005238924001e+03 3.103318380072923901e+03 3.307543426055212421e+03 2.892494165337758204e+03 1.758825512790727544e+03 2.362614236134397288e+03 3.277484030143166819e+03 2.085059196449270075e+03 2.004180296043132103e+03 3.567094141083753129e+03 2.236474331171993526e+03 2.570242711486144799e+03 2.743750261460987531e+03 2.457402716533635157e+03 3.059475497646473741e+03 1.726332479234251878e+03 2.290048253233678679e+03 1.706899076179729263e+03 2.065619284244864957e+03 3.514493840684182032e+03 2.853450491647984563e+03 2.609787937065419101e+03 2.821462649357283681e+03 1.720615467004182165e+03 1.962724481468220574e+03 2.527162913013251455e+03 3.183460165696721560e+03 2.179721388539333020e+03 2.994952695991426026e+03 2.913088829503812576e+03 2.758457911247633092e+03 3.003651269244523064e+03 3.963179691179170277e+03 3.085916012024267729e+03 4.034656043001955368e+03 3.965797628412442464e+03 2.710853240780768829e+03 3.047426874715687063e+03 2.859794289268580087e+03 3.985114036210294671e+03 1.843232737721874173e+03 1.986102538469490810e+03 2.765036380820563863e+03 2.124809851667276689e+03 2.153332196048199421e+03 2.015099781928865696e+03 2.820726557134789346e+03 2.828948774367605893e+03 2.496947949165669797e+03 2.240561807288338969e+03 2.719068516478158472e+03 2.294848548612433206e+03 3.242579598435513162e+03 2.794253556273949471e+03 2.822243738229866267e+03 2.473600183384291540e+03 2.836707833668935564e+03 2.478222957707182104e+03 2.909083157633722749e+03 2.682849605958620032e+03 2.414476525600677178e+03 2.200190479870777381e+03 2.463815198012068322e+03 2.562806306590163786e+03 2.933583670320614601e+03 2.314004928019900035e+03 2.690636029713772587e+03 2.671257444509832112e+03 2.179223882844910349e+03 2.840895509731753009e+03 2.691805952750979941e+03 2.588954504026474751e+03 2.324668402131810126e+03 2.430789849079699707e+03 2.429448584674608810e+03 2.048610528439538484e+03 2.913361804763146665e+03 2.000891675011243706e+03 3.087122450015170671e+03
4.438235294117646959e+02 1.902541938572524941e+03 1.557936588587937194e+03 1.979519232180300151e+03 1.536770042674794013e+03 1.385724245652417494e+03 1.611975311335775814e+03 1.529108023821200732e+03 3.032880084011162580e+03 1.839982056918815033e+03 2.271253534754987868e+03 3.320540000618222166e+03 2.795209829315636398e+03 2.411237832587715729e+03 2.069738002328577295e+03 3.607933070680007404e+03 3.065677840837626718e+03 3.590791419670506457e+03 2.045529516639320036e+03 3.565894065126661189e+03 2.070804946479413957e+03 2.272877660482367446e+03 2.586473831727004381e+03 3.490457922049591616e+03 3.371225195410438573e+03 2.302931550178102498e+03 1.977753633381280224e+03 2.280082991297262652e+03 2.893793690196475382e+03 2.613009862344239082e+03 3.606794427364209696e+03 1.493534503570124116e+03 1.526527138306992128e+03 2.889713338285670488e+03 3.107234845867642889e+03 2.702555911132631081e+03 1.617868635719899203e+03 2.187888895548592245e+03 3.082719225418835777e+03 1.915346302219711333e+03 1.857008432023242449e+03 3.373807109274996492e+03 2.079444769144156453e+03 2.385808339384614101e+03 2.545266046386300786e+03 2.279617456150244834e+03 2.861872718728556720e+03 1.579555731810201678e+03 2.124051466501357027e+03 1.574580549133102750e+03 1.915844705086742124e+03 3.291309662602887329e+03 2.661183765279645286e+03 2.419069603202745839e+03 2.630201664249859277e+03 1.579433632999357997e+03 1.811545121409188596e+03 2.347277847257876601e+03 2.991033794357660554e+03 2.023282247786393100e+03 2.800235948345905854e+03 2.723564275989522685e+03 2.555304316196222771e+03 2.798902791599903594e+03 3.751566880372392461e+03 2.892277563968623326e+03 3.836450460429212853e+03 3.754596176116114748e+03 2.526555392236934495e+03 2.852383762438097165e+03 2.671611075097482171e+03 3.773824260834888264e+03 1.697515212270490565e+03 1.832678211783519146e+03 2.583414838214793690e+03 1.971436584237289026e+03 1.992416958576397292e+03 1.865386695470332825e+03 2.615655652546581223e+03 2.641902226091635384e+03 2.316926513432797037e+03 2.075372839667694279e+03 2.517663834860239149e+03 2.130801303777530848e+03 3.019935426052654293e+03 2.592115914961772432e+03 2.617965083687729475e+03 2.293773698114093804e+03 2.649428648562160106e+03 2.302803962928395777e+03 2.701099687981707575e+03 2.483161095916897921e+03 2.243301708989064991e+03 2.033384178972396739e+03 2.288447069403292971e+03 2.383091783044221302e+03 2.746923804969432240e+03 2.141477612872369718e+03 2.493439068068657889e+03 2.475218775612973786e+03 2.018419319223655748e+03 2.632263625913868509e+03 2.512857522727242667e+03 2.412927486170438442e+03 2.154109385656174709e+03 2.263568471656034490e+03 2.243475922678195275e+03 1.890983631180102520e+03 2.704047542681709729e+03 1.844101181177767785e+03 2.875309440604725751e+03
4.447058823529412166e+02 1.744444086302081132e+03 1.421956549304846703e+03 1.825969371667352561e+03 1.409445764336729553e+03 1.266410611132808754e+03 1.471668941977652139e+03 1.406487456239583480e+03 2.835326515767036199e+03 1.700230851265965612e+03 2.105587031261757147e+03 3.125443063917285599e+03 2.610189067499444718e+03 2.243508832615529627e+03 1.917537402703126418e+03 3.412120886457711549e+03 2.869957103066827585e+03 3.388561768827998094e+03 1.893440814475624620e+03 3.364528849497953161e+03 1.919269737398401958e+03 2.102662230215461022e+03 2.411174968560072557e+03 3.283813882694473705e+03 3.177760954316710468e+03 2.123117728718653325e+03 1.830318268453592736e+03 2.109041075873425598e+03 2.704315707221137927e+03 2.437694023740707507e+03 3.404832664839061636e+03 1.373066084736123457e+03 1.404170836958955078e+03 2.685429837070752001e+03 2.913117377021641460e+03 2.520006455710351020e+03 1.485304285038655507e+03 2.022077685430956763e+03 2.893614391263603466e+03 1.756023208788357351e+03 1.717236525936003545e+03 3.184414944996011855e+03 1.929585551602607438e+03 2.210207305452462151e+03 2.356453715776272020e+03 2.110497053771062838e+03 2.671630739944374454e+03 1.442468409101644511e+03 1.966178010504405165e+03 1.449668480090549338e+03 1.773404327405146660e+03 3.076064876005972110e+03 2.476893444338355039e+03 2.237845007470296423e+03 2.446991604966488921e+03 1.447018894270185911e+03 1.668725197513969988e+03 2.175858909455197136e+03 2.804519014958136722e+03 1.874338477843353758e+03 2.612900402409457911e+03 2.541237075386609831e+03 2.362427277312258411e+03 2.602888165060824122e+03 3.543919996731876381e+03 2.705298764179351565e+03 3.640384070393519778e+03 3.547300255666806152e+03 2.350069435712896393e+03 2.664430053447732462e+03 2.490787627265700849e+03 3.566351902126875757e+03 1.560259444270584936e+03 1.687784643381645765e+03 2.408863854951609028e+03 1.825502280634030740e+03 1.839886322749695182e+03 1.723383598723489740e+03 2.420683146051533640e+03 2.462260535824303133e+03 2.145614524279127636e+03 1.918558427291103499e+03 2.326567583305610242e+03 1.974546714065768811e+03 2.806951912784651540e+03 2.399828180892117416e+03 2.423652670586784097e+03 2.122801684636868686e+03 2.469535492605461059e+03 2.135540419786958864e+03 2.502998804448341161e+03 2.293794323636479476e+03 2.080112518549549804e+03 1.875522117388385823e+03 2.121331697696165975e+03 2.211560211587436697e+03 2.566940276129695121e+03 1.977898712309048278e+03 2.306117636103389032e+03 2.289024838786278906e+03 1.865781405283753884e+03 2.434123840718941665e+03 2.341090776479173201e+03 2.244363455340739620e+03 1.992110981769411637e+03 2.103635077724299208e+03 2.067664504389446847e+03 1.742054879042546872e+03 2.504784864672239109e+03 1.696267177893131930e+03 2.672671208155458316e+03
4.455882352941176805e+02 1.596410797511339752e+03 1.295375050991542139e+03 1.681054119878257779e+03 1.290185549271311174e+03 1.155161474735986303e+03 1.341016306864247781e+03 1.291198171807604012e+03 2.645345136219140841e+03 1.568027333688891758e+03 1.948168946172021833e+03 2.935852189443087354e+03 2.432556174942460075e+03 2.083315755649929997e+03 1.773042946294135845e+03 3.220341232263086567e+03 2.681348950322363635e+03 3.191213857966612068e+03 1.749227013788549812e+03 3.168076238656801706e+03 1.775330095551710201e+03 1.941388383933051045e+03 2.243291160729180319e+03 3.083153863745178114e+03 2.989316556160924847e+03 1.953540966622041424e+03 1.690557159082109138e+03 1.947014177558633492e+03 2.522198498764532815e+03 2.269615884745324820e+03 3.207634221603078458e+03 1.259876107388883611e+03 1.289123840289034433e+03 2.490660486321309691e+03 2.725639503619377592e+03 2.345116806109268509e+03 1.360975233357213938e+03 1.865183363910874050e+03 2.710639711928873112e+03 1.606860365382289729e+03 1.584880483634581879e+03 2.999535441036178781e+03 1.787001452312108313e+03 2.043513600820073407e+03 2.177372757250390350e+03 1.950094603841739854e+03 2.489066108879603235e+03 1.314768803799815487e+03 1.816473405020582959e+03 1.332079793833794611e+03 1.638338646356282879e+03 2.869155824262052647e+03 2.300799582852537242e+03 2.066146678661618807e+03 2.272038390918048208e+03 1.323162531412662247e+03 1.534183492286959108e+03 2.012996239448545339e+03 2.624350110575759572e+03 1.732952506734608050e+03 2.433244498486998509e+03 2.366396348172529088e+03 2.179841044019030960e+03 2.415814887368015661e+03 3.340939661962976515e+03 2.525346751436040904e+03 3.447232808154434224e+03 3.344613381466887859e+03 2.181587734661718514e+03 2.483896549616023094e+03 2.317588221545298438e+03 3.363407931881744844e+03 1.431332557075511659e+03 1.551333160509559093e+03 2.241642000415298753e+03 1.687057163078571875e+03 1.695720651974237171e+03 1.589083773668359527e+03 2.235857559791444146e+03 2.290276713493016359e+03 1.983073603269501518e+03 1.770127843527949608e+03 2.145778775432469502e+03 1.826158363353360983e+03 2.603836158539163989e+03 2.217450942161650346e+03 2.239366264301369029e+03 1.960726772847771372e+03 2.297284722639276424e+03 1.976532205783205427e+03 2.314873439010703351e+03 2.114735517331215760e+03 1.925003145679571844e+03 1.726551387658600788e+03 1.962557023967017358e+03 2.048334220075119902e+03 2.393960854689345069e+03 1.823252407105680959e+03 2.128697980630312941e+03 2.112698380318298859e+03 1.721317348138718671e+03 2.246498471314825565e+03 2.176737164564405248e+03 2.083445925448614616e+03 1.838693527454608784e+03 1.951141540975874705e+03 1.901930591055389414e+03 1.601741976439831433e+03 2.315654525827052112e+03 1.557266944703175113e+03 2.479406586787851211e+03
4.464705882352940876e+02 1.458168907015001878e+03 1.177844941528711388e+03 1.544668175315033068e+03 1.178775482851101060e+03 1.051700386231554376e+03 1.219666038954060241e+03 1.183096314302206110e+03 2.463224568899299811e+03 1.443316791743882504e+03 1.799023222704676982e+03 2.752247914478725761e+03 2.262549690582919993e+03 1.930780593718370255e+03 1.636260708806695675e+03 3.033206826390419337e+03 2.500180166254493088e+03 2.999319712005621113e+03 1.612872202705607378e+03 2.977101333164932385e+03 1.639001627579023761e+03 1.789021965513431041e+03 2.083002536409846925e+03 2.888972751959605830e+03 2.806408422424647597e+03 1.794061019314310670e+03 1.558449748950412413e+03 1.793964134833880962e+03 2.347708445276333350e+03 2.108975412673637493e+03 3.015780073937227371e+03 1.153812586785831627e+03 1.181243465298135561e+03 2.305514449976285960e+03 2.545167586860104620e+03 2.178081481717779752e+03 1.244682043025482699e+03 1.717145993114890871e+03 2.534185585320090468e+03 1.467579900589782028e+03 1.459902828003767581e+03 2.819709464251070131e+03 1.651736993822517661e+03 1.885732173106959635e+03 2.008009135151814689e+03 1.798397324141481249e+03 2.314415264048810968e+03 1.196120516113731810e+03 1.674921843695818552e+03 1.221688110998906723e+03 1.510632842521016755e+03 2.670887915700824124e+03 2.133045895606230715e+03 1.903937443426350228e+03 2.105472337947025608e+03 1.207616775200492611e+03 1.407788571624530505e+03 1.858711959320868345e+03 2.450882477180696242e+03 1.599128188436362052e+03 2.261487942893649233e+03 2.199254559415002404e+03 2.007486484172975679e+03 2.237809841348951068e+03 3.143242946313423545e+03 2.352709535704739665e+03 3.257699005618327192e+03 3.147155781799809120e+03 2.021229935049925871e+03 2.311034730685247268e+03 2.152201444445504421e+03 3.165620255815693781e+03 1.310556290296823136e+03 1.423184426776503415e+03 2.081934716296681927e+03 1.556094443075310437e+03 1.559843567527302412e+03 1.462427169766834140e+03 2.061151928757202313e+03 2.126128719807659309e+03 1.829298365095494546e+03 1.630030798733962229e+03 1.975224322720666805e+03 1.685648095389006357e+03 2.410708062346701354e+03 2.044969891344035659e+03 2.065089991745886891e+03 1.807525440980210305e+03 2.132857495667998592e+03 1.825812451622207391e+03 2.136738311727548080e+03 1.945899985122309772e+03 1.778002774903116233e+03 1.586361800352254932e+03 1.812144727529506326e+03 1.893467409703636122e+03 2.228237255904534322e+03 1.677461832394914381e+03 1.961134643630275832e+03 1.946190923404107025e+03 1.584976472943385488e+03 2.069334173753225059e+03 2.019956553405025488e+03 1.930289024070499181e+03 1.693815418977685567e+03 1.806174363865042778e+03 1.746127802260339877e+03 1.469910122831943681e+03 2.136659029371748147e+03 1.426927752937651803e+03 2.295631418032629881e+03
4.473529411764706083e+02 1.329404784996234412e+03 1.068992637352174597e+03 1.416656984456024475e+03 1.074968614842307261e+03 9.557255084118344257e+02 1.107238953840333124e+03 1.082002210528920614e+03 2.289174634682824490e+03 1.325997585120881467e+03 1.658114141026702782e+03 2.575031826136237669e+03 2.100334883047236417e+03 1.785961399625167132e+03 1.507142588025470559e+03 2.851253093640444149e+03 2.326698830987520068e+03 2.813370359565296894e+03 1.484307316261101278e+03 2.792088459976896047e+03 1.510245627661549179e+03 1.645470101352216716e+03 1.930420888970790884e+03 2.701681748149112082e+03 2.629475099337792017e+03 1.644480958191715672e+03 1.433924194476972161e+03 1.649793945259514885e+03 2.181036486434747530e+03 1.955903765786563099e+03 2.829770452969393318e+03 1.054689003451432427e+03 1.080351248160646719e+03 2.130024256464509563e+03 2.371989522583310645e+03 2.019023634204897235e+03 1.136189310080663518e+03 1.577849711155546856e+03 2.364565799504938241e+03 1.337863347893796799e+03 1.342218294044514096e+03 2.645402079626136583e+03 1.523781809034539720e+03 1.736805569967950760e+03 1.848282523502273762e+03 1.655333121783394063e+03 2.147839483220417151e+03 1.086159404464175623e+03 1.541452300965932864e+03 1.118329314710736753e+03 1.390222302571037972e+03 2.481480770999182369e+03 1.973705526961499572e+03 1.751117643292536513e+03 1.947353988939029932e+03 1.100101301723350616e+03 1.289365107322940503e+03 1.712966558809952403e+03 2.284396071426026992e+03 1.472816470970578621e+03 2.097776729100598914e+03 2.039952506234159955e+03 1.845238885151123668e+03 2.068925640223253140e+03 2.951364274130248305e+03 2.187600269213305637e+03 3.072410409681433066e+03 2.955465254396020100e+03 1.869048650922874458e+03 2.146021498742049516e+03 1.994745286303387047e+03 2.973534386839623949e+03 1.197713342089532489e+03 1.303154917829734131e+03 1.929859228909153899e+03 1.432555948331985746e+03 1.432128281722506017e+03 1.343306303079546296e+03 1.896471481267398531e+03 1.969924624136429657e+03 1.684222978842575230e+03 1.498163786944837057e+03 1.814766863900828866e+03 1.552971944341793005e+03 2.227607477118424413e+03 1.882303248916474558e+03 1.900739875183920049e+03 1.663114647988565139e+03 1.976364907846747428e+03 1.683353685015451219e+03 1.968537322714103311e+03 1.787139969525314655e+03 1.639081563473286906e+03 1.454792681452228635e+03 1.670056372398325948e+03 1.746950445245426181e+03 2.069949590092014205e+03 1.540395807337380575e+03 1.803317866865266978e+03 1.789390294839577109e+03 1.456656391633390285e+03 1.902509852918796014e+03 1.870842298661939139e+03 1.784942815691354554e+03 1.557379569973729303e+03 1.668760019903060993e+03 1.600054826276049653e+03 1.346378605598851664e+03 1.967730212004155874e+03 1.305033637160812305e+03 2.121385299179276444e+03
4.482352941176470722e+02 1.209771589278499050e+03 9.684245288238224703e+02 1.296823284208188852e+03 9.784908376135357457e+02 8.669151791996901011e+02 1.003334623481282733e+03 9.877057569490466449e+02 2.123331517027750579e+03 1.215926785758652841e+03 1.525352445450285813e+03 2.404529541577378041e+03 1.946008948400862437e+03 1.648857748240270666e+03 1.385592073520300801e+03 2.674939419176832416e+03 2.161079110497990769e+03 2.633777913560094021e+03 1.363416037466245598e+03 2.613443406846521611e+03 1.388974738963046775e+03 1.510587906284657493e+03 1.785594972444218683e+03 2.521611650166701565e+03 2.458879589148442847e+03 1.504554786433006029e+03 1.316863141984832282e+03 1.514354558846751843e+03 2.022303238044941963e+03 1.810468407451571920e+03 2.650026791167173087e+03 9.622896553603422944e+02 9.862382872858654537e+02 1.964152864409212725e+03 2.206318986400532140e+03 1.868000588178800626e+03 1.035231740605046070e+03 1.447129401303546501e+03 2.202021282080135279e+03 1.217358949738553747e+03 1.231699397108252015e+03 2.477004469216752113e+03 1.403076042911910235e+03 1.596620601052861957e+03 1.698053707996788489e+03 1.520777088241945876e+03 1.989430355824177013e+03 9.845000757881067557e+02 1.415944690914418516e+03 1.021807027876873121e+03 1.276998172434323578e+03 2.301074083060450448e+03 1.822787032571736290e+03 1.607532279253811339e+03 1.797680123911091187e+03 1.000309332456505444e+03 1.178700049213261991e+03 1.575665273171204262e+03 2.125099504774606885e+03 1.353921063276762652e+03 1.942188599475557567e+03 1.888564590571444342e+03 1.692915690276799978e+03 1.909147215074896394e+03 2.765757152940067954e+03 2.030162038488733288e+03 2.891920093611157881e+03 2.769998874135739243e+03 1.725035340582303661e+03 1.988964328080323867e+03 1.845272665776043368e+03 2.787615114074561916e+03 1.092553486804726845e+03 1.191023230811215171e+03 1.785469827468495623e+03 1.316337748060475406e+03 1.312403940165522499e+03 1.231571977634347377e+03 1.741661176836452341e+03 1.821708167499386263e+03 1.547727791623300163e+03 1.374376391065328562e+03 1.664212545577467608e+03 1.428035965033311186e+03 2.054501406274337569e+03 1.729309216240301112e+03 1.746171330545016190e+03 1.527358535826277830e+03 1.827853524815050150e+03 1.549073948151271225e+03 1.810151094324986161e+03 1.638252389317607594e+03 1.508156702646080703e+03 1.331639522384912880e+03 1.536199645656410212e+03 1.608717211726951973e+03 1.919211180164846155e+03 1.411875573629893552e+03 1.655081072966959255e+03 1.642127989808936036e+03 1.336209144262112886e+03 1.745844601999099268e+03 1.729426540300159786e+03 1.647398972545875040e+03 1.429239862867985721e+03 1.538870465558540218e+03 1.463462995734731749e+03 1.230927236536812188e+03 1.808736817198172957e+03 1.191331899144685622e+03 1.956638473419217007e+03
4.491176470588235361e+02 1.098896161227622770e+03 8.757328829319448005e+02 1.184933357222547784e+03 8.890463827867145028e+02 7.849331622383472222e+02 9.075375656780319105e+02 8.999716609309685964e+02 1.965763332965530935e+03 1.112925796908141365e+03 1.400601550086816360e+03 2.240994269292324134e+03 1.799606529485661895e+03 1.519416445992616445e+03 1.271470081089851192e+03 2.504651279844104010e+03 2.003426320849069498e+03 2.460878490030990179e+03 1.250040687607845257e+03 2.441496284274359823e+03 1.275058636873884552e+03 1.384185091275208606e+03 1.648516090525249410e+03 2.349016839120057284e+03 2.294912522802886087e+03 1.373994915354248633e+03 1.207109383627720717e+03 1.387451523619365844e+03 1.871564408905973096e+03 1.672678523500329220e+03 2.476894554271245397e+03 8.763748068505784659e+02 8.986704929609799137e+02 1.807800806174317813e+03 2.048300169988777270e+03 1.725009499935455096e+03 9.415198142636874081e+02 1.324777326502602364e+03 2.046724358181895013e+03 1.105688612657903377e+03 1.128181950398038452e+03 2.314836584697965463e+03 1.289515811311003745e+03 1.465015014177101875e+03 1.557131750140358918e+03 1.394558068330319202e+03 1.839215450978892704e+03 8.907418209811502265e+02 1.298235929099772648e+03 9.318978308994596773e+02 1.170812834202017939e+03 2.129733674053125924e+03 1.680240528193340879e+03 1.472978076821741752e+03 1.656390048603182095e+03 9.079134446201969695e+02 1.075548591115753652e+03 1.446664501959333393e+03 1.973134509669837144e+03 1.242304048361877904e+03 1.794738794560969609e+03 1.745104440857441659e+03 1.550284104770415524e+03 1.758398548096757850e+03 2.586796844175064962e+03 1.880472988784565359e+03 2.716707428902983338e+03 2.591135522293659960e+03 1.589126324798259020e+03 1.839906790964167158e+03 1.703777085936302910e+03 2.608248954018684799e+03 9.947995039993057844e+02 1.086536114151772381e+03 1.648763302238343158e+03 1.207295741879701154e+03 1.200461715686961497e+03 1.127039003761838330e+03 1.596513339834836643e+03 1.681464445300584430e+03 1.419645804326195275e+03 1.258477491679151626e+03 1.523318584167711606e+03 1.310702143633761352e+03 1.891291502710112582e+03 1.585793351936083582e+03 1.601186677282993514e+03 1.400075075132598386e+03 1.687311082848613751e+03 1.422843049376098179e+03 1.661404367659629315e+03 1.498986419081158601e+03 1.385098437251581800e+03 1.216660456338752283e+03 1.410434662063369842e+03 1.478651115662185248e+03 1.776073749344222279e+03 1.291681377780034381e+03 1.516208217451375276e+03 1.504186517639336898e+03 1.223447245665711762e+03 1.599105465822570977e+03 1.595685852580758137e+03 1.517596524751598963e+03 1.309207537014976424e+03 1.416428746932904915e+03 1.336063528756870483e+03 1.123302590743006022e+03 1.659492084934115383e+03 1.085539432198510212e+03 1.801298899577801194e+03
4.500000000000000000e+02 9.963853152681784877e+02 7.905012496985087864e+02 1.080723016526902938e+03 8.063229426741098678e+02 7.094333773277536466e+02 8.194227278657673423e+02 8.185442967887858003e+02 1.816475943927238859e+03 1.016785666044911409e+03 1.283683615786408382e+03 2.084610927359729430e+03 1.661105319025921517e+03 1.397537191205145973e+03 1.164600474577719297e+03 2.340702867353493730e+03 1.853782468448484678e+03 2.294935623551782555e+03 1.143987919818256387e+03 2.276505061982657026e+03 1.168329621760868804e+03 1.266032460386362118e+03 1.519123707974833451e+03 2.184079711861149462e+03 2.137795800769303696e+03 1.252479200436355768e+03 1.104471457373398607e+03 1.268851516087733216e+03 1.728816431750247830e+03 1.542490525947029255e+03 2.310646542629669966e+03 7.966854895399185352e+02 8.173934272769481595e+02 1.660813319109366603e+03 1.898012826482428864e+03 1.589993256908953299e+03 8.547451126124433358e+02 1.210549439578069496e+03 1.898783460590567302e+03 1.002454244943880667e+03 1.031470365432752487e+03 2.159150325222953143e+03 1.182958633001881026e+03 1.341783997193213281e+03 1.425281102890515058e+03 1.276464922914809222e+03 1.697164189481461335e+03 8.044740807031143959e+02 1.188125865716835051e+03 8.483562410448628270e+02 1.071485275421699953e+03 1.967457945495297736e+03 1.545963870994248055e+03 1.347210369965185009e+03 1.523371753297216628e+03 8.225708387450154078e+02 9.796397936428089679e+02 1.325778087064849842e+03 1.828580791950552339e+03 1.137791443490838219e+03 1.655385898323567744e+03 1.609530578817767946e+03 1.417068455507323051e+03 1.616549390742564810e+03 2.414783524847307035e+03 1.738551733403458456e+03 2.547179636329867208e+03 2.419179117487854001e+03 1.461208839273484273e+03 1.698834217859105820e+03 1.570198464289872391e+03 2.435747239994815573e+03 9.041525770606943979e+02 9.894142316401162134e+02 1.519684550346629521e+03 1.105251069259282531e+03 1.096060731782141147e+03 1.029491659190987093e+03 1.460774928362116043e+03 1.549125801114624892e+03 1.299769136035047495e+03 1.150241246738471546e+03 1.391800612480807558e+03 1.200794170428845973e+03 1.737821435979521311e+03 1.451515783788470117e+03 1.465542393980481393e+03 1.281042450176815009e+03 1.554672317794407036e+03 1.304488591432555495e+03 1.522073350998928618e+03 1.369050822301514700e+03 1.269736051089004377e+03 1.109582461286811849e+03 1.292579986159621740e+03 1.356591152186924091e+03 1.640532769393175613e+03 1.179558763084748989e+03 1.386440870059583858e+03 1.375306486475525617e+03 1.118149531446865012e+03 1.462015003872540774e+03 1.469546800275395071e+03 1.395427586295057154e+03 1.197057325753783971e+03 1.301314534579010115e+03 1.217534466346764930e+03 1.023223820798899851e+03 1.519761140801442025e+03 9.873485534796632237e+02 1.655219284724727231e+03
4.508823529411765207e+02 9.018317232562754953e+02 7.123092474419379414e+02 9.839033093257918381e+02 7.299963606120953727e+02 6.400641898890357879e+02 7.385605029359422815e+02 7.431522733706979125e+02 1.675418836786652946e+03 9.272722531216684274e+02 1.174385364434523808e+03 1.935500574400752612e+03 1.530431787357141047e+03 1.283078179921170886e+03 1.064775587377693910e+03 2.183340385106615486e+03 1.712131800321991932e+03 2.136144283626518245e+03 1.045034174044989186e+03 2.118659568261455661e+03 1.068587965337709875e+03 1.155868011122130156e+03 1.397311098633353595e+03 2.026915573331138603e+03 1.987686661408752116e+03 1.139657582497522526e+03 1.008728950919864701e+03 1.158288502834373276e+03 1.594002197053941927e+03 1.419813598087812125e+03 2.151486791765868475e+03 7.229479782440992039e+02 7.421368621602103985e+02 1.522987293524987308e+03 1.755477566767116286e+03 1.462846235799006536e+03 7.745852362278986902e+02 1.104171457219789545e+03 1.758247957911770072e+03 9.072437027278272126e+02 9.413427306455104144e+02 2.010133208675542392e+03 1.083228592189301708e+03 1.226686441091458846e+03 1.302228381110303417e+03 1.166252651374812785e+03 1.563193758438095756e+03 7.252813174376709640e+02 1.085382958568026197e+03 7.709193309912246832e+02 9.788061698439732936e+02 1.814184301849122676e+03 1.419808825956937653e+03 1.229949639887452804e+03 1.398468044219479452e+03 7.439282234105111229e+02 8.906819154107391796e+02 1.212783409741835385e+03 1.691461093475183361e+03 1.040178500142764506e+03 1.524037685550664264e+03 1.481752179287991567e+03 1.292957240868922781e+03 1.483421873351687054e+03 2.249946125610345462e+03 1.604362833859792090e+03 2.383674061348699979e+03 2.254362291118513440e+03 1.341126906832511168e+03 1.565679420054721049e+03 1.444428919715856409e+03 2.270349797062189737e+03 8.202974501672835004e+02 8.993575271546076237e+02 1.398132159503503090e+03 1.009995416766717085e+03 9.989336619924314391e+02 9.386888749015517988e+02 1.334154631447206157e+03 1.424577539816390527e+03 1.187855098027637951e+03 1.049412793780958509e+03 1.269339673143182381e+03 1.098102980781077804e+03 1.593884135798210764e+03 1.326198070949260227e+03 1.338956105213741694e+03 1.170005278357470615e+03 1.429824734569262546e+03 1.193801895290826224e+03 1.391892754192941084e+03 1.248120848393709821e+03 1.161863609228817722e+03 1.010107126202134737e+03 1.182418655015228069e+03 1.242337975971269543e+03 1.512532901034595852e+03 1.075224586021801088e+03 1.265485039599754600e+03 1.255193320113804475e+03 1.020066709957460034e+03 1.334258489111661902e+03 1.350891587297600609e+03 1.280743075034889216e+03 1.092533337629715561e+03 1.193369622062274175e+03 1.107527196066130728e+03 9.303882312818437867e+02 1.389268111459212378e+03 8.964325353181758373e+02 1.518203962562678953e+03
4.517647058823529278e+02 8.148191708276428926e+02 6.407368351761198255e+02 8.941658142051211371e+02 6.597349169207560635e+02 5.764722396497677437e+02 6.645211410558670195e+02 6.735126404944228398e+02 1.542491092396780232e+03 8.441309850129403003e+02 1.072463747527811620e+03 1.793725138909913312e+03 1.407466846350493142e+03 1.175861644133953178e+03 9.717613670214850572e+02 2.032745793028281696e+03 1.578406487006379848e+03 1.984635212404880804e+03 9.529309265577867336e+02 1.968085825067605583e+03 9.756070935050223625e+02 1.053402830065781473e+03 1.282930889007037649e+03 1.877577704977496523e+03 1.844682077653120587e+03 1.035158335121840764e+03 9.196375496210234814e+02 1.055469633372110138e+03 1.467016752625121853e+03 1.304515182496139005e+03 1.999554841297244138e+03 6.548779170080575796e+02 6.726189750955342106e+02 1.394078091109039406e+03 1.620661273824223144e+03 1.343420163759926027e+03 7.007082922288560667e+02 1.005344563645088556e+03 1.625113317566067053e+03 8.196360607395155284e+02 8.575556186713146190e+02 1.867912431494179145e+03 9.901214732092936401e+02 1.119450918814148281e+03 1.187668820029617564e+03 1.063648130162687039e+03 1.437175008402569574e+03 6.527473539241515255e+02 9.897496898701832606e+02 6.993110414758673414e+02 8.925428136841366040e+02 1.669795694150934878e+03 1.301587013017752952e+03 1.120887743079314532e+03 1.281482623171116074e+03 6.716262028399472683e+02 8.083673094525494207e+02 1.107427162972262977e+03 1.561746341567441050e+03 9.492347798611591543e+02 1.400557042944180012e+03 1.361634784250761186e+03 1.177609726771946043e+03 1.358796971981995966e+03 2.092446550493360974e+03 1.477822345104052602e+03 2.226461090808356403e+03 2.096850647342454067e+03 1.228687193738719770e+03 1.440328479490079872e+03 1.326318497265007636e+03 2.112229092167976432e+03 7.429071021153248466e+02 8.160502169280072167e+02 1.283963929921975478e+03 9.212959223651675984e+02 9.087919763711997803e+02 8.543691254197676699e+02 1.216329502777174639e+03 1.307663737069918170e+03 1.083632064504921573e+03 9.557136716638030975e+02 1.155588810501919852e+03 1.002392073356678793e+03 1.459228864345981719e+03 1.209529844495112229e+03 1.221113229836888877e+03 1.066680418781397748e+03 1.312614367088166318e+03 1.090543658523444947e+03 1.270562507972093726e+03 1.135844768404101842e+03 1.061245495314337404e+03 9.179161841875280743e+02 1.079703793825656021e+03 1.135659644336113388e+03 1.391973461603694432e+03 9.783726257216235354e+02 1.153017580460280215e+03 1.143523714832789210e+03 9.289266006175397479e+02 1.215490684613244639e+03 1.239563533769097148e+03 1.173358191858409327e+03 9.953546282441200219e+02 1.092403228433016920e+03 1.005672515449265575e+03 8.444764077114451766e+02 1.267702933374210943e+03 8.124506640173386813e+02 1.390015616866483242e+03
4.526470588235293917e+02 7.349273407581487163e+02 5.753680477421571595e+02 8.111875476118046890e+02 5.952031753832654886e+02 5.183058202811148476e+02 5.968786282056830714e+02 6.093347306216849120e+02 1.417547248414026399e+03 7.670914087107515797e+02 9.776512833807865945e+02 1.659292435640179974e+03 1.292051520313191986e+03 1.075679062497757513e+03 8.853022893932143234e+02 1.889040829762529256e+03 1.452492375701065612e+03 1.840479598894875380e+03 8.674095712029516108e+02 1.824850783279861844e+03 8.891384659714269674e+02 9.583265745709674093e+02 1.175800563615375495e+03 1.736062697362423478e+03 1.708823453357202652e+03 9.385937558840097381e+02 8.369338065966701379e+02 9.600807876099748910e+02 1.347713072410246241e+03 1.196426414942290421e+03 1.854930309006324023e+03 5.921840729748429339e+02 6.085501882954129087e+02 1.273806070825506822e+03 1.493482597960143039e+03 1.231529699463418865e+03 6.327769622014648121e+02 9.137507706313748486e+02 1.499326236445637960e+03 7.392064337288368279e+02 7.798486114383437098e+02 1.732559160992280567e+03 9.034095100979225208e+02 1.019781394137491702e+03 1.081272387050537873e+03 9.683556408007329992e+02 1.318938231889350163e+03 5.864591975235575774e+02 9.009476676860313091e+02 6.332461278939146041e+02 8.124436925569920049e+02 1.534127088349168162e+03 1.191075755906398854e+03 1.019693774148340822e+03 1.172185795689753377e+03 6.053032220041486653e+02 7.323769754673685384e+02 1.009430947738797954e+03 1.439360969044558715e+03 8.647089739909421269e+02 1.284767684743259906e+03 1.249005880018453126e+03 1.070662188561632547e+03 1.242420717273435457e+03 1.942384264170280403e+03 1.358803366075380836e+03 2.075747480687316056e+03 1.946747226592270636e+03 1.123664583604863992e+03 1.322626414800294469e+03 1.215680811589491896e+03 1.961494699507641371e+03 6.716470153328380093e+02 7.391653896542226221e+02 1.177002268083110721e+03 8.388999626254693567e+02 8.253308722190524804e+02 7.762550308695243757e+02 1.106951278235438167e+03 1.198192807868459340e+03 9.868050401879568199e+02 8.688468808814666318e+02 1.050179196096299165e+03 9.134025750276782674e+02 1.333568014578544307e+03 1.101175008933042363e+03 1.111673277433689236e+03 9.707625524725841615e+02 1.202851366696557534e+03 9.944493534758778424e+02 1.157754199331329119e+03 1.031850009178001983e+03 9.676216660091725998e+02 8.326764996527972471e+02 9.841640465432119527e+02 1.036297092622530954e+03 1.278713847015474585e+03 8.886789010862235045e+02 1.048692297155158258e+03 1.039951625021791642e+03 8.444391099216078374e+02 1.105342305393871811e+03 1.135372444067813149e+03 1.073057810047836483e+03 9.052204450366340325e+02 9.981970750826719723e+02 9.115862205847375890e+02 7.651569378636546617e+02 1.154727772866942132e+03 7.350528789850594649e+02 1.270381738874550820e+03
4.535294117647059124e+02 6.617360324983812916e+02 5.157942083652839074e+02 7.346354747661555393e+02 5.360654088921355651e+02 4.652178162644520398e+02 5.352140374570461745e+02 5.503236338846098761e+02 1.300403101767583166e+03 6.958713349552818954e+02 8.896610367301301494e+02 1.532161147432542293e+03 1.183992373059778174e+03 9.822963283412897226e+02 8.051259743797166948e+02 1.752291461477420398e+03 1.334234547892857336e+03 1.703693963007947559e+03 7.881860181406207175e+02 1.688967146041134356e+03 8.089161547922925593e+02 8.703125755748299071e+02 1.075707623609284155e+03 1.602315902818689892e+03 1.580101454693964115e+03 8.495654669110871282e+02 7.603395811232388724e+02 8.717916680000082579e+02 1.235907511928691974e+03 1.095347289717797139e+03 1.717637751346080222e+03 5.345717214603185994e+02 5.496366334122825492e+02 1.161862740386076212e+03 1.373817391040282018e+03 1.126957919241747277e+03 5.704521367451291098e+02 8.290578482816736141e+02 1.380789886276069637e+03 6.655302224071691626e+02 7.079484785195323866e+02 1.604093133707967127e+03 8.228459659636296237e+02 9.273624714768493504e+02 9.826894666991877330e+02 8.800619293384771709e+02 1.208278830464438670e+03 5.260103314014265834e+02 8.186823752255884301e+02 5.724337412812050161e+02 7.382427793933846942e+02 1.406971709521578305e+03 1.088023643798355351e+03 9.260195065488015871e+02 1.070320057284870700e+03 5.445990349074461392e+02 6.623846752780358429e+02 9.184963919672588872e+02 1.324188091699826145e+03 7.863333956216234810e+02 1.176459704622804566e+03 1.143660337590905556e+03 9.717337032542840234e+02 1.134010137209844970e+03 1.799801097146174243e+03 1.247141464445941438e+03 1.931680093943425163e+03 1.804097393346504532e+03 1.025807504472027404e+03 1.212382686549397249e+03 1.112298426834395741e+03 1.818198100306050492e+03 6.061790165857372585e+02 6.683691723688141337e+02 1.077039394598689796e+03 7.625395138794908689e+02 7.482337835446132885e+02 7.040575595716893531e+02 1.005652255247957441e+03 1.095942832139363645e+03 8.970607853531372484e+02 7.885015514874411338e+02 9.527258663273219099e+02 8.308579312641903698e+02 1.216583519562603442e+03 1.000777503438264375e+03 1.010275671279509879e+03 8.819292822516432580e+02 1.100315354667640577e+03 9.052342729507289505e+02 1.053117050999136382e+03 9.357487566541442447e+02 8.807125983718286761e+02 7.540447362685663393e+02 8.955085907133253613e+02 9.439694144245102052e+02 1.172578752610841548e+03 8.058064925195886872e+02 9.521455026167351434e+02 9.441138436165514349e+02 7.663007470304162325e+02 1.003425887131438685e+03 1.038099790737778449e+03 9.796015444559675416e+02 8.218150681903165378e+02 9.105102489242385673e+02 8.248742350108201435e+02 6.920907253572106583e+02 1.049983056813333405e+03 6.638839556282742933e+02 1.159000752466048652e+03
4.544117647058823195e+02 5.948288651427151308e+02 4.616166570384878014e+02 6.641705917445246996e+02 4.819886006814272150e+02 4.168682177350049187e+02 4.791183692288969951e+02 4.961832909333028283e+02 1.190841244979943895e+03 6.301806450018890473e+02 8.081913081589474359e+02 1.412245964020125029e+03 1.083066753818197640e+03 8.954584374586789863e+02 7.309474212741716883e+02 1.622512416896269087e+03 1.223442816007795273e+03 1.574245114305489778e+03 7.149649016636252554e+02 1.560398411777430510e+03 7.346610922915590436e+02 7.890225362927491233e+02 9.824146438479285735e+02 1.476236837419938183e+03 1.458460858376053238e+03 7.676691086152835624e+02 6.895661070449650651e+02 7.902605287174438899e+02 1.131385240758765576e+03 1.001051671674109116e+03 1.587651547199957349e+03 4.817456550506272492e+02 4.955832434077447601e+02 1.057916563029132021e+03 1.261504064344860808e+03 1.029461503589111544e+03 5.133961234498824524e+02 7.509238644544382169e+02 1.269369052810031690e+03 5.981868312288178231e+02 6.415730087670470994e+02 1.482487245448478461e+03 7.481693485862040234e+02 8.418643465202105745e+02 8.915560850573816651e+02 7.984408967898522178e+02 1.104962686355886035e+03 4.710035267483848429e+02 7.426475463945499769e+02 5.165806458134338754e+02 6.696634836326777531e+02 1.288087189654612075e+03 9.921557331657625127e+02 8.395043872092811625e+02 9.756052925830255163e+02 4.891577386903377942e+02 5.980606491109535909e+02 8.343100188846983656e+02 1.216074649439710356e+03 7.138281388594778036e+02 1.075394936158530754e+03 1.045365558869741562e+03 8.804314043925696751e+02 1.033258811114571927e+03 1.664686291902491575e+03 1.142639924372648693e+03 1.794349962008190005e+03 1.668893730271430513e+03 9.348429726853470356e+02 1.109376577143007580e+03 1.015927971146581626e+03 1.682337587903187114e+03 5.461646950089526626e+02 6.033244780819959487e+02 9.838423544743891398e+02 6.919352193997450513e+02 6.771765024074842358e+02 6.374798951528547377e+02 9.120506794682279406e+02 1.000666774271809118e+03 8.140726071218078914e+02 7.143572461990755755e+02 8.628329045536636386e+02 7.544683061427118673e+02 1.107932951565873054e+03 9.079666617452161290e+02 9.165451800607945643e+02 7.998458825753472183e+02 1.004760596943135397e+03 8.225982484584934582e+02 9.562834327610951277e+02 8.471430852975784092e+02 8.002238674393134943e+02 6.816715328793510480e+02 8.134318531299797996e+02 8.583786180288058176e+02 1.073363346640697046e+03 7.294099804557394009e+02 8.630011933333399838e+02 8.556351130014597857e+02 6.941988100624384970e+02 9.093412774001463958e+02 9.475035966129067901e+02 8.927285598648696805e+02 7.448122619189113038e+02 8.290837461262764236e+02 7.451372086014998786e+02 6.249348629749763404e+02 9.530930195269505703e+02 5.985872454350835596e+02 1.055547777702698795e+03
4.552941176470587834e+02 5.337964785167080208e+02 4.124490160979735265e+02 5.994515852079895240e+02 4.326450436474286789e+02 3.729262375253757114e+02 4.281949201839698844e+02 4.466192324235254887e+02 1.088616418145713396e+03 5.697247362083859343e+02 7.329298946709927804e+02 1.299422593719548104e+03 9.890278213301871801e+02 8.148940301446081094e+02 6.624729213513907098e+02 1.499671811588560558e+03 1.119896995389456606e+03 1.452055217156307208e+03 6.474434322914036102e+02 1.439063841679391771e+03 6.660849781664584270e+02 7.141108081775370238e+02 8.956639764722200425e+02 1.357684540545622667e+03 1.343805504689290274e+03 6.924985961400703900e+02 6.243177284622155412e+02 7.151384617731816888e+02 1.033905339816820060e+03 9.132920385977919295e+02 1.464900946087960847e+03 4.334128340316127606e+02 4.460964878381862491e+02 9.616183867969544963e+02 1.156348799947604903e+03 9.387756696250586401e+02 4.612754457088639128e+02 6.790012752242324723e+02 1.164895127057160607e+03 5.367628859208571157e+02 5.804345076716398353e+02 1.367672286177505839e+03 6.791073287564794327e+02 7.629472724983794478e+02 8.074987383297137740e+02 7.231579085411835877e+02 1.008731330866379267e+03 4.210531906031872609e+02 6.725291743309267076e+02 4.653940665914182659e+02 6.064222592357234589e+02 1.177201343789549583e+03 9.031785487061193862e+02 7.597800704247215435e+02 8.877436735783414861e+02 4.386303785754196269e+02 5.390749172423938944e+02 7.565476254184791287e+02 1.114836437523385030e+03 6.469048928691954643e+02 9.813119804452618382e+02 9.538664660879767325e+02 7.963552820504597776e+02 9.398421218321002470e+02 1.536981516725235679e+03 1.045074769980147494e+03 1.663796569265931794e+03 1.541081140787273398e+03 8.504812797918826845e+02 1.013362207128687487e+03 9.263050935195035436e+02 1.553863317458409256e+03 4.912683986326953800e+02 5.436943458705609373e+02 8.971576762378010699e+02 6.268001065816888513e+02 6.118308925176237381e+02 5.762209221833097672e+02 8.257556408654364759e+02 9.120972441667263411e+02 7.375047215949709880e+02 6.460878489580813948e+02 7.800981640791433165e+02 6.839345873926333752e+02 1.007255131593832516e+03 8.223620999755540879e+02 8.300968133639241842e+02 7.241696181888181627e+02 9.159208231276837751e+02 7.462299874048735546e+02 8.668739884544171446e+02 7.656296101881816867e+02 7.258503803375343750e+02 6.152052648172682439e+02 7.376178157150296784e+02 7.792141731022352360e+02 9.808380501486282128e+02 6.591394413927107507e+02 7.808757446947180370e+02 7.741327867481509202e+02 6.278151722245096380e+02 8.226805449854069821e+02 8.633230415998068565e+02 8.121620682344766919e+02 6.738793278047024842e+02 7.536447020399410803e+02 6.719746356508460394e+02 5.633460843422245716e+02 8.636708250255531993e+02 5.388079734760738120e+02 9.596800119895550552e+02
4.561764705882353041e+02 4.782392544595614936e+02 3.679190278461703087e+02 5.401380788742011418e+02 3.877145646638444418e+02 3.330720561415491261e+02 3.820612132914392873e+02 4.013409534721712930e+02 9.934605991111485537e+02 5.142076059223520588e+02 6.635579941934767021e+02 1.193532732471656800e+03 9.016092425606271945e+02 7.403195126477451140e+02 5.994035940989692790e+02 1.383695924274371691e+03 1.023351943829487254e+03 1.337006794908889333e+03 5.853148828997524333e+02 1.324843526531006319e+03 6.028938242604849620e+02 6.452282395540630660e+02 8.151821672390328786e+02 1.246482884692299194e+03 1.236003145845114432e+03 6.236498601776370379e+02 5.642952519409623164e+02 6.460732528588857804e+02 9.432056333495808076e+02 8.318039153109224344e+02 1.349275036152569783e+03 3.892846860277466590e+02 4.008867505156711672e+02 8.726064334704909697e+02 1.058130524568846567e+03 8.546187790921388796e+02 4.137632448108178664e+02 6.129405992906525853e+02 1.067171003927396669e+03 4.808549644084708916e+02 5.242429268940401244e+02 1.259541620400783358e+03 6.153803173683123759e+02 6.902656554109157696e+02 7.301387065829750327e+02 6.538736750904528208e+02 9.193067676925311389e+02 3.757872799921546516e+02 6.080091192754243821e+02 4.185841963468182030e+02 5.482318648814664357e+02 1.074017711884164100e+03 8.207846106269100801e+02 6.864745343032784604e+02 8.064241868401635429e+02 3.926771434553571112e+02 4.851001848014232678e+02 6.848783340893199920e+02 1.020262832527907563e+03 5.852704044086852946e+02 8.939309949131807116e+02 8.688900590281814402e+02 7.191024867997836054e+02 8.534220556326455380e+02 1.416586007122711180e+03 9.541996469097421141e+02 1.540012246512477759e+03 1.420561878280951305e+03 7.724203524201701612e+02 9.240733983954680753e+02 8.431489690286625773e+02 1.432682345227366795e+03 4.411598366875771831e+02 4.891448584859608104e+02 8.167158111314120106e+02 5.668429511162548806e+02 5.518682048550698482e+02 5.199783449530960979e+02 7.463715630433705428e+02 8.299510351629693332e+02 6.670162043473054609e+02 5.833650613300977739e+02 7.041174862691202634e+02 6.189520396478208113e+02 9.141753784371171605e+02 7.435781274207625984e+02 7.505403108188532997e+02 6.545536353498810058e+02 8.335137411740006428e+02 6.758110271202305057e+02 7.845022481186944106e+02 6.908036293153364795e+02 6.572802260491555444e+02 5.542953750666180213e+02 6.677439400942600969e+02 7.061570867223359755e+02 8.947532082727448142e+02 5.946440173589585356e+02 7.053821096302444857e+02 6.992210019880349137e+02 5.668296782235274804e+02 7.430324414016300807e+02 7.852827869081988865e+02 7.376134796905088251e+02 6.086807357160896572e+02 6.839102976129031504e+02 6.049884800375922396e+02 5.069838010668445918e+02 7.813231563427148103e+02 4.841961131352518919e+02 8.710416749541099080e+02
4.570588235294117112e+02 4.277695821797030931e+02 3.276699965809762602e+02 4.858934670152208355e+02 3.468863678642109676e+02 2.969982224576942258e+02 3.403505204352549072e+02 3.600639601699697323e+02 9.050877049725349934e+02 4.633345742123176478e+02 5.997537077033689457e+02 1.094388854719996061e+03 8.205295979265682718e+02 6.714428679236943935e+02 5.414385638762640838e+02 1.274473863388635891e+03 9.335423099720399023e+02 1.228947672607581353e+03 5.282716914330878808e+02 1.217583228536627757e+03 5.447911511483043796e+02 5.820256012468280460e+02 7.406840402924838145e+02 1.142425619588459767e+03 1.134890167399437360e+03 5.607241059962420877e+02 5.091989438191424711e+02 5.827128085101643364e+02 8.590072365957216789e+02 7.563099909694794860e+02 1.240627643771981639e+03 3.490790627658331573e+02 3.596703632658296783e+02 7.905108066090508601e+02 9.666056997929395038e+02 7.766965941632639669e+02 3.705413054459961586e+02 5.523936694761728177e+02 9.759756893494480892e+02 4.300718700437166717e+02 4.727086464889775925e+02 1.157955793063506235e+03 5.567047043228637904e+02 6.234717074192155906e+02 6.590959364364060775e+02 5.902477201524841348e+02 8.363959777133956095e+02 3.348488244803921248e+02 5.487683412188191596e+02 3.758663456308373725e+02 4.948042763588990169e+02 9.782206509787019968e+02 7.446566525320183700e+02 6.192157137700750127e+02 7.313267770034458408e+02 3.509691845185012653e+02 4.358143574258497779e+02 6.189682051513872239e+02 9.321214457236065982e+02 5.286295754283419228e+02 8.129580717470246327e+02 7.901497540777151016e+02 6.482711531002254333e+02 7.736516149614700453e+02 1.303361554386690614e+03 8.697502346626731651e+02 1.422946717577721984e+03 1.307200554631865316e+03 7.003497295303474175e+02 8.412281026929593963e+02 7.661665199089135285e+02 1.318663638074951905e+03 3.955162924005311993e+02 4.393476731001197777e+02 7.422351963103328671e+02 5.117712789770959034e+02 4.969619960973304842e+02 4.684514440505827793e+02 6.735021376552740549e+02 7.539333069457974261e+02 6.022645332683190418e+02 5.258614950042340297e+02 6.344884326684298230e+02 5.592135774921722486e+02 8.283102063327557971e+02 6.712276955085172858e+02 6.774841060407062514e+02 5.906504392995608441e+02 7.572452537936171666e+02 6.110193051488781748e+02 7.087787823485430181e+02 6.222627766098942175e+02 5.941981514001766982e+02 4.985952796193978429e+02 6.034847040852425835e+02 6.388836209183903065e+02 8.148433574541455755e+02 5.355750633342177025e+02 6.361335703660915897e+02 6.305143892460844199e+02 5.109231477648301052e+02 6.699863377924534689e+02 7.130969324720364284e+02 6.687862050440281791e+02 5.488813601113068898e+02 6.195913114689997201e+02 5.437863338572780094e+02 4.555127343467506762e+02 7.056543742839353399e+02 4.344088439946521021e+02 7.892685427948983943e+02
4.579411764705882888e+02 3.820137076263986842e+02 2.913618719975447107e+02 4.363873656994323937e+02 3.098605544387664850e+02 2.644107257470678860e+02 3.027130066615789019e+02 3.225114831474845118e+02 8.231980209389618039e+02 4.168146641231373906e+02 5.411951699668164792e+02 1.001778817607281098e+03 7.454964353745779135e+02 6.079671081470798981e+02 4.882777782233081894e+02 1.171862166351793576e+03 8.501869485630970757e+02 1.127695699715428418e+03 4.760082048791098828e+02 1.117099206191971916e+03 4.914808182611907910e+02 5.241565995359917451e+02 6.718764432765636911e+02 1.045281243856008814e+03 1.040276147674371259e+03 5.033306154275746280e+02 4.587311739723155597e+02 5.247081766511051910e+02 7.810187683193055364e+02 6.865239097924652469e+02 1.138782113844573132e+03 3.125218917612131122e+02 3.221713323573014236e+02 7.149576057509959810e+02 8.815127216273983777e+02 7.047062016335902399e+02 3.313017342539252468e+02 4.970164700626149283e+02 8.910687268138258332e+02 3.840364845609268514e+02 4.255449181887838108e+02 1.062747010912544056e+03 5.027957552100198768e+02 5.622186933932010788e+02 5.939924590864177389e+02 5.319414483395675006e+02 7.596950848707335808e+02 2.978970746715573341e+02 4.944897441454212981e+02 3.369627753183005439e+02 4.458532495186681786e+02 8.894802073941510798e+02 6.744714394978864220e+02 5.576347097782384026e+02 6.621261142083052391e+02 3.131900776290540875e+02 3.909026832402762466e+02 5.584834645817655883e+02 8.501623446755512532e+02 4.766882177141155807e+02 7.380893252189290479e+02 7.173493179087640783e+02 5.834637291236383589e+02 7.001788086909919002e+02 1.197137389963750593e+03 7.914485038725978256e+02 1.312511548791762607e+03 1.200829076984281528e+03 6.339541778002587762e+02 7.645325740034923001e+02 6.950562974774237546e+02 1.211642945182172753e+03 3.540244769829806160e+02 3.939821773416176711e+02 6.734260034758074198e+02 4.612940322966103395e+02 4.467906608839945761e+02 4.213434747357139827e+02 6.067538263925451929e+02 6.837414015667545755e+02 5.429087168332251849e+02 4.732533795404067405e+02 5.708135476555735295e+02 5.044126844217499297e+02 7.492716455462167460e+02 6.049258815992060363e+02 6.105388513018893946e+02 5.321149599780729886e+02 6.868132697917887981e+02 5.515323373014754225e+02 6.393148934883294032e+02 5.596102145732814961e+02 5.362886500218793344e+02 4.477648804021340538e+02 5.445147364932746541e+02 5.770686194206361961e+02 7.408312279862138894e+02 4.815888859898320220e+02 5.727470257561050175e+02 5.676313321864417958e+02 4.597800047940228865e+02 6.031356830080628697e+02 6.464726495043845489e+02 6.053790999105596029e+02 4.941493131379623946e+02 5.603953320803534552e+02 4.879841158374115366e+02 4.086051608495795335e+02 6.362701906576824058e+02 3.891126293098549809e+02 7.139920236047161097e+02
4.588235294117646959e+02 3.406131829739512114e+02 2.586720019883504165e+02 3.912976750126740058e+02 2.763493131624776424e+02 2.350297906757386386e+02 2.688165416362139695e+02 2.884158903426296092e+02 7.474822312550563765e+02 3.743626419756753307e+02 4.875632780614901662e+02 9.154701999666385746e+02 6.762099737563405597e+02 5.495933613727166858e+02 4.396244652563503905e+02 1.075689283217619050e+03 7.729930427003863542e+02 1.033043420141374327e+03 4.282230529718331127e+02 1.023182711981681905e+03 4.426695075956092751e+02 4.712804770167827542e+02 6.084616298896595481e+02 9.547975947132106285e+02 9.519482733349449290e+02 4.510890976470340092e+02 4.125986968613768795e+02 4.717161393249780872e+02 7.089401849711587147e+02 6.221537173133307306e+02 1.043535904404111307e+03 2.793485133220206080e+02 2.881227436286504258e+02 6.455725595189890100e+02 8.025761269178709654e+02 6.383395527078916984e+02 2.957483020536793106e+02 4.464715774138825850e+02 8.121942827744271654e+02 3.423872131834407355e+02 3.824699629328484889e+02 9.737234139638163697e+02 4.533701649954864479e+02 5.061637543471932190e+02 5.344553717769414334e+02 4.786208032785268074e+02 6.888931329402020083e+02 2.646083301034670967e+02 4.448606486011404968e+02 3.016042188865887965e+02 4.010965520635602388e+02 8.074564218355113780e+02 6.099031899766209790e+02 5.013685553049929808e+02 5.984949557670321383e+02 2.790369602526749304e+02 3.500595496815500383e+02 5.030933229855361901e+02 7.741220849682678136e+02 4.291554480195104020e+02 6.690145717527467468e+02 6.501864605736881231e+02 5.242898615590488589e+02 6.326502178964969971e+02 1.097714968236286495e+03 7.190065539643644570e+02 1.208584636463937159e+03 1.101251293835733804e+03 5.729169063515591915e+02 6.936851428369626547e+02 6.295119720048980980e+02 1.111427569130773463e+03 3.163820352515546119e+02 3.527372804669645348e+02 6.099935178103095268e+02 4.151238739573869339e+02 4.010395971271385633e+02 3.783637219712939554e+02 5.457388812956439779e+02 6.190682842320893542e+02 4.886120176140303784e+02 4.252228946270605547e+02 5.127031446669682282e+02 4.542459472373614062e+02 6.766710430227605002e+02 5.442929139705829584e+02 5.493204741077706785e+02 4.786072009410805208e+02 6.219111717917820670e+02 4.970300160044473614e+02 5.757258406686776198e+02 5.024573455376014408e+02 4.832386802127298324e+02 4.014726779236014522e+02 4.905115740761618781e+02 5.203884325984366797e+02 6.724313982100426301e+02 4.323490746733692731e+02 5.148458222975384615e+02 5.101967726153047238e+02 4.130905412795383995e+02 5.420809869742071214e+02 5.851134451231175717e+02 5.470895507662310138e+02 4.441583863619980548e+02 5.060296076476645908e+02 4.372083341483272534e+02 3.659427884474796997e+02 5.727808596148611286e+02 3.479849227378552996e+02 6.448427924307011381e+02
4.597058823529412166e+02 3.032259751975734048e+02 2.292956068435371435e+02 3.503123059150697713e+02 2.460778405427346911e+02 2.085904119923372377e+02 2.383472179184174138e+02 2.575198257758814293e+02 6.776251110335027761e+02 3.357007425387235457e+02 4.385440799881240537e+02 8.352144257381321495e+02 6.123664707486996122e+02 4.960236259641843048e+02 3.951872646409819936e+02 9.857598199830345038e+02 7.016598577631950775e+02 9.447623658354109466e+02 3.846212032157243925e+02 9.356043982986278706e+02 3.980688840116610550e+02 4.230642480604200273e+02 5.501403069646171389e+02 8.707061805558998913e+02 8.696754117855558661e+02 4.036316466401444814e+02 3.705146240541972134e+02 4.234014444868726059e+02 6.424662964929049167e+02 5.629049591523178151e+02 9.546649460250305310e+02 2.493047586745299213e+02 2.572679052339068448e+02 5.819842489924777738e+02 7.295104122810651006e+02 5.772866570821940968e+02 2.635974903240877438e+02 4.004302288717616420e+02 7.390849755003573591e+02 3.047790950788650548e+02 3.432087759824209456e+02 8.906732111738945150e+02 4.081482927051927732e+02 4.549703673889127913e+02 4.801193921471597719e+02 4.299585685787249645e+02 6.236755216572548761e+02 2.346764671196244194e+02 3.995749238447290850e+02 2.695311211121249357e+02 3.602578803045703353e+02 7.318033546607478002e+02 5.506266338917940857e+02 4.500625879384423342e+02 5.401071446065280952e+02 2.482213724989508137e+02 3.129899485952613531e+02 4.524724332997951706e+02 7.037274043569311743e+02 3.857457683532803685e+02 6.054206737025134544e+02 5.883560787991950747e+02 4.703688369454798135e+02 5.707141554448616034e+02 1.004872412018804994e+03 6.521301470697964078e+02 1.111014523242977248e+03 1.008247596750628759e+03 5.169224441496021427e+02 6.283796633593386787e+02 5.692254869825702599e+02 1.017800833067004874e+03 2.822987525997950797e+02 3.153128785987386777e+02 5.516411986151829296e+02 3.729791942621044427e+02 3.594030277436476695e+02 3.392292429151864894e+02 4.900779486505154523e+02 5.596056515439111081e+02 4.390443077580716249e+02 3.814601484326148579e+02 4.597776849489556525e+02 4.084152706459595947e+02 6.101224436504162441e+02 4.889567902031383255e+02 4.934528057425898169e+02 4.297945226197633701e+02 5.622309300935130523e+02 4.471970441819441930e+02 5.176336339315065516e+02 4.504261256693800419e+02 4.347400303843081701e+02 3.593975416309713182e+02 4.411580548539609481e+02 4.685234956527896770e+02 6.093536171235567735e+02 3.875284855919246070e+02 4.620621855877218422e+02 4.578446069325639769e+02 3.705528415141440632e+02 4.864323622947696322e+02 5.287220973529115327e+02 4.936162029588521136e+02 3.985901417789225434e+02 4.562035695746265560e+02 3.910979678833223829e+02 3.272182995631565632e+02 5.148039515411461480e+02 3.107155353236257724e+02 5.814540079818191316e+02
4.605882352941176805e+02 2.695272440813056392e+02 2.029459951274463947e+02 3.131305785633347227e+02 2.187849924238236383e+02 1.848426556296357148e+02 2.110095998086444524e+02 2.295770908551507432e+02 6.133088397982033939e+02 3.005601051607994805e+02 3.938308053224462242e+02 7.607505631193265572e+02 5.536612231739075014e+02 4.469631800642735584e+02 3.546820388247767255e+02 9.018587192071933032e+02 6.358821556006181481e+02 8.626072255879488466e+02 3.449156812351645272e+02 8.541183673433637296e+02 3.573974237249870498e+02 3.791845609985383589e+02 4.966143334327650791e+02 7.927261781447712110e+02 7.932120304425224049e+02 3.606043084065146900e+02 3.322000728076794758e+02 3.794386718093811623e+02 5.812899141184092286e+02 5.084834555833677996e+02 8.719277879370285973e+02 2.221477689241208395e+02 2.293612291399624326e+02 5.238268998054595613e+02 6.620235464883917302e+02 5.212384189526004548e+02 2.345792715689181591e+02 3.585740414640515041e+02 6.714653856996810646e+02 2.708845757755626096e+02 3.074946134481527906e+02 8.133685258944808538e+02 3.668560886679410373e+02 4.083104147448303252e+02 4.306290268166832789e+02 3.856363015021702267e+02 5.637270645549020855e+02 2.078132197789315114e+02 3.583347736485445125e+02 2.404946156773926873e+02 3.230684762520330651e+02 6.621726647096338638e+02 4.963196911722594677e+02 4.033724381757432411e+02 4.866402315650766468e+02 2.204698413968435773e+02 2.794106507548239620e+02 4.063029839848640563e+02 6.386985975925091452e+02 3.461808270096859701e+02 5.469945145157915931e+02 5.315531508679371200e+02 4.213316279244051543e+02 5.140234330024197789e+02 9.183688878091151082e+02 5.905218967317748593e+02 1.019624642756857725e+03 9.215791179661594015e+02 4.656591366696015371e+02 5.683085963961665357e+02 5.138898532759883437e+02 9.305264564295775926e+02 2.514974708221438675e+02 2.814210231950304433e+02 4.980733822809349363e+02 3.345857874155585137e+02 3.215854983678948997e+02 3.036663037097324036e+02 4.394022576485409104e+02 5.050466731555509341e+02 3.938840567221679407e+02 3.416648322641780737e+02 4.116697411849282275e+02 3.666297518056879312e+02 5.492455230896040348e+02 4.385554721134625993e+02 4.425698049810383168e+02 3.853535593461339772e+02 5.074658611008763955e+02 4.017250235732685724e+02 4.646694190518345522e+02 4.031509603508828832e+02 3.904913432200299894e+02 3.212301339154236643e+02 3.961443594524861851e+02 4.211605331463447897e+02 5.513057966738595042e+02 3.468108634170436062e+02 4.140392402631441087e+02 4.102196920644083207e+02 3.318743758586643366e+02 4.358116511008516909e+02 4.770032400473375560e+02 4.446613602387474202e+02 3.571356586404057225e+02 4.106310293452285691e+02 3.493059558182770274e+02 2.921365798208584579e+02 4.619667029311490296e+02 2.770077109920217140e+02 5.234641199283655624e+02
4.614705882352940876e+02 2.392098355522644226e+02 1.793545548448308011e+02 2.794643086336348574e+02 1.942237006222848947e+02 1.635517623195702868e+02 1.865267403421299832e+02 2.043532821668270287e+02 5.542159461307347783e+02 2.686819170315653196e+02 3.531255572938364367e+02 6.918088354607773454e+02 4.997912160308565603e+02 4.021226512606622236e+02 3.178333616286549272e+02 8.237550246905699396e+02 5.753532372762658724e+02 7.863196404411866069e+02 3.088289831419943994e+02 7.784659847032044127e+02 3.203819455574929975e+02 3.393292210436001142e+02 4.475890653168146400e+02 7.205681063466917067e+02 7.223017582155916898e+02 3.216682939950509876e+02 2.973855162760000326e+02 3.395137387382578140e+02 5.251046311471952777e+02 4.585977086997344259e+02 7.950694284670024672e+02 1.976465900857897680e+02 2.041688730052504184e+02 4.707427604629216944e+02 5.998201225621439789e+02 4.698891023833285772e+02 2.084376312535884495e+02 3.205963932010749886e+02 6.090552269599535293e+02 2.403939931492071480e+02 2.750702159259357700e+02 7.415689896556898475e+02 3.292267066655674057e+02 3.658659099235838994e+02 3.856403459308074844e+02 3.453459199083510498e+02 5.087346862818636168e+02 1.837482180646074141e+02 3.208522117838400618e+02 2.142572574778404828e+02 2.892684482742283762e+02 5.982167819465698813e+02 4.466657844746311525e+02 3.609656409301771305e+02 4.377777242426836892e+02 1.955242133915443219e+02 2.490510854782694707e+02 3.642764385713110755e+02 5.787525603614959664e+02 3.101908717297082489e+02 4.934255979788911759e+02 4.794752597269933858e+02 3.768225336044635014e+02 4.622377169435508222e+02 8.379485151563820864e+02 5.338840952797064574e+02 9.342173076924284487e+02 8.409918088923661799e+02 4.188212951069958763e+02 5.131657251855822324e+02 4.632015772897039483e+02 8.493525060650787282e+02 2.237147393088654042e+02 2.507867895125901043e+02 4.489976413228585557e+02 2.996782464075490111e+02 2.873030698308055548e+02 2.714115243985768871e+02 3.933553986999155541e+02 4.550883729669301943e+02 3.528199689339294878e+02 3.055475461853836805e+02 3.680255689635531553e+02 3.286072401240367071e+02 4.936680936542296649e+02 3.927386998330454162e+02 3.963173787789588687e+02 3.449717866893237215e+02 4.573130215379532046e+02 3.603141943018253528e+02 4.164754436554949280e+02 3.602802152080420797e+02 3.501998054052878047e+02 2.866740307199373774e+02 3.551697076842876299e+02 3.779944201444729401e+02 4.979966497161811390e+02 3.098921356908840608e+02 3.704326581822465982e+02 3.669794608073624431e+02 2.967732938563132166e+02 3.898541384098224967e+02 4.296656096165215217e+02 3.999330325789219387e+02 3.194969351541539595e+02 3.690320384812117140e+02 3.115003534082238161e+02 2.604156485439785911e+02 4.139079466724353438e+02 2.465788929455469827e+02 4.705192473386350116e+02
4.623529411764706083e+02 2.119845222705428966e+02 1.582705583920253787e+02 2.490386349515083282e+02 1.721611947635678632e+02 1.444980767250062854e+02 1.646400084941558930e+02 1.816262310907293909e+02 5.000318977272635834e+02 2.398183191343631506e+02 3.161407062542281778e+02 6.281138247793569462e+02 4.504574428453020118e+02 3.612197822309798880e+02 2.843757492177939525e+02 7.512054993650256165e+02 5.197676594900958662e+02 7.156317549844250152e+02 2.760942166950314913e+02 7.083793852320167161e+02 2.867588601304551048e+02 3.031984071245199175e+02 4.027753975674589810e+02 6.539371802806798541e+02 6.566806846150035426e+02 2.865008784743251908e+02 2.658118704503172580e+02 3.033251107650850145e+02 4.736072786159016346e+02 4.129610182590073464e+02 7.238248849215343625e+02 1.755825557266725809e+02 1.814691808948461755e+02 4.223841155074428002e+02 5.426041925399025558e+02 4.229384790187041858e+02 1.849308796484235984e+02 2.862035057157331153e+02 5.515722212001647904e+02 2.130158151840593916e+02 2.456887622362955881e+02 6.750250776864654654e+02 2.950018455863842064e+02 3.273303946098147890e+02 3.448224165279180511e+02 3.087909930217138026e+02 4.583897691344693044e+02 1.622288421024580316e+02 2.868502442959936047e+02 1.905935388687883005e+02 2.586078419468599350e+02 5.395917043289168760e+02 4.013558087452453265e+02 3.225229263782953240e+02 3.932110065759264330e+02 1.731417897027729680e+02 2.216539873932725868e+02 3.260949692160710356e+02 5.236055218990132971e+02 2.775159423183189347e+02 4.444083247381405499e+02 4.318248071529850449e+02 3.365004851168435493e+02 4.150255376899019666e+02 7.633441400471028828e+02 4.819212249191652404e+02 8.545775163243860106e+02 7.662201141497251911e+02 3.761110246394525802e+02 4.626485477524051362e+02 4.168627739587856240e+02 7.740151838901073234e+02 1.987012386380307873e+02 2.231489107125194948e+02 4.041268339952055157e+02 2.680010838354079397e+02 2.562842355096388474e+02 2.422127857821959935e+02 3.515947711980344366e+02 4.094336949261122527e+02 3.155523173282090283e+02 2.728308512192169815e+02 3.285063483230001680e+02 2.940756059899633783e+02 4.430282193020699424e+02 3.511694484457842691e+02 3.543548525527449442e+02 3.083487809428880837e+02 4.114752871292416216e+02 3.226748750696854700e+02 3.727066773241602959e+02 3.214774026584124726e+02 3.135825343810433310e+02 2.554465496587467328e+02 3.179437563061327978e+02 3.387297304512798632e+02 4.491380148613757228e+02 2.764814184077403638e+02 3.309119622450625116e+02 3.277952132620570751e+02 2.649794364873500285e+02 3.482099213423313131e+02 3.864239773350536211e+02 3.591466777247456434e+02 2.853880221109665740e+02 3.311344714575259331e+02 2.773651756549331253e+02 2.317873360109000771e+02 3.702796993515922281e+02 2.191612564139483368e+02 4.222752061261499534e+02
4.632352941176470722e+02 1.875800290158148869e+02 1.394608095776883374e+02 2.215925868427383705e+02 1.523790355164544508e+02 1.274768295596658447e+02 1.451087416655682034e+02 1.611862554949365460e+02 4.504473487666196547e+02 2.137330648635040973e+02 2.825999947422420178e+02 5.693873582485131237e+02 4.053668949189446380e+02 3.239809024123251788e+02 2.540546105625685414e+02 6.839579337000863006e+02 4.688235971527099650e+02 6.502694461431885884e+02 2.464559800253571495e+02 6.435846798448405934e+02 2.562751576355265684e+02 2.705055968700150970e+02 3.618914825094651633e+02 5.925363173432514259e+02 5.960803574867794623e+02 2.547960158173515310e+02 2.372313325276856233e+02 2.705847206719591327e+02 4.265000428514984492e+02 3.712932688390047815e+02 6.579224489303213659e+02 1.557495022326716310e+02 1.610529355270566896e+02 3.784149293503060107e+02 4.900817571379057540e+02 3.800936454552665964e+02 1.638317733613440623e+02 2.551152596353719275e+02 4.987346395059062729e+02 1.884766483823910335e+02 2.191146036910289183e+02 6.134811509045961202e+02 2.639328402378202441e+02 2.924100384177127125e+02 3.078584164093609843e+02 2.756877330457105018e+02 4.123901723561403969e+02 1.430199094029663911e+02 2.560637863691096641e+02 1.692902139518469937e+02 2.308474616171587570e+02 4.859594115222991491e+02 3.600897867347991905e+02 2.877392078316594848e+02 3.526409338109661462e+02 1.530952853454149647e+02 1.969758062032570933e+02 2.914725932746031276e+02 4.729754531328263738e+02 2.479067989905298930e+02 3.996439265615571799e+02 3.883108866608001790e+02 3.000400207198467228e+02 3.720659541897276199e+02 6.942807284525823661e+02 4.343421306201838092e+02 7.804765351233270394e+02 6.969904078656986712e+02 3.372397401110989676e+02 4.164603284362653994e+02 3.745829504379226478e+02 7.042422522915576337e+02 1.762220055272559591e+02 1.982601758335308659e+02 3.631808441087425194e+02 2.393096076284647324e+02 2.282705889846705816e+02 2.158298823678308338e+02 3.137926781962710265e+02 3.677932413271101950e+02 2.817939740916374376e+02 2.432500552907330302e+02 2.927890959656797918e+02 2.627737512677107361e+02 3.969759550829493264e+02 3.135250638586101104e+02 3.163561141736447553e+02 2.751971902068623876e+02 3.696631065086713193e+02 2.885286130037519570e+02 3.330320809598982237e+02 2.864220461396559472e+02 2.803676956627123218e+02 2.272793409885974256e+02 2.841877071153865018e+02 3.030819820041492676e+02 4.044468650339740066e+02 2.463017541981745353e+02 2.951615201465010045e+02 2.923530928818486814e+02 2.362350988268823926e+02 3.105449360168921089e+02 3.470007788152036028e+02 3.220266498667800192e+02 2.545358694034692633e+02 2.966753130819832904e+02 2.466009615622352555e+02 2.059977270633683304e+02 3.307483913961140161e+02 1.945020145225304873e+02 3.783991642262100754e+02
4.641176470588235361e+02 1.657428609588341430e+02 1.227091570793637914e+02 1.968794403064698884e+02 1.346730068906118731e+02 1.122977927438648749e+02 1.277097676575240115e+02 1.428362401138078042e+02 4.051600614876570035e+02 1.902019850969616925e+02 2.522393871916644912e+02 5.153510931084078948e+02 3.642342434865267364e+02 2.901421194255983096e+02 2.266269756419384009e+02 6.217541716379503214e+02 4.222248909526176135e+02 5.899552546124308492e+02 2.196710132092646290e+02 5.838048572305913240e+02 2.286891626189106432e+02 2.409782353846471210e+02 3.246641635881562706e+02 5.360688282626446153e+02 5.402304786029126262e+02 2.262646922961792200e+02 2.114079846883102505e+02 2.410186251205436747e+02 3.834922663237996403e+02 3.333224367137376021e+02 5.970866451191750457e+02 1.379538149533383091e+02 1.427234441834048084e+02 3.385121682757624626e+02 4.419629501176592612e+02 3.410705435385127657e+02 1.449274633681575892e+02 2.270657444370688438e+02 4.502635419358670106e+02 1.665210643381319358e+02 1.951237807309004779e+02 5.566782137855150268e+02 2.357814950958072870e+02 2.608244682309496625e+02 2.744464586522270224e+02 2.457657339767902158e+02 3.704419338538352235e+02 1.259032243490787124e+02 2.282403372723941288e+02 1.501464535305984214e+02 2.057594787748095371e+02 4.369899227726403979e+02 3.225782136252646524e+02 2.563242892611283423e+02 3.157791279632425585e+02 1.351726237023014505e+02 1.747869320346825077e+02 2.601360359190388181e+02 4.265841700212532714e+02 2.211256218319688855e+02 3.588420988626930921e+02 3.486508728161414865e+02 2.671319762667553732e+02 3.330498929946861608e+02 6.304784717339467761e+02 3.908618928445785059e+02 7.116752064786503524e+02 6.330241054512448500e+02 3.019293889705822949e+02 3.743118443549096810e+02 3.360804997979550421e+02 6.397561833254886778e+02 1.560564693583419285e+02 1.758876326133363648e+02 3.258880256278954448e+02 2.133705722547220773e+02 2.030172753830148338e+02 1.920349792845698289e+02 2.796371421765209675e+02 3.298867232761253945e+02 2.512711879230863019e+02 2.165537679724432678e+02 2.605673060581057143e+02 2.344523688584506544e+02 3.551747454838903764e+02 2.794981038923279471e+02 2.820104544158597264e+02 2.452434404237746435e+02 3.315959581348170673e+02 2.576090672045065162e+02 2.971355723044998740e+02 2.548102618762407019e+02 2.502953486218530372e+02 2.019187410035397647e+02 2.536351474929864196e+02 2.707786157658635489e+02 3.636470131509533985e+02 2.190906015941789065e+02 2.628812578495002867e+02 2.603547776456041447e+02 2.102955614578592360e+02 2.765416938703792766e+02 3.111274618197201107e+02 2.883073705302822987e+02 2.266809296954578485e+02 2.654017004415852057e+02 2.189250978913446772e+02 1.828073909219214386e+02 2.949958000848387769e+02 1.723635194868596443e+02 3.385709834849462254e+02
4.650000000000000000e+02 1.462369809542667554e+02 1.078159069059466901e+02 1.746668776016690572e+02 1.188528589663098671e+02 9.878483981802197889e+01 1.122368127022890718e+02 1.263915892966780348e+02 3.638765072223021662e+02 1.690132606794362573e+02 2.248076747522508470e+02 4.657287882440769522e+02 3.267832391697841103e+02 2.594502679017875266e+02 2.018620020858282089e+02 5.643328580930315184e+02 3.796827827715564467e+02 5.344110014303113303e+02 1.955086282526183652e+02 5.287623731943720031e+02 2.037710686664912316e+02 2.143581742312129563e+02 2.908301451471473911e+02 4.842407760894588478e+02 4.888613007224311673e+02 2.006350659790022632e+02 1.881182051878649872e+02 2.143674347176024924e+02 3.443019550706630412e+02 2.987858223933020554e+02 5.410408806239504429e+02 1.220143450122438935e+02 1.262964917780367813e+02 3.023668138056866610e+02 3.979639030364008931e+02 3.055951936344507089e+02 1.280193109132533493e+02 2.018036125233481641e+02 4.058847211138067905e+02 1.469112635449604909e+02 1.735043481376224577e+02 5.043563856493657340e+02 2.103207192749105729e+02 2.323073452458303905e+02 2.443001524326847402e+02 2.187684738235835482e+02 3.322606750082684357e+02 1.106770198845330384e+02 2.031404368290323816e+02 1.329738520165843738e+02 1.831278420070623838e+02 3.923630164898491444e+02 2.885431258555573777e+02 2.280033278087401527e+02 2.823489949435278845e+02 1.191766134258856198e+02 1.548717378812594347e+02 2.318253554864517412e+02 3.841591422631848900e+02 1.969465049087141892e+02 3.217223344893224066e+02 3.125717124593875269e+02 2.374839138943953856e+02 2.976811996089210766e+02 5.716555847347318604e+02 3.512033970292770846e+02 6.479269988962765865e+02 5.740404709889106698e+02 2.699134212242091735e+02 3.359228327714897659e+02 3.010839095029384680e+02 5.802769865773530000e+02 1.379983416967486960e+02 1.558126182610561159e+02 2.919863882601684395e+02 1.899626232279967155e+02 1.802932309890529154e+02 1.706128729223398182e+02 2.488324392568671328e+02 2.954441276828424066e+02 2.237241129738433187e+02 1.925042411121045802e+02 2.315513238047416564e+02 2.088744814663602369e+02 3.173025019943466418e+02 2.487969043396980169e+02 2.510231399287497709e+02 2.182282110734043385e+02 2.970035373006948021e+02 2.296626557174547258e+02 2.647167104141389586e+02 2.263551056509987802e+02 2.231180713255371586e+02 1.791259309768697960e+02 2.260326633944119123e+02 2.415597216809416352e+02 3.264705383380447188e+02 1.946001205909947771e+02 2.337871090932972038e+02 2.315179241272072090e+02 1.869294173213587555e+02 2.458997443594250853e+02 2.785455705068297334e+02 2.577342496208996749e+02 2.015775477914310159e+02 2.370717174380143888e+02 1.940719180529712844e+02 1.619914428694732464e+02 2.627196936442458082e+02 1.525232043267442918e+02 3.024842478595086277e+02
4.658823529411765207e+02 1.288433504033115184e+02 9.459713791778796121e+01 1.547369804150753794e+02 1.047419659322323184e+02 8.677542128444814296e+01 9.849981797907221903e+01 1.116800473917903673e+02 3.263131944685210328e+02 1.499675336106184602e+02 2.000668827088637158e+02 4.202482912787347118e+02 2.927478399478220581e+02 2.316636147987856305e+02 1.795412955637680170e+02 5.114318976243333168e+02 3.409173629008331545e+02 4.833601117076022433e+02 1.737509688477654493e+02 4.781814512597109115e+02 1.813032894257601129e+02 1.904019020343158672e+02 2.601369010397995112e+02 4.367630254593093468e+02 4.417057370153573288e+02 1.776524037440202903e+02 1.671508985636022260e+02 1.903865330635345288e+02 3.086570077088465496e+02 2.674310331993451655e+02 4.895097997469014786e+02 1.077622095954824317e+02 1.116001681743915270e+02 2.696846060049014682e+02 3.578083276597040481e+02 2.734046751417765222e+02 1.129225797295989508e+02 1.790922178551551838e+02 3.653303531756564553e+02 1.294266057916707950e+02 1.540565404120001745e+02 4.562570969595940369e+02 1.873349544020175586e+02 2.066067308182514353e+02 2.171489329025034749e+02 1.944536089977814868e+02 2.975727249068528408e+02 9.715530997588582807e+01 1.805379270385426480e+02 1.175963011037748203e+02 1.627485124922880004e+02 3.517696401084758691e+02 2.577189139112472276e+02 2.025170792241110576e+02 2.520865005106878698e+02 1.049245137709272910e+02 1.370284734985962700e+02 2.062943481621740887e+02 3.454350263278232092e+02 1.751557578568973383e+02 2.880149953516673804e+02 2.798109621801675075e+02 2.108203282721060248e+02 2.656774178401088307e+02 5.175307942234371694e+02 3.150986371401673978e+02 5.889807938361752804e+02 5.197591118015405982e+02 2.409375026048394659e+02 3.010231676766005080e+02 2.693327137388307051e+02 5.255247401746835294e+02 1.218553781987628071e+02 1.378306321978185736e+02 2.612245263970272617e+02 1.688765667443732923e+02 1.598812603095614975e+02 1.513610964091722337e+02 2.210994057891163607e+02 2.642066373065736684e+02 1.989071310899142304e+02 1.708775285253583149e+02 2.054685066635829571e+02 1.858157910037922136e+02 2.830523982316345837e+02 2.211459209322491972e+02 2.231157491768157115e+02 1.939067008008150026e+02 2.656266790179362829e+02 2.044489866065958381e+02 2.354911303728598568e+02 2.007866852167958882e+02 1.986013672742863037e+02 1.586769214042993212e+02 2.011402313168271121e+02 2.151785386576880796e+02 2.926589514455141057e+02 1.725972614832233774e+02 2.076112506200190637e+02 2.055763889207276520e+02 1.659187223939117644e+02 2.183359070730631686e+02 2.490075879741270342e+02 2.300643722165321492e+02 1.789941524969190993e+02 2.114549834834087676e+02 1.717926237055141598e+02 1.433394407034724338e+02 2.336342353591884091e+02 1.347733734114400761e+02 2.698470252096441868e+02
4.667647058823529278e+02 1.133593587666056521e+02 8.288397556561363899e+01 1.368860721210644442e+02 9.217687515993013392e+01 7.611997696678815828e+01 8.632419839392714778e+01 9.854142612752808361e+01 2.921977103213047826e+02 1.328778775796806713e+02 1.777924725851453047e+02 3.786432395994332865e+02 2.618730884194165469e+02 2.065523732413832647e+02 1.594590572405209343e+02 4.627906279372467679e+02 3.056587445075105052e+02 4.365296416245968771e+02 1.541930915697066951e+02 4.317900777999432762e+02 1.610806307973585660e+02 1.688805985683108020e+02 2.323433736714756890e+02 3.933529982247573571e+02 3.985011953045459450e+02 1.570788642956214005e+02 1.483075612793500113e+02 1.688461211523785437e+02 2.762961898659485200e+02 2.390167345616318642e+02 4.422213424207918706e+02 9.504049463952857479e+01 9.847459143604292819e+01 2.401865398951641453e+02 3.212288228188845096e+02 2.442478614921953408e+02 9.946602908460694437e+01 1.587095966411337429e+02 3.283403899306154017e+02 1.138630321765360804e+02 1.365927903464443034e+02 4.121250031680258985e+02 1.666204359683616190e+02 1.834852485430918421e+02 1.927381824013970686e+02 1.725930833543997096e+02 2.661160089813867557e+02 8.516717418783430560e+01 1.602200468907163611e+02 1.038497659563430204e+02 1.444295473618646497e+02 3.149130201347963975e+02 2.298529117277986131e+02 1.796219510193548956e+02 2.247407051809815073e+02 9.224751356118424894e+01 1.210690452293504791e+02 1.833107637877838556e+02 3.101549288919178480e+02 1.555520529263144169e+02 2.574621364751294550e+02 2.501175865065582116e+02 1.868826459850764934e+02 2.367703337180302867e+02 4.678255289911017485e+02 2.822897541103439494e+02 5.345833891315647861e+02 4.699021897126150975e+02 2.147600272271628228e+02 2.693537884150554191e+02 2.405782192921522551e+02 4.752218165783234554e+02 1.074490197491974044e+02 1.217510955837504838e+02 2.333623244477948901e+02 1.499154764831768318e+02 1.415779585211890321e+02 1.340898732443284871e+02 1.961755297439434287e+02 2.359273152897548584e+02 1.765889908520596236e+02 1.514634802366259692e+02 1.820631880374895388e+02 1.650648419505608331e+02 2.521334043424028550e+02 1.962858503406987438e+02 1.980262961603381200e+02 1.720487078500778182e+02 2.372180572664509555e+02 1.817410965700491658e+02 2.091907576131653457e+02 1.778520952135873188e+02 1.765238962188277867e+02 1.403623926796679768e+02 1.787314266023760183e+02 1.914017626854317200e+02 2.619641130322800109e+02 1.528636992863421256e+02 1.841021387820904067e+02 1.822802575221810173e+02 1.470589852494821343e+02 1.935842934151496308e+02 2.222775603483406712e+02 2.050669796013971791e+02 1.587132864904494909e+02 1.883330408476299169e+02 1.518550373170998000e+02 1.266551492107648755e+02 2.074701587284537823e+02 1.189208700980850466e+02 2.403823784645949786e+02
4.676470588235293917e+02 9.959817842810583954e+01 7.252180366941188083e+01 1.209244454035411565e+02 8.100680166747679323e+01 6.668130473502118605e+01 7.555004566316506498e+01 8.682724713730056010e+01 2.612695323319894101e+02 1.175696467074056102e+02 1.577734024717151158e+02 3.406544933687867456e+02 2.339157726044350909e+02 1.838990097003632798e+02 1.414220858504776288e+02 4.181517317315899618e+02 2.736479851621650141e+02 3.936520252624201817e+02 1.366429145969020738e+02 3.893217352352561420e+02 1.429103204098167339e+02 1.495800319956480564e+02 2.072204476528123394e+02 3.537361432364173766e+02 3.589911325776106992e+02 1.386931270990641565e+02 1.314022209403903219e+02 1.495311037867868436e+02 2.469698725517548610e+02 2.133131934129718843e+02 3.989085229888838171e+02 8.370387820477566265e+01 8.677155891072813176e+01 2.136091372665594861e+02 2.879679274257250086e+02 2.178859511063648142e+02 8.749143319605802560e+01 1.404482998710340098e+02 2.946636900621230097e+02 1.000324040000172658e+02 1.209376153049260409e+02 3.717096426127617406e+02 1.479852966138368515e+02 1.627200840545213794e+02 1.708291843007115460e+02 1.529730845567463575e+02 2.376406844205825450e+02 7.455599570181968261e+01 1.419873776118849094e+02 9.158195698096029957e+01 1.279910452858961918e+02 2.815095173199397891e+02 2.047057639336261161e+02 1.590898939109418109e+02 2.000741038924405188e+02 8.099015223408930808e+01 1.068186675628714397e+02 1.626563406286114741e+02 2.780714317340636512e+02 1.379464124552150679e+02 2.298181004140435277e+02 2.232525342724772486e+02 1.654290585358846499e+02 2.107063027957094050e+02 4.222658232827254778e+02 2.525298449401906282e+02 4.844817404504104843e+02 4.241963254899495155e+02 1.911524214900652794e+02 2.406673877623892110e+02 2.145840048964429059e+02 4.290948287071047389e+02 9.461396114690131753e+01 1.073969906293177559e+02 2.081714601675346614e+02 1.328946636940603980e+02 1.251935038309644170e+02 1.186219521837018789e+02 1.738148653971842634e+02 2.103715810171409828e+02 1.565527681138901812e+02 1.340656053914634072e+02 1.610964742023048757e+02 1.464230409593272384e+02 2.242705870585127172e+02 1.739735803995469041e+02 1.755091697965258106e+02 1.524385586863286619e+02 2.115426717663715124e+02 1.613255251245212492e+02 1.855638304115932158e+02 1.573151878588576267e+02 1.566775282936292797e+02 1.239874028207295993e+02 1.585934647889849316e+02 1.700096689915746992e+02 2.341489355612973782e+02 1.351956194409190743e+02 1.630243768086474176e+02 1.613956976293866603e+02 1.301590296073238733e+02 1.713961541726988855e+02 1.981315225323356799e+02 1.825237640541669464e+02 1.405314792364609389e+02 1.674995718014911859e+02 1.340432277135993502e+02 1.117561961102363739e+02 1.839747644207043322e+02 1.047866483398569528e+02 2.138286650207863318e+02
4.685294117647059124e+02 8.738804437049591911e+01 6.336945817333005948e+01 1.066759857903390412e+02 7.109305918379214972e+01 5.833389731514290588e+01 6.603130639423682169e+01 7.640031479840924078e+01 2.332806114755371425e+02 1.038802214904078909e+02 1.398120248540736270e+02 3.060313304336099804e+02 2.086448792385126296e+02 1.634984073963792071e+02 1.252496581844863641e+02 3.772628752871885922e+02 2.446377965277584110e+02 3.544665611525697386e+02 1.209210435224447906e+02 3.505168576467634125e+02 1.266119092008593014e+02 1.323003255718654998e+02 1.845512623668001027e+02 3.176471522228020490e+02 3.229263770028815088e+02 1.222899216381135119e+02 1.162612519346287172e+02 1.322408461468831433e+02 2.204405643136576600e+02 1.901026372763861616e+02 3.593109529788543455e+02 7.361819315746176073e+01 7.635412062969618319e+01 1.897045380415846125e+02 2.577789452902444509e+02 1.940927987500292886e+02 7.685303445061273919e+01 1.241151074602397699e+02 2.640589328280211703e+02 8.776177810802224144e+01 1.069274125830752808e+02 3.347668422357609188e+02 1.312495397874313028e+02 1.441028383934127248e+02 1.511989136550658372e+02 1.353938590699636109e+02 2.119095966454915754e+02 6.517866880914709782e+01 1.256536619798146575e+02 8.065194820524736485e+01 1.132649882982347975e+02 2.512892302187856046e+02 1.820516306381576896e+02 1.407081455059048665e+02 1.778627928052652294e+02 7.100968132836369762e+01 9.411545708839850022e+01 1.441267136438257239e+02 2.489473938527907535e+02 1.221620928446503456e+02 2.048499220612832801e+02 1.989891256853964023e+02 1.462342148596985680e+02 1.872463881657555191e+02 3.805839414873995565e+02 2.255835632536148694e+02 4.384249394251738750e+02 3.823742447491802636e+02 1.698992860940174978e+02 2.147289068628771531e+02 1.911262497901044242e+02 3.868762955752436028e+02 8.319763699926257061e+01 9.460442688959383872e+01 1.854357230797819511e+02 1.176415292894983935e+02 1.105513467345638077e+02 1.047923438598053423e+02 1.537877941857717872e+02 1.873175048954072395e+02 1.385957090277891268e+02 1.185008091461896385e+02 1.423459044928964659e+02 1.297045466929750432e+02 1.992052220891116292e+02 1.539819818952750836e+02 1.553349289325878715e+02 1.348748940795270244e+02 1.883781456300166326e+02 1.430022466565079355e+02 1.643747548109392937e+02 1.389562040149612301e+02 1.388672784295848999e+02 1.093710010887296562e+02 1.405271068135486132e+02 1.507960942260003492e+02 2.089878805900887357e+02 1.194034014871893135e+02 1.441584384893062918e+02 1.427046856976625691e+02 1.150407318260062510e+02 1.515395770174870052e+02 1.763577502532358778e+02 1.622290054029631676e+02 1.242590075154451483e+02 1.487604765322620892e+02 1.181570249656723917e+02 9.847364113083496306e+01 1.629117399696170310e+02 9.220526215886181376e+01 1.899396389717301759e+02
4.694117647058823195e+02 7.657149532677833292e+01 5.529840432474001943e+01 9.397771213915044086e+01 6.230845845199723243e+01 5.096326042948925306e+01 5.763494299670768584e+01 6.713424222996151514e+01 2.079957562001387998e+02 9.165867798210494755e+01 1.237238820351632285e+02 2.745323995086596938e+02 1.858418702651543128e+02 1.451578711677135232e+02 1.107732984680922357e+02 3.398781162416903499e+02 2.183930309432007562e+02 3.187206481416073416e+02 1.068604933216707877e+02 3.151240496297899654e+02 1.120170613843944238e+02 1.168556133704064166e+02 1.641313502635502175e+02 2.848309261784268642e+02 2.900662023790519584e+02 1.076794545707438999e+02 1.027231004634493274e+02 1.167888203733136834e+02 1.964832523603267873e+02 1.691794456984605404e+02 3.231761018005944379e+02 6.465994120152849689e+01 6.709610755696952822e+01 1.682404166685834923e+02 2.304265576180396522e+02 1.726550812066872709e+02 6.741695476431878831e+01 1.095306363515588828e+02 2.362953104167539209e+02 7.689263408334653604e+01 9.441015069495794876e+01 3.010598945789344043e+02 1.162448998022497335e+02 1.274392605634199924e+02 1.336397105755774533e+02 1.196694162052315988e+02 1.886985277116113195e+02 5.690478821945998789e+01 1.110455192802413364e+02 7.092972202666346959e+01 1.000949806287640627e+02 2.239963968373570822e+02 1.616782187725829090e+02 1.242788727089484127e+02 1.578964677151021476e+02 6.217539877204961840e+01 8.280993044535247805e+01 1.275311843361196651e+02 2.225565515871641651e+02 1.080343519408568227e+02 1.823375447688292752e+02 1.771132652677982549e+02 1.290887845280931288e+02 1.661663371009200603e+02 3.425197532803275635e+02 2.012275203648046045e+02 3.961659376361503178e+02 3.441761576606111248e+02 1.507983850798509593e+02 1.913158388500073386e+02 1.699938829343306281e+02 3.483060482024933435e+02 7.305966051134937800e+01 8.322213031545491901e+01 1.649511668145308931e+02 1.039953159849055169e+02 9.748780752538628747e+01 9.244797159610349979e+01 1.358806575918094381e+02 1.665559363754427977e+02 1.225289423183186130e+02 1.045990397080508956e+02 1.256049929875834437e+02 1.147360463559696768e+02 1.766947205365307241e+02 1.360995719481798858e+02 1.372899505437385415e+02 1.191703500190558458e+02 1.675148658089016465e+02 1.265844697310758136e+02 1.454038218659378288e+02 1.225712979916724379e+02 1.229111008299211107e+02 9.634574959390586457e+01 1.243464348051716541e+02 1.335682751922568343e+02 1.862672794620122829e+02 1.053111926226403341e+02 1.273002739994704200e+02 1.260046060464944873e+02 1.015386804893396118e+02 1.337990567288416912e+02 1.567568563935855650e+02 1.439895559286089224e+02 1.097195503846880626e+02 1.319338018182788517e+02 1.040114446528244656e+02 8.665146669815284497e+01 1.440608531660556935e+02 8.102429345755197687e+01 1.684843890570562905e+02
4.702941176470587834e+02 6.700458143552437207e+01 4.819191191440598487e+01 8.267925254894430509e+01 5.453667815450248924e+01 4.446522338170427702e+01 5.024008996786965753e+01 5.891293611101464478e+01 1.851928430452009877e+02 8.076537635899086354e+01 1.093373905729712732e+02 2.459264634853975053e+02 1.653007980001397357e+02 1.286970187510032417e+02 9.783645646833110732e+01 3.057590574234570227e+02 1.946909948030009616e+02 2.861707833078173167e+02 9.430632980897176765e+01 2.829010681503885962e+02 9.896925910362469381e+01 1.030736068164839594e+02 1.457686366064982906e+02 2.550433223497794302e+02 2.601791912830664728e+02 9.468677200766268243e+01 9.063791929719876350e+01 1.030021661555747983e+02 1.748855757293313786e+02 1.503502008688054730e+02 2.902603273846369234e+02 5.671577040295576921e+01 5.888161943562603540e+01 1.489997564513595023e+02 2.056872406915987597e+02 1.533723163849648188e+02 5.906057303429091832e+01 9.652886918090474921e+01 2.111530278373199678e+02 6.728007400707032559e+01 8.324499846716733487e+01 2.703605091609795181e+02 1.028146018614696828e+02 1.125488714561249992e+02 1.179588398098188406e+02 1.056271337629049611e+02 1.677963016803821290e+02 4.961583416403547631e+01 9.800207522179766784e+01 6.229567831192656513e+01 8.833591029994701671e+01 1.993895948669994880e+02 1.433866776698521335e+02 1.096186973222213510e+02 1.399782953136252672e+02 5.436795994693737555e+01 7.276446982173335698e+01 1.126923893683058111e+02 1.986839275279066328e+02 9.541013050557151587e+01 1.620738901372184557e+02 1.574234984102139663e+02 1.137989331640070247e+02 1.472564126004300533e+02 3.078218522062896341e+02 1.792505213776779556e+02 3.574630221307660918e+02 3.093508970809880907e+02 1.336605114324516421e+02 1.702183660536832406e+02 1.509885904509012562e+02 3.131323929690465206e+02 6.407122112916881917e+01 7.311088419373864156e+01 1.465261299640789332e+02 9.180678093977662968e+01 8.585160851978542951e+01 8.144724559520453511e+01 1.198952816592956907e+02 1.478904886554656741e+02 1.081770946341960666e+02 9.220285464323310975e+01 1.106826784742559227e+02 1.013564355162158535e+02 1.565124082194502364e+02 1.201300682744775372e+02 1.211759821632663403e+02 1.051511391521680139e+02 1.487559717917059174e+02 1.118983451007368899e+02 1.284468059262912902e+02 1.079719706721521533e+02 1.086395937214842888e+02 8.475718165502800616e+01 1.098785330595555507e+02 1.181465858012646919e+02 1.657854983254545402e+02 9.275641590040129358e+01 1.122608201993233763e+02 1.111077523879432505e+02 8.949974072272947012e+01 1.179749684314817841e+02 1.391417554961086580e+02 1.276247135642471449e+02 9.674975718029676841e+01 1.168495773578671333e+02 9.143604758672596233e+01 7.614601764892289282e+01 1.272175168362072242e+02 7.110373129333629549e+01 1.492471319319045051e+02
4.711764705882353041e+02 5.855605629332986695e+01 4.194423862555908755e+01 7.264227292315730722e+01 4.767162065831407602e+01 3.874525066166070530e+01 4.373721902256433225e+01 5.163005548612491680e+01 1.646628642098085891e+02 7.107150556643721018e+01 9.649344290199327645e+01 2.199929542408531802e+02 1.468282811099871026e+02 1.139475570984962332e+02 8.629412070171876792e+01 2.746758004597926401e+02 1.733215975582261024e+02 2.565833525457847486e+02 8.311523888551239736e+01 2.536155898471423313e+02 8.732342545131244549e+01 9.079508978627528393e+01 1.292833183839990170e+02 2.280516998334163929e+02 2.330438929328718132e+02 8.315105992786354250e+01 7.986715027688933333e+01 9.072116739326216361e+01 1.554478473013719508e+02 1.334336040682312330e+02 2.603296979398472786e+02 4.968192963626848524e+01 5.160448576961287159e+01 1.317805133884957058e+02 1.833495193536752765e+02 1.360567461931082107e+02 5.167188349163872374e+01 8.495662023172251054e+01 1.884236344192265165e+02 5.879200439267265210e+01 7.330189356187692340e+01 2.424495670299844505e+02 9.081304757382783066e+01 9.926451232563498195e+01 1.039779697569012029e+02 9.310729488570669332e+01 1.490047397811608221e+02 4.320436226638701527e+01 8.637451243780878940e+01 5.464011031377248173e+01 7.785354954637168134e+01 1.772417775113484026e+02 1.269913791056445405e+02 9.655816441424568097e+01 1.239246706032548815e+02 4.747867797616482477e+01 6.385273885203475430e+01 9.944589374009831317e+01 1.771260809142038966e+02 8.414767075641485405e+01 1.438647831220664557e+02 1.397309408094216394e+02 1.001857115541793206e+02 1.303211076354403986e+02 2.762484620627157028e+02 1.594536479563363685e+02 3.220810641531497822e+02 2.776568306784291167e+02 1.183092336530719564e+02 1.512393582630389233e+02 1.339246983643743079e+02 2.811130451654641433e+02 5.611445544129455953e+01 6.414293173634276002e+01 1.299811259668215939e+02 8.093779557439182781e+01 7.550334306998021816e+01 7.165959538202065460e+01 1.056484142710884555e+02 1.311373999146362905e+02 9.537783100873429021e+01 8.116692297684693358e+01 9.740270098239788865e+01 8.941642868896310858e+01 1.384471826082352663e+02 1.058918582591424524e+02 1.068096007373363250e+02 9.265656401545749077e+01 1.319172258298550844e+02 9.878257653678677741e+01 1.133144659293358529e+02 9.498442931041202542e+01 9.589562222740615027e+01 7.446321231030650267e+01 9.696308765531843221e+01 1.043641786684655273e+02 1.473529534008617361e+02 8.158921110732740090e+01 9.886542715168253892e+01 9.784076106970026387e+01 7.878257739766713996e+01 1.038829525632145447e+02 1.233375069586950872e+02 1.129659792077343781e+02 8.519875224351326892e+01 1.033495446807182816e+02 8.027424423391153141e+01 6.682539819916237889e+01 1.121922746093119088e+02 6.231532126518214909e+01 1.320268883696633111e+02
4.720588235294117112e+02 5.110656561684544386e+01 3.645983027422911960e+01 6.373986943964464302e+01 4.161676503947231964e+01 3.371776436271949962e+01 3.802731895988551969e+01 4.518845512468795533e+01 1.462098511300702626e+02 6.245858480839976323e+01 8.504494868849833722e+01 1.965223474616141459e+02 1.302433676172298078e+02 1.007529840891570529e+02 7.601236667444780437e+01 2.464076934537608281e+02 1.540873567512927593e+02 2.297352224236373957e+02 7.315504789856196055e+01 2.270457974240435703e+02 7.694549563139153747e+01 7.987335331506052682e+01 1.145076440795426578e+02 2.036352801642776171e+02 2.084493090200936933e+02 7.292491514867029423e+01 7.028304727398288776e+01 7.979869100169709384e+01 1.379829622607190345e+02 1.182602936251405623e+02 2.331606086705849066e+02 4.346370959742021967e+01 4.516771105860145497e+01 1.163951686192893789e+02 1.632140685955114634e+02 1.205331267759681424e+02 4.514884610070418347e+01 7.467294936430158714e+01 1.679102036806823435e+02 5.130831613757635523e+01 6.446106777014702516e+01 2.171176951843611107e+02 8.010543167343627147e+01 8.743182454147807903e+01 9.153258768309916604e+01 8.196255603061428019e+01 1.321384952223024243e+02 3.757320887852822722e+01 7.602557859508047500e+01 4.786266119939860175e+01 6.852410476529460936e+01 1.573401686940084119e+02 1.123196034727904333e+02 8.494113765615902878e+01 1.095648780812183105e+02 4.140882605880111811e+01 5.595907729932954311e+01 8.763970032513465469e+01 1.576912159791622514e+02 7.411607036100713231e+01 1.275287690160857039e+02 1.238590973250188085e+02 8.808439570550721953e+01 1.151787618683871273e+02 2.475681287739588470e+02 1.416502151338361273e+02 2.897925564661409794e+02 2.488625676201914985e+02 1.045805631062025896e+02 1.341942508100616749e+02 1.186289453893052723e+02 2.520158624766178264e+02 4.908180549279263971e+01 5.620135406101108089e+01 1.151486294940348358e+02 7.126089945362716094e+01 6.631491245745230856e+01 6.296495562708671656e+01 9.297110613579359040e+01 1.161252943279525738e+02 8.398133070849252135e+01 7.135748133809902072e+01 8.560292246697746066e+01 7.877810803687403052e+01 1.223030634279390227e+02 9.321739756943210864e+01 9.402160563946628713e+01 8.153846222677400135e+01 1.168267760634409314e+02 8.708797340227242501e+01 9.983197195531606383e+01 8.344890044351447500e+01 8.453386975016118754e+01 6.533351029290821543e+01 8.545191024322447504e+01 9.206654956563818359e+01 1.307920211004909561e+02 7.167183388020175983e+01 8.695323002235770105e+01 8.604397601036789922e+01 6.925711654401065687e+01 9.135324188113797561e+01 1.091810694265003150e+02 9.985674070577184125e+01 7.492758677200154693e+01 9.128681392589615484e+01 7.038256945504660678e+01 5.856884259490210098e+01 9.881020270031258690e+01 5.454189508594908631e+01 1.166370606510230914e+02
4.729411764705882888e+02 4.454789201257662512e+01 3.165258221629309077e+01 5.585600038095791575e+01 3.628456474088544326e+01 2.930551662513598998e+01 3.302113854139032156e+01 3.949966549041048580e+01 1.296508088073973113e+02 5.481799674495550079e+01 7.485640232865733878e+01 1.753165577022868717e+02 1.153774064220734061e+02 8.896829733637318327e+01 6.686793847058522999e+01 2.207440985685314274e+02 1.368034204083614043e+02 2.054143555893951714e+02 6.430427437055419659e+01 2.029809644513863418e+02 6.771201104658784686e+01 7.017367363504419586e+01 1.012857081525809093e+02 1.815855303864105679e+02 1.861953870662642885e+02 6.387365866038471296e+01 6.176823359128826496e+01 7.009964852825939374e+01 1.223163090077390933e+02 1.046726765935405865e+02 2.085404212324216076e+02 3.797492126021374759e+01 3.948295709871471360e+01 1.026703230069080206e+02 1.450938237149753718e+02 1.066385202991201453e+02 3.939878049469237453e+01 6.554861501951417324e+01 1.494275191434154806e+02 4.472012138668706882e+01 5.661260308489544002e+01 1.941658470733650859e+02 7.056738564814861547e+01 7.690875905833142667e+01 8.047144183712032373e+01 7.205745592844037617e+01 1.170249104122171957e+02 3.263475614286993931e+01 6.682911672602367048e+01 4.187181541539978014e+01 6.023379396620651249e+01 1.394861708539052927e+02 9.921123753548677371e+01 7.462424041111198392e+01 9.674077282881947326e+01 3.606898868953115311e+01 4.897793422065325331e+01 7.713380504922280068e+01 1.401992977232310125e+02 6.519487017858961053e+01 1.128969440123809846e+02 1.096436915693480074e+02 7.734385806448428013e+01 1.016612015069389372e+02 2.215604380925819328e+02 1.256657381926886927e+02 2.603786757665104119e+02 2.227476833035154868e+02 9.232264264179306679e+01 1.189109329963911961e+02 1.049402795055544431e+02 2.256195879000813420e+02 4.287541856964702447e+01 4.917948812777090239e+01 1.018728896610069512e+02 6.265887874579499339e+01 5.816899443488439658e+01 5.525328680190754937e+01 8.170811815224162444e+01 1.026949593918969441e+02 7.384979963237250900e+01 6.265182495357328918e+01 7.513469043981714890e+01 6.931449855046638220e+01 1.078987728046130883e+02 8.195265287159288903e+01 8.265644717091298332e+01 7.166069778107996058e+01 1.033249404929241280e+02 7.667702410652992739e+01 8.783837095145008789e+01 7.321898359698137426e+01 7.442042080159249906e+01 5.724891251748778132e+01 7.520850456042255416e+01 8.111113629045669882e+01 1.159369514787185977e+02 6.287809449259452776e+01 7.637656074014594765e+01 7.557086224873690128e+01 6.080405024284971915e+01 8.023003511431446100e+01 9.652106759648631851e+01 8.815197067302146650e+01 6.580872632103556441e+01 8.052554844485958085e+01 6.163000091282296466e+01 5.126612647178490079e+01 8.691034965627849829e+01 4.767674444394452138e+01 1.029050353501625779e+02
4.738235294117646959e+02 3.878197160700148771e+01 2.744495020062385038e+01 4.888461260204999093e+01 3.159565761323237609e+01 2.543881898579430967e+01 2.863827117912552822e+01 3.448316220345592598e+01 1.148149349255293288e+02 4.805021755560584751e+01 6.580303231704066036e+01 1.561883959929183163e+02 1.020732861674703571e+02 7.845921734608066345e+01 5.874745540031280910e+01 1.974840349141477702e+02 1.212968406329790838e+02 1.834193475874920694e+02 5.645131847745908971e+01 1.812210040141624461e+02 5.950933779111320376e+01 6.157239443397534018e+01 8.947268058143072267e+01 1.617055670250489641e+02 1.660925455665820039e+02 5.587430374340874550e+01 5.421491574031533389e+01 6.150007470602647430e+01 1.082850111038027165e+02 9.252418315346504585e+01 1.862670205137995652e+02 3.313717235390759441e+01 3.446981458903172069e+01 9.044571049336188651e+01 1.288133148876203506e+02 9.422150567030547563e+01 3.433755447581572895e+01 5.746516442242256772e+01 1.328014628618626602e+02 3.892876096543239584e+01 4.965567301660524890e+01 1.734048870038746770e+02 6.208422649069490262e+01 6.756466304794284383e+01 7.065554774776794034e+01 6.326751966215034884e+01 1.035032245152142139e+02 2.831003997127780281e+01 5.866922814381334206e+01 3.658416498612345436e+01 5.287809093606950483e+01 1.234945086244835011e+02 8.751792797401800783e+01 6.547588061026768003e+01 8.530593042351289057e+01 3.137822906886782803e+01 4.281303623655986001e+01 6.779931290197308158e+01 1.244814081390670140e+02 5.727327717482987168e+01 9.981216041765472369e+01 9.693189663166495507e+01 6.782552008671991928e+01 8.961281666530599921e+01 1.980155858009285055e+02 1.113372128535227006e+02 2.336290701816747060e+02 1.991023036031698439e+02 8.139491166713287384e+01 1.052289835486863154e+02 9.270906852214946525e+01 2.017134423498446836e+02 3.740632071326800911e+01 4.298008003616453010e+01 9.000916908118389870e+01 5.502399743240167140e+01 5.095819326985251507e+01 4.842378995664718389e+01 7.171688457417317863e+01 9.069855304100003934e+01 6.485656738730490645e+01 5.493745156957398734e+01 6.586178689454871460e+01 6.090875979962372355e+01 9.506671500370930517e+01 7.195608100893890935e+01 7.257120089073907820e+01 6.289824674538937188e+01 9.126341541428909920e+01 6.742304648170916437e+01 7.718555677168500040e+01 6.416060135437041367e+01 6.543192838233828468e+01 5.010052424857695996e+01 6.610720422470436120e+01 7.136645942292197731e+01 1.026331473369475304e+02 5.509244857415890095e+01 6.699993422369597340e+01 6.628699545558885120e+01 5.331400137982041798e+01 7.037041762028032110e+01 8.521702556614782509e+01 7.771743404488722717e+01 5.772517352525999002e+01 7.094018972525859112e+01 5.389694412510159083e+01 4.481670130996484858e+01 7.634469941006138072e+01 4.162273986256520431e+01 9.067121159019809795e+01
4.747058823529412166e+02 3.372037867508657882e+01 2.376742226370205557e+01 4.272930258892338884e+01 2.747845618490171660e+01 2.205509860108459819e+01 2.480661526260890071e+01 3.006602976065718735e+01 1.015438870082378600e+02 4.206455990062271866e+01 5.777062010309658291e+01 1.389623558251195732e+02 9.018561538857947824e+01 6.910216543214696117e+01 5.154722215719922929e+01 1.764374212370689747e+02 1.074069295898747214e+02 1.635604868488426007e+02 4.949424115351367703e+01 1.615774976328315518e+02 5.223349083283416405e+01 5.395665681094651944e+01 7.893488766536253820e+01 1.438109501678393656e+02 1.479625727413060758e+02 4.881513863090437866e+01 4.752466067871830546e+01 5.388685017336015903e+01 9.573816301007012441e+01 8.167937664498951733e+01 1.661499065002089424e+02 2.887952636371943527e+01 3.005546801647499322e+01 7.957410178173620352e+01 1.142091196606106820e+02 8.314227204283281480e+01 2.988917839734456194e+01 5.031463484302638278e+01 1.178695488717033442e+02 3.384528311716257321e+01 4.349830750484326103e+01 1.546565965446717996e+02 5.455082821127698622e+01 5.928005652747782506e+01 6.195791919749023435e+01 5.547901899341760412e+01 9.142473837510929968e+01 2.452822706909543626e+01 5.144004288857912144e+01 3.192408835688030067e+01 4.636151758138223045e+01 1.091935008297045329e+02 7.710307628808551783e+01 5.737596080087035233e+01 7.512561390767729108e+01 2.726364198707636533e+01 3.737703392960555249e+01 5.951824699118237305e+01 1.103801988733825823e+02 5.024997433787949319e+01 8.812916557806137519e+01 8.558246106774322470e+01 5.940301680788424932e+01 7.889050423523023881e+01 1.767355739925927764e+02 9.851339988285916149e+01 2.093434676131033427e+02 1.777283077751758071e+02 7.166807230632321080e+01 9.299987470664487432e+01 8.179718235643042590e+01 1.800983605691545506e+02 3.259402351124854391e+01 3.751491967856401288e+01 7.942382991320526742e+01 4.825779647764397140e+01 4.458473701747040252e+01 4.238463972667775437e+01 6.286721830013185297e+01 7.999967004392732406e+01 5.688585584161234721e+01 4.811178642155348939e+01 5.766007917977550079e+01 5.345399803245518200e+01 8.365288767349200327e+01 6.309835802456687759e+01 6.363528888849796061e+01 5.513694065106788145e+01 8.050534697894278224e+01 5.921001789025858386e+01 6.773803450478547461e+01 5.615163718263517012e+01 5.745544406151508099e+01 4.378936869505325546e+01 5.803298709910572484e+01 6.271197945798034823e+01 9.073738272230652058e+01 4.820967882893167911e+01 5.869973990835999444e+01 5.806975098168672389e+01 4.668725442539472681e+01 6.164403011563082657e+01 7.513940931069511464e+01 6.842965158656535607e+01 5.057019760970473499e+01 6.241538671767506941e+01 4.707481509686805765e+01 3.912932768024035113e+01 6.697791117596254651e+01 3.629192704866425601e+01 7.978892299165245561e+01
4.755882352941176805e+02 2.928343759560136306e+01 2.055773384156239914e+01 3.730250412329549903e+01 2.386843457940159041e+01 1.909821418211061328e+01 2.146156409799306175e+01 2.618229186831594646e+01 8.969098893294543018e+01 3.677844981279092451e+01 5.065468641264618554e+01 1.234740171384406722e+02 7.957995249773627222e+01 6.078349640718709423e+01 4.517247234389879651e+01 1.574246382946741107e+02 9.498451014776506440e+01 1.456592272236362646e+02 4.333999766228842532e+01 1.438731673358172145e+02 4.578938642711793960e+01 4.722353312444962370e+01 6.954904425372482990e+01 1.277290317255524741e+02 1.316380866315532785e+02 4.259476916188516071e+01 4.160765054225567638e+01 4.715682982759844322e+01 8.453605511045627452e+01 7.201320828073784241e+01 1.480096745106012861e+02 2.513784169113888467e+01 2.617402813403410278e+01 6.992034642487435292e+01 1.011291648785230706e+02 7.327182594430557572e+01 2.598506813470637411e+01 4.399869761065988882e+01 1.044802693700685694e+02 2.938954802387869236e+01 3.805667819559491249e+01 1.377531836421339619e+02 4.787089756929660922e+01 5.194575840112845100e+01 5.426261938022916809e+01 4.858812288070608076e+01 8.065201558631528655e+01 2.122582560359360926e+01 4.504492453643945282e+01 2.782307454222649312e+01 4.059692576536734521e+01 9.642417947445554205e+01 6.784100132194751609e+01 5.021495612612996950e+01 6.607593599054156641e+01 2.365960594048389964e+01 3.259073410995949871e+01 5.218270452020568229e+01 9.774921654870520626e+01 4.403238022448960720e+01 7.771380217867202589e+01 7.546493381799406563e+01 5.196120689508977364e+01 6.936276336182922364e+01 1.575337013568883151e+02 8.705408562170261177e+01 1.873313725663178673e+02 1.584388292180823328e+02 6.302327504611905340e+01 8.208619477879325643e+01 7.207720798274525009e+01 1.605864963965375978e+02 2.836576876999933461e+01 3.270405960428681169e+01 6.999357963944881078e+01 4.227036222662810871e+01 3.895968164729741545e+01 3.705224777305286210e+01 5.504032570380246625e+01 7.047255101998116800e+01 4.983192191848660002e+01 4.208137624549593170e+01 5.041653130699273788e+01 4.685249314818325672e+01 7.351588496429678798e+01 5.526141331675735557e+01 5.572950257176982802e+01 4.827260172191455467e+01 7.092454295076724691e+01 5.193175813708630528e+01 5.937193860534826229e+01 4.908095138126360268e+01 5.038761846108837261e+01 3.822555105382218699e+01 5.088065216980990613e+01 5.503726960716137739e+01 8.011707052656940675e+01 4.213404409235992176e+01 5.136328520874067749e+01 5.080735159294899717e+01 4.083296961119570057e+01 5.393205400978213504e+01 6.616886514362154514e+01 6.017512355782761801e+01 4.424650697848472447e+01 5.484524555085310737e+01 4.106509951327955577e+01 3.412127590742900196e+01 5.868632738853230535e+01 3.160471908648284156e+01 7.012348818839558362e+01
4.764705882352940876e+02 2.539954094052191991e+01 1.776024794056406009e+01 3.252489585073151801e+01 2.070758063794824366e+01 1.651791865501585832e+01 1.854536906444083399e+01 2.277240943004684581e+01 7.912081768858740816e+01 3.211691144121863317e+01 4.435993918142111880e+01 1.095699215749646953e+02 7.013238197373543414e+01 5.339902066212538045e+01 3.953685020098146907e+01 1.402766507920058814e+02 8.389155637627391116e+01 1.295481856822183602e+02 3.790390426335182639e+01 1.279418676763296077e+02 4.009033304526789721e+01 4.127942022515358644e+01 6.120180545175747966e+01 1.132988009986934230e+02 1.169624802792493057e+02 3.712141612477280006e+01 3.638216240430397619e+01 4.121622975470024386e+01 7.454976897333671104e+01 6.341058719093146578e+01 1.316780387801852044e+02 2.185427331888889313e+01 2.276603106810809862e+01 6.136075615256824989e+01 8.943241910197342293e+01 6.449153190862463703e+01 2.256348410522988601e+01 3.842805010707968449e+01 9.249285438580839980e+01 2.548953940903869153e+01 3.325459313412279272e+01 1.225372968611059008e+02 4.195649261581007750e+01 4.546228769070611264e+01 4.746410278668334826e+01 4.250030733304428310e+01 7.105843890482424285e+01 1.834606347061596665e+01 3.939591725885127005e+01 2.421922079617458223e+01 3.550499841930713529e+01 8.503983968494169687e+01 5.961642335124700764e+01 4.389326721374555973e+01 5.804333391463054426e+01 2.050720498106139544e+01 2.838253184249087013e+01 4.569428424078108719e+01 8.645261809281085164e+01 3.853614006016433535e+01 6.844255830286579112e+01 6.645922389334323555e+01 4.539547068775323169e+01 6.090912316609279031e+01 1.402346263753403264e+02 7.682971064597754207e+01 1.674123904449656095e+02 1.410583237225750395e+02 5.535160848838747683e+01 7.236123114289040359e+01 6.343198825455360179e+01 1.430013098907221831e+02 2.465595945830089875e+01 2.847523591721915892e+01 6.160502899932389198e+01 3.697982103875068560e+01 3.400233884484676139e+01 3.235073631684793583e+01 4.812811830919199707e+01 6.200161785304352691e+01 4.359846519611500781e+01 3.676131780552498896e+01 4.402850066862298917e+01 4.101517025244032055e+01 6.452625980593455779e+01 4.833775876483240097e+01 4.874532458716662120e+01 4.221044005497375196e+01 6.240500888056848083e+01 4.549137915340642735e+01 5.197436410519252803e+01 4.284767612246645996e+01 4.413416263201212075e+01 3.332764837444300809e+01 4.455426153595234950e+01 4.824146650580215834e+01 7.064987166414930186e+01 3.677866782708144910e+01 4.488812194041236836e+01 4.439819612404488680e+01 3.566862577648139876e+01 4.712649584733759411e+01 5.819576307834972084e+01 5.284984238024622982e+01 3.866566436402372631e+01 4.813284707169161436e+01 3.577866197216867761e+01 2.971773423744607356e+01 5.135729144472502128e+01 2.748929164824502891e+01 6.155160683780793818e+01
4.773529411764706083e+02 2.200447225933203299e+01 1.532535276143189584e+01 2.832479116598110025e+01 1.794385247051413046e+01 1.426933569403260016e+01 1.600651906607741637e+01 1.978277267056001065e+01 6.970868337838568607e+01 2.801202825752070069e+01 3.879967869669070524e+01 9.710727522422091340e+01 6.172899989897482698e+01 4.685346313788181050e+01 3.456185539582874355e+01 1.248349175811609229e+02 7.400071906676444655e+01 1.150709507632706163e+02 3.310907271143088337e+01 1.136283814562221153e+02 3.505748352601047912e+01 3.603939735714919834e+01 5.378924040334760548e+01 1.003705538950857203e+02 1.037896839278382402e+02 3.231219423247777911e+01 3.177401704814033323e+01 3.597998132975900631e+01 6.566066748441193113e+01 5.576586934461715828e+01 1.169976526203112854e+02 1.897677113557738338e+01 1.977793201540488610e+01 5.378241832390513366e+01 7.898847276502456793e+01 5.669256924351225280e+01 1.956897027912257414e+01 3.352177822217554848e+01 8.177688719162649988e+01 2.208068177690914169e+01 2.902296573315631889e+01 1.088618490444543596e+02 3.672749781993154983e+01 3.973922158415998496e+01 4.146651597428324010e+01 3.712972896930597955e+01 6.252767192678805941e+01 1.583828341965226372e+01 3.441315888966500580e+01 2.105672179297100755e+01 3.101371912165118871e+01 7.490545768632821932e+01 5.232387628650305800e+01 3.832053721538348867e+01 5.092397651315343410e+01 1.775365776977578847e+01 2.468783030239377396e+01 3.996346934566091846e+01 7.636476545784086056e+01 3.368458143482189371e+01 6.020202624933777003e+01 5.845507176412709782e+01 3.961097491346015431e+01 5.341949848940063106e+01 1.246742157618584912e+02 6.772089101363853558e+01 1.494163120102500386e+02 1.254224286429737560e+02 4.855352341812837835e+01 6.370845320663141109e+01 5.575408148032237676e+01 1.271774327406307208e+02 2.140558602615921302e+01 2.476327803724539933e+01 5.415417239509792324e+01 3.231180003201595952e+01 2.963968070713899650e+01 2.821138886620070352e+01 4.203248454406577395e+01 5.448092760847929128e+01 3.809799749946927250e+01 3.207465853833516434e+01 3.840300264726282364e+01 3.586103321936595734e+01 5.656581331509250532e+01 4.222977638891668306e+01 4.258420841830719894e+01 3.686441451238535905e+01 5.484040428540946976e+01 3.980068965928759184e+01 4.544264685172353069e+01 3.736048149691756493e+01 3.860926482417283268e+01 2.902208173608845954e+01 3.896653924559496573e+01 4.223267107663289011e+01 6.222321228477937183e+01 3.206490277074662032e+01 3.918133719599740061e+01 3.875015255370711742e+01 3.111943595075210922e+01 4.112943423874678928e+01 5.111966835308965784e+01 4.635874158120265065e+01 3.374747287834530596e+01 4.218971124975384868e+01 3.113503757337768363e+01 2.585120575174250490e+01 4.488841791191774178e+01 2.388097078027158204e+01 5.396068357476022470e+01
4.782352941176470722e+02 1.904076267347502949e+01 1.320889810488700711e+01 2.463754632832138824e+01 1.553066100559146712e+01 1.231246593005545087e+01 1.379915822232286793e+01 1.716521426179647491e+01 6.134007663930432841e+01 2.440241651572804216e+01 3.389520706746655776e+01 8.595359520255622954e+01 5.426537177441362303e+01 4.105991228829962125e+01 3.017629371544762407e+01 1.109512049889869871e+02 6.519481019058918037e+01 1.020818034042077045e+02 2.888585196017139367e+01 1.007881426703501120e+02 3.061929186529754787e+01 3.142659678531429890e+01 4.721628766894018980e+01 8.880549699969263600e+01 9.198386548480240776e+01 2.809241478637209610e+01 2.771603669389394753e+01 3.137109624487361259e+01 5.775985723570877184e+01 4.898232689179913280e+01 1.038218437575691127e+02 1.645859927052942595e+01 1.716161949527807096e+01 4.708250471053533914e+01 6.967706025390303637e+01 4.977536968430563746e+01 1.695181956812098889e+01 2.920673423261381885e+01 7.221188115463122870e+01 1.910519117840768288e+01 2.529929438319754453e+01 9.658976665972376452e+01 3.211109932423431701e+01 3.469456075409215856e+01 3.618300707651583537e+01 3.239860680996497422e+01 5.495309624511096303e+01 1.365737476727505317e+01 3.002430177786236598e+01 1.828537802241146082e+01 2.705785032468945772e+01 6.589708440636887588e+01 4.586710777282466012e+01 3.341498019047769930e+01 4.462316049063246481e+01 1.535177620078992611e+01 2.144848212724678760e+01 3.490901512980803290e+01 6.736977366707014880e+01 2.940817585500313669e+01 5.288833902703902368e+01 5.135150102832682961e+01 3.452195078666264294e+01 4.679353847568873448e+01 1.106992979094909089e+02 5.961790656929883170e+01 1.331830748191113685e+02 1.113777217206270791e+02 4.253824893609343860e+01 5.602096952855083600e+01 4.894520134992446003e+01 1.129604414613989434e+02 1.856167807369104494e+01 2.150953991377982888e+01 4.754585019695210946e+01 2.819889570143076796e+01 2.580576034592052181e+01 2.457211417489389405e+01 3.666457190363794894e+01 4.781361116707076775e+01 3.325121897099796087e+01 2.795180898321758178e+01 3.345599039252439866e+01 3.131660246577963136e+01 4.952687630599454849e+01 3.684901566369903492e+01 3.715686718571351577e+01 3.215660377779884271e+01 4.813348199876996603e+01 3.477960197747091797e+01 3.968365182316910733e+01 3.253685864774343628e+01 3.373501090886186660e+01 2.524250704809849566e+01 3.403827370315011791e+01 3.692734903521666467e+01 5.473377105191967473e+01 2.792170995581033921e+01 3.415885684797656552e+01 3.377986514619883707e+01 2.711777542853046796e+01 3.585228184854030786e+01 4.484879749864654030e+01 4.061513881419906369e+01 2.941937290615726042e+01 3.693525543690704893e+01 2.706174690444827036e+01 2.246092514282238639e+01 3.918687095850822288e+01 2.072164650881052239e+01 4.724814612694723337e+01
4.791176470588235361e+02 1.645708651616071094e+01 1.137167008007174474e+01 2.140499365099851659e+01 1.342638339858824814e+01 1.061172760732914000e+01 1.188254527806235039e+01 1.487654731079378045e+01 5.391010145331808445e+01 2.123271882331848914e+01 2.957525142189671641e+01 7.598630322091608491e+01 4.764598251871920809e+01 3.593927396005620523e+01 2.631574256898874253e+01 9.848733613508484552e+01 5.736626798397251292e+01 9.044537982184057512e+01 2.517128817038964073e+01 8.928689255419487836e+01 2.671098424402281424e+01 2.737159405515687638e+01 4.139620924508526656e+01 7.847530773499063628e+01 8.141906389094430097e+01 2.439491860709828330e+01 2.414751919930960256e+01 2.732005370428727886e+01 5.074763804998011807e+01 4.297161196005649941e+01 9.201428786768914847e+01 1.425788077843687063e+01 1.487395466102716135e+01 4.116758916015636061e+01 6.138756205038655622e+01 4.364905234596284345e+01 1.466756922173508748e+01 2.541693574555629098e+01 6.368681680686335511e+01 1.651146667690881031e+01 2.202715939665230138e+01 8.559367573621430836e+01 2.804127102285830020e+01 3.025411203808954852e+01 3.153505630431445539e+01 2.823662234221090728e+01 4.823724055813121225e+01 1.176324519667623747e+01 2.616395268166653665e+01 1.586012784695259548e+01 2.357842675059084314e+01 5.790122129486609026e+01 4.015848320583403819e+01 2.910273245885781535e+01 3.905471256881633479e+01 1.325945749936567353e+01 1.861225611742870711e+01 3.045735130737545049e+01 5.936103307727062628e+01 2.564401458525564337e+01 4.640660073138812436e+01 4.505626246960940762e+01 3.005099901778050508e+01 4.093998018973676523e+01 9.816735448900303140e+01 5.242017395193331453e+01 1.185626403027560798e+02 9.878141656549566108e+01 3.722321301363992063e+01 4.920097396518484345e+01 4.291565496064131935e+01 1.002065625846712464e+02 1.607678493006223519e+01 1.866135871026662230e+01 4.169320784526748014e+01 2.458015738949420381e+01 2.244115430522052179e+01 2.137692985110755473e+01 3.194409251150813134e+01 4.191130994194796244e+01 2.898641301134743031e+01 2.432997727962252199e+01 2.911166305289163958e+01 2.731536802206176517e+01 4.331160076112318080e+01 3.211551166482366426e+01 3.238258447287823572e+01 2.801659702616403891e+01 4.219552587655640252e+01 3.035555335116463738e+01 3.461307874716985111e+01 2.830243029054588533e+01 2.944081841296042867e+01 2.192923201104866848e+01 2.969773548088999604e+01 3.224974391377337213e+01 4.808695574150523555e+01 2.428506308866733221e+01 2.974477295264463805e+01 2.941208454322018540e+01 2.360263015905242767e+01 3.121507216009702645e+01 3.929947488607010087e+01 3.554018199116402599e+01 2.561585992940211298e+01 3.229626111376563813e+01 2.349364321211117357e+01 1.949230382419607466e+01 3.416866300781043719e+01 1.795921524863748076e+01 4.132077167191127387e+01
4.800000000000000000e+02 1.420769548311834818e+01 9.778906196172620469e+00 1.857490344840156027e+01 1.159390828473223678e+01 9.135529776503382493e+00 1.022055230455017316e+01 1.287812953709238428e+01 4.732290356923632402e+01 1.845311898204984402e+01 2.577540669251275318e+01 6.709229195527157685e+01 4.178368535016470275e+01 3.141973394920216123e+01 2.292203493998316688e+01 8.731488108320722574e+01 5.041661285825301775e+01 8.003628565195849376e+01 2.190860506299997823e+01 7.900028895911320603e+01 2.327404747450621514e+01 2.381182310461836948e+01 3.625004868929362800e+01 6.926166100409992055e+01 7.197879937628260905e+01 2.115944381263367902e+01 2.101373371137020385e+01 2.376421158013531354e+01 4.453294902395233379e+01 3.765322317220628889e+01 8.144863607787453930e+01 1.233716888484639185e+01 1.287633609856584371e+01 3.595298127023363577e+01 5.401848971896434648e+01 3.823086232210250301e+01 1.267652772517041448e+01 2.209299218065546810e+01 5.609966343445498893e+01 1.425351977867245346e+01 1.915574126908406782e+01 7.575555051109934368e+01 2.445827632023782883e+01 2.635089299039550781e+01 2.745183218517443535e+01 2.458034276383249050e+01 4.229121017038244901e+01 1.012033051287623309e+01 2.277313279709818516e+01 1.374060524257215654e+01 2.052226895590564482e+01 5.081419277275127655e+01 3.511839918526627713e+01 2.531722992207895473e+01 3.414040179881266113e+01 1.143921100655832035e+01 1.613233318033348951e+01 2.654200501329792772e+01 5.224071704170077624e+01 2.233530421360330109e+01 4.067031934573188323e+01 3.948528202177412538e+01 2.612842304516373559e+01 3.577601707098365580e+01 8.694615535751222524e+01 4.603571280969107704e+01 1.054148012780901524e+02 8.750100553889706134e+01 3.253347558053894062e+01 4.315919064790376325e+01 3.758378546792709329e+01 8.878231772232884111e+01 1.390848696362511916e+01 1.617154214639227305e+01 3.651715882181997586e+01 2.140059033286540213e+01 1.949243192486370546e+01 1.857546954187465005e+01 2.779865571634979204e+01 3.669361815370422875e+01 2.523886319341777451e+01 2.115262660310992970e+01 2.530180296048207822e+01 2.379726124371500617e+01 3.783126645710125757e+01 2.795712890379098070e+01 2.818855115756399954e+01 2.438090877521869970e+01 3.694579327130712443e+01 2.646294497998633233e+01 3.015479298566059896e+01 2.459029266716454387e+01 2.566288857043850413e+01 1.902866266895224712e+01 2.588011455490714852e+01 2.813130700039346976e+01 4.219637683277962736e+01 2.109737922286037559e+01 2.587069880283537060e+01 2.557902691961335861e+01 2.051906907133543712e+01 2.714577704428915794e+01 3.439559550933790177e+01 3.106230757603880122e+01 2.227792602767265961e+01 2.820635260272644729e+01 2.037229282408706155e+01 1.689640404809111374e+01 2.975797841668813959e+01 1.554705511815458152e+01 3.609402770327854881e+01
4.808823529411765207e+02 1.225189259758300153e+01 8.399847813305010291e+00 1.610047375444961659e+01 1.000021089261429275e+01 7.855877843302683239e+00 8.781202604086084662e+00 1.113545471027496170e+01 4.149109869522013838e+01 1.601888158748821311e+01 2.243759938349983329e+01 5.916746325279501661e+01 3.659915514234835854e+01 2.743623489721481690e+01 1.994276510177803274e+01 7.731480331438277176e+01 4.425589802990040766e+01 7.073867815624535638e+01 1.904670584598921579e+01 6.981348928103129481e+01 2.025573805276213335e+01 2.069101831055120400e+01 3.170609798914055233e+01 6.105573142122209163e+01 6.355564282078180582e+01 1.833202784630545423e+01 1.826543772201174320e+01 2.064724536866827620e+01 3.903281671398228525e+01 3.295397844720944391e+01 7.200810282623704950e+01 1.066304549540031488e+01 1.113429246670303208e+01 3.136207959655859057e+01 4.747696128871657351e+01 3.344561717641326481e+01 1.094333253526733962e+01 1.918155766281999064e+01 4.935688549882866027e+01 1.229044386399677613e+01 1.663936125527749965e+01 6.696632246052266169e+01 2.130818668345290590e+01 2.292456068404513658e+01 2.386957431040626432e+01 2.137266838005995950e+01 3.703412127902797835e+01 8.697143013667005818e+00 1.979876177051817976e+01 1.189072361152604884e+01 1.784151732363316256e+01 4.454152031402696110e+01 3.067471039471755390e+01 2.199861310050631857e+01 2.980936711095925773e+01 9.857716852658013451e+00 1.396683028554498129e+01 2.310304540011100016e+01 4.591927946802429972e+01 1.943088165332187245e+01 3.560084489742835956e+01 3.456211314854529348e+01 2.269159478689906351e+01 3.122668260983310162e+01 7.691335376594527418e+01 4.038061117571904646e+01 9.360892785537276950e+01 7.741385735995424966e+01 2.840117437035328152e+01 3.781432114033281522e+01 3.287542249093061741e+01 7.856413332824524787e+01 1.201893776939947855e+01 1.399788613009538452e+01 3.194585566585352865e+01 1.861067950146229322e+01 1.691165006482628996e+01 1.612251376184861229e+01 2.416312938429818757e+01 3.208753447497095834e+01 2.195029495296810396e+01 1.836895943936326248e+01 2.196514537268851441e+01 2.070814803390481629e+01 3.300560898924568676e+01 2.430893355757821439e+01 2.450923057204861522e+01 2.119241922965306557e+01 3.231096672615511523e+01 2.304260233536701108e+01 2.624018207473672604e+01 2.134039018045712766e+01 2.234367949754164329e+01 1.649277899891997023e+01 2.252697954768293798e+01 2.451014687183161556e+01 3.698332212713983580e+01 1.830697793424342734e+01 2.247515382352668212e+01 2.221976117147936591e+01 1.781774134870236992e+01 2.357965467011099747e+01 3.006809770554228578e+01 2.711671194890089964e+01 1.935252777938734070e+01 2.460549047343564055e+01 1.764538990262959572e+01 1.462944303610710151e+01 2.588652489058982553e+01 1.344353259229718844e+01 3.149143288550929398e+01
4.817647058823529278e+02 1.055354253759913341e+01 7.207328511841688545e+00 1.393985022609859215e+01 8.615959169424602493e+00 6.748009877605867679e+00 7.536245391846770225e+00 9.617769289343002015e+00 3.633520680445516859e+01 1.388991466189596125e+01 1.950957485338780728e+01 5.211625071100402096e+01 3.202034915496317069e+01 2.392996847999595289e+01 1.733081568560984564e+01 6.837706813502242653e+01 3.880216131796243673e+01 6.244581425934118357e+01 1.653970086457913169e+01 6.162069683307839085e+01 1.760861220718854270e+01 1.795868367954389200e+01 2.769937655134251386e+01 5.375767976932595360e+01 5.605076591053187229e+01 1.586444514831799601e+01 1.585841777433639521e+01 1.791861454673005838e+01 3.417180926821638565e+01 2.880749849987066469e+01 6.358502293928608395e+01 9.205745036668572467e+00 9.617099733616255364e+00 2.732574776010498496e+01 4.167817258027576344e+01 2.922516674343003729e+01 9.436538160697180544e+00 1.663481372531637348e+01 4.337294172786339885e+01 1.058592177789175182e+01 1.443704499495698634e+01 5.912546313749793114e+01 1.854241989475500318e+01 1.992086682469576786e+01 2.073100645197995462e+01 1.856230667505399268e+01 3.239254520886711930e+01 7.465855046637677184e+00 1.719316650372183375e+01 1.027828529885245423e+01 1.549318901602173248e+01 3.899730291544464222e+01 2.676217346897802329e+01 1.909316263753758136e+01 2.599756209464656109e+01 8.485418075120715997e+00 1.207835442570354090e+01 2.008655327902997101e+01 4.031494869534061110e+01 1.688475184679579044e+01 3.112681943581581834e+01 3.021740149615635929e+01 1.968435223492223329e+01 2.722425475157393748e+01 6.795604518973644304e+01 3.537849389141160827e+01 8.302365162618187355e+01 6.840678108257560552e+01 2.476499034075163408e+01 3.309249976586890796e+01 2.872334574150258035e+01 6.943790578307596206e+01 1.037443623265425252e+01 1.210272151964701060e+01 2.791417257711282218e+01 1.616593575774382430e+01 1.465587702557730587e+01 1.397754657075761919e+01 2.097903298970718566e+01 2.802692661935597584e+01 1.906834271071999254e+01 1.593342752876812796e+01 1.904678150795318814e+01 1.799934370378016268e+01 2.876216903665965674e+01 2.111259524324657377e+01 2.128575387769567939e+01 1.839984154917808112e+01 2.822461863338353538e+01 2.004125802255408217e+01 2.280754172032090921e+01 1.849892315247247865e+01 1.943140093266849178e+01 1.427864093444039817e+01 1.958575921579268808e+01 2.133050111295203521e+01 3.237623835348500023e+01 1.586757006268189407e+01 1.950297873804014870e+01 1.927962843931811676e+01 1.545439974352135160e+01 2.045863165881909040e+01 2.625444922418584426e+01 2.364483977078841903e+01 1.679208110909858931e+01 2.143948397959047725e+01 1.526620702420646225e+01 1.265232717719454136e+01 2.249291459467852405e+01 1.161154128523185136e+01 2.744393838999346258e+01
4.826470588235293917e+02 9.080619600473266217e+00 6.177397420060607658e+00 1.205567592234769414e+01 7.415148960034481540e+00 5.790062812051707475e+00 6.460766293314209818e+00 8.297716802819017801e+00 3.178309820232052019e+01 1.203035936628218394e+01 1.694441016130346966e+01 4.585113254054853371e+01 2.798198283152507670e+01 2.084788723907591290e+01 1.504391029740271080e+01 6.040022492076461447e+01 3.398088583823219722e+01 5.505958282103991053e+01 1.434645890261448109e+01 5.432469201515042556e+01 1.529008019366760784e+01 1.556959140335778002e+01 2.417112732037085365e+01 4.727613068020814779e+01 4.937347676594764323e+01 1.371368019200095745e+01 1.375305575225735844e+01 1.553305936344184879e+01 2.988150311053270514e+01 2.515370532398118897e+01 5.608038957100112754e+01 7.938805591290774899e+00 8.297426528987156047e+00 2.378171747035085914e+01 3.654487368967173921e+01 2.550786815703683885e+01 8.128234636666384461e+00 1.440998080440192552e+01 3.806978501991918762e+01 9.107770002032566481e+00 1.251211143798687075e+01 5.214054784035106849e+01 1.611729989725072798e+01 1.729114045465468408e+01 1.798478069965609905e+01 1.610327447445125770e+01 2.829996726891317493e+01 6.401917734588168152e+00 1.491361635362321891e+01 8.874617490867578340e+00 1.343875826256236294e+01 3.410361182052228202e+01 2.332191183315540428e+01 1.655276532786863086e+01 2.264722223919141442e+01 7.296143686299767950e+00 1.043358466922745897e+01 1.744411621429829395e+01 3.535322484444635194e+01 1.465564972648390452e+01 2.718364137468241637e+01 2.638836314483137002e+01 1.705643165906095149e+01 2.370768499882213476e+01 5.997030324582278382e+01 3.096000183414445317e+01 7.354652011160170844e+01 6.037556465038856146e+01 2.156963326402210868e+01 2.892676248650338877e+01 2.506676510014993653e+01 6.129854580981583467e+01 8.945029062838772305e+00 1.045249130663849435e+01 2.436320413835263210e+01 1.402646667090721166e+01 1.268674344150099209e+01 1.210433753223200348e+01 1.819396368043984680e+01 2.445201433440652750e+01 1.654604610398407516e+01 1.380527061243771492e+01 1.649759653650366076e+01 1.562715362318606438e+01 2.503567076005582948e+01 1.831582051633837338e+01 1.846534804236671334e+01 1.595721855042677007e+01 2.462669355027662732e+01 1.741106030846342989e+01 1.980149267167081106e+01 1.601779111263592981e+01 1.687953506778859492e+01 1.234792560703657749e+01 1.700925196509049186e+01 1.854223292474949503e+01 2.831022404334665765e+01 1.373777690526051209e+01 1.690478489396057427e+01 1.670969414178180301e+01 1.338945139018756869e+01 1.773071983429516507e+01 2.289815172699658419e+01 2.059389373057623729e+01 1.455398370439359113e+01 1.865952272120756561e+01 1.319308035417979674e+01 1.093021693661005145e+01 1.952207794675276986e+01 1.001807202995239443e+01 2.388933651708527606e+01
4.835294117647059124e+02 7.804792425598654937e+00 5.288975751935057978e+00 1.041467174066353074e+01 6.374768552926195042e+00 4.962767276570259511e+00 5.532831996753658999e+00 7.151007894397682918e+00 2.776945639410481803e+01 1.040820488593381299e+01 1.470005415233054613e+01 4.029214317490607300e+01 2.442502296450393828e+01 1.814223998868322596e+01 1.304419150785100889e+01 5.329097228080149762e+01 2.972447332495548267e+01 4.849002658803133414e+01 1.243018715637700922e+01 4.783635472586364301e+01 1.326198625040705359e+01 1.348331234952133251e+01 2.106833306681819096e+01 4.152765168659549033e+01 4.344075003500441312e+01 1.184143843138988039e+01 1.191392108455129950e+01 1.345012818246228470e+01 2.609996652844872855e+01 2.193833998602916679e+01 4.940338104645346817e+01 6.838745991422905846e+00 7.151004512264150570e+00 2.067402086766944436e+01 3.200685381494592008e+01 2.223808349604181345e+01 6.993695452465610529e+00 1.246886230934684470e+01 3.337636794596582490e+01 7.827520393866307380e+00 1.083178687171502652e+01 4.592681055617993024e+01 1.399364092400702297e+01 1.499180204122463600e+01 1.558495451632886919e+01 1.395442968812867868e+01 2.469626472612247881e+01 5.483712862473216099e+00 1.292188609366097651e+01 7.654234338907787816e+00 1.164376253317854726e+01 2.978990442195791033e+01 2.030090537208953094e+01 1.433441409367003239e+01 1.970635633488714689e+01 6.266762714555230041e+00 9.002885802503099555e+00 1.513235357227355848e+01 3.096638566775373391e+01 1.270662698059420670e+01 2.371295136392347302e+01 2.301828408465183529e+01 1.476293659197889951e+01 2.062205370229905199e+01 5.286070297869753887e+01 2.706228505736111956e+01 6.507361559191474498e+01 5.322450115004562576e+01 1.876535210731427838e+01 2.525653257219106962e+01 2.185082199513954393e+01 5.404950735873060808e+01 7.704143760060991220e+00 9.017358533544150845e+00 2.123978435833622669e+01 1.215657194565936017e+01 1.097002435117039632e+01 1.047055170963299098e+01 1.576105685908280130e+01 2.130887311741601664e+01 1.434137502975814371e+01 1.194808423001883746e+01 1.427374368065266452e+01 1.355243988919726128e+01 2.176743019270463719e+01 1.587182157019856454e+01 1.600079844754293390e+01 1.382345025865967436e+01 2.146301189636787399e+01 1.510910876338585140e+01 1.717243149330237273e+01 1.385407261513305421e+01 1.464638326843060234e+01 1.066649656633878962e+01 1.475516168683093099e+01 1.610035468936204595e+01 2.472653891932539238e+01 1.188068103581773727e+01 1.463643657516428576e+01 1.446623420580992914e+01 1.158753758413222457e+01 1.534946964562807992e+01 1.994826548661923482e+01 1.791636598678178416e+01 1.260016894826158662e+01 1.622173314446813919e+01 1.138893193483754729e+01 9.432122936400199720e+00 1.692471144326793819e+01 8.633816060365552048e+00 2.077169808257504968e+01
4.844117647058823195e+02 6.701041824847197681e+00 4.523544073292252499e+00 8.987246640000847719e+00 5.474490434167914366e+00 4.249169281924539909e+00 4.733166661637498329e+00 6.156115619029055352e+00 2.423525900892777329e+01 8.994929758058427538e+00 1.273889532207181574e+01 3.536638783203262193e+01 2.129620051677678916e+01 1.577012931726276435e+01 1.129782408506037505e+01 4.696371144191844138e+01 2.597173281504314701e+01 4.265485839709254634e+01 1.075803643625084760e+01 4.207418120409656837e+01 1.149021298718361450e+01 1.166377531118734368e+01 1.834325331018549221e+01 3.643623483580667255e+01 3.817675503842713880e+01 1.021369058810638286e+01 1.030938860205413121e+01 1.163373576923418184e+01 2.277126133224173543e+01 1.911249992424705013e+01 4.347088072629293976e+01 5.884767688846497258e+00 6.156324375984618236e+00 1.795245302587789027e+01 2.800043881608210938e+01 1.936569741709380921e+01 6.011053672738589704e+00 1.077741790639215935e+01 2.922815786187229747e+01 6.720035706055687896e+00 9.366844900881513780e+00 4.040669219612661323e+01 1.213635474486535770e+01 1.298390565078423187e+01 1.349050100191199242e+01 1.207903233083473538e+01 2.152720592273855615e+01 4.692235667464446536e+00 1.118384667883501571e+01 6.594524335607437671e+00 1.007743316179975679e+01 2.599245829328576463e+01 1.765150352430776337e+01 1.239973888332069230e+01 1.712826396319081823e+01 5.376867066140588847e+00 7.759948403158654529e+00 1.311246895591157369e+01 2.709300443930136382e+01 1.100466470438094113e+01 2.066213789432184456e+01 2.005603913544160477e+01 1.276384019754475752e+01 1.791805408355571316e+01 4.653983354263512240e+01 2.362851289814410904e+01 5.750915033808905719e+01 4.686590418642141032e+01 1.630746963818719308e+01 2.202712645242819889e+01 1.902611227031363228e+01 4.760230496166904857e+01 6.628249238692617951e+00 7.770841969730380328e+00 1.849602579319558160e+01 1.052436460930612760e+01 9.475248482962067342e+00 9.047384888476850406e+00 1.363848131547280751e+01 1.854896000588525240e+01 1.241678474653545727e+01 1.032941593533772995e+01 1.233615301465623482e+01 1.174021414702356481e+01 1.890479463514548186e+01 1.373881621640509643e+01 1.384994404593360073e+01 1.196185067937924273e+01 1.868479439861201286e+01 1.309701694713366571e+01 1.487601434310266768e+01 1.196953971271696560e+01 1.269463980819537596e+01 9.204002760383028559e+00 1.278566171200978374e+01 1.396457820580638121e+01 2.157213081867011439e+01 1.026340700702062669e+01 1.265856787564959873e+01 1.251025418702347558e+01 1.001714046715875384e+01 1.327345890114997751e+01 1.735895599530051925e+01 1.556959432695678558e+01 1.089668704943579058e+01 1.408675741152467609e+01 9.820825465171806101e+00 8.130530791494996024e+00 1.465675873522734385e+01 7.432796747482401933e+00 1.804083836058909185e+01
4.852941176470587834e+02 5.747311865419756138e+00 3.864858755472020846e+00 7.747136327904956765e+00 4.696389258937966993e+00 3.634377102618997046e+00 4.044858262067702270e+00 5.293995022140380868e+00 2.112728062926862904e+01 7.765167916161704653e+00 1.102735628985753635e+01 3.100756303688879711e+01 1.854754455904292598e+01 1.369309313061107325e+01 9.774625072214762511e+00 4.134009291603131686e+01 2.266738869945963231e+01 3.747897806120797526e+01 9.300733143236621814e+00 3.696380202765098488e+01 9.944311605853258129e+00 1.007885733713998988e+01 1.595298517966707941e+01 3.193278817966216110e+01 3.351238747018143016e+01 8.800252547777679624e+00 8.911282440866244769e+00 1.005175180738002538e+01 1.984496580998809279e+01 1.663219878603932855e+01 3.820699687767676522e+01 5.058480760701537626e+00 5.294355929785797166e+00 1.557206578066934632e+01 2.446800445420289805e+01 1.684565920316932619e+01 5.161004949679912635e+00 9.305367124577896831e+00 2.556666459537657943e+01 5.763158169610821169e+00 8.091270079134069704e+00 3.550938973619181382e+01 1.051408161790482154e+01 1.123271171984123917e+01 1.166485124815728014e+01 1.044433489391224512e+01 1.874397137494086607e+01 4.010806933690902021e+00 9.669083205196432829e+00 5.675461762922992648e+00 8.712350520357963646e+00 2.265382921422414242e+01 1.533096594256790546e+01 1.071457075192619612e+01 1.487107815193610172e+01 4.608481874974360792e+00 6.681457668595725430e+00 1.134983100373563403e+01 2.367748206995963756e+01 9.520310606357670125e+00 1.798386605987011677e+01 1.745563341295122584e+01 1.102352306114840097e+01 1.555150445872303955e+01 4.092780985130482208e+01 2.060740305416875628e+01 5.076504659225822991e+01 4.121962105242389640e+01 1.415594337355114085e+01 1.918928046636694873e+01 1.654823227965920296e+01 4.187602852888895200e+01 5.696544545450310082e+00 6.689481140971150097e+00 1.608888145302591255e+01 9.101416850702262806e+00 8.175336290109491699e+00 7.809225214322408348e+00 1.178896811974817105e+01 1.612866306509595304e+01 1.073879985493452160e+01 8.920389682105023255e+00 1.065007490732662987e+01 1.015925622237248760e+01 1.640061403415181829e+01 1.187956234616322071e+01 1.197520688896028851e+01 1.033973477983487221e+01 1.624821160728003022e+01 1.134050240895003903e+01 1.287267370218889440e+01 1.033020682233875043e+01 1.099099203064685781e+01 7.933507573750603115e+00 1.106698620356851492e+01 1.209889260542274769e+01 1.879918208952770797e+01 8.856732402003665072e+00 1.093613184997360754e+01 1.080704249979328146e+01 8.650217430076029501e+00 1.146581676020303142e+01 1.508906405931462302e+01 1.351534244109089933e+01 9.413316129944410804e+00 1.221935678280096660e+01 8.459556634943735887e+00 7.001055560095382546e+00 1.267892655910883448e+01 6.392031947053059326e+00 1.565181466743201710e+01
4.861764705882353041e+02 4.924191745359321359e+00 3.298695562696917882e+00 6.671070601013781243e+00 4.024684791627144875e+00 3.105332007113146275e+00 3.453093010809385799e+00 4.547826169861206580e+00 1.839761887358999104e+01 6.696400323167003954e+00 9.535516478097335380e+00 2.715548985551648187e+01 1.613594092244974121e+01 1.187671207424453002e+01 8.447718518258298559e+00 3.634856547909753033e+01 1.976160919908889113e+01 3.289399583174744635e+01 8.032237618026263348e+00 3.243750664004332407e+01 8.597157516596007909e+00 8.700003210805219211e+00 1.385904740394873969e+01 2.795463929889781696e+01 2.938480951154690501e+01 7.574397752888899049e+00 7.694545634766435604e+00 8.675618674098281247e+00 1.727572120422135171e+01 1.445794915538179559e+01 3.354258803233162922e+01 4.343652996800654975e+00 4.548291455324422472e+00 1.349269277820915569e+01 2.135750796953338337e+01 1.463754951067929788e+01 4.426536269071973173e+00 8.025822381663115124e+00 2.233898442293651954e+01 4.937389342654562974e+00 6.981947306044982149e+00 3.117041023692216584e+01 9.098846882006176529e+00 9.707289837755448403e+00 1.007546921153645592e+01 9.021201690094747150e+00 1.630269997100994672e+01 3.424812435721643400e+00 8.350539689806659283e+00 4.879341986211735538e+00 7.524123915694270970e+00 1.972233528372583677e+01 1.330102929392313449e+01 9.248536332256479753e+00 1.289733734879871463e+01 3.945802019477414824e+00 5.746788739906815380e+00 9.813583353172544932e+00 2.066959741153341668e+01 8.227342166419100877e+00 1.563563200924050811e+01 1.517576871956715756e+01 9.510345125007138023e+00 1.348289032493425665e+01 3.595178698912902604e+01 1.795277267872990734e+01 4.476050641636093275e+01 3.621254869617769856e+01 1.227495267344356478e+01 1.669870099601186908e+01 1.437735028597089304e+01 3.679686052493382675e+01 4.890673725674551164e+00 5.752527886578866934e+00 1.397973073803681388e+01 7.862431029588393905e+00 7.046265302767843686e+00 6.733340224664784657e+00 1.017937315735548154e+01 1.400887670621713355e+01 9.277627825641172166e+00 7.695357592577523498e+00 9.184657871218425029e+00 8.781759496305141965e+00 1.421274558652756603e+01 1.026092504079707091e+01 1.034315521555953232e+01 8.928034793062854746e+00 1.411395743541880954e+01 9.809004651751546788e+00 1.112716897533439564e+01 8.905914221873359793e+00 9.505748060159307400e+00 6.831147077378859400e+00 9.569050079038113665e+00 1.047117035315589284e+01 1.636467900166205425e+01 7.634728513624184032e+00 9.437983191377059100e+00 9.325755499158123740e+00 7.461863421141268660e+00 9.893783326782839893e+00 1.310169987076176135e+01 1.171940589935393717e+01 8.123201397070294760e+00 1.058803988545968799e+01 7.279275469878086824e+00 6.022123448283332792e+00 1.095623354147544859e+01 5.491223842731282723e+00 1.356445468829877221e+01
4.870588235294117112e+02 4.214626824559874585e+00 2.812618606222707651e+00 5.738467688847968873e+00 3.445508182874717829e+00 2.650601208064078396e+00 2.944915892922067790e+00 3.902779330015759385e+00 1.600324583370564113e+01 5.768670412976763195e+00 8.236761882874336749e+00 2.375566184752563004e+01 1.402271460654146296e+01 1.029024185260514912e+01 7.293216138755351352e+00 3.192392918926138989e+01 1.720955911666367300e+01 2.883776579829020292e+01 6.929428121881890057e+00 2.843377953163282257e+01 7.424630690468108973e+00 7.501874169189839847e+00 1.202699034247570076e+01 2.444505738526560279e+01 2.573700271984919397e+01 6.512502070465241211e+00 6.636934165323795654e+00 7.479999709022318477e+00 1.502280191279565358e+01 1.255436988424873945e+01 2.941479777899193948e+01 3.725980931746756042e+00 3.903311370244381351e+00 1.167850694831744462e+01 1.862204210740249977e+01 1.270517298409641960e+01 3.792679056336051069e+00 6.914950886286196585e+00 1.949736352097423975e+01 4.225599300685862758e+00 6.018374675133314256e+00 2.733113434414043752e+01 7.865740348494710155e+00 8.380150105825599383e+00 8.693458693039412211e+00 7.783756580893399502e+00 1.416406092978210296e+01 2.921467870667465050e+00 7.204191327770266717e+00 4.190539085095987382e+00 6.491095766635694986e+00 1.715156935279118855e+01 1.152750272756517269e+01 7.974684717284002744e+00 1.117358373919441306e+01 3.374953067843792009e+00 4.937727526237206455e+00 8.476282844256568083e+00 1.802407784716556804e+01 7.102454116355792380e+00 1.357934280111821224e+01 1.317943458930517941e+01 8.196250638885251405e+00 1.167693742098836829e+01 3.154548376187271685e+01 1.562311217176164568e+01 3.942158028917978640e+01 3.177815881084934091e+01 1.063251340763321728e+01 1.451564020678893918e+01 1.247780320620692684e+01 3.229760076355572096e+01 4.194465704356990621e+00 4.941664160560379493e+00 1.213398980504250169e+01 6.784935271753710140e+00 6.066762259490291243e+00 5.799588474449314468e+00 8.780273166044944233e+00 1.215460166586073854e+01 8.006801116204478319e+00 6.631579587815947363e+00 7.912559630690349621e+00 7.583002462889525397e+00 1.230359172285954195e+01 8.853476301167107820e+00 8.924098471516142439e+00 7.700946338064230012e+00 1.224684945220491272e+01 8.475330209025978334e+00 9.608169314006294925e+00 7.669944080442340884e+00 8.212490985453335668e+00 5.875816044570767005e+00 8.265095640097717578e+00 9.052800282007749999e+00 1.423000367477523120e+01 6.574429182067783373e+00 8.136492799712332413e+00 8.039034853002140935e+00 6.429998304704535705e+00 8.528302333842241012e+00 1.136386262955254978e+01 1.015124354786839866e+01 7.002522173315404608e+00 9.164716433469756396e+00 6.257140536072589576e+00 5.174680572956248170e+00 9.457592891199782414e+00 4.712475813553339776e+00 1.174291619534724163e+01
4.879411764705882888e+02 3.603656769748793121e+00 2.395772434570701215e+00 4.931154341828610121e+00 2.946690127448519991e+00 2.260191098338518501e+00 2.509015116369285980e+00 3.345801050432122281e+00 1.390558503745795171e+01 4.964322694860608287e+00 7.107461248924075825e+00 2.075880972953821768e+01 1.217323766331147894e+01 8.906270289350516123e+00 6.289922214764045449e+00 2.800689744652312285e+01 1.497097545457041612e+01 2.525393310468482611e+01 5.971809354194919983e+00 2.489684765762982011e+01 6.405320451947686955e+00 6.462024385621056410e+00 1.042602996213186906e+01 2.135279201814702787e+01 2.251733426894307399e+01 5.593718649950463195e+00 5.718735499338634121e+00 6.442454204525819073e+00 1.304971114167882362e+01 1.088981781593845710e+01 2.576660230037002819e+01 3.192881335190092429e+00 3.346370568836047443e+00 1.009760886625514864e+01 1.621940908128058823e+01 1.101617674432625904e+01 3.246284860269898154e+00 5.951663640102351494e+00 1.699878088566378764e+01 3.612763157735274344e+00 5.182399211406888639e+00 2.393839230993371103e+01 6.792620044131926882e+00 7.226903121873626823e+00 7.493200670989749845e+00 6.709058228556033399e+00 1.229285165606679442e+01 2.489607235685804998e+00 6.208741662169904529e+00 3.595284701414824369e+00 5.594068535845797108e+00 1.489993874317652889e+01 9.979889080899472020e+00 6.869142525072147620e+00 9.669989103722281598e+00 2.883774935325689182e+00 4.238215781683004835e+00 7.313564392177956286e+00 1.570019091570196146e+01 6.124970003946295094e+00 1.178092142577802548e+01 1.143352422611406460e+01 7.056404616666167584e+00 1.010221255837155319e+01 2.764871768988582801e+01 1.358118328941841924e+01 3.468073491233828776e+01 2.785603313383185053e+01 9.200117948535455170e+00 1.260449603846572408e+01 1.081771926855645027e+01 2.831720152034489857e+01 3.593697616748123380e+00 4.240744357466684100e+00 1.052074706128927950e+01 5.849002405859160092e+00 5.218020433746761277e+00 4.990154594379241360e+00 7.565593111230623613e+00 1.053457181424690070e+01 6.902846973512089868e+00 5.708928049616583955e+00 6.809588937599465375e+00 6.541044551176232069e+00 1.063966948803646950e+01 7.631125519165911086e+00 7.691714900678848998e+00 6.635601192185120567e+00 1.061545364651637335e+01 7.315324283418285667e+00 8.287868997100492408e+00 6.598668065911192038e+00 7.087758880522631699e+00 5.048880491205081533e+00 7.131366538268372857e+00 7.818347975887889767e+00 1.236055014035560262e+01 5.655526989813054684e+00 7.007192969388758463e+00 6.922655587539110478e+00 5.535080136633276915e+00 7.343646755388501646e+00 9.846084115309663432e+00 8.783634369876127224e+00 6.030185403031428137e+00 7.924374114408518466e+00 5.373002559220269703e+00 4.441926600341932208e+00 8.155427103729993021e+00 4.040034408937914989e+00 1.015527778806473336e+01
4.888235294117646959e+02 3.078179478513742851e+00 2.038695968840627870e+00 4.233110934752293275e+00 2.517569842951361991e+00 1.925379881735160170e+00 2.135529108351498451e+00 2.865420306210300971e+00 1.207011527492442582e+01 4.267764028060376802e+00 6.126668327319482188e+00 1.812048699679691310e+01 1.055656300328921127e+01 7.700400333665852415e+00 5.419062785620345046e+00 2.454367454594195408e+01 1.300976980041206232e+01 2.209149873590177293e+01 5.141245450437401665e+00 2.177624940923475094e+01 5.520254243950925677e+00 5.560604810051169800e+00 9.028708315363292769e+00 1.863163661488452050e+01 1.967914368541222103e+01 4.799682206474719770e+00 4.922510476067114560e+00 5.543140640998561963e+00 1.132380272912614139e+01 9.436044941518051843e+00 2.254637529336371315e+01 2.733302486417034327e+00 2.866004833676470742e+00 8.721646761642599444e+00 1.411172208858986998e+01 9.541695094199990734e+00 2.775822790201472046e+00 5.117331377641853862e+00 1.480455503615960389e+01 3.085723557231962566e+00 4.457975323449594462e+00 2.094405592603392208e+01 5.859839108907433314e+00 6.225947841052569487e+00 6.452020762291127198e+00 5.776802371483562126e+00 1.065762220151655626e+01 2.119493262942345080e+00 5.345345357442966794e+00 3.081467312962093974e+00 4.816054677881903778e+00 1.293023537565590253e+01 8.631035570520936062e+00 5.910798977610733473e+00 8.360009229157855160e+00 2.461627096141188797e+00 3.634119463916633208e+00 6.303833625132919671e+00 1.366135920838224926e+01 5.276577525324010587e+00 1.020993999166649147e+01 9.908477768051705326e+00 6.068860758515396192e+00 8.730756051840018017e+00 2.420695709188317224e+01 1.179364238825796107e+01 3.047643207744572535e+01 2.439141657319293799e+01 7.952403397098456672e+00 1.093343925540827399e+01 9.368666913739591706e+00 2.480032046618638475e+01 3.075880530720211059e+00 3.635561242353677169e+00 9.112423323839861311e+00 5.036992383635886306e+00 4.483441857696549349e+00 4.289307520891251002e+00 6.512264980090247235e+00 9.120906402002095348e+00 5.944984610725302154e+00 4.909618168433516949e+00 5.854379121518157980e+00 5.636447236335763833e+00 9.191213463494616320e+00 6.570780967821312046e+00 6.622709193024008734e+00 5.711768295745846657e+00 9.191736199567410281e+00 6.307568688806695079e+00 7.141633368235552837e+00 5.671225547794667143e+00 6.110750749012764160e+00 4.333915934421074923e+00 6.146807801308746377e+00 6.745242721817975351e+00 1.072536519896062046e+01 4.860095861444448495e+00 6.028452794855060581e+00 5.955203811456954099e+00 4.759842909010495227e+00 6.317076404684666358e+00 8.522098798179245094e+00 7.592360349250719231e+00 5.187545290361224914e+00 6.844781422395397996e+00 4.609116728487248515e+00 3.809072906978784090e+00 7.025313982844633820e+00 3.460055474396529718e+00 8.773160558894470995e+00
4.897058823529412166e+02 2.626737571314440522e+00 1.733155446349129658e+00 3.630238395960085018e+00 2.148822126169734670e+00 1.638566890729679759e+00 1.815873212082208532e+00 2.451572183218644341e+00 1.046599874903414928e+01 3.665244643617820763e+00 5.275847084351811489e+00 1.580067269919845607e+01 9.145080932520198047e+00 6.650954630241693089e+00 4.664035877637848770e+00 2.148554168133802733e+01 1.129365305769552208e+01 1.930439886392040449e+01 4.421714269090245786e+00 1.902641453746037570e+01 4.752647331672511299e+00 4.780090898004699440e+00 7.810575600981481514e+00 1.624000845603173815e+01 1.718034306366073238e+01 4.114238915228653148e+00 4.232855994371615083e+00 4.764543730387928555e+00 9.815925821149090069e+00 8.167877328081543098e+00 1.970746723375362919e+01 2.337552663118138252e+00 2.452154785291961403e+00 7.525463735619555727e+00 1.226502443246183383e+01 8.256017800556829656e+00 2.371195922863494232e+00 4.395523888256647638e+00 1.287996850824492157e+01 2.632975920647513401e+00 3.830942819143841049e+00 1.830464437264540578e+01 5.049993303112326970e+00 5.358183811570758515e+00 5.549883216230410810e+00 4.969047678015437342e+00 9.230324355056040986e+00 1.802647007343578744e+00 4.597352963584613761e+00 2.638449338563154001e+00 4.142046436944680110e+00 1.120923167814409638e+01 7.456807194946853734e+00 5.081016124532220957e+00 7.220061706055648898e+00 2.099212647152485012e+00 3.113017490110243646e+00 5.427983003020147024e+00 1.187479583764317681e+01 4.541084497348397697e+00 8.839275522693563758e+00 8.577947273813748552e+00 5.214256436553252883e+00 7.537739250060716323e+00 2.117088539285442650e+01 1.023068528841887037e+01 2.675270897631778766e+01 2.133478162077237883e+01 6.866842122407129878e+00 9.474062888988148856e+00 8.105326750775864397e+00 2.169688352753698268e+01 2.630064872378972574e+00 3.113632660243888850e+00 7.884454796883022532e+00 4.333315032090324870e+00 3.848401092570869153e+00 3.683178649495352897e+00 5.599913817663307647e+00 7.888786151111020217e+00 5.114846204936473129e+00 4.217960315789753167e+00 5.028088293050775093e+00 4.852016744686760141e+00 7.931807393399482820e+00 5.652038078525550624e+00 5.696497937380993193e+00 4.911578381186240350e+00 7.950738733158804195e+00 5.433102862983168357e+00 6.147672779855700931e+00 4.869228579139771362e+00 5.263054797446146793e+00 3.716468092667723155e+00 5.292789083996333410e+00 5.813488066484530314e+00 9.296811275391259954e+00 4.172336944658658453e+00 5.181179842300061011e+00 5.117780861195719844e+00 4.089055823373603182e+00 5.428523279735394169e+00 7.368535131745718836e+00 6.555910821044404813e+00 4.458145763721062416e+00 5.906211152412272902e+00 3.949880244436368315e+00 3.263121946041594779e+00 6.045660777159347354e+00 2.960391526573913801e+00 7.571376919177675191e+00
4.905882352941176805e+02 2.239327445582954379e+00 1.471995989532647542e+00 3.110148072403721375e+00 1.832302721144078328e+00 1.393138569614933653e+00 1.542585570284764174e+00 2.095439490130308169e+00 9.065736990935031159e+00 3.144660071058918316e+00 4.538621921841774487e+00 1.376339915990274143e+01 7.914203194594087165e+00 5.738705738322300576e+00 4.010184803059745562e+00 1.878846623730142795e+01 9.793787305906699103e+00 1.685110836209655361e+01 3.799084480375097161e+00 1.660627101941311778e+01 4.087675407754089996e+00 4.105035975975702023e+00 6.749899059943452961e+00 1.414055731336595478e+01 1.498304248448359210e+01 3.523203021774757193e+00 3.636189836622853999e+00 4.091227224344986979e+00 8.500097162724820521e+00 7.062920043423122074e+00 1.720780748845284691e+01 1.997146194411423270e+00 2.096007725801332988e+00 6.486775967058288295e+00 1.064893896935624618e+01 7.136285417062061320e+00 2.023576740071281854e+00 3.771774184803632135e+00 1.119392013059670710e+01 2.244476410685906309e+00 3.288825973198060915e+00 1.598095172145870535e+01 4.347691049584980760e+00 4.606749894258933331e+00 4.769113254080036057e+00 4.269967096071933810e+00 7.985987525867503045e+00 1.531696461783150554e+00 3.950079442236376082e+00 2.256902725693722633e+00 3.558807137901148554e+00 9.707307718730310953e+00 6.435788781245715739e+00 4.363366365385744849e+00 6.229231681204268511e+00 1.788421216821425297e+00 2.664011646809249179e+00 4.669133751197513504e+00 1.031116515203886586e+01 3.904197293276209901e+00 7.644793567320257388e+00 7.418489366202521751e+00 4.475536557634352874e+00 6.501151833073117281e+00 1.849599106765752055e+01 8.865719852357054620e+00 2.345877872986067203e+01 1.864141861317416726e+01 5.923459397808501059e+00 8.201059280953296948e+00 7.005190472117746481e+00 1.896167418854851761e+01 2.246665827723222986e+00 2.664009647157596028e+00 6.815001861457102628e+00 3.724214753567502978e+00 3.300031799112137954e+00 3.159561364569865471e+00 4.810573173854547413e+00 6.816155574426961294e+00 4.396223773234706478e+00 3.620135965662727884e+00 4.314128184269315547e+00 4.172570242340380098e+00 6.838047192962217302e+00 4.856896737218331594e+00 4.894924112465120380e+00 4.219274436592597155e+00 6.870279470454022430e+00 4.675170118284887266e+00 5.286746283272019120e+00 4.176495357822094689e+00 4.528401434868757569e+00 3.183837190322923671e+00 4.552853088306568097e+00 5.005398161216478847e+00 8.050255263959023466e+00 3.578348907834530301e+00 4.448550105480933325e+00 4.393735360416235025e+00 3.509305415264321493e+00 4.660306731127167090e+00 6.364633106545672270e+00 5.655212965625402433e+00 3.827487243221400437e+00 5.091188305024650695e+00 3.381595727775134286e+00 2.792668630738650570e+00 5.197408245023253492e+00 2.530400695547935452e+00 6.527610198938238462e+00
4.914705882352940876e+02 1.907227746523284750e+00 1.249009194392214805e+00 2.661971022110455998e+00 1.560909353650969500e+00 1.183348601674667933e+00 1.309189656127917489e+00 1.789309832515958654e+00 7.844851741711996951e+00 2.695370917049435100e+00 3.900549004257650498e+00 1.197640028394150136e+01 6.842069368889550418e+00 4.946627321417431666e+00 3.444590820225400751e+00 1.641272656696233057e+01 8.484461981607561043e+00 1.469426336403453526e+01 3.260912182929062819e+00 1.447886941905086289e+01 3.512266548643760533e+00 3.521846318032977319e+00 5.827393189131417017e+00 1.229979515348168917e+01 1.305319429656054098e+01 3.014136243483910960e+00 3.120554345814151365e+00 3.509608545562362014e+00 7.353196375152514896e+00 6.101284037813279326e+00 1.500952618964267060e+01 1.704664622610873037e+00 1.789854827948785809e+00 5.585876818756050355e+00 9.236337547110181845e+00 6.162207165794944430e+00 1.725259140183901030e+00 3.233363906817043887e+00 9.718597750170628657e+00 1.911469443894662890e+00 2.820650405095038060e+00 1.393769295881887160e+01 3.739342685514138953e+00 3.956785440555077304e+00 4.094143570491174167e+00 3.665620849353039112e+00 6.902418916065103716e+00 1.300241218218950445e+00 3.390592935347971792e+00 1.928660143624713719e+00 3.054680655906500952e+00 8.398104864723904939e+00 5.549009752074369750e+00 3.743393154806818668e+00 5.369000589051597494e+00 1.522187889570970398e+00 2.277554510069685012e+00 4.012399783014794608e+00 8.944266356561184850e+00 3.353318361767189337e+00 6.605055302394095662e+00 6.409280074760803636e+00 3.837702215599426481e+00 5.601513933261280442e+00 1.614217446429912073e+01 7.675060303746716883e+00 2.054864239842087059e+01 1.627104215733157133e+01 5.104573169726934090e+00 7.091920555658487224e+00 6.048282255732024382e+00 1.655393863487726591e+01 1.917305911741942870e+00 2.277102730950525622e+00 5.884679426699199745e+00 3.197573910426493526e+00 2.827032825777383351e+00 2.707728629514537300e+00 4.128425428511521389e+00 5.883447966043002353e+00 3.774837890055376732e+00 3.103993644995521883e+00 3.697917506487835571e+00 3.584722047473078543e+00 5.889231411956289186e+00 4.169503102226549629e+00 4.201996435849233436e+00 3.620983972374571369e+00 5.930677402207201965e+00 4.018985237648411868e+00 4.541890632465477751e+00 3.578807706357374219e+00 3.892437089632597491e+00 2.724882139156845628e+00 3.912485395264309940e+00 4.305356019569673620e+00 6.963779345962938905e+00 3.065919096722637072e+00 3.815761790083309180e+00 3.768419017430452378e+00 3.008797303231792508e+00 3.996873950848404355e+00 5.491983105978206936e+00 4.873383228648084931e+00 3.282814160552597116e+00 4.384258194239311734e+00 2.892257049840625704e+00 2.387720557004292310e+00 4.463760130205079335e+00 2.160774240698927873e+00 5.622119610018253333e+00
4.923529411764706083e+02 1.622846166475746976e+00 1.058815559785795779e+00 2.276186085640589329e+00 1.328457428428467590e+00 1.004211306957665917e+00 1.110072131141980112e+00 1.526447178891013667e+00 6.781589368519471250e+00 2.308039946290300737e+00 3.348908444633524883e+00 1.041078202368418992e+01 5.909276499194069387e+00 4.259666462572470280e+00 2.955884877367846553e+00 1.432255635294057150e+01 7.342793390876610538e+00 1.280030523206557547e+01 2.796256472510355806e+00 1.261102967441642164e+01 3.014912154055091165e+00 3.018577434323609143e+00 5.025972302956298599e+00 1.068775015989692179e+01 1.136025804546579643e+01 2.576149002829419832e+00 2.675438468074865739e+00 3.007754721653762786e+00 6.354684990569383629e+00 5.265334791359258304e+00 1.307859680010973236e+01 1.453632084298959626e+00 1.526962937271149512e+00 4.805366643122354731e+00 8.003035662988796872e+00 5.315801942104575240e+00 1.469525845715876855e+00 2.769129140566905622e+00 8.429173122315340549e+00 1.626333603477176037e+00 2.416777314897336382e+00 1.214316954484326061e+01 3.212968465474290269e+00 3.395213439437568148e+00 3.511284439707344607e+00 3.143750543783872864e+00 5.959927092868476883e+00 1.102732394190241383e+00 2.907523192507362353e+00 1.646581339840827773e+00 2.619418660190411252e+00 7.258205653137687285e+00 4.779692281458117087e+00 3.208394226013519202e+00 4.622998139572684018e+00 1.294367454175645804e+00 1.945294585602669546e+00 3.444673043692292769e+00 7.750737765590440809e+00 2.877362305825148514e+00 5.701047797451615828e+00 5.531852733417273349e+00 3.287583092273080432e+00 4.821612956615798140e+00 1.407337691809121161e+01 6.637645378614253744e+00 1.798071727243747375e+01 1.418742070581259540e+01 4.394556153456233183e+00 6.126662097124642159e+00 5.216902869933468523e+00 1.443701308291670848e+01 1.634673703006573886e+00 1.944525748529887688e+00 5.076309325953607399e+00 2.742734464606209954e+00 2.419492952327819690e+00 2.318268154146596594e+00 3.539566449776688106e+00 5.073332978041565688e+00 3.238127911803021508e+00 2.658864312092069859e+00 3.166658817714293139e+00 3.076689418576159074e+00 5.067078535730296984e+00 3.575915478941884551e+00 3.603652987417173659e+00 3.104512640521601252e+00 5.114498943949063126e+00 3.451523133036640711e+00 3.898174091593002544e+00 3.063691991949724081e+00 3.342518502102973965e+00 2.329844127700334333e+00 3.358905163091250312e+00 3.699593380630697315e+00 6.017914321020635171e+00 2.624334840472107189e+00 3.269812384162948504e+00 3.228965651184904750e+00 2.577176678794035336e+00 3.424565030397765053e+00 4.734286419196372719e+00 4.195500144543546917e+00 2.812922474626265323e+00 3.771774773538163483e+00 2.471356351583583244e+00 2.039536184813595554e+00 3.829937639023289986e+00 1.843381663214201716e+00 4.837470941271032387e+00
4.932352941176471290e+02 1.379582675819848170e+00 8.967602935795500052e-01 1.944465151824507965e+00 1.129569187633233884e+00 8.514070774820069465e-01 9.403745670030422277e-01 1.300976888393904574e+00 5.856649469624297666e+00 1.974485022034158543e+00 2.872515803600571349e+00 9.040714914028040283e+00 5.098630905629938148e+00 3.664536091504004833e+00 2.534077097326786543e+00 1.248580922354785727e+01 6.348447726659713908e+00 1.113914686503968809e+01 2.395512530276727947e+00 1.097300903420769025e+01 2.585495565671683593e+00 2.584749895444858225e+00 4.330523847582330887e+00 9.277643514299025895e+00 9.876887741177689861e+00 2.199721709441223361e+00 2.291616801053674379e+00 2.575197918244158224e+00 5.486347899238825931e+00 4.539462003454174166e+00 1.138450044344510204e+01 1.238403770570618123e+00 1.301459626194334973e+00 4.129906811218575058e+00 6.927508933017904269e+00 4.581160973238330492e+00 1.250529942383059812e+00 2.369285227742451205e+00 7.303519632983781484e+00 1.382444189030233250e+00 2.068753816081493557e+00 1.056895567098418809e+01 2.758024265023888422e+00 2.910544099482581082e+00 3.008515620769215637e+00 2.693592752412985014e+00 5.141068479709209882e+00 9.343659984010463937e-01 2.490888201448644423e+00 1.404433096382599722e+00 2.244024335544031246e+00 6.266839786292839776e+00 4.113021396402635865e+00 2.747225625542641936e+00 3.976775918217869243e+00 1.099622210825240032e+00 1.659937290277714750e+00 2.954428967512234827e+00 6.709784849618481317e+00 2.466589346932567040e+00 4.915936811628952796e+00 4.769857629685102296e+00 2.813632019364193493e+00 4.146263696629227447e+00 1.225723164835889634e+01 5.734778196268844219e+00 1.571748311851805191e+01 1.235802685656265076e+01 3.779618836072709431e+00 5.287568586803086390e+00 4.495395448487331969e+00 1.257797282477756262e+01 1.392397473384361817e+00 1.658955688281727125e+00 4.374693566921346033e+00 2.350336443283083998e+00 2.068732984900911731e+00 1.982933638382608166e+00 3.031792690248896083e+00 4.370485607212200030e+00 2.775061912045983181e+00 2.275394630801456763e+00 2.709137209122322254e+00 2.638116571255273879e+00 4.355469445864855516e+00 3.063892360911339097e+00 3.087547301893256879e+00 2.659157513914531368e+00 4.406326019254800386e+00 2.961326984394218709e+00 3.342473348781870524e+00 2.620221478823078876e+00 2.867526154711755204e+00 1.990187814864388782e+00 2.880875491310536773e+00 3.175990677676959084e+00 5.195394303117164547e+00 2.244213323478605471e+00 2.799297268265072081e+00 2.764091434235111944e+00 2.205366335488143203e+00 2.931400742874930909e+00 4.077136284783950515e+00 3.608397108011810239e+00 2.407985927043795993e+00 3.241707885029411429e+00 2.109710733585460574e+00 1.740479554475393043e+00 3.282957028296436874e+00 1.571131965948741493e+00 4.158291296459814212e+00
4.941176470588234793e+02 1.171707906986445114e+00 7.588211774959734424e-01 1.659534319596123408e+00 9.595750490407966016e-01 7.211984585793216329e-01 7.958976666378425602e-01 1.107782863930894868e+00 5.052935673930358362e+00 1.687546832356144222e+00 2.461551585204274417e+00 7.843148067125247813e+00 4.394920834321800029e+00 3.149525920199750306e+00 2.170402614125630070e+00 1.087364325321527581e+01 5.483386253626767903e+00 9.683859773874301524e+00 2.050261122131725511e+00 9.538192677909291817e+00 2.215137124958271642e+00 2.211183305796006415e+00 3.727701564980945736e+00 8.045589804077522444e+00 8.578639721133839657e+00 1.876544520427407381e+00 1.961004437106021125e+00 2.202769191616103850e+00 4.732056425381383491e+00 3.909869094661817979e+00 9.899911960531879274e+00 1.054066308736083979e+00 1.108230533145836860e+00 3.545996360470528241e+00 5.990632039135532771e+00 3.944231183014409226e+00 1.063189348491828445e+00 2.025269022315628220e+00 6.321950903810956923e+00 1.174050949047020120e+00 1.769177948381041698e+00 9.189604241578502197e+00 2.365243605430521256e+00 2.492697332018034562e+00 2.575298532415124075e+00 2.305710903120585797e+00 4.430415226290948638e+00 7.909886555617522408e-01 2.131937808026233228e+00 1.196781875364925751e+00 1.920611334236504764e+00 5.405614392798002044e+00 3.535935685206835100e+00 2.350125107396725532e+00 3.417601536600750833e+00 9.333224054836871675e-01 1.415120409737262053e+00 2.531550414389985182e+00 5.802928230199055903e+00 2.112454833475351901e+00 4.234840682526144207e+00 4.108842154089213494e+00 2.405739942826101263e+00 3.562090152061100135e+00 1.066473668363923899e+01 4.949887632702711038e+00 1.372514711519738917e+01 1.075370945717166649e+01 3.247612182096854205e+00 4.558961402696995791e+00 3.869931574042454248e+00 1.094730262651073893e+01 1.184932331893349788e+00 1.414007086636275723e+00 3.766407208231944193e+00 2.012172185070047359e+00 1.767163791872278455e+00 1.694510993668788323e+00 2.594409180088942168e+00 3.761375395136465016e+00 2.375965202611458604e+00 1.945396860225302005e+00 2.315539132156848368e+00 2.259915484313439915e+00 3.740213467970977312e+00 2.622701192594379282e+00 2.642855275890458433e+00 2.275538725048389832e+00 3.792544506701662765e+00 2.538334700974394842e+00 2.863271838178377937e+00 2.238838601337763468e+00 2.457695368229220634e+00 1.698458817998182546e+00 2.468531726510833746e+00 2.723895861574908039e+00 4.480931876103650069e+00 1.917348614343751478e+00 2.394228214291636014e+00 2.363914986566800547e+00 1.885420845901654152e+00 2.506891324674753285e+00 3.507818151680864638e+00 3.100473983438926773e+00 2.059399335208492499e+00 2.783468191403819514e+00 1.799306763468807357e+00 1.483890084775442819e+00 2.811428713754190234e+00 1.337849602355491330e+00 3.571046153121737010e+00
4.950000000000000000e+02 9.942551408269958424e-01 6.415272456321953198e-01 1.415049484242613786e+00 8.144258965801337569e-01 6.103561075512261569e-01 6.730167083992327770e-01 9.424158658408631206e-01 4.355327721419238074e+00 1.440970016741559778e+00 2.107407388130048354e+00 6.797544405398895151e+00 3.784708936333272877e+00 2.704331032260217427e+00 1.857182708204872856e+00 9.460225951069283212e+00 4.731631624009080994e+00 8.410383807702078940e+00 1.753132967724364333e+00 8.282804389333961126e+00 1.896054410623141617e+00 1.889847013397285336e+00 3.205737173121041561e+00 6.970319574217274550e+00 7.443700995318200064e+00 1.599373944940442493e+00 1.676526308097883833e+00 1.882449034062633419e+00 4.077551673618052597e+00 3.364381272779113807e+00 8.600407239889145572e+00 8.963489728844511450e-01 9.428277536765112821e-01 3.041769667269959676e+00 5.175438575291872567e+00 3.392617828777105604e+00 9.030928622699365693e-01 1.729597270843012069e+00 5.466980068478354049e+00 9.961695302568971400e-01 1.511577492795744826e+00 7.982373736113144602e+00 2.026494976296125294e+00 2.132842820597614431e+00 2.202407163603234963e+00 1.971843760758700492e+00 3.814343492998362173e+00 6.690142926420729053e-01 1.823012911555514703e+00 1.018897890953030183e+00 1.642276808227396190e+00 4.658267384857334825e+00 3.036937163735061507e+00 2.008553245214954153e+00 2.934271797126857262e+00 7.914577675060612272e-01 1.205302754990322800e+00 2.167168953808172649e+00 5.013772388779499600e+00 1.807473619371519957e+00 3.644624237869783734e+00 3.536050484599548849e+00 2.055069640492459548e+00 3.057327817582869312e+00 9.269949085710447179e+00 4.268309760843988165e+00 1.197332771920799388e+01 9.348388564597284400e+00 2.787848632844594832e+00 3.926986088678970255e+00 3.328316527145884773e+00 9.518588950899637524e+00 1.007459657602496561e+00 1.204119891938215892e+00 3.239609766739784735e+00 1.721055028217554295e+00 1.508158925753774637e+00 1.446698256444190811e+00 2.218056736114891070e+00 3.234074623990760955e+00 2.032365745055814799e+00 1.661714010480002557e+00 1.977289693837364970e+00 1.934122537850133883e+00 3.208836501792175167e+00 2.242946135367520633e+00 2.260101389426469876e+00 1.945447878294537469e+00 3.261151594269204423e+00 2.173722184916186073e+00 2.450477922659923813e+00 1.911195485695166729e+00 2.104463956157679672e+00 1.448156125344786549e+00 2.113226725537129980e+00 2.333960604451817744e+00 3.861012587489080161e+00 1.636574349416062724e+00 2.045870158957591833e+00 2.019795663365500538e+00 1.610395478454584639e+00 2.141864644943050955e+00 3.015128101096393287e+00 2.661526138774499284e+00 1.759637871186098490e+00 2.387748609902066388e+00 1.533161534111516566e+00 1.263966237237110768e+00 2.405376206209123957e+00 1.138163807795443905e+00 3.063837503738182644e+00
4.958823529411765207e+02 8.429245952798730679e-01 5.418871692392037698e-01 1.205485294030204546e+00 6.906154077763193566e-01 5.160933795013563641e-01 5.686070366706800217e-01 8.010119293626998260e-01 3.750473592904685294e+00 1.229296848227844574e+00 1.802547475159693269e+00 5.885636138129949124e+00 3.256143411289218026e+00 2.319896625406622892e+00 1.587699898894002093e+00 8.222459256882070022e+00 4.079054327733880214e+00 7.297256823849145313e+00 1.497687111281868821e+00 7.185639270505755682e+00 1.621436514995602929e+00 1.613726128203540444e+00 2.754269390330538414e+00 6.032923284207362791e+00 6.452638217820911848e+00 1.361904806718845506e+00 1.431999897216998052e+00 1.607233267148664435e+00 3.510247093139153396e+00 2.892271179434845685e+00 7.464191350733354824e+00 7.615447051140367130e-01 8.013883085286956920e-01 2.606813727465922437e+00 4.466900972258988745e+00 2.915405304359283800e+00 7.664168084569227268e-01 1.475739662726490042e+00 4.723098610309197198e+00 8.444852589021308864e-01 1.290301213904520683e+00 6.926974015484965719e+00 1.734653222743018253e+00 1.823256203144155485e+00 1.881776190591810227e+00 1.684769472658747436e+00 3.280840789955977499e+00 5.653507374039508093e-01 1.557419039072764688e+00 8.666696892374543548e-01 1.402987434309036052e+00 4.010442693674217907e+00 2.605919276016401831e+00 1.715050970765910510e+00 2.516943675937107550e+00 6.705593169413077703e-01 1.025664968322812509e+00 1.853521949250228396e+00 4.327793481538066089e+00 1.545098123505088461e+00 3.133711396917587155e+00 3.040241409520687554e+00 1.753906694186369020e+00 2.621644861363215728e+00 8.049701467237525776e+00 3.677088384942484911e+00 1.043475721417249780e+01 8.118770059286948282e+00 2.390940265844010870e+00 3.379418847819914529e+00 2.859812495843150781e+00 8.268233685528754151e+00 8.557977362594930693e-01 1.024459498779527244e+00 2.783873997895744967e+00 1.470701335703568757e+00 1.285940708078058492e+00 1.233998050335793462e+00 1.894556842330471502e+00 2.778084291840067444e+00 1.736855374143561503e+00 1.418098958321463154e+00 1.686906948276470253e+00 1.653769407296503680e+00 2.750389485836608028e+00 1.916413417364194682e+00 1.931002529381916411e+00 1.661712076350504663e+00 2.801580977920514304e+00 1.859762265333240627e+00 2.095261343709911017e+00 1.630011118008095616e+00 1.800335010031729022e+00 1.233618108355805543e+00 1.807391536468284654e+00 1.997992734403474691e+00 3.323707586444054396e+00 1.395640931941389384e+00 1.746594916413600984e+00 1.724188518576631246e+00 1.374228811045268728e+00 1.828312104505620761e+00 2.589208159203655768e+00 2.282589929838333642e+00 1.502130753578611255e+00 2.046381151217138150e+00 1.305198576653393561e+00 1.075661735555682785e+00 2.056073382098472013e+00 9.674102116414474706e-01 2.626221408769135568e+00
4.967647058823529278e+02 7.139987979876876167e-01 4.573263010142297191e-01 1.026036051737634791e+00 5.851113100932461286e-01 4.360087705874011177e-01 4.799785525636811601e-01 6.802198875833086467e-01 3.226600466663275490e+00 1.047772114975324964e+00 1.540384463685684047e+00 5.091199708604931651e+00 2.798786518325451667e+00 1.988278003625068457e+00 1.356085910849502918e+00 7.139724034449089984e+00 3.513177921851836860e+00 6.325365271278459822e+00 1.278301870983737487e+00 6.227816068189826915e+00 1.385331235067272626e+00 1.376701641503281559e+00 2.364189220922540802e+00 5.216616062445710966e+00 5.588165742215293719e+00 1.158656201797457541e+00 1.222030257712312551e+00 1.371013033979401108e+00 3.019049019173960069e+00 2.484100842292519928e+00 6.471847116949818179e+00 6.464400568908476030e-01 6.805617596490376453e-01 2.232003542265350138e+00 3.851729408234709329e+00 2.502994807382666220e+00 6.498512176142522412e-01 1.258005465863750061e+00 4.076573908214149888e+00 7.152681396934238434e-01 1.100421629075748475e+00 6.005331435744329482e+00 1.483483908675725660e+00 1.557190119745775814e+00 1.606364859914146459e+00 1.438183635459067800e+00 2.819331195653859368e+00 4.773351397599762125e-01 1.329313084537700584e+00 7.365281292160256177e-01 1.197477325653993896e+00 3.449485870565271561e+00 2.234011427116026294e+00 1.463111976844219786e+00 2.156981776875579904e+00 5.676302482917523484e-01 8.720211514898861260e-01 1.583824377494062574e+00 3.732145515149833059e+00 1.319609018078587104e+00 2.691915268884386592e+00 2.611523230627667225e+00 1.495526241734319806e+00 2.245980779182190634e+00 6.983338407237877909e+00 3.164793422046017657e+00 9.085004804964686542e+00 7.044082505474245082e+00 2.048652724094669697e+00 2.905490729973929209e+00 2.454978479134023228e+00 7.175188438135752023e+00 7.263224153110335868e-01 8.708277941550323087e-01 2.390030722493355242e+00 1.255624773180021858e+00 1.095478435151555408e+00 1.051621521892848410e+00 1.616772743235803889e+00 2.384176533320616631e+00 1.482965318332285953e+00 1.209106374872974676e+00 1.437871669706650923e+00 1.412767362672749272e+00 2.355275901505380354e+00 1.635932682907777380e+00 1.648328195976263899e+00 1.418072054389293513e+00 2.404544672905309710e+00 1.589697992856211384e+00 1.789906516568435135e+00 1.388943810836820170e+00 1.538753689752825560e+00 1.049920936508218938e+00 1.544410397648110722e+00 1.708823511516858407e+00 2.858503427957669984e+00 1.189105749958321301e+00 1.489750193148326574e+00 1.470514548858515180e+00 1.171637747371109706e+00 1.559250817982115844e+00 2.221397369842605496e+00 1.955803184177033582e+00 1.281148331003510776e+00 1.752207775571110515e+00 1.110137459144783456e+00 9.145932230397234575e-01 1.755898559873006803e+00 8.215433316182881862e-01 2.249043520533677842e+00
4.976470588235293917e+02 6.042679007081228626e-01 3.856314293883802979e-01 8.725276491950512137e-01 4.952946999220920188e-01 3.680353223386578221e-01 4.048182102326981502e-01 5.771371757852048479e-01 2.773343259989434983e+00 8.922583374930598277e-01 1.315168038058982303e+00 4.399849414171261408e+00 2.403459270199638453e+00 1.702514376113383632e+00 1.157221469094058763e+00 6.193643670175936755e+00 3.023002076237915947e+00 5.477714033432546259e+00 1.090077388836261818e+00 5.392549114433324853e+00 1.182544013297026186e+00 1.173443335065972093e+00 2.027500116418323284e+00 4.506521940009167615e+00 4.834932405980422843e+00 9.848701719746061345e-01 1.041916138661320934e+00 1.168467710791559977e+00 2.594193939036474994e+00 2.131578687453999255e+00 5.606103061606789062e+00 5.482531425608921927e-01 5.774460506116414482e-01 1.909354044708853060e+00 3.318188493479279799e+00 2.146957733960779713e+00 5.505345528730674065e-01 1.071442322139998238e+00 3.515264293096268311e+00 6.052977934291601247e-01 9.376482030746663421e-01 5.201372202386486343e+00 1.267539627942191771e+00 1.328758807601416958e+00 1.370035339366918903e+00 1.226590401619851001e+00 2.420517110344266420e+00 4.026772710511760667e-01 1.133602034650518009e+00 6.253790046805011160e-01 1.021156683628420714e+00 2.964258835709851603e+00 1.913438970667455941e+00 1.247068832345211264e+00 1.846820921783921321e+00 4.800850071363139682e-01 7.407404936449292210e-01 1.352153894543935975e+00 3.215483597778820091e+00 1.126017334791331592e+00 2.310284451811378315e+00 2.241204344796140724e+00 1.274074055047432097e+00 1.922401247794896850e+00 6.052473581427722849e+00 2.721356080257227195e+00 7.902216827656277864e+00 6.105833346332662614e+00 1.753773703494946101e+00 2.495728382393498368e+00 2.105525658752489537e+00 6.220709103183933664e+00 6.158969273837691105e-01 7.395842230395880401e-01 2.050028771647758763e+00 1.071041751243807072e+00 9.323977933345345415e-01 8.954026938697379201e-01 1.378485312567592436e+00 2.044252475319803253e+00 1.265054847339179611e+00 1.029996311554062238e+00 1.224511222766411001e+00 1.205803581431063032e+00 2.015096573968492510e+00 1.395253126775752861e+00 1.405775383834433345e+00 1.209073335702743224e+00 2.061890148129753797e+00 1.357628997520041736e+00 1.527681176985867140e+00 1.182477566951323666e+00 1.313996839209620182e+00 8.927881377566430077e-01 1.318508695034716682e+00 1.460188520622430319e+00 2.456147747986225927e+00 1.012235465793156930e+00 1.269542706703367330e+00 1.253044922083259793e+00 9.980238817243913818e-01 1.328600559001704706e+00 1.904097337270872936e+00 1.674279654560428821e+00 1.091701241657443200e+00 1.498964466935735818e+00 9.433956261525318077e-01 7.769582836865700504e-01 1.498203912680604821e+00 6.970591491398135942e-01 1.924291224915231524e+00
4.985294117647059124e+02 5.109638925073642923e-01 3.249024023202639055e-01 7.413393254483664485e-01 4.189065800745878088e-01 3.103962378479427908e-01 3.411396336752147151e-01 4.892530391043775073e-01 2.381589415181343483e+00 7.591603334938158421e-01 1.121885354862611317e+00 3.798848505329349035e+00 2.062101222930644795e+00 1.456515543401276425e+00 9.866467006383184968e-01 5.367865900672115664e+00 2.598842012366711973e+00 4.739214997858894662e+00 9.287487198493582508e-01 4.664938746679624160e+00 1.008547675967560897e+00 9.993143394344364827e-01 1.737192096143217235e+00 3.889476666580065078e+00 4.179325844730676032e+00 8.364217604546466678e-01 8.875663340338598717e-01 9.949693808844863874e-01 2.227101424563828314e+00 1.827430722371917282e+00 4.851620175058282136e+00 4.645787946183451700e-01 4.895307713804603056e-01 1.631887447149758863e+00 2.855930781352297387e+00 1.839903482756882536e+00 4.659961377391584336e-01 9.117461915404108108e-01 3.028450693693847562e+00 5.117973779045806859e-01 7.982500214328741572e-01 4.500823209566575223e+00 1.082067164814332294e+00 1.132835039513985897e+00 1.167444146165927066e+00 1.045205179014124353e+00 2.076236430342238037e+00 3.394098326682020716e-01 9.658527350704129155e-01 5.305433380814480460e-01 8.700304560048824909e-01 2.544972240980201583e+00 1.637397366311402980e+00 1.061991456805617684e+00 1.579842799470648318e+00 4.056956847782423603e-01 6.286777766625001318e-01 1.153348254349040092e+00 2.767803266044980059e+00 9.599771377651988846e-01 1.980964408700655044e+00 1.921658567405099438e+00 1.084460639882793176e+00 1.643967852045567835e+00 5.240765960544232271e+00 2.337919566091945622e+00 6.866877047898841901e+00 5.287584592168109943e+00 1.499994970138433192e+00 2.141810120410978069e+00 1.804187071807583198e+00 5.388129684876714620e+00 5.218098523907710451e-01 6.275758818411625306e-01 1.756808619249452308e+00 9.127870811988413324e-01 7.929002542624999927e-01 7.617223045430232542e-01 1.174282395274842239e+00 1.751214118759796934e+00 1.078211990698848988e+00 8.766483492556976787e-01 1.041896219773353449e+00 1.028248579125308648e+00 1.722510455719679090e+00 1.188932895224092290e+00 1.197857077621031774e+00 1.029969164697315032e+00 1.766471606212973944e+00 1.158410007922967333e+00 1.302719021530051258e+00 1.005820933469203204e+00 1.121074303845957187e+00 7.585104693879628490e-01 1.124652904659399599e+00 1.246621171015018126e+00 2.108509657116950819e+00 8.609190433301691092e-01 1.080934050228344212e+00 1.066797776775477491e+00 8.493900849315555446e-01 1.131074195985523945e+00 1.630651307665734961e+00 1.431996310681447504e+00 9.294506055802068678e-01 1.281177116081912759e+00 8.010014165194528912e-01 6.594627504087654524e-01 1.277198921557520128e+00 5.909265636991243298e-01 1.644960980561612995e+00
4.994117647058823195e+02 4.317027692048547860e-01 2.735098313795046865e-01 6.293344043895380269e-01 3.540008378866102423e-01 2.615660274350020686e-01 2.872390710973019012e-01 4.143984142534392068e-01 2.043338922422281101e+00 6.453582390362883059e-01 9.561723885420152502e-01 3.276936901742830255e+00 1.767644065104214679e+00 1.244960301078387399e+00 8.404814308930713684e-01 4.647862187915608345e+00 2.232183394287494682e+00 4.096493352940163923e+00 7.906084822585319749e-01 4.031779435992745242e+00 8.594019792298611682e-01 8.502862744753180158e-01 1.487128518621642526e+00 3.353848002348275958e+00 3.609293756432365274e+00 7.097394291474985462e-01 7.554252171264735916e-01 8.464980020962378227e-01 1.910241369263339539e+00 1.565284483376745639e+00 4.194796326545715104e+00 3.933401950045044004e-01 4.146470663356901509e-01 1.393514415626433633e+00 2.455845701879860954e+00 1.575360640307591709e+00 3.941054522846923480e-01 7.751814223321172870e-01 2.606683708104389208e+00 4.323754927059061948e-01 6.789870693209543173e-01 3.891029537478615019e+00 9.229246028656440393e-01 9.649582913712814181e-01 9.939454946960420978e-01 8.898681626817974699e-01 1.779333903801697092e+00 2.858449878831904045e-01 8.222114507031964559e-01 4.497046338681227606e-01 7.406258529389639911e-01 2.183034342379026604e+00 1.399939261291613057e+00 9.035968487225503054e-01 1.350265374820414754e+00 3.425449372692660477e-01 5.331119368417310822e-01 9.829137308529959371e-01 2.380294876821821060e+00 8.177076811773634768e-01 1.697072698166733229e+00 1.646203834697526958e+00 9.222671729607667679e-01 1.404621338476131687e+00 4.533714449363372978e+00 2.006704249304937626e+00 5.961583939664643061e+00 4.574746854515642447e+00 1.281806515283273162e+00 1.836436239805741888e+00 1.544600504188832435e+00 4.662654546875892869e+00 4.417204092717321173e-01 5.320756972655400485e-01 1.504188897667220859e+00 7.772388131799622402e-01 6.736915988953892098e-01 6.474401598032555327e-01 9.994602969460089081e-01 1.498849252492366446e+00 9.181650602096725899e-01 7.454853416123543575e-01 8.857487395897075677e-01 8.760737557710432943e-01 1.471110099372548552e+00 1.012240718837291942e+00 1.019802894267046289e+00 8.766341670929443941e-01 1.512034361250690573e+00 9.875602015430490210e-01 1.109915183251192428e+00 8.548172737682878664e-01 9.556408365853893416e-01 6.438748038103401239e-01 9.584613860123634144e-01 1.063357459530539062e+00 1.808453952935143105e+00 7.315905834419242915e-01 9.195480830813730355e-01 9.074465568931353587e-01 7.222664829537929210e-01 9.620802918825642758e-01 1.395235512962983870e+00 1.223692307489308906e+00 7.906281881517105425e-01 1.094068423850670158e+00 6.795170517945406941e-01 5.592564566877044063e-01 1.087846534400894960e+00 5.005269090564787859e-01 1.404939568482030943e+00
5.002941176470587834e+02 3.644337773848377315e-01 2.300581799974868169e-01 5.337990236895274743e-01 2.989029760020103788e-01 2.202365401343813478e-01 2.416569257163851958e-01 3.507017707006858109e-01 1.751578193213861212e+00 5.481481433009606219e-01 8.142348822082493554e-01 2.824174499604692468e+00 1.513898079400471719e+00 1.063205576265583208e+00 7.153542225319835524e-01 4.020743816625888201e+00 1.915551333964351732e+00 3.537710602815264949e+00 6.724381548407051268e-01 3.481384452727190659e+00 7.316819842528720086e-01 7.228639415252512412e-01 1.271944607958845896e+00 2.889372287140643092e+00 3.114180701545509411e+00 6.017347342590729786e-01 6.424066501864872381e-01 7.195660535002154079e-01 1.637014574075753570e+00 1.339564996418315612e+00 3.623587492099867635e+00 3.327462851305150182e-01 3.509235141868193852e-01 1.188928051787945250e+00 2.109923099980201666e+00 1.347670368087919623e+00 3.330275784815584506e-01 6.585098467598682337e-01 2.241645105140511518e+00 3.649752048325516363e-01 5.770492851629783759e-01 3.360787644440442978e+00 7.865075049518306383e-01 8.212531831621887601e-01 8.455055117245249274e-01 7.569674573138409635e-01 1.523545564549929843e+00 2.405363995701351731e-01 6.993325320834398173e-01 3.808623525934838328e-01 6.299279993833782898e-01 1.870914894854126098e+00 1.195873560619412634e+00 7.681689838562745232e-01 1.153043995434994695e+00 2.889847080448198491e-01 4.516918378638519749e-01 8.369436971424231153e-01 2.045211894442866996e+00 6.959241940158185091e-01 1.452586885129178995e+00 1.408993367123646534e+00 7.836620695595388764e-01 1.199077317563369993e+00 3.918469928303074390e+00 1.720886181150345973e+00 5.170845606520958704e+00 3.954390784473468923e+00 1.094402039544934979e+00 1.573212291320842393e+00 1.321203450834696369e+00 4.031168190607155921e+00 3.736103157032483191e-01 4.507278895968616639e-01 1.286764487055567896e+00 6.612515184690540559e-01 5.719186214468590101e-01 5.498352279099083528e-01 8.499364038605531357e-01 1.281728354563465011e+00 7.812040058685956190e-01 6.334057769223032652e-01 7.523610383025842729e-01 7.457779183774841947e-01 1.255310367842261021e+00 8.610684505678299905e-01 8.674709684563105538e-01 7.454876325194982334e-01 1.293111156844391596e+00 8.411825269495668556e-01 9.448331947973921396e-01 7.258653302642008587e-01 8.139177751788183590e-01 5.461013286724406557e-01 8.161248999598487153e-01 9.062511992349275847e-01 1.549727796561545246e+00 6.211610401705529583e-01 7.815888281595744225e-01 7.712386623004353625e-01 6.136447761838574877e-01 8.176367225228778901e-01 1.192761830539464496e+00 1.044778721282363820e+00 6.719655818685689175e-01 9.334747899248320158e-01 5.759706438358828118e-01 4.738765020261279659e-01 9.257708324270713662e-01 4.236006687901590073e-01 1.198898034687935876e+00
5.011764705882353041e+02 3.073949639372576259e-01 1.933536086921536223e-01 4.523880766547408450e-01 2.521739373340888823e-01 1.852873268275325447e-01 2.031442430812445687e-01 2.965502845464976778e-01 1.500166822319437543e+00 4.651895988939571680e-01 6.927782374554829481e-01 2.431798906259716730e+00 1.295450206888233646e+00 9.072053963911326235e-01 6.083394364104940388e-01 3.475093597440991555e+00 1.642392471958128430e+00 3.052403284001783845e+00 5.714471790213067059e-01 3.003426156312641204e+00 6.224145108147837169e-01 6.140185961773424461e-01 1.086956616776437512e+00 2.487006321597442504e+00 2.684579780730186549e+00 5.097403038005381415e-01 5.458354034795440679e-01 6.111518503291569759e-01 1.401645499421358743e+00 1.145401462560334149e+00 3.127344829948765170e+00 2.812543389044842579e-01 2.967473203773277057e-01 1.013509417035641347e+00 1.811130066542841144e+00 1.151891013688043808e+00 2.811841026931505283e-01 5.589280846103260592e-01 1.926022629073402825e+00 3.078294023413156721e-01 4.900025876281083326e-01 2.900193276641786611e+00 6.696832075490547487e-01 6.983569826574936856e-01 7.186260598322755655e-01 6.433708849274519803e-01 1.303395069799774264e+00 2.022461394537375390e-01 5.943151167415423597e-01 3.222909507963437337e-01 5.353228984636176913e-01 1.602022950657563616e+00 1.020675201073049543e+00 6.524878536721200328e-01 9.837831565260619637e-01 2.436001111183149492e-01 3.823884946724298017e-01 7.120462885824067056e-01 1.755752003053526744e+00 5.917764782211253349e-01 1.242244185993505612e+00 1.204918102219317833e+00 6.653271481315924385e-01 1.022733206089690317e+00 3.383663718646724661e+00 1.474487838181055999e+00 4.480891041870111557e+00 3.415075006867043239e+00 9.335945865990440407e-01 1.346544433599290436e+00 1.129139042261294579e+00 3.482061531785545228e+00 3.157414783981088990e-01 3.814999368186470785e-01 1.099815418784809484e+00 5.620970742564747047e-01 4.851131983050634422e-01 4.665526635842910941e-01 7.221716383209784151e-01 1.095112237911783692e+00 6.641107204406720976e-01 5.377239455034197313e-01 6.385235869088388139e-01 6.343221930991330693e-01 1.070249271694619919e+00 7.318535711242920572e-01 7.372696505661442412e-01 6.334255871069430777e-01 1.104929413254603254e+00 7.158920436942498577e-01 8.036224157361413489e-01 6.158489130467005301e-01 6.926233676487961732e-01 4.627881133685330384e-01 6.943361464923286652e-01 7.716985443754058593e-01 1.326859041608137391e+00 5.269577968089842468e-01 6.637677086891911049e-01 6.549234394414810145e-01 5.209201403567488287e-01 6.942941885482745157e-01 1.018790797599652409e+00 8.912579607080174382e-01 5.706315034787684537e-01 7.957721872400566054e-01 4.877962486991356261e-01 4.011972727724872900e-01 7.871751189891338374e-01 3.582006116054270994e-01 1.022197156587101086e+00
5.020588235294118249e+02 2.590742897844029446e-01 1.623759933566677471e-01 3.830775874917229373e-01 2.125784716215142200e-01 1.557598219377208104e-01 1.706335450702055057e-01 2.505557475623114150e-01 1.283735979146537698e+00 3.944592625034662459e-01 5.889453184197426250e-01 2.092096657123391434e+00 1.107572842047483741e+00 7.734385855447076796e-01 5.169014771420519239e-01 3.000812482751415100e+00 1.406969122916794213e+00 2.631336398526636700e+00 4.852190841155566980e-01 2.588790904081925248e+00 5.290217983672378388e-01 5.211289749461491816e-01 9.280807159213020352e-01 2.138793236570562417e+00 2.312198060981048187e+00 4.314552425862898111e-01 4.633953392001722293e-01 5.186405778148605039e-01 1.199086175702944956e+00 9.785439295034823459e-01 2.696666422340421310e+00 2.375371267461703906e-01 2.507302487339315711e-01 8.632434569803346669e-01 1.553300087644602367e+00 9.837128210954738661e-01 2.372188800330519154e-01 4.740121668095857443e-01 1.653397133910429861e+00 2.594217540817992385e-01 4.157411993027917974e-01 2.500503289347195679e+00 5.697325322454233065e-01 5.933554777843562666e-01 6.102774121297358523e-01 5.463656911671030958e-01 1.114100962278723461e+00 1.699158778805394954e-01 5.046471498068533235e-01 2.725038817446406858e-01 4.545469620808589850e-01 1.370597404810625530e+00 8.704048372067457739e-01 5.537667315304326543e-01 8.386578974557267196e-01 2.051778681437211316e-01 3.234530601214099521e-01 6.052802862214933244e-01 1.505950161730839065e+00 5.027945273731524445e-01 1.061451670888241550e+00 1.029519471467413405e+00 5.643924113145950550e-01 8.715854396931711490e-01 2.919251327223618464e+00 1.262280126158828564e+00 3.879497068935323423e+00 2.946689328843894007e+00 7.957414175833327219e-01 1.151545628615028960e+00 9.641720905006300191e-01 3.005073550454125275e+00 2.666188971253942164e-01 3.226403444968277689e-01 9.392253270425473533e-01 4.774122712950824021e-01 4.111429452777090043e-01 3.955570454184752505e-01 6.131019619452016123e-01 9.348696979208130919e-01 5.640972994509299010e-01 4.561170817164145186e-01 5.414615735757196680e-01 5.390722851774585322e-01 9.116997656822596330e-01 6.215105852577549328e-01 6.260883622724153774e-01 5.377606730087969300e-01 9.433283728918812061e-01 6.087523301905533035e-01 6.829448969731805041e-01 5.220749075884257850e-01 5.889110411328360994e-01 3.918622821023081682e-01 5.902272224580955573e-01 6.565710442600978247e-01 1.135065130829078894e+00 4.466713940350061085e-01 5.632392845295686179e-01 5.556885418056577430e-01 4.418399103247515058e-01 5.890686415590764557e-01 8.694539133147473065e-01 7.596521014298852625e-01 4.841763841259090762e-01 6.778103011820882928e-01 4.127811153774346153e-01 3.393864803219694415e-01 6.687694098391837594e-01 3.026506531994404559e-01 8.708033807291898354e-01
5.029411764705882888e+02 2.181756132459087838e-01 1.362545909774312558e-01 3.241227220820009358e-01 1.790574354588566619e-01 1.308348410763982284e-01 1.432134392513264853e-01 2.115246251109149656e-01 1.097597268701749673e+00 3.342099440778518726e-01 5.002612584778196592e-01 1.798286373943225325e+00 9.461421006967081215e-01 6.588444000210880169e-01 4.388453529132286257e-01 2.588979164908776998e+00 1.204263937449500776e+00 2.266369757922601647e+00 4.116637582435479503e-01 2.229446802384997373e+00 4.492715224364289828e-01 4.419290927623831799e-01 7.917604634024364429e-01 1.837740994148582052e+00 1.989734067707998211e+00 3.648970297062086865e-01 3.930835360807532486e-01 4.397721175574844099e-01 1.024929962668540862e+00 8.352886279314285511e-01 2.323262096686141032e+00 2.004540868592188663e-01 2.116786940798300598e-01 7.346442292241195382e-01 1.331033062150662305e+00 8.393817179369942316e-01 1.999680211890705328e-01 4.016685963068432064e-01 1.418140583628676010e+00 2.184525476416552536e-01 3.524454569155003880e-01 2.154009525882608411e+00 4.842979875434594850e-01 5.037260909420727684e-01 5.178385641185986321e-01 4.636051009342674334e-01 9.514936305993975107e-01 1.426418046469119238e-01 4.281557881494491014e-01 2.302219333436242577e-01 3.856423090525618602e-01 1.171608612577352604e+00 7.416370941125743910e-01 4.695966583657247839e-01 7.143437268402654805e-01 1.726787226487704052e-01 2.733798476662451238e-01 5.140982271566540973e-01 1.290582082904894623e+00 4.268402980826807025e-01 9.062058911199132316e-01 8.789113238001977635e-01 4.783783582814312152e-01 7.421556475375422623e-01 2.516369928801518885e+00 1.079694311101795368e+00 3.355829017877280052e+00 2.540311564031416669e+00 6.776770679149506371e-01 9.839515793479284289e-01 8.226139954174747082e-01 2.591146729400524151e+00 2.249580923964800139e-01 2.726414908575351959e-01 8.014086820485990525e-01 4.051523741384482902e-01 3.481676549869005544e-01 3.350910639634362975e-01 5.200776699646898482e-01 7.974038774995532153e-01 4.787513342857958598e-01 3.865786254238235964e-01 4.587787780243459124e-01 4.577472731225179503e-01 7.759912036325233853e-01 5.273702460866735997e-01 5.312362704146530445e-01 4.561689220030561986e-01 8.046850653693946587e-01 5.172190393474875858e-01 5.799104877345533371e-01 4.422184985420151149e-01 5.003145832830352413e-01 3.315369639328292206e-01 5.013141541797005996e-01 5.581561216524760782e-01 9.701712815830506598e-01 3.783084594926086064e-01 4.775443767202562917e-01 4.711036347120451939e-01 3.744582086494306350e-01 4.993814981153253951e-01 7.413843055615734201e-01 6.469388939214325562e-01 4.104833463656802350e-01 5.768538457283158838e-01 3.490192288330752901e-01 2.868664656373495214e-01 5.677061106166272353e-01 2.555097136688339599e-01 7.412138591218812023e-01
5.038235294117646959e+02 1.835894574163951520e-01 1.142471969536118653e-01 2.740215383099240953e-01 1.507039946864151270e-01 1.098132948531913428e-01 1.201068854881388315e-01 1.784322593414022773e-01 9.376632344565074551e-01 2.829352024823220124e-01 4.245856430342643262e-01 1.544416480504845701e+00 8.075665910305891426e-01 5.607665362097951078e-01 3.722738525320073988e-01 2.231727005259145358e+00 1.029896809691183579e+00 1.950341012689176701e+00 3.489761469660044857e-01 1.918327877360795242e+00 3.812334971663323691e-01 3.744630789949537908e-01 6.749036839656967768e-01 1.577716030319148643e+00 1.710770609318938762e+00 3.083600142839161284e-01 3.331705803753055584e-01 3.725959163417901232e-01 8.753363805633683770e-01 7.124130501690406625e-01 1.999835029166926459e+00 1.690265057743338684e-01 1.785678999940768508e-01 6.246899253103634919e-01 1.139608009182313086e+00 7.156329249948238935e-01 1.684340863204340788e-01 3.400920348492442180e-01 1.215326969604963336e+00 1.838093455346158089e-01 2.985453377465753788e-01 1.853928457829109755e+00 4.113388455828775880e-01 4.272886138369487163e-01 4.390455841332330245e-01 3.930620622067387271e-01 8.119428968803891200e-01 1.196531471838507416e-01 3.629644831969621177e-01 1.943459358806177983e-01 3.269180751587653644e-01 1.000672813442087250e+00 6.313982902610328907e-01 3.978984122768327580e-01 6.079557317637425129e-01 1.452137509643974811e-01 2.308744416101052854e-01 4.362971055845822343e-01 1.105079928308015935e+00 3.620659530453562702e-01 7.730228739814690719e-01 7.497119272362802178e-01 4.051461185461414649e-01 6.314265450176658190e-01 2.167213292054502638e+00 9.227452652995484783e-01 2.900300929114707937e+00 2.188082121838276439e+00 5.766551766713203797e-01 8.400474722324976495e-01 7.012573710472883581e-01 2.232300259216896343e+00 1.896570767491991827e-01 2.302075904556229180e-01 6.832473388907552847e-01 3.435509273483627890e-01 2.946016575261654058e-01 2.836398183653989769e-01 4.408108736053528154e-01 6.795881709837711115e-01 4.059885562961248473e-01 3.273778102456068595e-01 3.884090505628285950e-01 3.883752669605614605e-01 6.599411267214088106e-01 4.471269506623277712e-01 4.503892213664966726e-01 3.866436981972881659e-01 6.858498812676052658e-01 4.390909778889597326e-01 4.920206279382158265e-01 3.742758420120411156e-01 4.247006378025061091e-01 2.802741369226222079e-01 4.254488385123571526e-01 4.741054635962158037e-01 8.285392747126534285e-01 3.201510513889092580e-01 4.045608712717269073e-01 3.990717048081884322e-01 3.170967212871426688e-01 4.230079453962537483e-01 6.316563617860352364e-01 5.504962510254773900e-01 3.477258080849707222e-01 4.905316420368434627e-01 2.948712347110312715e-01 2.422808288145239797e-01 4.815243301758618255e-01 2.155405857259904967e-01 6.303914748419208181e-01
5.047058823529412166e+02 1.543667467513176184e-01 9.572157877270974502e-02 2.314820360023829848e-01 1.267422261950718332e-01 9.209897569461937550e-02 1.006518152890086559e-01 1.503995554698754344e-01 8.003727382766852028e-01 2.393370305205422544e-01 3.600685461062032577e-01 1.325267301604983849e+00 6.887207804313885129e-01 4.769012527915154065e-01 3.155482470363884517e-01 1.922124185639580984e+00 8.800465381897230044e-01 1.676952502881877471e+00 2.955984147799582407e-01 1.649222211001502902e+00 3.232399003628651513e-01 3.170438638199917780e-01 5.748236927605585578e-01 1.353341567590441663e+00 1.469671551267769383e+00 2.603777143833794216e-01 2.821642161163996354e-01 3.154297047040949264e-01 7.469606596057258852e-01 6.071152929413571320e-01 1.719967158134003027e+00 1.424151039997635371e-01 1.505186537219706799e-01 5.307628491202037724e-01 9.749005349305790435e-01 6.096291223871258547e-01 1.417628401430989782e-01 2.877266740975316650e-01 1.040647694478754159e+00 1.545406208305954709e-01 2.526871123917616702e-01 1.594294389316080141e+00 3.490897658969774331e-01 3.621600051115329011e-01 3.719442671364651676e-01 3.329868566724416001e-01 6.922904058073560130e-01 1.002930140959917560e-01 3.074536538094500560e-01 1.639320468787491825e-01 2.769149725707140686e-01 8.539717579902862399e-01 5.371086026191603802e-01 3.368785702485060929e-01 5.169921438951744497e-01 1.220231116216296541e-01 1.948247906787085870e-01 3.699730733040977326e-01 9.454526256788562399e-01 3.068755372062527687e-01 6.588727906376899979e-01 6.389804935659989527e-01 3.428518798649075050e-01 5.367825850875235227e-01 1.864910682434732792e+00 7.879592324049314866e-01 2.504437550559685643e+00 1.883082236291096834e+00 4.902946026986266803e-01 7.165993673540378417e-01 5.973151662736689849e-01 1.921506929700807831e+00 1.597710450001829652e-01 1.942256639108581595e-01 5.820314648307783889e-01 2.910829006354442305e-01 2.490795196248093146e-01 2.398982437785972810e-01 3.733274136101509266e-01 5.787065985192251238e-01 3.440094005264074939e-01 2.770227489093087803e-01 3.285720341004179090e-01 3.292526723727109972e-01 5.607921941945046562e-01 3.787905218381987793e-01 3.815411139232274262e-01 3.274535217339317184e-01 5.840865764083655876e-01 3.724650956228295895e-01 4.171167370216707360e-01 3.165208887065608101e-01 3.602250086093405357e-01 2.367508489190021936e-01 3.607748661939911283e-01 4.023874693972536165e-01 7.070006322175114155e-01 2.707195766225717337e-01 3.424587399046580272e-01 3.377845502804862621e-01 2.683088651042848660e-01 3.580296794530964388e-01 5.377296342590834888e-01 4.680507994981729647e-01 2.943287240261979743e-01 4.167895257808828524e-01 2.489280590884283828e-01 2.044641693183671671e-01 4.080987904721676829e-01 1.816817920724585200e-01 5.357046760116602746e-01
5.055882352941176805e+02 1.296967663526062964e-01 8.013992262171965031e-02 1.953944362184239225e-01 1.065091620835048741e-01 7.718411383478146481e-02 8.428489957058293847e-02 1.266733876747693222e-01 6.826282196050396101e-01 2.022986842677924335e-01 3.051135404310584831e-01 1.136268800761376596e+00 5.868889186965322580e-01 4.052536830239241161e-01 2.672552119783944691e-01 1.654073375814757219e+00 7.513849410089928904e-01 1.440676507388535477e+00 2.501881110804918817e-01 1.416678165534641431e+00 2.738517947797368679e-01 2.682184157910137978e-01 4.891898057413412437e-01 1.159912166434297287e+00 1.261495277827750172e+00 2.196911298345060604e-01 2.387787544685388286e-01 2.668247684321704005e-01 6.368944423536615496e-01 5.169630405320021493e-01 1.478023136076273003e+00 1.199012050476461061e-01 1.267776990350777677e-01 4.505988686553899503e-01 8.333133226511093561e-01 5.189083819519445528e-01 1.192237338472627861e-01 2.432337444030512053e-01 8.903404399190701923e-01 1.298336327274557389e-01 2.137052849602718296e-01 1.369869949173923018e+00 2.960259736042097911e-01 3.067163381056915439e-01 3.148503047611752592e-01 2.818714281153762991e-01 5.897926754953791706e-01 8.400233642206260398e-02 2.602276046062019232e-01 1.381709722211672819e-01 2.343754648829289577e-01 7.281851093966520416e-01 4.565333998987399222e-01 2.849925373892212010e-01 4.392868300681264659e-01 1.024582128298325290e-01 1.642769024666545508e-01 3.134833142614216750e-01 8.082187291282432184e-01 2.598927254085982574e-01 5.611249409809216937e-01 5.441637519791432398e-01 2.899085560208761181e-01 4.559599832582992285e-01 1.603425211376540815e+00 6.723131500478600753e-01 2.160759188824331822e+00 1.619231985196466939e+00 4.165340730404490377e-01 6.107964648398954699e-01 5.083694048517105601e-01 1.652590029117211312e+00 1.344911206544495974e-01 1.637411373001757542e-01 4.954097957739301838e-01 2.464336756168120368e-01 2.104271951960844655e-01 2.027437175988050511e-01 3.159263966061220397e-01 4.924035954350561850e-01 2.912624591039326138e-01 2.342293841598645232e-01 2.777359071500517529e-01 2.789099228180155765e-01 4.761590903131933117e-01 3.206456497053017385e-01 3.229629793299788054e-01 2.771065810958152076e-01 4.970217742492366586e-01 3.156986145060176607e-01 3.533367797474753491e-01 2.674690877508111297e-01 3.052959037692536959e-01 1.998308143318436036e-01 3.056903505369508722e-01 3.412472283019383212e-01 6.028004117573338982e-01 2.287416194379654766e-01 2.896622015762188029e-01 2.856853327374550000e-01 2.268496530272459677e-01 3.027951518746764270e-01 4.574015972340334524e-01 3.976345634140183161e-01 2.489359752451246743e-01 3.538507202092880943e-01 2.099803329502583915e-01 1.724166483287992158e-01 3.455968276438768916e-01 1.530239391085640444e-01 4.548768482714772854e-01
5.064705882352940876e+02 1.088876824028410378e-01 6.704517814247518137e-02 1.648064729299285602e-01 8.943890965133496906e-02 6.463668809459378883e-02 7.052728877205405311e-02 1.066092096944229600e-01 5.817383387011370033e-01 1.708603693275441149e-01 2.583444221807817964e-01 9.734243683232602917e-01 4.997139242997971631e-01 3.440983017273226974e-01 2.261771136198358068e-01 1.422217661607098727e+00 6.410165048417109102e-01 1.236666771357122219e+00 2.115896061132870598e-01 1.215916962409315571e+00 2.318290358094411141e-01 2.267365904269016130e-01 4.159823862843460285e-01 9.933147313754792096e-01 1.081914154940850192e+00 1.852205012693332598e-01 2.019076490314631322e-01 2.255348329120932249e-01 5.426116473801585460e-01 4.398471349868523506e-01 1.269060763777677625e+00 1.008700290391765092e-01 1.067003548010964364e-01 3.822417798667547273e-01 7.117123580227490143e-01 4.413368440123249803e-01 1.001926266986968572e-01 2.054624367327846368e-01 7.611236725958300253e-01 1.089948754856821939e-01 1.805974807513110181e-01 1.176062593372023679e+00 2.508318769721411545e-01 2.595586347569522334e-01 2.663135390408615799e-01 2.384173779978116525e-01 5.020692349662635445e-01 7.030577197020990154e-02 2.200848412782737684e-01 1.163695021559950776e-01 1.982170220105098080e-01 6.204287350785261390e-01 3.877391606834024174e-01 2.409114268587056462e-01 3.729663014389551501e-01 8.596597863008245688e-02 1.384132211062797102e-01 2.654117631117570708e-01 6.903448186827340072e-01 2.199318571220446050e-01 4.774976959300940571e-01 4.630473264308336834e-01 2.449514726522754038e-01 3.870015332101601202e-01 1.377459007174685501e+00 5.731791025901982195e-01 1.862672854885379925e+00 1.391194963693479947e+00 3.535911372028244792e-01 5.201984503286417594e-01 4.323246117389189513e-01 1.420126868216885496e+00 1.131254963179983836e-01 1.379361361640586425e-01 4.213444330956231387e-01 2.084712151156399573e-01 1.776362518919838152e-01 1.712115586260736511e-01 2.671439101632937518e-01 4.186384175910844996e-01 2.464116789848674605e-01 1.978936878581505077e-01 2.345840747145600536e-01 2.360806691166947302e-01 4.039805594226338337e-01 2.712154838945550761e-01 2.731662710466508104e-01 2.343189128156233092e-01 4.225990995774148717e-01 2.673749377985651932e-01 2.990762280262578288e-01 2.258449208092269400e-01 2.585408409958105391e-01 1.685390818935022517e-01 2.588144997515969825e-01 2.891704513901980911e-01 5.135458899641778263e-01 1.931240638484764682e-01 2.448158178998742496e-01 2.414350428007127625e-01 1.916487181854794331e-01 2.558839614372583893e-01 3.887647836670464208e-01 3.375457836003549761e-01 2.103811643229553940e-01 3.001800330819622831e-01 1.769911574244303620e-01 1.452813489135792446e-01 2.924397780342620767e-01 1.287887182625522264e-01 3.859405673376571921e-01
5.073529411764706083e+02 9.134973871973250947e-02 5.604933380862851117e-02 1.389019313978151760e-01 7.504895732973937417e-02 5.408950924005370003e-02 5.897236868208753646e-02 8.965599287177944410e-02 4.953674803905096513e-01 1.441980979072759184e-01 2.185761727828477163e-01 8.332432028928885570e-01 4.251524305125556347e-01 2.919442804415890991e-01 1.912660990006148087e-01 1.221856677921598910e+00 5.464251545680820499e-01 1.060679892184235751e+00 1.788092108972261784e-01 1.042754923324798577e+00 1.961040138898315355e-01 1.915239976073044859e-01 3.534533777757007389e-01 8.499583376838006910e-01 9.271429879766200921e-01 1.560408049147680165e-01 1.705995972384191373e-01 1.904889742107302997e-01 4.619208306669880248e-01 3.739407878590153556e-01 1.088751145256510844e+00 8.479624071922636785e-02 8.973545612791455905e-02 3.240033589774875544e-01 6.073705542526766088e-01 3.750671686239253622e-01 8.413685668855654110e-02 1.734246171217730392e-01 6.501386762338103864e-01 9.143321917788220510e-02 1.525025686606989728e-01 1.008850318981015848e+00 2.123736640124583297e-01 2.194830581956957738e-01 2.250868147425760246e-01 2.015080720508355128e-01 4.270570272044753590e-01 5.879958262494568155e-02 1.859922134776959834e-01 9.793450073261275590e-02 1.675088033886723837e-01 5.282003656794331814e-01 3.290548300839385987e-01 2.034932058012588196e-01 3.164120441314879351e-01 7.207527964468903037e-02 1.165338781320301581e-01 2.245391800212560851e-01 5.891910366275161515e-01 1.859726701638577395e-01 4.060145003563777610e-01 3.937130080447638347e-01 2.068085039767731670e-01 3.282170321087344855e-01 1.182368601296578614e+00 4.882753940002523829e-01 1.604374736068034490e+00 1.194293244988670732e+00 2.999262349310721221e-01 4.426891670536507450e-01 3.673669214523878068e-01 1.219362758962725390e+00 9.508313419174070635e-02 1.161106731550069632e-01 3.580711392931092973e-01 1.762217953727652220e-01 1.498414629022387923e-01 1.444737296758982215e-01 2.257214211145049110e-01 3.556451348102279697e-01 2.083077547718796274e-01 1.670674803129867103e-01 1.979861754089051185e-01 1.996749120773169406e-01 3.424774194004715500e-01 2.292299125757648881e-01 2.308708684407449474e-01 1.979866805415177178e-01 3.590389145000919546e-01 2.262738943086067822e-01 2.529540074100080083e-01 1.905536861636288049e-01 2.187777806510579071e-01 1.420400522842054647e-01 2.189584473303322620e-01 2.448519722488529393e-01 4.371614048913997630e-01 1.629288706176166279e-01 2.067549849109472648e-01 2.038833010718292538e-01 1.617868477919734982e-01 2.160758683599811880e-01 3.301691806733445533e-01 2.863146063911678474e-01 1.776621901779629198e-01 2.544525280449650984e-01 1.490724789439566433e-01 1.223246496822222862e-01 2.472693043901622034e-01 1.083107332976998433e-01 3.271975602550867279e-01
5.082352941176471290e+02 7.658072940660580474e-02 4.682332951183735409e-02 1.169819811706155205e-01 6.292832204048191824e-02 4.523081570019579778e-02 4.927522065353624053e-02 7.534317039535101679e-02 4.214911522603417282e-01 1.216052610420340629e-01 1.847895535116517718e-01 7.126800894412825826e-01 3.614351219622055633e-01 2.475050526234192638e-01 1.616214348573037918e-01 1.048871404636232629e+00 4.654271512983191861e-01 9.090049845507880422e-01 1.509934390816208005e-01 8.935339356624067975e-01 1.657586894560212909e-01 1.616583329812021075e-01 3.000915489926144208e-01 7.267118341757582423e-01 7.938751976262620191e-01 1.313604480761497717e-01 1.440376770383571259e-01 1.607679690973151665e-01 3.929231047307511493e-01 3.176636323317789112e-01 9.333074287132363533e-01 7.123142120858574899e-02 7.541230327625959851e-02 2.744283262473019569e-01 5.179177856308946337e-01 3.185019278692166611e-01 7.060231976856722047e-02 1.462727698712630864e-01 5.548981113936795051e-01 7.664532664245335414e-02 1.286815880743258922e-01 8.647152092410815838e-01 1.796752968724112109e-01 1.854548614871601719e-01 1.900987610953379092e-01 1.701842710398470682e-01 3.629701862376714105e-01 4.914120587181428773e-02 1.570623157863612618e-01 8.235901296189741816e-02 1.414513055458811730e-01 4.493316142532328694e-01 2.790378674003118897e-01 1.717575228445554214e-01 2.682274330580790567e-01 6.038521631582650234e-02 9.804040297817200045e-02 1.898169895536258311e-01 5.024628022623269796e-01 1.571382181333120520e-01 3.449650970236389225e-01 3.345011004279619393e-01 1.744740250490227629e-01 2.781485413416398544e-01 1.014089273637193367e+00 4.156232997046155897e-01 1.380762394210942823e+00 1.024431403995905931e+00 2.542111288659282820e-01 3.764357267980709132e-01 3.119280701635721575e-01 1.046134094121008884e+00 7.985962861191893414e-02 9.766630889386768155e-02 3.040643838810453414e-01 1.488488115617147833e-01 1.263012950572110216e-01 1.218202664310290978e-01 1.905781668556416064e-01 3.018974011829066439e-01 1.759631419490682303e-01 1.409373337289190342e-01 1.669728201914763288e-01 1.687554991082687861e-01 2.901157293958608885e-01 1.935978463253657522e-01 1.949771299430334004e-01 1.671619679142570258e-01 3.048028800062472232e-01 1.913456957826202287e-01 2.137827231205868261e-01 1.606569101682795153e-01 1.849898474906099821e-01 1.196183414154755736e-01 1.850997295074042204e-01 2.071681404130048809e-01 3.718484764553459665e-01 1.373519679866030963e-01 1.744801833892147547e-01 1.720428919022944925e-01 1.364755122184239111e-01 1.823237564086812867e-01 2.801891428676813733e-01 2.426729379743263748e-01 1.499190679910098745e-01 2.155260449176236159e-01 1.254645539647464281e-01 1.029191657343471178e-01 2.089179607989324616e-01 9.102173413280756353e-02 2.771835654676254035e-01
5.091176470588234793e+02 6.415343998979301798e-02 3.908837895160465620e-02 9.844892929180654173e-02 5.272730708923556442e-02 3.779617401989027181e-02 4.114355454957480118e-02 6.326930608628950070e-02 3.583565461008125785e-01 1.024765536300986102e-01 1.561088708479079490e-01 6.090816886469838654e-01 3.070317216056741572e-01 2.096715678772815006e-01 1.364696958493270273e-01 8.996567022396928515e-01 3.961293868794243944e-01 7.784008252589953436e-01 1.274100219422939495e-01 7.650593565793093465e-01 1.400044976430185883e-01 1.363486956236860392e-01 2.545918863526711595e-01 6.208482270778754586e-01 6.792257575512199441e-01 1.105027358532373466e-01 1.215211258423820745e-01 1.355836617562574120e-01 3.339749668283784612e-01 2.696500349158456045e-01 7.994209356061817706e-01 5.979320342967675561e-02 6.332933147480626634e-02 2.322635930545031979e-01 4.412965655086708017e-01 2.702613642831012131e-01 5.920228410446773393e-02 1.232807696449366858e-01 4.732403140321823076e-01 6.420305818042490453e-02 1.085010970478277187e-01 7.405840060486801324e-01 1.518974789832172045e-01 1.565856046464263462e-01 1.604300169994623271e-01 1.436228391708662122e-01 3.082645579772182454e-01 4.104027703197229288e-02 1.325337607385709826e-01 6.921019750679335836e-02 1.193585679076216155e-01 3.819455775897565020e-01 2.364443879809367821e-01 1.448637243113995721e-01 2.272086565721580242e-01 5.055499905091170865e-02 8.242157259562912786e-02 1.603443664447259387e-01 4.281679855850066829e-01 1.326755599509400196e-01 2.928713256243958285e-01 2.839772022475375302e-01 1.470861893954282795e-01 2.355398627873213913e-01 8.690672891003077272e-01 3.535088080243977138e-01 1.187355670253805950e+00 8.780283435688310822e-01 2.153011742554213626e-01 3.198524035861645132e-01 2.646536700498089423e-01 8.967992488200761114e-01 6.702495504579107644e-02 8.209195634864432933e-02 2.580065270694729684e-01 1.256342458993347511e-01 1.063809031368224273e-01 1.026430949646257862e-01 1.607870520160828154e-01 2.560774392427203061e-01 1.485302080697358529e-01 1.188061731286963463e-01 1.407135612374059153e-01 1.425175731310565908e-01 2.455744510994735397e-01 1.633829995363339505e-01 1.645414693044490728e-01 1.410316302824488610e-01 2.585627328462583030e-01 1.616881269106453800e-01 1.805426078301813897e-01 1.353509060797734309e-01 1.563032111326748408e-01 1.006621363418025855e-01 1.563599545343679897e-01 1.751526460294022258e-01 3.160505754630222874e-01 1.157048560730359610e-01 1.471344992850310285e-01 1.450675308816544717e-01 1.150390165910818857e-01 1.537300335508042515e-01 2.375942667326931268e-01 2.055279706831631414e-01 1.264145661874959969e-01 1.824170714623785938e-01 1.055180978980148621e-01 8.652893428953507826e-02 1.763834556551374944e-01 7.643694080253458922e-02 2.346374903899941522e-01
5.100000000000000000e+02 5.370481633103390412e-02 3.260852131214223015e-02 8.279211317576272433e-02 4.414866346268066233e-02 3.156151616722949887e-02 3.432992180770953750e-02 5.309229025585728706e-02 3.044477890241212847e-01 8.629399977732256366e-02 1.317825656747507734e-01 5.201388176342154335e-01 2.606201809199250596e-01 1.774888418936132473e-01 1.151474798178155901e-01 7.710610354036492309e-01 3.368925647059395345e-01 6.660397591763157488e-01 1.074313567654925361e-01 6.545445904035874785e-01 1.181648122757713582e-01 1.149175873069045450e-01 2.158287006773770833e-01 5.299952899514458471e-01 5.806804473216009566e-01 9.288979956409398886e-02 1.024494559056147447e-01 1.142609858262078198e-01 2.836555496959076716e-01 2.287212244134692596e-01 6.842042436033035635e-01 5.015587680989655461e-02 5.314430884149273088e-02 1.964313395396530826e-01 3.757228534059429137e-01 2.291550463184908182e-01 4.960772850010179008e-02 1.038271472759862563e-01 4.032888216161170658e-01 5.374260249291068492e-02 9.141867722434289523e-02 6.337751143961328770e-01 1.283192731723664104e-01 1.321132793075681100e-01 1.352924985045121931e-01 1.211181847769597503e-01 2.616064711048222691e-01 3.425091803433962662e-02 1.117539728465677257e-01 5.811887254983735124e-02 1.006426794703409872e-01 3.244194767770315901e-01 2.002029794331470491e-01 1.220917104939905490e-01 1.923192293154681320e-01 4.229522570218356009e-02 6.924114336259201696e-02 1.353482516696276616e-01 3.645790162987430638e-01 1.119389117144830720e-01 2.484570454703682318e-01 2.409030085346204053e-01 1.239071503486728482e-01 1.993098082836842755e-01 7.441993458308634457e-01 3.004488849913717341e-01 1.020225664789416342e+00 7.519564452475555605e-01 1.822110197643909135e-01 2.715688365835690066e-01 2.243753336890821071e-01 7.681770581383539076e-01 5.621287722714326390e-02 6.895158246796814772e-02 2.187607572838015657e-01 1.059625136933088074e-01 8.953734832505472196e-02 8.642195490871167063e-02 1.355536415361851543e-01 2.170487929569467067e-01 1.252821830677778026e-01 1.000772618192334318e-01 1.184977226104133446e-01 1.202706338412378589e-01 2.077171305905949894e-01 1.377827825588836264e-01 1.387550719885184414e-01 1.188988809123957407e-01 2.191728664162597706e-01 1.365266376717533259e-01 1.523587931022558906e-01 1.139481406775733341e-01 1.319677698686013423e-01 8.464874829688248670e-02 1.319853114465480981e-01 1.479753788404032377e-01 2.684220806076958454e-01 9.739861019719787960e-02 1.239840550430744565e-01 1.222325129359131679e-01 9.689896013069541902e-02 1.295260985036554291e-01 2.013238211239673781e-01 1.739389837214742052e-01 1.065173551606595354e-01 1.542796298924734300e-01 8.867879711078785476e-02 7.269656256042755782e-02 1.488062095727890888e-01 6.414320653758391610e-02 1.984744012228165932e-01
5.108823529411765207e+02 4.492663437172698254e-02 2.718423577111363926e-02 6.957567801597804025e-02 3.693997407007956757e-02 2.633716227876899130e-02 2.862503946197094903e-02 4.452086591141253546e-02 2.584553673096303128e-01 7.261480907676449992e-02 1.111662969077859137e-01 4.438441290379588899e-01 2.210595947407754946e-01 1.501354420883185548e-01 9.708635271697312052e-02 6.603326486484333291e-01 2.862987562338377701e-01 5.694578279012652011e-01 9.052010974210036864e-02 5.595618181426683657e-01 9.965967107611205245e-02 9.678525874859052192e-02 1.828320389222096998e-01 4.520917783302643156e-01 4.960507308364303647e-01 7.802866210757319898e-02 8.630864655385132866e-02 9.622234491076840646e-02 2.407378160564437042e-01 1.938608399047918041e-01 5.851405066144913514e-01 4.204227093379624136e-02 4.456586391548528897e-02 1.660054933771733521e-01 3.196514508735010529e-01 1.941570109212608364e-01 4.153900988464561544e-02 8.738055742918141022e-02 3.434165864233247323e-01 4.495511760893936698e-02 7.697034024729286494e-02 5.419514210001625809e-01 1.083220682905234877e-01 1.113850049806457132e-01 1.140113631652580756e-01 1.020661034043758297e-01 2.218453080781158382e-01 2.856512362323935031e-02 9.416422421264841747e-02 4.877047229254791866e-02 8.480028682013672492e-02 2.753517988499855629e-01 1.693917822909220272e-01 1.028252904821612135e-01 1.626676972143770439e-01 3.536037561904573773e-02 5.812723216235223672e-02 1.141659276416614605e-01 3.101994397924437985e-01 9.437497737004303666e-02 2.106217315904918841e-01 2.042106675080547495e-01 1.043058751775043369e-01 1.685288114596692755e-01 6.367787157074321636e-01 2.551617696761687704e-01 8.759310482057455216e-01 6.434873942492813637e-01 1.540933470086042756e-01 2.304020918267961071e-01 1.900862306493655840e-01 6.574918210409994579e-01 4.711179792537345534e-02 5.787356353390714359e-02 1.853473406773706034e-01 8.930640496861108613e-02 7.530677377472937140e-02 7.271217900748362661e-02 1.141978896278175865e-01 1.838324492055387338e-01 1.055965842011458850e-01 8.424028933149696474e-02 9.971775752907964530e-02 1.014229092377469527e-01 1.755671609849018266e-01 1.161099319996623941e-01 1.169253676857947427e-01 1.001672555174874663e-01 1.856462862100481115e-01 1.151969777431466196e-01 1.284815096884642238e-01 9.586105689410966135e-02 1.113403065527784064e-01 7.113208326035794227e-02 1.113295824102210618e-01 1.249239878091820410e-01 2.278009912038268525e-01 8.193000531308854140e-02 1.044009985534831847e-01 1.029178909055506741e-01 8.156074404012537971e-02 1.090544819087205936e-01 1.704643440732510618e-01 1.470970426574378098e-01 8.968735591033032140e-02 1.303868202264961140e-01 7.447390522749457176e-02 6.103210863052910273e-02 1.254498042087212328e-01 5.378878798246886084e-02 1.677619129439094081e-01
5.117647058823529278e+02 3.755747655778535893e-02 2.264697527464453256e-02 5.842799428767233433e-02 3.088710298167739871e-02 2.196269809907417520e-02 2.385207287348143149e-02 3.730731761064677576e-02 2.192492705819829857e-01 6.106085287080819518e-02 9.370822091633873585e-02 3.784546502258969158e-01 1.873664584726711935e-01 1.269055587143232966e-01 8.179976171512695626e-02 5.650716877229228219e-01 2.431228596398046227e-01 4.865104813692402996e-01 7.621670765723644048e-02 4.779982528891241200e-01 8.399247757881145304e-02 8.145611494984332512e-02 1.547670422077232488e-01 3.853487013772813330e-01 4.234337694643682815e-01 6.549919687934525891e-02 7.265914776922774432e-02 8.097404241360202370e-02 2.041632780482286746e-01 1.641934992515902969e-01 5.000384429815013521e-01 3.521675739303198327e-02 3.734617510334325291e-02 1.401912057236216758e-01 2.717455175168060344e-01 1.643839924166927702e-01 3.475868790666928471e-02 7.348717673100610415e-02 2.922144074074812803e-01 3.757868315638073636e-02 6.475959211847684416e-02 4.630784153101459855e-01 9.137561372308654339e-02 9.384198184093958672e-02 9.600933247868494169e-02 8.594974986344287859e-02 1.879894624308746376e-01 2.380709713350896012e-02 7.928663084963578911e-02 4.089723625757538117e-02 7.140087740923956039e-02 2.335334536818220452e-01 1.432184624968844688e-01 8.653773098699685251e-02 1.374881581582597101e-01 2.954235924646159833e-02 4.876314076847685502e-02 9.622985864606609097e-02 2.637344435356853700e-01 7.951019936407573152e-02 1.784173355890648627e-01 1.729803167915405504e-01 8.774323902103658979e-02 1.423985172218226736e-01 5.444473016196679227e-01 2.165408752673793624e-01 7.514612175075335854e-01 5.502439704474306748e-01 1.302203153661548873e-01 1.953321311473561195e-01 1.609196831675320793e-01 5.623244736681798361e-01 3.945687106068646033e-02 4.854148950043351424e-02 1.569228246309561647e-01 7.521486177611549917e-02 6.329328869814843106e-02 6.113409823882906546e-02 9.613826962051556790e-02 1.555859285087505262e-01 8.894079893976288009e-02 7.085930182771796315e-02 8.385481536113648104e-02 8.546777098454280686e-02 1.482861818487405947e-01 9.777654435767180185e-02 9.845993930601340538e-02 8.432670139992815006e-02 1.571335653845917779e-01 9.713008715757007194e-02 1.082688696651375876e-01 8.058804616856443670e-02 9.386984220339986140e-02 5.973180623840949888e-02 9.383935897600816090e-02 1.053878187228205893e-01 1.931849615888426297e-01 6.886947990262330677e-02 8.784873574403526120e-02 8.659387673020114973e-02 6.860186175929079699e-02 9.175336226853358923e-02 1.442300386133942569e-01 1.243072806653916645e-01 7.546302597958684522e-02 1.101147207875996376e-01 6.250064408587652220e-02 5.120346915847426295e-02 1.056839934324241836e-01 4.507451879921470922e-02 1.416995931627467176e-01
5.126470588235293917e+02 3.137583311906919081e-02 1.885448996690417336e-02 4.903250359990522778e-02 2.580856199956833505e-02 1.830258577070297682e-02 1.986174346511152336e-02 3.124116483068162600e-02 1.858554112619964782e-01 5.130953942680099855e-02 7.893618980394777329e-02 3.224586183836486986e-01 1.586938348214136374e-01 1.071933564775829906e-01 6.887165642827189349e-02 4.831875574830939435e-01 2.063075024637306687e-01 4.153332456143713491e-01 6.412847728873483089e-02 4.080173089168612210e-01 7.073844919690931710e-02 6.850692229209894013e-02 1.309158724039365396e-01 3.282150596586355662e-01 3.611769500620674589e-01 5.494370918213281607e-02 6.112546300301624491e-02 6.809451726229401314e-02 1.730198009909767742e-01 1.389660276386918136e-01 4.269923539689743919e-01 2.947921473640670309e-02 3.127466413096652992e-02 1.183069509478578002e-01 2.308497143835289978e-01 1.390763671167570270e-01 2.906534789496296317e-02 6.175977363402385123e-02 2.484630806877998754e-01 3.139138104767136284e-02 5.444795225395829275e-02 3.953869758218663266e-01 7.702585320391211465e-02 7.900641028197788462e-02 8.079308415723564230e-02 7.232744643750832481e-02 1.591852536502416093e-01 1.982840008376355809e-02 6.671286547088235708e-02 3.427146541263643986e-02 6.007660787507790312e-02 1.979224491023059140e-01 1.210027132519945203e-01 7.277921721073520034e-02 1.161232519130085544e-01 2.466497801853836588e-02 4.087942805126519585e-02 8.105451409742049640e-02 2.240648845532084710e-01 6.693966849158007604e-02 1.510280116995605659e-01 1.464204007576209998e-01 7.375909178955433743e-02 1.202339608730247367e-01 4.651530386995086364e-01 1.836318601717877586e-01 6.441853861503695766e-01 4.701571857804737742e-01 1.099673496041420756e-01 1.654803103789249941e-01 1.361304281026875784e-01 4.805691339784304295e-01 3.302320310037044904e-02 4.068622146832524128e-02 1.327618400918250952e-01 6.330236677253509026e-02 5.315934276680545079e-02 5.136386029737395609e-02 8.087799661297220832e-02 1.315849955386751424e-01 7.485956670332698237e-02 5.956223601853395666e-02 7.046622930445570199e-02 7.197191886297829577e-02 1.251552457437850041e-01 8.228021558682682701e-02 8.285254588513654705e-02 7.094149030016166924e-02 1.329044304889091255e-01 8.183894286995208045e-02 9.117189320831865784e-02 6.770129868509122684e-02 7.908487559916826948e-02 5.012396383214007961e-02 7.904119586563704281e-02 8.884392416829024752e-02 1.637102762296474556e-01 5.785071577483026639e-02 7.386912523339692060e-02 7.280818125604150703e-02 5.766174830457834050e-02 7.714312214166080262e-02 1.219456266871386807e-01 1.049734226336922205e-01 6.345032942297300360e-02 9.292834550697894047e-02 5.241618307938592652e-02 4.292807481518973872e-02 8.896993341402949229e-02 3.774619511174574782e-02 1.196009843964518093e-01
5.135294117647058556e+02 2.619418532303870173e-02 1.568683291908331418e-02 4.111981737874245008e-02 2.155067628707231855e-02 1.524241066513817681e-02 1.652814868430708267e-02 2.614373448322290794e-02 1.574349872926054938e-01 4.308592467495919037e-02 6.644663992518333451e-02 2.745462282928990971e-01 1.343131447329564965e-01 9.047933662913179576e-02 5.794662389376878386e-02 4.128610892312667424e-01 1.749410318066910441e-01 3.543069236339282946e-01 5.392023546421770980e-02 3.480242400999739583e-01 5.953458928699671693e-02 5.757659570041641361e-02 1.106619425148795410e-01 2.793476312464846512e-01 3.078465427336374849e-01 4.605795110129975306e-02 5.138713074704894662e-02 5.722415447577486325e-02 1.465221844845807642e-01 1.175310639061251800e-01 3.643467219173313620e-01 2.465983918716644491e-02 2.617256856278302526e-02 9.976895683204252407e-02 1.959666126388113772e-01 1.175815115223745044e-01 2.428829459633299534e-02 5.186825979931995734e-02 2.111089033403486248e-01 2.620536169248837213e-02 4.574674684392803642e-02 3.373404435777746513e-01 6.488436659634311265e-02 6.647015455953116103e-02 6.794145236677462396e-02 6.082212050920387386e-02 1.346984996392967537e-01 1.650380933540496545e-02 5.609437390082955277e-02 2.869971300649589580e-02 5.051348854073189204e-02 1.676217273491555082e-01 1.021610031007656738e-01 6.116599556132208682e-02 9.800935046124210903e-02 2.057917512783129926e-02 3.424707736084796339e-02 6.822492560203818890e-02 1.902244791233175802e-01 5.631751550094083597e-02 1.277524002504795142e-01 1.238504680786887691e-01 6.196107418084985385e-02 1.014480548976338797e-01 3.971121474015287811e-01 1.556125365162080720e-01 5.518072848236742489e-01 4.014283089138324101e-01 9.279902970316399047e-02 1.400905570086715124e-01 1.150782642174045384e-01 4.103945781510571211e-01 2.762000631589700550e-02 3.407904794053796121e-02 1.122412047755325243e-01 5.323974242530211953e-02 4.461740705843122989e-02 4.312549204000905995e-02 6.799309449239449021e-02 1.112076984491160575e-01 6.296412916425669914e-02 5.003186491215502740e-02 5.917469791449994632e-02 6.056513046474089335e-02 1.055584264783774040e-01 6.919202807383517673e-02 6.967100957971848751e-02 5.963975310948373132e-02 1.123316830547375911e-01 6.890714741512063424e-02 7.672152512913379963e-02 5.683630009385818443e-02 6.658232330443926428e-02 4.203289144888822798e-02 6.653045200784840629e-02 7.484491251355157582e-02 1.386334451097141762e-01 4.856162924719573809e-02 6.207138611218391416e-02 6.117505212095212391e-02 4.843299890743518049e-02 6.481472191935787330e-02 1.030313997817440957e-01 8.858431316234761932e-02 5.331319252617350984e-02 7.836942532763721547e-02 4.392899624979944989e-02 3.596573201288705279e-02 7.484738363470708200e-02 3.158802285633867390e-02 1.008779660436168596e-01
5.144117647058823195e+02 2.185393593449760918e-02 1.304295526681569818e-02 3.446090762698094528e-02 1.798344282997401192e-02 1.268567766495191061e-02 1.374519816028618897e-02 2.186349737314571828e-02 1.332664315654513987e-01 3.615590102349407198e-02 5.589496953291985676e-02 2.335838690166265053e-01 1.135982687297739518e-01 7.631848083763949353e-02 4.872134847501854299e-02 3.525110479329230939e-01 1.482382472711085142e-01 3.020268613987108774e-01 4.530615106047269219e-02 2.966358015383381286e-01 5.007100498178259501e-02 4.835737238019073569e-02 9.347616800885073796e-02 2.375843810971871306e-01 2.622000601523415408e-01 3.858338241429664500e-02 4.317092443978208516e-02 4.805648046080630842e-02 1.239951905634727181e-01 9.933276058799531127e-02 3.106649351444476514e-01 2.061468697927764174e-02 2.188827804267419117e-02 8.407768266158557879e-02 1.662360173709334366e-01 9.933929933506489840e-02 2.028300258319203075e-02 4.353152957493031106e-02 1.792421660323053334e-01 2.186176070059182852e-02 3.841001901353731374e-02 2.876055308635591112e-01 5.461920854967874939e-02 5.588492599214097550e-02 5.709522605791494260e-02 5.111217016177174027e-02 1.138984336819520993e-01 1.372778174696677282e-02 4.713391562136003826e-02 2.401778710166046354e-02 4.244376039944814522e-02 1.418598022768594036e-01 8.619331616509137706e-02 5.137098973266604474e-02 8.266367700103209593e-02 1.715897068469743672e-02 2.867161673408361380e-02 5.738678246428877139e-02 1.613797965800631562e-01 4.734859161210351608e-02 1.079881774257366728e-01 1.046861791972069494e-01 5.201495355362075607e-02 8.553810610527234903e-02 3.387757542921578935e-01 1.317753006137439287e-01 4.723248819700556211e-01 3.424952789525622654e-01 7.825682686349047512e-02 1.185129410164248304e-01 9.721379814895440841e-02 3.502101707847629086e-01 2.308557861581964771e-02 2.852579660471439918e-02 9.482607065643915145e-02 4.474619234414824870e-02 3.742279764799075203e-02 3.618404788244544701e-02 5.712207737474341018e-02 9.392046331863614095e-02 5.292283865615195204e-02 4.199797826632518938e-02 4.965894339004130187e-02 5.093139113952405150e-02 8.896858587883627045e-02 5.814615895004324186e-02 5.854674175939726666e-02 5.010442996309864144e-02 9.487719663142916982e-02 5.797903710683029177e-02 6.451739125030744870e-02 4.768276593113019574e-02 5.601792969279773687e-02 3.522423974678148134e-02 5.596163336640333497e-02 6.300840896258187718e-02 1.173151286453271158e-01 4.073659773138680468e-02 5.212251973348305117e-02 5.136580532455189280e-02 4.065378501387653665e-02 5.441965220279759013e-02 8.699019327495707832e-02 7.470220382931054559e-02 4.476525512678598134e-02 6.604579981727146110e-02 3.679142056199601746e-02 3.011246150231881510e-02 6.292362295636932945e-02 2.641698684156806171e-02 8.502717557391205327e-02
5.152941176470587834e+02 1.822107089096112673e-02 1.083780369591062429e-02 2.886124274290359504e-02 1.499698440670036749e-02 1.055107711615591547e-02 1.142357536838455902e-02 1.827206320437523360e-02 1.127296577761935786e-01 3.032032116919357312e-02 4.698720846618462121e-02 1.985914554909793406e-01 9.601167957787228036e-02 6.432994850526985164e-02 4.093722469353159449e-02 3.007645022768047904e-01 1.255235540893147872e-01 2.572758203748442551e-01 3.804271204133929940e-02 2.526534809164577844e-01 4.208339404811293344e-02 4.058718823085058491e-02 7.890500622614007864e-02 2.019210770556761347e-01 2.231618868426801516e-01 3.230051006072796882e-02 3.624411294578904624e-02 4.033055962007994072e-02 1.048587326413579074e-01 8.389432339517008397e-02 2.647016800369769718e-01 1.722184835021441790e-02 1.829332913117015513e-02 7.080608217397410531e-02 1.409168434060276698e-01 8.386947441359374200e-02 1.692721567865482918e-02 3.651041874017767891e-02 1.520782899482941153e-01 1.822634897017598801e-02 3.222840722503280547e-02 2.450266440345083563e-01 4.594697357788462416e-02 4.695379341861179862e-02 4.794832898673836996e-02 4.292356658601258201e-02 9.624368528774393527e-02 1.141144080292957191e-02 3.957825286840117862e-02 2.008645680929118521e-02 3.563930736350363199e-02 1.199738524418015179e-01 7.267161917705607099e-02 4.311569663180561673e-02 6.967311345423868318e-02 1.429798584424774553e-02 2.398806205578083925e-02 4.823785719510918779e-02 1.368127366865581340e-01 3.978127259305371671e-02 9.121859046614168298e-02 8.842622822106352420e-02 4.363628432230267501e-02 7.207410821278135982e-02 2.888004069906607296e-01 1.115117871654376092e-01 4.039946090166617876e-01 2.920030255431703137e-01 6.594844471717827006e-02 1.001893347441597110e-01 8.206603624943371866e-02 2.986357437103118739e-01 1.928299582202217671e-02 2.386177195367383819e-02 8.005786175180240605e-02 3.758242020945967016e-02 3.136748767589987719e-02 3.033969982052807379e-02 4.795703440657143185e-02 7.926599443844484227e-02 4.445304137244132647e-02 3.523063257376566476e-02 4.164565300411024462e-02 4.280121617627193759e-02 7.493501488770408503e-02 4.883089791851277783e-02 4.916568743569886546e-02 4.206545117081756519e-02 8.007973321358424768e-02 4.875111792885009065e-02 5.421807204149198256e-02 3.997682390602377150e-02 4.709796567035239023e-02 2.949897009351392166e-02 4.704003247886717753e-02 5.300792571725018026e-02 9.920610350465718097e-02 3.414975708383255482e-02 4.373903567537008874e-02 4.310064959869402273e-02 3.410130910424753747e-02 4.566125910040539498e-02 7.339605678495593477e-02 6.295258080350527030e-02 3.756274960668934404e-02 5.562220876389310092e-02 3.079325336766213297e-02 2.519520102997890865e-02 5.286386796311680347e-02 2.207801549562618190e-02 7.161820903909392466e-02
5.161764705882353610e+02 1.518245017499957918e-02 8.999851618431467179e-03 2.415574467232152467e-02 1.249851671395579150e-02 8.770155246586388426e-03 9.488151154442670682e-03 1.526074647114089924e-02 9.529231871374416185e-02 2.540993497193786907e-02 3.947281648275452470e-02 1.687225104619304306e-01 8.109236283310077009e-02 5.418813674383339551e-02 3.437397481684494049e-02 2.564306477691324360e-01 1.062162431668187967e-01 2.190000822572304717e-01 3.192265517406821240e-02 2.150399188111603022e-01 3.534655093041597779e-02 3.404310110873005196e-02 6.656004773737592140e-02 1.714907530076420772e-01 1.898018393968712303e-01 2.702316177926002150e-02 3.040864516489898486e-02 3.382443599323772115e-02 8.861496165380924883e-02 7.080717158112127818e-02 2.253786030803973939e-01 1.437816862975717369e-02 1.527897028360904012e-02 5.958943543424365108e-02 1.193712736769832333e-01 7.076066208148046321e-02 1.411760881555792872e-02 3.060163633285630999e-02 1.289413061991458165e-01 1.518581338616112851e-02 2.702386675679357975e-02 2.086032548237614637e-01 3.862592821954146521e-02 3.942384977453776418e-02 4.024020534234266228e-02 3.602303687158289053e-02 8.127006414486649677e-02 9.480009765929293258e-03 3.321183881418268008e-02 1.678776492105825413e-02 2.990596967875037288e-02 1.013949790267604373e-01 6.122985681281247622e-02 3.616319470440124834e-02 5.868449312175210569e-02 1.190647246805659303e-02 2.005657407702638589e-02 4.052059322944254888e-02 1.159051941095769755e-01 3.340124340887472287e-02 7.700073554203364090e-02 7.464097013810333525e-02 3.658321716677764845e-02 6.068858520277251034e-02 2.460220592220209168e-01 9.429946716673454077e-02 3.452996431980103753e-01 2.487772836367366236e-01 5.553857802201918326e-02 8.464092278807257286e-02 6.923158955253820579e-02 2.544750171659995730e-01 1.609641954203542419e-02 1.994740820188258337e-02 6.754378246281614318e-02 3.154468890025682176e-02 2.627478029932757767e-02 2.542264689531131480e-02 4.023593577792614756e-02 6.685274900693713440e-02 3.731406565003022452e-02 2.953433376493303647e-02 3.490253458551183935e-02 3.594501731209726741e-02 6.307272326828326781e-02 4.098089353408905511e-02 4.126050903277840576e-02 3.529298847136951023e-02 6.754433751890907833e-02 4.096465920597363447e-02 4.553269645456624326e-02 3.349428043577706848e-02 3.957205116646574788e-02 2.468818953396571467e-02 3.951450054737117717e-02 4.456495894109776396e-02 8.383502560701491801e-02 2.860922878653949716e-02 3.667981747073811166e-02 3.614163588032309055e-02 2.858616336268986896e-02 3.828726459898870726e-02 6.188441020042724505e-02 5.301533932530429899e-02 3.149835989774465994e-02 4.681231154953913176e-02 2.575625025601336812e-02 2.106725291418511462e-02 4.438299441134938711e-02 1.843983319604049556e-02 6.028340504302299313e-02
5.170588235294118249e+02 1.264263979295331304e-02 7.468998679534779271e-03 2.020445566283584141e-02 1.040975842636772050e-02 7.285331374078619568e-03 7.875784269897483092e-03 1.273762384493405501e-02 8.049783439623445225e-02 2.128103311579438925e-02 3.313846621448841845e-02 1.432466956035844952e-01 6.844530790915569207e-02 4.561493375449018894e-02 2.884414285165076697e-02 2.184777274942362735e-01 8.981765714613006157e-02 1.862884172778401237e-01 2.676973288109647797e-02 1.828981593949984830e-01 2.966876195458762605e-02 2.853562551896574040e-02 5.610898285624089932e-02 1.455457064693274905e-01 1.613163273368284079e-01 2.259357084858974393e-02 2.549613740794955813e-02 2.834948419526286956e-02 7.483702284100117452e-02 5.972151530060193503e-02 1.917628874405324091e-01 1.199644035495601481e-02 1.275321945569896954e-02 5.011654583007071895e-02 1.010509062418874088e-01 5.966082980685741277e-02 1.176693366850132226e-02 2.563254242010636064e-02 1.092493987133936195e-01 1.264458184656177923e-02 2.264512492210689690e-02 1.774699825896313699e-01 3.245007664794430369e-02 3.307988415103816499e-02 3.374925509873002299e-02 3.021218541640630778e-02 6.857994510450722558e-02 7.870629360711573971e-03 2.785137806146212661e-02 1.402186704985889341e-02 2.507864163270594540e-02 8.563537441194175870e-02 5.155527390604083132e-02 3.031212165624419183e-02 4.939618689256613376e-02 9.908780050590842992e-03 1.675873285333799589e-02 3.401570723209141472e-02 9.812566227895491711e-02 2.802613537229358548e-02 6.495537034859721892e-02 6.296253073112488552e-02 3.065030940655757291e-02 5.106779665827500259e-02 2.094331560721226504e-01 7.968998107586490465e-02 2.949218153481300009e-01 2.118015184365465986e-01 4.674090461446852446e-02 7.145732810895576159e-02 5.836530308308991721e-02 2.166921728247883094e-01 1.342793741331286227e-02 1.666454123259726583e-02 5.694770506412352024e-02 2.645969640624285663e-02 2.199472646316744107e-02 2.128873486694594919e-02 3.373600169181852765e-02 5.634580588203128709e-02 3.130117676064608084e-02 2.474302778297512995e-02 2.923234078078327733e-02 3.016737800901983860e-02 5.305316818947285185e-02 3.437046645243373860e-02 3.460384736717277837e-02 2.959163973217038626e-02 5.693313858646679299e-02 3.439929706441222784e-02 3.821368877872279718e-02 2.804482795616927010e-02 3.322695631501654950e-02 2.064871516956997763e-02 3.317120883451624147e-02 3.744215943644109423e-02 7.079778326875814376e-02 2.395215505985422502e-02 3.073997708432146814e-02 3.028658639267647890e-02 2.394747314043643022e-02 3.208332609915634515e-02 5.214349946056179297e-02 4.461713899808041756e-02 2.639593276094122018e-02 3.937178012940772964e-02 2.152940209737449345e-02 1.760437981841945013e-02 3.723839630209056784e-02 1.539140850769278070e-02 5.070899341992234771e-02
5.179411764705882888e+02 1.052121252801953462e-02 6.194789450218697417e-03 1.688882473588808331e-02 8.664722604518795834e-03 6.048212761829681663e-03 6.533454516354729978e-03 1.062501919092120710e-02 6.795499665756898899e-02 1.781170499609029817e-02 2.780268644827956284e-02 1.215345191993655594e-01 5.773239047538800128e-02 3.837301877347455703e-02 2.418835274370961450e-02 1.860127279850036230e-01 7.590001979991257974e-02 1.583536397269008078e-01 2.243421124691053273e-02 1.554534554864605844e-01 2.488697745772281561e-02 2.390386084032144337e-02 4.726777463071539509e-02 1.234417471459292731e-01 1.370118384295505587e-01 1.887816352275689322e-02 2.136356266456185607e-02 2.374555269328416582e-02 6.315929083033107461e-02 5.033818810148479178e-02 1.630484531943926230e-01 1.000300417655131634e-02 1.063834812941122192e-02 4.212213839844584917e-02 8.548469757681528836e-02 5.026901941774814669e-02 9.801582727432589515e-03 2.145666171111339227e-02 9.250229433471819640e-02 1.052211677849135274e-02 1.896377404224301733e-02 1.508791190695594198e-01 2.724404354679039325e-02 2.773893474914440951e-02 2.828718500044284656e-02 2.532243720672014073e-02 5.783305397821991711e-02 6.530503702962185859e-03 2.334114538058080709e-02 1.170432717273763717e-02 2.101705524745267617e-02 7.227717223718541084e-02 4.338091193732527412e-02 2.539149566053243434e-02 4.155082886251019320e-02 8.241196574690912158e-03 1.399434770832258187e-02 2.853667631855124134e-02 8.301755709059387145e-02 2.350090907631563475e-02 5.475808034888825920e-02 5.307623274839066291e-02 2.566320566882153778e-02 4.294413614133210655e-02 1.781625103295843282e-01 6.729898775011254608e-02 2.517168341594838710e-01 1.801966676659871591e-01 3.931116377957115382e-02 6.028717577521842258e-02 4.917213536783248545e-02 1.843912720927732563e-01 1.119486319524058172e-02 1.391321738248897828e-02 4.798227331289335595e-02 2.218016717066576687e-02 1.840019314673047371e-02 1.781569540445269995e-02 2.826799949969580061e-02 4.745895475309144101e-02 2.624037336061942755e-02 2.071579837289201989e-02 2.446773639313027868e-02 2.530212317490946813e-02 4.459624453554252022e-02 2.880785788775691927e-02 2.900252287348909289e-02 2.479542660804629622e-02 4.795737898394306087e-02 2.886752153868679324e-02 3.205052132024419076e-02 2.346707200034463953e-02 2.788126016166498147e-02 1.725927115448707555e-02 2.782827401855237498e-02 3.143744200544222600e-02 5.974824670433229179e-02 2.004043690446079967e-02 2.574557336312895822e-02 2.536387559352111520e-02 2.004872499968968907e-02 2.686750022616521058e-02 4.390699979835479411e-02 3.752479513086467988e-02 2.210593210578421300e-02 3.309233353360430119e-02 1.798489041125405155e-02 1.470146142892456327e-02 3.122383877299064400e-02 1.283891662164476921e-02 4.262745137335207518e-02
5.188235294117646390e+02 8.750441428582536943e-03 5.134898155556404283e-03 1.410851470438247851e-02 7.207829759280488975e-03 5.018160177321811556e-03 5.416674777902630127e-03 8.857348277738057510e-03 5.732890100403047889e-02 1.489861742078262170e-02 2.331123414828105769e-02 1.030439023054954273e-01 4.866443104088561539e-02 3.226005249904363714e-02 2.027121576248306842e-02 1.582634383585947713e-01 6.409668544307563220e-02 1.345163425771659926e-01 1.878898739664559836e-02 1.320372288631822821e-01 2.086264216703916791e-02 2.001129274909979258e-02 3.979385522210734938e-02 1.046243699794502102e-01 1.162904093630884872e-01 1.576394126660194892e-02 1.788953293063486397e-02 1.987677809609277382e-02 5.326886042188885145e-02 4.240154120423531708e-02 1.385393786324811416e-01 8.335693666848827815e-03 8.868725467677911201e-03 3.538027483193435102e-02 7.226840521495514480e-02 4.232815785744783316e-02 8.159506170809127656e-03 1.794982073063236191e-02 7.827022278234596619e-02 8.750603346262594145e-03 1.587090544134812237e-02 1.281852247244222587e-01 2.285864714738716774e-02 2.324558621592113378e-02 2.369413590175683051e-02 2.121067446831071193e-02 4.873844858001483149e-02 5.415323763497089000e-03 1.954894896600876258e-02 9.763796865472193845e-03 1.760214210183659589e-02 6.096273341136568269e-02 3.647909697719046995e-02 2.125625246576148125e-02 3.492900830106109022e-02 6.850107299928652471e-03 1.167871973499975957e-02 2.392497673921413492e-02 7.018900554188332863e-02 1.969386908235313052e-02 4.613159209864212129e-02 4.471313624510547813e-02 2.147405589970497602e-02 3.608954097974817476e-02 1.514575388205712803e-01 5.679731331056361160e-02 2.146922805287935498e-01 1.532032460914194427e-01 3.304115458054047300e-02 5.082987111296556615e-02 4.140009929771392566e-02 1.567980848806239391e-01 9.327424689485334236e-03 1.160895520100538487e-02 4.040203746626318260e-02 1.858104743209150131e-02 1.538348026061398845e-02 1.489990833853818523e-02 2.367132495252148583e-02 3.994782156857834554e-02 2.198389663912289280e-02 1.733315947382034830e-02 2.046687897538236600e-02 2.120806133912674085e-02 3.746334638080178053e-02 2.413026600625449089e-02 2.429253418504899106e-02 2.076348080636055207e-02 4.037048773846718674e-02 2.420991230508966197e-02 2.686431983510583626e-02 1.962425066155392556e-02 2.338073463925405618e-02 1.441722057768089760e-02 2.333111473444017883e-02 2.637889083847022587e-02 5.039020690360844490e-02 1.675706580496404835e-02 2.154905898794463176e-02 2.122793417281896439e-02 1.677417327716150541e-02 2.248547279283033204e-02 3.694759092254726318e-02 3.153954869639442188e-02 1.850152205560954069e-02 2.779656943284998863e-02 1.501461344384757111e-02 1.226962491190421688e-02 2.616415108687208946e-02 1.070313622452089344e-02 3.581088066596204572e-02
5.197058823529412166e+02 7.273348236528550878e-03 4.253851480181043698e-03 1.177868758438859603e-02 5.992310899168984753e-03 4.161077303777228203e-03 4.488152101920649464e-03 7.379289370558173369e-03 4.833314743297061067e-02 1.245427023797384368e-02 1.953314121657140356e-02 8.730855804160904399e-02 4.099437057689139796e-02 2.710369807455675559e-02 1.697783511589792682e-02 1.345628747790595381e-01 5.409373820367843755e-02 1.141908011278071483e-01 1.572627685419329333e-02 1.120731719643161817e-01 1.747813368419885369e-02 1.674221198462301149e-02 3.348028711322802164e-02 8.861679445361803076e-02 9.863703306534284121e-02 1.315540479840636955e-02 1.497112782495006039e-02 1.662801620763115079e-02 4.489822791814295638e-02 3.569334202839582332e-02 1.176355221872892182e-01 6.942092836360213258e-03 7.388988713525153004e-03 2.969871709926247966e-02 6.105548973388290335e-02 3.561888805876395336e-02 6.788446858367877708e-03 1.500685636172838407e-02 6.618437748275222965e-02 7.272994021842969781e-03 1.327424036216698355e-02 1.088317601127669620e-01 1.916711645303125974e-02 1.946795429586836018e-02 1.983452427664336368e-02 1.775551317518398939e-02 4.104762795275796600e-02 4.487937433461641583e-03 1.636268618024575364e-02 8.140045403053039128e-03 1.473293057736507414e-02 5.138628844627124437e-02 3.065585948275392422e-02 1.778343867203075260e-02 2.934386436459884492e-02 5.690436726217704133e-03 9.740315913752574731e-03 2.004601626868725978e-02 5.930403631184386765e-02 1.649326127748092577e-02 3.883917122950627382e-02 3.764363123104727538e-02 1.795761036922163476e-02 3.030984897911847414e-02 1.286688509302300609e-01 4.790333234338916418e-02 1.829884602445244479e-01 1.301658263631257362e-01 2.775359487258099653e-02 4.282853244522521335e-02 3.483420397253482459e-02 1.332443122025240845e-01 7.766803542020304582e-03 9.680419802282654376e-03 3.399756172071954213e-02 1.555625868346169685e-02 1.285343975441706130e-02 1.245364427425644724e-02 1.980980709774319767e-02 3.360397019575214750e-02 1.840639860113560747e-02 1.449389706574273455e-02 1.710965429796723961e-02 1.776534936873581591e-02 3.145142641884560164e-02 2.019961178065715623e-02 2.033478957435250548e-02 1.737636460650426526e-02 3.396213596289923697e-02 2.029106749540156296e-02 2.250325730785097955e-02 1.640058963361032060e-02 1.959440125217172535e-02 1.203578571343861051e-02 1.954848592897731607e-02 2.212040398980321537e-02 4.247044407672937588e-02 1.400300078141644526e-02 1.802540070204048175e-02 1.775541544664322249e-02 1.402577743915723978e-02 1.880649374613526520e-02 3.107144595910889262e-02 2.649215836394262780e-02 1.547522774414790067e-02 2.333354147393598352e-02 1.252723407478366184e-02 1.023380651220685139e-02 2.191069713184517001e-02 8.917241336288557127e-03 3.006533701972573941e-02
5.205882352941176805e+02 6.042032705025604002e-03 3.521940485513314328e-03 9.827664069157686366e-03 4.978839622585251243e-03 3.448377924941715099e-03 3.716646765684515890e-03 6.144212407367208133e-03 4.072301300853662515e-02 1.040462679106160353e-02 1.635728839805202645e-02 7.392772948904402508e-02 3.451130459693559777e-02 2.275728824876781936e-02 1.421078009055096354e-02 1.143354309017110132e-01 4.562262735790140189e-02 9.687248503927081700e-02 1.315474689580180788e-02 9.506493360957513072e-02 1.463367753584870860e-02 1.399861897701333395e-02 2.815067052006684292e-02 7.500941240109508523e-02 8.360852677275741607e-02 1.097190428991171203e-02 1.252115254883293984e-02 1.390175741404644887e-02 3.781888785924954199e-02 3.002744692806034316e-02 9.981978170867143729e-02 5.778039395303358194e-03 6.152471497467527743e-03 2.491402904091833195e-02 5.154912127341923500e-02 2.995418420247007371e-02 5.644427219473686225e-03 1.253877309991975608e-02 5.592853040035941636e-02 6.041333820161301146e-03 1.109565013542939023e-02 9.233925817289863336e-02 1.606180771228722312e-02 1.629420972271033302e-02 1.659344441007625653e-02 1.485408251084491607e-02 3.454851123699591298e-02 3.717215818672021943e-03 1.368736341410173654e-02 6.782265249079467116e-03 1.232386132829749702e-02 4.328662600024593687e-02 2.574607525861596219e-02 1.486892197413569421e-02 2.463638296373244982e-02 4.724316263547609189e-03 8.118767911597215073e-03 1.678561029638769506e-02 5.007484147957736581e-02 1.380432619277549913e-02 3.267885760958505470e-02 3.167184327705745150e-02 1.500784601170627140e-02 2.543988886628624838e-02 1.092365801469045439e-01 4.037629452642793604e-02 1.558612970907556072e-01 1.105192615978717180e-01 2.329764855384441891e-02 3.606381090548371748e-02 2.929116886795952307e-02 1.131535854365546406e-01 6.463452025628635238e-03 8.067422185948353378e-03 2.859028240255719749e-02 1.301588721037124849e-02 1.073299040935509104e-02 1.040268448808095818e-02 1.656808015675580170e-02 2.824975902524239427e-02 1.540162458871636303e-02 1.211234026012387652e-02 1.429442511910761909e-02 1.487234269237312605e-02 2.638783267600422131e-02 1.689887446371311081e-02 1.701141471288226265e-02 1.453288843164770444e-02 2.855305292168504316e-02 1.699607413812569134e-02 1.883856372316555089e-02 1.369815595903620814e-02 1.641111213959788387e-02 1.004165328494131468e-02 1.636904191535620487e-02 1.853791389014304222e-02 3.577266312094456308e-02 1.169447325527082394e-02 1.506872421236052535e-02 1.484188286534645837e-02 1.172055789541632913e-02 1.571986307049540871e-02 2.611342776658453005e-02 2.223863011589280805e-02 1.293604970718183547e-02 1.957491404001551055e-02 1.044563759400829982e-02 8.530653337185297932e-03 1.833745298521494843e-02 7.424903587276657918e-03 2.522590111305504298e-02
5.214705882352941444e+02 5.016259640013909400e-03 2.914303983084689208e-03 8.194934803415907659e-03 4.134375266268896718e-03 2.856115020642135353e-03 3.076010920825548740e-03 5.112846465530685065e-03 3.428958082512772315e-02 8.687096592205883344e-03 1.368948047308187442e-02 6.255731096960973070e-02 2.903535821638043857e-02 1.909611405935085840e-02 1.188750326421715575e-02 9.708485046556965259e-02 3.845382562074625699e-02 8.212722338630723540e-02 1.099707391185082879e-02 8.058544075535145623e-02 1.224471297594302913e-02 1.169758581993313173e-02 2.365477326088519933e-02 6.345066123192612262e-02 7.082388327237598702e-02 9.145389401351566860e-03 1.046579887000016924e-02 1.161549724729744708e-02 3.183582752173240438e-02 2.524522786493984053e-02 8.464703622979523334e-02 4.806356465800781103e-03 5.119871078158936585e-03 2.088738535915085626e-02 4.349528767372560362e-02 2.517473147603435657e-02 4.690468481797159181e-03 1.047032332911413365e-02 4.723179296973237934e-02 5.015344625002325640e-03 9.269044394388832944e-03 7.829504545740939569e-02 1.345139995462345077e-02 1.362961175565934047e-02 1.387360007290473242e-02 1.241927684335508535e-02 2.906026640280466589e-02 3.077098016306792621e-03 1.144255573701696144e-02 5.647634252182817498e-03 1.030249761201834299e-02 3.644080540442288380e-02 2.160930233051999716e-02 1.242458635100033779e-02 2.067136837840503893e-02 3.919958215046053310e-03 6.763172843225678972e-03 1.404697233853214634e-02 4.225510423816384448e-02 1.154678555586427513e-02 2.747851428958677719e-02 2.663082922304741210e-02 1.253509302613035198e-02 2.133927808200164131e-02 9.267851050925081380e-02 3.401058318551019449e-02 1.326674391009859955e-01 9.377673203491196374e-02 1.954509573073384687e-02 3.034857851896212780e-02 2.461488916442482189e-02 9.602931174752993293e-02 5.375667109745103402e-03 6.719220825376077087e-03 2.402809568406624047e-02 1.088378827936962653e-02 8.957003424971389516e-03 8.684294037198959579e-03 1.384848976825421574e-02 2.373392887523714107e-02 1.287958384627926889e-02 1.011603718201740769e-02 1.193526365985567508e-02 1.244290839864254858e-02 2.212588957472847243e-02 1.412896679409338455e-02 1.422260343911714575e-02 1.214739742338673441e-02 2.399057865352909047e-02 1.422749426169471476e-02 1.576112040387827803e-02 1.143418009538012606e-02 1.373663110959268303e-02 8.372938026313409693e-03 1.369840255079922409e-02 1.552615756472499990e-02 3.011227929722169738e-02 9.760692746093490441e-03 1.258945725252941933e-02 1.239898792629580242e-02 9.788342703248424995e-03 1.313193778697886900e-02 2.193297003677726828e-02 1.865656122447690440e-02 1.080700507896479104e-02 1.641167326277402638e-02 8.704772744171182519e-03 7.106742328334967815e-03 1.533766099916471747e-02 6.178683353734929287e-03 2.115246014903326283e-02
5.223529411764706083e+02 4.162259154888583480e-03 2.410153708751019194e-03 6.829461542048492241e-03 3.431180277871315621e-03 2.364243493132572350e-03 2.544375625177745705e-03 4.252145130593736923e-03 2.885465783363612424e-02 7.248809511695266175e-03 1.144993554538860717e-02 5.290211042719257517e-02 2.441325484802638751e-02 1.601422890524246967e-02 9.938125687811062356e-03 8.238369244619607457e-02 3.239133265471635242e-02 6.958174314069874578e-02 9.187848729924999111e-03 6.826757214093620574e-02 1.023963392541860952e-02 9.768996538843631450e-03 1.986476030328985024e-02 5.363907384210366003e-02 5.995585116538367648e-02 7.618487237647510353e-03 8.742642792763157325e-03 9.699485933704791313e-03 2.678276433691529138e-02 2.121162278648644831e-02 7.173448690813526152e-02 3.995772903608137833e-03 4.258113109471005180e-03 1.750096650872999884e-02 3.667681319710641014e-02 2.114493869507761553e-02 3.895501628440277680e-03 8.737935686115083644e-03 3.986232408888167739e-02 4.161223078414441091e-03 7.738562068057079982e-03 6.634427271647320989e-02 1.125848526682259564e-02 1.139396420349873124e-02 1.159267459353180603e-02 1.037740213449749559e-02 2.442884045471557103e-02 2.545782862801207556e-03 9.560228866217757721e-03 4.700089791488341190e-03 8.607564483495321744e-03 3.065871691636220045e-02 1.812619474009182635e-02 1.037593142743028531e-02 1.733397460823433295e-02 3.250700401825882060e-03 5.630644086174853465e-03 1.174813263941318006e-02 3.563420589111970793e-02 9.652686129577477819e-03 2.309155187577939528e-02 2.237842837299401644e-02 1.046357532045781580e-02 1.788880442305791282e-02 7.857969975918557837e-02 2.863074304844932111e-02 1.128511515369035600e-01 7.951927768070403413e-02 1.638703526009080078e-02 2.552333581193413220e-02 2.067252172245199679e-02 8.144403127977366263e-02 4.468376646540074548e-03 5.593073544854785910e-03 2.018154997027306330e-02 9.095531132007316985e-03 7.470494099485689918e-03 7.245489030346281834e-03 1.156844283211686843e-02 1.992779619436999342e-02 1.076412422269212681e-02 8.443766372941497247e-03 9.959583417822694129e-03 1.040411857639268224e-02 1.854109610188832413e-02 1.180605712554636672e-02 1.188391851507886177e-02 1.014744716607684540e-02 2.014482647690987380e-02 1.190277681610424354e-02 1.317853895791051833e-02 9.538766136380558494e-03 1.149112778582431910e-02 6.977444102942845401e-03 1.145663585901436979e-02 1.299590206257388546e-02 2.533190828156831748e-02 8.141885896735369735e-03 1.051188181951465822e-02 1.035205397325006382e-02 8.169840141534505731e-03 1.096356971274322495e-02 1.841052471424092091e-02 1.564199140220540879e-02 9.023022989544608047e-03 1.375129676861665783e-02 7.249809669678730292e-03 5.917060096891038623e-03 1.282095981608522700e-02 5.138659326351328188e-03 1.772607867995985159e-02
5.232352941176470722e+02 3.451709873903209200e-03 1.992120222611682562e-03 5.688229381664165925e-03 2.845987272292602437e-03 1.955997314091647774e-03 2.103464619344289598e-03 3.534321922309124030e-03 2.426638867889194945e-02 6.045142498585543388e-03 9.571135916166220725e-03 4.470912490924843635e-02 2.051449573099651050e-02 1.342170119772880497e-02 8.303541641771416612e-03 6.986412841066870494e-02 2.726792427625837623e-02 5.891541930080940875e-02 7.671786545566823372e-03 5.779602945125697500e-02 8.557854310265516559e-03 8.153616268132879430e-03 1.667194764668405299e-02 4.531637278159553195e-02 5.072360547202204445e-02 6.342866216438265703e-03 7.298931523342717075e-03 8.094804651216924718e-03 2.251803614778271137e-02 1.781173349925719782e-02 6.075323043671990858e-02 3.320005906027712495e-03 3.539386714909338160e-03 1.465486359284875854e-02 3.090817959403520040e-02 1.774950398054006562e-02 3.233443484816516701e-03 7.287947244504306039e-03 3.362187816831141429e-02 3.450621884262071188e-03 6.457027108167263940e-03 5.618209034587242495e-02 9.417503949156479787e-03 9.519438622558313787e-03 9.681082215935322283e-03 8.666161426874418108e-03 2.052310663713772729e-02 2.105046649942219142e-03 7.982878054566679843e-03 3.909286064662448670e-03 7.187271083930879892e-03 2.577838756265590087e-02 1.519541924754186195e-02 8.660019594785340474e-03 1.452672435061279702e-02 2.694197106766003762e-03 4.685077767181116543e-03 9.819727181867929020e-03 3.003221128175912955e-02 8.064554972225983567e-03 1.939324418617547480e-02 1.879368737526877428e-02 8.729310202007038375e-03 1.498731901479270767e-02 6.658342013979541563e-02 2.408718632664092613e-02 9.593283949290018486e-02 6.738667344014602489e-02 1.373105190297729990e-02 2.145224964381615973e-02 1.735111512262895936e-02 6.903013196118384931e-02 3.712108368145700978e-03 4.653005228861456684e-03 1.694056574171340021e-02 7.596641809416690254e-03 6.227079719259223309e-03 6.041557379158012629e-03 9.658142131844434444e-03 1.672197731457520861e-02 8.990856786066023232e-03 7.043838161166903790e-03 8.306117924633168656e-03 8.694277455027770926e-03 1.552786241397178732e-02 9.859278684150797611e-03 9.923984204717638952e-03 8.471816766655463141e-03 1.690538040536582534e-02 9.952041424671756106e-03 1.101266091860107071e-02 7.952937050973782687e-03 9.607031514642557987e-03 5.811183755414021414e-03 9.576101869770639249e-03 1.087156670989654177e-02 2.129747358839540611e-02 6.787622774362754574e-03 8.772043916969016544e-03 8.638011859672665646e-03 6.814992628522973869e-03 9.147916495017435756e-03 1.544450576619786283e-02 1.310669915631114055e-02 7.529146238916641261e-03 1.151532501117728292e-02 6.034570508613210961e-03 4.923709664354877606e-03 1.071092957774352240e-02 4.271263687796384052e-03 1.484588199836736795e-02
5.241176470588234224e+02 2.860878077770894617e-03 1.645701528383413260e-03 4.735014218320957730e-03 2.359293570473841063e-03 1.617363606911926665e-03 1.738015495933998601e-03 2.936031320071176565e-03 2.039547306274699587e-02 5.038463279669635510e-03 7.995988997462347841e-03 3.776170278210089909e-02 1.722806946195826541e-02 1.124225730225441623e-02 6.933798124074189856e-03 5.920991654359675227e-02 2.294105011272280434e-02 4.985309674644457928e-02 6.402197359486929903e-03 4.890026545982135292e-02 7.148153648692071385e-03 6.801443078324110984e-03 1.398401050320091828e-02 3.826147792988410928e-02 4.288637643805928018e-02 5.277843317864399676e-03 6.090121255575631394e-03 6.751723642411285031e-03 1.892105814742166270e-02 1.494789727317760719e-02 5.142092568583820494e-02 2.756982491975817125e-03 2.940325094113530480e-03 1.226442618917446617e-02 2.603104887645245683e-02 1.489046123630560423e-02 2.682413464207966149e-03 6.075095463097958393e-03 2.834108421507111272e-02 2.859787340826409549e-03 5.384630002072546620e-03 4.754683833735674076e-02 7.872975959042669003e-03 7.948713493071957875e-03 8.080046291446579126e-03 7.232935450808121967e-03 1.723154722273294651e-02 1.739667494730396703e-03 6.661937352879673986e-03 3.249707826153647779e-03 5.997878104659888285e-03 2.166193401124485995e-02 1.273100832163538525e-02 7.223724444338505170e-03 1.216695126721599463e-02 2.231734542133775347e-03 3.896103958043546558e-03 8.203106807598999767e-03 2.529553174321087089e-02 6.733822443762802097e-03 1.627755672794721845e-02 1.577378325406413040e-02 7.278316041328881242e-03 1.254906993192298273e-02 5.638326847768766054e-02 2.025248811687830122e-02 8.149900112948772757e-02 5.706947383103430638e-02 1.149878579229614978e-02 1.801973988368601315e-02 1.455471199497350605e-02 5.847175680676773568e-02 3.082114997945262832e-03 3.868760192008740238e-03 1.421161586726522007e-02 6.341101907334500097e-03 5.187664885396171995e-03 5.034797437802330557e-03 8.058651366656927051e-03 1.402357149233462996e-02 7.505383015136308893e-03 5.872645438579446320e-03 6.923196423810567754e-03 7.261233557352171977e-03 1.299671098182538301e-02 8.228773028826803781e-03 8.282514181801422376e-03 7.068811374288187614e-03 1.417845473798869799e-02 8.316181847449035172e-03 9.197419385614004350e-03 6.626969025693582593e-03 8.027195059695672874e-03 4.837115692273716121e-03 7.999609076806387178e-03 9.089186377286687102e-03 1.789485226588817882e-02 5.655390261746942419e-03 7.315969434137972391e-03 7.203638872033658012e-03 5.681572403336969043e-03 7.628573286409700248e-03 1.294866262280343870e-02 1.097588073857020015e-02 6.278996578644072991e-03 9.637278478229286890e-03 5.020195016924087865e-03 4.094810436305657345e-03 8.942993400917940983e-03 3.548292934157483338e-03 1.242638470811585627e-02
5.250000000000000000e+02 2.369889565455000121e-03 1.358798633289999905e-03 3.939334429854999750e-03 1.954764416599999617e-03 1.336639286850000059e-03 1.435292102495000022e-03 2.437674038439999798e-03 1.713190786649999853e-02 4.197060127239999640e-03 6.676256460650000120e-03 3.187448182100000027e-02 1.445961993950000031e-02 9.411260037499999051e-03 5.786711253899999921e-03 5.014940968599999882e-02 1.928929551150000005e-02 4.215884996449999894e-02 5.339681136500000307e-03 4.134833693050000286e-02 5.967264060950000157e-03 5.670302090550000118e-03 1.172258597779999960e-02 3.228531333499999600e-02 3.623791727939999763e-02 4.389200254249999746e-03 5.078629492365000636e-03 5.628302309799999847e-03 1.588927291799999836e-02 1.253717061520000058e-02 4.349541642449999967e-02 2.288179361949999914e-03 2.441310444965000097e-03 1.025798982815000031e-02 2.191039616199999887e-02 1.248464227249999892e-02 2.224070407899999668e-03 5.061233123350000404e-03 2.387536436305000287e-02 2.368830021989999819e-03 4.487804014449999976e-03 4.021412634250000340e-02 6.577989396800000207e-03 6.633385211299999522e-03 6.739959959249999973e-03 6.033314132699999985e-03 1.445939977499999946e-02 1.436940223925000119e-03 5.556422809199999639e-03 2.699917948249999818e-03 5.002475387400000251e-03 1.819207817295000196e-02 1.066008980239999994e-02 6.022236775694999808e-03 1.018460616334999902e-02 1.847652293000000105e-03 3.238195709850000097e-03 6.848721872949999935e-03 2.129317929599999770e-02 5.619475707649999874e-03 1.365442020300000094e-02 1.323137827454999929e-02 6.065085049099999681e-03 1.050141835885000027e-02 4.771630060899999942e-02 1.701819364649999680e-02 6.919344181108000313e-02 4.830209143700000402e-02 9.623848581599999882e-03 1.512754155859999915e-02 1.220185957010000086e-02 4.949775906050000313e-02 2.557632604729999804e-03 3.214912507749999922e-03 1.191530209844999903e-02 5.290066894850000041e-03 4.319322436549999714e-03 4.193443888749999633e-03 6.720244551199999923e-03 1.175374239799999859e-02 6.261781253050000343e-03 4.893428918999999377e-03 5.767275460580000013e-03 6.060938515280000181e-03 1.087187954670000047e-02 6.864020161109999664e-03 6.908629215709999674e-03 5.894814749749999888e-03 1.188445508009999992e-02 6.945244679449999459e-03 7.677013157309999988e-03 5.518972433129999342e-03 6.703325602150000430e-03 4.024072482350000285e-03 6.678839197349999840e-03 7.594670075899999373e-03 1.502698631795000052e-02 4.709377374899999767e-03 6.098142460590999341e-03 6.004056614505000507e-03 4.733984835200000414e-03 6.357980913965000092e-03 1.084982551105000137e-02 9.186161141349999393e-03 5.233466488850000396e-03 8.060874316599998812e-03 4.174006263909999827e-03 3.403563829300000274e-03 7.462625114849999811e-03 2.946068827244999969e-03 1.039520158484999977e-02
