3.000000000000000000e+02 3.117691348783187641e+04 3.170227621250501761e+04 4.217845658671038836e+04 3.686414917422147846e+04 4.096381938899045053e+04 3.110025182166945524e+04 2.748123359110839010e+04 2.336038994040664329e+04 2.728610638333725728e+04 3.600314683772173157e+04 2.634713071610918269e+04 2.775980768520252968e+04 2.239889794212000197e+04 2.566352711805597573e+04 1.360455079835903598e+04 2.570959847534229993e+04 1.806058086580771123e+04 2.614360123444489000e+04 1.813178882614232498e+04 2.695556970460164302e+04 4.166310427156429796e+04 2.222495016339310314e+04 2.719061895999596163e+04 2.303192242240194901e+04 5.287288257226752467e+04 2.772619243975747304e+04 3.171207521737193019e+04 2.461676626950353602e+04 2.186389604046244858e+04 1.777549494446471726e+04 2.788571683728316930e+04 2.554529610606360075e+04 2.111784062591020484e+04 2.246422981466509373e+04 2.417111434943655331e+04 3.590023538001343695e+04 3.698631632099526178e+04 1.738951229022827829e+04 3.358714606420166092e+04 2.292700769450787266e+04 2.153445908031938961e+04 3.469088888266158028e+04 3.888488735023873596e+04 2.429529511198594992e+04 3.389910238373281754e+04 2.626229949812264749e+04 7.380578222266040393e+04 3.901746431669423328e+04 2.680784366269880775e+04 2.430955294549780592e+04 3.552095421040427027e+04 2.504736506347508475e+04 5.735703573953793966e+04 2.516503216370391965e+04 3.471418215077056811e+04 4.228796545032919676e+04 3.836594960869693023e+04 1.848980234722582463e+04 3.005807170007994864e+04 2.436755116639723201e+04 2.796500065211362016e+04 5.593584788020289125e+04 4.033218083401817421e+04 2.291617756761786950e+04 2.814500098429923673e+04 1.788919615922372031e+04 2.289035619603842133e+04 3.852503912586483784e+04 2.182155103641622918e+04 2.439716327823340180e+04 2.296120067432803262e+04 2.843364677062414557e+04 2.471905892703558493e+04 2.178592067878161834e+04 2.616010008213558103e+04 3.196314800675589868e+04 3.118227691034237068e+04 3.942099743961115746e+04 2.445849344248291163e+04 3.870551473003328283e+04 3.610274185594214941e+04 5.640615586084745883e+04 4.526223093755424634e+04 3.505268732655968779e+04 6.783721516639302718e+04 4.772321431724786817e+04 4.085614910708126263e+04 2.459170045487684183e+04 3.414340408689736796e+04 4.634030230849845975e+04 6.026464086293371656e+04 3.507614158966230752e+04 3.077308627440126293e+04 3.441611182119284058e+04 3.987125255820321763e+04 1.819414939394282192e+04 3.962378492633693531e+04 6.034552957867951773e+04 6.568502901947323699e+04 3.647515731458187656e+04 4.012610646937352431e+04 3.273650192503947619e+04 2.266402746572153410e+04 2.827912959610856706e+04 1.963786244526882729e+04 4.419130119356551586e+04 3.455043688507465413e+04 3.857847431172027427e+04 3.144362997434223144e+04 5.686947253183794965e+04
3.008823529411764639e+02 3.225260428382995087e+04 3.227973821231121474e+04 4.405422298088915704e+04 3.854031820463346230e+04 4.228093925356024556e+04 3.195392745817409013e+04 2.892430300904531032e+04 2.501607148202490134e+04 2.900047735045746958e+04 3.808037108477482252e+04 2.717747383614829596e+04 2.861060345342428263e+04 2.322606200044497746e+04 2.761427618111976335e+04 1.450057474550142615e+04 2.644352000646809392e+04 1.924977726454259027e+04 2.819360546089208583e+04 1.932268966343870488e+04 2.875162632237555590e+04 4.275103311532158841e+04 2.299866417386005924e+04 2.869455355841531491e+04 2.426944954488548319e+04 5.145887398305258830e+04 2.937215115851185692e+04 3.264572278581420687e+04 2.561729371869390889e+04 2.271516408700259126e+04 1.895136517936090968e+04 2.927369256754285379e+04 2.713693171163168881e+04 2.246643930644927968e+04 2.302029196168328053e+04 2.514403572897262347e+04 3.752360649776288483e+04 3.852080592008749227e+04 1.868103519803790914e+04 3.440400676062573621e+04 2.458459321394447397e+04 2.274492236039144336e+04 3.621173606106159423e+04 4.028414935011636408e+04 2.554434306649574501e+04 3.592226741776491690e+04 2.665710898117708348e+04 7.330902424855007848e+04 4.098771925055085740e+04 2.851862764263135978e+04 2.593491063072506586e+04 3.735807091024720285e+04 2.660767294503670200e+04 5.953566891135484912e+04 2.669290682911078693e+04 3.489336791257478762e+04 4.402789945651413291e+04 4.022930910359271365e+04 1.910141995354879327e+04 3.189725549510843121e+04 2.521988396274376282e+04 2.998912140791373531e+04 5.650014532491790305e+04 4.214979773568452219e+04 2.385425016501198843e+04 2.877712204823487627e+04 1.925257155863808657e+04 2.382674075219772567e+04 4.036030367531657976e+04 2.340749168543533597e+04 2.506585006539112146e+04 2.395570688658580548e+04 3.013702225099391944e+04 2.521915629593131598e+04 2.257073732432136967e+04 2.767161414569148837e+04 3.354546919137296936e+04 3.304808709983497101e+04 4.070849611648428981e+04 2.512476787021022756e+04 4.063194887769679190e+04 3.780949869438641326e+04 5.696926941738303140e+04 4.673441290712046612e+04 3.678378373566400114e+04 6.841045035726079368e+04 4.866170084867538390e+04 4.246196673232363537e+04 2.530862312641362951e+04 3.603937561029622884e+04 4.642361944070266327e+04 6.066999582592859952e+04 3.674441860255171196e+04 3.222539234211874646e+04 3.623716323902673321e+04 4.166953366171742528e+04 1.947274578255793313e+04 4.137581406474120740e+04 6.213842269126547762e+04 6.699594707326572097e+04 3.798029479230110155e+04 3.954478837030865543e+04 3.427471415180854092e+04 2.375135175232249458e+04 2.864218319564067860e+04 2.041097354116108909e+04 4.413588906978019077e+04 3.637305145476301550e+04 4.063674357781028084e+04 3.274637660050182967e+04 5.991356182750593143e+04
3.017647058823529278e+02 3.324888172253041557e+04 3.276457355401259338e+04 4.562218516564991296e+04 4.010297204073933244e+04 4.339081930714203918e+04 3.269384435518137980e+04 3.028972954264402870e+04 2.670476410689893964e+04 3.062586012669377305e+04 4.005513099452474853e+04 2.800004474963715256e+04 2.944047618661199886e+04 2.410971684509890838e+04 2.962068711694044396e+04 1.564366450941843323e+04 2.712548306518997560e+04 2.055024174208706972e+04 3.027322243945097944e+04 2.062395938147429479e+04 3.047961440279766975e+04 4.364226055653540243e+04 2.382342361013326808e+04 3.036229321423581496e+04 2.555663368146655193e+04 4.992151420955088543e+04 3.090579991973057258e+04 3.340767409078721539e+04 2.662849995236784525e+04 2.363594986446768235e+04 2.024598368280059003e+04 3.058790096328294385e+04 2.867687924187120734e+04 2.398320265678808573e+04 2.366410926497620676e+04 2.612702276239352068e+04 3.899302317084406241e+04 3.988243392298241815e+04 2.013648165830647849e+04 3.507168093717142619e+04 2.625208818256329323e+04 2.401926802491423950e+04 3.761930950468326046e+04 4.146103094232152944e+04 2.687342693802665235e+04 3.785461452050141088e+04 2.701080838562167264e+04 7.233949853958148742e+04 4.286761806438452913e+04 3.017998910484354565e+04 2.758266440548455648e+04 3.907137698798383644e+04 2.813742890575967976e+04 6.132308494896296907e+04 2.819272859045291625e+04 3.505614069107183605e+04 4.559182342966448778e+04 4.189068572215126187e+04 1.989179161012421901e+04 3.362965607873423141e+04 2.608303418766488176e+04 3.198950654646035764e+04 5.653432169502728357e+04 4.370220996697099326e+04 2.486427069593024135e+04 2.940176702251342795e+04 2.077895403079726384e+04 2.483571761272649746e+04 4.203134414218227903e+04 2.505300204365302852e+04 2.573732407802464149e+04 2.501644492180205270e+04 3.181321780648466301e+04 2.580301739525415542e+04 2.342732250756299618e+04 2.913793790853346218e+04 3.509218149416621600e+04 3.478545792293637351e+04 4.180334666405618918e+04 2.579320313902603084e+04 4.236212099323962320e+04 3.940365535421592358e+04 5.699564305461121694e+04 4.795448057558733854e+04 3.847411311315368221e+04 6.855138099269918166e+04 4.946135699046248919e+04 4.379538776821971260e+04 2.601845364440326011e+04 3.787635239868935605e+04 4.650879477580702223e+04 6.048971237847926386e+04 3.827934350982556498e+04 3.361142224037322740e+04 3.799116785973501828e+04 4.326159703312038619e+04 2.088892292272678969e+04 4.288960332929292053e+04 6.335926844479481952e+04 6.775467761371060624e+04 3.931183293101342133e+04 3.889046631444703962e+04 3.565833464224190539e+04 2.490610280966497885e+04 2.893687224037146734e+04 2.129018588304327568e+04 4.408118603315275686e+04 3.802162698002463003e+04 4.249385643966592033e+04 3.395433011357072974e+04 6.260807414499262813e+04
3.026470588235293917e+02 3.409792849457369448e+04 3.310287079604941391e+04 4.682117645859539334e+04 4.148648116642387322e+04 4.423846753573539900e+04 3.326102591541382571e+04 3.152343580599194684e+04 2.836036187630994027e+04 3.210291073580206285e+04 4.184475175828560168e+04 2.877325051512818754e+04 3.019877214571974400e+04 2.499431102963854937e+04 3.160622207094002442e+04 1.698967543860969454e+04 2.771039835541788852e+04 2.190654486401356917e+04 3.230614847275034117e+04 2.198010299148669947e+04 3.207905643719005820e+04 4.427903800502008380e+04 2.464387345956226272e+04 3.212178826701922299e+04 2.684304994327482564e+04 4.823899281372487167e+04 3.227148932498253635e+04 3.394585808865913714e+04 2.759131238706472504e+04 2.457122935127609890e+04 2.160462628493584270e+04 3.177488619058366385e+04 3.010917166693252875e+04 2.559808392047157395e+04 2.434785502550062301e+04 2.706210180200915420e+04 4.024970304859302996e+04 4.101229163799334492e+04 2.169722736053590415e+04 3.553105411870197713e+04 2.787359226668558767e+04 2.531336451694093921e+04 3.885233522637295391e+04 4.236238300861211610e+04 2.821253085372356509e+04 3.961510333875722426e+04 2.728044322815637133e+04 7.088004541411726677e+04 4.458591212748163525e+04 3.172736446701826208e+04 2.919867320858987296e+04 4.058502753505370492e+04 2.957405174451883067e+04 6.264362218640424544e+04 2.960164396967378343e+04 3.514933900474537950e+04 4.691392410635825945e+04 4.327592275951075862e+04 2.080816335362674727e+04 3.518956437698096852e+04 2.690067071586689781e+04 3.389173526282809325e+04 5.602971106269353913e+04 4.492063278766009171e+04 2.590206264437452774e+04 2.996732666211169635e+04 2.241773267427700193e+04 2.587339438061076726e+04 4.347077342332962871e+04 2.669123816049012748e+04 2.636275301741858857e+04 2.609897457537755326e+04 3.339492195713592082e+04 2.640484332787453241e+04 2.431118144776039117e+04 3.050761398565081981e+04 3.652975251796402881e+04 3.632892180180918513e+04 4.263275364859789261e+04 2.641502090579258947e+04 4.382558387660136941e+04 4.081655878344628582e+04 5.647735606265734532e+04 4.887010509637044015e+04 4.003008512617201632e+04 6.820666873665202002e+04 5.003665302641365270e+04 4.479684611677649809e+04 2.667167158473229574e+04 3.958123449631388212e+04 4.651274651990309940e+04 5.972788941559674277e+04 3.963042531260639953e+04 3.485505882793542696e+04 3.960779838843457401e+04 4.458018074886465911e+04 2.238228211414224643e+04 4.409973948082487914e+04 6.396459688584268588e+04 6.791652079002725077e+04 4.042275305737921735e+04 3.811747133221615513e+04 3.682572790632323449e+04 2.606415594952680112e+04 2.911891763996094232e+04 2.222290822085784384e+04 4.395232279784241837e+04 3.942460926503231167e+04 4.407312428510754398e+04 3.499634282266933587e+04 6.485094863438264292e+04
3.035294117647058556e+02 3.474457965478697588e+04 3.325388274704809737e+04 4.760584509369468287e+04 4.263272813484115613e+04 4.477971480845129554e+04 3.361034478889520688e+04 3.257648960877612626e+04 2.992106583039640827e+04 3.337935965537220909e+04 4.337703643599461793e+04 2.945658052783403036e+04 3.084028017394504786e+04 2.582941044608546508e+04 3.349801206606657797e+04 1.849082038758026465e+04 2.816016589516416207e+04 2.326358312683293116e+04 3.422044252684548701e+04 2.333597583672727706e+04 3.349545489400460792e+04 4.461563583164678130e+04 2.541010113692627783e+04 3.390032306668823730e+04 2.807798573782667881e+04 4.639935045342809462e+04 3.342127819340751739e+04 3.422241902759936056e+04 2.845240879520120143e+04 2.547056972929232870e+04 2.297257590216697281e+04 3.278597106864092348e+04 3.138221499164495253e+04 2.724275017528234821e+04 2.502606906279775285e+04 2.789688330250580475e+04 4.124410309346385475e+04 4.186440735445066093e+04 2.330399728409042291e+04 3.573864454911895155e+04 2.939518658245916959e+04 2.658133132466756797e+04 3.985677141190755356e+04 4.294955678375887510e+04 2.949706856572465040e+04 4.113280403818425111e+04 2.742936727646211511e+04 6.893447253855191229e+04 4.607706360924923501e+04 3.310419751021199045e+04 3.073163435072825814e+04 4.183437254337507329e+04 3.086165874878950126e+04 6.344209734464272333e+04 3.086357161594889476e+04 3.512720063433625182e+04 4.793752536328389397e+04 4.432509063930276170e+04 2.179678919365580805e+04 3.652104660138269537e+04 2.762199764924494229e+04 3.562777727461954055e+04 5.499882952354998270e+04 4.575263338015151385e+04 2.692190353711051648e+04 3.042692596198411047e+04 2.411481066381924029e+04 2.689424047963701742e+04 4.462194563885487878e+04 2.825849337972250214e+04 2.689800033581429670e+04 2.715746594973789252e+04 3.482142441383140249e+04 2.696550357384454037e+04 2.518157841292368903e+04 3.173467107822799153e+04 3.779335447892719094e+04 3.762320993331379577e+04 4.314097769139167212e+04 2.694614260106174333e+04 4.496559839925137203e+04 4.198999826240877883e+04 5.542777025463645259e+04 4.944123833663396363e+04 4.137015722293915314e+04 6.734680535997905827e+04 5.031959282126893959e+04 4.542319232066209224e+04 2.722390083703220444e+04 4.108911291762566543e+04 4.636446221618691925e+04 5.840973845337456441e+04 4.075627419887755968e+04 3.589193870688862808e+04 4.102519501154489990e+04 4.557044232031270076e+04 2.389298710534230486e+04 4.495617125382564700e+04 6.393487653466203483e+04 6.746274837068218039e+04 4.127671344897420931e+04 3.719426702299379394e+04 3.772539363265308930e+04 2.716559593856568972e+04 2.915403199982528167e+04 2.315842772287362095e+04 4.368568276242897264e+04 4.052333884885981388e+04 4.531210236516930308e+04 3.581407629626225389e+04 6.655909029022140021e+04
3.044117647058823195e+02 3.514688223880600708e+04 3.318976431072962441e+04 4.794744490347179817e+04 4.349317844883538055e+04 4.498267165262204799e+04 3.371058490533587610e+04 3.340689843319095962e+04 3.133093142888496732e+04 3.441144691430500825e+04 4.459208226790374465e+04 3.001235633779438649e+04 3.132647770064764336e+04 2.657065434050730983e+04 3.522877276903021266e+04 2.009658269509826641e+04 2.844433720448060194e+04 2.456815630586553380e+04 3.595039841121093195e+04 2.463837005858970588e+04 3.468182768443642271e+04 4.461982728635423700e+04 2.607860649281411679e+04 3.562674873975171067e+04 2.921234686704814158e+04 4.440084398709730158e+04 3.431619473422916053e+04 3.421371321272442583e+04 2.916572244262504682e+04 2.628904162444230678e+04 2.429667335487802120e+04 3.357911845888755488e+04 3.245050913113424758e+04 2.885177263748510450e+04 2.565646977591806353e+04 2.858606169608611890e+04 4.193730430764136690e+04 4.240609270855813520e+04 2.489835711922073824e+04 3.566650585797422536e+04 3.076657924933441609e+04 2.777722720380149258e+04 4.058765872315960587e+04 4.319840461335532018e+04 3.066894272975949207e+04 4.234862116705886001e+04 2.742835374605380639e+04 6.652644523594758357e+04 4.728368858337341226e+04 3.426294338444654568e+04 3.213389682608098155e+04 4.276758676803707931e+04 3.195240466562876827e+04 6.368458722835324443e+04 3.193054736431284618e+04 3.495287536397527583e+04 4.861716263525587419e+04 4.499379000290556723e+04 2.280459134387203085e+04 3.757901562731878221e+04 2.820324835389050713e+04 3.713772838716497790e+04 5.347300405807038624e+04 4.616297168173897808e+04 2.787826395935750770e+04 3.074018013181261631e+04 2.581423402583328789e+04 2.785282911334472738e+04 4.544029699549479119e+04 2.969588837501673697e+04 2.730494800950593708e+04 2.814640543633094057e+04 3.603981635457452649e+04 2.743397097950118768e+04 2.600197117835600875e+04 3.277926583331172878e+04 3.882839685324736638e+04 3.862437140049345908e+04 4.329003881912787620e+04 2.734851649921587523e+04 4.574007312606565392e+04 4.287720721132029576e+04 5.387912326991796726e+04 4.964096635085273010e+04 4.242679339367742796e+04 6.596599944313945889e+04 5.026117660541961232e+04 4.564798217729565658e+04 2.763721785143890884e+04 4.234458619882593484e+04 4.600749543762006942e+04 5.657868921279851202e+04 4.162476022647054924e+04 3.667064257331608678e+04 4.219108940094408172e+04 4.619132100204058224e+04 2.536332651714501480e+04 4.542483656158223312e+04 6.327379885297667352e+04 6.639941055039057392e+04 4.184800869439695089e+04 3.610335977999494207e+04 3.831750383007629716e+04 2.815642090505578381e+04 2.901806916802938576e+04 2.404906133624737049e+04 4.323104370121230750e+04 4.127327215516889555e+04 4.616380397054015339e+04 3.636290590707717638e+04 6.767086106729078165e+04
3.052941176470588402e+02 3.527621600626291911e+04 3.289490148713417148e+04 4.783395236939445022e+04 4.403049956523860601e+04 4.482857478595520661e+04 3.354401253809905756e+04 3.398111064470998826e+04 3.254127451047298018e+04 3.516504483514534513e+04 4.544365182176772214e+04 3.040739154125784262e+04 3.162650988742514892e+04 2.718051849979964027e+04 3.673865254177171300e+04 2.175480081115068242e+04 2.854054658892770749e+04 2.577055311499431991e+04 3.743832795894658193e+04 2.583760590673946717e+04 3.559998619078627235e+04 4.427362711104974733e+04 2.661305240055600007e+04 3.723369839363205392e+04 3.020057850706015961e+04 4.225157400335608691e+04 3.492715098926184874e+04 3.390977975373907248e+04 2.969364322943229854e+04 2.698797702548311645e+04 2.552689392193636013e+04 3.412050995028251782e+04 3.327616580708688707e+04 3.036395787012402798e+04 2.620083000101468497e+04 2.909262500703325350e+04 4.230193477202583017e+04 4.261779508260996226e+04 2.642426571378283916e+04 3.530155252942017978e+04 3.194272618401093496e+04 2.885685566933076552e+04 4.101058227583923144e+04 4.309872688597760134e+04 3.167754860849891702e+04 4.321662796734957374e+04 2.725635448710682977e+04 6.369726368330619152e+04 4.815864839280660817e+04 3.516583114909558208e+04 3.336238579565836699e+04 4.334675224683327542e+04 3.280755036822186230e+04 6.335830499479520950e+04 3.276378771314834012e+04 3.459941012624500581e+04 4.892012102614770993e+04 4.525381727694237634e+04 2.378081421753617906e+04 3.832994933851756650e+04 2.860887631644900466e+04 3.837134127696987707e+04 5.149936642312676122e+04 4.613376526782196015e+04 2.872766239885667528e+04 3.087460070737247952e+04 2.746002283563716628e+04 2.870569613519688573e+04 4.589422820033260359e+04 3.095101115851280338e+04 2.755258491344593131e+04 2.902242296191217974e+04 3.700607658089044708e+04 2.776834775379881830e+04 2.674032473356691844e+04 3.360828229267705319e+04 3.959163797843489738e+04 3.930050907428350183e+04 4.305965007310247165e+04 2.759120907274938145e+04 4.612195234556352079e+04 4.344349139357808599e+04 5.187948531321226619e+04 4.945578550266349339e+04 4.314785580721686711e+04 6.408075107226421824e+04 4.983181091841192392e+04 4.546110580226557795e+04 2.788120541802564549e+04 4.330281323675148451e+04 4.540141530582573614e+04 5.429293906014181266e+04 4.221293484885730868e+04 3.715340085568922223e+04 4.306367201612758072e+04 4.641632524744429247e+04 2.673927423843109864e+04 4.548766482481941784e+04 6.200658544570938102e+04 6.475505802393204067e+04 4.212121114297345048e+04 3.484039777003753989e+04 3.857491883633171528e+04 2.899001078331719691e+04 2.869677507202558627e+04 2.485132173342101669e+04 4.255279447264310147e+04 4.164469630318012059e+04 4.659734505436666950e+04 3.661229231958829041e+04 6.814755438759643584e+04
3.061764705882353041e+02 3.511698286435683258e+04 3.236490205688629430e+04 4.726950002468871389e+04 4.421963067245355342e+04 4.431198152406323788e+04 3.310551018319686409e+04 3.427512446461551735e+04 3.351185796528581704e+04 3.561640243734351679e+04 4.590002643514870579e+04 3.061443952870230351e+04 3.171784989127853987e+04 2.762886774103350035e+04 3.797689726373930171e+04 2.341291360801165138e+04 2.843468023477909082e+04 2.682606143851886736e+04 3.863613950013805152e+04 2.688904465691989026e+04 3.622148616539280192e+04 4.357327847613795893e+04 2.698477800465471591e+04 3.865969158908104146e+04 3.100246616137768069e+04 3.996847925251992274e+04 3.523545865415871958e+04 3.331333372971365316e+04 3.000785023978860772e+04 2.753555324432947600e+04 2.661786989135402109e+04 3.438573230636617518e+04 3.383012090874825662e+04 3.172374461896424691e+04 2.662584911080145321e+04 2.938870590464005727e+04 4.232258359338966693e+04 4.249248970665973320e+04 2.782962600414810731e+04 3.464437987684443215e+04 3.288531613272222603e+04 2.977956228253827067e+04 4.110265852452143008e+04 4.265322706153435138e+04 3.248067098988938233e+04 4.370492739073382836e+04 2.690086230073701881e+04 6.050278136941501725e+04 4.866665926333115931e+04 3.578533741370341886e+04 3.437957267027349008e+04 4.354835713010936888e+04 3.339820337246620329e+04 6.247061584462584142e+04 3.333441926455822249e+04 3.405017722295005660e+04 4.882734613979098503e+04 4.509316141328187950e+04 2.467859177622693460e+04 3.875220997873762826e+04 2.881237465435064587e+04 3.928924960030095099e+04 4.913741265062983439e+04 4.566396333607942506e+04 2.943048728616437802e+04 3.080657221445560208e+04 2.899810252292461519e+04 2.941317162796258708e+04 4.596548507001691178e+04 3.197939833080723474e+04 2.761778870742801155e+04 2.974609362946785041e+04 3.768596407215606450e+04 2.793647428992468485e+04 2.736932070784146345e+04 3.419584736575849092e+04 4.005183816678585572e+04 3.963208130438800436e+04 4.244642566018579237e+04 2.765118810381075673e+04 4.609904020571630099e+04 4.366646476769837318e+04 4.948928361560182384e+04 4.888530476697380072e+04 4.349737415334160323e+04 6.172732846492394310e+04 4.902074385465370142e+04 4.486779543348418520e+04 2.793368061304921139e+04 4.393025680672714225e+04 4.452224148615226295e+04 5.162166892841667868e+04 4.250674403413552500e+04 3.731629205132141215e+04 4.361217024108825717e+04 4.623370533774457726e+04 2.797197699363673382e+04 4.514197029313306848e+04 6.017744754353143799e+04 6.257759028157455759e+04 4.209054446318266127e+04 3.341263159840238222e+04 3.848362338210525922e+04 2.962829195814673585e+04 2.818518792713883158e+04 2.552702704934936628e+04 4.163025112947564048e+04 4.162288094973815168e+04 4.659798016303437180e+04 3.654562362786718586e+04 6.797379405753320316e+04
3.070588235294117680e+02 3.466588901772335521e+04 3.160532447888086244e+04 4.627316595400102960e+04 4.404824826253380888e+04 4.344031688940117601e+04 3.240133759585831649e+04 3.427513536605631816e+04 3.421179366685540299e+04 3.575246771961011109e+04 4.594429714287279785e+04 3.061332702170698394e+04 3.158660909327011177e+04 2.789327811073835255e+04 3.890321969556993281e+04 2.501932909824574381e+04 2.812076650537356181e+04 2.769632047200870147e+04 3.950659906662168942e+04 2.775443903804303773e+04 3.652819322840389941e+04 4.252853180239568610e+04 2.717305936336985906e+04 3.985103006479788746e+04 3.158469766835952760e+04 3.757584213118244952e+04 3.523292493828147417e+04 3.243834983473160537e+04 3.008973677710382253e+04 2.790718205531040803e+04 2.753027187267229601e+04 3.436049774994200561e+04 3.409296311203081132e+04 3.288257056782890868e+04 2.690395317342758426e+04 2.945602933580200261e+04 4.199569931918803195e+04 4.203466881826431199e+04 2.906775993980115163e+04 3.370766694490398368e+04 3.356401743289027945e+04 3.050989686103711938e+04 4.085299047229083226e+04 4.187605974114227138e+04 3.304520899953152548e+04 4.379598239555586770e+04 2.635786100878988509e+04 5.700975795784845104e+04 4.878532370061822439e+04 3.610433703519821574e+04 3.515440792746736406e+04 4.336320081155884691e+04 3.370569115005992353e+04 6.104728266667314892e+04 3.362383424632607057e+04 3.329875165102832398e+04 4.833368208149163547e+04 4.451534169805613783e+04 2.545635303487255806e+04 3.883593820770602906e+04 2.879668501609961095e+04 3.986379888876229961e+04 4.645534750094409537e+04 4.476816348804778681e+04 2.995265030567632493e+04 3.052185636425312987e+04 3.037822234167337592e+04 2.994104335010570503e+04 4.564901915080921754e+04 3.274575385083559013e+04 2.748575331329614710e+04 3.028357610892015146e+04 3.805563971551103896e+04 2.791612555409389824e+04 2.786647641531998670e+04 3.452371174123947276e+04 4.018994348872148112e+04 3.961174779484010651e+04 4.146244182123433711e+04 2.751374776838119942e+04 4.567328286346032110e+04 4.353589089223444171e+04 4.677761414086347213e+04 4.794141259618393815e+04 4.345566519350403541e+04 5.895841888225401635e+04 4.783465244021094986e+04 4.388708745406876551e+04 2.778105363669461804e+04 4.420507787187612121e+04 4.336195344743142778e+04 4.864115360940875689e+04 4.250056169144662272e+04 3.714893337691909255e+04 4.381710613710405596e+04 4.564601150214140216e+04 2.901909637858869246e+04 4.439928103627623932e+04 5.784637531102094363e+04 5.993047868897514854e+04 4.175903733931257739e+04 3.183692562123195603e+04 3.804256570954369818e+04 3.004254277537046073e+04 2.748674334528747568e+04 2.604427520282345722e+04 4.045715305888611329e+04 4.120764827296170552e+04 4.616652397542211111e+04 3.615955187177337211e+04 6.715686399769468699e+04
3.079411764705882320e+02 3.393087308468410629e+04 3.063023646897155777e+04 4.487722247968908778e+04 4.351663161397680960e+04 4.223285298051098653e+04 3.144761468980708014e+04 3.397769729118400573e+04 3.462009906022567156e+04 3.557078115310894646e+04 4.557408737588178337e+04 3.039170820995548274e+04 3.122749465700537985e+04 2.795912116830118975e+04 3.948877369598989753e+04 2.652483816218416177e+04 2.760059669244141696e+04 2.835042543273360934e+04 4.002417985141371173e+04 2.840303367202678419e+04 3.651243924394815986e+04 4.116133188614386017e+04 2.716511381808100123e+04 4.076337595578442415e+04 3.192208010432691299e+04 3.510351157815218903e+04 3.492153669009973237e+04 3.130834938961978696e+04 2.993041803316612277e+04 2.808568780636751762e+04 2.823195987256886292e+04 3.404086685955323628e+04 3.405533066624611092e+04 3.380008995850940846e+04 2.701394746768895129e+04 2.928594418326338200e+04 4.132900809375959943e+04 4.125901874716645398e+04 3.009871282314371274e+04 3.251428838937111868e+04 3.395739880466132308e+04 3.101902621632652517e+04 4.026258614033814229e+04 4.079109402333007893e+04 3.334766637790384993e+04 4.348639952670487401e+04 2.563139550990118005e+04 5.329201180932515126e+04 4.850554374180608283e+04 3.611591789692725433e+04 3.566312938760026736e+04 4.279574318595817022e+04 3.372154979081132478e+04 5.913010648993889481e+04 3.362366068238634034e+04 3.234830364212468703e+04 4.744746185696482280e+04 4.353815993747571338e+04 2.607898790781221032e+04 3.858253604520547378e+04 2.855418852985330523e+04 4.007942632158350898e+04 4.352647341590710857e+04 4.347487304948351084e+04 3.026695232111675796e+04 3.001562401781120570e+04 3.155572827402472103e+04 3.026193493019078232e+04 4.495235926481214847e+04 3.322481525522337324e+04 2.715004743602102462e+04 3.060796789692303719e+04 3.810196007492735953e+04 2.769482353759998659e+04 2.821418234206158377e+04 3.458145581845699053e+04 3.999881591032441793e+04 3.924377615699002490e+04 4.013328799956307921e+04 2.717256555116740492e+04 4.485957732689158729e+04 4.305315257686067343e+04 4.381860425332791783e+04 4.664700540693673247e+04 4.301881939967203652e+04 5.583930014206946362e+04 4.629557260851976025e+04 4.254986819580569136e+04 2.741830990533836302e+04 4.411716131600007066e+04 4.192723515772782412e+04 4.543103671654177015e+04 4.219657997305719618e+04 3.665370101903968316e+04 4.367022184809988539e+04 4.466909519999207987e+04 2.984591889532203277e+04 4.328371076500245545e+04 5.508552078266930039e+04 5.688868333084369806e+04 4.113752835920438520e+04 3.013754141515797528e+04 3.726293916933541186e+04 3.021380370393590056e+04 2.661216942363271301e+04 2.637821014906400160e+04 3.904048382530425442e+04 4.041239812543719745e+04 4.531821316782968643e+04 3.546288924031552597e+04 6.572507853874626744e+04
3.088235294117646959e+02 3.292965859809972608e+04 2.946057368651170327e+04 4.312481720886264520e+04 4.263690072650004004e+04 4.071908305938615376e+04 3.026851439845175264e+04 3.338936664424808259e+04 3.472590851035371452e+04 3.507892602903187071e+04 4.480068266773064533e+04 2.994537376502804909e+04 3.064338966959240861e+04 2.781940723425445321e+04 3.971671157976808172e+04 2.788414808749179792e+04 2.688303680967737091e+04 2.876577825571873836e+04 4.017547855965880444e+04 2.881240742950074855e+04 3.617675330845554709e+04 3.950389290989294386e+04 2.695584708772443628e+04 4.136301389941893285e+04 3.199836773415741482e+04 3.258476891658963359e+04 3.431272391941942624e+04 2.995437371841451386e+04 2.953031397689624646e+04 2.806127536460972260e+04 2.869889788480667994e+04 3.343293762893253734e+04 3.371784656675188307e+04 3.444522790809819708e+04 2.694146745962221394e+04 2.887902777632174912e+04 4.034043355314396467e+04 4.018878727586704917e+04 3.089040638935239986e+04 3.109512257634833077e+04 3.405349256040874752e+04 3.128585018406639938e+04 3.934369325329786807e+04 3.942989002009228716e+04 3.337437341120907513e+04 4.278613506793164561e+04 2.473273070386940526e+04 4.942628641619754490e+04 4.783127298550596606e+04 3.582285949756042100e+04 3.588990861605209648e+04 4.186288912708978023e+04 3.344712899621773977e+04 5.677392061837535584e+04 3.333534628520777915e+04 3.121048662297727424e+04 4.618940588448607741e+04 4.219184605478107551e+04 2.651877501266037871e+04 3.800373361143809598e+04 2.808626616050949815e+04 3.993257050334844826e+04 4.042552770243512350e+04 4.182418924007279566e+04 3.035409909846699156e+04 2.929198720980295911e+04 3.249319613919198673e+04 3.035633591276752122e+04 4.389445894889110787e+04 3.340184243835723464e+04 2.661227375846836367e+04 3.070031413614158737e+04 3.782240038788451784e+04 2.726927574614985133e+04 2.839969500968489956e+04 3.436648145739071333e+04 3.948251634787194052e+04 3.854300142464012606e+04 3.849560228180615377e+04 2.662935595842008843e+04 4.368409550618688809e+04 4.223032236894963717e+04 4.068772524440486450e+04 4.503423613793894037e+04 4.219754538741096621e+04 5.244351561560692062e+04 4.443819613895387010e+04 4.089648947010466509e+04 2.684858566129909013e+04 4.366774704006015963e+04 4.023747663951227150e+04 4.207063636948604108e+04 4.160404901001148392e+04 3.584447377651197894e+04 4.317404476482789323e+04 4.333052225140600785e+04 3.042624599786172621e+04 4.182985718725054176e+04 5.197512385031628946e+04 5.353421718783437973e+04 4.024350528270421637e+04 2.834370037438817235e+04 3.616688454329103115e+04 3.013289186480085118e+04 2.557814968677034994e+04 2.651154931199607745e+04 3.739862256148097367e+04 3.926256003961896931e+04 4.408098756530842365e+04 3.447506032402343408e+04 6.372517438195842260e+04
3.097058823529411598e+02 3.168818507034768845e+04 2.812261172272488693e+04 4.106757173959249485e+04 4.143183768270898872e+04 3.893691619445936522e+04 2.889449106425795981e+04 3.252594671168551577e+04 3.452823925066190714e+04 3.429363023831391183e+04 4.364772258076516300e+04 2.927816729768536970e+04 2.984468130220265812e+04 2.747438789803849431e+04 3.958215804329285311e+04 2.905709711726579917e+04 2.598319738129147299e+04 2.892848487436455252e+04 3.995905551132479741e+04 2.896886197513961815e+04 3.553320336094241793e+04 3.759664929034341185e+04 2.654736567826917599e+04 4.162752354698719137e+04 3.180658685992983010e+04 3.005459113978609457e+04 3.342633890706799139e+04 2.841303453363617155e+04 2.889839347729570000e+04 2.783125305052183103e+04 2.891561748383761369e+04 3.255212359771419506e+04 3.309062454210579017e+04 3.479677158424376830e+04 2.667916035399696921e+04 2.824434800173382973e+04 3.905676794225946651e+04 3.885413034777663415e+04 3.141933324860834909e+04 2.948696632149996003e+04 3.384988172168428719e+04 3.129764349872984894e+04 3.811875647703780851e+04 3.782977066793645645e+04 3.312134404858169728e+04 4.171725908302252355e+04 2.367934760646870200e+04 4.548897801067504042e+04 4.677872603062217968e+04 3.523680641046502569e+04 3.582715903650769906e+04 4.059244015595566452e+04 3.289284597169442713e+04 5.404359019085216278e+04 3.276939660725720751e+04 2.990415481409215135e+04 4.459114556005649501e+04 4.051696439216475119e+04 2.675588645135528350e+04 3.712036869827167538e+04 2.740253429108259661e+04 3.943107766535670817e+04 3.722583904869281105e+04 3.986536286640093022e+04 3.020324365488754484e+04 2.836321290589453565e+04 3.316155592763379536e+04 3.021315792866232732e+04 4.250426997661132918e+04 3.327259330652561039e+04 2.588144741560451075e+04 3.055014396341275642e+04 3.722459081247433642e+04 2.664455090690662473e+04 2.841501072516794011e+04 3.388376430227681703e+04 3.865524996883401036e+04 3.753350131932546356e+04 3.659457171427395951e+04 2.589324566144022538e+04 4.218243206538631784e+04 4.108900621817605861e+04 3.745893788611427590e+04 4.314271649628457089e+04 4.101556837818669010e+04 4.884908801799723005e+04 4.230711056190340605e+04 3.897442389340007503e+04 2.608246892241150272e+04 4.286871060550973925e+04 3.832257220418757788e+04 3.863621237641142216e+04 4.073847558793047938e+04 3.474510484975238069e+04 4.234115198668789526e+04 4.166774750378917815e+04 3.074282191750341372e+04 4.008063234472546901e+04 4.859988516714239086e+04 4.995234412733763747e+04 3.909998976089444477e+04 2.648749823078533154e+04 3.478590545167385426e+04 2.979999764566329031e+04 2.440604411168079241e+04 2.643475935061109340e+04 3.555934205893699982e+04 3.779376704284516745e+04 4.249350965484155313e+04 3.322437759136289969e+04 6.121927493175026757e+04
3.105882352941176805e+02 3.023877982123064066e+04 2.664631294394350334e+04 3.876282461074162711e+04 3.993323759512571996e+04 3.693045879336886719e+04 2.736034233624161789e+04 3.141131470458648982e+04 3.403546279751971451e+04 3.323953417151968461e+04 4.214943361669183651e+04 2.840147672554573364e+04 2.884828465059181690e+04 2.693096426401821009e+04 3.909179599349046475e+04 3.000994915404471612e+04 2.492135130139720786e+04 2.883349031014276989e+04 3.938488287427516480e+04 2.886754512990401781e+04 3.460239887217818614e+04 3.548581388402130688e+04 2.594828719268523128e+04 4.154612309207362705e+04 3.134896456744923853e+04 2.754767376210137081e+04 3.228932957528290717e+04 2.672439725170844395e+04 2.805109636415757996e+04 2.739958238168022945e+04 2.887543122418723215e+04 3.142199609444398811e+04 3.219238296594514759e+04 3.484373821779576247e+04 2.622661467476170219e+04 2.739839770236394543e+04 3.751198916748577176e+04 3.729029586389565520e+04 3.167107827067589824e+04 2.773029535025993755e+04 3.335343956927727413e+04 3.105035983881714856e+04 3.661890323646530305e+04 3.603176288392944116e+04 3.259385626323378165e+04 4.031226763272775133e+04 2.249363592343539494e+04 4.155275537556080963e+04 4.537504734966516116e+04 3.437719582988439652e+04 3.547562982500672661e+04 3.902114940011965518e+04 3.207715118084931964e+04 5.101060769180274656e+04 3.194432422778811451e+04 2.845373252007222618e+04 4.269322558088116057e+04 3.856192077028813947e+04 2.677865309549414815e+04 3.596088182907291775e+04 2.651975235624049674e+04 3.859322012683684443e+04 3.399651295344914979e+04 3.765400164127979951e+04 2.981214202749292235e+04 2.724854651153258601e+04 3.354101797802279179e+04 2.982990456032315706e+04 4.081892609460568929e+04 3.284294280649205029e+04 2.497304908012460510e+04 3.015562180340096893e+04 3.632550683252511953e+04 2.583298949063253895e+04 2.825673718542036295e+04 3.314538459619491186e+04 3.753999692156257515e+04 3.624696430895227240e+04 3.448114303576653037e+04 2.497982036868604700e+04 4.039744193473508494e+04 3.965887911580454238e+04 3.420186685176672472e+04 4.101739617026258929e+04 3.950756175362152862e+04 4.513453793786946335e+04 3.995369810112841515e+04 3.683568583751998813e+04 2.513697665029508062e+04 4.174151023878493288e+04 3.622026211727695045e+04 3.519829093419915444e+04 3.962071963226437947e+04 3.338756705608925404e+04 4.119312806401121634e+04 3.972587787543647573e+04 3.078754003375320463e+04 3.808481404227763414e+04 4.504513558846605156e+04 4.622766933659672941e+04 3.773432317374701961e+04 2.460176374391217178e+04 3.315887721838033031e+04 2.922396104788870070e+04 2.312046675577917267e+04 2.614597696387733595e+04 3.355738330678047350e+04 3.604962861281313235e+04 4.060279126765870024e+04 3.174603435052973873e+04 5.828120943697873008e+04
3.114705882352941444e+02 2.861830374454027333e+04 2.506381340259927674e+04 3.627096091024101042e+04 3.818000562494331825e+04 3.474777754392960924e+04 2.570338985870635952e+04 3.007597024555528697e+04 3.326440757786481845e+04 3.194772474003822208e+04 4.034856909902518237e+04 2.733338727553744320e+04 2.767649298060438014e+04 2.620190438393610748e+04 3.826294087921729806e+04 3.071634639949817210e+04 2.372176308015295581e+04 2.848428745881258146e+04 3.847329857517220080e+04 2.851214896593999219e+04 3.341220210062794649e+04 3.322098872700806533e+04 2.517287330247049613e+04 4.111945389281890675e+04 3.063639661363515188e+04 2.509687167717100965e+04 3.093424182024530091e+04 2.493003850055689327e+04 2.701103265843480767e+04 2.677622360596543876e+04 2.858021758440641497e+04 3.007283465323864948e+04 3.104922586880045856e+04 3.458526290515965957e+04 2.558999929908925697e+04 2.636380151865911466e+04 3.574545823541738355e+04 3.553588396612531506e+04 3.164039163516054032e+04 2.586722547373446287e+04 3.257964086578280694e+04 3.054846730887119702e+04 3.488217646596008126e+04 3.407872565806675993e+04 3.180568482801070422e+04 3.861209284608471353e+04 2.120152459193703180e+04 3.768403343222851981e+04 4.365658212730552623e+04 3.326997570248744887e+04 3.484413486897286202e+04 3.719260098550438852e+04 3.102524924353355163e+04 4.774986350852011674e+04 3.088535935808719296e+04 2.688755063786179380e+04 4.054290131316790212e+04 3.638040996841130982e+04 2.658343895919455827e+04 3.455965153488691431e+04 2.546051962686335537e+04 3.744632252140784112e+04 3.080037119028072630e+04 3.524933670243780944e+04 2.918685126557555486e+04 2.597283669708971865e+04 3.362147784842787951e+04 2.921238305368002693e+04 3.888177542802561220e+04 3.212805241076644961e+04 2.390788402093907280e+04 2.952323956665450532e+04 3.515032244106967846e+04 2.485295389798332326e+04 2.792587238375216111e+04 3.216982074750390530e+04 3.616693247622221679e+04 3.472090624437426595e+04 3.220936612097671605e+04 2.390998052132687371e+04 3.837704392058377562e+04 3.797606904919864610e+04 3.097973819398618798e+04 3.870650379643646011e+04 3.771681274030180793e+04 4.137557748675512994e+04 3.743319449663328123e+04 3.453442874480545288e+04 2.403434982636242057e+04 4.031584909349250665e+04 3.397350416575303825e+04 3.181981997046273318e+04 3.827606259224620590e+04 3.180996672439410759e+04 3.975927572449341824e+04 3.755535333082368015e+04 3.056121941031569804e+04 3.589467517879355000e+04 4.139357570475465764e+04 4.244094495418319275e+04 3.617701714815074229e+04 2.271833185349880659e+04 3.132993227499619752e+04 2.842122957936921011e+04 2.174797032417051014e+04 2.565059406048733581e+04 3.143207534400366058e+04 3.407938914966943412e+04 3.846172802449710434e+04 3.008005807074876066e+04 5.499270444466746994e+04
3.123529411764706083e+02 2.686630605175769597e+04 2.340802152249271239e+04 3.365286194616224384e+04 3.621609714221749891e+04 3.243868700096511384e+04 2.396177690109891046e+04 2.855538824876151557e+04 3.223919515902447529e+04 3.045411990362318829e+04 3.829415756004457216e+04 2.609756040067873255e+04 2.635570233051785908e+04 2.530492106248967320e+04 3.712223304894163448e+04 3.115799714760933784e+04 2.241145495683842819e+04 2.789229317979662301e+04 3.725359857558406657e+04 2.791427549747746889e+04 3.199623801838382860e+04 3.085285722848950900e+04 2.424003890269297699e+04 4.035892001642662945e+04 2.968754422680457355e+04 2.273191570945476633e+04 2.939761886126391255e+04 2.307126957077853149e+04 2.580553724703529952e+04 2.597633111486964117e+04 2.803986807393875642e+04 2.853997257911947963e+04 2.969318067120351770e+04 3.403009946076833876e+04 2.478144925692308243e+04 2.516787302391185585e+04 3.380005455304761563e+04 3.363120270421537862e+04 3.133091180886134680e+04 2.393965983793686610e+04 3.155153845673292744e+04 2.980439635850556078e+04 3.295158715507580928e+04 3.201365725836041747e+04 3.077805480182264364e+04 3.666391372359762318e+04 1.983108050317316884e+04 3.394105743872618041e+04 4.166686511901236372e+04 3.194619255890205750e+04 3.394897619516681880e+04 3.515499906888027181e+04 2.976766192147777838e+04 4.433659385477995966e+04 2.962300554601964541e+04 2.523618570924441519e+04 3.819180990453874983e+04 3.402887590687113698e+04 2.617420728139610947e+04 3.295525034486696677e+04 2.425183731161005198e+04 3.602511496895329765e+04 2.769243369827248171e+04 3.271159694555470560e+04 2.834104669534433560e+04 2.456502338670873723e+04 3.340249921429307869e+04 2.837403340512989234e+04 3.674032470294484665e+04 3.115119678573453348e+04 2.271080346109933089e+04 2.866712825228025395e+04 3.373100422443193384e+04 2.372747880324461948e+04 2.742752598781779307e+04 3.098104532127219500e+04 3.457172028430383943e+04 3.299681629711334972e+04 2.983390086864665864e+04 2.270865806573117152e+04 3.617204437699243135e+04 3.608143827886626241e+04 2.784786449006642943e+04 3.625955795529162424e+04 3.569273544392515032e+04 3.764235088742594235e+04 3.480193696136693325e+04 3.212472393038008522e+04 2.280072240265959044e+04 3.862812448668645811e+04 3.162791860619430736e+04 2.855489434815300774e+04 3.673325376950820646e+04 3.005450048391875680e+04 3.807513769506589597e+04 3.520960485298951244e+04 3.007304972206838283e+04 3.356372211772232549e+04 3.772249108019644336e+04 3.866644885304341005e+04 3.446065379034141370e+04 2.086664512480531630e+04 2.934629699871738194e+04 2.741459126455269870e+04 2.031582091130370463e+04 2.496057260035383297e+04 2.922502514599590722e+04 3.193554839729819651e+04 3.612661640165286371e+04 2.826928108254124527e+04 5.143956643444007932e+04
3.132352941176470722e+02 2.502327447313888479e+04 2.171137660169254013e+04 3.096760843445019418e+04 3.408842820728382503e+04 3.005269168875953619e+04 2.217295421076367347e+04 2.688828377101268779e+04 3.098987007039654054e+04 2.879779489819508672e+04 3.603918520734103367e+04 2.472192527006610180e+04 2.491508652654007528e+04 2.426165307623216722e+04 3.570402257254535652e+04 3.132503566432778462e+04 2.101897913426904051e+04 2.707592508491027911e+04 3.576234655558242230e+04 2.709250369804700313e+04 3.039228503612315762e+04 2.843108971907465093e+04 2.317228176771052676e+04 3.928561766076229833e+04 2.852762871958715186e+04 2.047847394825932497e+04 2.771838697334272001e+04 2.118760355240932768e+04 2.446516790756926639e+04 2.501933306440448359e+04 2.727142787314682209e+04 2.686204682299787601e+04 2.816058438273086358e+04 3.319574762233204819e+04 2.381823422099512754e+04 2.384111239847173420e+04 3.172035293931663182e+04 3.161678352546661699e+04 3.075454256255246582e+04 2.198769859039573203e+04 3.029847063033620361e+04 2.883764567308185360e+04 3.087311189027932051e+04 2.987824389447518479e+04 2.953836712398830423e+04 3.451889363303414575e+04 1.841116290827031116e+04 3.037265986505436013e+04 3.945445757013067487e+04 3.044051879861018460e+04 3.281308256791896565e+04 3.295898483071813098e+04 2.833870935121544971e+04 4.084365734901443648e+04 2.819151829318452292e+04 2.353090251174324658e+04 3.569366366722549719e+04 3.156411948460338317e+04 2.556180469646433994e+04 3.118871228549421357e+04 2.292362311772511748e+04 3.436990862920431391e+04 2.471897344122869617e+04 3.009962919406230139e+04 2.729501936163961363e+04 2.305659182636284459e+04 3.289287318273192795e+04 2.733493596162572430e+04 3.444420765744221717e+04 2.994232071613835433e+04 2.140937086515242481e+04 2.760804719551406015e+04 3.210472179720864733e+04 2.248288970978567886e+04 2.677057614696041128e+04 2.960746330242641852e+04 3.279376793162139802e+04 3.111832839967284963e+04 2.740780214328319926e+04 2.140347993799487813e+04 3.383408730036955967e+04 3.401884214282353059e+04 2.485270665306665978e+04 3.372554929173016717e+04 3.348836821765085188e+04 3.399733200959506212e+04 3.211493486111833772e+04 2.965862229717322771e+04 2.146474885836812609e+04 3.671973941128167644e+04 2.922945390872990538e+04 2.544806399727973621e+04 3.502355801333340787e+04 2.816546064316882985e+04 3.618089925654786930e+04 3.274282149914223191e+04 2.933973150265113509e+04 3.114465161536007872e+04 3.410155878188105999e+04 3.497002593940930092e+04 3.261886590091060134e+04 1.907272647863825114e+04 2.725620431218320300e+04 2.623175821629037455e+04 1.885091491682040214e+04 2.409352904728670546e+04 2.697801262455300821e+04 2.967157538119680612e+04 3.365478401893895352e+04 2.635742650437634802e+04 4.770807300376036437e+04
3.141176470588235361e+02 2.312904978432829739e+04 2.000479248063014529e+04 2.827052515354367642e+04 3.184487167034024606e+04 2.763717530284733948e+04 2.037239639711918062e+04 2.511488931863242033e+04 2.955090198757088365e+04 2.701933499042972471e+04 3.363833074904325622e+04 2.323727264554809881e+04 2.338528994292012430e+04 2.309659655302753890e+04 3.404854707855495508e+04 3.121603603969416508e+04 1.957325243503907041e+04 2.605944238568600485e+04 3.404150580048118718e+04 2.607122447617699436e+04 2.864063268969867204e+04 2.600254940152944255e+04 2.199458560765781658e+04 3.792893084720891784e+04 2.718701176419689000e+04 1.835755861531505070e+04 2.593630201154649694e+04 1.931550873417757975e+04 2.302222758523248558e+04 2.392793728066598123e+04 2.629798809312306912e+04 2.507925476939013242e+04 2.649041448011668763e+04 3.210726541442610323e+04 2.272176138997061935e+04 2.241572559482553334e+04 2.955092528077554016e+04 2.953209721126490695e+04 2.993052891717994498e+04 2.004834946707119889e+04 2.885458027961471089e+04 2.767361598219714142e+04 2.869374223998486559e+04 2.771168189590911061e+04 2.811876261780064669e+04 3.222995895831563394e+04 1.697020040851210797e+04 2.701765628958744128e+04 3.707076097731046320e+04 2.878978778975349269e+04 3.146491172165190073e+04 3.065558372137594415e+04 2.677498720567955752e+04 3.733923051191046397e+04 2.662738302031243074e+04 2.180227722065751004e+04 3.310208299175383581e+04 2.904115941602286694e+04 2.476301868291485516e+04 2.930188949191435677e+04 2.150726025935224970e+04 3.252469604116041228e+04 2.191710109292880225e+04 2.746885607392541351e+04 2.607443366445150605e+04 2.148007882231806798e+04 3.210979604421840486e+04 2.612057690707880829e+04 3.204327153207528318e+04 2.853641354540930115e+04 2.003254577655761750e+04 2.637213399465257680e+04 3.031215887803933219e+04 2.114745516985494032e+04 2.596726209256861694e+04 2.808074226716702105e+04 3.087452317613508058e+04 2.912950271164757942e+04 2.498066303816416985e+04 2.002345006226034457e+04 3.141381061072006560e+04 3.183343823942917152e+04 2.203146983741719669e+04 3.115136196540331366e+04 3.115798006490300031e+04 3.049389465151131662e+04 2.942384358526868164e+04 2.718455775055955382e+04 2.005626525273132938e+04 3.463535635469493718e+04 2.682236723766758223e+04 2.253416502490742278e+04 3.317982083884652093e+04 2.618737756944400826e+04 3.411974266473556054e+04 3.020792504218711474e+04 2.838436667581018992e+04 2.868759598396107685e+04 3.059128064788980919e+04 3.140779611668712096e+04 3.068541248377571173e+04 1.735851719090962433e+04 2.510698643570545028e+04 2.490388219564839164e+04 1.737886529067001175e+04 2.307164925632183440e+04 2.473117367292131530e+04 2.733982307467071951e+04 3.110243683605992919e+04 2.438738657368922213e+04 4.388173743926695170e+04
3.150000000000000000e+02 2.122145694761026607e+04 1.831680247232771217e+04 2.561162669079790430e+04 2.953243130752428260e+04 2.523590290506439123e+04 1.859257400414970107e+04 2.327533132341120290e+04 2.795963808312704350e+04 2.515929250644136846e+04 3.114585631975673459e+04 2.167583941031582071e+04 2.179719944594775734e+04 2.183603330450272551e+04 3.220001154455024880e+04 3.083768429441306944e+04 1.810250222144677173e+04 2.487162555671829250e+04 3.213650020014216352e+04 2.487931488967857149e+04 2.678248662077934569e+04 2.360985349577836314e+04 2.073334121766048702e+04 3.632487944060131849e+04 2.569965490938890798e+04 1.638525789426808478e+04 2.409052513716294197e+04 1.748746495497322030e+04 2.150938137817544339e+04 2.272710856088903165e+04 2.514740231110103559e+04 2.323171085915346339e+04 2.472265331167505792e+04 3.079583819238798606e+04 2.151647506506128047e+04 2.092423789314239912e+04 2.733483393042908574e+04 2.741449352299464954e+04 2.888429025920308050e+04 1.815455721584041021e+04 2.725723656154915443e+04 2.634225719849043890e+04 2.645968288448622116e+04 2.554978081315142117e+04 2.655460184935313373e+04 2.984972678806529802e+04 1.553513763186244978e+04 2.390480430729881846e+04 3.456792240622782992e+04 2.703159813950513126e+04 2.993718004307863521e+04 2.829436610381060746e+04 2.511390762882610943e+04 3.388498115678992326e+04 2.496786054434612379e+04 2.007904842545708743e+04 3.046866960245321025e+04 2.651142309944733643e+04 2.379946736481694825e+04 2.733596563395183694e+04 2.003425060997520268e+04 3.053527788639924984e+04 1.931481351605186137e+04 2.486963656369722958e+04 2.470893404716788064e+04 1.986770277928434007e+04 3.107772893826531799e+04 2.476046085785669857e+04 2.958586045334202936e+04 2.697180098367395476e+04 1.860945221932557615e+04 2.498950233920159735e+04 2.839581457987122485e+04 1.975012474785295854e+04 2.503271584475648706e+04 2.643459064270883755e+04 2.885588216105175161e+04 2.707328501824611158e+04 2.259715853450397117e+04 1.859771771429301225e+04 2.895926795732224855e+04 2.957011325313967245e+04 1.941216384173558617e+04 2.858047739340519547e+04 2.875489294842882373e+04 2.717552693008286224e+04 2.677538567470898488e+04 2.474612111654850014e+04 1.860504682873626007e+04 3.242117280674956419e+04 2.444758178249823322e+04 1.983859262937733365e+04 3.123556979980600954e+04 2.416336994923184466e+04 3.193622555680347432e+04 2.765483130903260462e+04 2.723516784820784233e+04 2.623870311171381763e+04 2.724203281056995547e+04 2.802549092145772738e+04 2.869335909871325930e+04 1.574154938403719643e+04 2.294342450030779946e+04 2.346407961113683632e+04 1.592327278078492964e+04 2.192049712219377761e+04 2.252152615987986792e+04 2.498972579685512028e+04 2.852280348105617304e+04 2.239975251639822454e+04 4.003856995368569187e+04
3.158823529411764639e+02 1.933518929358144669e+04 1.667290865882298749e+04 2.303448882888557637e+04 2.719566818370449255e+04 2.288787395061381176e+04 1.686219069131905781e+04 2.140818071786274595e+04 2.625478150690081748e+04 2.325680895965651143e+04 2.861374210808656062e+04 2.006996069155874648e+04 2.018084375029662260e+04 2.050700047384526988e+04 3.020467168279166071e+04 3.020413280419851071e+04 1.663336235161709919e+04 2.354437184451178837e+04 3.009430838048665828e+04 2.354873142175423709e+04 2.485849215014725632e+04 2.129031780273059485e+04 1.941533010790267872e+04 3.451432051489588775e+04 2.410155207943205096e+04 1.457275041862151193e+04 2.221837766472471412e+04 1.573132756681848878e+04 1.995842652643215479e+04 2.144305999665162381e+04 2.385090416150648161e+04 2.135797807497273971e+04 2.289676680541929818e+04 2.929719333713185188e+04 2.022871542146286811e+04 1.939826008381267457e+04 2.511236400980051621e+04 2.529837414094331689e+04 2.764608131088706796e+04 1.633454861061329211e+04 2.554544635318041401e+04 2.487661520245611973e+04 2.421477441673747308e+04 2.342434250310685456e+04 2.488294023303033100e+04 2.742866696225651322e+04 1.413058614443011174e+04 2.105323409263766735e+04 3.199692795686325189e+04 2.520304194415703751e+04 2.826549125388433822e+04 2.592188414061980438e+04 2.339236533830290500e+04 3.053474496503903720e+04 2.324965934785985155e+04 1.838722752221497285e+04 2.784138942266508820e+04 2.402131812294450719e+04 2.269639024336474540e+04 2.533017551719212497e+04 1.853502820069147492e+04 2.844750441718675211e+04 1.693142188581641676e+04 2.234605805557527492e+04 2.323069193094145885e+04 1.825017619692606604e+04 2.982701951535722037e+04 2.328666037759207029e+04 2.711735585672656816e+04 2.528844585439023649e+04 1.716828372993763332e+04 2.349277859062941934e+04 2.639837610666448018e+04 1.831939942417822022e+04 2.398444172127075217e+04 2.470354223476248444e+04 2.677876741515182948e+04 2.499019672218669439e+04 2.029600780296370067e+04 1.715448214787783218e+04 2.651465419557624773e+04 2.727207941717657741e+04 1.701404499950769241e+04 2.605198422322272017e+04 2.632960147052046523e+04 2.407562443606894522e+04 2.421023136881940445e+04 2.238121059064125802e+04 1.713971610955479628e+04 3.012329349693938639e+04 2.214144927044018550e+04 1.737792206303421699e+04 2.922416860507603997e+04 2.213375880350782245e+04 2.967475005120423157e+04 2.512905053379049423e+04 2.592406068698080708e+04 2.383907339417932963e+04 2.409368969861767982e+04 2.485834929806999207e+04 2.667436884345800354e+04 1.423490672552685646e+04 2.080641045961913915e+04 2.194603639699406267e+04 1.450518613184804235e+04 2.066778771260804206e+04 2.038186287413464015e+04 2.266633806849279790e+04 2.596463089607060829e+04 2.043163000617856233e+04 3.624891681495661760e+04
3.167647058823529278e+02 1.750096414694218402e+04 1.509513143590379877e+04 2.057554624414550926e+04 2.487542550260874123e+04 2.062653501096642503e+04 1.520568028227951436e+04 1.954923177911190214e+04 2.447496402655702695e+04 2.134844983203886659e+04 2.609012617354648683e+04 1.845085625330826952e+04 1.856445745753250958e+04 1.913633851923857583e+04 2.810901869414858447e+04 2.933608274845642882e+04 1.519014256433426635e+04 2.211128384476463907e+04 2.796168126140411550e+04 2.211309867266422589e+04 2.290743137138885868e+04 1.907528203451596710e+04 1.806680492393889654e+04 3.254110203205473590e+04 2.242921875671328598e+04 1.292654981790727652e+04 2.035431223691702326e+04 1.406997782076716067e+04 1.839925591593806530e+04 2.010229842988160453e+04 2.244170261552973170e+04 1.949383055447680817e+04 2.105036081423507494e+04 2.764995085652532725e+04 1.888559711078542750e+04 1.786745021190449188e+04 2.292002399341342607e+04 2.321459136661402226e+04 2.624956005691281098e+04 1.461147468225291232e+04 2.375833768807736487e+04 2.331136473049327833e+04 2.199919606092094182e+04 2.136279139149370894e+04 2.314106886343854785e+04 2.501356173495807161e+04 1.277819277742925624e+04 1.847323683181795786e+04 2.940596110500236318e+04 2.333959500972304158e+04 2.648693931867417268e+04 2.358042390089909895e+04 2.164557319613353320e+04 2.733369596797233316e+04 2.150777888531974531e+04 1.674947394233702653e+04 2.526330985246057753e+04 2.161120265493223269e+04 2.148140377030291711e+04 2.332076298451964249e+04 1.703797066649742919e+04 2.630570529075100058e+04 1.477826810542261774e+04 1.993516378669222831e+04 2.167297474604638046e+04 1.665573488809195987e+04 2.839237215104457573e+04 2.173238627129420274e+04 2.467901007957886031e+04 2.352634370593532731e+04 1.573538140585250221e+04 2.191566325333758505e+04 2.436123499490325412e+04 1.688236482059639093e+04 2.284175208250252399e+04 2.292180022360756266e+04 2.468191380280177327e+04 2.291728593317325794e+04 1.810934325478108440e+04 1.572007228668514472e+04 2.411934930460801115e+04 2.497968464930367918e+04 1.484834691437067158e+04 2.359989530546036258e+04 2.392824794823262710e+04 2.121777191716314701e+04 2.176232030625359039e+04 2.012154048636257721e+04 1.568683433565429914e+04 2.778625897636496302e+04 1.993491592593911628e+04 1.516078159312039134e+04 2.717803903472759703e+04 2.013497377877389954e+04 2.737817949574231898e+04 2.267064974977162638e+04 2.448525465846634324e+04 2.152404914167823881e+04 2.117574871874423843e+04 2.193148145896465940e+04 2.465810664066713070e+04 1.284741633053722944e+04 1.873194869776895212e+04 2.038274985553634178e+04 1.314274335970659013e+04 1.934218649254519914e+04 1.834000949706070605e+04 2.040924461970490302e+04 2.347105624981384608e+04 1.851576028077614319e+04 3.257390917810668543e+04
3.176470588235293917e+02 1.574495103769957313e+04 1.360174501975967178e+04 1.826378567001243937e+04 2.260787467325475518e+04 1.847933964832378479e+04 1.364294343899475462e+04 1.773054073458119456e+04 2.265746611599976313e+04 1.946727946337223693e+04 2.361808761614410469e+04 1.684759817268409097e+04 1.697373055541319991e+04 1.774984934888002681e+04 2.595814225208328571e+04 2.825965338255508323e+04 1.379428214613375894e+04 2.060632148693424460e+04 2.578355752183993536e+04 2.060636340326357822e+04 2.096513668371586391e+04 1.698979232986994975e+04 1.671269427685185656e+04 3.045026080572436695e+04 2.071831152777411262e+04 1.144891844357911395e+04 1.852911798747926878e+04 1.252123028122114920e+04 1.685903808182629291e+04 1.873075567193011739e+04 2.095362597340764478e+04 1.767128093386406908e+04 1.921806202091601153e+04 2.589399579464600902e+04 1.751396334881107759e+04 1.635869393400192530e+04 2.078982234367891942e+04 2.119005935677982416e+04 2.473033540858909328e+04 1.300331642392123285e+04 2.193378281523959595e+04 2.168140655621388942e+04 1.984847586831033186e+04 1.938802589055140197e+04 2.136518808677464767e+04 2.264630274931567692e+04 1.149622444590315899e+04 1.616729944079790221e+04 2.683906990869572837e+04 2.147419818578087870e+04 2.463875527374629382e+04 2.130708949340942490e+04 1.990609708381436212e+04 2.431797863879233046e+04 1.977455404037953122e+04 1.518472450683824172e+04 2.277170501218845311e+04 1.931475086618332352e+04 2.018328633472353249e+04 2.134019082482235535e+04 1.556863034603540837e+04 2.415136158010642248e+04 1.285963803376323085e+04 1.766658687849036869e+04 2.006881153021996943e+04 1.510940311243524047e+04 2.681125693975135800e+04 2.013065073651782950e+04 2.230709058135112718e+04 2.172408430700104509e+04 1.433450791504080553e+04 2.029158764916282234e+04 2.232320423126901005e+04 1.546390637384134425e+04 2.162517539575616684e+04 2.112218941413178254e+04 2.260088939596702767e+04 2.088735258885822623e+04 1.606245470151851805e+04 1.431822300988575444e+04 2.180727735686021697e+04 2.272945976368636912e+04 1.291920575285543600e+04 2.125275528869041227e+04 2.159147827394721389e+04 1.861640882991753097e+04 1.945858298636501422e+04 1.799247239190806067e+04 1.427019682921457206e+04 2.545178266941418042e+04 1.785306658189768496e+04 1.318888264871244064e+04 2.512796522794701377e+04 1.819876444802681726e+04 2.508664709118088285e+04 2.031358003944708253e+04 2.295385303901202133e+04 1.932283559955496094e+04 1.850786719269803143e+04 1.926059581745364994e+04 2.267175332350881217e+04 1.158401027897971653e+04 1.675049976635480562e+04 1.880544954170144774e+04 1.185097959409104988e+04 1.797219236772423392e+04 1.641842182793115353e+04 1.825184492940063137e+04 2.107885813744269763e+04 1.667993949269666700e+04 2.906451388698093797e+04
3.185294117647058556e+02 1.408845879432988113e+04 1.220718133018286608e+04 1.612079164565044448e+04 2.042388299153760818e+04 1.646762249311758933e+04 1.218929861077872556e+04 1.597973938435933451e+04 2.083712810164138500e+04 1.764218747900341259e+04 2.123478771564053022e+04 1.528629021673587340e+04 1.543125430159309508e+04 1.637158380348537867e+04 2.379433271311561475e+04 2.700510487882114467e+04 1.246398877148274732e+04 1.906257570297574421e+04 2.360173262579897710e+04 1.906157266943031209e+04 1.906364290916366008e+04 1.505259927299423907e+04 1.537594750997578194e+04 2.828634942576315370e+04 1.900243166360481337e+04 1.013839391984876602e+04 1.676936479949406930e+04 1.109795730761163941e+04 1.536162300812550166e+04 1.735303275955745630e+04 1.941987658702671615e+04 1.591788737874680010e+04 1.743065072116699230e+04 2.406895218743424630e+04 1.613945563078895975e+04 1.489551243681877531e+04 1.874881437818425911e+04 1.924755195655350690e+04 2.312456865568022477e+04 1.152301336600326613e+04 2.010721451228710794e+04 2.002059404973852361e+04 1.779282006864888172e+04 1.751845262293802807e+04 1.958926032422243952e+04 2.036303928549969714e+04 1.029935476236696741e+04 1.413128242402998694e+04 2.433517187008114342e+04 1.963654289184319350e+04 2.275706258143117884e+04 1.913321399751912031e+04 1.820310804009552885e+04 2.151474727650833302e+04 1.807891538601832872e+04 1.370805184058417035e+04 2.039752250761034520e+04 1.715868328564006879e+04 1.883084346262507825e+04 1.941660348057324154e+04 1.414919154656523278e+04 2.202205287362554373e+04 1.117378503113200532e+04 1.556254927582704295e+04 1.844981139596690991e+04 1.363249617303526429e+04 2.512234145418626576e+04 1.851308391440544074e+04 2.003233131546637014e+04 1.991763132791211683e+04 1.298632416039048439e+04 1.865252626549522392e+04 2.031947364072781420e+04 1.408611531168403781e+04 2.035585398238309426e+04 1.933525286330693416e+04 2.056736019565291645e+04 1.892844358434069727e+04 1.417385935303856422e+04 1.296955426410936889e+04 1.960656048697614460e+04 2.055341479396337672e+04 1.122469737338304731e+04 1.903351058163286143e+04 1.935368414979916270e+04 1.627777156705862762e+04 1.731900608685608313e+04 1.601312121469978774e+04 1.291033720289219491e+04 2.315772593647737085e+04 1.591500311965271794e+04 1.145812593966924396e+04 2.310249130376209359e+04 1.635170962324153879e+04 2.283658815557647540e+04 1.808534686113482894e+04 2.136456260395022036e+04 1.725841682953841155e+04 1.610071180153188470e+04 1.685298532885315581e+04 2.073963020618265728e+04 1.044619825993019185e+04 1.488664850630022011e+04 1.724272506574497311e+04 1.064177932474447516e+04 1.658514745717947517e+04 1.463408540418269695e+04 1.622099384307535911e+04 1.881806496667016836e+04 1.494672143256885465e+04 2.576114537673366067e+04
3.194117647058823195e+02 1.254785758380047264e+04 1.092207749793213588e+04 1.416108412096091706e+04 1.834868631949890914e+04 1.460674373467138867e+04 1.085561185437614040e+04 1.431961990092133601e+04 1.904547680436028168e+04 1.589746405727210731e+04 1.897095985656183257e+04 1.378947428394641429e+04 1.395616020039294381e+04 1.502327464563027752e+04 2.165596113951518055e+04 2.560548848937703951e+04 1.121405070142809564e+04 1.751121219325968195e+04 2.145381299138041868e+04 1.750982164427829775e+04 1.723058772643502743e+04 1.327641840151079305e+04 1.407703148519954448e+04 2.609195763754108702e+04 1.731215249085300456e+04 8.990374418476540086e+03 1.509707812787552575e+04 9.808386106075044154e+03 1.392716746670907560e+04 1.599177450256385055e+04 1.787194364009665514e+04 1.425633621980132375e+04 1.571445592471729287e+04 2.221282328916773622e+04 1.478573549308224574e+04 1.349769262324397278e+04 1.681889897414652296e+04 1.740566252462680859e+04 2.146768725500991059e+04 1.017876871763532836e+04 1.831067218663759559e+04 1.836063784626127381e+04 1.585674721085458441e+04 1.576816435665013159e+04 1.784408040765507758e+04 1.819367131907824296e+04 9.198630575414312261e+03 1.235564673168082300e+04 2.192739454231564741e+04 1.785256274573538394e+04 2.087578891971451230e+04 1.708407810349142528e+04 1.656185307331200238e+04 1.894254727658472984e+04 1.644586851584452597e+04 1.233071682348173090e+04 1.816518278038702556e+04 1.516282028676775917e+04 1.745189873294092467e+04 1.757352651789598531e+04 1.279814335228707569e+04 1.995069356209661782e+04 9.713992538803173375e+03 1.363816571546043087e+04 1.684517831512978955e+04 1.224234694322383984e+04 2.336402235462376484e+04 1.690894254156860552e+04 1.787967274410400205e+04 1.813935539334827263e+04 1.170806404485585517e+04 1.702800554213343639e+04 1.838082873353660034e+04 1.276788217236573473e+04 1.905494891587417806e+04 1.758852156590179948e+04 1.860859398940908068e+04 1.706360077854633346e+04 1.245563990363731500e+04 1.169124823928885235e+04 1.753943618399038678e+04 1.847858448209513153e+04 9.757909115564179956e+03 1.695960370423246059e+04 1.724261113598364318e+04 1.420100842981367532e+04 1.535697524523186621e+04 1.419668174184852251e+04 1.162423165498579147e+04 2.093733275041586239e+04 1.413400271724609775e+04 9.959711275956226018e+03 2.112742429065642864e+04 1.461500170888060711e+04 2.066001246495610030e+04 1.600698639901833849e+04 1.975055404920352885e+04 1.534771925849589206e+04 1.395702521914166573e+04 1.470867368873903433e+04 1.888292636173890060e+04 9.432597726616657383e+03 1.315906461898624184e+04 1.571987254984552419e+04 9.523950194744091277e+03 1.520640861420670262e+04 1.299866527765106912e+04 1.433696346167939373e+04 1.671188562913876012e+04 1.333336996711719257e+04 2.269377045548321621e+04
3.202941176470588402e+02 1.113470225127324193e+04 9.753442904486362750e+03 1.239268413407404842e+04 1.640183321497242650e+04 1.290645021288103271e+04 9.648569737393292598e+03 1.276797183968486024e+04 1.731008041250425958e+04 1.425260740821781656e+04 1.685072513288071787e+04 1.237576077169143173e+04 1.256393838381940259e+04 1.372391801103670514e+04 1.957665736278893382e+04 2.409529430908136419e+04 1.005580363722408583e+04 1.598061222951537093e+04 1.937247003179070089e+04 1.597940167004223622e+04 1.548885496698245333e+04 1.166839514525388222e+04 1.283357579974179316e+04 2.390647698921624396e+04 1.567428931724162794e+04 7.997717351770969799e+03 1.352962448891378153e+04 8.656521025015676059e+03 1.257196163699533645e+04 1.466718298477805183e+04 1.633870874967511554e+04 1.270428147477284983e+04 1.409100692360908033e+04 2.036084620173900839e+04 1.347387294436928823e+04 1.218112064659607495e+04 1.501683509375501126e+04 1.567889478072262136e+04 1.979326229564774621e+04 8.974484778716927394e+03 1.657209585618057827e+04 1.673022533373986880e+04 1.405900280935009869e+04 1.414722303999593350e+04 1.615657966036924881e+04 1.616166197912054304e+04 8.201586288603713911e+03 1.082665647813686701e+04 1.964273702198154206e+04 1.614412547137009824e+04 1.902577409893420554e+04 1.517890044156512522e+04 1.500333686904732531e+04 1.661196303180822360e+04 1.489618296492989248e+04 1.106037502194794979e+04 1.609266974312261846e+04 1.334040256635707374e+04 1.607244168777764025e+04 1.582978054818582495e+04 1.153015091528524681e+04 1.796505353012611158e+04 8.469612926640576916e+03 1.190198667854638734e+04 1.528094464654862350e+04 1.095223505490343086e+04 2.157311742441672322e+04 1.534433828226762671e+04 1.586825877650821894e+04 1.641733613425030489e+04 1.051339041236791127e+04 1.544433528809895870e+04 1.653313469367219295e+04 1.152466700516997298e+04 1.774307328770369350e+04 1.590597028061597666e+04 1.674718998716025089e+04 1.531083234254934541e+04 1.091398686004574847e+04 1.049690894221872077e+04 1.562239857205539374e+04 1.652680585224352035e+04 8.507988171361792411e+03 1.504324926074242649e+04 1.527929659458517017e+04 1.237937614633685189e+04 1.357982750790494720e+04 1.255092014666314026e+04 1.042518774324779952e+04 1.881872232552845526e+04 1.251789568980545118e+04 8.681199039047782207e+03 1.922544636173820982e+04 1.300447490408614249e+04 1.858401863307187523e+04 1.409330206829228155e+04 1.814250802135287813e+04 1.360197281652919992e+04 1.207281528380253076e+04 1.282163147731596837e+04 1.711952722521607939e+04 8.539476831729425612e+03 1.158070720688658548e+04 1.425845846389291910e+04 8.503390748219393572e+03 1.385869873727406957e+04 1.151885249777719037e+04 1.261367644199366259e+04 1.477691163875307757e+04 1.185202405134594119e+04 1.988242220208793879e+04
3.211764705882353041e+02 9.856018527893184000e+03 8.704918838319734277e+03 1.081783965504897060e+04 1.459735923166174507e+04 1.137139782559610103e+04 8.571058135616995060e+03 1.133764111297139425e+04 1.565413091497802452e+04 1.272233718250009588e+04 1.489169060658294075e+04 1.105966857579633870e+04 1.126641841998363270e+04 1.248949987742944359e+04 1.758478187602220351e+04 2.250916067522036610e+04 8.997228853411081218e+03 1.449573041078540882e+04 1.738498710481189119e+04 1.449516329201117696e+04 1.385644228209499124e+04 1.023071353238973097e+04 1.166016159048650115e+04 2.176513768436207829e+04 1.411141632737693908e+04 7.151316579488728166e+03 1.207978148487235376e+04 7.642649712102749618e+03 1.130843302392815349e+04 1.339667282331579554e+04 1.484576242918404023e+04 1.127440935426514807e+04 1.257692060052516717e+04 1.854458975135892979e+04 1.222191220376835554e+04 1.095779394364149448e+04 1.335444185205850226e+04 1.407785594973540356e+04 1.813208105798001998e+04 7.910283373555244907e+03 1.491487011714789514e+04 1.515436731953503659e+04 1.241271344161315574e+04 1.266201289423150229e+04 1.454936810431108097e+04 1.428413114534488341e+04 7.312474199560087072e+03 9.527499665381723389e+03 1.750201798357052030e+04 1.452890485020963570e+04 1.723409289804378568e+04 1.343105819436234196e+04 1.354419591902369575e+04 1.452645961756679208e+04 1.344627270920672527e+04 9.901394826837153232e+03 1.419185988199421263e+04 1.169861907931737187e+04 1.471595038136149196e+04 1.419957622399310276e+04 1.035609684345951246e+04 1.608754510758006836e+04 7.427038152904400704e+03 1.035671264024911397e+04 1.377943367167050201e+04 9.771484342817408105e+03 1.978376346504252797e+04 1.384169379428041611e+04 1.401165016816835669e+04 1.477493012358126180e+04 9.412410461039624352e+03 1.392406821392668462e+04 1.479707688127848996e+04 1.036842767567654118e+04 1.643977145191242016e+04 1.430766419572198356e+04 1.500100914705449213e+04 1.368327386891024798e+04 9.549882190650332632e+03 9.396580324512846346e+03 1.386651732567347062e+04 1.471470774783258275e+04 7.461119811763497637e+03 1.329184556850523222e+04 1.347828786235742155e+04 1.080143973877365352e+04 1.198954415871350648e+04 1.107877480137409475e+04 9.322889743210984307e+03 1.682463158110278891e+04 1.106960158418433275e+04 7.607481354414240741e+03 1.741584250653048366e+04 1.153083398089453112e+04 1.663054255119838854e+04 1.235330444076875574e+04 1.656786932773895751e+04 1.202721589073183168e+04 1.043858794195248811e+04 1.118099022354697991e+04 1.546393401883800107e+04 7.761274730185236876e+03 1.015922421766618572e+04 1.287608755220876992e+04 7.583327390405014739e+03 1.256164405921802609e+04 1.019685302170447903e+04 1.105915532482940216e+04 1.302353757971189953e+04 1.051003061295973566e+04 1.733802863792821518e+04
3.220588235294117680e+02 8.714711946390616504e+03 7.777105471612660949e+03 9.433850070084945401e+03 1.294414458220555571e+04 1.000178056796232522e+04 7.622611256619954474e+03 1.003677546767344029e+04 1.409623952249106151e+04 1.131678224597598819e+04 1.310528430633149947e+04 9.851651676261082685e+03 1.007188404937441192e+04 1.133286003619786425e+04 1.570317879527128935e+04 2.088070221730368212e+04 8.043154780164441945e+03 1.307766803991747656e+04 1.551307924660759818e+04 1.307809686460639386e+04 1.234652706567846690e+04 8.961293697241826521e+03 1.056824132779444517e+04 1.969832850041578058e+04 1.264161824056116893e+04 6.440632815049414603e+03 1.075596024905354352e+04 6.763891886442115720e+03 1.014529491001723545e+04 1.219466305110778376e+04 1.341493618898326713e+04 9.974690941889217356e+03 1.118399675246138759e+04 1.679131112608536932e+04 1.104460846713550927e+04 9.835979876721876280e+03 1.183894243226568688e+04 1.260952621438575807e+04 1.651143608721191049e+04 6.983072135095680096e+03 1.335760731641352322e+04 1.365397733248141230e+04 1.092573525740281548e+04 1.131563392041789848e+04 1.304050475834017743e+04 1.257218086907181350e+04 6.532577898537407236e+03 8.439290394842959358e+03 1.552006876344248121e+04 1.302041462975213653e+04 1.552360058612058310e+04 1.184848897931814645e+04 1.219674197088988876e+04 1.268334577554001226e+04 1.210824395382406692e+04 8.855248105960961766e+03 1.246903552244473212e+04 1.023927995030578313e+04 1.340289819439777784e+04 1.269275777397013007e+04 9.283260947857776046e+03 1.433524321058961323e+04 6.570571806708197073e+03 9.000014647098727437e+03 1.235894322544146780e+04 8.705698335052893526e+03 1.802655048294855078e+04 1.241941964376251053e+04 1.231820903157471548e+04 1.323059032796206156e+04 8.411822404820633892e+03 1.248568477305990746e+04 1.318813355260980279e+04 9.307684226505702100e+03 1.516306084060899957e+04 1.280958822047076319e+04 1.338327685556584220e+04 1.218949847076176775e+04 8.359866171280933486e+03 8.396895139955880950e+03 1.227789227129225947e+04 1.305388028717141242e+04 6.601405068149703766e+03 1.170848112488732113e+04 1.184808540890351287e+04 9.452215626465529567e+03 1.058352541204373301e+04 9.779018096736714142e+03 8.323573473181968438e+03 1.497238205922034103e+04 9.787765659558770494e+03 6.721640598441327711e+03 1.571434059369098213e+04 1.020004145825110572e+04 1.481631797714629283e+04 1.079079972196446943e+04 1.505031509247157919e+04 1.062489560345582140e+04 9.040556823045804776e+03 9.772196318185704513e+03 1.392726926552529221e+04 7.091075070946096275e+03 8.897492125374299576e+03 1.158635363895739101e+04 6.764596835626185566e+03 1.133149483919345221e+04 9.030966223770152283e+03 9.676130626320624287e+03 1.145654119196716965e+04 9.310402045315237046e+03 1.506346268283239078e+04
3.229411764705882320e+02 7.710061347333882622e+03 6.967933389250792970e+03 8.233931415519184156e+03 1.144640587871255775e+04 8.794018422065364575e+03 6.799900281547769737e+03 8.869213177307101432e+03 1.265042524018294353e+04 1.004180658799975026e+04 1.149727159064260013e+04 8.758280103319842965e+03 8.985297943067107553e+03 1.026367747939677793e+04 1.394917611990969272e+04 1.924149735456427516e+04 7.195535648828916237e+03 1.174345320911595809e+04 1.377295278333557508e+04 1.174511776134186039e+04 1.096769887616614687e+04 7.854526919145489046e+03 9.566172203954864017e+03 1.773119462356912118e+04 1.127845469738043539e+04 5.854161872796281386e+03 9.562547045174234881e+03 6.014758765513461185e+03 9.087808828612851357e+03 1.107249389743957181e+04 1.206404225169465826e+04 8.808780103862698525e+03 9.919485229503035953e+03 1.512356518892210443e+04 9.953324759278100828e+03 8.820487333272014439e+03 1.047341301956967436e+04 1.127757916516963633e+04 1.495463519877595536e+04 6.187122047083715188e+03 1.191414516786250533e+04 1.224566903651346365e+04 9.601148725729733997e+03 1.010831102357573218e+04 1.164347447593837205e+04 1.103140077374190332e+04 5.860577590371072802e+03 7.541930996435473389e+03 1.370612250367951856e+04 1.162817403403282515e+04 1.391269502089478738e+04 1.043422586752248753e+04 1.096914571577065726e+04 1.107479445000185660e+04 1.089008229093275077e+04 7.920936881301376161e+03 1.092552538829136756e+04 8.959579685536355100e+03 1.215043990052564004e+04 1.131515781893594249e+04 8.315605304706166862e+03 1.272010307488378749e+04 5.883184976748745612e+03 7.825403484394157203e+03 1.103363469893861293e+04 7.757095007527296730e+03 1.632790176270951270e+04 1.109179684730147892e+04 1.079160985946860455e+04 1.179790674913283692e+04 7.515163520442816662e+03 1.114348359060051735e+04 1.171675049364756705e+04 8.347695099209106047e+03 1.392905023855337276e+04 1.142364395090889957e+04 1.190282535252571870e+04 1.083393789080287024e+04 7.336836193276760241e+03 7.501325890008168244e+03 1.085819739899246997e+04 1.155119037459306310e+04 5.911621129768306673e+03 1.029249597152489878e+04 1.039175144307190931e+04 8.314215346085527926e+03 9.355393340643659030e+03 8.646938187192105033e+03 7.430299875895047990e+03 1.327404332884116593e+04 8.667446279966885413e+03 6.005682468971072922e+03 1.413306175670422090e+04 9.013817990384661243e+03 1.315302327709898236e+04 9.405073158896386303e+03 1.360943463849643558e+04 9.392518235590021504e+03 7.861778804652737563e+03 8.578064351359000284e+03 1.251736005790242780e+04 6.521018014356944150e+03 7.794244144031277756e+03 1.039894621828778691e+04 6.045953242469211546e+03 1.018101406674608370e+04 8.016209609906105470e+03 8.462750656614749460e+03 1.007576897278332581e+04 8.252354916026111823e+03 1.305472406057558328e+04
3.238235294117646959e+02 6.838260117565087967e+03 6.273058602967741535e+03 7.208076840128551339e+03 1.010427749495957687e+04 7.741460025407858666e+03 6.097234179748495990e+03 7.834975406723864580e+03 1.132626879947331508e+04 8.899436183186851849e+03 1.006840151273629999e+04 7.782542988984458134e+03 8.008606041780499254e+03 9.288561449929064111e+03 1.233479879366322530e+04 1.762026651248869530e+04 6.453780683799395774e+03 1.050600778960209755e+04 1.217556480726374866e+04 1.050903926114078240e+04 9.724321998794255705e+03 6.902008369476538974e+03 8.659344424432876622e+03 1.588349175529692184e+04 1.003110823748661642e+04 5.379834020236826291e+03 8.500330272989776859e+03 5.387696869708142913e+03 8.138126561630201650e+03 1.003845551581701511e+04 1.080680414858741642e+04 7.776515173783226601e+03 8.786484667187196465e+03 1.355905210987815008e+04 8.956069470615464525e+03 7.913019046533543587e+03 9.257298183629918640e+03 1.008273485864679606e+04 1.348072630403949188e+04 5.514630048141082625e+03 1.059372872765565808e+04 1.094175098237864222e+04 8.437850629995960844e+03 9.037799919843984753e+03 1.036734257733225604e+04 9.662500698323565302e+03 5.292940875919368409e+03 6.814827296346174990e+03 1.206434882816261415e+04 1.035798086654055078e+04 1.241527669942235298e+04 9.187019486109102218e+03 9.865731894689351975e+03 9.688868144383524850e+03 9.795949657642924649e+03 7.095427049458204237e+03 9.558421466424773826e+03 7.852897568098985175e+03 1.097226652507346807e+04 1.006902889459281869e+04 7.454132701723604441e+03 1.124933159544045702e+04 5.347150212227048542e+03 6.823097565154365839e+03 9.813601034536839506e+03 6.924909190591884908e+03 1.470969884765115967e+04 9.869038990912042209e+03 9.431430977693957175e+03 1.048583432261358939e+04 6.723131301210495621e+03 9.907652386551959353e+03 1.038867849843599288e+04 7.490718591462591576e+03 1.275164461729315917e+04 1.015779129561155787e+04 1.056444211768198329e+04 9.617376556704053655e+03 6.470835144345884146e+03 6.710507713750823314e+03 9.605279266389867189e+03 1.020920879491317282e+04 5.373858746597400568e+03 9.040064012701281172e+03 9.107628384230658412e+03 7.368362994454260843e+03 8.295781454566746106e+03 7.675006338837657495e+03 6.643296776017131378e+03 1.173675654136860067e+04 7.700810883048210599e+03 5.441142821628391175e+03 1.268057165385605367e+04 7.970214826494233421e+03 1.164758055636032259e+04 8.191617942153216063e+03 1.226060485943204731e+04 8.324314077952541993e+03 6.883180594820844817e+03 7.579705439979685252e+03 1.123888720102293337e+04 6.042644629449263448e+03 6.844742340318729475e+03 9.319881991344904236e+03 5.424383008707860427e+03 9.119515530293045231e+03 7.144951530377794370e+03 7.413342494405051184e+03 8.876877846563253115e+03 7.331893732614455985e+03 1.130217473935138150e+04
3.247058823529411598e+02 6.092974030168546051e+03 5.686263502583030458e+03 6.343873640377209995e+03 8.914438057197023227e+03 6.835066300944601608e+03 5.507051096826661706e+03 6.930822149690819060e+03 1.012919997899499140e+04 7.888353052658013439e+03 8.815129227849960444e+03 6.924238069550139699e+03 7.141096126798563091e+03 8.411227003727299234e+03 1.086714673589036101e+04 1.604225532717679380e+04 5.815110328904856942e+03 9.374273854314164055e+03 1.072703754681643295e+04 9.378702532603949294e+03 8.616992566661549063e+03 6.093233322543175746e+03 7.850384581423038981e+03 1.416966582590526377e+04 8.904677622492186856e+03 5.005344041366104648e+03 7.566981704930039086e+03 4.873596608271813238e+03 7.295682738177148167e+03 9.097910131366421410e+03 9.652950380338284958e+03 6.874483041350090389e+03 7.784435252509154452e+03 1.211067370082950038e+04 8.057650878890924105e+03 7.112573059064660811e+03 8.186961338632132538e+03 9.023126341404056802e+03 1.210441830304293217e+04 4.956246020378014691e+03 9.401340147335058646e+03 9.750389193126520695e+03 7.431199581511576071e+03 8.099776610508006343e+03 9.217053551626368062e+03 8.462019305555821120e+03 4.824316403178975634e+03 6.237461208770275334e+03 1.059448519880987078e+04 9.212261349375412465e+03 1.104088222308698823e+04 8.102004520926738223e+03 8.887355571923388197e+03 8.510503342378129673e+03 8.826561798562519471e+03 6.374065020632960113e+03 8.361325387591454273e+03 6.909593610095497752e+03 9.878609301902222796e+03 8.953521183314129303e+03 6.697287353665936280e+03 9.925869783926349555e+03 4.944556455761821780e+03 5.980850813533341352e+03 8.705081204296417127e+03 6.205831241810562460e+03 1.318913368698869090e+04 8.757501675954601524e+03 8.233787580019321467e+03 9.299066623039410842e+03 6.033949647789682786e+03 8.784486609351342850e+03 9.205434616891632686e+03 6.736335550733431774e+03 1.164233923916427011e+04 9.016308693739198134e+03 9.369293818678308526e+03 8.537484417908335672e+03 5.749796724779625947e+03 6.022606287675753265e+03 8.513772235793509026e+03 9.026712685860984493e+03 4.970039569184024913e+03 7.944769224798471441e+03 7.990113732485307992e+03 6.594773496607326706e+03 7.393078575846585409e+03 6.853505417346011200e+03 5.960341930939642225e+03 1.036317779080337823e+04 6.877806604258236803e+03 5.009574525191821522e+03 1.136202304486170760e+04 7.064219568700714262e+03 1.030257174292008494e+04 7.142868417376307661e+03 1.101503714255405612e+04 7.411884270956846194e+03 6.084453839533633072e+03 6.757317914963924522e+03 1.009359244855818361e+04 5.647174305196736896e+03 6.041452478247219005e+03 8.351828981422911966e+03 4.895413417962777203e+03 8.153024259382886157e+03 6.407522139724164845e+03 6.519180402165261512e+03 7.852089230716591373e+03 6.542405316112840410e+03 9.791760313951652279e+03
3.255882352941176805e+02 5.465890904258675619e+03 5.199850432536050903e+03 5.627251817186242988e+03 7.870749061494756461e+03 6.064050583242938046e+03 5.020384538405600324e+03 6.150836790844033203e+03 9.060887721770983262e+03 7.004423731380094068e+03 7.730372782223936156e+03 6.180416699506294208e+03 6.379787078619805470e+03 7.632738161596787904e+03 9.548897619186753218e+03 1.452882575853209164e+04 5.274921065121565334e+03 8.353469376860211923e+03 9.429184457276434841e+03 8.359236455963704429e+03 7.643056356149276326e+03 5.416235271922349057e+03 7.139415101409540512e+03 1.259912301893930453e+04 7.900583382971687570e+03 4.718417251438719177e+03 6.757564322912275202e+03 4.462254055751714986e+03 6.557611871063267245e+03 8.253489851729702423e+03 8.608444509757227934e+03 6.096611344747864678e+03 6.909667897566695501e+03 1.078676774182787267e+04 7.259924509938350639e+03 6.415867808449413133e+03 7.256240092438657484e+03 8.094669470478794210e+03 1.083617518955377454e+04 4.501551742563096013e+03 8.338138362081614105e+03 8.675904308564093299e+03 6.573677169302107359e+03 7.288203357908937505e+03 8.193837726337300410e+03 7.423065407769919148e+03 4.447914482416148530e+03 5.789833255858778102e+03 9.292521647792071235e+03 8.190472729537992564e+03 9.794959960654832685e+03 7.171375878970370650e+03 8.031834027428249101e+03 7.522424633711157185e+03 7.979619895046802412e+03 5.750962014945715964e+03 7.325087165847117831e+03 6.117767227591622031e+03 8.876370714645945554e+03 7.965177806421885180e+03 6.041374233418659060e+03 8.748947424181040333e+03 4.657715243959492000e+03 5.284713283963427784e+03 7.710790034967019892e+03 5.594457591261506423e+03 1.177876450479175764e+04 7.760008008643645553e+03 7.191971630711615035e+03 8.238515720069903182e+03 5.443757774739898196e+03 7.776724035111503326e+03 8.164847246905248539e+03 6.081811102814672267e+03 1.061010753233110881e+04 8.000143837908060050e+03 8.315394989670177893e+03 7.589360408941251990e+03 5.160225503865659448e+03 5.433707963192712668e+03 7.575707989750373599e+03 7.999232280703235119e+03 4.682324000473484375e+03 6.998155283635582236e+03 7.030448605103433692e+03 5.973391455823260003e+03 6.634106782222853326e+03 6.171103792847839031e+03 5.377164372728436319e+03 9.152008507146058037e+03 6.186783449495587774e+03 4.692927070030971663e+03 1.017937569683438778e+04 6.288366124326656063e+03 9.116738530742581133e+03 6.248905194167848094e+03 9.879971547643057420e+03 6.644810852517668536e+03 5.444811514434894889e+03 6.090840636933041424e+03 9.080532928306647591e+03 5.325721378421140798e+03 5.374692724047008596e+03 7.494496575436346575e+03 4.453406120729368013e+03 7.284534841858205255e+03 5.792782758102065600e+03 5.769227309526190766e+03 6.990923151088803024e+03 5.875239539085935576e+03 8.506168288040307743e+03
3.264705882352941444e+02 4.947241295264928340e+03 4.805016464970186462e+03 5.043145861671435341e+03 6.964875452939440947e+03 5.416456454086296617e+03 4.627292286467522899e+03 5.487009430433401576e+03 8.119699781578219699e+03 6.241235578057952807e+03 6.804263956436404442e+03 5.545854338355262371e+03 5.719827585559750332e+03 6.951797537134575578e+03 8.378888291750774442e+03 1.309724701168018692e+04 4.827142412083334420e+03 7.445441166403363241e+03 8.280104907985796672e+03 7.452412251407496115e+03 6.797155802294045316e+03 4.858150245020081456e+03 6.524351124362971859e+03 1.117664533709861462e+04 7.017046193077899261e+03 4.507019258211104898e+03 6.065042725252049422e+03 4.142778223852754309e+03 5.919167399535522236e+03 7.505351751466130736e+03 7.675817876658712521e+03 5.434757430780087816e+03 6.155976537369064317e+03 9.591478707653030142e+03 6.562107466554683924e+03 5.817768005284382525e+03 6.456985327235235673e+03 7.291424531500436387e+03 9.682452603465511856e+03 4.139483536797224588e+03 7.401971986851669499e+03 7.719168333955559319e+03 5.855532671520413714e+03 6.595664840896820351e+03 7.295691589289753210e+03 6.536053448082551768e+03 4.155862241422123589e+03 5.452791432950461058e+03 8.151399114361805914e+03 7.289534286396895368e+03 8.679254031524613310e+03 6.385045196988269709e+03 7.294408211995721103e+03 6.705964638863514665e+03 7.250271318432558473e+03 5.219335019417333569e+03 6.438506007371575834e+03 5.463953803724397403e+03 7.969356766569638239e+03 7.098426769486366538e+03 5.480974944662955750e+03 7.714671232520893682e+03 4.469471135985948422e+03 4.719705061200142154e+03 6.830327476507823121e+03 5.083732049117720635e+03 1.048674012880598457e+04 6.876254622914332685e+03 6.297071258514539295e+03 7.301857552704787850e+03 4.947001352596338620e+03 6.883959150276740729e+03 7.261648598663854500e+03 5.522475014622794333e+03 9.661377390000665400e+03 7.107326530626345630e+03 7.398097723593162300e+03 6.766062801869376926e+03 4.687797006754159156e+03 4.938211767435301226e+03 6.781095560246639252e+03 7.119613085381764904e+03 4.493422730428465911e+03 6.190233021214447945e+03 6.217482204513022225e+03 5.484497075972721177e+03 6.004719561969609458e+03 5.615364481812427584e+03 4.887844058874761686e+03 8.098572982300293916e+03 5.615053692069879617e+03 4.473833359568470769e+03 9.131679905623777813e+03 5.633321937019737561e+03 8.085531818012917029e+03 5.498106724493462934e+03 8.858984644260988716e+03 6.011213272009084903e+03 4.943604989494063375e+03 5.560475203031027377e+03 8.196371136542440581e+03 5.069459672610865709e+03 4.833232386062340083e+03 6.745061502589553129e+03 4.091828587182879801e+03 6.514338606507417353e+03 5.288638941302185231e+03 5.150822478049401980e+03 6.280885742751442194e+03 5.320255659632340212e+03 7.425883407939120843e+03
3.273529411764706083e+02 4.526276624061232724e+03 4.492202023896194987e+03 4.576061848974478380e+03 6.186866752452893707e+03 4.879663653874777992e+03 4.317241400206527942e+03 4.929795094253839125e+03 7.301204962435728703e+03 5.590618519794746135e+03 6.024863653599109966e+03 5.013522663519701382e+03 5.154888195039295169e+03 6.365066319976230261e+03 7.352736751627958256e+03 1.176066775332341786e+04 4.464575536110492976e+03 6.649083226390172968e+03 7.274810029686019334e+03 6.657063514732057229e+03 6.071779919442394203e+03 4.405700460972791006e+03 6.001219085113634719e+03 9.902911992852947151e+03 6.249606949556717154e+03 4.359518739378763712e+03 5.480777172566814443e+03 3.903942160695372422e+03 5.374126592451971192e+03 6.851472356561973356e+03 6.854574141961150417e+03 4.879270599418525308e+03 5.515186157605907283e+03 8.525229403039529643e+03 5.961136413701056881e+03 5.311694808103163268e+03 5.779566508120652543e+03 6.605943494658719828e+03 8.646045390057168333e+03 3.858696106053059339e+03 6.587930947085425942e+03 6.878067428483893309e+03 5.265388042485794358e+03 6.013674424700232521e+03 6.517898079311154106e+03 5.789403996504537645e+03 3.939526576276814467e+03 5.208265431830575835e+03 7.161690268534504867e+03 6.504266587378934673e+03 7.692263726305249293e+03 5.731256238082466552e+03 6.668213916772196171e+03 6.041778565407801580e+03 6.631579503220098559e+03 4.771800123067303502e+03 5.688971805854506783e+03 4.933744075200415864e+03 7.158584546716264413e+03 6.346050816598333768e+03 5.009345030925312130e+03 6.816617320899072183e+03 4.363432334773864568e+03 4.270394565617008084e+03 6.060636947805325690e+03 4.665363137860057577e+03 9.317159977850498763e+03 6.103267956551209863e+03 5.538548501632831176e+03 6.484107787163125977e+03 4.536811168714827545e+03 6.103106893663951269e+03 6.488081842396525644e+03 5.052104424933436349e+03 8.800088740091592626e+03 6.333416944735789002e+03 6.610580001436624116e+03 6.059108778748336590e+03 4.317871412719134241e+03 4.529208687481906054e+03 6.118458855021579438e+03 6.378570263439918563e+03 4.386827975847214475e+03 5.509936775496695191e+03 5.538385134761773770e+03 5.109092882243744498e+03 5.490315320249799697e+03 5.173186567017828565e+03 4.485195555570655415e+03 7.195415567165739958e+03 5.149379658834304792e+03 4.335819901670110085e+03 8.215407622231850837e+03 5.088434813301752001e+03 7.201681141444333662e+03 4.877731662218110614e+03 7.952381824739072727e+03 5.498243934435537994e+03 4.560810270098626461e+03 5.147089740548454756e+03 7.435690572040400184e+03 4.869745356091010763e+03 4.404826846303438288e+03 6.098608011036669268e+03 3.803500172006280536e+03 5.840395073184474313e+03 4.882490298054112827e+03 4.650298279077562256e+03 5.708093406900399714e+03 4.866320946228757748e+03 6.530117963022822551e+03
3.282352941176470722e+02 4.191695748266134615e+03 4.251408355114609549e+03 4.210547973671246837e+03 5.525684119830001691e+03 4.440818147671625411e+03 4.079445652563462772e+03 4.468629421976972480e+03 6.598690701604873539e+03 5.043135176555866565e+03 5.378820058193215118e+03 4.575043936722868239e+03 4.677533975117396039e+03 5.867499282446077814e+03 6.463470999579900308e+03 1.052824549304148240e+04 4.179205693548919953e+03 5.960792226929396747e+03 6.405847769081521619e+03 5.969542009313594463e+03 5.457795637517839168e+03 4.045596154762183232e+03 5.564483462652252456e+03 8.775085694823110316e+03 5.591658650113955446e+03 4.264813189723663527e+03 4.994986973888720968e+03 3.734479228250928372e+03 4.915168886182120332e+03 6.287966084617709384e+03 6.141636558533286006e+03 4.419509823427006268e+03 4.977694078069552234e+03 7.585254911433833513e+03 5.452048114616048224e+03 4.890008062564173997e+03 5.213331756430004134e+03 6.029598355485843967e+03 7.726513919538124355e+03 3.647868266341229628e+03 5.888907416956038105e+03 6.147999736966587989e+03 4.790786548293142914e+03 5.532950739941355096e+03 5.853559389098187239e+03 5.170187316363107129e+03 3.789801484842295849e+03 5.039425359645343633e+03 6.312239131852697028e+03 5.827822742839734019e+03 6.829746542952311756e+03 5.197144403211253120e+03 6.144745574449944797e+03 5.510448601237656476e+03 6.114986136281439030e+03 4.400617941866929868e+03 5.063033802321605435e+03 4.512318405355800678e+03 6.442640698486622568e+03 5.699623394024822119e+03 4.618781634368383493e+03 6.046402604159941802e+03 4.324137104695092603e+03 3.921379064579072747e+03 5.396484660058215013e+03 4.330207208564991561e+03 8.270530011601167644e+03 5.435882304994254810e+03 4.904761491021654365e+03 5.778197703350726442e+03 4.205358204582953476e+03 5.428887103204587220e+03 5.834496016338895970e+03 4.663295656204557417e+03 8.027824722989030306e+03 5.671966413696834024e+03 5.944316948565708117e+03 5.458931073300719618e+03 4.035920234211535444e+03 4.198836982385413648e+03 5.575322135534143854e+03 5.765216900778000308e+03 4.346980197245601630e+03 4.945525169213423396e+03 4.979292534242827060e+03 4.829187323820930033e+03 5.076266498776339176e+03 4.831180171551349304e+03 4.161125212400120290e+03 6.432889725152304891e+03 4.776387648334180085e+03 4.263456070716153590e+03 7.424815582367879870e+03 4.642226515125052174e+03 6.455760527911245845e+03 4.374423183592053647e+03 7.157644438376237304e+03 5.092519569949302422e+03 4.277396171699953811e+03 4.832519871642070939e+03 6.791326581626002735e+03 4.718208791118662703e+03 4.076680939302963907e+03 5.548563180249700054e+03 3.580811809036184059e+03 5.258724545870606562e+03 4.561614702459813998e+03 4.253515981876547812e+03 5.257823916884365644e+03 4.501753328069185955e+03 5.797604562491497745e+03
3.291176470588235361e+02 3.932015221768092488e+03 4.072480776305917061e+03 3.931572310887159347e+03 4.969664236451936631e+03 4.087186865454237250e+03 3.903154925118150004e+03 4.092389592152422210e+03 6.003675609166985851e+03 4.588527600190719568e+03 4.851954897765263013e+03 4.221113391570657768e+03 4.279568776620108110e+03 5.452682013053720766e+03 5.702137405148019752e+03 9.405404006965743974e+03 3.962484561220735031e+03 5.374934634092613123e+03 5.663901874657475673e+03 5.384184526555411139e+03 4.944943990030782516e+03 3.764858687859364636e+03 5.207370660570158179e+03 7.787428365786755421e+03 5.034966479651016925e+03 4.212426048496845397e+03 4.597173008670235504e+03 3.623328125808186996e+03 4.534219972815349138e+03 5.809413660390487166e+03 5.531812072576134597e+03 4.044305087710315092e+03 4.532968371741992996e+03 6.766166045830746953e+03 5.028364527387149792e+03 4.544352948657376146e+03 4.747016093171878310e+03 5.552887646856174797e+03 6.920659419571597937e+03 3.495954014624143838e+03 5.296141363745317904e+03 5.522381475018572019e+03 4.418675487475366026e+03 5.143666679364449919e+03 5.294118179383222014e+03 4.664696011776117302e+03 3.697359430360091665e+03 4.930782284370709021e+03 5.590742097823842414e+03 5.252098586417573642e+03 6.085237072993464608e+03 4.769231494006957291e+03 5.714299276851034847e+03 5.092979877796625260e+03 5.690752418230773401e+03 4.097894027944676964e+03 4.546889372215993717e+03 4.184893942078174405e+03 5.818067772456092825e+03 5.149902141993498844e+03 4.300954704723114446e+03 5.394216938207619023e+03 4.337170657025503715e+03 3.657670477163566829e+03 4.830936417637419254e+03 4.068611448811449918e+03 7.344281368364862828e+03 4.867216382574438285e+03 4.383422676587248134e+03 5.175525551648218425e+03 3.944178014574968074e+03 4.854306251054526911e+03 5.289907661497723893e+03 4.347814940223271151e+03 7.344003059467994717e+03 5.114970731629107831e+03 5.389522484327516395e+03 4.955284135902516937e+03 3.827869865830475192e+03 3.938606658031102143e+03 5.138638981220574351e+03 5.267552674108846986e+03 4.359384906815602335e+03 4.484925432083136002e+03 4.525865367328024149e+03 4.627992718438811607e+03 4.748268871050549023e+03 4.575979093739127165e+03 3.906955115735213440e+03 5.799719282044055035e+03 4.482909848850668823e+03 4.242456365361616918e+03 6.752326809120020698e+03 4.282825821466725756e+03 5.836730209843889497e+03 3.974632433444848175e+03 6.469905051405660743e+03 4.780489245496184594e+03 4.075589713269962431e+03 4.599783144807760436e+03 6.254702997756533478e+03 4.606824738971708030e+03 3.835839239992301827e+03 5.087112539605267557e+03 3.415919660809203833e+03 4.763802377418370270e+03 4.313488264390924996e+03 3.946317084542132761e+03 4.914990594909233550e+03 4.214704142030110233e+03 5.207249401192092591e+03
3.300000000000000000e+02 3.735882441032303632e+03 3.945356717895936526e+03 3.724815033946315907e+03 4.506916282588756985e+03 3.806441323764753633e+03 3.777897649291961898e+03 3.789793833431525400e+03 5.506399287277884468e+03 4.216112946853631001e+03 4.429770122938416534e+03 3.941880080110815470e+03 3.952345255561045178e+03 5.113160089125346531e+03 5.058368059786738741e+03 8.394188972441175792e+03 3.805580725945272661e+03 4.884304988464456073e+03 5.038345935891714362e+03 4.893770255568764696e+03 4.522289625377077755e+03 3.551071586851564462e+03 4.922181419193449074e+03 6.931915341421478843e+03 4.570157447304919515e+03 4.192582688142414554e+03 4.276492957641811699e+03 3.559831965481119823e+03 4.222757316297247598e+03 5.409189043663209304e+03 5.018250629714133538e+03 3.742355640643947027e+03 4.169992072142148572e+03 6.060513629548429890e+03 4.682468151270913040e+03 4.265966864248823185e+03 4.369094618695422469e+03 5.165719586800700199e+03 6.223020859146423390e+03 3.392383570102609610e+03 4.799731846914473863e+03 4.993139238815178942e+03 4.135818750717000512e+03 4.835673268293481669e+03 4.829849034597391437e+03 4.258938851800132397e+03 3.652868261358795735e+03 4.868245320722043289e+03 4.984259860868298347e+03 4.768112465757182690e+03 5.450557990059649455e+03 4.433851784166427024e+03 5.366385401600859950e+03 4.771193880167474163e+03 5.348369796683033201e+03 3.855739280585665256e+03 4.126791351453502102e+03 3.937087442019445461e+03 5.279759085311203307e+03 4.687175610704312930e+03 4.047198457275279907e+03 4.849303490318312470e+03 4.389244922346886597e+03 3.464993898915459795e+03 4.355813393808713045e+03 3.870713886107382677e+03 6.533318057619598221e+03 4.389129545605593194e+03 3.961989880340046057e+03 4.666464916011967944e+03 3.744460139920111942e+03 4.371117584052702114e+03 4.842513439028966786e+03 4.096920960520203153e+03 6.746115492055075265e+03 4.653300631405312743e+03 4.935553219506175083e+03 4.537596273413212657e+03 3.680368659681414101e+03 3.739688767173828637e+03 4.795163414826195549e+03 4.872904352335585827e+03 4.410692088231141497e+03 4.116023210046234453e+03 4.163764953154295654e+03 4.490054289676274493e+03 4.492617722729264642e+03 4.394497587735912020e+03 3.713710400318090251e+03 5.283516807203734970e+03 4.256259063763287486e+03 4.259747278352131616e+03 6.188916317987558614e+03 3.998338031492261052e+03 5.332439710244243543e+03 3.664963477086973853e+03 5.882427879479015246e+03 4.548742514653630678e+03 3.939055035724856225e+03 4.433222854846009795e+03 5.816166059528307414e+03 4.527968763510006283e+03 3.669505780523778412e+03 4.705585568801331647e+03 3.300914367390651478e+03 4.348939489915312151e+03 4.126044929191511073e+03 3.714891399191895289e+03 4.664540574336032478e+03 3.993480431403363582e+03 4.738651129434736504e+03
3.308823529411764639e+02 3.592332921954573067e+03 3.860278385575568336e+03 3.576884597191948160e+03 4.125651955735047522e+03 3.586876582989265899e+03 3.693679248947464657e+03 3.549736710546583254e+03 5.096276586872894768e+03 3.915124333699397084e+03 4.097872511914149982e+03 3.727280723685031717e+03 3.687037691929052016e+03 4.840752109062448653e+03 4.520892550727597154e+03 7.493691307016450082e+03 3.699598542178768184e+03 4.480559216486304649e+03 4.517739839250621117e+03 4.489952560033718328e+03 4.178616342302600060e+03 3.392567478592527095e+03 4.700585368044822644e+03 6.198823489990456437e+03 4.187166201527898011e+03 4.196270517331444353e+03 4.022086231071946258e+03 3.533896804416216128e+03 3.972075603988501825e+03 5.079775596067159313e+03 4.592882761599515106e+03 3.502562857075864031e+03 3.877647096952901848e+03 5.459330502980450547e+03 4.405956338604647499e+03 4.045945275878710618e+03 4.068081099191193516e+03 4.857671062253724813e+03 5.626370481248523902e+03 3.327220127281751047e+03 4.389100307506119862e+03 4.551171435248889793e+03 3.929139613326436574e+03 4.598701019532863938e+03 4.450306871624580708e+03 3.939053625703876151e+03 3.647176433306271065e+03 4.839147325244006424e+03 4.479655208885274988e+03 4.366348444493159150e+03 4.916304591043788605e+03 4.177509619298417419e+03 5.090103845383498083e+03 4.528028276647170060e+03 5.076933413238739377e+03 3.666396561450969784e+03 3.789376499584908288e+03 3.755199807625462199e+03 4.821345457785103463e+03 4.301561517264678514e+03 3.848762447992512080e+03 4.400380177807445762e+03 4.468251306947943704e+03 3.330008248968951193e+03 3.962112857216198790e+03 3.726700577381728181e+03 5.830566513602179839e+03 3.992643690931464789e+03 3.627990779346657291e+03 4.240817727770514466e+03 3.597301175997778046e+03 3.970245820798420027e+03 4.480143930838876258e+03 3.901654372745284491e+03 6.230001520540276942e+03 4.277097846043392565e+03 4.571269663287095682e+03 4.195267475598834608e+03 3.580986031596277826e+03 3.593168112377662510e+03 4.531764907502873939e+03 4.568313235198859729e+03 4.488748454669363127e+03 3.826901888262379998e+03 3.879040771828634661e+03 4.401325429890746818e+03 4.296419314845879853e+03 4.274138040993733739e+03 3.572368728355780604e+03 4.871249172276161516e+03 4.084442676658492474e+03 4.303508026025915569e+03 5.724489679772220370e+03 3.777151266203716204e+03 4.930082421256102862e+03 3.432445150475537503e+03 5.387075540930798525e+03 4.384262967584907528e+03 3.853001522296416169e+03 4.318595736445699004e+03 5.465307887938234671e+03 4.474465467739011729e+03 3.565298852832241209e+03 4.394804088335424240e+03 3.227968028252477779e+03 4.006637080933121524e+03 3.987880969209157229e+03 3.546066860237060155e+03 4.491781579954150402e+03 3.826808993922060381e+03 4.372495805540668698e+03
3.317647058823529278e+02 3.490995246095983475e+03 3.807971080706577595e+03 3.475468464682457125e+03 3.814451580272060710e+03 3.417572984770493349e+03 3.641139775405216824e+03 3.361560905730081231e+03 4.762307177651569873e+03 3.674996380554713596e+03 3.842318300226084830e+03 3.567324521407913835e+03 3.474876412775976860e+03 4.626840656791881884e+03 4.077985840295857088e+03 6.700509435981532988e+03 3.635766955329836946e+03 4.154611257617337287e+03 4.090261444234445207e+03 4.163653997979045926e+03 3.902765155003269228e+03 3.278560109785510122e+03 4.533893246249043841e+03 5.577274526047171094e+03 3.875628401980622584e+03 4.215286924651633854e+03 3.823347728941348578e+03 3.536115295065448208e+03 3.773512880185679023e+03 4.813064306522258448e+03 4.246822911337616461e+03 3.314298555361835952e+03 3.645035509118788923e+03 4.952633746362603233e+03 4.189967004913794881e+03 3.875467365040059576e+03 3.832774167966509140e+03 4.618222252223591568e+03 5.122189048331031699e+03 3.291277861355930327e+03 4.053397252018618474e+03 4.186766775810278887e+03 3.785997407130099418e+03 4.422541064393248234e+03 4.144723680310408781e+03 3.691640952464250859e+03 3.671469816340654688e+03 4.832247704815776160e+03 4.063955913847540160e+03 4.037059108734628353e+03 4.472289139146723755e+03 3.987171269124491573e+03 4.874477512972366640e+03 4.347753785550099565e+03 4.865473866976460158e+03 3.522339778333504455e+03 3.521920857539448207e+03 3.626430011126671616e+03 4.435561309974519645e+03 3.983257384931916022e+03 3.697023483082301482e+03 4.035999316954226288e+03 4.563293837831721248e+03 3.240459726602996398e+03 3.640384883021956284e+03 3.627021477729504568e+03 5.227504089592074706e+03 3.668321509843872718e+03 3.369284658598198348e+03 3.888204569228390028e+03 3.493921488836978824e+03 3.642167118293602016e+03 4.190652966848496362e+03 3.753091698699131030e+03 5.790143317460285289e+03 3.976129441697050879e+03 4.285352633784447789e+03 3.917915015492291332e+03 3.518352599176248987e+03 3.490259625369326841e+03 4.335690300143072818e+03 4.340868193908717330e+03 4.582629664660719754e+03 3.606036307380628386e+03 3.658435485109213005e+03 4.349201986222116830e+03 4.147746149358973526e+03 4.202956773913960205e+03 3.474072652803266919e+03 4.549644862851281687e+03 3.956323046604862611e+03 4.363191717681216687e+03 5.348244415926552392e+03 3.608182356420501492e+03 4.616595772065014899e+03 3.264737865435636195e+03 4.974747390563273257e+03 4.274632946346988319e+03 3.804235508440529884e+03 4.243115773246589924e+03 5.191273416257311510e+03 4.439632334687670664e+03 3.511448402161935519e+03 4.145389483599846244e+03 3.189461224049154680e+03 3.728907628819715228e+03 3.888410462534589897e+03 3.427528412285861123e+03 4.382643399433527520e+03 3.704045822012474218e+03 4.090841567667004256e+03
3.326470588235293917e+02 3.422248004265496547e+03 3.779788421258113885e+03 3.409428807348510418e+03 3.562471163586810690e+03 3.288508671895083808e+03 3.611674570969168144e+03 3.215268734272564870e+03 4.493434629211805259e+03 3.485596863668291007e+03 3.649882816900321359e+03 3.452329399202079912e+03 3.307344606332400417e+03 4.462637059151225003e+03 3.717848418769454383e+03 6.009225820801011650e+03 3.605600388594054039e+03 3.896985807895484868e+03 3.744071127399688066e+03 3.905417055212330524e+03 3.683914549063626055e+03 3.199230222995599433e+03 4.413303821470026378e+03 5.055720983583853922e+03 3.625217113722291742e+03 4.242276927124030408e+03 3.670151887228093074e+03 3.557860339029994066e+03 3.618639177120469867e+03 4.600628754949194445e+03 3.970730232497288398e+03 3.167612394479216164e+03 3.461738874053860854e+03 4.529874838325931705e+03 4.025470196092659535e+03 3.745983740306377058e+03 3.652455145279507178e+03 4.436966777697937687e+03 4.701106653367601211e+03 3.276206496931100901e+03 3.781848084931202266e+03 3.889972144407584892e+03 3.694403741773734509e+03 4.297207666649318526e+03 3.902349204194087179e+03 3.504024105044575208e+03 3.717403151841833278e+03 4.837718575091916136e+03 3.724645701969860511e+03 3.770526786593117322e+03 4.107935795006947956e+03 3.850496046499713884e+03 4.708741911546702795e+03 4.216118904302476949e+03 4.703245142258007945e+03 3.416351476880436621e+03 3.312529215252256563e+03 3.539027466541593640e+03 4.114580519301894128e+03 3.722746039747916257e+03 3.583660864804613539e+03 3.744846277725570872e+03 4.664707612671189963e+03 3.185278859042561180e+03 3.381059465699534485e+03 3.562567756705831471e+03 4.714648980140107597e+03 3.406595519258251898e+03 3.174266848023037710e+03 3.598389615598587170e+03 3.425847183808228692e+03 3.377238794135761964e+03 3.962241038622300039e+03 3.642562500751917923e+03 5.419969305409129447e+03 3.740096019730597618e+03 4.066574844816849691e+03 3.695570418279746264e+03 3.482250369641323232e+03 3.422489720990431124e+03 4.194776951273134728e+03 4.177985209129928990e+03 4.682657717804789172e+03 3.442446376678721663e+03 3.489613873166646044e+03 4.322525822296264778e+03 4.035744180082952880e+03 4.169794281710420364e+03 3.410306701383484324e+03 4.305541383909337128e+03 3.861731559548091354e+03 4.429531350955141534e+03 5.049006571799482117e+03 3.481066820863488829e+03 4.379004827277572076e+03 3.150284122308613405e+03 4.635778836311164923e+03 4.208195587193336905e+03 3.781167948647453159e+03 4.195464257209606330e+03 4.983045274189942575e+03 4.417320680862937479e+03 3.496944017631858060e+03 3.948027386686206228e+03 3.178092169627229396e+03 3.507557041408119403e+03 3.817977695864855377e+03 3.347974136204227761e+03 4.323881764004470824e+03 3.615335628696826006e+03 3.877308142855769802e+03
3.335294117647058556e+02 3.377333669737394757e+03 3.767826224248317430e+03 3.368853161229200850e+03 3.359596606734155557e+03 3.190630572251963258e+03 3.597521584756850189e+03 3.101677998892285359e+03 4.278852364161230980e+03 3.337407960212211492e+03 3.508262048109529587e+03 3.373111911562281875e+03 3.176339055218932572e+03 4.339417147734685386e+03 3.428918947680354904e+03 5.412876016234619783e+03 3.601033826187117029e+03 3.698123161190250357e+03 3.467609984635649198e+03 3.705706987827139983e+03 3.511804574373374180e+03 3.145773813329659788e+03 4.330123498783416835e+03 4.622367309668775306e+03 3.425921103992753615e+03 4.270761072249642893e+03 3.553029461713775618e+03 3.591352929104789837e+03 3.499410565451891216e+03 4.433973107307435384e+03 3.755122195422229652e+03 3.053383331379181072e+03 3.318019032035789223e+03 4.180330617208364856e+03 3.903522909169990271e+03 3.649369031921142778e+03 3.517041971682426265e+03 4.303797488647093815e+03 4.353299117788553303e+03 3.274547204355763824e+03 3.564037176892874413e+03 3.650905852124527883e+03 3.643185350805940288e+03 4.213083366890750767e+03 3.712734411581140648e+03 3.364441511558996808e+03 3.777209028557827878e+03 4.847117638670506494e+03 3.449888325857979908e+03 3.557283207319735084e+03 3.812621223592294882e+03 3.756012383963392949e+03 4.582589822691556037e+03 4.120433464105176427e+03 4.579967746512822487e+03 3.341584200715920360e+03 3.150267207551087722e+03 3.482391590390012880e+03 3.850315652068210966e+03 3.510959348706574929e+03 3.500798025844694166e+03 3.515980220473556983e+03 4.764065290768832710e+03 3.154631187054153543e+03 3.174722036113430022e+03 3.524813794676681937e+03 4.281999309852040824e+03 3.198045641654508927e+03 3.032022513217717005e+03 3.361541005230973497e+03 3.385059290424672781e+03 3.165976916027601419e+03 3.783714123486812696e+03 3.561830042682142903e+03 5.112155065993070821e+03 3.558892532982001740e+03 3.904029243142343603e+03 3.518832429680349378e+03 3.463661193863433255e+03 3.381844979283927387e+03 4.097621720991075563e+03 4.067636148830127240e+03 4.780406090035807210e+03 3.325815920314823870e+03 3.361323642712751280e+03 4.311565338769057234e+03 3.950699528249272589e+03 4.164375276890262285e+03 3.373041474515316168e+03 4.126173667294434381e+03 3.791542943497658598e+03 4.494532998743366988e+03 4.815536220374167897e+03 3.386298218593521142e+03 4.204709575002803831e+03 3.078411886332629820e+03 4.360294636507756877e+03 4.174179404786726991e+03 3.773788318715992773e+03 4.165773717287366708e+03 4.829702606234779523e+03 4.401953829024363586e+03 3.511641575810479935e+03 3.793689801839275333e+03 3.186969835291300114e+03 3.334425728715339119e+03 3.767932043498489747e+03 3.297217618894955649e+03 4.303231880243441992e+03 3.551726797671571603e+03 3.717186574621953696e+03
3.344117647058823195e+02 3.348434414553728402e+03 3.765006855343193820e+03 3.345068704306841937e+03 3.196551470399138452e+03 3.115890930553795442e+03 3.591818979547054369e+03 3.012528192008946007e+03 4.108255787566264189e+03 3.221661199541834776e+03 3.406214162696106541e+03 3.321134500937735993e+03 3.074297043455660059e+03 4.248726397920542695e+03 3.200122543867422792e+03 4.903393306420171939e+03 3.614534460135137579e+03 3.548635099179923600e+03 3.249835677851026048e+03 3.555165840763350843e+03 3.376908393023250483e+03 3.110419894304232457e+03 4.275957938125435248e+03 4.265523206723498333e+03 3.268266440541584416e+03 4.295153192374891660e+03 3.463300474277311423e+03 3.629707621662289966e+03 3.408291605154326589e+03 4.304750774451043981e+03 3.590639521805425375e+03 2.963421214607909405e+03 3.204964796294551434e+03 3.893431751096672997e+03 3.815485844922109209e+03 3.578042645491939311e+03 3.417204534244398928e+03 4.209067986567787557e+03 4.068833516788670750e+03 3.279763812188790325e+03 3.390132067444816130e+03 3.460015648629561383e+03 3.622100540614116653e+03 4.161047058771211596e+03 3.565959067684210822e+03 3.262180133804125035e+03 3.843786383516307978e+03 4.853349755622315570e+03 3.228691438805523376e+03 3.388289352584591143e+03 3.575959049830450567e+03 3.693245190267289672e+03 4.486371738607187581e+03 4.049601101732448569e+03 4.486027712442085431e+03 3.291609691384153848e+03 3.025244356093950046e+03 3.447127083340134504e+03 3.634677112643927103e+03 3.339404340835430503e+03 3.441113828737234144e+03 3.339021779151796636e+03 4.854172778800075321e+03 3.139930684348455998e+03 3.012337855495463373e+03 3.505927087479616148e+03 3.919413716441998986e+03 3.033625687842158641e+03 2.932437070772238712e+03 3.168430171856918605e+03 3.364112744023037521e+03 2.999282177317357309e+03 3.644681651888618944e+03 3.503236423616845059e+03 4.858912086398838255e+03 3.422822421087077601e+03 3.787316414352528227e+03 3.378981022992113139e+03 3.454780769700865221e+03 3.360890383170431960e+03 4.033710333041889953e+03 3.998530603252234414e+03 4.868693793323880527e+03 3.246581792248007332e+03 3.263497078193911875e+03 4.307978542948186259e+03 3.884070970088703234e+03 4.177383032044523134e+03 3.354847595699514386e+03 3.999406520821012236e+03 3.737715929618115297e+03 4.551457288927853369e+03 4.636797942805930688e+03 3.315322659811986341e+03 4.081718449617474107e+03 3.039399488881609159e+03 4.138512301349421250e+03 4.162790537561474594e+03 3.773612894280247474e+03 4.145591580878899549e+03 4.720650700675490953e+03 4.388561398340876622e+03 3.546335843385265434e+03 3.673816368826178405e+03 3.209692225404835426e+03 3.201588503085129105e+03 3.730670625206100340e+03 3.266245014978842846e+03 4.309519151543850057e+03 3.505246664284080907e+03 3.597483837629501977e+03
3.352941176470588402e+02 3.328714865118557555e+03 3.765136024152337086e+03 3.330627866706984150e+03 3.064965020464781901e+03 3.057255723868017867e+03 3.588636194767167581e+03 2.940543070918268313e+03 3.972042090283333437e+03 3.130431204977251582e+03 3.333649260423311262e+03 3.288613910993373338e+03 2.994292247995635535e+03 4.182553864442633312e+03 3.021059902362378125e+03 4.472016180965722015e+03 3.639191692724239601e+03 3.439513291080813815e+03 3.080401125049648726e+03 3.444818934487267597e+03 3.270555782784802432e+03 3.086424361546863565e+03 4.242874949621726955e+03 3.973889925670411230e+03 3.143484706596510932e+03 4.310767113576574047e+03 3.393167459588447855e+03 3.666958176246351286e+03 3.338349350140788829e+03 4.204952405590726812e+03 3.468263002674948893e+03 2.890525005831063027e+03 3.114590356678228090e+03 3.659028944145301466e+03 3.753202447428612686e+03 3.525060933927457427e+03 3.344446007538225786e+03 4.143729793434841667e+03 3.837960241080386822e+03 3.286252729293770699e+03 3.251051764313180684e+03 3.308283111025424205e+03 3.621916464300997177e+03 4.132585013309046190e+03 3.452806701230885665e+03 3.187657826523018230e+03 3.910770140914001331e+03 4.850617826347292976e+03 3.051017777390442461e+03 3.255077606613436274e+03 3.388029284636835200e+03 3.652800689923706159e+03 4.411253119288127891e+03 3.994109641073776857e+03 4.412632464917517609e+03 3.260458938875160129e+03 2.928656454546307941e+03 3.425062582048963577e+03 3.459790495363586160e+03 3.200255741535457219e+03 3.397926607482727832e+03 3.204293608046471945e+03 4.929053979505960342e+03 3.133823628277689295e+03 2.885427698369508562e+03 3.498849335752121988e+03 3.616929910028368795e+03 2.904841016416532966e+03 2.866269779048537202e+03 3.010575497308146623e+03 3.356227549830492535e+03 2.868616458244105161e+03 3.535698583999341736e+03 3.459813932763427147e+03 4.652256069349456084e+03 3.322767458288346916e+03 3.706694271885114176e+03 3.268057412565038703e+03 3.449004626341458334e+03 3.352859802896782185e+03 3.993511513210192788e+03 3.960255052080224687e+03 4.941568417999448684e+03 3.195997757062532401e+03 3.187302399976319066e+03 4.304762276624594051e+03 3.828493940980552452e+03 4.200511172356420502e+03 3.348981937037956413e+03 3.913915549235482558e+03 3.693305291897650022e+03 4.594789238548010871e+03 4.502193513891732437e+03 3.260594434460648245e+03 3.998831611029619580e+03 3.024509774981735973e+03 3.960994505594907878e+03 4.165276458403206561e+03 3.773613707085198257e+03 4.127827560752051795e+03 4.645819366528391583e+03 4.372807712000151696e+03 3.592805271373834785e+03 3.580456888796100429e+03 3.240410800346187443e+03 3.101514779711657411e+03 3.699652930560100231e+03 3.247234477131817130e+03 4.332733059588526885e+03 3.468942432098091558e+03 3.506915585341279439e+03
3.361764705882353041e+02 3.312336125055019693e+03 3.762933877356677840e+03 3.319271353506942887e+03 2.957406725619894587e+03 3.008690215776869991e+03 3.582981447217616733e+03 2.879456017479509683e+03 3.861460361376262426e+03 3.056692970973917909e+03 3.281675390000725656e+03 3.268595307238515943e+03 2.930102321433257202e+03 4.133474778008954672e+03 2.882143458773432030e+03 4.109649913090155678e+03 3.668786968885380247e+03 3.362292686722014423e+03 2.949782571816052496e+03 3.366236668130961334e+03 3.185013728206641645e+03 3.068044701117543354e+03 4.223539003049742860e+03 3.736782857515450360e+03 3.043632539840267782e+03 4.313811088465811736e+03 3.335772927872880246e+03 3.698065283563964840e+03 3.283321808103219610e+03 4.127062693072827642e+03 3.379484950381440285e+03 2.828504046887098866e+03 3.039891395533274590e+03 3.467599558952088046e+03 3.709141254304978702e+03 3.484183608514357275e+03 3.291154927193814729e+03 4.099445357536174015e+03 3.651351045931221961e+03 3.289334279731052447e+03 3.138584227161742092e+03 3.187377725377574734e+03 3.634453457710264502e+03 4.119884451345396883e+03 3.364891490452825110e+03 3.132462658888732676e+03 3.972582905018548445e+03 4.834362875413135953e+03 2.907851188141736202e+03 3.149859220613466277e+03 3.239555757267884474e+03 3.626414470624536079e+03 4.349330626818754354e+03 3.945987420891796774e+03 4.351925802967693016e+03 3.242655065795196151e+03 2.852794632206685492e+03 3.409239409967242864e+03 3.318172799379678963e+03 3.086419350074788781e+03 3.365253969612955188e+03 3.102919664013678357e+03 4.983923929513860458e+03 3.130149521015598566e+03 2.786198446009840609e+03 3.497351389590292911e+03 3.365020985924983506e+03 2.803880923108276875e+03 2.825197052734110002e+03 2.880336727635115494e+03 3.355354535871510052e+03 2.766133899552805360e+03 3.448357668024843406e+03 3.425364635273507247e+03 4.484248943410835636e+03 3.250316604725377601e+03 3.653193137039825615e+03 3.178914911123320508e+03 3.440891273205335892e+03 3.351720997691455977e+03 3.968539770205396508e+03 3.943373840583268247e+03 4.994277236771218668e+03 3.166176573142382040e+03 3.125153222906281371e+03 4.296190008087320166e+03 3.777760356204701111e+03 4.226495337261601890e+03 3.349448858344856490e+03 3.859321402367925202e+03 3.652449853972971141e+03 4.620196122593447399e+03 4.401755697379916455e+03 3.215598015733593002e+03 3.945778483333973327e+03 3.026000140498697419e+03 3.818851265223109294e+03 4.173964469979598107e+03 3.768132909294578440e+03 4.106687779548386061e+03 4.595828659809267265e+03 4.351012333825674432e+03 3.643834150978116668e+03 3.506378164882567035e+03 3.273881334802750644e+03 3.027191726173774896e+03 3.669391547368420561e+03 3.233545170436056196e+03 4.364069935865781190e+03 3.436892326620826225e+03 3.435858661227413450e+03
3.370588235294117680e+02 3.294445436251119645e+03 3.754042554793689305e+03 3.305873753456722625e+03 2.867393039814234271e+03 2.965126312451898229e+03 3.570788499711649365e+03 2.824004189938841137e+03 3.768715544500389569e+03 2.994347975182791743e+03 3.242608305960111466e+03 3.254996235409918427e+03 2.876250952642365519e+03 4.094762345653362445e+03 2.774687523127024178e+03 3.807177236690929931e+03 3.697844581220516375e+03 3.309173968846003390e+03 2.849363707986924965e+03 3.311655544629144515e+03 3.113529479413321496e+03 3.050500152597618580e+03 4.211317593703243801e+03 3.544295777341633311e+03 2.961667528205976851e+03 4.301369183095775043e+03 3.285225417029411346e+03 3.718907946239921785e+03 3.237663519692582213e+03 4.064186191473301733e+03 3.316438587714685127e+03 2.772168624417972751e+03 2.974865097532112486e+03 3.310399099647551338e+03 3.676503498324164411e+03 3.449917236437413521e+03 3.250632216989286462e+03 4.068676861173777525e+03 3.500285094662322535e+03 3.285227847473477595e+03 3.045458891505261818e+03 3.089765296810725886e+03 3.652602085484437794e+03 4.115908880653326378e+03 3.294741917432678747e+03 3.089356765431598433e+03 4.024469200175873993e+03 4.801193348381670148e+03 2.791224949666324392e+03 3.065600191838590035e+03 3.122035631057354294e+03 3.606968165235171909e+03 4.293709837745288496e+03 3.898732506318277501e+03 4.297064261883319887e+03 3.233240083366478757e+03 2.791027779116829151e+03 3.393876071458556908e+03 3.202869024539730162e+03 2.991569880782195469e+03 3.337850772323318779e+03 3.026889399282012619e+03 5.015149369253185796e+03 3.123884063173563391e+03 2.707633000444599929e+03 3.496064826567563159e+03 3.154791953612301313e+03 2.723710152747314169e+03 2.801831059413055300e+03 2.770966977274968485e+03 3.356217915607660416e+03 2.684770931784474669e+03 3.375338100781733829e+03 3.394510664846782220e+03 4.347209744443652198e+03 3.197857778826692993e+03 3.618699445505139920e+03 3.105244932175494341e+03 3.426106866636214818e+03 3.352217400838695085e+03 3.951390255287672517e+03 3.939496139535865041e+03 5.023225794055269034e+03 3.150113628936810528e+03 3.070684093491755903e+03 4.277739587827835749e+03 3.726778325364824013e+03 4.249126086834134185e+03 3.351038507920949542e+03 3.826282601104050173e+03 3.610339999807997174e+03 4.624472984514892232e+03 4.326303059356331687e+03 3.174841937261238854e+03 3.913314172487534051e+03 3.037113767946123971e+03 3.703894320310101193e+03 4.182277474975935547e+03 3.752786024706602802e+03 4.077597496477506866e+03 4.562121536647106950e+03 4.320160504820463757e+03 3.693216035125317376e+03 3.445137922857685680e+03 3.305501468878738706e+03 2.972213582334823514e+03 3.635422218666928984e+03 3.219681580534472232e+03 4.395948880413185179e+03 3.404191187587091918e+03 3.376273214841239223e+03
3.379411764705882888e+02 3.271145124161183503e+03 3.735012258738579931e+03 3.286375656822660403e+03 2.789371414080441809e+03 2.922415431586222439e+03 3.548885285190321611e+03 2.769897032642470549e+03 3.687030571289821182e+03 2.938223519913214204e+03 3.209951629341061562e+03 3.242624358116131589e+03 2.828027213664903229e+03 4.060469770391713610e+03 2.690959214902986332e+03 3.555716132730477966e+03 3.721664341177047390e+03 3.273109141870453186e+03 2.771482534550854325e+03 3.274062564467731136e+03 3.050341375774763492e+03 3.029920122738675218e+03 4.200360183577889984e+03 3.387413101557815025e+03 2.891486323531664766e+03 4.271368894756191366e+03 3.236598232290507895e+03 3.726259676003538061e+03 3.196570512008553578e+03 4.010142790418073218e+03 3.271989818583091164e+03 2.717295484378538276e+03 2.914499854727045658e+03 3.179563087792140777e+03 3.649298217063589618e+03 3.417537990865916527e+03 3.217096514888719867e+03 4.044751166326480870e+03 3.376786134473437414e+03 3.271012839022219850e+03 2.965380369868989874e+03 3.008775625394304370e+03 3.670317421464243580e+03 4.114454695449873725e+03 3.235846862007150776e+03 3.052251449898283681e+03 4.062512649350028823e+03 4.748803526555370809e+03 2.694219124265520804e+03 2.996068824501788640e+03 3.027826364721958726e+03 3.588479361307996442e+03 4.238547124620181421e+03 3.847220617727014542e+03 4.242257876310211032e+03 3.227795608617613198e+03 2.737764143758377031e+03 3.374313494231278128e+03 3.107551884139667436e+03 2.910167025691697290e+03 3.311227603236084633e+03 2.969092247070555914e+03 5.020196042980509446e+03 3.111068677694519920e+03 2.643544361834563460e+03 3.490492117167031665e+03 2.978120653904347364e+03 2.658124245896003231e+03 2.789718218793395408e+03 2.676629350803612851e+03 3.354336672796951007e+03 2.618300068090809873e+03 3.310416970061049597e+03 3.362717788139964796e+03 4.233891763238670137e+03 3.158636770789571528e+03 3.596011250908266447e+03 3.041581949908990737e+03 3.401355176792748352e+03 3.349888802744736495e+03 3.935748707020152779e+03 3.941312981172534819e+03 5.025923053068629088e+03 3.141694236318697676e+03 3.018699050202440958e+03 4.246012037063210300e+03 3.671514925142588709e+03 4.263244481102970894e+03 3.349344386106797174e+03 3.806552005607220963e+03 3.563168140481501268e+03 4.605475619941007608e+03 4.267556739665984423e+03 3.133829116645714294e+03 3.893279467212209056e+03 3.052056394474918761e+03 3.608747111761018914e+03 4.184729189028165820e+03 3.724356812676917798e+03 4.037114245671742083e+03 4.537063721925332175e+03 4.277902017298106330e+03 3.735741434779985866e+03 3.391129234592654939e+03 3.331334955209231339e+03 2.930841038193827899e+03 3.594256438131597406e+03 3.201238464301701697e+03 4.422004481011874304e+03 3.366914832021860548e+03 3.321602654779041131e+03
3.388235294117646959e+02 3.239444544363305340e+03 3.703268409740197512e+03 3.257705702147411102e+03 2.718686569714526740e+03 2.877270275582949125e+03 3.514946963632891311e+03 2.713764850621598725e+03 3.610671734448054394e+03 2.884050208007829042e+03 3.178353459773389659e+03 3.227172886311991533e+03 2.781485019287797968e+03 4.025483929844239356e+03 2.624197119448779631e+03 3.346826593383513682e+03 3.736336864709834572e+03 3.247855165471714372e+03 2.709447527905758761e+03 3.247247949821336078e+03 2.990662913625916644e+03 3.003283941671093089e+03 4.185650751412800673e+03 3.258077846209828749e+03 2.827930836367709617e+03 4.222535557618497478e+03 3.185905064063537338e+03 3.717750805702044090e+03 3.155987124127693278e+03 3.959534443891602677e+03 3.239796073432902631e+03 2.660573998139933792e+03 2.854740656968084295e+03 3.068166272909772488e+03 3.622387502733707606e+03 3.383096098756224364e+03 3.185671412028544637e+03 4.021901360598713836e+03 3.273715920160086171e+03 3.244577538313031255e+03 2.893029863195578400e+03 2.938635406257567865e+03 3.682594533617727848e+03 4.110188497149501018e+03 3.182669515606337427e+03 3.016159569674038721e+03 4.083636108180363408e+03 4.675881921850390427e+03 2.610933689296009106e+03 2.935858529659333726e+03 2.950195623210781832e+03 3.566069008381411550e+03 4.179059511447773730e+03 3.787597296308785644e+03 4.182778767573137884e+03 3.222457556022044173e+03 2.688397098175911196e+03 3.346945117906416272e+03 3.026588504447126979e+03 2.837453293707642388e+03 3.281651836639731755e+03 2.923327848642352819e+03 4.997562503600873242e+03 3.088729745849044320e+03 2.588599028793871639e+03 3.476997831136256536e+03 2.827749687360476400e+03 2.601773919651500819e+03 2.783321620912904564e+03 2.592385187108532136e+03 3.346026782623428062e+03 2.561352908165378722e+03 3.248449926663461611e+03 3.326295166788638198e+03 4.137625123546549730e+03 3.126787512954081649e+03 3.578868417577279615e+03 2.983291168372711581e+03 3.364296139583639160e+03 3.341072765926934608e+03 3.916379391217096781e+03 3.942607889876921945e+03 5.000913206257253478e+03 3.135686733076724977e+03 2.965099659016953865e+03 4.198642408684745533e+03 3.608925402492654939e+03 4.264720950073798122e+03 3.340762169865765827e+03 3.793001815004316541e+03 3.508065177980608951e+03 4.562041593282362555e+03 4.218221121342875449e+03 3.089008297698060687e+03 3.878629058259976773e+03 3.065961604029284445e+03 3.526915112692774983e+03 4.176900579529280549e+03 3.680686136755353800e+03 3.982832873905050747e+03 4.514011604841202825e+03 4.222537620078442160e+03 3.767171692233253907e+03 3.339598711175417066e+03 3.348122396606832353e+03 2.898034511096946517e+03 3.543319552900826693e+03 3.174830705234721336e+03 4.437059078789679006e+03 3.322066710631441765e+03 3.266658241649000502e+03
3.397058823529411598e+02 3.197197623426469818e+03 3.657061677998588038e+03 3.217694572778087604e+03 2.651531516984478458e+03 2.827197356866721748e+03 3.467435536239991052e+03 2.653090803433218298e+03 3.534940587116303504e+03 2.828420458257044629e+03 3.143543960719648112e+03 3.205196560477429557e+03 2.733424509410549035e+03 3.985551917225147463e+03 2.568602270940282324e+03 3.172664488956062996e+03 3.738742408987945055e+03 3.227999320832145258e+03 2.657527522792041054e+03 3.225829789647516463e+03 2.930643738153280538e+03 2.968353384327880576e+03 4.163034959619847541e+03 3.149219577978987672e+03 2.766766600323952844e+03 4.154333157292144278e+03 3.130055450666257457e+03 3.691818051459504659e+03 3.112595752398662626e+03 3.907783628712077643e+03 3.214335843550518803e+03 2.599536399922002147e+03 2.792434032627035776e+03 2.970243081415565939e+03 3.591504256686298049e+03 3.343403163297158244e+03 3.152356581333657232e+03 3.995285445269000320e+03 3.184826537871738765e+03 3.204557112162918656e+03 2.824038593897984356e+03 2.874470179207388355e+03 3.685428430175521044e+03 4.098664849480361227e+03 3.130633293564078485e+03 2.977129795180920610e+03 4.085585968959531783e+03 4.582009525643026791e+03 2.536441167399559617e+03 2.880387724129535400e+03 2.883338204320010846e+03 3.535909871001801093e+03 4.111504803767178601e+03 3.717157610181244763e+03 4.114940172766649994e+03 3.213923987568813573e+03 2.639238262563444550e+03 3.309134873743128082e+03 2.955076012410961539e+03 2.769435011554965968e+03 3.246132515239313761e+03 2.884295187658415216e+03 4.946700590198353893e+03 3.054790224566895631e+03 2.538313419060297747e+03 3.452782439116771457e+03 2.697332411206812139e+03 2.550162108808191533e+03 2.777990344367724902e+03 2.514158376854394646e+03 3.328386013630406069e+03 2.509415775792684144e+03 3.185325755481385841e+03 3.282373505716808722e+03 4.052422860327018498e+03 3.097337078388110967e+03 3.561959972284910236e+03 2.926540646214343724e+03 3.313455129438983022e+03 3.322888758464569491e+03 3.889093127941097009e+03 3.938244419856232525e+03 4.947694058070616848e+03 3.127722588388831809e+03 2.906796996016442790e+03 4.134202935668828104e+03 3.536870296531874828e+03 4.250418541826944420e+03 3.322471512644845916e+03 3.779621188735881788e+03 3.443024717242174120e+03 4.493899504622400855e+03 4.172029836268134204e+03 3.037709625835609131e+03 3.863431719170196629e+03 3.074847323821873488e+03 3.452819394039646795e+03 4.155399075387279481e+03 3.620555821414042839e+03 3.913283111680199909e+03 4.487349374079146401e+03 4.152991775254267850e+03 3.784201401252609230e+03 3.286640802791359874e+03 3.353279197201725765e+03 2.869464532032734951e+03 3.480876281001901134e+03 3.138011314352964291e+03 4.437077523617772385e+03 3.267509888933979710e+03 3.207492828761784494e+03
3.405882352941176805e+02 3.143029775896599858e+03 3.595404244423857563e+03 3.164983966041503209e+03 2.584888957813161596e+03 2.770423916330511020e+03 3.405529034085345756e+03 2.586132452659615865e+03 3.456139825341913820e+03 2.768733519514128602e+03 3.102259099582823183e+03 3.174071879417834680e+03 2.681359172410262090e+03 3.937283318153568871e+03 2.519309287821513863e+03 3.026094273625877122e+03 3.726533568913823274e+03 3.208961733650943643e+03 2.610922558097181081e+03 3.205256096370369505e+03 2.867313926874036497e+03 2.923600424032556475e+03 4.129223831112866719e+03 3.054753903487568550e+03 2.704640706902763668e+03 4.066894414063868226e+03 3.066795144918269671e+03 3.647642600020086775e+03 3.063792691051282418e+03 3.851147198721784207e+03 3.190914859059229002e+03 2.532478261608551293e+03 2.725259119311245286e+03 2.880779583066403120e+03 3.553246081630464232e+03 3.296005247917423276e+03 3.113986283266029204e+03 3.960983709688259296e+03 3.104780777730838054e+03 3.150263451922882723e+03 2.754941130364745277e+03 2.812283026368960691e+03 3.675760583304352622e+03 4.076324820167689722e+03 3.076086368487482105e+03 2.932168125613057327e+03 4.066899826368275626e+03 4.467551237417253105e+03 2.466726371733502219e+03 2.825882162387784319e+03 2.822367905446818895e+03 3.495159535388751920e+03 4.033137508804548816e+03 3.634218990695967477e+03 4.036051274432069931e+03 3.199455641703285892e+03 2.587442831039942121e+03 3.259126765782000803e+03 2.888852986776951184e+03 2.702851602539195483e+03 3.202391820351978367e+03 2.847566258976869449e+03 4.867923635991429364e+03 3.007976155931286939e+03 2.489029595823578347e+03 3.415841013038439996e+03 2.581445182428587941e+03 2.499620157720114094e+03 2.769918401631650340e+03 2.438684010059747379e+03 3.299263234017446848e+03 2.458804872295699624e+03 3.117901993194487204e+03 3.228865676738968887e+03 3.973055093812743507e+03 3.066190198959888221e+03 3.540911640132262164e+03 2.868262309920832649e+03 3.248126315760312991e+03 3.293206779921258203e+03 3.850698266933435207e+03 3.924133535446494079e+03 4.866623541323624522e+03 3.114265260322554695e+03 2.841613793354635618e+03 4.052100781124475816e+03 3.454024921508228999e+03 4.218141171711413335e+03 3.292402732824199575e+03 3.761490917033734149e+03 3.366819167200172160e+03 4.401568946020439398e+03 4.123761559795688299e+03 2.978069355800226276e+03 3.842846954862373877e+03 3.075564739917220777e+03 3.381801069027321773e+03 4.117802299933918221e+03 3.543570563817231687e+03 3.827822693457702371e+03 4.452497936964513428e+03 4.068773778332143138e+03 3.784409040496630496e+03 3.229172816300497743e+03 3.344879961925607859e+03 2.841503963267278777e+03 3.405947578938174502e+03 3.089181449100115060e+03 4.419105592668438476e+03 3.201888489137103988e+03 3.141269607148906744e+03
3.414705882352941444e+02 3.076256386002466115e+03 3.517994667586155174e+03 3.098931746216163901e+03 2.516464092980090754e+03 2.705820236952341929e+03 3.329042527534685632e+03 2.511835073613881832e+03 3.371515891308456048e+03 2.703128811820231476e+03 3.052153583085996615e+03 3.131943853413755278e+03 2.623470084018275884e+03 3.878129973359127234e+03 2.472340026404504897e+03 2.900758395351979289e+03 3.698103442850097963e+03 3.186977788157060331e+03 2.565717945699120719e+03 3.181786888689810439e+03 2.798514044062433641e+03 2.868131275243943946e+03 4.081775622495483731e+03 2.969555359125990435e+03 2.639022124473296572e+03 3.960940934736292547e+03 2.994633706137221907e+03 3.585078790129830850e+03 3.007650875567889670e+03 3.786706599908727185e+03 3.165651234487349029e+03 2.458371244542693603e+03 2.651647333230320783e+03 2.795679291949760682e+03 3.505047698103673611e+03 3.239142835153492342e+03 3.068176470795499426e+03 3.915975927751432209e+03 3.029142443456627007e+03 3.081608261306044824e+03 2.683111511958356004e+03 2.748912486401577553e+03 3.651414680490477167e+03 4.040475903445201311e+03 3.016247590856708030e+03 2.879149618959394047e+03 4.026860165575622887e+03 4.333541453869625002e+03 2.398614753550873957e+03 2.769340540387330748e+03 2.763286631503773151e+03 3.441881054917169877e+03 3.942143131765170892e+03 3.537989466885643651e+03 3.944350483249199442e+03 3.176868516723065113e+03 2.530928741338721466e+03 3.195948186568445180e+03 2.824488011111191099e+03 2.635133269541414393e+03 3.148823986817494188e+03 2.809545721087316906e+03 4.762304421210476903e+03 2.947719927107089916e+03 2.437872979943527753e+03 3.364908776489729007e+03 2.475567533235989231e+03 2.447265612794501976e+03 2.756094977445584391e+03 2.363443660831412217e+03 3.257214291189192863e+03 2.406623079632097870e+03 3.043924906809576896e+03 3.164411911947366207e+03 3.895090273940798397e+03 3.030095695828608314e+03 3.512255407166140685e+03 2.806102472982640393e+03 3.168271991004381107e+03 3.250602683369136685e+03 3.798936652039599267e+03 3.897183479023402469e+03 4.758816004141206577e+03 3.092568510695150053e+03 2.768179481009009123e+03 3.952471099401081574e+03 3.359782407589459581e+03 4.166568652182118058e+03 3.249190483290373777e+03 3.734738254217161739e+03 3.278908957336223466e+03 4.286252621060635647e+03 4.069227303255989682e+03 2.908945914934894518e+03 3.813081070052537143e+03 3.065741219144571005e+03 3.310098924458261990e+03 4.062588247814612259e+03 3.450038599788553711e+03 3.726526628038894614e+03 4.405897457055398263e+03 3.969927215438201983e+03 3.766198409026698755e+03 3.164892446145653139e+03 3.321631098133681917e+03 2.811204338203054704e+03 3.318220530772818165e+03 3.027494521911508400e+03 4.381194947880299878e+03 3.124540951323411264e+03 3.066128015563430836e+03
3.423529411764706083e+02 2.996795899811314484e+03 3.425134291998071603e+03 3.019515485141957015e+03 2.444612124170858806e+03 2.632819561425650591e+03 3.238343466795716267e+03 2.429740602087400930e+03 3.279183892866380575e+03 2.630411318944956747e+03 2.991706535425870243e+03 3.077662180475951118e+03 2.558550169526762147e+03 3.806346112460041695e+03 2.424544802344312757e+03 2.791111797161526283e+03 3.652540549947929321e+03 3.159064526022263180e+03 2.518826228189276208e+03 3.152460485668426372e+03 2.722815411491701525e+03 2.801608322410293567e+03 4.019058205318373439e+03 2.889411189189229390e+03 2.568129490833989166e+03 3.837696575728848529e+03 2.912763040413419731e+03 3.504575059222232539e+03 2.942871973764025370e+03 3.712337567835885693e+03 3.135444270698697437e+03 2.376772154316458000e+03 2.570695090293253088e+03 2.711709823613987282e+03 3.445135201108484125e+03 3.171699782345845051e+03 3.013263118344207214e+03 3.858100367109848776e+03 2.954343215072312432e+03 2.999021644572005698e+03 2.606687349563937914e+03 2.681975317539233856e+03 3.611023444204451607e+03 3.989254642534029244e+03 2.949138638739914313e+03 2.816723981815399839e+03 3.965434790352754590e+03 4.181566765479938113e+03 2.329693845311017412e+03 2.708487171731276248e+03 2.702936315425874000e+03 3.374953974195956107e+03 3.837555621090871682e+03 3.428434837264105681e+03 3.838921938730527927e+03 3.144518250982378959e+03 2.468292398321188557e+03 3.119309678985578103e+03 2.759250383593284369e+03 2.564350157728281829e+03 3.084443968627540926e+03 2.767419945293762339e+03 4.631565161161366632e+03 2.874062267273806810e+03 2.382696525102443047e+03 3.299395659373536546e+03 2.376038768587237882e+03 2.390946296889437235e+03 2.734247823826982312e+03 2.286592471507574828e+03 3.201446396910295334e+03 2.350703390876617050e+03 2.961938807591412115e+03 3.088313007362566623e+03 3.814907792653816614e+03 2.986598447008288986e+03 3.473383932327018101e+03 2.738364533425274203e+03 3.074420208210426608e+03 3.194302029885664979e+03 3.732407271730707635e+03 3.855234973384952809e+03 4.626030832954567813e+03 3.060625714701912784e+03 2.685822096629419320e+03 3.836067668171846890e+03 3.254153326744325568e+03 4.095179976373443424e+03 3.192116392539928711e+03 3.696475534344971038e+03 3.179347965897490667e+03 4.149723516985372044e+03 4.005233384602478964e+03 2.829830623898759313e+03 3.771326288205978017e+03 3.043718221597585853e+03 3.234805935547688023e+03 3.989053980116593721e+03 3.340853599689006387e+03 3.610075270677492881e+03 4.344966726777457552e+03 3.856970021108575565e+03 3.728731237573862018e+03 3.092221464137467137e+03 3.282832043632348814e+03 2.776259881655615573e+03 3.217954205749349512e+03 2.952757370820321739e+03 4.322316440315709769e+03 3.035408291231743988e+03 2.981050272202182896e+03
3.432352941176470722e+02 2.905079868133825585e+03 3.317638049112594672e+03 2.927235855255137267e+03 2.368262743782201596e+03 2.551337442611351889e+03 3.134264029657717401e+03 2.339895241037949290e+03 3.178039295878350458e+03 2.549971774488003120e+03 2.920122639037878344e+03 3.010709332720497514e+03 2.485940892034510398e+03 3.720931811641459262e+03 2.373534373450113435e+03 2.692426621431665353e+03 3.589572013992998563e+03 3.122974215110374644e+03 2.467920091960590526e+03 3.115047040965161159e+03 2.639433883144683477e+03 2.724171308935750403e+03 3.940194653287043820e+03 2.810960630378948736e+03 2.490850126255793839e+03 3.698796233143554673e+03 2.820970070895908066e+03 3.407089381056619004e+03 2.868729568772256243e+03 3.626662218733801637e+03 3.097929831011072565e+03 2.287730961821786423e+03 2.482072672727341342e+03 2.626434917978261637e+03 3.372465434310747241e+03 3.093143344219762639e+03 2.948233491990403763e+03 3.785997009564297969e+03 2.877630839727100010e+03 2.903368334527110164e+03 2.524485905134892619e+03 2.609797691542899429e+03 3.553948375135254992e+03 3.921573716596668874e+03 2.873505894172809803e+03 2.744217797162440093e+03 3.883206136690108906e+03 4.013648511982298260e+03 2.258230585806882118e+03 2.641714148094097254e+03 2.638937582019774709e+03 3.293978611123592600e+03 3.719161821326753397e+03 3.306147776634455113e+03 3.719599223456133586e+03 3.101276191787957032e+03 2.398723086075599895e+03 3.029503373987555733e+03 2.691066463518883666e+03 2.489154885305197240e+03 3.008827658416079885e+03 2.719097809326363404e+03 4.477962174555591446e+03 2.787554586774127074e+03 2.322014731790675341e+03 3.219312267431975215e+03 2.279996409984338698e+03 2.329174146986571486e+03 2.702781245180180122e+03 2.206881324039142328e+03 3.131753373580687821e+03 2.289542199192379485e+03 2.871188678458695449e+03 3.000454637554523742e+03 3.729685027167469343e+03 2.933979796040849578e+03 3.422491847208522813e+03 2.663945831889078818e+03 2.967563060175993996e+03 3.124114924433118631e+03 3.650479897301358960e+03 3.796984203950510164e+03 4.470556128381537746e+03 3.017111234149246684e+03 2.594460155947329895e+03 3.704152973841627954e+03 3.137664330866986802e+03 4.004166875895000885e+03 3.121042770167341587e+03 3.644725488311386471e+03 3.068687406570791154e+03 3.994209773285005213e+03 3.929523716903706827e+03 2.740755992179323584e+03 3.715686054075327775e+03 3.008485036465412577e+03 3.153809082109160045e+03 3.897225088900267110e+03 3.217379264020283244e+03 3.479643134752552214e+03 4.268042520569404587e+03 3.730827445603442811e+03 3.671852396701557609e+03 3.010238398027408948e+03 3.228326486182254030e+03 2.734961948034025227e+03 3.105884015397716666e+03 2.865330351275185421e+03 4.242264031317228728e+03 2.934940031744331918e+03 2.885730851155830806e+03
3.441176470588235361e+02 2.801962501917976169e+03 3.196742669868928715e+03 2.823021665189839041e+03 2.286843354250986977e+03 2.461692021388515968e+03 3.018012686014752489e+03 2.242757975571634688e+03 3.067660686500768861e+03 2.461704140935672967e+03 2.837231479606986341e+03 2.931122821054479573e+03 2.405463586006017977e+03 3.621562979447302496e+03 2.317605771389945858e+03 2.600772316251599477e+03 3.509497196926874494e+03 3.077137864737630025e+03 2.411358936446281405e+03 3.067992167331872679e+03 2.548140161670419275e+03 2.636359120676530438e+03 3.844994837037770594e+03 2.731623941709580777e+03 2.406653923818787007e+03 3.546193316370627599e+03 2.719546222501553530e+03 3.294001509530378826e+03 2.785005634579982598e+03 3.528986642696198032e+03 3.051425352413206383e+03 2.191700252994045513e+03 2.385932188858063455e+03 2.538136384488040676e+03 3.286653546412091146e+03 3.003457359119811827e+03 2.872652411831006248e+03 3.699037474567364825e+03 2.797003123009560113e+03 2.795863539218005371e+03 2.435915497955005776e+03 2.531338646881684326e+03 3.480194299259135278e+03 3.837055556883104600e+03 2.788735493220286571e+03 2.661535844342820837e+03 3.781291880831808157e+03 3.832128159705599955e+03 2.183086948800018945e+03 2.568015728395255337e+03 2.569618642741335407e+03 3.199176369393900131e+03 3.587397320470528939e+03 3.172221345731824385e+03 3.586860461911892799e+03 3.046497621888758658e+03 2.321917757426067055e+03 2.927302218597734282e+03 2.618465096010036632e+03 2.408720185760773347e+03 2.922045771388716275e+03 2.663145092803704756e+03 4.304168551386042054e+03 2.689163403052159538e+03 2.254930802931849485e+03 3.125189640726947346e+03 2.185301922555481724e+03 2.261051876549381177e+03 2.660709747039722970e+03 2.123577000241706173e+03 3.048443922790435863e+03 2.222225744661203862e+03 2.771519419876968186e+03 2.901225718939966555e+03 3.637362647617282619e+03 2.871189004383602878e+03 3.358506633480179516e+03 2.582270172773904505e+03 2.849057486185933158e+03 3.040363977863300079e+03 3.553201565229880998e+03 3.721896275764853272e+03 4.295090603786833526e+03 2.961315418241735642e+03 2.494496723301871953e+03 3.558390059157397445e+03 3.011258216437916417e+03 3.894340065048761971e+03 3.036339832684535395e+03 3.578336236560423004e+03 2.947880527116547455e+03 3.822280314061936224e+03 3.840705259602524620e+03 2.642203808402622144e+03 3.645089456597561821e+03 2.959609338982405461e+03 3.065716577388885071e+03 3.787758541028946183e+03 3.081338680413593011e+03 3.336790498623934582e+03 4.174302466406531494e+03 3.592760218656640518e+03 3.596009157177379166e+03 2.918603345067847840e+03 3.158445523906472317e+03 2.686146378347136306e+03 2.983126956646067811e+03 2.766028790083123567e+03 4.141551605565170576e+03 2.824000436324621205e+03 2.780450966544420226e+03
3.450000000000000000e+02 2.688631820755209446e+03 3.064014843862026282e+03 2.708138051883492608e+03 2.200202981253098187e+03 2.364526678469800572e+03 2.891087574099060475e+03 2.139112413155735339e+03 2.948207499692198326e+03 2.365922585198595698e+03 2.743387107454255784e+03 2.839414136643060829e+03 2.317347921714313998e+03 3.508510999995442035e+03 2.255664272983769479e+03 2.512976546209063144e+03 3.413113856266687435e+03 3.020601358970684487e+03 2.348111493275814610e+03 3.010353171161307728e+03 2.449169409449307295e+03 2.539033461083352904e+03 3.733876065191464932e+03 2.649524633490541419e+03 2.315504886190660272e+03 3.382068411987569561e+03 2.609196640781216047e+03 3.167024360513653846e+03 2.691922389860902967e+03 3.419227182538852503e+03 2.994867245581165662e+03 2.089448280618938952e+03 2.282817026360500677e+03 2.445729630275750878e+03 3.187892031135279012e+03 2.903070587635690117e+03 2.786585329744074897e+03 3.597244505381148883e+03 2.711131970816695230e+03 2.677990545885080337e+03 2.340885353005351590e+03 2.446108791292427213e+03 3.390320567637738350e+03 3.735955269713082089e+03 2.694764497335191209e+03 2.569063844509882983e+03 3.661259262149006190e+03 3.639558026452990816e+03 2.103635843898522580e+03 2.486917210738612084e+03 2.493937648877086303e+03 3.091288371235170416e+03 3.443237430673448671e+03 3.028129108057725261e+03 3.441718821648873927e+03 2.979982711715937057e+03 2.237997731189544993e+03 2.813861941475166986e+03 2.540515309515243644e+03 2.322673661080715647e+03 2.824593354508464927e+03 2.598714444016887683e+03 4.113157912934903834e+03 2.580178416575758092e+03 2.181059590347699668e+03 3.017995168270645991e+03 2.090458212487970741e+03 2.186195601608990728e+03 2.607588965386577911e+03 2.036382737510840116e+03 2.952265392994936519e+03 2.148352552267080682e+03 2.663274946129166892e+03 2.791433642161874559e+03 3.536592084120676645e+03 2.797768365552040905e+03 3.281011266001667536e+03 2.493217951993675342e+03 2.720530630483380719e+03 2.943807831850770526e+03 3.441198396876315655e+03 3.630111696363117971e+03 4.102626886778977678e+03 2.893074590033950699e+03 2.386718223449097422e+03 3.400738293472516943e+03 2.876197579532552481e+03 3.767030694433830377e+03 2.938808658439545070e+03 3.496888757987437657e+03 2.818190407072007474e+03 3.636734121979994143e+03 3.738160371778214540e+03 2.535015558138909910e+03 3.559197758097239785e+03 2.897165513335028663e+03 2.969776400331060813e+03 3.661841442555399226e+03 2.934710108487262005e+03 3.183360179669381978e+03 4.063674912871242213e+03 3.444290830978629401e+03 3.502166237175968945e+03 2.817477555827416381e+03 3.073944241199264525e+03 2.629135991664591984e+03 2.851089992604762756e+03 2.656027429182116521e+03 4.021305319048338333e+03 2.703777165990617050e+03 2.665959728538976378e+03
3.458823529411764639e+02 2.566524417401546998e+03 2.921261880547852343e+03 2.584099144814110332e+03 2.108538212086365547e+03 2.260736440086193852e+03 2.755193260120864124e+03 2.029983631983001260e+03 2.820316349926980820e+03 2.263280068602164647e+03 2.639369930818909779e+03 2.736486262453567633e+03 2.222159412484658787e+03 3.382555470205447364e+03 2.187143700950530729e+03 2.426571150483562633e+03 3.301639291699895693e+03 2.952956418516171198e+03 2.277676554280753862e+03 2.941730251262545607e+03 2.343132364110598701e+03 2.433305571792233877e+03 3.607776044443025512e+03 2.563408049973752895e+03 2.217773226234342928e+03 3.208741840886928458e+03 2.490951205428821595e+03 3.028116748991996246e+03 2.590071462095501829e+03 3.297828549197772190e+03 2.927742907511537396e+03 1.981977126851944149e+03 2.173574847945426882e+03 2.348676012661217555e+03 3.076864127830816869e+03 2.792782575917416125e+03 2.690520013670701701e+03 3.481203957454479678e+03 2.619280965106120675e+03 2.551421805772876269e+03 2.239716269236331300e+03 2.354087144043466196e+03 3.285350719231393668e+03 3.619075325284618884e+03 2.591990779980016669e+03 2.467574216801573129e+03 3.525035932931542447e+03 3.438599899344062123e+03 2.019679097234687333e+03 2.398400714309037085e+03 2.411401290816288110e+03 2.971474964016075319e+03 3.288087010680789717e+03 2.875613817283799108e+03 3.285611962636190128e+03 2.901931218751049073e+03 2.147428609779019098e+03 2.690627537695552292e+03 2.456759213321530297e+03 2.231031025558133933e+03 2.717317055010682452e+03 2.525472535933648942e+03 3.908092162113269296e+03 2.462125642688149583e+03 2.100449016029520408e+03 2.899047250436186005e+03 1.994522981116903111e+03 2.104655630982442744e+03 2.543444611649513263e+03 1.945360985673856476e+03 2.844325107329008915e+03 2.067954323764906349e+03 2.547199467726745752e+03 2.672219185129653397e+03 3.426669102283304710e+03 2.713774276079259835e+03 3.190161097533562497e+03 2.397055257624681872e+03 2.583791394937894893e+03 2.835562415289513865e+03 3.315575354179757142e+03 3.522348357774911165e+03 3.896339190755201344e+03 2.812697611711280388e+03 2.272199407460563179e+03 3.233355081768339915e+03 2.733973879830865371e+03 3.623989593435511779e+03 2.829602111541145860e+03 3.400599309744915445e+03 2.681102513179437210e+03 3.440495797364761074e+03 3.621949977346579999e+03 2.420306655575509467e+03 3.458305633431609749e+03 2.821661759301005077e+03 2.865789626066387882e+03 3.521088417089456925e+03 2.779630735480744079e+03 3.021381007437391872e+03 3.936739704866254215e+03 3.287130121645856889e+03 3.391718292989983183e+03 2.707440563224049583e+03 2.975934058881310648e+03 2.563680320406950159e+03 2.711383516037601566e+03 2.536769620582301286e+03 3.883153886600781334e+03 2.575694548863365981e+03 2.543363380530829090e+03
3.467647058823529278e+02 2.437245598283464915e+03 2.770447206385753361e+03 2.452586829578532615e+03 2.012322508660128506e+03 2.151399281370808694e+03 2.612163232866083490e+03 1.916561527088641469e+03 2.684999031788432148e+03 2.154690338208215962e+03 2.526292737641620533e+03 2.623552067136766709e+03 2.120728039063998949e+03 3.244893017275539478e+03 2.111927043379113002e+03 2.339727938666358114e+03 3.176628810437858192e+03 2.874268627577638654e+03 2.200003541639974173e+03 2.862194720834243071e+03 2.230930212472695075e+03 2.320467237220091192e+03 3.468061165303540292e+03 2.472558642635501201e+03 2.114150110734637565e+03 3.028592359905479952e+03 2.366079723957195711e+03 2.879399769965951236e+03 2.480342488903327649e+03 3.165677207689293027e+03 2.850019571240395635e+03 1.870447634559740436e+03 2.059276062290223308e+03 2.246895060231600837e+03 2.954654832165418156e+03 2.673688884001080623e+03 2.585288663247609747e+03 3.351972272876440911e+03 2.521220047253450502e+03 2.417945305584261405e+03 2.133054569868537783e+03 2.255638452384650009e+03 3.166682479186442379e+03 3.487675256976655874e+03 2.481184213820783953e+03 2.358136748516119042e+03 3.374819988798129089e+03 3.231933634912952584e+03 1.931368948341447322e+03 2.302829873508841956e+03 2.321982119954129303e+03 2.841218286863984304e+03 3.123672636430687817e+03 2.716586303678190234e+03 3.120293985462532419e+03 2.812892235920561689e+03 2.050944606167819529e+03 2.559245789888800118e+03 2.367142475495092185e+03 2.134129573323371460e+03 2.601342248956417734e+03 2.443526076752147219e+03 3.692216396565488139e+03 2.336686872059452526e+03 2.013502027938524179e+03 2.769930893829641263e+03 1.897021372159595103e+03 2.016838033700736105e+03 2.468701150570319896e+03 1.850860075770071262e+03 2.726011838548946798e+03 1.981417633929055228e+03 2.424343537641383136e+03 2.544973331408809827e+03 3.307457369978764291e+03 2.619696479933227693e+03 3.086597362300386521e+03 2.294363750098840683e+03 2.440749583570256164e+03 2.717022356249451605e+03 3.177816550369826473e+03 3.399801735151093453e+03 3.679478321433385190e+03 2.720890809686087323e+03 2.152216139783658491e+03 3.058505372480786718e+03 2.586223852148107198e+03 3.467287121714432487e+03 2.710146047131802788e+03 3.290219553808805813e+03 2.538243992753637031e+03 3.236519828690270515e+03 3.492711067491449285e+03 2.299386563643077807e+03 3.343240051517475877e+03 2.733967147127191765e+03 2.754021751954756837e+03 3.367440258360281405e+03 2.618309818082366291e+03 2.852979855229858913e+03 3.794623247715108391e+03 3.123106821790125196e+03 3.266401853693294015e+03 2.589407345856981010e+03 2.865812805772251522e+03 2.489894143843340316e+03 2.565741562898623670e+03 2.409882762404002278e+03 3.729119536970895751e+03 2.441332996103647474e+03 2.414023867155962762e+03
3.476470588235293917e+02 2.302496335208387791e+03 2.613612515362268368e+03 2.315376541915479265e+03 1.912240172548315059e+03 2.037713264581490421e+03 2.463889258089473060e+03 1.800131839382408089e+03 2.543545137557223825e+03 2.041254727003578409e+03 2.405512422070970388e+03 2.502055295178697179e+03 2.014079917868633856e+03 3.097045592971108817e+03 2.030268761137644560e+03 2.251187624785754451e+03 3.039894089888242888e+03 2.785004337796698110e+03 2.115414735875629503e+03 2.772216181968713045e+03 2.113674736700351787e+03 2.201927071264029564e+03 3.316433437669923933e+03 2.376718151068982934e+03 2.005567086955679315e+03 2.843984039646756173e+03 2.236012927409156873e+03 2.723078767431269625e+03 2.363853171789844055e+03 3.024012932979156176e+03 2.762071940795828596e+03 1.756111971119926238e+03 1.941139024774371364e+03 2.140678659278557916e+03 2.822662115090868156e+03 2.547108017068069785e+03 2.471992073460470692e+03 3.210982504659089955e+03 2.417140016340025795e+03 2.279397586861280615e+03 2.021790984204203824e+03 2.151433137683008681e+03 3.036000059881107973e+03 3.343379135534743000e+03 2.363401119759686935e+03 2.242035549865068788e+03 3.212992038570934255e+03 3.022177340168516366e+03 1.839134141224051746e+03 2.200875643356100227e+03 2.226036770168195744e+03 2.702229902277004840e+03 2.951940021939216422e+03 2.553035651541430980e+03 2.947732786341814972e+03 2.713710504210656836e+03 1.949478300712887631e+03 2.421485298242888348e+03 2.271944976263450826e+03 2.032563347281461574e+03 2.478001820736211812e+03 2.353348052364744035e+03 3.468763155094720332e+03 2.205626659569239564e+03 1.920901172654231914e+03 2.632416506503018809e+03 1.797860646812928962e+03 1.923428701540407474e+03 2.384111040071550178e+03 1.753445932334786903e+03 2.598919269575553244e+03 1.889408215104547935e+03 2.295976434642964705e+03 2.411258455661160951e+03 3.179305864232046588e+03 2.516377569969374690e+03 2.971359693998658713e+03 2.185972509162698316e+03 2.293343942090329620e+03 2.589784536057690275e+03 3.029688649367325979e+03 3.264045657962946279e+03 3.455276304100114430e+03 2.618682812619008018e+03 2.028167031077822912e+03 2.878480617885425545e+03 2.434654348677872804e+03 3.299216186616383766e+03 2.582062909279686664e+03 3.166936773493636792e+03 2.391310883455685598e+03 3.027705556589522075e+03 3.351552191370436503e+03 2.173685880417664976e+03 3.215259150009718724e+03 2.635239881050393706e+03 2.635114711136781352e+03 3.203066287112893860e+03 2.452952280746477300e+03 2.680303608010936841e+03 3.638891720348374747e+03 2.954101993115345522e+03 3.128208881391957675e+03 2.464547770384116575e+03 2.745194691475884156e+03 2.408196571725870854e+03 2.415950292674891443e+03 2.277101323113104172e+03 3.561512029708297177e+03 2.302356113593518330e+03 2.279467657980630520e+03
3.485294117647058556e+02 2.164008206736401462e+03 2.452808118668770476e+03 2.174271197255742209e+03 1.809125612996854898e+03 1.920940380791466168e+03 2.312258987387397156e+03 1.682015663756178810e+03 2.397431381431887075e+03 1.924195154277782194e+03 2.278548708095736401e+03 2.373595966376858541e+03 1.903373216087459468e+03 2.940770805547439522e+03 1.942720404243314078e+03 2.160185369988513685e+03 2.893423670828432478e+03 2.685958252519666985e+03 2.024530385989231263e+03 2.672590278553255757e+03 1.992615293572751625e+03 2.079152899699882255e+03 3.154838906649127239e+03 2.276006301879950115e+03 1.893121662453538875e+03 2.657202642475735956e+03 2.102270752924035605e+03 2.561372383135527798e+03 2.241882282622311777e+03 2.874341435290471054e+03 2.664610341837006672e+03 1.640254705453054385e+03 1.820463090817660031e+03 2.030609409498312971e+03 2.682510843036678580e+03 2.414511473328348529e+03 2.351927502981019643e+03 3.059951528356133622e+03 2.307569190540327781e+03 2.137604533078339500e+03 1.906985868771817422e+03 2.042371564412233511e+03 2.895190337765564891e+03 3.188083724317982160e+03 2.239903737063862536e+03 2.120693241506845425e+03 3.042031515194481472e+03 2.811820212899512626e+03 1.743611704096859967e+03 2.093444694025577519e+03 2.124226992522218552e+03 2.556365262092499961e+03 2.774959117436402266e+03 2.386951648687536363e+03 2.770015308135192754e+03 2.605470775116035384e+03 1.844096623794891912e+03 2.279165000909206810e+03 2.171713185820035960e+03 1.927121183006655201e+03 2.348768529840060637e+03 2.255705880684906333e+03 3.240868131438501223e+03 2.070727699049269631e+03 1.823537288045906507e+03 2.488383887796225281e+03 1.697249148247851508e+03 1.825321636703760532e+03 2.290686081604533683e+03 1.653839739688865620e+03 2.464773474278347294e+03 1.792799600232613784e+03 2.163506462517439559e+03 2.272735358754940080e+03 3.042963383060560318e+03 2.404934602783556784e+03 2.845799809803010703e+03 2.072893354869284394e+03 2.143479830392776876e+03 2.455575773187412778e+03 2.873149260742532533e+03 3.116936077529671820e+03 3.226862702936380629e+03 2.507351154765814044e+03 1.901504683419791490e+03 2.695528285830087952e+03 2.280976879818570524e+03 3.122200689768707889e+03 2.447099495517289142e+03 3.032276402126095491e+03 2.242004366594489966e+03 2.816824213974398390e+03 3.199949892246818308e+03 2.044691397429872723e+03 3.075953592903244953e+03 2.526857954552987849e+03 2.510002025598746968e+03 3.030272784652724113e+03 2.285693509634558723e+03 2.505451826292351598e+03 3.471445347112121908e+03 2.781990036387885084e+03 2.979303600074555106e+03 2.334210376485552842e+03 2.615842228601963598e+03 2.319251941927328971e+03 2.263785529395762296e+03 2.140198281540058815e+03 3.382828279601082158e+03 2.160446459456235971e+03 2.141305463701007284e+03
3.494117647058823195e+02 2.023487020453887908e+03 2.290032634407880778e+03 2.031043822668790881e+03 1.703908837893765394e+03 1.802357510081762257e+03 2.159102422754719555e+03 1.563517846821249350e+03 2.248239384446779241e+03 1.804794152945318956e+03 2.147010908648697296e+03 2.239861509056510840e+03 1.789839872046289884e+03 2.777976812189391239e+03 1.850060608254532781e+03 2.066375523156004419e+03 2.739307654236241888e+03 2.578183116478222018e+03 1.928197953878397357e+03 2.564368683917754879e+03 1.869073489649881594e+03 1.953620928046472500e+03 2.985379985678996491e+03 2.170845428334159351e+03 1.778010240357734119e+03 2.470402407160129769e+03 1.966398926091709200e+03 2.396450239930352382e+03 2.115807347070019659e+03 2.718350649759424414e+03 2.558610842644591230e+03 1.524142656994391928e+03 1.698570231644115665e+03 1.917484578154305382e+03 2.535971683685035714e+03 2.277458892762330379e+03 2.226521340280465211e+03 2.900791095916836639e+03 2.193294282372633916e+03 1.994330654631530706e+03 1.789802049553473580e+03 1.929513949165067970e+03 2.746264507041924844e+03 3.023869927968171396e+03 2.112086231693338959e+03 1.995603395599502392e+03 2.864439513262606397e+03 2.603168553159913699e+03 1.645585024168908149e+03 1.981612113213107023e+03 2.017444891094322884e+03 2.405546331053195900e+03 2.594839003827518809e+03 2.220259602887382698e+03 2.589262577540114762e+03 2.489441865165080799e+03 1.735943652956691949e+03 2.134091882374204488e+03 2.067196079120939430e+03 1.818728891439101517e+03 2.215192214278331903e+03 2.151592397489917403e+03 3.011498629267601245e+03 1.933735034674610461e+03 1.722443671490795168e+03 2.339752811805328747e+03 1.595621292559288349e+03 1.723552813320312453e+03 2.189631749815388957e+03 1.552862300871707248e+03 2.325365974209942578e+03 1.692607232728975987e+03 2.028410140667808719e+03 2.131097785196149744e+03 2.899493276616433832e+03 2.286684458143150550e+03 2.711498398927210474e+03 1.956260648099032323e+03 1.992976975729611240e+03 2.316186035436629481e+03 2.710262398054494042e+03 2.960519779216353982e+03 2.997193762062494898e+03 2.388351950536172353e+03 1.773676931889858452e+03 2.511792537387901575e+03 2.126852077189053034e+03 2.938711500446299397e+03 2.307060485109512683e+03 2.888008952771844633e+03 2.091976593599466923e+03 2.606458888513513102e+03 3.039649003331446238e+03 1.913889870247858426e+03 2.927152459006279969e+03 2.410353331600787897e+03 2.379828930030248557e+03 2.851419208386640548e+03 2.118545692163179865e+03 2.330420734582240584e+03 3.294416891312768712e+03 2.608587455395652341e+03 2.821944542455677492e+03 2.199851944291833206e+03 2.479601781502164158e+03 2.223913541800862731e+03 2.110960018513324030e+03 2.000925769072884805e+03 3.195659310346711663e+03 2.017250575034609710e+03 2.001163135046088655e+03
3.502941176470588402e+02 1.882565675641110602e+03 2.127182624129109172e+03 1.887389458471565604e+03 1.597567433508883369e+03 1.683214799840591013e+03 2.006147866483543112e+03 1.445884534675506075e+03 2.097583361510911800e+03 1.684342621898559173e+03 2.012533575563952127e+03 2.102564903848411632e+03 1.674733871000020372e+03 2.610643980606069817e+03 1.753230388570446621e+03 1.969757941637806653e+03 2.579668446017590213e+03 2.462922919551097948e+03 1.827426708121013689e+03 2.448792476962295041e+03 1.744386335459379552e+03 1.826772122199894284e+03 2.810234248616869991e+03 2.061890107061113667e+03 1.661469106647917670e+03 2.285563850874379568e+03 1.829914544155841213e+03 2.230379846438017921e+03 1.987048156942626520e+03 2.557832666216181678e+03 2.445248734204951234e+03 1.408983787519448015e+03 1.576755638828367637e+03 1.802246883508547853e+03 2.384886722143491625e+03 2.137539263891605060e+03 2.097268008737410582e+03 2.735524808852141177e+03 2.075287140506392461e+03 1.851237395419302402e+03 1.671445759667996754e+03 1.814017116850534421e+03 2.591286656469791524e+03 2.852919754169684893e+03 1.981408358010302209e+03 1.868271786691274656e+03 2.682669766886094294e+03 2.398304926110455654e+03 1.545928802245498218e+03 1.866559582866994106e+03 1.906743833876567805e+03 2.251693555549658868e+03 2.413653721855352615e+03 2.054767894821222399e+03 2.407555989485779719e+03 2.367022102419460680e+03 1.626190701915353429e+03 1.988008453928727249e+03 1.959285838414995851e+03 1.708396394778254489e+03 2.078843352072879952e+03 2.042161210910307773e+03 2.783395601086852821e+03 1.796309763722176740e+03 1.618736753710833455e+03 2.188421685583956787e+03 1.493569680362692225e+03 1.619240527058708494e+03 2.082285835905260228e+03 1.451385220934180097e+03 2.182493744688696097e+03 1.589929246750887387e+03 1.892171031733625114e+03 1.988015352058079543e+03 2.750191100897959586e+03 2.163074405025886335e+03 2.570186994994645829e+03 1.837276597061875918e+03 1.843527590606550120e+03 2.173408748717004073e+03 2.543122525103897260e+03 2.796950021239561920e+03 2.768995332452679577e+03 2.263254209886903936e+03 1.646078232413272417e+03 2.329266574474615027e+03 1.973844590483538468e+03 2.751191630495288791e+03 2.163749048837628379e+03 2.736063234383385407e+03 1.942786343698561041e+03 2.398957854673204110e+03 2.872569246264825779e+03 1.782720865094808232e+03 2.770835702171531921e+03 2.287350842483487213e+03 2.245879134205378705e+03 2.668843855097360574e+03 1.953355721707667499e+03 2.157058653293308907e+03 3.110076801849733783e+03 2.435610240573390001e+03 2.658413317202359849e+03 2.062974378223769236e+03 2.338344356497270837e+03 2.123171255369996743e+03 1.959080759288912077e+03 1.860965270462532771e+03 3.002606602218390890e+03 1.874333595020351140e+03 1.860624034120290389e+03
3.511764705882353041e+02 1.742766438579735222e+03 1.966012504971105045e+03 1.744886336630182996e+03 1.491085538600810878e+03 1.564701740260761881e+03 1.854987362806216879e+03 1.330269694074295103e+03 1.947048363029382472e+03 1.564095735739674183e+03 1.876721397160495599e+03 1.963390679545284911e+03 1.559286781636949399e+03 2.440754851956654420e+03 1.653274657603681135e+03 1.870607650083940143e+03 2.416598896362937012e+03 2.341550760074641857e+03 1.723328293941929132e+03 2.327230235761732729e+03 1.619858311509235364e+03 1.699976030124783165e+03 2.631581249295322323e+03 1.949962696137219609e+03 1.544724134433324252e+03 2.104462421074644226e+03 1.694261082348899890e+03 2.065083491221342229e+03 1.857016957340336603e+03 2.394613207183440409e+03 2.325836600979708237e+03 1.295894926187374494e+03 1.456247396108386283e+03 1.685922974661999660e+03 2.231103220640178279e+03 1.996319374562987832e+03 1.965675730872790382e+03 2.566212896160827768e+03 1.954638314344168066e+03 1.709850439839271530e+03 1.553116380233781456e+03 1.697078655977582684e+03 2.432310280777843218e+03 2.677440860165957474e+03 1.849337516763325993e+03 1.740166670263786727e+03 2.499069179060385977e+03 2.199060221514219847e+03 1.445561204950054616e+03 1.749519965883220266e+03 1.793276041827331937e+03 2.096667780636531461e+03 2.233380267252808153e+03 1.892127688713202133e+03 2.226875616167898897e+03 2.239687407764181444e+03 1.515993902761838854e+03 1.842550077847973625e+03 1.848964171757001168e+03 1.597170696578952402e+03 1.941263657772455872e+03 1.928667190750302780e+03 2.559029680695065508e+03 1.659991896991512931e+03 1.513563916439767809e+03 2.036215132458381959e+03 1.391785317180709171e+03 1.513533119913354767e+03 1.970062122807010610e+03 1.350289539770519013e+03 2.037907029296759220e+03 1.485894447598295983e+03 1.756228528530742778e+03 1.845085594145582036e+03 2.596507326331077820e+03 2.035619078320720973e+03 2.423676512550417556e+03 1.717162783700758609e+03 1.696664557236806786e+03 2.028988933132074408e+03 2.373788198554073006e+03 2.628410574598257426e+03 2.544719700405003096e+03 2.133680020322528435e+03 1.520011008577665507e+03 2.149756461619151651e+03 1.823388231458730161e+03 2.561991725190674515e+03 2.018915497928087916e+03 2.578447300546198676e+03 1.795864675698638848e+03 2.196401030387757601e+03 2.700719948053118060e+03 1.652538563414732153e+03 2.609054510162952738e+03 2.159512687543562151e+03 2.109509234558448043e+03 2.484800053036212375e+03 1.791774327385337074e+03 1.987032661651692024e+03 2.920747103994319332e+03 2.264640054791476359e+03 2.490951453068835235e+03 1.925069595976226083e+03 2.193912926046846678e+03 2.018103673388350671e+03 1.809616092034624671e+03 1.721887538270584400e+03 2.806208926868596336e+03 1.733143547257811633e+03 1.721182493170772659e+03
3.520588235294117680e+02 1.605472267466001085e+03 1.808104665217877255e+03 1.604966291701191722e+03 1.385419700824250413e+03 1.447920532215911862e+03 1.707051365747180398e+03 1.217710266423825942e+03 1.798139431709422752e+03 1.445236992502934527e+03 1.741103683870074519e+03 1.823949188313462855e+03 1.444670851005595750e+03 2.270233510078080599e+03 1.551290496657765743e+03 1.769409198637759800e+03 2.252108998201103532e+03 2.215512147521938459e+03 1.617064029169322112e+03 2.201121527407668509e+03 1.496722235048723178e+03 1.574501975148698875e+03 2.451538768307088503e+03 1.835995306516177607e+03 1.428949195410814582e+03 1.928647663562466050e+03 1.560772702000268282e+03 1.902305068524984563e+03 1.727076115931647337e+03 2.230489880268817160e+03 2.201767568547360497e+03 1.185877861568984827e+03 1.338175069543357949e+03 1.569570087995750782e+03 2.076416496563227611e+03 1.855300126918788010e+03 1.833219892397704371e+03 2.394886056262343573e+03 1.832498500649024663e+03 1.571535927958515686e+03 1.435964897628157132e+03 1.579889100972325878e+03 2.271323509084566467e+03 2.499599956547031070e+03 1.717299747894704751e+03 1.612678270128764325e+03 2.315828556974684489e+03 2.006997469705476988e+03 1.345403200281764612e+03 1.631729070145326432e+03 1.678237346398338559e+03 1.942222535577275266e+03 2.055848718091388491e+03 1.733804165114183888e+03 2.049050948569969933e+03 2.108943389510704947e+03 1.406459332576637280e+03 1.699211976586287392e+03 1.737255014980021315e+03 1.486094995842742492e+03 1.803924397794717152e+03 1.812412970065380478e+03 2.340570596026551812e+03 1.526172478165930443e+03 1.408059037660376816e+03 1.884840782036065775e+03 1.291006174455248583e+03 1.407564319906852688e+03 1.854399962674875496e+03 1.250431229215964777e+03 1.893265587024406386e+03 1.381617981505244643e+03 1.621936569376690841e+03 1.703795310011235188e+03 2.439976776058556879e+03 1.905844671337360523e+03 2.273793313272670730e+03 1.597118408254093083e+03 1.553739277373397272e+03 1.884579790745599439e+03 2.204226184578321863e+03 2.457049104684061149e+03 2.326516004321740184e+03 2.001251231098890230e+03 1.396656503506272429e+03 1.974855891891631700e+03 1.676760705821927331e+03 2.373316655085562161e+03 1.874214279746436432e+03 2.417178267516494998e+03 1.652489822404558709e+03 2.000578968813951633e+03 2.526124455500220392e+03 1.524582522348361181e+03 2.443860916626202652e+03 2.028489239415486054e+03 1.972091636810109321e+03 2.301403375572142977e+03 1.635235768937162675e+03 1.821805833355388131e+03 2.728725386807457198e+03 2.097099351299827504e+03 2.321706003915764086e+03 1.787573152842501713e+03 2.048077027014634950e+03 1.909835356700949205e+03 1.663872245308596121e+03 1.585121898742579333e+03 2.608880551783780902e+03 1.594984830829194607e+03 1.584208017363652516e+03
3.529411764705882888e+02 1.471906996633386143e+03 1.654849273503857603e+03 1.468893892744794812e+03 1.281471545934142341e+03 1.333866539299145188e+03 1.563592198206074045e+03 1.109109296740519540e+03 1.652241721401295081e+03 1.328850363045137101e+03 1.607098222374968373e+03 1.685739547347763391e+03 1.331969756983832212e+03 2.100895231540252553e+03 1.448382326537479685e+03 1.666796856308944825e+03 2.088081659813928582e+03 2.086274530280621093e+03 1.509799336798891773e+03 2.071926694356463031e+03 1.376108988145101648e+03 1.451497550451358620e+03 2.272109293886673640e+03 1.720978681646693531e+03 1.315233250589757290e+03 1.759432150788756871e+03 1.430647664978420835e+03 1.743586584736056011e+03 1.598503364257358271e+03 2.067179900682860080e+03 2.074464795039659293e+03 1.079803402165375701e+03 1.223546718062516447e+03 1.454231221308633394e+03 1.922522459907017037e+03 1.715880869719329212e+03 1.701304229794846151e+03 2.223489327453338319e+03 1.710028059936037380e+03 1.437485030825069316e+03 1.321061029599606854e+03 1.463592207406199577e+03 2.110203504257530767e+03 2.321466130201669785e+03 1.586639661922888763e+03 1.487087105583442963e+03 2.134943995165914203e+03 1.823406495039599122e+03 1.246345179469823961e+03 1.514384950422264637e+03 1.562819845951379648e+03 1.789966585259630165e+03 1.882704622115661095e+03 1.581058418618011501e+03 1.875723785223277446e+03 1.976282387921692361e+03 1.298615414986780024e+03 1.559325411184014683e+03 1.625183879059293076e+03 1.376174444239492232e+03 1.668192674099100714e+03 1.694702075849709445e+03 2.129869511537634480e+03 1.396074267052203822e+03 1.303305629869767699e+03 1.735855680009031857e+03 1.191974341769706143e+03 1.302416458899539975e+03 1.736720276698409407e+03 1.152613822166806813e+03 1.750103719184591000e+03 1.278164806239557265e+03 1.490531999438691400e+03 1.565491171266276979e+03 2.282156209756451972e+03 1.775240996924292176e+03 2.122323962563970781e+03 1.478285571971030549e+03 1.415908433856453939e+03 1.741708046621331277e+03 2.036266128388326251e+03 2.284920926536889965e+03 2.116213404614553838e+03 1.867543682896585779e+03 1.277054523628157995e+03 1.805931225719580652e+03 1.535067525670257055e+03 2.187183426406344097e+03 1.731169904574317570e+03 2.254221934689181126e+03 1.513770969542460534e+03 1.812983379072019716e+03 2.350755186954153032e+03 1.399956690383531850e+03 2.277247370563391542e+03 1.895876782647634172e+03 1.834966288019223157e+03 2.120590226364568935e+03 1.484947245260202408e+03 1.662624202881554538e+03 2.536220196538409709e+03 1.934234859896443595e+03 2.152684746766083208e+03 1.651826671312392136e+03 1.902495309591406340e+03 1.799499387697977909e+03 1.522978662235556158e+03 1.451934641903861802e+03 2.412861336046245015e+03 1.461000413195549299e+03 1.450919543530108513e+03
3.538235294117646959e+02 1.343123493135323315e+03 1.507433124698900883e+03 1.337753848893078384e+03 1.180067029361183586e+03 1.223415448221126098e+03 1.425675617507255993e+03 1.005226521065166366e+03 1.510591005316741303e+03 1.215900071285646163e+03 1.475984216281095087e+03 1.550121150966275536e+03 1.222156702312054676e+03 1.934406506891185927e+03 1.345624518494405493e+03 1.563501229890062859e+03 1.926237872887485310e+03 1.955283499119367434e+03 1.402665392977625288e+03 1.941083142090697947e+03 1.259025408756784600e+03 1.331973778229165646e+03 2.095137291130455196e+03 1.605918158721968894e+03 1.204555639504994815e+03 1.597889133444808294e+03 1.304930332448111358e+03 1.590253968467374307e+03 1.472464760757229897e+03 1.906277866243021435e+03 1.945337340022398166e+03 9.784023870552856579e+02 1.113233873012515687e+03 1.340898672170762211e+03 1.770979971812947952e+03 1.579331959723547243e+03 1.571230080683521010e+03 2.053836359418997290e+03 1.588355045975227313e+03 1.308706276534006747e+03 1.209368662162904229e+03 1.349253210327194211e+03 1.950680175496602033e+03 2.144964710725868827e+03 1.458589462444883793e+03 1.364540875960591165e+03 1.958188819144493209e+03 1.649307902386753312e+03 1.149220488984776466e+03 1.398614832674956460e+03 1.448172425502603573e+03 1.641336462147517295e+03 1.715382944170264864e+03 1.434938885420075621e+03 1.708322811074932133e+03 1.843146317306736137e+03 1.193392404309727453e+03 1.424042641039902946e+03 1.513744036198721233e+03 1.268348410773167871e+03 1.535305669061856861e+03 1.576798999304826111e+03 1.928453086552267223e+03 1.270740476049946892e+03 1.200307795773148882e+03 1.590641884202322672e+03 1.095401378417810292e+03 1.199091376912148917e+03 1.618388277215130984e+03 1.057567576738749722e+03 1.609803786353623991e+03 1.176520812377058746e+03 1.363112055790650857e+03 1.431359213008654933e+03 2.124570636745155298e+03 1.645221742674196776e+03 1.970969003999707638e+03 1.361721530042125551e+03 1.284128764942329326e+03 1.601747818467976003e+03 1.871566046036815123e+03 2.113943150442661590e+03 1.915315947193374541e+03 1.734049026331663981e+03 1.162091202985936661e+03 1.644115639524135076e+03 1.399233982116296374e+03 2.005390414245575585e+03 1.591151407441290758e+03 2.091442476944490863e+03 1.380639986969889151e+03 1.634807961752901747e+03 2.176479803321570671e+03 1.279616229054092173e+03 2.111096713147586343e+03 1.763182374331453730e+03 1.699401372930015441e+03 1.944087539509188446e+03 1.341886847061292428e+03 1.510512452056929533e+03 2.345298102449154612e+03 1.777108873307204249e+03 1.985720943893545837e+03 1.519049036482116662e+03 1.758686111708542512e+03 1.688205520716953743e+03 1.387881194757998628e+03 1.323415719446540834e+03 2.220178605819823588e+03 1.332161954854209625e+03 1.322368877277178399e+03
3.547058823529411598e+02 1.219999348034109971e+03 1.366836757218961338e+03 1.212445788369313277e+03 1.081941857243260756e+03 1.117316381977721221e+03 1.294179573289557538e+03 9.066752843345577730e+02 1.374254082014669848e+03 1.107217667412577839e+03 1.348883928924727115e+03 1.418293445466957337e+03 1.116079633097196847e+03 1.772255522784290633e+03 1.244031027680688339e+03 1.460302906289837892e+03 1.768111329392750804e+03 1.823925897550577020e+03 1.296728268487492414e+03 1.809968762431161849e+03 1.146340038848432414e+03 1.216796770460825883e+03 1.922277100604612770e+03 1.491796747674385415e+03 1.097769292301087717e+03 1.444857921158766430e+03 1.184500979867817477e+03 1.443411221500054125e+03 1.349995223365137917e+03 1.749223491660817217e+03 1.815742965725017029e+03 8.822631899482130393e+02 1.007963615397595618e+03 1.230485805253367289e+03 1.623183020791872877e+03 1.446775284385343866e+03 1.444173415974011277e+03 1.887574388936699961e+03 1.468541424297584626e+03 1.186024749281952609e+03 1.101729090158928329e+03 1.237834872691843884e+03 1.794309276133775256e+03 1.971841849964553148e+03 1.334246397397393821e+03 1.246039266117789566e+03 1.787095790121264372e+03 1.485465049869652830e+03 1.054785659933600073e+03 1.285449726233624233e+03 1.335369263842814007e+03 1.497578468261819580e+03 1.555092976288832006e+03 1.296281044557397763e+03 1.548049028102901275e+03 1.710895773923795559e+03 1.091608460079790348e+03 1.294329612737499247e+03 1.403869387473926054e+03 1.163469358272455793e+03 1.406352627358570089e+03 1.459896510270185900e+03 1.737527939520518657e+03 1.151030653263120939e+03 1.099968477702811242e+03 1.450390921606022630e+03 1.001941716164249215e+03 1.098488827744556602e+03 1.500683233542380322e+03 9.659347105500880843e+02 1.473578205386698528e+03 1.077571386586739663e+03 1.240620372473433918e+03 1.302412682616743268e+03 1.968669071798970663e+03 1.517092990167527660e+03 1.821306044309016215e+03 1.248377979558588549e+03 1.159158973705744529e+03 1.465902955197351503e+03 1.711588030631235142e+03 1.945859616466235138e+03 1.725007823017883538e+03 1.602144521332282693e+03 1.052493996324806176e+03 1.490311468791064954e+03 1.270004281400252012e+03 1.829497369268272905e+03 1.455355133612837108e+03 1.930562593510185934e+03 1.253850153986461692e+03 1.466958075816936116e+03 2.005018784274236850e+03 1.164361271104456364e+03 1.947142793184663560e+03 1.631796101866402296e+03 1.566562764953616124e+03 1.773393179577759156e+03 1.206809016118207637e+03 1.366277257416261364e+03 2.157842787763857359e+03 1.626597541651862230e+03 1.822447808853724155e+03 1.390316047406448433e+03 1.618006196515794272e+03 1.577013949264030771e+03 1.259342306640470724e+03 1.200473080265502631e+03 2.032620706851506156e+03 1.209267066401528155e+03 1.199432493562693480e+03
3.555882352941176805e+02 1.103238672523284322e+03 1.233838487554515496e+03 1.093685594189630592e+03 9.877324599940423013e+02 1.016190314725112103e+03 1.169799165330447977e+03 8.139250259473503775e+02 1.244117998830653278e+03 1.003495366669198575e+03 1.226751950264289007e+03 1.291283349950853790e+03 1.014452734456675898e+03 1.615732328527856907e+03 1.144532098998371566e+03 1.357992949261150898e+03 1.615031720380602565e+03 1.693499785967369917e+03 1.192964994066229337e+03 1.679872019681416077e+03 1.038775666336140375e+03 1.106684812749591174e+03 1.754971026397095102e+03 1.379545146912345217e+03 9.955906988614922284e+02 1.300955428892838654e+03 1.070072529354337803e+03 1.303942035420425327e+03 1.231985887699827572e+03 1.597278943020968882e+03 1.686957591903240200e+03 7.918343538202483387e+02 9.083168280509701162e+02 1.123806424441043646e+03 1.480341922719380364e+03 1.319172062081239119e+03 1.321169214233114872e+03 1.726159233650994793e+03 1.351557167922283043e+03 1.070087229721388212e+03 9.988511268481865955e+02 1.130180698822480963e+03 1.642454020455264754e+03 1.803639276209230729e+03 1.214558303668435201e+03 1.132425837930455600e+03 1.622948554379129519e+03 1.332402209168392801e+03 9.637066142369985755e+02 1.175806112674292081e+03 1.225385910236843756e+03 1.359739204547101735e+03 1.402812691386350252e+03 1.165714073188617022e+03 1.395870720560618111e+03 1.580785617276541188e+03 9.939616145823372335e+02 1.170965458127201373e+03 1.296413795773921265e+03 1.062287767477143234e+03 1.282263836757558238e+03 1.345089893870790092e+03 1.557993777428150452e+03 1.037622833969290241e+03 1.003074568070468899e+03 1.316096218321679316e+03 9.121732507956352265e+02 1.001391673077648420e+03 1.384774949400425612e+03 8.782602388865127523e+02 1.342458951039722479e+03 9.820866747769688345e+02 1.123840360416571912e+03 1.179487183979778365e+03 1.815789367816659706e+03 1.392029696618457365e+03 1.674761851622673248e+03 1.139086750646179780e+03 1.041567340661004664e+03 1.335196830330610055e+03 1.557583506303551303e+03 1.782215806976093745e+03 1.546167106197062139e+03 1.473070424645395860e+03 9.488326651145996493e+02 1.345199049648096661e+03 1.147946635036614452e+03 1.660815212651372804e+03 1.324795135493809312e+03 1.773133581878435962e+03 1.133980779427208290e+03 1.310067660331944126e+03 1.837913922024122030e+03 1.054836606380674084e+03 1.786941166486328257e+03 1.502970356382016689e+03 1.437491655242636398e+03 1.609765945289271485e+03 1.080255956850089888e+03 1.230516651535927167e+03 1.975525547711955824e+03 1.483395007631869021e+03 1.664281928676111875e+03 1.266547718993688022e+03 1.481637037280053846e+03 1.466914365304495050e+03 1.137946910484250338e+03 1.083833565239117888e+03 1.851721021437036597e+03 1.092942432051238939e+03 1.082810265982785268e+03
3.564705882352941444e+02 9.933794893828181785e+02 1.109024602188088693e+03 9.820122378793867028e+02 8.979720783685626202e+02 9.205331011298262638e+02 1.053056840483423457e+03 7.273083757942315515e+02 1.120887068347331478e+03 9.052852148317824685e+02 1.110371633197428991e+03 1.169939761389345676e+03 9.178537196574268364e+02 1.465918332193954257e+03 1.047957512613664676e+03 1.257340557925785788e+03 1.468116486127637700e+03 1.565191345441566455e+03 1.092246553073718360e+03 1.551969013240554432e+03 9.369080038623081919e+02 1.002210469459992737e+03 1.594437145218492105e+03 1.270018497101808407e+03 8.985962114163050956e+02 1.166592897002173004e+03 9.621933682211574705e+02 1.172517738861962926e+03 1.119178022605249453e+03 1.451515199105441980e+03 1.560151610876318273e+03 7.074317913577491481e+02 8.147319255384776397e+02 1.021561355365577242e+03 1.343473123642143719e+03 1.197317522438118203e+03 1.203102839419126667e+03 1.570840104903001475e+03 1.238261901883521887e+03 9.613723151256033361e+02 9.013076116948572007e+02 1.027004731107837188e+03 1.496275085710624580e+03 1.641679046125661216e+03 1.100316289312782601e+03 1.024386312161271462e+03 1.466781621980894442e+03 1.190427696926952649e+03 8.765505104453395688e+02 1.070474540220135395e+03 1.119082611158033387e+03 1.228663687881131182e+03 1.259291619692459562e+03 1.043673090202159528e+03 1.252526835660523830e+03 1.453947111878749638e+03 9.010271044069404525e+02 1.054547943655250037e+03 1.192136319995538997e+03 9.654429239750483021e+02 1.163806290449390190e+03 1.233358269794120133e+03 1.390463828787462944e+03 9.310209025347899114e+02 9.102882738681726096e+02 1.188552661502969386e+03 8.265845969266428028e+02 9.084573825856672329e+02 1.271707006893412199e+03 7.949876566063188648e+02 1.217294216414402854e+03 8.907132278702032409e+02 1.013395291520292744e+03 1.063242487819907410e+03 1.667132242228545920e+03 1.271059892204646758e+03 1.532593347523365537e+03 1.034551717249687272e+03 9.317442890130395199e+02 1.210469217970055070e+03 1.410587291991312441e+03 1.624343599798749437e+03 1.379386736733140197e+03 1.347914820172723694e+03 8.515254387587777956e+02 1.209251139460114700e+03 1.033463310814564466e+03 1.500405031638340461e+03 1.200300561220573172e+03 1.620515170550452694e+03 1.021446683325167669e+03 1.164521837027567926e+03 1.676507289852572512e+03 9.515366250105248582e+02 1.631849710302152516e+03 1.377806015858823912e+03 1.313089959645552199e+03 1.454224490175270830e+03 9.625740419176275964e+02 1.103634611438769298e+03 1.799786753465295988e+03 1.348022502722220906e+03 1.512415297704084651e+03 1.148502691738049862e+03 1.350578248153238746e+03 1.358810349592074317e+03 1.024113205687614482e+03 9.740494103570297284e+02 1.678752158063451361e+03 9.836521520339163089e+02 9.730303833478636761e+02
3.573529411764706083e+02 8.908054608664100442e+02 9.928043614204786991e+02 8.777992049954281129e+02 8.130912059986947042e+02 8.307223850652164856e+02 9.443168390436444497e+02 6.470318655747312278e+02 1.005086596205965179e+03 8.130030835785980798e+02 1.000357522914599485e+03 1.054934256901057779e+03 8.267259839601359772e+02 1.323683789861489686e+03 9.550260189174886136e+02 1.159067347423959291e+03 1.328269909489333259e+03 1.440058128222458890e+03 9.953271300266120534e+02 1.427307007163344679e+03 8.411695521897626122e+02 9.038068377748260218e+02 1.441665734032053024e+03 1.163979388123478884e+03 8.072236027362206414e+02 1.041996336483915684e+03 8.612550649335522621e+02 1.049610574042221060e+03 1.012162550826476149e+03 1.312806551829090722e+03 1.436372565537734999e+03 6.292494454771061783e+02 7.275128574553016279e+02 9.243314010339776132e+02 1.213396583122327684e+03 1.081841475091569237e+03 1.090707568140056765e+03 1.422653167052547360e+03 1.129393186207734288e+03 8.602044644496832007e+02 8.095371665574782583e+02 9.288872646274734279e+02 1.356727963104318178e+03 1.487057256333637497e+03 9.921539935121030567e+02 9.224522207301420167e+02 1.319387642263608541e+03 1.059660316410264841e+03 7.937824608079240534e+02 9.701142986770292964e+02 1.017194279057985113e+03 1.105000110368472178e+03 1.125060714069985806e+03 9.304158658591701396e+02 1.118537389994798104e+03 1.331376384124716424e+03 8.132593121964677039e+02 9.455036905673624688e+02 1.091692029727986437e+03 8.734589029034341365e+02 1.051584970001525789e+03 1.125552168384482457e+03 1.235290710031973504e+03 8.315662695917068277e+02 8.221439881698112231e+02 1.068362397009673487e+03 7.455681392813537514e+02 8.202151212711986545e+02 1.162386105826328048e+03 7.164588981355497026e+02 1.098751004608404401e+03 8.039710199931191710e+02 9.097538899924528550e+02 9.541698496718998967e+02 1.523743750884999372e+03 1.155055915596429486e+03 1.395876639694252162e+03 9.353461047310779577e+02 8.299185257271898308e+02 1.092379166340170059e+03 1.271419292815286553e+03 1.473354664997030341e+03 1.225000864743865350e+03 1.227605308801211777e+03 7.608492625836739762e+02 1.082751474193627928e+03 9.268043831856972474e+02 1.349084614295121810e+03 1.082518992805632706e+03 1.473864151423446401e+03 9.165114926529597597e+02 1.030483757177907819e+03 1.521929781973588888e+03 8.548143042692073550e+02 1.483018185654985700e+03 1.257244952676157709e+03 1.194112566991477252e+03 1.307553786411272540e+03 8.539337010042249858e+02 9.858592951196877721e+02 1.631827326575073130e+03 1.220841447216888355e+03 1.367814865652922890e+03 1.036778763204724328e+03 1.225647468743824675e+03 1.253508513788065102e+03 9.181070738890446137e+02 8.715094183254625477e+02 1.514728662424282675e+03 8.817099381596511876e+02 8.704590988842177239e+02
3.582352941176470722e+02 7.957610514901201668e+02 8.854286432026550528e+02 7.812694584972451821e+02 7.334217556229019692e+02 7.470274998511334843e+02 8.438026642924920679e+02 5.731893596094965915e+02 8.970720232626374582e+02 7.269366028016503378e+02 8.971628514956521485e+02 9.467669819169457242e+02 7.413848887383444435e+02 1.189692512012686393e+03 8.663402095167908783e+02 1.063827977971421660e+03 1.196188644366315657e+03 1.319018466294625114e+03 9.028389754236883391e+02 1.306793937846307017e+03 7.518576645926967785e+02 8.117771758777379318e+02 1.297423203302151251e+03 1.062086669579074396e+03 7.217779326734485039e+02 9.272296469986672491e+02 7.675041112264655112e+02 9.355109793018654045e+02 9.113843966887725401e+02 1.181832272450630853e+03 1.316533826855836196e+03 5.573725563235879008e+02 6.468406097347755122e+02 8.325758150742868793e+02 1.090739663358207736e+03 9.732139930622952306e+02 9.845675951123798768e+02 1.282422908824860997e+03 1.025560835152371055e+03 7.667710802851911467e+02 7.238504243524934054e+02 8.362755998829956070e+02 1.224566708973600271e+03 1.340645666174889129e+03 8.905522056815627820e+02 8.270090718670398928e+02 1.181330729982842740e+03 9.400578865479691331e+02 7.157664599727709174e+02 8.752534832446635846e+02 9.203263657036543464e+02 9.892099250042215317e+02 1.000447829542348472e+03 8.260424917966255407e+02 9.942192835207671351e+02 1.213928814670163092e+03 7.309975311802918441e+02 8.441021179694887451e+02 9.956275763377548174e+02 7.867450682862006488e+02 9.460489615280245062e+02 1.022387125406876407e+03 1.092596305855249057e+03 7.394527532189047179e+02 7.390498790431825000e+02 9.559455551068255090e+02 6.694180187420118955e+02 7.370674788724552400e+02 1.057577230729300027e+03 6.429178124285953118e+02 9.873229472384188057e+02 7.222551809289178664e+02 8.132404208652493480e+02 8.526037400895468181e+02 1.386505491122753938e+03 1.044731909120515638e+03 1.265503452518368476e+03 8.419146028117052083e+02 7.361758525328829137e+02 9.814129710175882337e+02 1.140692752557147060e+03 1.330141741490176855e+03 1.083114961785800006e+03 1.112906789607379096e+03 6.769530902976298421e+02 9.658161759942576055e+02 8.280843240810567067e+02 1.207441601662329276e+03 9.719248127827447661e+02 1.334131105231605261e+03 8.193036618409539642e+02 9.079240470015600977e+02 1.375098298847660544e+03 7.648935460172021976e+02 1.341385789443644853e+03 1.142068340132188951e+03 1.081165619128408480e+03 1.170317888252995999e+03 7.543518506202901790e+02 8.772639648792961680e+02 1.472609007036267258e+03 1.102069266007163151e+03 1.231228800291559764e+03 9.318185767073530315e+02 1.107485656049807631e+03 1.151712108012035287e+03 8.200591934777654615e+02 7.764536159720007618e+02 1.360417213723743089e+03 7.872944369698079754e+02 7.753142717307931662e+02
3.591176470588235361e+02 7.083691594803792668e+02 7.870113022247426215e+02 6.925129467694746381e+02 6.592042622602750725e+02 6.696217669419162348e+02 7.516168942932413302e+02 5.057773677287735268e+02 7.970423015339690664e+02 6.472562632812914671e+02 8.010910890247336056e+02 8.457769051854670579e+02 6.620272249587238775e+02 1.064412324446046568e+03 7.823862746255566663e+02 9.721966477455399627e+02 1.072372546775670571e+03 1.202846289582343161e+03 8.152923745836596936e+02 1.191193467486774580e+03 6.691459259295162383e+02 7.263070978465426606e+02 1.162262403947112034e+03 9.648894620235098500e+02 6.424408848436389690e+02 8.222191609865363944e+02 6.810566262971360629e+02 8.303478510102374912e+02 8.171507833068708351e+02 1.059084297595974022e+03 1.201408693758468871e+03 4.917927215610088751e+02 5.727872373512396962e+02 7.466356054560836810e+02 9.759464936441044074e+02 8.717552362653823366e+02 8.851255368615813950e+02 1.150770087023838641e+03 9.272464243295897859e+02 6.811416154664158285e+02 6.444397820113316584e+02 7.494889311318800083e+02 1.100353147164094935e+03 1.203100182312259676e+03 7.958480388953256579e+02 7.383080072651287082e+02 1.052964588468101965e+03 8.314467260686654981e+02 6.427698467376820872e+02 7.862936398315441693e+02 8.289558764174372527e+02 8.815822020671977270e+02 8.855973237729683660e+02 7.305171992234733125e+02 8.797063825976534872e+02 1.102318807946882089e+03 6.544748583269522442e+02 7.504722130396711464e+02 9.043809941115333686e+02 7.056005076869206505e+02 8.475015322145701475e+02 9.244425596960847997e+02 9.623039624508699035e+02 6.547437833793009077e+02 6.612933708687198759e+02 8.515549657748651953e+02 5.983322082769823282e+02 6.592961209725585832e+02 9.579037543644824382e+02 5.745164914762099215e+02 8.833421694257401668e+02 6.458415722806292933e+02 7.240483324715391973e+02 7.587370946589525147e+02 1.256131732263847425e+03 9.406469023653617114e+02 1.142183983775202705e+03 7.545795088615723216e+02 6.504796240219818628e+02 8.778962124459538927e+02 1.018827758794491729e+03 1.195386503649928045e+03 9.536383261745428399e+02 1.004424684766715245e+03 5.998733864649199177e+02 8.584170649264148096e+02 7.373003487500348001e+02 1.075851650137595925e+03 8.688316361576155487e+02 1.202064002039010575e+03 7.298343754590538310e+02 7.966517636186429172e+02 1.236720161615716734e+03 6.818838185387991189e+02 1.207685805459101175e+03 1.032899877349910867e+03 9.747099090623337361e+02 1.042877663992330326e+03 6.637156479080774716e+02 7.777894903754159941e+02 1.322862127779896582e+03 9.917973274303876678e+02 1.103198088645271355e+03 8.339195227647686579e+02 9.965671356015792526e+02 1.054018666259594283e+03 7.299839447098477194e+02 6.889905642164474102e+02 1.216352819607208858e+03 7.004665831330011088e+02 6.876816715128792339e+02
3.600000000000000000e+02 6.286503729226436690e+02 6.975521225258387403e+02 6.115058134046058740e+02 5.905974827002365828e+02 5.985964531172563738e+02 6.677622898010858989e+02 4.447114850326964870e+02 7.050563953033364442e+02 5.740288112537208463e+02 7.123106426625423637e+02 7.521553303611967749e+02 5.887431386802941233e+02 9.481302367361487313e+02 7.035378541070759866e+02 8.846587327272076209e+02 9.571397701495117190e+02 1.092170828567373746e+03 7.330797878763169138e+02 1.081124776256810947e+03 5.930979711785172412e+02 6.474787187123059766e+02 1.036538058155050976e+03 8.728256566827084271e+02 5.692826426737562997e+02 7.267788647297120406e+02 6.019151319378123617e+02 7.341107755481390313e+02 7.296426768807675671e+02 9.448797008249390501e+02 1.091629415610942715e+03 4.324240231210936258e+02 5.053316355306778291e+02 6.667406577645604102e+02 8.692916339971328625e+02 7.776484869053931561e+02 7.926937308764433965e+02 1.028125167255665701e+03 8.348071121578984730e+02 6.032879461532641017e+02 5.713918376164092479e+02 6.687266620795348899e+02 9.844705207887232064e+02 1.074874872170924846e+03 7.082476914675193029e+02 6.564801652526389262e+02 9.344541059556476057e+02 7.335509982929253283e+02 5.749706071010875803e+02 7.035182120986854670e+02 7.434367718393230007e+02 7.822512099291257073e+02 7.804926754430234723e+02 6.436911285340960376e+02 7.749723656498988476e+02 9.971243335839535575e+02 5.838294727511994324e+02 6.646211156790719770e+02 8.182849775362664104e+02 6.302216359054490340e+02 7.561132308816672776e+02 8.321651074678537725e+02 8.441718935449183618e+02 5.773910575226561832e+02 5.890497062491610905e+02 7.552937681352153731e+02 5.324178533645557536e+02 5.870704956320513475e+02 8.638520047849227694e+02 5.113238064855822813e+02 7.869943748093629665e+02 5.748953971697296765e+02 6.422564118227298877e+02 6.726389984816634069e+02 1.133172440212000765e+03 8.432124272170565291e+02 1.026455150062262874e+03 6.735501376063596126e+02 5.726920320744874289e+02 7.820089191195105514e+02 9.060689068195364371e+02 1.069572897096548104e+03 8.363175803111590767e+02 9.026126200502591246e+02 5.295509863800396033e+02 7.604057604062820701e+02 6.543517622108781779e+02 9.545005797341007110e+02 7.734077823810848713e+02 1.078217697082202676e+03 6.480164543957180285e+02 6.963456026161242107e+02 1.107303749149031319e+03 6.057964165639550629e+02 1.082455934273286630e+03 9.302133455732586071e+02 8.750684837227641992e+02 9.254123524598696804e+02 5.818067705530858120e+02 6.872675304074898577e+02 1.183099649842999270e+03 8.900099020344285918e+02 9.840726971981227962e+02 7.432468523926215767e+02 8.932131865387323160e+02 9.609209506512667076e+02 6.477992710563779610e+02 6.091163559820834053e+02 1.082859808747872876e+03 6.211882755147624948e+02 6.075330946383446644e+02
3.608823529411764639e+02 5.565431118531092807e+02 6.169605456133676853e+02 5.381305122441331150e+02 5.276897674937208649e+02 5.339757902695871508e+02 5.921635210462829946e+02 3.898432974666915811e+02 6.210518679974771885e+02 5.072322161979834050e+02 6.308717124065391317e+02 6.659618699901400305e+02 5.215297369121547035e+02 8.409711420921131548e+02 6.300632907697779501e+02 8.016070394376403101e+02 8.506450648754284884e+02 9.874804648189926866e+02 6.564835548310014701e+02 9.770666330914893933e+02 5.236829438269481898e+02 5.752860188658678453e+02 9.204259476938519811e+02 7.862243757371334141e+02 5.022755241312319185e+02 6.406353837145995840e+02 5.299865745976437665e+02 6.466732639697108880e+02 6.489284929488459284e+02 8.393770517352543266e+02 9.876903078894766850e+02 3.791195700534523780e+02 4.443762932191484651e+02 5.930199437489276306e+02 7.708969409588653434e+02 6.909555737132608328e+02 7.074683794603506612e+02 9.147460034749211673e+02 7.484829954888049315e+02 5.331052602323453584e+02 5.047016871766388135e+02 5.940792490951465652e+02 8.771404524900026445e+02 9.562403945334122000e+02 6.278418533617599451e+02 5.815528727847629398e+02 8.257993827837573235e+02 6.460212412714813581e+02 5.124668864004402167e+02 6.271039354147696940e+02 6.640088340776575251e+02 6.912160916565803745e+02 6.849807738092528098e+02 5.653253508677112222e+02 6.798552947758544178e+02 8.987954493256906972e+02 5.191176555798932668e+02 5.864537599155959242e+02 7.375730254672594128e+02 5.607122872940833531e+02 6.719371740557611474e+02 7.458758135821964288e+02 7.378265553953680183e+02 5.072539056752656279e+02 5.223928047566015493e+02 6.671349138697501076e+02 4.716990759488764411e+02 5.204588396460152353e+02 7.757793736435708070e+02 4.533355314570398491e+02 6.983361276980421053e+02 5.094820758982449433e+02 5.678466347123978721e+02 5.942739717139367031e+02 1.018021196692062858e+03 7.527038944139413843e+02 9.186933668055977478e+02 5.989347677099451630e+02 5.025954972252218340e+02 6.938029339981935664e+02 8.025059812316782200e+02 9.530048280938677863e+02 7.307700859293465783e+02 8.077838516563190296e+02 4.658486329143496505e+02 6.715378595286820200e+02 5.790595789911747033e+02 8.434089986095348195e+02 6.856938947145923748e+02 9.629681828401155599e+02 5.736836007430247264e+02 6.065844679598745870e+02 9.871740112270565533e+02 5.365616185653337880e+02 9.660534617650459950e+02 8.343436602157662492e+02 7.824375113508100412e+02 8.179436152119822054e+02 5.083254182070244838e+02 6.054436624516275742e+02 1.053636043833233089e+03 7.966037010848541513e+02 8.740309347071619186e+02 6.598491460852432056e+02 7.976085272109020252e+02 8.728110505661982188e+02 5.733468142702259911e+02 5.367345476788228780e+02 9.600762139186831519e+02 5.493416142374760511e+02 5.347454774343663075e+02
3.617647058823529278e+02 4.919239653099436964e+02 5.450794128396047427e+02 4.721961220760407514e+02 4.705116510216474239e+02 4.757325150237111302e+02 5.246888379858163489e+02 3.409771935467201729e+02 5.448646208570462477e+02 4.467715401887623443e+02 5.567245458609849038e+02 5.871419591400465379e+02 4.603057127600274612e+02 7.429188280899558094e+02 5.621355563440699825e+02 7.233419471599798953e+02 7.529001786695030205e+02 8.891300116647425966e+02 5.856863541335262653e+02 8.793647906430795729e+02 4.607918845114085684e+02 5.096508872075419845e+02 8.139448911351146307e+02 7.053116069171510389e+02 4.413086515913005883e+02 5.634521602071265534e+02 4.651008845196997754e+02 5.678162202208118288e+02 5.749793542744537262e+02 7.425952929424715876e+02 8.899543830717083210e+02 3.316879418260539296e+02 3.897644002123387281e+02 5.255140049313487225e+02 6.807506759008523431e+02 6.116338273973482274e+02 6.295457702947859389e+02 8.107385949692567237e+02 6.684071445045236715e+02 4.704328573609180921e+02 4.442883892124066278e+02 5.255408504029446703e+02 7.784423262833829540e+02 8.473055395736674882e+02 5.546229303471573076e+02 5.134669613840610509e+02 7.268610297104219171e+02 5.684613842650421702e+02 4.552880881105776893e+02 5.571344251389344890e+02 5.908092906825130513e+02 6.083618092877212575e+02 5.987969397745921469e+02 4.951134075950607780e+02 5.940828232215218350e+02 8.076661401035397603e+02 4.603279236856537864e+02 5.157928531279878825e+02 6.623877960679188845e+02 4.970956517070389395e+02 5.949257584310786342e+02 6.657803448499790875e+02 6.427950655711440504e+02 4.441187089333165545e+02 4.613077227801933304e+02 5.869417162765336116e+02 4.161265285160586131e+02 4.594407356169887748e+02 6.939253856124034883e+02 4.004855357464964527e+02 6.173135428707407755e+02 4.495796648016001313e+02 5.007229357102959852e+02 5.235220476900813082e+02 9.109270478208096620e+02 6.692748068189441710e+02 8.191306204525433259e+02 5.307544081872224524e+02 4.399135857074797968e+02 6.132206478286514084e+02 7.080964744365757042e+02 8.458269007518871376e+02 6.365163566792959955e+02 7.201254993517303546e+02 4.085685763945745066e+02 5.914964885909618033e+02 5.111858616855769242e+02 7.424585785513316978e+02 6.056218680551534135e+02 8.565303888626251592e+02 5.066094121793642557e+02 5.268766661086748400e+02 8.764916029241343267e+02 4.740461301582829492e+02 8.586738609929238919e+02 7.455005659178175392e+02 6.968996103980192629e+02 7.203610867641251616e+02 4.429134481409349746e+02 5.319998424236943038e+02 9.346097519315151203e+02 7.114072121103830568e+02 7.731010711436113070e+02 5.836752831995415818e+02 7.098196458319039266e+02 7.899867897095546141e+02 5.064117742969533538e+02 4.716763092530995891e+02 8.479803851233833711e+02 4.847481122014368111e+02 4.691203025011579939e+02
3.626470588235293917e+02 4.346276910409462175e+02 4.817080712153655782e+02 4.134583065680664049e+02 4.190491390132100946e+02 4.238034603932504183e+02 4.651711355095440013e+02 2.978866551506091582e+02 4.762489901441563234e+02 3.924951191856211494e+02 4.897383527793662097e+02 5.155451841820138270e+02 4.049264005775881969e+02 6.538384244091146229e+02 4.998441745111167620e+02 6.500747971202887356e+02 6.637955399248997992e+02 7.973508079088792329e+02 5.207837323105716223e+02 7.882421784662051323e+02 4.042544351464345596e+02 4.504393396006800572e+02 7.169802806061073852e+02 6.302184066519845373e+02 3.862030335697706391e+02 4.948523320251136397e+02 4.070294425551543895e+02 4.972509708472873058e+02 5.076851956497340552e+02 6.544343705834672846e+02 7.986627876643290165e+02 2.899090837705382455e+02 3.412967770936358534e+02 4.641890024016230427e+02 5.987278834112464665e+02 5.395538766786818314e+02 5.589398215169278501e+02 7.160798719064681563e+02 5.946176283596043959e+02 4.150743458491839419e+02 3.900109434601441762e+02 4.630231080973620124e+02 6.883341811549084923e+02 7.480409103233158703e+02 4.885033317361937861e+02 4.520945444292813136e+02 6.373858358838865570e+02 5.004538027235872732e+02 4.034070324158068388e+02 4.936152296754933673e+02 5.238863869659064676e+02 5.334805259794261474e+02 5.215897868525941021e+02 4.327028694216782583e+02 5.172971820527665159e+02 7.239686778512551655e+02 4.073957525596852065e+02 4.523985991788846377e+02 5.927910977281781015e+02 4.393274334334608966e+02 5.249480913654630285e+02 5.919815038909895293e+02 5.585359627483405802e+02 3.877178479273249536e+02 4.057040475992616848e+02 5.144886640050871165e+02 3.655880655718374896e+02 4.039206055129452579e+02 6.184249380472572284e+02 3.526575488754560865e+02 5.437816299249270742e+02 3.950921901862154186e+02 4.407302071160989385e+02 4.601989597223830515e+02 8.120093042561903758e+02 5.929729904922609194e+02 7.278731067234100465e+02 4.689577305184496936e+02 3.843309907184329859e+02 5.401143475082587884e+02 6.226891682937202859e+02 7.480473492790246155e+02 5.530107330058079924e+02 6.397147957562663123e+02 3.574697794992766262e+02 5.199147121145737174e+02 4.504523239733256332e+02 6.514187957316557913e+02 5.330343459582023797e+02 7.589785979236216917e+02 4.465257056292566062e+02 4.566871501516286003e+02 7.752746136228574869e+02 4.180703398402203561e+02 7.603719099054194430e+02 6.637843300683151710e+02 6.184388366728092024e+02 6.324484504372975380e+02 3.851761685456376654e+02 4.665757290508044548e+02 8.260080059042370522e+02 6.341995110639323912e+02 6.811842979336041708e+02 5.145921913447784846e+02 6.298142895995539448e+02 7.126601639134559036e+02 4.467420293768383317e+02 4.137202494640497434e+02 7.464187380814457811e+02 4.271873916608722084e+02 4.104027149896364222e+02
3.635294117647058556e+02 3.844664302773322788e+02 4.266243320899007472e+02 3.616384479946455031e+02 3.732572588451700994e+02 3.781047901418335755e+02 4.134279805390628439e+02 2.603296553747059647e+02 4.148975592625532158e+02 3.442105686623503971e+02 4.297202453360044956e+02 4.509437557035282680e+02 3.551987823055448530e+02 5.734993394339494444e+02 4.432085038915791415e+02 5.819338581934264312e+02 5.831223677346680461e+02 7.122628528364627982e+02 4.617980482501391180e+02 7.038111538353356309e+02 3.538553511516263370e+02 3.974774826857666881e+02 6.293083303025921396e+02 5.609910401795683583e+02 3.367265345886360706e+02 4.344399463477162158e+02 3.555029873415905399e+02 4.346413149677425167e+02 4.468711534238636318e+02 5.746966364119936088e+02 7.139463781715098776e+02 2.535493382942738094e+02 2.987481818691616127e+02 4.089516831114904676e+02 5.246112514098801967e+02 4.745176439268237800e+02 4.956002709476882728e+02 6.306415534165555528e+02 5.270708425706681055e+02 3.668168390902833380e+02 3.416842616119686227e+02 4.063694568683494595e+02 6.066742956783625687e+02 6.583036553044087213e+02 4.293341481308543734e+02 3.972567329741689832e+02 5.570320290430638579e+02 4.415820978188547201e+02 3.567526824424379583e+02 4.364897030543060623e+02 4.632142500199011010e+02 4.662927642065390046e+02 4.529452270119352306e+02 3.777154983230117864e+02 4.490792738038526295e+02 6.478497630800277420e+02 3.602184081156697744e+02 3.959877044370353474e+02 5.287749852253131166e+02 3.873096892808071061e+02 4.618075586422147012e+02 5.244933631652418171e+02 4.844677271551723834e+02 3.377477821055292111e+02 3.554296949204555176e+02 4.494818748654583942e+02 3.199199711482259545e+02 3.537415586283426023e+02 5.493230620801585928e+02 3.096970972407860359e+02 4.775236492053219877e+02 3.458633412834170713e+02 3.876729868440861537e+02 4.040758807383937210e+02 7.212744014742212357e+02 5.237580747473471092e+02 6.449213774565014319e+02 4.134365899833117055e+02 3.355122293250454391e+02 4.742655652922816785e+02 5.460478647339840563e+02 6.595620244088845538e+02 4.796697990100072388e+02 5.665366312509952422e+02 3.122843514665361226e+02 4.563964482670023131e+02 3.965578576665124615e+02 5.699734064722626954e+02 4.677041646007737654e+02 6.702684408269118421e+02 3.931398355234753126e+02 3.954624477839039969e+02 6.834217603662748388e+02 3.684249756106242444e+02 6.710843188429738575e+02 5.892026983806697444e+02 5.469566502171994671e+02 5.539092291900244618e+02 3.347024760122159250e+02 4.087885281704481031e+02 7.276929294057937341e+02 5.647281499413124948e+02 5.980781419046264773e+02 4.524027478165152729e+02 5.574813989486671062e+02 6.409672512891569340e+02 3.940661867697914431e+02 3.626114295972310515e+02 6.551337333526577140e+02 3.764149806698151792e+02 3.582998920779789955e+02
3.644117647058823195e+02 3.412477770328993643e+02 3.796048829185911586e+02 3.164416070594256212e+02 3.330734724351419231e+02 3.385465583226158515e+02 3.692802444148414907e+02 2.280629240069707748e+02 3.604601641940903392e+02 3.017002320800696680e+02 3.764337208109145081e+02 3.930505990809882064e+02 3.108960553403910012e+02 5.015979697681060543e+02 3.921918162718692997e+02 5.189722922006749286e+02 5.105945444479018533e+02 6.338884365896046802e+02 4.086932155800114970e+02 6.260871991218003814e+02 3.093504163475857354e+02 3.505669126393653983e+02 5.506201929271356903e+02 4.976024993953084845e+02 2.926083331459621490e+02 3.818193102318474530e+02 3.102285717445676596e+02 3.796242058643305199e+02 3.923137538724895990e+02 5.031082973895444752e+02 6.358388276132324108e+02 2.223753425594486259e+02 2.618826597155224931e+02 3.596647301966839336e+02 4.581117682409173426e+02 4.162760419422305063e+02 4.394309218827848440e+02 5.542142229687542567e+02 4.656555610203786841e+02 3.254488298768556547e+02 2.990946964025600323e+02 3.553694779490242581e+02 5.332427706658133957e+02 5.778624280240792359e+02 3.769236692712000831e+02 3.487408368652614286e+02 4.853934965122250560e+02 3.914513784772149734e+02 3.152230255040556699e+02 3.856551138822281928e+02 4.087083994796848856e+02 4.064678057065780763e+02 3.924090744194459717e+02 3.297657617068373384e+02 3.889713208623088008e+02 5.793877605166452440e+02 3.186695140675914786e+02 3.462513048032180905e+02 4.702735088437599416e+02 3.409048761905331730e+02 4.052590396917738076e+02 4.632563897835618718e+02 4.199947308119277523e+02 2.938859373684313709e+02 3.102846288413416573e+02 3.915786836309118826e+02 2.789182934511092071e+02 3.086991590226281801e+02 4.865906153683500293e+02 2.714232968342995491e+02 4.182699782679806617e+02 3.016900628827281707e+02 3.413333777557066355e+02 3.548982570691767933e+02 6.386340197220737309e+02 4.615195543093345805e+02 5.701912887053287022e+02 3.640416185946575069e+02 2.931188514530958855e+02 4.154039081887358407e+02 4.778745996607996176e+02 5.801786897907627463e+02 4.158981723752352764e+02 5.005017269079149287e+02 2.727329415747454959e+02 4.005356219118667696e+02 3.491947807270228168e+02 4.977459521889014695e+02 4.093532254750566608e+02 5.902596251446857423e+02 3.461507496399940464e+02 3.426530088683932149e+02 6.007361940214334481e+02 3.248868578039645172e+02 5.906529834557318281e+02 5.216885097809315539e+02 4.822882623229660339e+02 4.843916344145887933e+02 2.910831158504806808e+02 3.582511550329171541e+02 6.394279718605419021e+02 5.027259093990393808e+02 5.234996382093173679e+02 3.968633351231700317e+02 4.926508911669640156e+02 5.749791943396306806e+02 3.481103216216628198e+02 3.180792374373598363e+02 5.737912663241730797e+02 3.321789148539638745e+02 3.124983330018318384e+02
3.652941176470588402e+02 3.047914339884665651e+02 3.404438232564899636e+02 2.775730437323958881e+02 2.984306394434638605e+02 3.050463150334676925e+02 3.325690682386712069e+02 2.008548827836246744e+02 3.125617009579456749e+02 2.647357384828400768e+02 3.296162655961540509e+02 3.415366190898460559e+02 2.717714512300366323e+02 4.377795821578001210e+02 3.467156639921397527e+02 4.611775419245551575e+02 4.458697034911750166e+02 5.621666554180591220e+02 3.613897536945262345e+02 5.550034971794699459e+02 2.704814263951205362e+02 3.094992710454014855e+02 4.805452938982824094e+02 4.399648617795022574e+02 2.535525502533312476e+02 3.366123083577055581e+02 2.709052709733404072e+02 3.318287546694143657e+02 3.437564945860308399e+02 4.393403003657981571e+02 5.642906878589866437e+02 1.961666334324153240e+02 2.304676875778888814e+02 3.161620150993073821e+02 3.988886450628133957e+02 3.645459452201400268e+02 3.903074416353734364e+02 4.865309157487207017e+02 4.102072054860578874e+02 2.907765264891021957e+02 2.620147780352926361e+02 3.097728691097349270e+02 4.677625540711937333e+02 5.064218420868497788e+02 3.310552763050425256e+02 3.063167128722031407e+02 4.220224946866517826e+02 3.497059642740933327e+02 2.786977700338969726e+02 3.409785212612163150e+02 3.602413995070551778e+02 3.536429253225585398e+02 3.395078746227281954e+02 2.884775252351082599e+02 3.364976985423014639e+02 5.186103948828217653e+02 2.826130148929867687e+02 3.028715535453586085e+02 4.171747144657800277e+02 2.999496976853339447e+02 3.550253805205135222e+02 4.081530039602657780e+02 3.645303609925327919e+02 2.558062143051191697e+02 2.700341431151805409e+02 3.404059864979111580e+02 2.423499236221820752e+02 2.685547227771454004e+02 4.301403409569186351e+02 2.376402176636201489e+02 3.657160549110340071e+02 2.623356961512419616e+02 3.014878315664074648e+02 3.124033811197376735e+02 5.639237659073980922e+02 4.060948437823131485e+02 5.035350159422831666e+02 3.205974812659593454e+02 2.568249811597980852e+02 3.632249599407515461e+02 4.178318132492129280e+02 5.096408829827757927e+02 3.611114704687607855e+02 4.414648414465493147e+02 2.385389244337818013e+02 3.519334323911663205e+02 3.080636266880573544e+02 4.343237643052682984e+02 3.576704188618617763e+02 5.187386578848180534e+02 3.052636594116222000e+02 2.977328902758546860e+02 5.269491185354108893e+02 2.872335270725343435e+02 5.188481291571569045e+02 4.611174168232211628e+02 4.242188712604313423e+02 4.235119576659191694e+02 2.539269573160407276e+02 3.145885643152667512e+02 5.609038623902691825e+02 4.479262307978309536e+02 4.571076836928123726e+02 3.477006160768763721e+02 4.351128206020659945e+02 5.147138573319632542e+02 3.086132374848543236e+02 2.798538347386168539e+02 5.020068380429002559e+02 2.942349486632686535e+02 2.726798172504934996e+02
3.661764705882353041e+02 2.749442543596701398e+02 3.089691192366638575e+02 2.447531364344655174e+02 2.692692399432825141e+02 2.775415363443169667e+02 3.031709606362942395e+02 1.784971598286734036e+02 2.708184800105103704e+02 2.330914692625752878e+02 2.889957732055805764e+02 2.960468321824166082e+02 2.375711029610046410e+02 3.816588915046181114e+02 3.066741126154171297e+02 4.084816531758908127e+02 3.885690969640917274e+02 4.969683423347220241e+02 3.197796718452165123e+02 4.904258852243233946e+02 2.369900379375624766e+02 2.740697619637477942e+02 4.186733814515416157e+02 3.879420564231024287e+02 2.192508301058735753e+02 2.984736777006098691e+02 2.372384774614068021e+02 2.908933828875656218e+02 3.009245531477680515e+02 3.830281695964981736e+02 4.991839397725700564e+02 1.747268526657663301e+02 2.042869346175062333e+02 2.782633789825778763e+02 3.465680689819005806e+02 3.190261328622686392e+02 3.480942846013061853e+02 4.272896481023709612e+02 3.605219438478956704e+02 2.626384811598975944e+02 2.302168952924970711e+02 2.693027423796067978e+02 4.099194286874505906e+02 4.436458348860217029e+02 2.915043489938947232e+02 2.697519784573605648e+02 3.664504869978519537e+02 3.160444502535148104e+02 2.470505606734109563e+02 3.023119917987569352e+02 3.176581758692742028e+02 3.074411733471421257e+02 2.937676950984619566e+02 2.534988471317288656e+02 2.911837062074105233e+02 4.655123321588195608e+02 2.519162841749266590e+02 2.655366964160097041e+02 3.693325773851678946e+02 2.642684270828423223e+02 3.108128437250218212e+02 3.590231074836671610e+02 3.175172572175185337e+02 2.231929820637451769e+02 2.344214324679221306e+02 2.955770794949484639e+02 2.099631361589334233e+02 2.330478808337534531e+02 3.798428632367345585e+02 2.081476447529691995e+02 3.195391167325950619e+02 2.275423775718151376e+02 2.679225394242857874e+02 2.763364568782668584e+02 4.969218135552243325e+02 3.572868308142665228e+02 4.447615660615865636e+02 2.829174212472302656e+02 2.263311606681722878e+02 3.174069657375289921e+02 3.655630433273638573e+02 4.476507509310210366e+02 3.147563601448208601e+02 3.892425504902928992e+02 2.094412575455015428e+02 3.102136528227777603e+02 2.728864454728077362e+02 3.792800889366008619e+02 3.123282777820215301e+02 4.554409405419774544e+02 2.702032391144888948e+02 2.602167527175362807e+02 4.617426155896052364e+02 2.552565808968205090e+02 4.553907369677415886e+02 4.073252724686374222e+02 3.724993830973913873e+02 3.708761107674724826e+02 2.228752581344479609e+02 2.774522110487320106e+02 4.917634406184843101e+02 4.000772619438744755e+02 3.985241106627852332e+02 3.046272615587147357e+02 3.846355072758516371e+02 4.601478142860964340e+02 2.753401602406094071e+02 2.476810201814589902e+02 4.393700259073121401e+02 2.623602347475870715e+02 2.385359030940422258e+02
3.670588235294117680e+02 2.515935318099293738e+02 2.850568049323605351e+02 2.177305834817386199e+02 2.455486462430326924e+02 2.560006978723420161e+02 2.810108889416751481e+02 1.608146044235365082e+02 2.348529491567981040e+02 2.065567437643020128e+02 2.543055732313856367e+02 2.562151446738695881e+02 2.080458106065223376e+02 3.328390167654525840e+02 2.719474822090722910e+02 3.607721078103527930e+02 3.382959525913980201e+02 4.381109785587895544e+02 2.837408212127217553e+02 4.321677825772008532e+02 2.086303080237750294e+02 2.440895101462966466e+02 3.645749014234904166e+02 3.413626635405939282e+02 1.893937358150928674e+02 2.671042012491863034e+02 2.089526430303678524e+02 2.564810156089028510e+02 2.635383968970347155e+02 3.337904284808349189e+02 4.403465803601743573e+02 1.578934891209328271e+02 1.831515225976116028e+02 2.457886603290603489e+02 3.007605044094443656e+02 2.794119880647239142e+02 3.126604034507720939e+02 3.761744280599401122e+02 3.163702665230980529e+02 2.409183936459090205e+02 2.034857519776505228e+02 2.336680075779965762e+02 3.593806093388257636e+02 3.891794696926455686e+02 2.580539192637658061e+02 2.388259291441532639e+02 3.182069258112126136e+02 2.902321719068673929e+02 2.201604979232602375e+02 2.695068425092376287e+02 2.807906522075291491e+02 2.674875103053884686e+02 2.547307579904140198e+02 2.245148625255846184e+02 2.525721467604766701e+02 4.200721305689751262e+02 2.264621868897877448e+02 2.339545394422914057e+02 3.265786126289991671e+02 2.336854396460687724e+02 2.723253322079115151e+02 3.156791822529411320e+02 2.784446486034358372e+02 1.957535099478267000e+02 2.031792419238411753e+02 2.567068258710468172e+02 1.814973962239158709e+02 2.019082114625845747e+02 3.355422128782068967e+02 1.827510854641977573e+02 2.794135174853735180e+02 1.970425272085829533e+02 2.404472326557550161e+02 2.464649827652627039e+02 4.373670192465865512e+02 3.148805375600020966e+02 3.936562921846282279e+02 2.508168415200001959e+02 2.013764697602584306e+02 2.776260862353235552e+02 3.207118445026436007e+02 3.938904149535798069e+02 2.763277188031736955e+02 3.436301946454181575e+02 1.852059790677681974e+02 2.750359938171749263e+02 2.434185563866434165e+02 3.321940446971718188e+02 2.729981849983528264e+02 4.000717351548165084e+02 2.407253271805850829e+02 2.296742458822375852e+02 4.047711402583285007e+02 2.287736273531983784e+02 3.999737443675474537e+02 3.601247914633686946e+02 3.268613076917312128e+02 3.260990609426256697e+02 1.976139412915300397e+02 2.465326482405523052e+02 4.316248364691410302e+02 3.589544591807108986e+02 3.473531475854686050e+02 2.673563735332263036e+02 3.409823628187044164e+02 4.112283561940215009e+02 2.480948109473422676e+02 2.213353890548745824e+02 3.854668908706104276e+02 2.363653842619299610e+02 2.097808649050694783e+02
3.679411764705882888e+02 2.346784252062280984e+02 2.686428197063675043e+02 1.962938425979089345e+02 2.272572341927313744e+02 2.404328619658838591e+02 2.660732314948045882e+02 1.476737910211569158e+02 2.043067121593926458e+02 1.849466374493135561e+02 2.252979051912013233e+02 2.216776312905690816e+02 1.829616274910732727e+02 2.909285549817144556e+02 2.424152991055889288e+02 3.179027844097808497e+02 2.946521013463101326e+02 3.853732207540531931e+02 2.531504077993703845e+02 3.800047096786892666e+02 1.851798326318844090e+02 2.193966355210062318e+02 3.178194328990271060e+02 3.000323971041898972e+02 1.636809040846103471e+02 2.422618976126640575e+02 1.858024146051090213e+02 2.282922715501774462e+02 2.313261552929860159e+02 2.912453547309185069e+02 3.875669010531207164e+02 1.455461220660318702e+02 1.669097233679739816e+02 2.185707087020613528e+02 2.610763233217044217e+02 2.454087859459262688e+02 2.838934607397966943e+02 3.328744113327808236e+02 2.775098114422033859e+02 2.255560344198252096e+02 1.816294559699390447e+02 2.025746877452004355e+02 3.158117010284476578e+02 3.426688436520754522e+02 2.305088580348667620e+02 2.133420063050000692e+02 2.768358306874096684e+02 2.721111006704292095e+02 1.979227674378131212e+02 2.424266490947565842e+02 2.494713916823747866e+02 2.334231915872835827e+02 2.219698454781687076e+02 2.012587943296753679e+02 2.202376794635074759e+02 3.822681319493723890e+02 2.061599156382790170e+02 2.078642705032798403e+02 2.887329364459197336e+02 2.080367535892199840e+02 2.392772419400409945e+02 2.779206387271186713e+02 2.468628826512699277e+02 1.732288278155263583e+02 1.760404731963764675e+02 2.234250735538392689e+02 1.566923053982865213e+02 1.748658098592572685e+02 2.970705597263969935e+02 1.612709252866053191e+02 2.450244897059293407e+02 1.705692731393634176e+02 2.189072554925872680e+02 2.225913246532711298e+02 3.849761088520129420e+02 2.786585663355564293e+02 3.499990189763068429e+02 2.241256991643724632e+02 1.817489425863050769e+02 2.435700877787064087e+02 2.829387190578949571e+02 3.480414983143509744e+02 2.453829659878500991e+02 3.044176673812476679e+02 1.656363300911532690e+02 2.461075557508914926e+02 2.194587883377578521e+02 2.926682612328736468e+02 2.393640017487126954e+02 3.523256138501964188e+02 2.166271556487759540e+02 2.057418866637718793e+02 3.556813386397536192e+02 2.076387763449013164e+02 3.522816454409490348e+02 3.193211803669698270e+02 2.870306030383289908e+02 2.888219683045824695e+02 1.778839495147270497e+02 2.215703026082898077e+02 3.801026231105478814e+02 3.243717305738955474e+02 3.031990286331015909e+02 2.356144956691060202e+02 3.039271632827855001e+02 3.678852482159318242e+02 2.267298522204354185e+02 2.006317277614557213e+02 3.399000763186409699e+02 2.161048644651467896e+02 1.861630696767938957e+02
3.688235294117646959e+02 2.241994793152296950e+02 2.597324369978695700e+02 1.802808064712966711e+02 2.144212119787787287e+02 2.308956565517062245e+02 2.584105473478575732e+02 1.389900147901450964e+02 1.788518485565298590e+02 1.681113721228063582e+02 2.017557902245560513e+02 1.920842929198049944e+02 1.621092426920592686e+02 2.555567017875931128e+02 2.179682611302719977e+02 2.797047836282734465e+02 2.572527995837784829e+02 3.385088231261997862e+02 2.278974490042359946e+02 3.336881786260349259e+02 1.664494603469478591e+02 1.998660240344156875e+02 2.779920755098788732e+02 2.637460867985481059e+02 1.418299460510643257e+02 2.237712563253207350e+02 1.675821757011920567e+02 2.060766746294334837e+02 2.040347108114513617e+02 2.550259473073166987e+02 3.406072105943124484e+02 1.376132055672247532e+02 1.554550768797905391e+02 1.964672606481198898e+02 2.271397063203128255e+02 2.167435303638037283e+02 2.617123626024248324e+02 2.971009883059471690e+02 2.436972671928218688e+02 2.165562281062691170e+02 1.644891937243373548e+02 1.757361041083450175e+02 2.788918581979874602e+02 3.037788888930930966e+02 2.087084947636905099e+02 1.931387690651739888e+02 2.419101943743413869e+02 2.616072585203061749e+02 1.802582801910922683e+02 2.209588384681737807e+02 2.235460548296924230e+02 2.049184044277008638e+02 1.951005654479006921e+02 1.835211567800314469e+02 1.937989919922084994e+02 3.520929486521721401e+02 1.909545293099596392e+02 1.870466352526156300e+02 2.556146707815491368e+02 1.871804521532257866e+02 2.114049142962632004e+02 2.455472033694116760e+02 2.223952962742288264e+02 1.554030723696671998e+02 1.527477118317364386e+02 1.953883395755730703e+02 1.352956402993767142e+02 1.516607745554049984e+02 2.642619552447594629e+02 1.435507026561853365e+02 2.160803126259176281e+02 1.478658085525999581e+02 2.031938467089221092e+02 2.045634563013724119e+02 3.394596856647514755e+02 2.484151418636540711e+02 3.135805263438087422e+02 2.026995675799590515e+02 1.672943589158302018e+02 2.149504479129133756e+02 2.519359692588464554e+02 3.098026016543842616e+02 2.215537532008657422e+02 2.714038554692299954e+02 1.505815447815604955e+02 2.231924761899087173e+02 2.008582525132321734e+02 2.603441393355084301e+02 2.111340790770503020e+02 3.119041352507526312e+02 1.977561351704507331e+02 1.881326083125649973e+02 3.141299121401323191e+02 1.917516619892822973e+02 3.120082479831319802e+02 2.847265336374990170e+02 2.527403308253116450e+02 2.587269915297790135e+02 1.634897908081291575e+02 2.023645087133851632e+02 3.368266990626310076e+02 2.961911520907385693e+02 2.656816541479357170e+02 2.091531287922254592e+02 2.732676646641213551e+02 3.300420490937342493e+02 2.111557043646108127e+02 1.854346375247517642e+02 3.023064779545508713e+02 2.014857341988543169e+02 1.674748097354500658e+02
3.697058823529411598e+02 2.202261511804175029e+02 2.584072207784298598e+02 1.695867254343667128e+02 2.071120220805892131e+02 2.275015480563830010e+02 2.581500757221564299e+02 1.347328000984649350e+02 1.582005851944815333e+02 1.559442573455546892e+02 1.835032414256438926e+02 1.671092936423025606e+02 1.453121679446203132e+02 2.263863317042254835e+02 1.985190254188915446e+02 2.459968890989942452e+02 2.257397070604051805e+02 2.972597308294913887e+02 2.078939791067548981e+02 2.929587465765387719e+02 1.522915598712010876e+02 1.854177405398123710e+02 2.447077047862310053e+02 2.322989391481685857e+02 1.235841540517085093e+02 2.115306028300679486e+02 1.541339932219865148e+02 1.896419419361378687e+02 1.814394622535214410e+02 2.247930201916023236e+02 2.992167930323225278e+02 1.340773680393356813e+02 1.487329151523415760e+02 1.793715471537913402e+02 1.986007742437462298e+02 1.931753061568211365e+02 2.460779405128852488e+02 2.686026530892896176e+02 2.146992508797398500e+02 2.139958662259452353e+02 1.519474409024981014e+02 1.528819122302612641e+02 2.483270642792046203e+02 2.722089381860124604e+02 1.925375559653316486e+02 1.780993263225465739e+02 2.130442391873856991e+02 2.587356917572292332e+02 1.671221904754645777e+02 2.050247134179236923e+02 2.028845000959094591e+02 1.816831690571421802e+02 1.737915221968585797e+02 1.711572473580210101e+02 1.729288927366768860e+02 3.295662269422889494e+02 1.808350734307317396e+02 1.713325185294679329e+02 2.270515785918355505e+02 1.710058685545965886e+02 1.884766582293226520e+02 2.183711643316802338e+02 2.047475614922239231e+02 1.421113654346264639e+02 1.330616540883070229e+02 1.722897919800637965e+02 1.170704571090211914e+02 1.320515747741582118e+02 2.369648779316806326e+02 1.294644733128951657e+02 1.923228765730399630e+02 1.286936413920045368e+02 1.932525745194447779e+02 1.922838124138181399e+02 3.005368327850591186e+02 2.239685546552549624e+02 2.842171550648258176e+02 1.864292732733688354e+02 1.579234670974580013e+02 1.915128474618960013e+02 2.274404224231430760e+02 2.789045771608895734e+02 2.045551241270490834e+02 2.444095378479136684e+02 1.399443458754473397e+02 2.061198506728432278e+02 1.875276796438739666e+02 2.349147260852981844e+02 1.880516656793024879e+02 2.785315560869130991e+02 1.840172684130786251e+02 1.766431190322863642e+02 2.797993968994886700e+02 1.810649714632565690e+02 2.788723945872275181e+02 2.561728323258399769e+02 2.237420207229186531e+02 2.355497086886499289e+02 1.543063520880422743e+02 1.887808779910465660e+02 3.014587494316434686e+02 2.743312731016614521e+02 2.344502312608238412e+02 1.877587431200685728e+02 2.488374579297398270e+02 2.976267780081342380e+02 2.013477623347138206e+02 1.756663907889655434e+02 2.723724349075887403e+02 1.924747044635171846e+02 1.535606401687221023e+02
3.705882352941176805e+02 2.229023067194325165e+02 2.648294544078301556e+02 1.641703609344064603e+02 2.054521616329842004e+02 2.304222909929932541e+02 2.654978911652803504e+02 1.349299184071350908e+02 1.421132987473954756e+02 1.483881171461836175e+02 1.704137492603404382e+02 1.464596367997356197e+02 1.324336943995633931e+02 2.031249569737855722e+02 1.840116203578145075e+02 2.165953599302422958e+02 1.997919230064911176e+02 2.613680475398426779e+02 1.930847861616036880e+02 2.575579370963974952e+02 1.426067954670229199e+02 1.760240034407527787e+02 2.176229907595750888e+02 2.054968545183415358e+02 1.087190020358320339e+02 2.055175854868099066e+02 1.453539629386624483e+02 1.788613236731463019e+02 1.633527057114534671e+02 2.002463168204609758e+02 2.631437834844422810e+02 1.349792465114837512e+02 1.467452735033871534e+02 1.672214845318821688e+02 1.751458756383275670e+02 1.745040677388576569e+02 2.370016040831631869e+02 2.471774520550844159e+02 1.903019780576555888e+02 2.180288984083057358e+02 1.439346636143194189e+02 1.337658960702610784e+02 2.238613583189931262e+02 2.477058366975070669e+02 1.819353301552252731e+02 1.681591423105373622e+02 1.899035140943593944e+02 2.636030398948372522e+02 1.585111848852537548e+02 1.945877634552894619e+02 1.873903409544289502e+02 1.634764810421595769e+02 1.577724571986532567e+02 1.640929239334237195e+02 1.573623446562163792e+02 3.147453697855976316e+02 1.758411878701784303e+02 1.606098895353877367e+02 2.028887543875719075e+02 1.594414129212838418e+02 1.703012757214327451e+02 1.962282469862629739e+02 1.937146323373902419e+02 1.332462432663544405e+02 1.167683898195381715e+02 1.538675470709833064e+02 1.018012425336505657e+02 1.158222811462515125e+02 2.150533500585071067e+02 1.189231989358619330e+02 1.735365858083462740e+02 1.128397302604039538e+02 1.890898404168982267e+02 1.857162192509775309e+02 2.679480370749286067e+02 2.051718377695241884e+02 2.617632953023926916e+02 1.752489548509458643e+02 1.536176324592519222e+02 1.730459947903258069e+02 2.092439114692296869e+02 2.551233698246155939e+02 1.941922696075666863e+02 2.232885388424571147e+02 1.336871372105568128e+02 1.947899460740650284e+02 1.794433180917123138e+02 2.161351386745428726e+02 1.699036371727491996e+02 2.519683399163219519e+02 1.753791399961150148e+02 1.711591616129296369e+02 2.524115904587888224e+02 1.755904208483967182e+02 2.526314190869009337e+02 2.335232851171081450e+02 1.998156070868067218e+02 2.190890995515728719e+02 1.502840478878967190e+02 1.807570102572045982e+02 2.737060436263366228e+02 2.587739151477899782e+02 2.091947873520818746e+02 1.712611905088480171e+02 2.305159060242023656e+02 2.705816734641539369e+02 1.973519542956183841e+02 1.713129729184790619e+02 2.498462909893025596e+02 1.891034726293815140e+02 1.443242292428794542e+02
3.714705882352941444e+02 2.324496831622913930e+02 2.792441183440163854e+02 1.640584764202042720e+02 2.096194213125492070e+02 2.398915564861875112e+02 2.807407489201287945e+02 1.396699816930903921e+02 1.304050798512879226e+02 1.454402937575237047e+02 1.624171666605687676e+02 1.298824846985924353e+02 1.233827489217366633e+02 1.855337525569646004e+02 1.744295056783707594e+02 1.913230932108296543e+02 1.791353071328471742e+02 2.305870049525205445e+02 1.834557141415064336e+02 2.272391300301698323e+02 1.373495334016593006e+02 1.717147988644263421e+02 1.964463923809222479e+02 1.831658367142831025e+02 9.704761547010008371e+01 2.057929418659284693e+02 1.411970877821052568e+02 1.736791766544928919e+02 1.496307631299228262e+02 1.811338199769891446e+02 2.321460843027984424e+02 1.404199135530018623e+02 1.495542625861018564e+02 1.600075007679366195e+02 1.565062497935023202e+02 1.605780147085206124e+02 2.345519842770410435e+02 2.326831486043876396e+02 1.703198466130021416e+02 2.288893166187601764e+02 1.404345810072722429e+02 1.181727126463135704e+02 2.052861932642813656e+02 2.300747858409433491e+02 1.769031193604134558e+02 1.633123206344672553e+02 1.722131114305180120e+02 2.764078185612763150e+02 1.544695436587432482e+02 1.896602738238185282e+02 1.770089859533036645e+02 1.501139035177630774e+02 1.468405958586469069e+02 1.623288530233108133e+02 1.469027053592281504e+02 3.077341438890421159e+02 1.760682291632713827e+02 1.548292725765285809e+02 1.829964598699278611e+02 1.524610841902016602e+02 1.567352461939904913e+02 1.789871954403317602e+02 1.891855306917234145e+02 1.287627908123095324e+02 1.036857074703869159e+02 1.399114757921117587e+02 8.929922284589326864e+01 1.027888091514491862e+02 1.984366839062025178e+02 1.118802514718227599e+02 1.595557655577199228e+02 1.001226276169673923e+02 1.907775494238989893e+02 1.848909972608312842e+02 2.414665462414395449e+02 1.919217280848458529e+02 2.461218013454918037e+02 1.691426081176055050e+02 1.544330632197831221e+02 1.593889671316620138e+02 1.972017010968016280e+02 2.382905920624725127e+02 1.903651317822441342e+02 2.079372059754200563e+02 1.318370175873916139e+02 1.891788847557090776e+02 1.766514909921842786e+02 2.038307479183910118e+02 1.565277393447689178e+02 2.320225715875474464e+02 1.718786341680248881e+02 1.716589182156582467e+02 2.317388117397639462e+02 1.754032620177543151e+02 2.330924713101204304e+02 2.166821249955740711e+02 1.807780472287685996e+02 2.092152802270495044e+02 1.514524432741348505e+02 1.783066979340985370e+02 2.533327654471927417e+02 2.495696105805153309e+02 1.896557695165869291e+02 1.595406818803857334e+02 2.182362993367799220e+02 2.488720555143663660e+02 1.992887350917140736e+02 1.724284446800768933e+02 2.345485579138312175e+02 1.914724294059259648e+02 1.397338467646667368e+02
3.723529411764706083e+02 2.491692680249872467e+02 3.019783446557578372e+02 1.693486540611962425e+02 2.198494069228942465e+02 2.562056251147985222e+02 3.042455443126912087e+02 1.491036144540111934e+02 1.229508832674193144e+02 1.471561919204620210e+02 1.595049508581399493e+02 1.171711670944384167e+02 1.181186436430951119e+02 1.734346572177905728e+02 1.698021345427958693e+02 1.700179713564597250e+02 1.635500879166754942e+02 2.046907287780235833e+02 1.790403655164258510e+02 2.017772667309782264e+02 1.365318495914312962e+02 1.725820627543011483e+02 1.809461252059706453e+02 1.651603735278062857e+02 8.842527152861394768e+01 2.125025094527188969e+02 1.416806871527320482e+02 1.741147790033561762e+02 1.401798509189548554e+02 1.672592500641098070e+02 2.060011254414989423e+02 1.505618801850410762e+02 1.572838925767440514e+02 1.577788992853363368e+02 1.424650703345086242e+02 1.512995508399301059e+02 2.388594617601858090e+02 2.250450147230196478e+02 1.546028464414551706e+02 2.468920874419082168e+02 1.414879711239115068e+02 1.059235637401147869e+02 1.924478476327981298e+02 2.191878251336456742e+02 1.775099207564669541e+02 1.636163180527688326e+02 1.597640402005345095e+02 2.974384072553098690e+02 1.550938977437052699e+02 1.903081519692697725e+02 1.717340757716713142e+02 1.414736375205524439e+02 1.408652745252840361e+02 1.659432142695900723e+02 1.414262390829711649e+02 3.086889734773022269e+02 1.816708003265761135e+02 1.540077292085773593e+02 1.672770168218922038e+02 1.500895888831605873e+02 1.476885484391628722e+02 1.665579262671955689e+02 1.911460770394720612e+02 1.286824853813311051e+02 9.366842404564883395e+01 1.302685830252121946e+02 7.940687696454449451e+01 9.280419049060981251e+01 1.870677022750197409e+02 1.083360018473551065e+02 1.502705841523394952e+02 9.039768954497957054e+01 1.984558725658370122e+02 1.899082006954434974e+02 2.209079943035443705e+02 1.841658215715803806e+02 2.372522219429898200e+02 1.681490290678384554e+02 1.605035810742302544e+02 1.504370543842069878e+02 1.912388326395107470e+02 2.283017180067696472e+02 1.930709345217557313e+02 1.983020928285792763e+02 1.344895873901793379e+02 1.893417922738777008e+02 1.792717991845534016e+02 1.979031438960523133e+02 1.478183391341145807e+02 2.185591795814497686e+02 1.736243291104983086e+02 1.782146027578159533e+02 2.176128814848800914e+02 1.806452560128070957e+02 2.201215809606212588e+02 2.056026895608720224e+02 1.664905665926602296e+02 2.058749786272328208e+02 1.579223739921591800e+02 1.815226231262751639e+02 2.401687706607943369e+02 2.468415776256955496e+02 1.756316984334308984e+02 1.525332980176297610e+02 2.119921298381782435e+02 2.324940944669511396e+02 2.073554521147815706e+02 1.791375541280442008e+02 2.263796303460187005e+02 1.997526796053130340e+02 1.398265070497936620e+02
3.732352941176470722e+02 2.734405688152939433e+02 3.334384017617772997e+02 1.802104749471118623e+02 2.364362922720336542e+02 2.797221385658599502e+02 3.364563775935047261e+02 1.634432093332815157e+02 1.196893736164475968e+02 1.536513890576013353e+02 1.617338134084069168e+02 1.081699683474442537e+02 1.166547638906860556e+02 1.667156186112842704e+02 1.702099934630724363e+02 1.525403568347067846e+02 1.528768462466913718e+02 1.834828273685643865e+02 1.799251943571753429e+02 1.809773574980172270e+02 1.402261854576398719e+02 1.787824282672519871e+02 1.709562132239125560e+02 1.513707519885224144e+02 8.275300933975175610e+01 2.258775257434482455e+02 1.468863736563315570e+02 1.802644432023395780e+02 1.349607278373003396e+02 1.584878350407894629e+02 1.845144770737074111e+02 1.656286933628977920e+02 1.701203631282504318e+02 1.606487482487232796e+02 1.328629892209322918e+02 1.466298603241174021e+02 2.501185580929278842e+02 2.242613005950365732e+02 1.430428135803194323e+02 2.724320031371838127e+02 1.471950390242807885e+02 9.688088613097824009e+01 1.852529730228613118e+02 2.149900211995043264e+02 1.838963300721900964e+02 1.691950887594965138e+02 1.524179055402593690e+02 3.270687982750318383e+02 1.605366310404539547e+02 1.966539551791183555e+02 1.716122753660282285e+02 1.375011508766473298e+02 1.397909792436400949e+02 1.750929220799055486e+02 1.408850236299610401e+02 3.178228163771124741e+02 1.928646815501376466e+02 1.582314008027184400e+02 1.556707377478086300e+02 1.524060550152734379e+02 1.431291854071150738e+02 1.588982452303268076e+02 1.996796678819037254e+02 1.330958083944056227e+02 8.661282538379353468e+01 1.248470616185620941e+02 7.200171530287865096e+01 8.576296129902569021e+01 1.809494155123691428e+02 1.083414927019934453e+02 1.456315425726988622e+02 8.356139455857213250e+01 2.123341456864686165e+02 2.009390326998562557e+02 2.061383115151036804e+02 1.819079221321211719e+02 2.351768069576337723e+02 1.723651570528280388e+02 1.720419602467717937e+02 1.461461699658496514e+02 1.913544427990740928e+02 2.251219553217567011e+02 2.024047679043886205e+02 1.943858360898614137e+02 1.418115736295895033e+02 1.954144562999059929e+02 1.874989479055010122e+02 1.983339627957860216e+02 1.437307560309473047e+02 2.115069759716077726e+02 1.807985847878140078e+02 1.909923258216912245e+02 2.099318785920803521e+02 1.915261152958999560e+02 2.136505344472361685e+02 2.002937822142818050e+02 1.568645560395195275e+02 2.090948325219137303e+02 1.698866045038827792e+02 1.905775604876147042e+02 2.341158605145836873e+02 2.507882180386551170e+02 1.669849885519641930e+02 1.502350764299031312e+02 2.118415114048436578e+02 2.214813856966478340e+02 2.218270717513672707e+02 1.916366754786506021e+02 2.253251411758357392e+02 2.141863764574222841e+02 1.447108085319530346e+02
3.741176470588235361e+02 3.057187490391366964e+02 3.741042292145981492e+02 1.968850737111553144e+02 2.597317730246329006e+02 3.108568575816929069e+02 3.778892442606698410e+02 1.829612840435246142e+02 1.206255478819879698e+02 1.651023230902662817e+02 1.692278042643229412e+02 1.027778151137486589e+02 1.190612276948338319e+02 1.653341060143357311e+02 1.757880866071804178e+02 1.387797009994261828e+02 1.470209867926623701e+02 1.668037822772050163e+02 1.862529367203462130e+02 1.646817832057200803e+02 1.485666587632376832e+02 1.905385074317260603e+02 1.663807229977803104e+02 1.417292902569422210e+02 7.998044423406180670e+01 2.462331958748483771e+02 1.569606612266236993e+02 1.923019738155736889e+02 1.339921684266841453e+02 1.547504327546652121e+02 1.675272803086346585e+02 1.859031357996431097e+02 1.883108461026619125e+02 1.687972714899917150e+02 1.276022821637716760e+02 1.465921701847834697e+02 2.685881792782539037e+02 2.304064227630503581e+02 1.355785582619544414e+02 3.059804346005660136e+02 1.577163681332105512e+02 9.095213673201638471e+01 1.836723156952692477e+02 2.175034233495274520e+02 1.962766793912819594e+02 1.802406833241624611e+02 1.501100091593138757e+02 3.657521367167286144e+02 1.710078998329388753e+02 2.088781126289599115e+02 1.767464294842266952e+02 1.382124614334937007e+02 1.436389035271499779e+02 1.900133708457860564e+02 1.453083808188139585e+02 3.354065784953347134e+02 2.099271311644262710e+02 1.676566335749291170e+02 1.481608771354780458e+02 1.595463312972852918e+02 1.430864374362138847e+02 1.560191254266954388e+02 2.149662175282319936e+02 1.421636470332834961e+02 8.246029343097464448e+01 1.236191123383842125e+02 6.699940556918352286e+01 8.160473340475883219e+01 1.801401261175180650e+02 1.120012035943939566e+02 1.456526071553446400e+02 7.955487840591013082e+01 2.326898917706495808e+02 2.182254562479735682e+02 1.970799212335228106e+02 1.852115953907539279e+02 2.399843259620022309e+02 1.819478075250463860e+02 1.893398421855589504e+02 1.465358987712544945e+02 1.976241424213304754e+02 2.287898493580684089e+02 2.185583159279731547e+02 1.962512386807826488e+02 1.540422608963114897e+02 2.076135171381204430e+02 2.016032035192715171e+02 2.051866862132599749e+02 1.442842389332776065e+02 2.108635787406616089e+02 1.936582902559099466e+02 2.102503113230098393e+02 2.086647393535823198e+02 2.083233944832672933e+02 2.136815662326253573e+02 2.008242981813658616e+02 1.518661425340230267e+02 2.189826088537658109e+02 1.876190508710486426e+02 2.057241047768718829e+02 2.351516371049544603e+02 2.616840812928995206e+02 1.636460189145952029e+02 1.527047303738861501e+02 2.179097722369537564e+02 2.159102602130468540e+02 2.430552329662731097e+02 2.101930414083136611e+02 2.314590289050081537e+02 2.350853705113030117e+02 1.545684748289915547e+02
3.750000000000000000e+02 3.465296054511866259e+02 4.245215407649934605e+02 2.196830835533026232e+02 2.901421605275522211e+02 3.500784214527500353e+02 4.291243185976945824e+02 2.079874343295510357e+02 1.258322166384034517e+02 1.817455472222966364e+02 1.821788391796416420e+02 1.009509571205350937e+02 1.254665405240672271e+02 1.693189533401814231e+02 1.867278377408643735e+02 1.286602592959069966e+02 1.459557964962376104e+02 1.545371684356296669e+02 1.982243753238962540e+02 1.527764419825495850e+02 1.617490640889025997e+02 2.081386811416070373e+02 1.671963011140943536e+02 1.362155026895111405e+02 8.010785554280390386e+01 2.739655263647658217e+02 1.721141863136509471e+02 2.104775036415017837e+02 1.373532952158995499e+02 1.560461114712686879e+02 1.549225402358667054e+02 2.117240162130692624e+02 2.121607605632591742e+02 1.824737050369196538e+02 1.266496933940579765e+02 1.512737100101954866e+02 2.945897199903687351e+02 2.436319338677505186e+02 1.321998926035978741e+02 3.480799538847988401e+02 1.732724605006258969e+02 8.809274292616088076e+01 1.877427038836587485e+02 2.268288585336125038e+02 2.149393936588972167e+02 1.970132815344956896e+02 1.528509979360295006e+02 4.140120779954802401e+02 1.867762226509237564e+02 2.272183523999033810e+02 1.872970859425735455e+02 1.436961239833994171e+02 1.525071180684103069e+02 2.110167119662813775e+02 1.548028913539892812e+02 3.617680400013496183e+02 2.331955087012950685e+02 1.825096958814209813e+02 1.447776194514053998e+02 1.717038639872756960e+02 1.476528964796233083e+02 1.579885496567029293e+02 2.372793040369168693e+02 1.561174934358195685e+02 8.120018233816188058e+01 1.266226128788496794e+02 6.435631740072497564e+01 8.031703020456245667e+01 1.847569405238754143e+02 1.194749009961780786e+02 1.504130238728214977e+02 7.836673767621911679e+01 2.598659929893152594e+02 2.420780011258030981e+02 1.937162579400152254e+02 1.942019610728764007e+02 2.518316957248216568e+02 1.971138043118511689e+02 2.127661767789138594e+02 1.516912267915194263e+02 2.102005028529794401e+02 2.394186700252951709e+02 2.418167781875044966e+02 2.040235588635995896e+02 1.714937023771005897e+02 2.262351544212391161e+02 2.219294084209011260e+02 2.186064771248074408e+02 1.495636243974317097e+02 2.166982424017783728e+02 2.125342534001785850e+02 2.363354574926492830e+02 2.138537693170557361e+02 2.313807984367603865e+02 2.202899572972411022e+02 2.073261105680364835e+02 1.515194822820624836e+02 2.357263812451996614e+02 2.114725365416534828e+02 2.272928935469950886e+02 2.433310455945174340e+02 2.798792375924775797e+02 1.656155437347485133e+02 1.600650087983278240e+02 2.303902096984720345e+02 2.159037468810490736e+02 2.714655845445317368e+02 2.351423034830052359e+02 2.449443982882015973e+02 2.628281422220088643e+02 1.696546169671995017e+02
3.758823529411764639e+02 3.964623727825228912e+02 4.852915753495255444e+02 2.489809480649014972e+02 3.281236029026593997e+02 3.979011117998196028e+02 4.907958964162761504e+02 2.389038643971577187e+02 1.354503538845966659e+02 2.038755669546233662e+02 2.008456953719754665e+02 1.027046942014477935e+02 1.360582173603696390e+02 1.787706070657332305e+02 2.032773877285312096e+02 1.221458906746548507e+02 1.497241295221908501e+02 1.466147067124703653e+02 2.160983928862768266e+02 1.451957106262572665e+02 1.800295383258993240e+02 2.319353518891747683e+02 1.734530777545667206e+02 1.348601603627700740e+02 8.318758927808107728e+01 3.095463705714031448e+02 1.926195766791662152e+02 2.351146995107868349e+02 1.451847758133115462e+02 1.624432238309322543e+02 1.466302724293195183e+02 2.434815318253605767e+02 2.420295432558049242e+02 2.019965905116184217e+02 1.300380503638917560e+02 1.608264140396648827e+02 3.285030308464910718e+02 2.641653178438915575e+02 1.329505619783579107e+02 3.993367989548048627e+02 1.941418588915361738e+02 8.830826508715138345e+01 1.975673211654791999e+02 2.431456118158047559e+02 2.402455467573612111e+02 2.198396449444187510e+02 1.607271031641439549e+02 4.724319929118971118e+02 2.081675968052768155e+02 2.519673397808186905e+02 2.034823665158547215e+02 1.541139495049393702e+02 1.665693902853167572e+02 2.384886217614085240e+02 1.695510631301239357e+02 3.972882932268779541e+02 2.630642029520044503e+02 2.030850866385871427e+02 1.456010524410215226e+02 1.891291329683222102e+02 1.569852763363974475e+02 1.649339014116509077e+02 2.669815535870660028e+02 1.752584174600029030e+02 8.287198632027568124e+01 1.339616840441336478e+02 6.407153090578995602e+01 8.193741745996247516e+01 1.949776838616128600e+02 1.309785291627804895e+02 1.600578421413116814e+02 8.003514693970241467e+01 2.942660107058249537e+02 2.728717965390003428e+02 1.960946033272884108e+02 2.090657223218750289e+02 2.709434537011368320e+02 2.181384885951603394e+02 2.427641573450214878e+02 1.617629664512840293e+02 2.293116870954082174e+02 2.571956507526860491e+02 2.725540213245847667e+02 2.178910138326064612e+02 1.945496417283626442e+02 2.516522729099892786e+02 2.488945143432216014e+02 2.388181182899783721e+02 1.597197191973868939e+02 2.291526553679794631e+02 2.378291371952914801e+02 2.696782631243315791e+02 2.256151204745716257e+02 2.611048684541442526e+02 2.336245559973884838e+02 2.199951910722934656e+02 1.559087627986176869e+02 2.595917479989172989e+02 2.418750598890176491e+02 2.556892803071254150e+02 2.587856654946708090e+02 3.057969784303373331e+02 1.729655135456793289e+02 1.725027283086155876e+02 2.495430373532853139e+02 2.216341128644586433e+02 3.075533466806034539e+02 2.668843898470351519e+02 2.660322099964261611e+02 2.978550022265862935e+02 1.902966624947061121e+02
3.767647058823529278e+02 4.561603818806894424e+02 5.570585833065488259e+02 2.852156276438727787e+02 3.741754451286759036e+02 4.548756738043045971e+02 5.635800691572632104e+02 2.761395206472083146e+02 1.496883642682497850e+02 2.318412473648439232e+02 2.255514628070681908e+02 1.081142085197004690e+02 1.510823906272911188e+02 1.938598375887193868e+02 2.257402758966231033e+02 1.192439500508623667e+02 1.584387956678240812e+02 1.430201769463203902e+02 2.401903376897966780e+02 1.419262723337103580e+02 2.037219055379194970e+02 2.623416303881699605e+02 1.852740238389387457e+02 1.377482604761118523e+02 8.932480617678469059e+01 3.535166827323115513e+02 2.188079596302853531e+02 2.666063575607609550e+02 1.576888795645907919e+02 1.740790406936222894e+02 1.426315147632957689e+02 2.816112417124077751e+02 2.783249451810953587e+02 2.277524753771577082e+02 1.378667079850138748e+02 1.754663425762744566e+02 3.707603212481378705e+02 2.923066749027362334e+02 1.379300910152306301e+02 4.604112301187746539e+02 2.206578772601442893e+02 9.165581254478232154e+01 2.133143383635037935e+02 2.667090717174123142e+02 2.726256188909061393e+02 2.491099778306760015e+02 1.738990524116608469e+02 5.416421377157855659e+02 2.355631183253584879e+02 2.834685522923952021e+02 2.255762102075293001e+02 1.697004810685557459e+02 1.860727130917877901e+02 2.728835532936451500e+02 1.898086801694956307e+02 4.423957480855232802e+02 2.999798715065127794e+02 2.297424064097501173e+02 1.507631239155185767e+02 2.121276347809662184e+02 1.713040037532997246e+02 1.770429237463506524e+02 3.045182977959898949e+02 1.999547885187805036e+02 8.756683035983790830e+01 1.458061672353935307e+02 6.618835057019494172e+01 8.655496685009586599e+01 2.110411909403933066e+02 1.467841156166598751e+02 1.747971650343547765e+02 8.464932432339854529e+01 3.363476895147661594e+02 3.110408375064174606e+02 2.043272838825519955e+02 2.300494813005901449e+02 2.976091203555832863e+02 2.453526299826129105e+02 2.798465930480853672e+02 1.769669008945892585e+02 2.552582857226616113e+02 2.823791327155852855e+02 3.112259821027404882e+02 2.381035259600050438e+02 2.236631059170276217e+02 2.843101098494104804e+02 2.829835732677030364e+02 2.661221137358438114e+02 1.749684095358304319e+02 2.484397488832495071e+02 2.700139243342858322e+02 3.107861001185145824e+02 2.441373088767878983e+02 2.979600410765007723e+02 2.539063032866760068e+02 2.390909818820088617e+02 1.651789458973146338e+02 2.909171349789593819e+02 2.793245509270607840e+02 2.913884363869868253e+02 2.817208580412025185e+02 3.399297674702660856e+02 1.858383651340533618e+02 1.902674621868571023e+02 2.756925307819453792e+02 2.333239269331988055e+02 3.518770721963962274e+02 3.058776877188054755e+02 2.950578609270139623e+02 3.406615560813451680e+02 2.168919454801809366e+02
3.776470588235293917e+02 5.263096171636269673e+02 6.404952015783918569e+02 3.288776907983732940e+02 4.288317719198614100e+02 5.215782692631224791e+02 6.481802360452061293e+02 3.201628338770216828e+02 1.688202617577024114e+02 2.660408019427024442e+02 2.566794798309948078e+02 1.173145477272935864e+02 1.708423522095760063e+02 2.148249727550878276e+02 2.544725170739347391e+02 1.200082610077004688e+02 1.722816863304659876e+02 1.437921964487444200e+02 2.708686920216469503e+02 1.430098173217360227e+02 2.331936945714914486e+02 2.998264424468677021e+02 2.028528211520333571e+02 1.450208856898201759e+02 9.867758672644072249e+01 4.064779492661710947e+02 2.510641187434055155e+02 3.054083937671825879e+02 1.751284026760847325e+02 1.911580112813512926e+02 1.429612287106164388e+02 3.265866300203593369e+02 3.214958704376301739e+02 2.601929807836942246e+02 1.503008710052037884e+02 1.954718517663295927e+02 4.218380432404487692e+02 3.284233728136381387e+02 1.472945543636825221e+02 5.320057922211691448e+02 2.532039266569315430e+02 9.824474003518452037e+01 2.352139550066538618e+02 2.978463986619152593e+02 3.125744444637493302e+02 2.852731961795612392e+02 1.925996970776585329e+02 6.223048568564055358e+02 2.693950717319141290e+02 3.221104569564172380e+02 2.539050193062253982e+02 1.907612294328964140e+02 2.113335461617459146e+02 3.147184366374227693e+02 2.159008632435930792e+02 4.975578242366102018e+02 3.444349671125119130e+02 2.629017950016161649e+02 1.604485408955968921e+02 2.410564321877555187e+02 1.908915952060293648e+02 1.945632339605111554e+02 3.504095118250900214e+02 2.306387081111867587e+02 9.542829859335249409e+01 1.623900592134806686e+02 7.079534957956883545e+01 9.431106801257915606e+01 2.332459864776373308e+02 1.672186504010650765e+02 1.949041333037982895e+02 9.235035877989392361e+01 3.866146986055391039e+02 3.570705275107294483e+02 2.185912519418565978e+02 2.574563716778914682e+02 3.321785101361771240e+02 2.791377512330772106e+02 3.245896813154473648e+02 1.975816627292527130e+02 2.884083908546613770e+02 3.152937128847373742e+02 3.583623384326524501e+02 2.649697247475454560e+02 2.593525920659708390e+02 3.247202709968196928e+02 3.247441251951235586e+02 3.008890121740708992e+02 1.955885092641167091e+02 2.748405930878817003e+02 3.096228211643987720e+02 3.602348300227277491e+02 2.696778541824899094e+02 3.424620497249700861e+02 2.814248142974258258e+02 2.649340259353377292e+02 1.795352445959018155e+02 3.301072476086077927e+02 3.243820609972166835e+02 3.349288421116208951e+02 3.124108746605945726e+02 3.828334024298761165e+02 2.044448395835000554e+02 2.136689099707682260e+02 3.092223969931693546e+02 2.512455924971598336e+02 4.050505733275084594e+02 3.526315630489020236e+02 3.324357176378936742e+02 3.917904535183990902e+02 2.499038977017086154e+02
3.785294117647058556e+02 6.076252410713515246e+02 7.362858620002184580e+02 3.805028158601479049e+02 4.926511754766933677e+02 5.985976753003461681e+02 7.453106212099335153e+02 3.714730827495762355e+02 1.931827368236838254e+02 3.069153638676514220e+02 2.946677341111855526e+02 1.304997541112400086e+02 1.956960040624393002e+02 2.419676741061092287e+02 2.898780697309897505e+02 1.245411758772107476e+02 1.915016551897273871e+02 1.490258974727406667e+02 3.085500582265555067e+02 1.485446350346566362e+02 2.688608165653421338e+02 3.449080016753415521e+02 2.264502957616024617e+02 1.568759501430207877e+02 1.114563791527222349e+02 4.690818010232276265e+02 2.898202943964591327e+02 3.520322238193729731e+02 1.978244157233723399e+02 2.139486444329350547e+02 1.477101065805566122e+02 3.789103126836297974e+02 3.720237980516463381e+02 2.998302074851916927e+02 1.675698009449227470e+02 2.211804781200682442e+02 4.822468619227851150e+02 3.729427344032321230e+02 1.612562603984372629e+02 6.148515570185990100e+02 2.922074469648869695e+02 1.082366296119416802e+02 2.635538981394123539e+02 3.369502846026896918e+02 3.606443444368085807e+02 3.288305742300800034e+02 2.171303515014138554e+02 7.150979681332631799e+02 3.101414742748044659e+02 3.683190229909401410e+02 2.888427139940361030e+02 2.176696333756151205e+02 2.427327851653021469e+02 3.645647961477523040e+02 2.482168383374304028e+02 5.632704225035223544e+02 3.969596023183290185e+02 3.030379119600221998e+02 1.748945926759651854e+02 2.763192340604182959e+02 2.160897894016271721e+02 2.178004026259507384e+02 4.052400278896120085e+02 2.678011052762177542e+02 1.066525914822511538e+02 1.840088605697331161e+02 7.802694535450706326e+01 1.053995795337738599e+02 2.619473442463332731e+02 1.926618782687341422e+02 2.207116387353193829e+02 1.033313917047316153e+02 4.456066504194080267e+02 4.114885275168606995e+02 2.391260733608845044e+02 2.916410435579085174e+02 3.750550614320213754e+02 3.199198849830182212e+02 3.776251300610991279e+02 2.239453156510766973e+02 3.291909500163425832e+02 3.563234523567151086e+02 4.145564505539404081e+02 2.988522490308605484e+02 3.021967794605800464e+02 3.734531186967258236e+02 3.747789307336018396e+02 3.435519939395874189e+02 2.219183449228431755e+02 3.086994265070631513e+02 3.572465499515226384e+02 4.186587412510303920e+02 3.025580902892043582e+02 3.951696782490701594e+02 3.165330774623096772e+02 2.979018548920507214e+02 1.992413405553243138e+02 3.776247328706800204e+02 3.776633668258866692e+02 3.869041135471755410e+02 3.511920199762201946e+02 4.351193023228829588e+02 2.290603650457778144e+02 2.430729231406042459e+02 3.505693939835387596e+02 2.757193349321154869e+02 4.677330065115949651e+02 4.076972213992675051e+02 3.786516301677232264e+02 4.518214289079523951e+02 2.898567926794733580e+02
3.794117647058823195e+02 7.008361939260198596e+02 8.451084560874638782e+02 4.406617172855252988e+02 5.662048584944320737e+02 6.865208715104864723e+02 8.556779770810743457e+02 4.305904395998686596e+02 2.231710962229104780e+02 3.549411702202127685e+02 3.400017442226871367e+02 1.479211322799125696e+02 2.260521741055579525e+02 2.756473095952756012e+02 3.324027057656895749e+02 1.329946982104708582e+02 2.164111632705939030e+02 1.588734863839113132e+02 3.536924973042566762e+02 1.586860914637670703e+02 3.111809014919730316e+02 3.981456843181363183e+02 2.563894388523190742e+02 1.735677994139886948e+02 1.279227573329304164e+02 5.420178146674023765e+02 3.355486290701115308e+02 4.070355459126777760e+02 2.261528308768418469e+02 2.427790656892380241e+02 1.570252731787903429e+02 4.391039104800196355e+02 4.304128324363498450e+02 3.472304468187160182e+02 1.899639327592848304e+02 2.529845367479576623e+02 5.525198265820312145e+02 4.263428330291120005e+02 1.800823263851129354e+02 7.096924618633472619e+02 3.381324762082458619e+02 1.218445424399982784e+02 2.986734167245285789e+02 3.844708649508404505e+02 4.174364591138830747e+02 3.803277965894150725e+02 2.478558680718353173e+02 8.206965205147922688e+02 3.583190721365043032e+02 4.225486660827761511e+02 3.308042426808041228e+02 2.508627265145386218e+02 2.807094354269361816e+02 4.230392749837562292e+02 2.872033983190796107e+02 6.400453626135639524e+02 4.581117674343139470e+02 3.506724260015616892e+02 1.943898499826194382e+02 3.183600519975515226e+02 2.472954034679191579e+02 2.471145811470030083e+02 4.696480584390608328e+02 3.119854369732194641e+02 1.214879862057368314e+02 2.110158555620053562e+02 8.806349264903914786e+01 1.200662916371252749e+02 2.975527256905298827e+02 2.235429457332879792e+02 2.526077520208585554e+02 1.178371280133138725e+02 5.138874877832123502e+02 4.748539730138093091e+02 2.662303495171044005e+02 3.330030575270477016e+02 4.266872593677636587e+02 3.681618063052511047e+02 4.396305831349840219e+02 2.564506627517967559e+02 3.780874432973141097e+02 4.059032430657985628e+02 4.804535954017640051e+02 3.401613751819259619e+02 3.528276859359656896e+02 4.311285007837728926e+02 4.337370179027963673e+02 3.945977802245826069e+02 2.543510534708529462e+02 3.504168779682052559e+02 4.135239842010637403e+02 4.867388153487560771e+02 3.431562392288962542e+02 4.566748702223439977e+02 3.596403486864026604e+02 3.384231665106239575e+02 2.246163235988561269e+02 4.339801095044110752e+02 4.398289517369774444e+02 4.479531695289084610e+02 3.984539651336326642e+02 4.974449178514655046e+02 2.600200249850405498e+02 2.788961831837391969e+02 4.002152377612920304e+02 3.071095911761859725e+02 5.406171273546674456e+02 4.716569782457434599e+02 4.342534936131744416e+02 5.213596968640978275e+02 3.373290012493122845e+02
3.802941176470588402e+02 8.066681299305911352e+02 9.676146299247338902e+02 5.099486207533609559e+02 6.500632804739580024e+02 7.859173144074775337e+02 9.799618550936686461e+02 4.980448113121116762e+02 2.592340548657753629e+02 4.106204220382175549e+02 3.932059926863111627e+02 1.698846634595246030e+02 2.623657786730424277e+02 3.162739545746597969e+02 3.825263836682298688e+02 1.455706737503779777e+02 2.473817009449572311e+02 1.735436950366595568e+02 4.067872984432670478e+02 1.736460109228497402e+02 3.606453533740125295e+02 4.601303301861728983e+02 2.930490939865887299e+02 1.954056556845065131e+02 1.483874667024128087e+02 6.259996209749158425e+02 3.887523413702613766e+02 4.710116136521235717e+02 2.605397497519572880e+02 2.780312704598257483e+02 1.711098931972020978e+02 5.076967454635318404e+02 4.971785316669869417e+02 4.030062407476999624e+02 2.178308865275321295e+02 2.913254297767899743e+02 6.331989575080851864e+02 4.891415484378179031e+02 2.040921440714380424e+02 8.172679835644653394e+02 3.914709079704533110e+02 1.393315311731779218e+02 3.409558772170038878e+02 4.409059080939219371e+02 4.835903532844722577e+02 4.403454596596447459e+02 2.851984651307749914e+02 9.397532364072867495e+02 4.144748439527458572e+02 4.852717607411150880e+02 3.802376384499451092e+02 2.908355005272475751e+02 3.257530367848621609e+02 4.907926267416794417e+02 3.333570997388035835e+02 7.283960771505628600e+02 5.284660536023910709e+02 4.063650941105914285e+02 2.192717164882645875e+02 3.676554718483102420e+02 2.849549392552149243e+02 2.829157190310939995e+02 5.443121049567698719e+02 3.637800112435799065e+02 1.402335689028109869e+02 2.438172808027826477e+02 1.011308698119685658e+02 1.386076790539616468e+02 3.405156549815700942e+02 2.603358898257836813e+02 2.910298769870254887e+02 1.361626440750362121e+02 5.920324221240489351e+02 5.477452115861807442e+02 3.002566159656790887e+02 3.819787749169878452e+02 4.875583217369182876e+02 4.243538296960572893e+02 5.113184269780361433e+02 2.955392552817749561e+02 4.356219748746626124e+02 4.645084741967655759e+02 5.567375868965528980e+02 3.893470736786113662e+02 4.119222906636462085e+02 4.984048747440971852e+02 5.023030709107060829e+02 4.545559652252778733e+02 2.933286161866364523e+02 4.004415030565780853e+02 4.791321582586963927e+02 5.651894011262620552e+02 3.918988430689094571e+02 5.275913173764608928e+02 4.112033283384328115e+02 3.869703563353826894e+02 2.560303693081449410e+02 4.997201034147537939e+02 5.115724359228179878e+02 5.187487906400015163e+02 4.546293942845218794e+02 5.705023090911528243e+02 2.977121852212632689e+02 3.215995577001175434e+02 4.586768970020547158e+02 3.458198626626930832e+02 6.244158450412769525e+02 5.451120510895632378e+02 4.998399537937508512e+02 6.010228548541178952e+02 3.929447505153757447e+02
3.811764705882353041e+02 9.258248417520989051e+02 1.104408956814670546e+03 5.889683356361020969e+02 7.447814706518826142e+02 8.973220771531174478e+02 1.118793679082002882e+03 5.743635547149476679e+02 3.018673484840067545e+02 4.744708798641711951e+02 4.548339099866886954e+02 1.967475040104426967e+02 3.051317807258059815e+02 3.643000651886922014e+02 4.407541258452475290e+02 1.625200066374590619e+02 2.848379714260358924e+02 1.933001219640076158e+02 4.683492343635444968e+02 1.936909353341951885e+02 4.177701208123929177e+02 5.314730283355783058e+02 3.368562978276749504e+02 2.227508773302806162e+02 1.732076858438819897e+02 7.217493865835502902e+02 4.499556261523916305e+02 5.445770188530988207e+02 3.014555891701855899e+02 3.201340880755520857e+02 1.902216692778468143e+02 5.852134205801789903e+02 5.728355813270101180e+02 4.678067543297888164e+02 2.515703813524837926e+02 3.366866557476823800e+02 7.248204145892457291e+02 5.618839892760208841e+02 2.336537101567518278e+02 9.382943234414802873e+02 4.527324990987842170e+02 1.610083658182869897e+02 3.908199819510786597e+02 5.067893589283004872e+02 5.597719368626748064e+02 5.094880630948199496e+02 3.296302853100081052e+02 1.072877874421262504e+03 4.791760409406554118e+02 5.569668422443826330e+02 4.376146660110912308e+02 3.381339152530758270e+02 3.783947991096996475e+02 5.684971738716022855e+02 3.872151752432771445e+02 8.288217627289108123e+02 6.086009441736201779e+02 4.707034034913037885e+02 2.499228036307383434e+02 4.247055733776933266e+02 3.295578782124721329e+02 3.256573564365384073e+02 6.299362890785121181e+02 4.238088769969126020e+02 1.632371880059999683e+02 2.828663762300867575e+02 1.174995110445948256e+02 1.613688810064870154e+02 3.913280307680286114e+02 3.035538925690448764e+02 3.364576248980241644e+02 1.586514405068130316e+02 6.806135188217813266e+02 6.307461344704770454e+02 3.416047522372995218e+02 4.390318203923765736e+02 5.581742379967004126e+02 4.890032431224256584e+02 5.934229467984536086e+02 3.416941272745634706e+02 5.023498458179946624e+02 5.326430968426705022e+02 6.441158189643630294e+02 4.468895362349418861e+02 4.801925347535213859e+02 5.759668115905769810e+02 5.811851690180053538e+02 5.239868395492248965e+02 3.393346134472220683e+02 4.592596962295702383e+02 5.547746229588026381e+02 6.547433274652412365e+02 4.492506364381933963e+02 6.085415598347296964e+02 4.717157274361853183e+02 4.440504372144475269e+02 2.938991387874832526e+02 5.754144717532617506e+02 5.936074458667886802e+02 5.999845727865234721e+02 5.201820709337112021e+02 6.550049099056542445e+02 3.425707821379664892e+02 3.716801312607387331e+02 5.264953412739981786e+02 3.922860100203166098e+02 7.198471228217198359e+02 6.286689576778070432e+02 5.760473362308429159e+02 6.914263767335557986e+02 4.573643645103252879e+02
3.820588235294117680e+02 1.058968468119939644e+03 1.256027382419176547e+03 6.783220632361210392e+02 8.508832779675511802e+02 1.021218185465209672e+03 1.272735035850217173e+03 6.600582156367213429e+02 3.516061299198656798e+02 5.470142780674842697e+02 5.254565014076774787e+02 2.289135475174838916e+02 3.548779341446877993e+02 4.202108751299168716e+02 5.076055253313718367e+02 1.841408928500443665e+02 3.292508364556673541e+02 2.184584370837384881e+02 5.389054160997817462e+02 2.191392589184549706e+02 4.830852545163153309e+02 6.127924575895279986e+02 3.882773569226788482e+02 2.560130074470594082e+02 2.027834661023803733e+02 8.299808229900392007e+02 5.196923743012978321e+02 6.283580919691549980e+02 3.494079419367932928e+02 3.695548876928900199e+02 2.146702193212761642e+02 6.721604456922827922e+02 6.578844831296891016e+02 5.423065342200379746e+02 2.916280104255761216e+02 3.895855289530685468e+02 8.278984872792401575e+02 6.451284237599373910e+02 2.691787913817864251e+02 1.073444367782302606e+03 5.224336945781096802e+02 1.872304387717808538e+02 4.487097235990007675e+02 5.826783491179987777e+02 6.466597909743120454e+02 5.883715674425477573e+02 3.816647067454030662e+02 1.220615889830017068e+03 5.529988450000208786e+02 6.381056565551797348e+02 5.034201791088016762e+02 3.933465421539522140e+02 4.391974908787780691e+02 6.568328379803601820e+02 4.493451797493341360e+02 9.417903113793680632e+02 6.990848517373319737e+02 5.442908484895550600e+02 2.867660955049646532e+02 4.900235843940779432e+02 3.816286989693180089e+02 3.758290214011408352e+02 7.272342202598559879e+02 4.927213045899545705e+02 1.908925679157622994e+02 3.286562818092187399e+02 1.374828316645800044e+02 1.887408505829008618e+02 4.505109466854326001e+02 3.537422966230262773e+02 3.894044014121275268e+02 1.856926832950640005e+02 7.801841619979285269e+02 7.244312902952483455e+02 3.907139457155363402e+02 5.046422103964302437e+02 6.390503357650090948e+02 5.626224872573459379e+02 6.866859333070470939e+02 3.954312390562857900e+02 5.788446991102021002e+02 6.108262431960744152e+02 7.433028563927673531e+02 5.132882915892489564e+02 5.583737538113064147e+02 6.645109673051645132e+02 6.711009462206095577e+02 6.034678184714732652e+02 3.928857027296503475e+02 5.273840954740094276e+02 6.411682186164674704e+02 7.561355691715764351e+02 5.157029810342846758e+02 7.001427570806426957e+02 5.416963190447454508e+02 5.101944421927499320e+02 3.386769101348529603e+02 6.616414603847458693e+02 6.866530269271562474e+02 6.923603906565548414e+02 5.955935098722826524e+02 7.516725830863819056e+02 3.950663215988618049e+02 4.296619420135164091e+02 6.042228509425938228e+02 4.469680667101780500e+02 8.276174087236098558e+02 7.229246731034480717e+02 6.635349119190566398e+02 7.931678911555430886e+02 5.312729917413565772e+02
3.829411764705882888e+02 1.206698770565044015e+03 1.422915330700415325e+03 7.785920837302436439e+02 9.688447754570670440e+02 1.158018445843402787e+03 1.442255515075619087e+03 7.556104548220943116e+02 4.090161450819636570e+02 6.287636828048383677e+02 6.056496896414852245e+02 2.668279956636661723e+02 4.121562960792408603e+02 4.845135433708110213e+02 5.836029622368874925e+02 2.107760265130681319e+02 3.811290144101083115e+02 2.493824323633970153e+02 6.189828449586456145e+02 2.503572103743043442e+02 5.571233156650619094e+02 7.047008996195473856e+02 4.478076562994710343e+02 2.956445781218004640e+02 2.375532643872560641e+02 9.513808850008701938e+02 5.984937966843749564e+02 7.229760218434056469e+02 4.049331894824233018e+02 4.267900485273855793e+02 2.448133077572947229e+02 7.690120822596760490e+02 7.527974183264534531e+02 6.271926860541565247e+02 3.384878778250730988e+02 4.505636111481304056e+02 9.429086615993755913e+02 7.394308897870039345e+02 3.111169149942109584e+02 1.223326762752682953e+03 6.010853878030910664e+02 2.183937882476524521e+02 5.150831519203170501e+02 6.691388237130341849e+02 7.449300221179504433e+02 6.776096266038354088e+02 4.418463969508790683e+02 1.383426715828627721e+03 6.365157436750101851e+02 7.291392484041357420e+02 5.781402806355193889e+02 4.570948191629907456e+02 5.087440867724049554e+02 7.564718204227368687e+02 5.203334041224675275e+02 1.067720341966597061e+03 8.004610575867567377e+02 6.277339220823658934e+02 3.302588828466155064e+02 5.641243476063663138e+02 4.417175870294719289e+02 4.339472673932606313e+02 8.369115089243497323e+02 5.711798746042534276e+02 2.236355167059473956e+02 3.817117698126641017e+02 1.614349772969837318e+02 2.211566122362789031e+02 5.186040662803425221e+02 4.114703435347230993e+02 4.504077501872567950e+02 2.177175497527240680e+02 8.912625780318132911e+02 8.293499479810370758e+02 4.480532678181698998e+02 5.792942730142282244e+02 7.306965602557027069e+02 6.457162091088799798e+02 7.918408280420188703e+02 4.572896706502283450e+02 6.656843536471603784e+02 6.995775613801426971e+02 8.550026978308944763e+02 5.890500008875437743e+02 6.472115295463062239e+02 7.647306148409850266e+02 7.727622553720552787e+02 6.935785902836668129e+02 4.545218479412584429e+02 6.053405877887702218e+02 7.390283349961470094e+02 8.700855890579615561e+02 5.917609604101485274e+02 8.029912549989719537e+02 6.216756001207118061e+02 5.859453903131490051e+02 3.908484483434158960e+02 7.589720427442850905e+02 7.914176855222293625e+02 7.965664582243433642e+02 6.813483977119103656e+02 8.612150830156957682e+02 4.556956365612057880e+02 4.960854619305067672e+02 6.924090387396672668e+02 5.103406193588484712e+02 9.484037495407933420e+02 8.284507200728808129e+02 7.629686140055899841e+02 9.068104322038883538e+02 6.153678629536550488e+02
3.838235294117646959e+02 1.369532228127836788e+03 1.605406299003669346e+03 8.903257443308998518e+02 1.099077406155834979e+03 1.308047464215455420e+03 1.627711043740399873e+03 8.614575703465972083e+02 4.746838075244784250e+02 7.202101094567981363e+02 6.959806722504889649e+02 3.109709932407458268e+02 4.775336502949188002e+02 5.577253111477490393e+02 6.692588428722190201e+02 2.428088053725219595e+02 4.410096606101297994e+02 2.864789728316928290e+02 7.090950167770802182e+02 2.877537371968681441e+02 6.404069205491091452e+02 8.077892807202574659e+02 5.159604397123914623e+02 3.421347446120943232e+02 2.779886125081036994e+02 1.086590680320905449e+03 6.868752484958297373e+02 8.290310742927935053e+02 4.685869826785764758e+02 4.923543811879433747e+02 2.810519817541712086e+02 8.761958255919951171e+02 8.580037056397897004e+02 7.231507733621261877e+02 3.926641918396579740e+02 5.201760529155251334e+02 1.070270316097671866e+03 8.453288986167850680e+02 3.599482635109263811e+02 1.388464754307487965e+03 6.891799224395711008e+02 2.549302724305744903e+02 5.904002137065006082e+02 7.667301207475004503e+02 8.552400235117213469e+02 7.777988345364914267e+02 5.107402893050754074e+02 1.561662474018094599e+03 7.302819497583031989e+02 8.304835021527629806e+02 6.622496094601108325e+02 5.300220827309107108e+02 5.876253949262442120e+02 8.680623271247470711e+02 6.007722756010075500e+02 1.206962987412661960e+03 9.132320071921278668e+02 7.216281065101485410e+02 3.808855614502903109e+02 6.475118930762790797e+02 5.103900403344835581e+02 5.005455263286677337e+02 9.596473674641815705e+02 6.598474090763780850e+02 2.619392359315642125e+02 4.425799251513710715e+02 1.897478752960173836e+02 2.590866340748913785e+02 5.961538172694079094e+02 4.773217907645599212e+02 5.200186012135711735e+02 2.551947150019595938e+02 1.014314954234828292e+03 9.460095710383742471e+02 5.141110541832712215e+02 6.634636647506840745e+02 8.336018666612047809e+02 7.387675487561222099e+02 9.095957910849418795e+02 5.278207322528284067e+02 7.634356894896851600e+02 7.994016516408838697e+02 9.798901370674107056e+02 6.746752666246406989e+02 7.474472678496287017e+02 8.772990886714409271e+02 8.868587307161931221e+02 7.948853576991081127e+02 5.247954769042611360e+02 6.936542597505234653e+02 8.490530061336158951e+02 9.972787985907210668e+02 6.779294726541397722e+02 9.176464059091795207e+02 7.121814122653446475e+02 6.718451219796953637e+02 4.509197529720935336e+02 8.679533616872211041e+02 9.085824573145614522e+02 9.132663969270514599e+02 7.779191698434829050e+02 9.843143643924341859e+02 5.249706031612464585e+02 5.714960393648339050e+02 7.915859249477198318e+02 5.828819971315596149e+02 1.082835116652473062e+03 9.457766413213972783e+02 8.750036391148403254e+02 1.032865170761552463e+03 7.103443358399908902e+02
3.847058823529412166e+02 1.547880631182201341e+03 1.803700775649758498e+03 1.014018616246170723e+03 1.241910736004370847e+03 1.471523718731304825e+03 1.829322392559618493e+03 9.779775209041609969e+02 5.492050118033134822e+02 8.218083059474962511e+02 7.969931696873918554e+02 3.618501620684408522e+02 5.515806879393302324e+02 6.403605250327880185e+02 7.650617598317314787e+02 2.806584339283335794e+02 5.094476790026512845e+02 3.301917326677095161e+02 8.097274656743082915e+02 3.317741742294970209e+02 7.334352790646727271e+02 9.226111113908395964e+02 5.932544024905796505e+02 3.960016164747776202e+02 3.245877495089094964e+02 1.236185436629837113e+03 7.853221416747345529e+02 9.470857538599865393e+02 5.409334567792815278e+02 5.667693558085449013e+02 3.238244921005996844e+02 9.940774273201967617e+02 9.738747570917068970e+02 8.308492630860519057e+02 4.546916630260448073e+02 5.989796856888522143e+02 1.210328972218660283e+03 9.633241257788764642e+02 4.161753399396292821e+02 1.569274657675664230e+03 7.871772178239028790e+02 2.973017362667026759e+02 6.751095871214052977e+02 8.759884154570685268e+02 9.782109970057003920e+02 8.895028454853325002e+02 5.889193225106716909e+02 1.755546975019651654e+03 8.348207417546656188e+02 9.425040580226121847e+02 7.561976661983993608e+02 6.127811742785348770e+02 6.764265065944335902e+02 9.922111668948539318e+02 6.912465872757612715e+02 1.359783343312398756e+03 1.037842855825442939e+03 8.265427341316343472e+02 4.391491579942949102e+02 7.406660083218351929e+02 5.882151860998847042e+02 5.761626526220953792e+02 1.096075114090735497e+03 7.593725846771842498e+02 3.063085784752717018e+02 5.118196252167620628e+02 2.228474605683571212e+02 3.030331489886195300e+02 6.837002768722351220e+02 5.518842399824460472e+02 5.987893068269933110e+02 2.986247823105388193e+02 1.149738013436480060e+03 1.074858592874386659e+03 5.893830026806755313e+02 7.576034085276429551e+02 9.482176655413722983e+02 8.422235511147022180e+02 1.040615519852988427e+03 6.075758621243750213e+02 8.726384317198359213e+02 9.107715258728286472e+02 1.118591072326374615e+03 7.706443424153886781e+02 8.598022885463374223e+02 1.002852006719776227e+03 1.014040052320984955e+03 9.079240443699072785e+02 6.042594239657107664e+02 7.928341727566879626e+02 9.719056653981017462e+02 1.138346981233403994e+03 7.746982170884632524e+02 1.044613494478149960e+03 8.137234072082486591e+02 7.684198946133183199e+02 5.194075730150289019e+02 9.890912513929820307e+02 1.038782836993870433e+03 1.043079144461385795e+03 8.857496606219274327e+02 1.121605564337292435e+03 6.034056925286677142e+02 6.564311725617479851e+02 9.022519888759835567e+02 6.650621964890734716e+02 1.231472801016285757e+03 1.075372727499122220e+03 1.000265750705848291e+03 1.171773534863003988e+03 8.168805417276128082e+02
3.855882352941176805e+02 1.742030402395232386e+03 2.017846474196991494e+03 1.150097406310338556e+03 1.397575621524422104e+03 1.648542484968960935e+03 2.047155084981477785e+03 1.105474007265112277e+03 6.331729108789802467e+02 9.339621514838179337e+02 9.091919934005907180e+02 4.199921396595605074e+02 6.348601756186616285e+02 7.329168541453487933e+02 8.714620047969405050e+02 3.247739662905036653e+02 5.870039718077009638e+02 3.809938033926592880e+02 9.213227070660798290e+02 3.828928007229018817e+02 8.366701469298849361e+02 1.049665830457421862e+03 6.802004052802657270e+02 4.577834027306212192e+02 3.778682862315899342e+02 1.400654186994628617e+03 8.942753692087825357e+02 1.077647441499233082e+03 6.225334060104261198e+02 6.505504283904846261e+02 3.735991006932844698e+02 1.122946014037838268e+03 1.100709085143690800e+03 9.509229679398079043e+02 5.251148809205220687e+02 6.875201499617265881e+02 1.363338767971387369e+03 1.093864656264957375e+03 4.803135634565444434e+02 1.766044935001754538e+03 8.954904795897331269e+02 3.459932456704357264e+02 7.696348680600931402e+02 9.974095011816073111e+02 1.114409780177007178e+03 1.013235868636851364e+03 6.769511981675321977e+02 1.965155922074204227e+03 9.506081915037634644e+02 1.065501168495363117e+03 8.603945927327160916e+02 7.060209075300527957e+02 7.757123875782618825e+02 1.129465770516169414e+03 7.923188896313495206e+02 1.526342394688914510e+03 1.174664864876476031e+03 9.430051561454226885e+02 5.055617553760112628e+02 8.440282162026215929e+02 6.757530983838205429e+02 6.613304515063348390e+02 1.246762160751122337e+03 8.703745810376136660e+02 3.572732865764648409e+02 5.899900188665102405e+02 2.611890510288479277e+02 3.535234740210275390e+02 7.817631128156765499e+02 6.357374059027310977e+02 6.872607330069805585e+02 3.485337277385925177e+02 1.297841756865914931e+03 1.216269110321404241e+03 6.743592709800309422e+02 8.621293678380400252e+02 1.074940855992588695e+03 9.564801973220997979e+02 1.185502409157778629e+03 6.970935996131573802e+02 9.937883476538161176e+02 1.034111606028875940e+03 1.271662367990967823e+03 8.774021927469224238e+02 9.849608668402826197e+02 1.141968768532566173e+03 1.154897497886563315e+03 1.033182973630910510e+03 6.934539453353274894e+02 9.033574243170074851e+02 1.108197094283519391e+03 1.293848251388086283e+03 8.825260124356576625e+02 1.184326359671847058e+03 9.267768221554317734e+02 8.761651623216798725e+02 5.968279021887921090e+02 1.122832404582903791e+03 1.182590140903085967e+03 1.186560276330450506e+03 1.005238326703551934e+03 1.273657300655470181e+03 6.915046602266280615e+02 7.514069411465388839e+02 1.024855681041841535e+03 7.573298731858782276e+02 1.394790544035961148e+03 1.217632644705922303e+03 1.139331872030939394e+03 1.323889286932622099e+03 9.356210577352994733e+02
3.864705882352940876e+02 1.952122727553838786e+03 2.247720475371928387e+03 1.298902936114875956e+03 1.566188033134697434e+03 1.839060182408612263e+03 2.281101017661566857e+03 1.244161897576047295e+03 7.271647712967732105e+02 1.057009954711793171e+03 1.033027190076918032e+03 4.859331528473686035e+02 7.279142665554950327e+02 8.358608980323363085e+02 9.888566930564428503e+02 3.756273239754843871e+02 6.742327437344602004e+02 4.393792105542540298e+02 1.044264874720328635e+03 4.416042969813013315e+02 9.505214016710502847e+02 1.189381891555397260e+03 7.772874660424639615e+02 5.280284395594110265e+02 4.383589240233337705e+02 1.580379653156331415e+03 1.014116499636456410e+03 1.221150814220463189e+03 7.139315451347308681e+02 7.441936012851081159e+02 4.308657876393898505e+02 1.262999642653879164e+03 1.238717676351828004e+03 1.083955730765578892e+03 6.044767555396123271e+02 7.863182294755861221e+02 1.529445629638779565e+03 1.237327098916890236e+03 5.528808554685336958e+02 1.978916250533045286e+03 1.014471737090790498e+03 4.015053874293110425e+02 8.743603345493911547e+02 1.131431221208936222e+03 1.264330301479054697e+03 1.149445846559391157e+03 7.753843185239904869e+02 2.190398933744637361e+03 1.078057569925245389e+03 1.199694782826740720e+03 9.751966847159784493e+02 8.103715141715073287e+02 8.860128009420468516e+02 1.280295931704637496e+03 9.045142446747654503e+02 1.706679929652349529e+03 1.323979000208004663e+03 1.071484478846499542e+03 5.806339016819093786e+02 9.579874088090597297e+02 7.735412688205610721e+02 7.565603386900791065e+02 1.412189914836922298e+03 9.934270096128734622e+02 4.153802377455577926e+02 6.776381177165549161e+02 3.052518715269849281e+02 4.111023297552223994e+02 8.908268019925577619e+02 7.294404790589796903e+02 7.859485751896208967e+02 4.054653438708100452e+02 1.458832699045805384e+03 1.370519873398694926e+03 7.695107593734454667e+02 9.774054250086003321e+02 1.214096820945097761e+03 1.081867329244510756e+03 1.344777329958253631e+03 7.968857932398933599e+02 1.127320122940733881e+03 1.169780578547162577e+03 1.439571630019946952e+03 9.953431595320748784e+02 1.123552476715103921e+03 1.295153724863592061e+03 1.309945089614802328e+03 1.171085293211866428e+03 7.928929756439953280e+02 1.025652752998392543e+03 1.258466831306604945e+03 1.464246999802588789e+03 1.001824699401821590e+03 1.337130134650121363e+03 1.051765849938601150e+03 9.955297952572337863e+02 6.836836031882739917e+02 1.269546498136346372e+03 1.340492579391251638e+03 1.344183097374913814e+03 1.136721374988245088e+03 1.440951641578092904e+03 7.897465467549289997e+02 8.569037951970300355e+02 1.159778721543665824e+03 8.600986357017360433e+02 1.573154851342802203e+03 1.372856265253895117e+03 1.292710265117915014e+03 1.489461117596925988e+03 1.067159836151518903e+03
3.873529411764706083e+02 2.178135233650614282e+03 2.493013553234362462e+03 1.460673501865185017e+03 1.747734079388496184e+03 2.042880320964972952e+03 2.530862402288342309e+03 1.394153351076649415e+03 8.317280314277127218e+02 1.191209865435587517e+03 1.168877998054604632e+03 5.602086577029815544e+02 8.312510531763198287e+02 9.496133520524330152e+02 1.117574722544159613e+03 4.337052699614172866e+02 7.716679559969099955e+02 5.058533778342406322e+02 1.178864266104862963e+03 5.084141599882984792e+02 1.075332472375511088e+03 1.342099784604797378e+03 8.849681895769139146e+02 6.072841558868483389e+02 5.065902248417080500e+02 1.775618570718665751e+03 1.145152956241382753e+03 1.377940322875762149e+03 8.156429844768014163e+02 8.481613584859154571e+02 4.961269041850973736e+02 1.414331554600837308e+03 1.388010020367067682e+03 1.230462558439264740e+03 6.933060906201178568e+02 8.958555259002001776e+02 1.708671398812335383e+03 1.393998879421050560e+03 6.343863051639965533e+02 2.207862989117211328e+03 1.144397425193953495e+03 4.643456376515219972e+02 9.896164949456330078e+02 1.278415795262672191e+03 1.428374940708042459e+03 1.298497493621480544e+03 8.847330193777460181e+02 2.431003627378762303e+03 1.217503642977073696e+03 1.345210200483185645e+03 1.100891846828204052e+03 9.264292101754911073e+02 1.007806737132076137e+03 1.445075627279668879e+03 1.028304505781605030e+03 1.900698673691420026e+03 1.485959986665153338e+03 1.212375103153463670e+03 6.648630920483498130e+02 1.082865353193444662e+03 8.820803614819949416e+02 8.623292870450989085e+02 1.592733768975926978e+03 1.129041302933438601e+03 4.811846525225479354e+02 7.752855997801129888e+02 3.555326614812644266e+02 4.763231415283860883e+02 1.011325316915070857e+03 8.335186828637476992e+02 8.953290435189518348e+02 4.699726667405875560e+02 1.632797936485297441e+03 1.537779790586396530e+03 8.752747514287015065e+02 1.103728595123224295e+03 1.365922606919727514e+03 1.218633717956360442e+03 1.518860362893347428e+03 9.074232081752029444e+02 1.273590196117190089e+03 1.318054384672861033e+03 1.622677178142067987e+03 1.124795456802421768e+03 1.276133484675331829e+03 1.462817181765359010e+03 1.479600586792476179e+03 1.321971479182466510e+03 9.030497642492732666e+02 1.160083957716579107e+03 1.423164430405555549e+03 1.649894046999859029e+03 1.132942876772347745e+03 1.503264228400336378e+03 1.189046841055146615e+03 1.126899965859112172e+03 7.804512685221336596e+02 1.429508630602997528e+03 1.512876471528099501e+03 1.516319746588260159e+03 1.280456037662611607e+03 1.623864029157218965e+03 8.985711497594008961e+02 9.733518743349479792e+02 1.307319424807405994e+03 9.737328501698627861e+02 1.766805822951382197e+03 1.541233053921193687e+03 1.460820648113289735e+03 1.668615939403684479e+03 1.212022605024107634e+03
3.882352941176470722e+02 2.419865599642058896e+03 2.753217345192290395e+03 1.635529036242255870e+03 1.942056511824021982e+03 2.259641671119632065e+03 2.795938467811424289e+03 1.555444902878896755e+03 9.473657532462037807e+02 1.336725812577418083e+03 1.317036914740386464e+03 6.433421335072765714e+02 9.453306016683707185e+02 1.074534013771371519e+03 1.257861950399031684e+03 4.995004258025615513e+02 8.798091228966030712e+02 5.809226113089425780e+02 1.325342211963857380e+03 5.838281549846441294e+02 1.211365920115681774e+03 1.508055477437379295e+03 1.003643872283330438e+03 6.960851003953864620e+02 5.830845212399311777e+02 1.986483118880953043e+03 1.287603542265676197e+03 1.548253092721192615e+03 9.281391215558887779e+02 9.628682251902420148e+02 5.698868466385272313e+02 1.576917480164241624e+03 1.548581163098974457e+03 1.390871664714262124e+03 7.921044582623882206e+02 1.016559731942954613e+03 1.900899453299151901e+03 1.564061104868293341e+03 7.253180505162783902e+02 2.452676793101275962e+03 1.285454401800118148e+03 5.350188652496250370e+02 1.115665711445161605e+03 1.438632456697571342e+03 1.606836230472383477e+03 1.460655695797594262e+03 1.005462346550331176e+03 2.686502428891693853e+03 1.369187287604494941e+03 1.502064601439983335e+03 1.237685349401052235e+03 1.054740120534899233e+03 1.141506616618413773e+03 1.624065156561537606e+03 1.164092450544671692e+03 2.108150305615155958e+03 1.660661389543789483e+03 1.365980422766846004e+03 7.587214851014799706e+02 1.218902372225151566e+03 1.001819493608248649e+03 9.790653193053632322e+02 1.788643726740839838e+03 1.277649868519715255e+03 5.552403578676513689e+02 8.834150171867587460e+02 4.125383782329495830e+02 5.497383862399724421e+02 1.143626610281707826e+03 9.484492667030348230e+02 1.015824161291737482e+03 5.426084425568907363e+02 1.819690540825547259e+03 1.718092547919727622e+03 9.920401462393161864e+02 1.241314407210483523e+03 1.530550750361851897e+03 1.366932656838567937e+03 1.708051937303028808e+03 1.029120765951555541e+03 1.432859861261895958e+03 1.479109779461819016e+03 1.821208747364273677e+03 1.266005877792033289e+03 1.443168591033510666e+03 1.645256790061813035e+03 1.664166871312238982e+03 1.486082188935711656e+03 1.024342152264014658e+03 1.306933398895134360e+03 1.602630758986342016e+03 1.851007559572395394e+03 1.276149824784003840e+03 1.682846210056131895e+03 1.338891669809218683e+03 1.270583059534785662e+03 8.875675484800890445e+02 1.602882345921494334e+03 1.700007852633464836e+03 1.703222829955813722e+03 1.436604431876611898e+03 1.822643795164738322e+03 1.018364210362914719e+03 1.101116149411563129e+03 1.467676508269894839e+03 1.098533249446906211e+03 1.975839019620662839e+03 1.722826401694155038e+03 1.643974585585857767e+03 1.861343370397055651e+03 1.370649075771694925e+03
3.891176470588235361e+02 2.676917602990079558e+03 3.027614771184346409e+03 1.823456389651116524e+03 2.148843183110406699e+03 2.488808933986240845e+03 3.075615387820471824e+03 1.727905942752910732e+03 1.074521723280809965e+03 1.493614182835497559e+03 1.477694340291693152e+03 7.358331716599308265e+02 1.070550699239683809e+03 1.210906887004169221e+03 1.409866798221049748e+03 5.735013983899353889e+02 9.991066585838300398e+02 6.650827343162559373e+02 1.483816536117857822e+03 6.683409069975948569e+02 1.358789508723708423e+03 1.687364637945715685e+03 1.133649563729009287e+03 7.949401799517439713e+02 6.683450512756635362e+02 2.212923719955575507e+03 1.441584604067223154e+03 1.732202705198899594e+03 1.051833198285342860e+03 1.088666182195708188e+03 6.526408576294121531e+02 1.750604412988185913e+03 1.720300086718779539e+03 1.565506629282053837e+03 9.013325575807499490e+02 1.148789767071587448e+03 2.105862148952401640e+03 1.747572401960326943e+03 8.261305400199200903e+02 2.712952651970822899e+03 1.437726638595424902e+03 6.140170569103109983e+02 1.252688176710437347e+03 1.612240723306807013e+03 1.799879313813457429e+03 1.636069597407733227e+03 1.137972630784422336e+03 2.956222542259157308e+03 1.533240690650310626e+03 1.670154822471552279e+03 1.385686162858837633e+03 1.195783796713914626e+03 1.287442560927588602e+03 1.817394261308103296e+03 1.312195959501574180e+03 2.328623663951984781e+03 1.848001897685724998e+03 1.532497007499766823e+03 8.626430390151879237e+02 1.366243606457790747e+03 1.133141322502503499e+03 1.107132785651124323e+03 2.000026155461845519e+03 1.439589408947300626e+03 6.380891543748259664e+02 1.002455624407471305e+03 4.767780300435154004e+02 6.318890447954187266e+02 1.288017147754611415e+03 1.074647162711657757e+03 1.147786967970684600e+03 6.239147080215716414e+02 2.019316539792453341e+03 1.911362520789854671e+03 1.120132577675649372e+03 1.390282861865644691e+03 1.707994179358637439e+03 1.526808396418942039e+03 1.912514813589987625e+03 1.162322726111580323e+03 1.605279130672985275e+03 1.653008715529469782e+03 2.035249290227359324e+03 1.419125004364173265e+03 1.625012511364174088e+03 1.842639702523081269e+03 1.863814008305766720e+03 1.663541978563328257e+03 1.157117773552734207e+03 1.466386067751015389e+03 1.797080058532320209e+03 2.067655103254151072e+03 1.431619858556980716e+03 1.875856837281904745e+03 1.501471726602194394e+03 1.426791945623525635e+03 1.005415163036209378e+03 1.789703832953110577e+03 1.902014998452108784e+03 1.905007962859594272e+03 1.605218258661111349e+03 2.037395488636366736e+03 1.149442620852840264e+03 1.240481634364403135e+03 1.640933646213848306e+03 1.234722651172166479e+03 2.200188790031334065e+03 1.917559400451396414e+03 1.842356669962328851e+03 2.067481857083243540e+03 1.543375389459170037e+03
3.900000000000000000e+02 2.948690197692359106e+03 3.315274057005987743e+03 2.024296309352946992e+03 2.367617901833714768e+03 2.729666436346943101e+03 3.368960002924005039e+03 1.911268914260065003e+03 1.213565439129282140e+03 1.661811746993470706e+03 1.650924000064630491e+03 8.381449886739613930e+02 1.207232589458223174e+03 1.358925730137944356e+03 1.573626865219730007e+03 6.561821170763334976e+02 1.129947035586865923e+03 7.588069930098681652e+02 1.654288052205444956e+03 7.624237960133029901e+02 1.517663052817865719e+03 1.880008002475504099e+03 1.275239307373662086e+03 9.043192986672283951e+02 7.628444576595410354e+02 2.454713873402956324e+03 1.607097160890228906e+03 1.929764213507839258e+03 1.187065783740024017e+03 1.225830210301961870e+03 7.448630963287843088e+02 1.935101133095201476e+03 1.902899862178314379e+03 1.754569241131124045e+03 1.021396259697553660e+03 1.292821087771455268e+03 2.323130541696271848e+03 1.944454180681498883e+03 9.372313872780049451e+02 2.988077879005058549e+03 1.601182998160441457e+03 7.018083634804851272e+02 1.400768609135465795e+03 1.799274704025068786e+03 2.007525565432798885e+03 1.824757693274759504e+03 1.282584102132827866e+03 3.239279373862650573e+03 1.709673598977898564e+03 1.849246827375997327e+03 1.544894276141152659e+03 1.349956728130806823e+03 1.445847101924227445e+03 2.025046458888764846e+03 1.472832741912380925e+03 2.561535585733560310e+03 2.047753348740365482e+03 1.711999756046247057e+03 9.770102836246179550e+02 1.524926032279023730e+03 1.276347195748105150e+03 1.246817738875746727e+03 2.226826943519211454e+03 1.615084683915411915e+03 7.302494192465318292e+02 1.132769074230930755e+03 5.487536776800457119e+02 7.232932973322707539e+02 1.444686917768690364e+03 1.212450574981615546e+03 1.291486857976561396e+03 7.144115857871493063e+02 2.231324100775165789e+03 2.117342628377559777e+03 1.259799720011992349e+03 1.550645363034514730e+03 1.898132460548591325e+03 1.698183791756190431e+03 2.132257280796518899e+03 1.307288029736767839e+03 1.790871604198687237e+03 1.839684079277148840e+03 2.264718399967315236e+03 1.584193259200016882e+03 1.821892214362668255e+03 2.054985878160984157e+03 2.078562568917714543e+03 1.854344166014691609e+03 1.301639422286588115e+03 1.638514444665020619e+03 2.006582924936813242e+03 2.299737389817177700e+03 1.599417656526261226e+03 2.082126747250704739e+03 1.676842729536701199e+03 1.595629952695650672e+03 1.134308841678123144e+03 1.989867526197671395e+03 2.118872414284089700e+03 2.121637687139615537e+03 1.786224885211098126e+03 2.268061744635307605e+03 1.292039849739822330e+03 1.391639093795007739e+03 1.827045276529400098e+03 1.382432165302769135e+03 2.439613586145747377e+03 2.125202304596848990e+03 2.056006908907521392e+03 2.286706852990525931e+03 1.730417057640584744e+03
3.908823529411765207e+02 3.234369866972117961e+03 3.615046779885025444e+03 2.237732298524872022e+03 2.597733917476398801e+03 2.981314955363621721e+03 3.674817419452764625e+03 2.105121581707286623e+03 1.364777341415021738e+03 1.841125018000266209e+03 1.836669629711679590e+03 9.506915860073920612e+02 1.355607011787307329e+03 1.518680352114511379e+03 1.749056623459485536e+03 7.479905371697198007e+02 1.272638031895947734e+03 8.625334167773293075e+02 1.836628408897084455e+03 8.665122976750265025e+02 1.687926470880895295e+03 2.085818349660404238e+03 1.428572016488868485e+03 1.024639610497804824e+03 8.670128223331098525e+02 2.711437454765010443e+03 1.784015489430950538e+03 2.140760829473219928e+03 1.334090468706860975e+03 1.374544321917093612e+03 8.469941354442200918e+02 2.129970851109578689e+03 2.095969823357916539e+03 1.958123329761009245e+03 1.152632594492876251e+03 1.448831430101323349e+03 2.552106758917329898e+03 2.154477642088230823e+03 1.058968034982697418e+03 3.277224618636907508e+03 1.775666425538181329e+03 7.988256394391186177e+02 1.559883929320318202e+03 1.999628965764679151e+03 2.229637895354517696e+03 2.026594488786725833e+03 1.439521967609932290e+03 3.534573937316522461e+03 1.898360929306701564e+03 2.038967049226921290e+03 1.715189278913627732e+03 1.517555990433944089e+03 1.616840565051568092e+03 2.246845090524015632e+03 1.646105791775915350e+03 2.806124764497770229e+03 2.259530945852388868e+03 1.904428190066396382e+03 1.102140984519994163e+03 1.694866743894898264e+03 1.431642684933192413e+03 1.398313687994159409e+03 2.468816752302777331e+03 1.804233152787227027e+03 8.322040896888416910e+02 1.274635259138447964e+03 6.289507058361394911e+02 8.244345765604331291e+02 1.613715179509159043e+03 1.362106846430320957e+03 1.447095463365325031e+03 8.145854386443741078e+02 2.455195040557746324e+03 2.335624277277114288e+03 1.411197035687760945e+03 1.722292889385507351e+03 2.100699886145447181e+03 1.880849515886462541e+03 2.367118137005470544e+03 1.464176258646925362e+03 1.989520862877363015e+03 2.038927155190068788e+03 2.509357752969620378e+03 1.761128300907620542e+03 2.033890194520376099e+03 2.282153075233471100e+03 2.308268576094090349e+03 2.058337281851635453e+03 1.458070965790512673e+03 1.823264671265632614e+03 2.231050893530163648e+03 2.546974086803529190e+03 1.779484736570911537e+03 2.301325090630178238e+03 1.864930918772357472e+03 1.777076960788675478e+03 1.274481529664292566e+03 2.203113626982688857e+03 2.350386524264394666e+03 2.352907196138809013e+03 1.979414993387741561e+03 2.514408091076321398e+03 1.446292066124570738e+03 1.554671408781966647e+03 2.025824022558079150e+03 1.541688118431625981e+03 2.693683753029404215e+03 2.345362253063555272e+03 2.284804747403149122e+03 2.518521466294668699e+03 1.931852923682314668e+03
3.917647058823529278e+02 3.532926778215882223e+03 3.925570132117868980e+03 2.463281846642887103e+03 2.838370423883318381e+03 3.242672107106380281e+03 3.991812987071498355e+03 2.308901572913239306e+03 1.528334511186619466e+03 2.031221494021495801e+03 2.034733275878591257e+03 1.073824746990468384e+03 1.515800811958927397e+03 1.690143946038235981e+03 1.935936776461893714e+03 8.493368557576037574e+02 1.427394336865871765e+03 9.766518316113948686e+02 2.030569658158559832e+03 9.809930008848900798e+02 1.869389247911320126e+03 2.304469439538148436e+03 1.593698101853592789e+03 1.156251632714540619e+03 9.812254190852474949e+02 2.982478757311067511e+03 1.972077241018443601e+03 2.364852645978354303e+03 1.493060139808789700e+03 1.534888269146588073e+03 9.594280942401222774e+02 2.334626181225852633e+03 2.298950064605449825e+03 2.176080071819163095e+03 1.295295984147757508e+03 1.616887404524197564e+03 2.792019243243367328e+03 2.377252979181652336e+03 1.191614522501602096e+03 3.579346046586751527e+03 1.960884814682195156e+03 9.054546237400801374e+02 1.729892300954312987e+03 2.213046132196411691e+03 2.465908040309443095e+03 2.241298997055501786e+03 1.608902128815849437e+03 3.840794266711039654e+03 2.099032178748037495e+03 2.238796010800431759e+03 1.896320573031791128e+03 1.698763611214576258e+03 1.800417597663207289e+03 2.482441501531674021e+03 1.831990011593793497e+03 3.061448886061795747e+03 2.482785754608445586e+03 2.109574581595062227e+03 1.238274934851194075e+03 1.875852751473959188e+03 1.599123929020048081e+03 1.561708125104653618e+03 2.725578617756361837e+03 2.006990920211545244e+03 9.443881971450142601e+02 1.428238620630891319e+03 7.178274547824590854e+02 9.357491844028829746e+02 1.795057391464112925e+03 1.523758891538623402e+03 1.614673330377290995e+03 9.248765686618563677e+02 2.690239205442035654e+03 2.565629936322009144e+03 1.574374390318988162e+03 1.904985776135236620e+03 2.315275786700146455e+03 2.074455154445066455e+03 2.616753961080182307e+03 1.633034338815066803e+03 2.200958662237558201e+03 2.250377034186251876e+03 2.768719176307878115e+03 1.949713863875031620e+03 2.260929223575606102e+03 2.523823955932781701e+03 2.552610569218957608e+03 2.275213538264741601e+03 1.626464100991860050e+03 2.020444216929588720e+03 2.470222865452507449e+03 2.808892234246604403e+03 1.971627541828953099e+03 2.532950655614683455e+03 2.065520900999519654e+03 1.970976981165566485e+03 1.426071124097926258e+03 2.429017896124378240e+03 2.596183634443352730e+03 2.598432360636301837e+03 2.184432337979539170e+03 2.776010048014691620e+03 1.612225100409483957e+03 1.729541142747657204e+03 2.236930029834451943e+03 1.712400195662780561e+03 2.961772113291687674e+03 2.577475465692386479e+03 2.528455228970399276e+03 2.762249861720753415e+03 2.147610588359661506e+03
3.926470588235293917e+02 3.843114857613877575e+03 4.245273466224912227e+03 2.700290375069943366e+03 3.088532298842781074e+03 3.512476308007936041e+03 4.318358674290587260e+03 2.521893587940254747e+03 1.704297293531101786e+03 2.231622996800867895e+03 2.244765557292404083e+03 1.207821137556662507e+03 1.687824553469970624e+03 1.873161915369930512e+03 2.133905495693133616e+03 9.605814508030082379e+02 1.594323865039406883e+03 1.101490753086790619e+03 2.235695875069687645e+03 1.106190516858708406e+03 2.061721787765543013e+03 2.535467279906123167e+03 1.770547400151124748e+03 1.299425516662080327e+03 1.105790428031775491e+03 3.267015956609920067e+03 2.170875698067533904e+03 2.601527853121296630e+03 1.664014060987421544e+03 1.706825430391410237e+03 1.082499619148775992e+03 2.548326811215698854e+03 2.511128532470311711e+03 2.408185201974931260e+03 1.449544946704554832e+03 1.796932242189154749e+03 3.041921238523151715e+03 2.612221127027305556e+03 1.335358543849980606e+03 3.893176622155035147e+03 2.156403989800258842e+03 1.022022006789122997e+03 1.910523756392584346e+03 2.439106749071424929e+03 2.715846360340505271e+03 2.468425412384903666e+03 1.790718025890835861e+03 4.156421228550191699e+03 2.311262854584136221e+03 2.448064465132082660e+03 2.087899501713647169e+03 1.893631879155801016e+03 1.996435174804507824e+03 2.731305795576036871e+03 2.030320382618894200e+03 3.326385220148386907e+03 2.716800063391563981e+03 2.327073917728436300e+03 1.385561268233484952e+03 2.067532612144009818e+03 1.778764940226737053e+03 1.736970066381737752e+03 2.996498443417489852e+03 2.223160312723858624e+03 1.067176186758779068e+03 1.593655168857706030e+03 8.158043836445373245e+02 1.057613661734515290e+03 1.988533624310836331e+03 1.697432494811697325e+03 1.794157779024152660e+03 1.045666651805466017e+03 2.935591838286749862e+03 2.806608497488644389e+03 1.749263828244230126e+03 2.098345446418662959e+03 2.541277241639884323e+03 2.278502512025882424e+03 2.880628800456832323e+03 1.813784608875516142e+03 2.424755396960048984e+03 2.473512460381474284e+03 3.042155426688505486e+03 2.149590610448200096e+03 2.502759015057143188e+03 2.779495678118399155e+03 2.811079231437470753e+03 2.504499578105294404e+03 1.806746350467280308e+03 2.229711603665326493e+03 2.723654006693798237e+03 3.084817621786376549e+03 2.175507416986437875e+03 2.776325685527779569e+03 2.278245519474391585e+03 2.177027548560129162e+03 1.589107993087520754e+03 2.666984022366918452e+03 2.855700586801572626e+03 2.857640359803598130e+03 2.400765735723517992e+03 3.052243176956875232e+03 1.789742695141007971e+03 1.916079459719861006e+03 2.459862651782623743e+03 1.894351007127449520e+03 3.243047826292458467e+03 2.820802351380305481e+03 2.786477637245595815e+03 3.017033726441286490e+03 2.377453558717481883e+03
3.935294117647059124e+02 4.163476175510890243e+03 4.572389336035795168e+03 2.947928065532420987e+03 3.347053167606242368e+03 3.789294461088511525e+03 4.652663943587271206e+03 2.743229295417067078e+03 1.892597083240824531e+03 2.441701462465978238e+03 2.466258164508117261e+03 1.352869779666452814e+03 1.871561359178821476e+03 2.067442360419202487e+03 2.342451838706178478e+03 1.082022759034375895e+03 1.773415181975668702e+03 1.237304428887870472e+03 2.451437124338520334e+03 1.242354559154833623e+03 2.264448807665311506e+03 2.778144147257251007e+03 1.958918535938858895e+03 1.454337742920777600e+03 1.240936864878912274e+03 3.564017988426433931e+03 2.379854176573645873e+03 2.850096606147674720e+03 1.846866231025525394e+03 1.890192004368036351e+03 1.216470964888025264e+03 2.770179933571535457e+03 2.731640890963377387e+03 2.654008419960909123e+03 1.615429669213548323e+03 1.988775015495295975e+03 3.300692638012968018e+03 2.858648323144436745e+03 1.490289243542157692e+03 4.217236681048164428e+03 2.361642841427885287e+03 1.148783555692889649e+03 2.101372814499837204e+03 2.677221719251420382e+03 2.978774509344832495e+03 2.707356499057931615e+03 1.984828879422306954e+03 4.479738541749219621e+03 2.534468373306435751e+03 2.665952267149248655e+03 2.289393645676751476e+03 2.102070026539650371e+03 2.204602313992626932e+03 2.992720391829943765e+03 2.240781969068498256e+03 3.599634943344896328e+03 2.960685726156446890e+03 2.556396404793340480e+03 1.544046431882020215e+03 2.269410200763105877e+03 1.970406413502283840e+03 1.923939038718996244e+03 3.280758653982885789e+03 2.452379470961038805e+03 1.200869261935818031e+03 1.770840703613964706e+03 9.232529183185573629e+02 1.190332186529006549e+03 2.193818762836723636e+03 1.883024910916669114e+03 1.985352267859840595e+03 1.177266151640452790e+03 3.190214175556878672e+03 3.057633827305964587e+03 1.935668743933963924e+03 2.301848351308831752e+03 2.777954648624316178e+03 2.492341395070246563e+03 3.158007077241349180e+03 2.006214306812122686e+03 2.660313026063948200e+03 2.707646451863723087e+03 3.328814477469072244e+03 2.360249224688506274e+03 2.758945199135622715e+03 3.048472349578203648e+03 3.082969837812787318e+03 2.745549929485722259e+03 1.998710503175708254e+03 2.450568405812322453e+03 2.990707338864064241e+03 3.373869404810544893e+03 2.390632935118688238e+03 3.030592739103703934e+03 2.502578116436604887e+03 2.394771270292702866e+03 1.763503779297680467e+03 2.916238915745360373e+03 3.128178384769119020e+03 3.129763400277248365e+03 2.627743798094441900e+03 3.342276288002489309e+03 1.978616344624988187e+03 2.113976855293320114e+03 2.693954779416813381e+03 2.087187442950831610e+03 3.536473766161254844e+03 3.074425635021208109e+03 3.058197099582613191e+03 3.281832152029232930e+03 2.620970688547676673e+03
3.944117647058823195e+02 4.492349459852151995e+03 4.904968730809759109e+03 3.205189918551581286e+03 3.612601999918824276e+03 4.071533304723377569e+03 4.992750928713575377e+03 2.971890246064937855e+03 2.093025660940008493e+03 2.660677287548834556e+03 2.698538976453082341e+03 1.509060156914358004e+03 2.066757336565144215e+03 2.272548623376695105e+03 2.560911659716251506e+03 1.213885310574500863e+03 1.964526181289966416e+03 1.384260254225687731e+03 2.677066037585736012e+03 1.389647370302561967e+03 2.476945117171547736e+03 3.031655388629360004e+03 2.158470179476136764e+03 1.621058529767717346e+03 1.386802927852207858e+03 3.872245371254160091e+03 2.598303098667970062e+03 3.109688056004555619e+03 2.041395235325123849e+03 2.084688037014107977e+03 1.361519464963241489e+03 2.999143609192581152e+03 2.959473281020393188e+03 2.912935505026559895e+03 1.792880646760460877e+03 2.192081658117112056e+03 3.567045289207869700e+03 3.115623808622705383e+03 1.656385897473954856e+03 4.549841223027362503e+03 2.575871160365566539e+03 1.285912637591793327e+03 2.301893276960714047e+03 2.926627572320246600e+03 3.253821131604784114e+03 2.957299676264059599e+03 2.190949660995213435e+03 4.808847191799804932e+03 2.767900648717638887e+03 2.891490062913555448e+03 2.500123685388133708e+03 2.323832613784227760e+03 2.424472037887626357e+03 3.265776786639055445e+03 2.462902126644761211e+03 3.879731094965165539e+03 3.213385561449784291e+03 2.796842472798407016e+03 1.713663265460343837e+03 2.480840861427718210e+03 2.173746249512410031e+03 2.122315742260990646e+03 3.577335412520833870e+03 2.694114414174035119e+03 1.345682936718792917e+03 1.959620312375398271e+03 1.040484194615781689e+03 1.334124176179818051e+03 2.410435002151719345e+03 2.080295041967672205e+03 2.187917563142097151e+03 1.319901996940130175e+03 3.452897518447621678e+03 3.317606482411460547e+03 2.133254996725968340e+03 2.514822319144297580e+03 3.024390313176153541e+03 2.715168030635992636e+03 3.447949654183651546e+03 2.209966937628634241e+03 2.906860924846503167e+03 2.951923674332262181e+03 3.627637167696810138e+03 2.581025902649115778e+03 3.028861001082693292e+03 3.329860748999110911e+03 3.367378057744800572e+03 2.997543379555576848e+03 2.202005982624098579e+03 2.682353730596266359e+03 3.270548469273871433e+03 3.674958458836050795e+03 2.616354625639304231e+03 3.294714798207918193e+03 2.737827354146354082e+03 2.623589891342744068e+03 1.949041626905634303e+03 3.175831194016268910e+03 3.412659145373627325e+03 3.413835703935470974e+03 2.864532450310066451e+03 3.645068242330368776e+03 2.178477017125750081e+03 2.322775981631343257e+03 2.938370045858947833e+03 2.290414153086873284e+03 3.840807757743070852e+03 3.337251878644060525e+03 3.342739386385932448e+03 3.555424972367278770e+03 2.877568146829536090e+03
3.952941176470587834e+02 4.827883030568907088e+03 5.240900494646634797e+03 3.470899088334016142e+03 3.883693113801369691e+03 4.357454371591180461e+03 5.336474009158633635e+03 3.206713690039839548e+03 2.305226453831927302e+03 2.887620494571879135e+03 2.940770029561731917e+03 1.676371324456637467e+03 2.273014002801958668e+03 2.487894188908612705e+03 2.788466197995787752e+03 1.356308242009716423e+03 2.167374513674411901e+03 1.542426928264410662e+03 2.911697215464248984e+03 1.548131993900080488e+03 2.698434010184215822e+03 3.294979614396394936e+03 2.368714364070133342e+03 1.799540349870371756e+03 1.543425184490497713e+03 4.190254937514656376e+03 2.825359642398689175e+03 3.379250509606752985e+03 2.247235919544107219e+03 2.289870322965125979e+03 1.517725629747509402e+03 3.234033155235516460e+03 3.193468098753944560e+03 3.184163389948552776e+03 1.981698866797798473e+03 2.406368137999068040e+03 3.839531840777935031e+03 3.382060765822659050e+03 1.833507847260421158e+03 4.889113112977400306e+03 2.798210026967387876e+03 1.433489288296835866e+03 2.511395389392729612e+03 3.186384811008510951e+03 3.539921096702521936e+03 3.217286314513205980e+03 2.408643174668880420e+03 5.141683854652433183e+03 3.010647525205173679e+03 3.123564031153808628e+03 2.719262720861030630e+03 2.558510089414704453e+03 2.655435665908114061e+03 3.549375772448706812e+03 2.696045170695193065e+03 4.165050214012806464e+03 3.473678223206642997e+03 3.047540828594147570e+03 1.894221456224513531e+03 2.701030200731497644e+03 2.388332128531351827e+03 2.331654804622444772e+03 3.884999528711497987e+03 2.947653737829776219e+03 1.501735270015044989e+03 2.159679705605381514e+03 1.167737905417714501e+03 1.489112499993089614e+03 2.637746623535842446e+03 2.288855451238518981e+03 2.401365027207643379e+03 1.473705712945875121e+03 3.722270672693983215e+03 3.585258941458205300e+03 2.341543936478578416e+03 2.736445635113723711e+03 3.279500246019330916e+03 2.946026385689220206e+03 3.749313613018901833e+03 2.424535865640694283e+03 3.163454730592049600e+03 3.205321140626450870e+03 3.937358805267508160e+03 2.811100688581118902e+03 3.311682042674412060e+03 3.622569488170646764e+03 3.663199178201782615e+03 3.259482511917879947e+03 2.416132284360012363e+03 2.924241679949901481e+03 3.562143715208303092e+03 3.986789455023568735e+03 2.851862536559078308e+03 3.567478786649668564e+03 2.983135077762406581e+03 2.862701074272300957e+03 2.145368144054291406e+03 3.444632936046614304e+03 3.707986604315241948e+03 3.708694076488767678e+03 3.110135513309664930e+03 3.959368476062832997e+03 2.388808977408968985e+03 2.541866770044046461e+03 3.192103105321582461e+03 2.503389327899754790e+03 4.154607629512144740e+03 3.608016341765122434e+03 3.639029230025654215e+03 3.836419627297551415e+03 3.146464368089546497e+03
3.961764705882353041e+02 5.168051792881786241e+03 5.577934546032475737e+03 3.743713653929582506e+03 4.158699584696440979e+03 4.645192198486842244e+03 5.681543120957522660e+03 3.446401437679277933e+03 2.528687881609026590e+03 3.121454784494495470e+03 3.191948331891370799e+03 1.854662142962360804e+03 2.489782728311915889e+03 2.712740021347465699e+03 3.024143535644693202e+03 1.509334476267567425e+03 2.381530042964720451e+03 1.711763535426190856e+03 3.154289577311170433e+03 1.717761379886077293e+03 2.927988354879200415e+03 3.566921993466913136e+03 2.589012271083771793e+03 1.989607782374461067e+03 1.710728698687555152e+03 4.516408667078158942e+03 3.060010384620503373e+03 3.657555134808812454e+03 2.463873299893899457e+03 2.505147663186556201e+03 1.685062202797780401e+03 3.473530473182071091e+03 3.432332711782521983e+03 3.466698416335467755e+03 2.181547655186852353e+03 2.630995985336949161e+03 4.116557931431075303e+03 3.656700700111832248e+03 2.021386039748179201e+03 5.233000384621916965e+03 3.027635083498506901e+03 1.591490208315152586e+03 2.729045696141365170e+03 3.455379563501710436e+03 3.835818237757865518e+03 3.486174244613391238e+03 2.637314418598617522e+03 5.476043178166951293e+03 3.261635251905095629e+03 3.360923513006880057e+03 2.945838497843189998e+03 2.805521729754497301e+03 2.896719852047665427e+03 3.842231130053915422e+03 2.939409807031666332e+03 4.453827496915313532e+03 3.740186253834860054e+03 3.307449515901481846e+03 2.085399591966075150e+03 2.929035525219538158e+03 2.613556449936708759e+03 2.551359744076394691e+03 4.202321287029173618e+03 3.212106304196784549e+03 1.669035820777453864e+03 2.370558501477428308e+03 1.305171545463398388e+03 1.655312492629634335e+03 2.874957549419535553e+03 2.508166644012884262e+03 2.625052311251365154e+03 1.638702411420929593e+03 3.996810811590898993e+03 3.859164190273648728e+03 2.559907936351887201e+03 2.965748845044634436e+03 3.542039139903283285e+03 3.183812397313969086e+03 4.060755703015861400e+03 2.649260237098661491e+03 3.428978441419399587e+03 3.466652015568686693e+03 4.256514590555782888e+03 3.049498573231594492e+03 3.606384398081693234e+03 3.925311825499633869e+03 3.969131080614117309e+03 3.530196582659859814e+03 2.640434882127535275e+03 3.175241704385275625e+03 3.864261823990909761e+03 4.307866981523356117e+03 3.096186755956597153e+03 3.847502571769664883e+03 3.237477115590853828e+03 3.111158074836568176e+03 2.351987559923606113e+03 3.721344949095357151e+03 4.012810376444933354e+03 4.012982238889958808e+03 3.363398502209985509e+03 4.283721622756973375e+03 2.608946119519197964e+03 2.770484156150482704e+03 3.453983159842257919e+03 2.725323080676285372e+03 4.476240418645115824e+03 3.885291385822681605e+03 3.945792440123600500e+03 4.123261684832952596e+03 3.426688121682683231e+03
3.970588235294117112e+02 5.510678147440081375e+03 5.913708457310111044e+03 4.022136716416158833e+03 4.435869771200745163e+03 4.932775671634629362e+03 6.025550723681640193e+03 3.689531532044013147e+03 2.762739210073500544e+03 3.360964485110748228e+03 3.450910010606040942e+03 2.043663149389417867e+03 2.716361793428810415e+03 2.946194688557703557e+03 3.266822910973155558e+03 1.672900874511294660e+03 2.606409485095243326e+03 1.892109945828456830e+03 3.403651756649032905e+03 1.898368895022879769e+03 3.164534540563499831e+03 3.846121109609539872e+03 2.818572460399419469e+03 2.190949039345963229e+03 1.888518490563126534e+03 4.848886536810579855e+03 3.301096763390100477e+03 3.943203025952612279e+03 2.690638726765036154e+03 2.729778578584640854e+03 1.863384436680626322e+03 3.716196247590636176e+03 3.674651098468120836e+03 3.759358060732875401e+03 2.391946560023804523e+03 2.865170402999144699e+03 4.396397815953498139e+03 3.938121295425110475e+03 2.219616284552538673e+03 5.579297580661857864e+03 3.262982655800718476e+03 1.759779842972876622e+03 2.953869480412683970e+03 3.732328594302345209e+03 4.140071801560993663e+03 3.762653615981202620e+03 2.876207597717307181e+03 5.809603532943727259e+03 3.519634154928272437e+03 3.602191614637638850e+03 3.178738411480231662e+03 3.064111236460919372e+03 3.147386426767553530e+03 4.142877064192395665e+03 3.192029421660316530e+03 4.744175256073292985e+03 4.011387497879359671e+03 3.575360236494609126e+03 2.286739190076331852e+03 3.163770280876729430e+03 2.848653821904547385e+03 2.780680514334886084e+03 4.527679297792255966e+03 3.486402129887033880e+03 1.847475817460278222e+03 2.591645810080412502e+03 1.452850160134315729e+03 1.832622029795350500e+03 3.121111795112875825e+03 2.737533682594009406e+03 2.858181626290411714e+03 1.814800842803527075e+03 4.274857681263012637e+03 4.137747669054709149e+03 2.787568376625466044e+03 3.201619495210249170e+03 3.810608802962286973e+03 3.427281217368565649e+03 4.380739760941305576e+03 2.883323583919499924e+03 3.702149816430898227e+03 3.734572811558661670e+03 4.583449120343712821e+03 3.295093672195653653e+03 3.911746268980625246e+03 4.236612275804744058e+03 4.283680950889351152e+03 3.808347721101532443e+03 2.874103736121456677e+03 3.434202136193410297e+03 4.175479453385900342e+03 4.636505570412364250e+03 3.348200892989028034e+03 4.133245437830029914e+03 3.499667310717720284e+03 3.367852603951702349e+03 2.568257971336537594e+03 4.004505479482703777e+03 4.325593913911516211e+03 4.325158872760842314e+03 3.623015530660357399e+03 4.616476045127614270e+03 2.838070839277324012e+03 3.007708515738241204e+03 3.722680772607692234e+03 2.955278502453370038e+03 4.803895412942226358e+03 4.167498182435268973e+03 4.261561756866706673e+03 4.414248768000809832e+03 3.717079968157283929e+03
3.979411764705882888e+02 5.853456408107763309e+03 6.245776981235590938e+03 4.304529793461155350e+03 4.713346824470530009e+03 5.218151922621023914e+03 6.366001666068222221e+03 3.934572716987529020e+03 3.006548942433149477e+03 3.604804377083912641e+03 3.716337406194767482e+03 2.242970106734952878e+03 2.951895844614585712e+03 3.187217225823681019e+03 3.515242098281375092e+03 1.846829598598067605e+03 2.841273559181991914e+03 2.083178685241459789e+03 3.658450480963774680e+03 2.089660300850771364e+03 3.406859304878902549e+03 4.131059028825882706e+03 3.056451899777720882e+03 2.403109375095250925e+03 2.076472584786782591e+03 5.185703229391243440e+03 3.547323479656155087e+03 4.234635728038309026e+03 2.926708681797252211e+03 2.962871612895466114e+03 2.052421805512113224e+03 3.960484845587054224e+03 3.918898128286097744e+03 4.060776138258044739e+03 2.612267418290246951e+03 3.107941120625067470e+03 4.677212790000965470e+03 4.224747607738850093e+03 2.427654601933721551e+03 5.925670547976743364e+03 3.502958708434685832e+03 1.938102926488622415e+03 3.184756023188336712e+03 4.015787628414224855e+03 4.451066549159318129e+03 4.045256070136736525e+03 3.124405837918495763e+03 6.139955638472593819e+03 3.783267316380269676e+03 3.845878538543054219e+03 3.416717331727983947e+03 3.333345357124142083e+03 3.406335273694907755e+03 4.449679143394460880e+03 3.452775456598861638e+03 5.034104291941667725e+03 4.285629545232647615e+03 3.849905865768866533e+03 2.497640786074201969e+03 3.404011161839151100e+03 3.092701217817452289e+03 3.018713692179248937e+03 4.859273088551577530e+03 3.769296466707737181e+03 2.036819675113295489e+03 2.822178253479972227e+03 1.610737038322332864e+03 2.020813050881018171e+03 3.375096726542121360e+03 2.976105449814629992e+03 3.099800703337860341e+03 2.001784796177928683e+03 4.554630772614921625e+03 4.419302439521911765e+03 3.023596301483233674e+03 3.442809684768229090e+03 4.083669671300701339e+03 3.675057270824288935e+03 4.707547864278791167e+03 3.125755103837348088e+03 3.981529087334636188e+03 4.007593680021617729e+03 4.916329663191888358e+03 3.546616303674467872e+03 4.226353199109783418e+03 4.554816936744693521e+03 4.605175837530558965e+03 4.092440577129700159e+03 3.116174439638066360e+03 3.699816896400628139e+03 4.494190333127546182e+03 4.970843680451091132e+03 3.606628764515778585e+03 4.423021863825181754e+03 3.768364752309241794e+03 3.631520615228033876e+03 2.793390225282009851e+03 4.292502217131077487e+03 4.644626325577298303e+03 4.643509468363624364e+03 3.887539397428319262e+03 4.955796454798099148e+03 3.075215587385269828e+03 3.252469027625486433e+03 3.996717910828145705e+03 3.192175547807863495e+03 5.135601010817859787e+03 4.452921737993568058e+03 4.584686545180807116e+03 4.707547738917272909e+03 4.016297197483758282e+03
3.988235294117646959e+02 6.193980674331552109e+03 6.571644007611803318e+03 4.589129495519163356e+03 4.989190856740951858e+03 5.499212653949039122e+03 6.700345726218858545e+03 4.179901555292928606e+03 3.259126301649130710e+03 3.851512421742515016e+03 3.986769518146252267e+03 2.452039720456347368e+03 3.195378377920504590e+03 3.434623106390251451e+03 3.768007705707589139e+03 2.030821134255437755e+03 3.085226928490019873e+03 2.284548767931851671e+03 3.917222089509732996e+03 2.291207686397234284e+03 3.653619550681154124e+03 4.420074956930891858e+03 3.301559945170512037e+03 2.625486850228526237e+03 2.274136917951479063e+03 5.524728686961529093e+03 3.797269902985246063e+03 4.530149341469500541e+03 3.171106475118799153e+03 3.203388590100926194e+03 2.251771696306116610e+03 4.204761822941134596e+03 4.163456594514042081e+03 4.369411810378741393e+03 2.841733121538791693e+03 3.358206323960568625e+03 4.957072718285097835e+03 4.514866740750439931e+03 2.644814950769810821e+03 6.269684651738132743e+03 3.746150640736195328e+03 2.126078709628100114e+03 3.420466720591323337e+03 4.304163288069647933e+03 4.767026688308363191e+03 4.332367446895310422e+03 3.380834035004112138e+03 6.464633878176035068e+03 4.051022576412105991e+03 4.090397682020515276e+03 3.658408382309908575e+03 3.612115683263127266e+03 3.672310437463435392e+03 4.760849063632536854e+03 3.720363951108246511e+03 5.321548090904630953e+03 4.561147364322973772e+03 4.129571433226928093e+03 2.717362521213488435e+03 3.648408268314782163e+03 3.344621241031689351e+03 3.264405583223533540e+03 5.195139855810969493e+03 4.059377500993062768e+03 2.236698324359866092e+03 3.061240813146413984e+03 1.778685583448938814e+03 2.219524847433251125e+03 3.635649680569548309e+03 3.222876843633252065e+03 3.348806860966587919e+03 2.199306214703072328e+03 4.834249633378699400e+03 4.702007493197785152e+03 3.266916147574121624e+03 3.687946622103858317e+03 4.359555647670011240e+03 3.925647425825708979e+03 5.039295537063412667e+03 3.375434060068294912e+03 4.265531160042946794e+03 4.284092224505166087e+03 5.253163571866587517e+03 3.802663272376636996e+03 4.548607391565365106e+03 4.878107741098735460e+03 4.931777110957673358e+03 4.380835408837503564e+03 3.365532558707531734e+03 3.970635451452691086e+03 4.818618485761771808e+03 5.308861655552723278e+03 3.870054189063110698e+03 4.715018719668267295e+03 4.042084351600939499e+03 3.900751647942402087e+03 3.026449469739193319e+03 4.583587923683113331e+03 4.968037936167224871e+03 4.966161967207769521e+03 4.155394957261650234e+03 5.299680582698593753e+03 3.319267490956548954e+03 3.503549995105856851e+03 4.274481263858875536e+03 3.434797791063752811e+03 5.469245411804574360e+03 4.739729142944879641e+03 4.913346576262518283e+03 5.001215151323574901e+03 4.322822513702182732e+03
3.997058823529412166e+02 6.529774891074747757e+03 6.888796074520523689e+03 4.874066839066249486e+03 5.261403074822890630e+03 5.773821848256979138e+03 7.026011667482401208e+03 4.423821479225941403e+03 3.519325277914854269e+03 4.099524905953298003e+03 4.260615331930531283e+03 2.670187418209057341e+03 3.445656800618256057e+03 3.687092787798582776e+03 4.023608241211096811e+03 2.224448812523337892e+03 3.337220821405922379e+03 2.495661345856171010e+03 4.178386750610713534e+03 2.502445266438747240e+03 3.903354694121494504e+03 4.711381703930400363e+03 3.552665030173002378e+03 2.857330309672146996e+03 2.480922172113789202e+03 5.863711775882111397e+03 4.049404041110110938e+03 4.827911504785033685e+03 3.422706512609353467e+03 3.450150453924333306e+03 2.460894792149223122e+03 4.447323366655602513e+03 4.406636220652882002e+03 4.683561823980096960e+03 3.079418666756777384e+03 3.614719222304854156e+03 5.233979531253784444e+03 4.806645376264998959e+03 2.870269198144283564e+03 6.608835368503785503e+03 3.991041604407081650e+03 2.323196907469984581e+03 3.659645738573986364e+03 4.595727921621863061e+03 5.086032974614564409e+03 4.622243274042909434e+03 3.644264403442185994e+03 6.781149038354441473e+03 4.321267146710592897e+03 4.334083780488664161e+03 3.902336119357373718e+03 3.899143548379217464e+03 3.943909061739067965e+03 5.074462427735197707e+03 3.993365103623956657e+03 5.604388829802575856e+03 4.836083299081697078e+03 4.412707937514457626e+03 2.945021068903146443e+03 3.895497794811265976e+03 3.603188107715649494e+03 3.516558114626664064e+03 5.533174421762962993e+03 4.355077135761926911e+03 2.446604352558001665e+03 3.307770154666384315e+03 1.956432359377831972e+03 2.428259060317208878e+03 3.901367327541657687e+03 3.476693593645841702e+03 3.603953666935639376e+03 2.406880083526979433e+03 5.111756232440794520e+03 4.983948529447831788e+03 3.516312032803251441e+03 3.935545672329336867e+03 4.636491579524324152e+03 4.177456451407806526e+03 5.373950228838283692e+03 3.631096844032715126e+03 4.552440627305076305e+03 4.562329812547913207e+03 5.591818834754098134e+03 4.061710735471489443e+03 4.876740228372851561e+03 5.204519983092194707e+03 5.261498207461497259e+03 4.671764071310196414e+03 3.620920542008194843e+03 4.245075708354047492e+03 5.146834600300120655e+03 5.648402903997310204e+03 4.136933643676838983e+03 5.007315093145411993e+03 4.319210295686903009e+03 4.174000765127586419e+03 3.266359260734781856e+03 4.875898630535144548e+03 5.293819134098645009e+03 5.291105634073412148e+03 4.424894986752986370e+03 5.645979279202864745e+03 3.568975580223792804e+03 3.759599934827715970e+03 4.554238464595065125e+03 3.681801976685579120e+03 5.802600258473336908e+03 5.025990309689926107e+03 5.245569051749237588e+03 5.293220008324035916e+03 4.634975987495158734e+03
4.005882352941176805e+02 6.858325204854319963e+03 7.194736837892780386e+03 5.157389093981985752e+03 5.527951754706897191e+03 6.039844766599957438e+03 7.340442480108825293e+03 4.664583933255105876e+03 3.785851877179439271e+03 4.347193993863528704e+03 4.536169982371570768e+03 2.896587557549711164e+03 3.701440411333799602e+03 3.943183258002233288e+03 4.280429738784342589e+03 2.427155371331607967e+03 3.596058538972113183e+03 2.715817731066520992e+03 4.440265221711928461e+03 2.722667504653163633e+03 4.154501663141652898e+03 5.003085109409416873e+03 3.808404203349572981e+03 3.097739975176619737e+03 2.696102829957200356e+03 6.200307023374957680e+03 4.302098949361696214e+03 5.125981443127820057e+03 3.680241621702953125e+03 3.701846023327446801e+03 2.679112838172799457e+03 4.686417694075534200e+03 4.646694617024229046e+03 5.001376380639444506e+03 3.324255073367033674e+03 3.876097634527403443e+03 5.505892731057881065e+03 5.098150195703966347e+03 3.103049738275620257e+03 6.940580976688548617e+03 4.236027175493996765e+03 2.528815815877820114e+03 3.900833244710441704e+03 4.888637556893317196e+03 5.406043198944607866e+03 4.913027406516876908e+03 3.913325196244608833e+03 7.087022384665749087e+03 4.592265112114302610e+03 4.575213202273129355e+03 4.146932289727050374e+03 4.192988196764757959e+03 4.219593534219719913e+03 5.388479748442070559e+03 4.270215804930579907e+03 5.880485198338017653e+03 5.108509499986445007e+03 4.697549208200281100e+03 3.179595170340802269e+03 4.143717276776760627e+03 3.867036573714089172e+03 3.773837548514776245e+03 5.871152602944430328e+03 4.654685077825093686e+03 2.665889284076432887e+03 3.560560990471121386e+03 2.143591893281043212e+03 2.646376900504956666e+03 4.170718012588691636e+03 3.736260076845126150e+03 3.863860671739867939e+03 2.623881504827484605e+03 5.385139609389196266e+03 5.263141161936680874e+03 3.770437007902747609e+03 4.184026043046013001e+03 4.912613402722967294e+03 4.428804998233536935e+03 5.709353302950435136e+03 3.891346989658003167e+03 4.840429874613404536e+03 4.840470885120655112e+03 5.930048063099985484e+03 4.322129862929914452e+03 5.208828723888432251e+03 5.531963173703152279e+03 5.592225836542610523e+03 4.963349015675076771e+03 3.880947655186251723e+03 4.521439830018914108e+03 5.476776090100066540e+03 5.987198377794481530e+03 4.405611732479582315e+03 5.297904881775551075e+03 4.598012400946109665e+03 4.449603680535193234e+03 3.511908512068757318e+03 5.167474899270581773e+03 5.619842429628798527e+03 5.616213185288117529e+03 4.694258912201632484e+03 5.992420110951209608e+03 3.822960904105703776e+03 4.019143604830846925e+03 4.834156960936426003e+03 3.931730196186101693e+03 6.133347225424197859e+03 5.309701261425068878e+03 5.579249249003913064e+03 5.581468992012445597e+03 4.950930476459120655e+03
4.014705882352940876e+02 7.177113602785042531e+03 7.487021943402522083e+03 5.437083891931509243e+03 5.786799304048310660e+03 6.295177364436843163e+03 7.641130987238176203e+03 4.900410883528908926e+03 4.057274179665974316e+03 4.592807346835213139e+03 4.811633528476580068e+03 3.130276140822998514e+03 3.961311199083166230e+03 4.201342125637179379e+03 4.536773870277649621e+03 2.638251675927438555e+03 3.860403896516525492e+03 2.944179688576979061e+03 4.701098135164073938e+03 2.951029576761104181e+03 4.405412314480977329e+03 5.293206037228982495e+03 4.067295501073999276e+03 3.345670692807012983e+03 2.918818588438966344e+03 6.532103661419155287e+03 4.553651594378887239e+03 5.422332554456409525e+03 3.942313072262594233e+03 3.957043415110883871e+03 2.905608667455506748e+03 4.920267753175535290e+03 4.881859721978636117e+03 5.320878076878670072e+03 3.575035972320617930e+03 4.140836396660534774e+03 5.770756283138367507e+03 5.387370738211371645e+03 3.342054662613412347e+03 7.262376647300396144e+03 4.479434143104569557e+03 2.742162596423027026e+03 4.142481012943571841e+03 5.180952560907997395e+03 5.724915423500519864e+03 5.202773177397715699e+03 4.186512307819386479e+03 7.379820096642248245e+03 4.862197253202198226e+03 4.812025763098143216e+03 4.390553741361059110e+03 4.492058263248592993e+03 4.497706326217346032e+03 5.700770174390729153e+03 4.549235085813466867e+03 6.147701134883914165e+03 5.376452143590154265e+03 4.982231458545818896e+03 3.419931849546572266e+03 4.391423120190387635e+03 4.134673813351841090e+03 4.034786059479600681e+03 6.206757389783640974e+03 4.956366005650534134e+03 2.893763202729682689e+03 3.818275089281360579e+03 2.339653116291884999e+03 2.873098662160339245e+03 4.442056951619437314e+03 4.000149952971480616e+03 4.127025827082318756e+03 2.849544924608566362e+03 5.652361970084605673e+03 5.537555996739757575e+03 4.027825013820282493e+03 4.431728623405565486e+03 5.185990562623880578e+03 4.677949676841503788e+03 6.043244873866430680e+03 4.154667972512527740e+03 5.127579776040618526e+03 5.116604470935951213e+03 6.265515184791353931e+03 4.582204973660130236e+03 5.542815067703219938e+03 5.858244933846409367e+03 5.921744070361564809e+03 5.253624879970304391e+03 4.144102653495946470e+03 4.797932709189212801e+03 5.806270035629137965e+03 6.322893790599477143e+03 4.674339295422115356e+03 5.584721459225947001e+03 4.876665249556630442e+03 4.725794509359066069e+03 3.761761056121818456e+03 5.456285234930016486e+03 5.943887367747903227e+03 5.939265675395421567e+03 4.961633697550191755e+03 6.336633858295513164e+03 4.079729371173935306e+03 4.280596596052571840e+03 5.112325429035285197e+03 4.183024703160312129e+03 6.459106963166245805e+03 5.588809298550053427e+03 5.912174133780791635e+03 5.863833362653217591e+03 5.268730301307471564e+03
4.023529411764706083e+02 7.483652319371807607e+03 7.763293422223136076e+03 5.711104893307952807e+03 6.035930017780968228e+03 6.537775738661420291e+03 7.925655063565696764e+03 5.129518347272316532e+03 4.332035257611786619e+03 4.834609395706452233e+03 5.085132057604671900e+03 3.370156044796290644e+03 4.223737197529313562e+03 4.459924224000638787e+03 4.790877992620830810e+03 2.856917544154773623e+03 4.128792368284553959e+03 3.179772293415662716e+03 4.959067102620532751e+03 3.186550334978088813e+03 4.654372744770814279e+03 5.579704498330748720e+03 4.327752763682246950e+03 3.599937916990661506e+03 3.148078142790837319e+03 6.856656731131207380e+03 4.802303355395257313e+03 5.714877181088955695e+03 4.207403431618327886e+03 4.214204083266929956e+03 3.139428685100288021e+03 5.147094908886028861e+03 5.110353238858639088e+03 5.639983733065631895e+03 3.830426938574490123e+03 4.407322348962444266e+03 6.026526334545189457e+03 5.672244217824467341e+03 3.586055512733435080e+03 7.571709245809596723e+03 4.719541072888147028e+03 2.962335770675337244e+03 4.382970109956752822e+03 5.470660581200896559e+03 6.040433764151164723e+03 5.489466763875956531e+03 4.462203614599190587e+03 7.657187352212748920e+03 5.129183010759166791e+03 5.042747755602399593e+03 4.631502204426788012e+03 4.794626293662480748e+03 4.776487654338416178e+03 6.009137449519575057e+03 4.828642158692529847e+03 6.403935111842090009e+03 5.637917123854214879e+03 5.264815104594965305e+03 3.664755156492200967e+03 4.636910117907526910e+03 4.404493907831862089e+03 4.297835895600284857e+03 6.537607526887755739e+03 5.258179506884933289e+03 3.129296798212764770e+03 4.079453076242815769e+03 2.543977865065730384e+03 3.107505576073292104e+03 4.713643901192590420e+03 4.266819494435812885e+03 4.391840529456930199e+03 3.082965839430999949e+03 5.911385922722865871e+03 5.805145082027906938e+03 4.286905448999229520e+03 4.676935863700912705e+03 5.454650096150860918e+03 4.923104701134497191e+03 6.373291197834625564e+03 4.419438579839467820e+03 5.411902570937074415e+03 5.388767688912858830e+03 6.595824490060517746e+03 4.840153638142307500e+03 5.876529379178352428e+03 6.181097266742498505e+03 6.247761037756051337e+03 5.540562216477484071e+03 4.408769063943454967e+03 5.072682727489307581e+03 6.133058843178426287e+03 6.653079066451584367e+03 4.941293661470810548e+03 5.865664092808429814e+03 5.153269417632081968e+03 5.000725819162832522e+03 4.014467919006006923e+03 5.740251547433012092e+03 6.263667745386813294e+03 6.257979730589695464e+03 5.225116644595266735e+03 6.676183535378394481e+03 4.337687027100120758e+03 4.542282452019075208e+03 5.386777129032390803e+03 4.434044904560380928e+03 6.777469858030306568e+03 5.861239692938646840e+03 6.242048686958211874e+03 6.138177128296484625e+03 5.586312693678301002e+03
4.032352941176470722e+02 7.775518137510747692e+03 8.021312818755369335e+03 5.977398571655330670e+03 6.273377799925334330e+03 6.765684681028425075e+03 8.191711688609295379e+03 5.350140484947877667e+03 4.608468727119682626e+03 5.070823863254506250e+03 5.354740478105437433e+03 3.615004788845795701e+03 4.487088427639773727e+03 4.717210232062285286e+03 5.040936887744348496e+03 3.082204928087562166e+03 4.399645013285489767e+03 3.421489160593752331e+03 5.212317458653177709e+03 3.428117719651868811e+03 4.899624370783645645e+03 5.860505339225481293e+03 4.588102832053767997e+03 3.859226240639341540e+03 3.382765400414015858e+03 7.171519197551273464e+03 5.046262160799410594e+03 6.001492978756044977e+03 4.473891794909719465e+03 4.471699140712917142e+03 3.379487859178198960e+03 5.365143027087828159e+03 5.330414601461581697e+03 5.956528817689694733e+03 4.088977336929980083e+03 4.673851716100127305e+03 6.271199098640066950e+03 5.950681925374433376e+03 3.833707597945716316e+03 7.866132013232607278e+03 4.954600163984630854e+03 3.188310140102713831e+03 4.620630264289677143e+03 5.755701389182041567e+03 6.350336024178078333e+03 5.771052379536624358e+03 4.738675921969329465e+03 7.916881482392965154e+03 5.391303924151151477e+03 5.265615574463521625e+03 4.868045480726887945e+03 5.098846097235313209e+03 5.054095264760445389e+03 6.311347686610754863e+03 5.106576741665019654e+03 6.647149123450794832e+03 5.890916519726231854e+03 5.543308470325836424e+03 3.912677384288744179e+03 4.878432491792752444e+03 4.674794820627729678e+03 4.561325956921860779e+03 6.861287856959836063e+03 5.558102396150974528e+03 3.371425840897239141e+03 4.342528664678229688e+03 2.755801408265866485e+03 3.348544211682456535e+03 4.983663057941354964e+03 4.534623383166064741e+03 4.656607062225000846e+03 3.323104942912163096e+03 6.160202024452735714e+03 6.063869182514863496e+03 4.546019982552555120e+03 4.917893079964040226e+03 5.716602127112579183e+03 5.162464873431916203e+03 6.697113999434570360e+03 4.683950609459584484e+03 5.691366563878338638e+03 5.654970733799727896e+03 6.918551320721999218e+03 5.094148623534002581e+03 6.207714949131779576e+03 6.498204866585023410e+03 6.567937491386441252e+03 5.822092992425154989e+03 4.673242767433504014e+03 5.343764439625189880e+03 6.454828002826598095e+03 6.975319424867565431e+03 5.204600777464404018e+03 6.138625460681092591e+03 5.425874691103803343e+03 5.272490772738157830e+03 4.268481882478729858e+03 6.017275919195141796e+03 6.576860542687700217e+03 6.570036495086450486e+03 5.482779643345689692e+03 7.008595255522845946e+03 4.595157637813488691e+03 4.802451804388265373e+03 5.655514781834723181e+03 4.683086410778443678e+03 7.086027829629397274e+03 6.124923235134733659e+03 6.566524211238555836e+03 6.402385794220930620e+03 5.901531851562087468e+03
4.041176470588235361e+02 8.050386051970857807e+03 8.258992624293272456e+03 6.233931725560779341e+03 6.497253443037480793e+03 6.977065113874959025e+03 8.437149245461436294e+03 5.560553721298729215e+03 4.884816679300349278e+03 5.299677093034528298e+03 5.618506949404281841e+03 3.863484708812592544e+03 4.749654855353942366e+03 4.971427269167810664e+03 5.285125771569049903e+03 3.313043517717734630e+03 4.671284749407516756e+03 3.668100314459307356e+03 5.458982171902155642e+03 3.674496714108575816e+03 5.139386226479997276e+03 6.133525205062528585e+03 4.846604791085758734e+03 4.122100723369487241e+03 3.621648075816537585e+03 7.474274895445531911e+03 5.283725694698079678e+03 6.280050566568600516e+03 4.740071421723710046e+03 4.727827794910262128e+03 3.624577113894844842e+03 5.572702533867251077e+03 5.540325052222670820e+03 6.268293753308789746e+03 4.349134654269213570e+03 4.938649605503230305e+03 6.502838531513306407e+03 6.220596562200879816e+03 4.083562657100087563e+03 8.143298568009439805e+03 5.182860018597549242e+03 3.418943965215405115e+03 4.853760687664414036e+03 6.033993134105925492e+03 6.652342799248358460e+03 6.045458646561548449e+03 5.014124161533116421e+03 8.156803331832160438e+03 5.646628452915430898e+03 5.478899706680732379e+03 5.098439805061284460e+03 5.402772811490575805e+03 5.328626391888687067e+03 6.605158359069598191e+03 5.381121299694906156e+03 6.875397039924990167e+03 6.133495499861124699e+03 5.815693094987919721e+03 4.162212701860143170e+03 5.114226221841198821e+03 4.943797576939165083e+03 4.823520512768777735e+03 7.175380896976255826e+03 5.854053191286568108e+03 3.618958194000229923e+03 4.605845349486869054e+03 2.974235148323067733e+03 3.595033300173361113e+03 5.250244778627182313e+03 4.801832816782509326e+03 4.919558048519721524e+03 3.568794710007548929e+03 6.396856420048143264e+03 6.311725431927064164e+03 4.803441516541005512e+03 5.152830941492860802e+03 5.969866112264289768e+03 5.394229335981264740e+03 7.012321243165714804e+03 4.946428605494734256e+03 5.963922170091412227e+03 5.913222912142221503e+03 7.231273951079077960e+03 5.342341006149847090e+03 6.534055678946073385e+03 6.807234925390489479e+03 6.879916955490822147e+03 6.096137251881655175e+03 4.935751670039723649e+03 5.609222759570705421e+03 6.769235550355969281e+03 7.287187474183881022e+03 5.462358802702862704e+03 6.401519837448446197e+03 5.692504730681863293e+03 5.539146854756078937e+03 4.522174290943356027e+03 6.285268281303639014e+03 6.881136264151095929e+03 6.873111847630185366e+03 5.732694331201086243e+03 7.331390428218490342e+03 4.850402162194104676e+03 5.059303434394618307e+03 5.916536543413858453e+03 4.928401716545880845e+03 7.382406793846260371e+03 6.377824210560705069e+03 6.883228382005298954e+03 6.654395280937638745e+03 6.212184984479965351e+03
4.050000000000000000e+02 8.306061619293570402e+03 8.474425190759571706e+03 6.478719043818547107e+03 6.705770831305026149e+03 7.170219610325981193e+03 8.659997362483662073e+03 5.759100491325788425e+03 5.159249816034459400e+03 5.519421839994629408e+03 5.874478210719505114e+03 4.114155640101224890e+03 5.009666481853166260e+03 5.220770827503195505e+03 5.521624176159829403e+03 3.548248592472717064e+03 4.941954989125489192e+03 3.918262472068893658e+03 5.697206430977620585e+03 3.924339796208760163e+03 5.371878194956033440e+03 6.396700186009367826e+03 5.101470939199794884e+03 4.387020561522256685e+03 3.863388686684723780e+03 7.762571361822799190e+03 5.512905152168324094e+03 6.548441767292837540e+03 5.004169425953284190e+03 4.980837585408514315e+03 3.873373341326424452e+03 5.768134094380214265e+03 5.738431299683164070e+03 6.573032053944756626e+03 4.609261098971878710e+03 5.199891292659306600e+03 6.719603156824156940e+03 6.479930139151540970e+03 4.334083808762095941e+03 8.400995569129292562e+03 5.402589000470808969e+03 3.652988534071292634e+03 5.080651915004072180e+03 6.303459610431894362e+03 6.944187566346065978e+03 6.310625997710433694e+03 5.286682623068270004e+03 8.375026465372713574e+03 5.893237389929050551e+03 5.680928358169599960e+03 5.320952800290418963e+03 5.704385262727331792e+03 5.598141248522185379e+03 6.888348143452569275e+03 5.650324959929265788e+03 7.086851591125667255e+03 6.363759034832481120e+03 6.079949932140703822e+03 4.411792959972820427e+03 5.342532080759994642e+03 5.209667362635934296e+03 5.082629790333692654e+03 7.477499133565528609e+03 6.143918104776863402e+03 3.870583376454042991e+03 4.867675099569281883e+03 3.198271574533239345e+03 3.845673109340852989e+03 5.511488953542265335e+03 5.066655671887828248e+03 5.178877704642363824e+03 3.818748520648861813e+03 6.619477793903648490e+03 6.546774717635626985e+03 5.057394835634710034e+03 5.379988788520154230e+03 6.212497505195390659e+03 5.616625708679204763e+03 7.316538786180466559e+03 5.205051359999292799e+03 6.227528859547242064e+03 6.161559108806862241e+03 7.531606033134022255e+03 5.582884386219743647e+03 6.853205401799426909e+03 7.105867821049992017e+03 7.181356770585842241e+03 6.360630650989060996e+03 5.194477089646443346e+03 5.867098274477199084e+03 7.073942655944309990e+03 7.586295878001097662e+03 5.712662751521183964e+03 6.652311426293744262e+03 5.951182718395428310e+03 5.798740763941812475e+03 4.773853793846976259e+03 6.542174544481828889e+03 7.174189922069495879e+03 7.164907397722533460e+03 5.972957837909208138e+03 7.642118716424348349e+03 5.101639956315699237e+03 5.311006687708965728e+03 6.167862658182802988e+03 5.168222135023497685e+03 7.664299039949292819e+03 6.617968221348581210e+03 7.189796335140596966e+03 6.892220312656443639e+03 6.516040102005689732e+03
4.058823529411765207e+02 8.540511134769372802e+03 8.665908616236614762e+03 6.709850157180399037e+03 6.897271592594914182e+03 7.343615568223984155e+03 8.858493673177879828e+03 5.944212065815410824e+03 5.429889317596629553e+03 5.728360904684107481e+03 6.120725431103366645e+03 4.365489692347689015e+03 5.265314834120837077e+03 5.463427838937078377e+03 5.748640086932003214e+03 3.786531198384456729e+03 5.209840015001238498e+03 4.170531609261113772e+03 5.925172497196002041e+03 4.176199619156944209e+03 5.595344599092544740e+03 6.648013521238785870e+03 5.350889019497787558e+03 4.652355125335057892e+03 4.106557676195480781e+03 8.034152026212203054e+03 5.732049289345270154e+03 6.804607967970713617e+03 5.264368032919258440e+03 5.228945965715020066e+03 4.124451608607381786e+03 5.949891108240514768e+03 5.923168249266102066e+03 6.868499329015195144e+03 4.867652148543953444e+03 5.455724895469084004e+03 6.919771384918520198e+03 6.726681777962510751e+03 4.583662489765085411e+03 8.637173137958387088e+03 5.612098547752898412e+03 3.889099794866299362e+03 5.299608196268908614e+03 6.562057805887173345e+03 7.223646932742331046e+03 6.564534092793338459e+03 5.554447748793086248e+03 8.569823304485220433e+03 6.129249571717224171e+03 5.870110445039603292e+03 5.533886648634470475e+03 6.001610262609525307e+03 5.860687697756453417e+03 7.158746664341115320e+03 5.912228398509116232e+03 7.279829480124803013e+03 6.579897867839624269e+03 6.334086101919764587e+03 4.659785315461172104e+03 5.561619094959714857e+03 5.470536068396757400e+03 5.336831966105877655e+03 7.765317186839819442e+03 6.425578235376499833e+03 4.124884395497380865e+03 5.126238799562798704e+03 3.426791451712886555e+03 4.099057126238706587e+03 5.765489250945382992e+03 5.327258106464233606e+03 5.432724474320975787e+03 4.071572141190601542e+03 6.826303135914635277e+03 6.767168314170393387e+03 5.306078612349778268e+03 5.597638021615344769e+03 6.442614068837645391e+03 5.827934109453753081e+03 7.607442171694287026e+03 5.457974640610540519e+03 6.480182326349155119e+03 6.398066347823610158e+03 7.817228877597867722e+03 5.813959264830134998e+03 7.162818068741159550e+03 7.391828130606440027e+03 7.469959405334602707e+03 6.613552084471365561e+03 5.447576484983310365e+03 6.115453009278498030e+03 7.366644591171551838e+03 7.870329700970048179e+03 5.953629592802558363e+03 6.889042100294807824e+03 6.199957536971177433e+03 6.049333972477786119e+03 5.021786692750755719e+03 6.786004428867991010e+03 7.453772030417906535e+03 7.443181364937555372e+03 6.201718413263829461e+03 7.938391010608141187e+03 5.347071101560805801e+03 5.555724976853003682e+03 6.407562043202644418e+03 5.400780601056404521e+03 7.929494776537439975e+03 6.843469233844652081e+03 7.483902104606397188e+03 7.113981718509279744e+03 6.810864810032820060e+03
4.067647058823529278e+02 8.751889268378326960e+03 8.831969089557789630e+03 6.925515747732918499e+03 7.070247535082051400e+03 7.495905609969706347e+03 9.031107022287364089e+03 6.114429972136141259e+03 5.694829977859169048e+03 5.924870107826187450e+03 6.355369923235519309e+03 4.615887881187637504e+03 5.514775605329860809e+03 5.697600196815632444e+03 5.964434011925629420e+03 4.026510424930898807e+03 5.473087039327750063e+03 4.423377721210085838e+03 6.141124101032761246e+03 4.428543830208476720e+03 5.808077666391636740e+03 6.885522800623018156e+03 5.593045323569631364e+03 4.916401928717259580e+03 4.349648471368963328e+03 8.286886953401488427e+03 5.939467989810184918e+03 7.046567941248335046e+03 5.518827081045731575e+03 5.470362871596334116e+03 4.376299529038868059e+03 6.116540867799756597e+03 6.093080417314610713e+03 7.152482773011861354e+03 5.122556684752194997e+03 5.704294907089402841e+03 7.101764965215703342e+03 6.958934793854266900e+03 4.830636998244304777e+03 8.849972712318432968e+03 5.809765988884216313e+03 4.125852067145443471e+03 5.508969990510291609e+03 6.807805306234517047e+03 7.488570514954721148e+03 6.805229068029139853e+03 5.815502009623523918e+03 8.739688001456101119e+03 6.352847171888482990e+03 6.044957273291304773e+03 5.735600970607946692e+03 6.292348206301266146e+03 6.114326589314110606e+03 7.414263893571141125e+03 6.164889359892097673e+03 7.452814098445707714e+03 6.780213196568308376e+03 6.576161501577943454e+03 4.904511485349788927e+03 5.769807696014431713e+03 5.724525880854300340e+03 5.584296190622630093e+03 8.036603330264475517e+03 6.696937210436060013e+03 4.380351805916223384e+03 5.379728085407591607e+03 3.658573077636819562e+03 4.353685959767781242e+03 6.010357964592501958e+03 5.581787501315907321e+03 5.679254450507440197e+03 4.325777355208728295e+03 7.015701809757266346e+03 6.971173083313769894e+03 5.547688312784260233e+03 5.804105361009202170e+03 6.658421418140225796e+03 6.026510437685024954e+03 7.882787993041754817e+03 5.703354786986777981e+03 6.719941440807125218e+03 6.620909592954174514e+03 8.085922877833792882e+03 6.033797424388314539e+03 7.460578589881117296e+03 7.662915223352367320e+03 7.743503359483947861e+03 6.852950916860940197e+03 5.693206944893240689e+03 6.352396289394552696e+03 7.645101683911829241e+03 8.137077864855401458e+03 6.183423345357542530e+03 7.109858105187863657e+03 6.436929756753102993e+03 6.289028468065101151e+03 5.264218368097309394e+03 7.014858446435968290e+03 7.717719046043383969e+03 7.705778919492333443e+03 6.417200484890505322e+03 8.217911635846041463e+03 5.584899498526635398e+03 5.791639631432484748e+03 6.633778328326234259e+03 5.624334813787881103e+03 8.175912307180610696e+03 7.052555363010626024e+03 7.763289785233864677e+03 7.317932092047999504e+03 7.094455597825576660e+03
4.076470588235293917e+02 8.938563453678949372e+03 8.971379280365625164e+03 7.124031969218655831e+03 7.223360688167518674e+03 7.625944714318818114e+03 9.176556665956686629e+03 6.268425620491481823e+03 5.952164344377288216e+03 6.107420318482554649e+03 6.576608439375650960e+03 4.863698579897175478e+03 5.756231995291890598e+03 5.921528449998512770e+03 6.167342319572133420e+03 4.266727558852681796e+03 5.729829142197591864e+03 4.675201406571185544e+03 6.343390161969874498e+03 4.679771809901542838e+03 6.008440521367150723e+03 7.107386222306195123e+03 5.826148265741088835e+03 5.177406333957810602e+03 4.591094319082446418e+03 8.518801664606004124e+03 6.133555068748462872e+03 7.272444600878738129e+03 5.765707430476993977e+03 5.703313816948961176e+03 4.627333578669090457e+03 6.266783833865024462e+03 6.246841515161413554e+03 7.422830527428533969e+03 5.372198365370462852e+03 5.943766270644809993e+03 7.264170033386873001e+03 7.174882613116550601e+03 5.073312504960722435e+03 9.037751601266942089e+03 5.994056512723289416e+03 4.361753441861194005e+03 5.707136137159555801e+03 7.038806952855197778e+03 7.736910017196236367e+03 7.030849867535390331e+03 6.067938535927060002e+03 8.883355333758758206e+03 6.562300229550486620e+03 6.204102644766458980e+03 5.924534880371635154e+03 6.574499768692926409e+03 6.357157218832248873e+03 7.652918336149615243e+03 6.406408301195037893e+03 7.604475383392867116e+03 6.963139669983775093e+03 6.804314898907157840e+03 5.144268167251258092e+03 5.965492369891913768e+03 5.969773467148831514e+03 5.823206161404448721e+03 8.289249633508869010e+03 6.955948941276064943e+03 4.635399748171843385e+03 5.626328045504727925e+03 3.892303659314100514e+03 4.607983229758950074e+03 6.244250922060296034e+03 5.828396060715796921e+03 5.916645301003805798e+03 4.579797635886875469e+03 7.186197465697676307e+03 7.157194935850867296e+03 5.780439517745408921e+03 5.997795415582847454e+03 6.858237316599091173e+03 6.210808648553976127e+03 8.140444196364989693e+03 5.939372716162454708e+03 6.944954371249098585e+03 6.828356626252467322e+03 8.335597539923493969e+03 6.240705690275294728e+03 7.744233525393114178e+03 7.917032931717988504e+03 7.999873137712927928e+03 7.076973313394526485e+03 5.929549177272253473e+03 6.576110004348501207e+03 7.907169333224922411e+03 8.384463031958750435e+03 6.400279681809105568e+03 7.313035123226701216e+03 6.660277179175431229e+03 6.515992044901494410e+03 5.499395615471853489e+03 7.226953647277745404e+03 7.963982631702176150e+03 7.950661297592479968e+03 6.617728648588951728e+03 8.478509411028679096e+03 5.813356308472431010e+03 6.016973958851311181e+03 6.844755016394243285e+03 5.837190273497105409e+03 8.401626147221730207e+03 7.243592786814888314e+03 8.025803960691916473e+03 7.502479357588988933e+03 7.364667012657629130e+03
4.085294117647059124e+02 9.099134770338541784e+03 9.083172533547078274e+03 7.303863046135917102e+03 7.355460450144125389e+03 7.732803988906214727e+03 9.293827233342162799e+03 6.405017882906525301e+03 6.200007343093418967e+03 6.274597974842992699e+03 6.782737344854904222e+03 5.107237184234984852e+03 5.987898390686847961e+03 6.133515196491969618e+03 6.355799646570421828e+03 4.505662172613494477e+03 5.978209164578153832e+03 4.924352169719367339e+03 6.530407290901780470e+03 4.928232995607366320e+03 6.194889173864483382e+03 7.311887368319539746e+03 6.048451948943967182e+03 5.433582636155255386e+03 4.829286615791038457e+03 8.728103553353908865e+03 6.312809954573376672e+03 7.480490253589126951e+03 6.003194724542398944e+03 5.926063139972155113e+03 4.875917059644195433e+03 6.399470680122773956e+03 6.383271949189655970e+03 7.677480486632530301e+03 5.614797976785561332e+03 6.172348457171515292e+03 7.405755461743467094e+03 7.372853074378201200e+03 5.309982010266305224e+03 9.199103977288605165e+03 6.163543804216183162e+03 4.595262881953559372e+03 5.892585323327813057e+03 7.253280340693393555e+03 7.966746745688826195e+03 7.239653254316695893e+03 6.309885980832320456e+03 8.999815682023381669e+03 6.755989968396018412e+03 6.346320979186210934e+03 6.099228047957163653e+03 6.845993071525832420e+03 6.587342590269114226e+03 7.872863719373634922e+03 6.634953602999732539e+03 7.733686623122819583e+03 7.127266205463214646e+03 7.016788932495959671e+03 5.377348422645936807e+03 6.147163237454557930e+03 6.204454376661648894e+03 6.051783897834650816e+03 8.521300381770530294e+03 7.200644897813056559e+03 4.888383844801525811e+03 5.864240556029913023e+03 4.126592587263545283e+03 4.860313224956380509e+03 6.465392009635027534e+03 6.065264828001898422e+03 6.143120285881825112e+03 4.832005656919624926e+03 7.336487368264710312e+03 7.323799986076599453e+03 6.002591398164444399e+03 6.177212100800769804e+03 7.040514242427761019e+03 6.379401537811867456e+03 8.378418743055899540e+03 6.164257852480555812e+03 7.153483530756714572e+03 7.018801282964564962e+03 8.564319641760963350e+03 6.433088664734166741e+03 8.011621207464681902e+03 8.152217754741614954e+03 8.237087684599118802e+03 7.283887186476890747e+03 6.154831476217730597e+03 6.784873089272791731e+03 8.150826923327418626e+03 8.610569603059619112e+03 6.602529660985371265e+03 7.497001399811128067e+03 6.868279311576468899e+03 6.728482913559566441e+03 5.725589273721827340e+03 7.420647567688008166e+03 8.190657186567806093e+03 8.175933250744302313e+03 6.801750225474896979e+03 8.718166792133040872e+03 6.030723339873602526e+03 6.230016911377537326e+03 7.038859028044270417e+03 6.037722913616986261e+03 8.604892773244415366e+03 7.415107549144872792e+03 8.269418658990347467e+03 7.666207720687314577e+03 7.619440376495082091e+03
4.094117647058823195e+02 9.232454644244049632e+03 9.166652567251407163e+03 7.463641205207291932e+03 7.465597393339882728e+03 7.815780683830341331e+03 9.382179031354266044e+03 6.523187974802995086e+03 6.436520748968244334e+03 6.425123674708090221e+03 6.972175227060305588e+03 5.344806758283919407e+03 6.208043615363605568e+03 6.331947529235018919e+03 6.528359605150063544e+03 4.741749347868667428e+03 6.216403541106035846e+03 5.169147896094770658e+03 6.700740380200551044e+03 5.172246405719750328e+03 6.365992967058707109e+03 7.497457865272455820e+03 6.258279130732797057e+03 5.683135998306242982e+03 5.062594187385438090e+03 8.913205029545933940e+03 6.475857421216254806e+03 7.669109688274830660e+03 6.229523019750013191e+03 6.136936749966168463e+03 5.120379329849949499e+03 6.513616747946255600e+03 6.501353748411351262e+03 7.914487581991847946e+03 5.848596041925874488e+03 6.388319040311303979e+03 7.525487935610056411e+03 7.551330382716726490e+03 5.538947781459563885e+03 9.332877607444514069e+03 6.316928833740412301e+03 4.824808315013518040e+03 6.063896249594979054e+03 7.449579401828365917e+03 8.176317002532597144e+03 7.430036930347683665e+03 6.539532990966251418e+03 9.088325423830416185e+03 6.932430120552207882e+03 6.470542990529802410e+03 6.258339966310555610e+03 7.104810549917497156e+03 6.803133702860459380e+03 8.072413356131615728e+03 6.848785874253431757e+03 7.839537630918820469e+03 7.271354087593918848e+03 7.211953396765635262e+03 5.602063310008948974e+03 6.313426028354297159e+03 6.426806892660316407e+03 6.268313018726944392e+03 8.730977784806311320e+03 7.429160123098801705e+03 5.137620199529626916e+03 6.091707554228232766e+03 4.359986240331816589e+03 5.108999852092147194e+03 6.672096695904806438e+03 6.290627393747585302e+03 6.356971567391196913e+03 5.080732027907800330e+03 7.465458722648081675e+03 7.469732933082895215e+03 6.212469537058435890e+03 6.340978404578364461e+03 7.203859625558960033e+03 6.530999450499884915e+03 8.594885971551722832e+03 6.376311518940220594e+03 7.343928524220958934e+03 7.190784597581747221e+03 8.770338609118422028e+03 6.609469884320863457e+03 8.260700387196584416e+03 8.366664797853358323e+03 8.453326608637131358e+03 7.472105070462360345e+03 6.367353044181536461e+03 6.977084288031716824e+03 8.374204564590067093e+03 8.813668800062287119e+03 6.788621783380274792e+03 7.660358094147918564e+03 7.059340122941094705e+03 6.924872759109077379e+03 5.941116725253934419e+03 7.594459738246510824e+03 8.396005028568604757e+03 8.379867980820950834e+03 6.967855601449335154e+03 8.935046463081913316e+03 6.235355653629221706e+03 6.429145676915632066e+03 7.214602228881800329e+03 6.224400542673310156e+03 8.784173072191337269e+03 7.565804469532968142e+03 8.492264196482698026e+03 7.807895590600813193e+03 7.856831019549986195e+03
4.102941176470587834e+02 9.337637470305002353e+03 9.221398686207692663e+03 7.602183885935848593e+03 7.553033793868772591e+03 7.874404368301536124e+03 9.441153884206412840e+03 6.622091741638226267e+03 6.659937072871152850e+03 6.557868563401211759e+03 7.143483552454091296e+03 5.574719110309647476e+03 6.415013665454623151e+03 6.515318209593626307e+03 6.683713624737116334e+03 4.973398165186184087e+03 6.442645882434230771e+03 5.407895162669049569e+03 6.853101269513785155e+03 5.410120992546124398e+03 6.520453266847349369e+03 7.662697586673579281e+03 6.454043190316592700e+03 5.924284886662047029e+03 5.289383326450656568e+03 9.072743361409638965e+03 6.621465467898646239e+03 7.836880698922317606e+03 6.442997749510255744e+03 6.334344082844081640e+03 5.359035905865961467e+03 6.608413751340297495e+03 6.600242783766094362e+03 8.132049342451842676e+03 6.071875386376086681e+03 6.590046251174933786e+03 7.622543788455641334e+03 7.708974530600232356e+03 5.758543053030572992e+03 9.438186480659802328e+03 6.453056600874735523e+03 5.048805652881113929e+03 6.219766261143806332e+03 7.626215812886595813e+03 8.364034946704636241e+03 7.600560262530778346e+03 6.755151889256210779e+03 9.148412962219426845e+03 7.090286246972654226e+03 6.575868701325620350e+03 6.400667313203113736e+03 7.349015320568873904e+03 7.002892515478457426e+03 8.250061902078905405e+03 7.046280757334869122e+03 7.921344356238673754e+03 7.394352273213946319e+03 7.388326546264148419e+03 5.816763554467182075e+03 6.463020240242985892e+03 6.635155163318169798e+03 6.471161257744604882e+03 8.916704840107373457e+03 7.639757831347573301e+03 5.381405654946062896e+03 6.307033842011943307e+03 4.590984273876053521e+03 5.352346718547873024e+03 6.862794132691537015e+03 6.502792969192047167e+03 6.556582641568462350e+03 5.324285208277972743e+03 7.572201814222331450e+03 7.593932504921548571e+03 6.408487904988091941e+03 6.487854334771550384e+03 7.347053540610814707e+03 6.664466747574036162e+03 8.788210193957218507e+03 6.573929125953808580e+03 7.514846984892020373e+03 7.343013511708807528e+03 8.952108907945565079e+03 6.768511005628072780e+03 8.489577014501488520e+03 8.558751220783993631e+03 8.646953769882942652e+03 7.640204679582629979e+03 6.565506277760772718e+03 7.151283075883046877e+03 8.575607430756934264e+03 8.992240734965515003e+03 6.957142298615016443e+03 7.801896913822661190e+03 7.232008904026750315e+03 7.103668038518516369e+03 6.144363848765504372e+03 7.747090529183793478e+03 8.578478742353787311e+03 8.560929418112669737e+03 7.114796357023947166e+03 9.127514941356423151e+03 6.425703173003562370e+03 6.612847023760804404e+03 7.370660595125803411e+03 6.395802966063196436e+03 8.938151485347634662e+03 7.694583159883097323e+03 8.692651433078070113e+03 7.926530258325369687e+03 8.075033848962967568e+03
4.111764705882353041e+02 9.414068790816276305e+03 9.247266528610665773e+03 7.718507885697183156e+03 7.617250630109107988e+03 7.908439375341311461e+03 9.470576283982361929e+03 6.701068928076728298e+03 6.868582710168385347e+03 6.671868186307437099e+03 7.295385007330226472e+03 5.795316210020889230e+03 6.607253204823289707e+03 6.682245316951921268e+03 6.820707531363015732e+03 5.199010918536539975e+03 6.655250003900221600e+03 5.638910273709912872e+03 6.986364905530161195e+03 5.640176679427007002e+03 6.657119989989790156e+03 7.806392210119472111e+03 6.634268905558239567e+03 6.155283706577939483e+03 5.508038219166567615e+03 9.205596770405943971e+03 6.748560767089966248e+03 7.982571889999206178e+03 6.642017891116881401e+03 6.516798863339849049e+03 5.590209280634469906e+03 6.683238506793893976e+03 6.679278179256217300e+03 8.328529253798540594e+03 6.282983406508546068e+03 6.776010303182072676e+03 7.696317337724602112e+03 7.844637859625046076e+03 5.967153372192296047e+03 9.514418914438256252e+03 6.570930479316317360e+03 5.265678400481733661e+03 6.359028044726280314e+03 7.781877924260556938e+03 8.528512627292222533e+03 7.749962468500420073e+03 6.955121291537083380e+03 9.179880375130684115e+03 7.228392522832471514e+03 6.661577745522046825e+03 6.525159111075607143e+03 7.576776431374425556e+03 7.185113349368447416e+03 8.404504226331262544e+03 7.225950132777539693e+03 7.978654724093186815e+03 7.495409575992556711e+03 7.544593967844266444e+03 6.019860856260835135e+03 6.594835134091638793e+03 6.827931064145283926e+03 6.658801758951080956e+03 9.077124873474615015e+03 7.830851916892594090e+03 5.618038643892215077e+03 6.508609226313438739e+03 4.818056994615420990e+03 5.588657866688360627e+03 7.036047595072541299e+03 6.700168485780277479e+03 6.740449448531664530e+03 5.560972199013460340e+03 7.656019800673297141e+03 7.695543634101019961e+03 6.589169518627169964e+03 6.616752516530545108e+03 7.469063584123292458e+03 6.778835761540190106e+03 8.956966276892700989e+03 6.755621212926574117e+03 7.664972776529135444e+03 7.474376926139925672e+03 9.108309150799115741e+03 6.909028859214608929e+03 8.696528867200762761e+03 8.727056680001618588e+03 8.816537914700778856e+03 7.786946733329501512e+03 6.747797804902736061e+03 7.306168379807655583e+03 8.753537365938955190e+03 9.144993027541226184e+03 7.106833261252800185e+03 7.920614471337287796e+03 7.384998757185428985e+03 7.263529257649456667e+03 6.333806065931255034e+03 7.877437090885606267e+03 8.736740525211786007e+03 8.717791353505976076e+03 7.241500710027313289e+03 9.294162893456297752e+03 6.600330944543248734e+03 6.779736997973910547e+03 7.505890688774284172e+03 6.550640383717330224e+03 9.065751453006207157e+03 7.800550819955286897e+03 8.869093279243788857e+03 8.021319099539503441e+03 8.272406776553083546e+03
4.120588235294117112e+02 9.461409164928061728e+03 9.244384450974752326e+03 7.811840184520341609e+03 7.657951017632502044e+03 7.917883559176923882e+03 9.470550161933970230e+03 6.759649566097403294e+03 7.060899565004600845e+03 6.766333743202920232e+03 7.426779244012956951e+03 6.004991333563935768e+03 6.783325787472818774e+03 6.831489837121312121e+03 6.938355712001351094e+03 5.417002899645557591e+03 6.852631710224106428e+03 5.860540350613753617e+03 7.099582927097708307e+03 5.860765432187714396e+03 6.775005739132269809e+03 7.927527658650039484e+03 6.797611407806160059e+03 6.374445085402198856e+03 5.716981472122413834e+03 9.310896540550753343e+03 6.856241510335996281e+03 8.105157280226996590e+03 6.825096709415292025e+03 6.682938306591488072e+03 5.812249939516975246e+03 6.737658713080827511e+03 6.737988541988380348e+03 8.502477461276181202e+03 6.480353398446497522e+03 6.944822977116207767e+03 7.746425694097324595e+03 7.957378437696866968e+03 6.163237508786767648e+03 9.561241358051087445e+03 6.669724038144952829e+03 5.473877454146125274e+03 6.480664164746253846e+03 7.915446676226676573e+03 8.668576742398548959e+03 7.877177883438066601e+03 7.137946982790152106e+03 9.182800712922902676e+03 7.345765783736922458e+03 6.727136670703070195e+03 6.630929383815159781e+03 7.786392604541953915e+03 7.348442050127918264e+03 8.534650870199482597e+03 7.386461012108971772e+03 8.011250785174303928e+03 7.573883461846266073e+03 7.679624780405239107e+03 6.209848423155531236e+03 6.707923281863656484e+03 7.003694477791488680e+03 6.829832795367363360e+03 9.211117565594651751e+03 8.001027139303531840e+03 5.845840421932904064e+03 6.694929356460967938e+03 5.039663676839440996e+03 5.816258915462180084e+03 7.190572736910533422e+03 6.881279196534841503e+03 6.907199732033861437e+03 5.789119568558880019e+03 7.716434982759626109e+03 7.773926282820400047e+03 6.753165539630367675e+03 6.726751374943917654e+03 7.569056663778852453e+03 6.873318021277061234e+03 9.099956724054007282e+03 6.920032570585227404e+03 7.793231352480903297e+03 7.583958688667426031e+03 9.237857421853783308e+03 7.030009947315756108e+03 8.880027302540160235e+03 8.870380484233475727e+03 8.960869951184449747e+03 7.911289870971953860e+03 6.912867673241413286e+03 7.440614615870467787e+03 8.906711191091722867e+03 9.270875743789863918e+03 7.236608060649679828e+03 8.015723382941271666e+03 7.517202401038680364e+03 7.403287594753088342e+03 6.508028069989907635e+03 7.984605952175919811e+03 8.869677993024683019e+03 8.849353080952390883e+03 7.347086080032537211e+03 9.433821771270879253e+03 6.757937520881740966e+03 6.928578509052363188e+03 7.619343190171965034e+03 6.687769607091427133e+03 9.166146842041580385e+03 7.883031534658844066e+03 9.020322713078072411e+03 8.091697166899251897e+03 8.447491483067762601e+03
4.129411764705882888e+02 9.479593559835519045e+03 9.213145687634789283e+03 7.881625463517685603e+03 7.675060092881148194e+03 7.902963253220646038e+03 9.441451275398794678e+03 6.797557190383266970e+03 7.235465212150061234e+03 6.840660494270066920e+03 7.536755891096237974e+03 6.202209927789527683e+03 6.941932250387509157e+03 6.961971178136034723e+03 7.035852462583505257e+03 5.625822512108509727e+03 7.033329392556637686e+03 6.071184627984353938e+03 7.191994366948111747e+03 6.070292491697216064e+03 6.873297360561852656e+03 8.025301394284714661e+03 6.942873292756724368e+03 6.580161849283404081e+03 5.914694437384531739e+03 9.388035090651415885e+03 6.943787649607468666e+03 8.203827702502288957e+03 6.990880889055534681e+03 6.831540526005857828e+03 6.023557517277467014e+03 6.771435576908617804e+03 6.776095366177415599e+03 8.652648596844273925e+03 6.662525011857476784e+03 7.095245327676881061e+03 7.772709946247886364e+03 8.046470183619093405e+03 6.345347481200886250e+03 9.578597562701841525e+03 6.748790060528838694e+03 5.671900982933671912e+03 6.583819359154455924e+03 8.026008661340420986e+03 8.783282004780598072e+03 7.981348046712953874e+03 7.302281222225835336e+03 9.157511012901482900e+03 7.441616662290306522e+03 6.772203226203099803e+03 6.717267190674509948e+03 7.976314183663943368e+03 7.491693037956561056e+03 8.639640284192499166e+03 7.526652238686289820e+03 8.019147117350911685e+03 7.629345682796501933e+03 7.792484931246535780e+03 6.385320591678439087e+03 6.801511553657759578e+03 7.161151680370277063e+03 6.982995714675556883e+03 9.317811059035053404e+03 8.149056721328770436e+03 6.063176578523757598e+03 6.864615251636835637e+03 5.254271607894360386e+03 6.033518523734271184e+03 7.325253600713233027e+03 7.044787687277172154e+03 7.055610541372831904e+03 6.007094838441402317e+03 7.753191570917347235e+03 7.828660798029183752e+03 6.899272369432627784e+03 6.817105731459675553e+03 7.646407593509967228e+03 6.947312542366642447e+03 9.216225212908992034e+03 7.065959440727419860e+03 7.898752163048633520e+03 7.671047576466156897e+03 9.339922899380331728e+03 7.130622252190281870e+03 9.038756168149915538e+03 8.987755291704173942e+03 9.078976699177213959e+03 8.012402380892715883e+03 7.059506646520568211e+03 7.553685129680356113e+03 9.034075736497634352e+03 9.369092388302713516e+03 7.345564307569127777e+03 8.086659807722348887e+03 7.627705267727757928e+03 7.521959016780544516e+03 6.665742147254582051e+03 8.067922403802695044e+03 8.976416542815388311e+03 8.954751520687683296e+03 7.430868604218165274e+03 9.545576635101480861e+03 6.897371448268779204e+03 7.058296723955302696e+03 7.710273319715556681e+03 6.806208206870333925e+03 9.238769495640452078e+03 7.941572171420756604e+03 9.145307530502523150e+03 8.137331139658600478e+03 8.599031461713891986e+03
4.138235294117646959e+02 9.468826542777813302e+03 9.154197028076729111e+03 7.927529521971085160e+03 7.668721437564960070e+03 7.864125218180558477e+03 9.383916002088612004e+03 6.814708822241989765e+03 7.391009422570215975e+03 6.894432570612403651e+03 7.624603491459555698e+03 6.385527720061838409e+03 7.081925723198246487e+03 7.072778947619757673e+03 7.112579811969764705e+03 5.823969247977445775e+03 7.196021142041028725e+03 6.269313173180471495e+03 7.263032698675260690e+03 6.267235024882653306e+03 6.951363940932037622e+03 8.099129510965609370e+03 7.069018127192754946e+03 6.770925948725359376e+03 6.099735092873548638e+03 9.436669312082305623e+03 7.010667330288758421e+03 8.277997850439882313e+03 7.138166245223246733e+03 6.961538433747704403e+03 6.222599525435921350e+03 6.784523236773135068e+03 6.793512980881389922e+03 8.778015045711694256e+03 6.828161373587257913e+03 7.226201669974308061e+03 7.775232797940994715e+03 8.111408754625827896e+03 6.512145617716015295e+03 9.566703624465602843e+03 6.807666146573222250e+03 5.858312029574502048e+03 6.667809183784204834e+03 8.112864797336742413e+03 8.871919906736180565e+03 8.061829694455027493e+03 7.446938093567103351e+03 9.104601846749221295e+03 7.515356890212659891e+03 6.796627303596156707e+03 6.783643138398590963e+03 8.145161083233791032e+03 7.613862326185264465e+03 8.718846293334947404e+03 7.645547138829418145e+03 8.002585672517117018e+03 7.661583896884477326e+03 7.882446392364029634e+03 6.544989337408464962e+03 6.875008474987333102e+03 7.299170168965140874e+03 7.117189287853823771e+03 9.396589349600757487e+03 8.273915593661718958e+03 6.268476070566691305e+03 7.016429301959438817e+03 5.460373494768151431e+03 6.238867329834244629e+03 7.439154723311632551e+03 7.189509297028758738e+03 7.184621997528916836e+03 6.213325485988335458e+03 7.766254754647200571e+03 7.859549368324667739e+03 7.026445319420701708e+03 6.887253708010885020e+03 7.700703763695958514e+03 7.000410541488398849e+03 9.305065171528116480e+03 7.192363079872410708e+03 7.980876715868728752e+03 7.735143203190156783e+03 9.413932486707155476e+03 7.210223320654350573e+03 9.171625855282865814e+03 9.078456068482648334e+03 9.170129918826612993e+03 8.089669702833083647e+03 7.186669835519140179e+03 7.644641484851891619e+03 9.134817996616155142e+03 9.439106069586920057e+03 7.432992824842858681e+03 8.133086946808877656e+03 7.715794409491496481e+03 7.618754320580158492e+03 6.805802969531190683e+03 8.126935586906535718e+03 9.056326849814362504e+03 9.033368670953390392e+03 7.492368805320094907e+03 9.628773962429073435e+03 7.017644156495668540e+03 7.167990790376371478e+03 7.778147240130778300e+03 6.905144919894167288e+03 9.283312004859924855e+03 7.975944285563587073e+03 9.243260104912840688e+03 8.158119267374758238e+03 8.725985474999897633e+03
4.147058823529412166e+02 9.429573725372956687e+03 9.068423451709924848e+03 7.949440536776990484e+03 7.639290524470849959e+03 7.802025063217148272e+03 9.298825988024829712e+03 6.811212563243426303e+03 7.526431238029019369e+03 6.927426157289865841e+03 7.689817223678946903e+03 6.553610884477324362e+03 7.202326814125749479e+03 7.163184313416662008e+03 7.168113877288543335e+03 6.010014685745767565e+03 7.339542744380601107e+03 6.453488336720970437e+03 7.312331220056013080e+03 6.450163511379853844e+03 7.008763453938932798e+03 8.148652006141759557e+03 7.175183901620673169e+03 6.945349524699247013e+03 6.270758268698424217e+03 9.456721022469682794e+03 7.056541945095665142e+03 8.327311494373316236e+03 7.265913881898130057e+03 7.072033774026249375e+03 6.407932812955732516e+03 6.777065799665483610e+03 6.790346228910974787e+03 8.877779331981273572e+03 6.976067534739408984e+03 7.336793619864546599e+03 7.754273241897541084e+03 8.151915530094366659e+03 6.662423161020483349e+03 9.526039191212490550e+03 6.846078609918259644e+03 6.031758640959475997e+03 6.732127858935398763e+03 8.175537578001963084e+03 8.934025670088985862e+03 8.118201055363992964e+03 7.570909237657326230e+03 9.024902804545474282e+03 7.566604919224416335e+03 6.800449731666942171e+03 6.829714501834900148e+03 8.291741353745535889e+03 7.714140144965202126e+03 8.771883837976529321e+03 7.742365662938832429e+03 7.962027473614037262e+03 7.670601024197691913e+03 7.948994998752749780e+03 6.687702065636632142e+03 6.928010368011137871e+03 7.416793508432161616e+03 7.231484206018847544e+03 9.447097326599394364e+03 8.374793046555747424e+03 6.460253271415420386e+03 7.149292053442056385e+03 5.656508323565267347e+03 6.430820022802773565e+03 7.531532734227709625e+03 7.314427940334274354e+03 7.293351103583154327e+03 6.406320975925087623e+03 7.755807017122394427e+03 7.866614959736346464e+03 7.133812171555827263e+03 6.936822355515389063e+03 7.731747716383845727e+03 7.032398428642829458e+03 9.366026551578846920e+03 7.298383129533872307e+03 8.039165290252221894e+03 7.775960083918214877e+03 9.459575202100844763e+03 7.268366993469108820e+03 9.277786483071038674e+03 9.142007172801049819e+03 9.233853371360111851e+03 8.142700261987297381e+03 7.293490162171482552e+03 7.712951641663440569e+03 9.208373728423559442e+03 9.480643255831731949e+03 7.498385345335983402e+03 8.154896146596542167e+03 7.780966245277953931e+03 7.693088182500348921e+03 6.927223042202396755e+03 8.161421548314585380e+03 9.109030417386282352e+03 9.084836885692147916e+03 7.531315483782067531e+03 9.683027232871072556e+03 7.117942613387681376e+03 7.256944906337125758e+03 7.822646715978728025e+03 6.983949438940913751e+03 9.299727696289350206e+03 7.986143501006357837e+03 9.313645469661552852e+03 8.154188622999315157e+03 8.827540186338543208e+03
4.155882352941176805e+02 9.362549040405088817e+03 8.956929852207507793e+03 7.947465581225656933e+03 7.587324672851285868e+03 7.717513001667633034e+03 9.187289748559642248e+03 6.787361691822366083e+03 7.640810725300156264e+03 6.939608367673750763e+03 7.732101570708605323e+03 6.705251636690555642e+03 7.302333761810337819e+03 7.232646389177674791e+03 7.202226658439501989e+03 6.182619361565128202e+03 7.462900447206175158e+03 6.622381666572846370e+03 7.339723890233169186e+03 6.617758555741884265e+03 7.045244958823252091e+03 8.173732944241153746e+03 7.260691375914254422e+03 7.102181064100996082e+03 6.426531406534358212e+03 9.448372161214168955e+03 7.081266704185200069e+03 8.351641488438977831e+03 7.373261072003964728e+03 7.162306053425590108e+03 6.578220600731602644e+03 6.749390892867261755e+03 6.766884609977462787e+03 8.951380431283334474e+03 7.105203873440586904e+03 7.426308862370718089e+03 7.710317541691993029e+03 8.167936540488572064e+03 6.795113962174375047e+03 9.457334456109643725e+03 6.863942263694764733e+03 6.190989838549121487e+03 6.776451514604444128e+03 8.213772976074158578e+03 8.969379489349819778e+03 8.150262959051120561e+03 7.673374175948830270e+03 8.919465083531267737e+03 7.595186806084463569e+03 6.783897269573888479e+03 6.855325977531437275e+03 8.415063701838391353e+03 7.791918178463884033e+03 8.798609086567577833e+03 7.816531177756136458e+03 7.898140854202992159e+03 7.656610296777559597e+03 7.991833046760420984e+03 6.812454525654259669e+03 6.960302960091858040e+03 7.513250979111024208e+03 7.325132363304903265e+03 9.469240109084224969e+03 8.451099537136671643e+03 6.637125487495006382e+03 7.262293847562803421e+03 5.841278549719037983e+03 6.607992801742982920e+03 7.601842656499004988e+03 7.418706673971538294e+03 7.381100315576929461e+03 6.584690382013491217e+03 7.722240499179887593e+03 7.850096030839928062e+03 7.220681723899611825e+03 6.965628783215204749e+03 7.739555230588920494e+03 7.043256510865682685e+03 9.398916501375211737e+03 7.383345920305268919e+03 8.073398309411576520e+03 7.793426953445225990e+03 9.476800818576528400e+03 7.304805510176385724e+03 9.356634781601484065e+03 9.178183663092395363e+03 9.269924065600827817e+03 8.171326102813051875e+03 7.379286775166642656e+03 7.758292998456882742e+03 9.254429991211787637e+03 9.493691792516892747e+03 7.541437446777635159e+03 8.152203303209223122e+03 7.822929061455379269e+03 7.744583005854393377e+03 7.029183046017052220e+03 8.171381349436122946e+03 9.134399429494984361e+03 9.109038599770423389e+03 7.547644924499218178e+03 9.708216522959786744e+03 7.197636977407972154e+03 7.324634481473245614e+03 7.843668798887272715e+03 7.042177394131621440e+03 9.288225403990190898e+03 7.972384473948899540e+03 9.356183412829181179e+03 8.125887984548893655e+03 8.903116698416020881e+03
4.164705882352940876e+02 9.268698905615992771e+03 8.821020187090647596e+03 7.921924498242149639e+03 7.513570580875366431e+03 7.611617207994986529e+03 9.050621635377559869e+03 6.743626398364556735e+03 7.733418714270520468e+03 6.931133774765193266e+03 7.751370370281985743e+03 6.839382811126350134e+03 7.381330581869757225e+03 7.280816396244979842e+03 7.214885358173209170e+03 6.340549446501917373e+03 7.565281995785105210e+03 6.774790289900756761e+03 7.345243687015517025e+03 6.768827098905616367e+03 7.060748384959059877e+03 8.174457873535710860e+03 7.325050393441509186e+03 7.240320424137767986e+03 6.565949694716092381e+03 9.412056578404573884e+03 7.084888743602663453e+03 8.351086899630092375e+03 7.459530424539794694e+03 7.231819578905436174e+03 6.732248957512562811e+03 6.702000955658686507e+03 6.723594105692899575e+03 8.998497210943794926e+03 7.214697990682222553e+03 7.494227903487148069e+03 7.644047699456699775e+03 8.159638599165999040e+03 6.909307000466343197e+03 9.361554042846752054e+03 6.861357713159657578e+03 6.334870995127015703e+03 6.800639268382252340e+03 8.227539628383205127e+03 8.978004734613718028e+03 8.158037215734399069e+03 7.753708561100123006e+03 8.789541269830158853e+03 7.601134570850161253e+03 6.747375389125400943e+03 6.860508107176221529e+03 8.514348034567861760e+03 7.846794457907890319e+03 8.799116589791978186e+03 7.867674816294776065e+03 7.811787230258370982e+03 7.620027676102025907e+03 8.010879287125731935e+03 6.918402337849586729e+03 6.971860631063614164e+03 7.587965142964044389e+03 7.397574261144232878e+03 9.463179014962535803e+03 8.502470894597281585e+03 6.797830075527964254e+03 7.354704615803078923e+03 6.013367563154041818e+03 6.769120584773705559e+03 7.649741962375710500e+03 7.501696343257300214e+03 7.447364079232837867e+03 6.747159608697168551e+03 7.666146767749998617e+03 7.810438371737291163e+03 7.286550305987961110e+03 6.973678982246672604e+03 7.724350559799882831e+03 7.033155183100750037e+03 9.403796957470674897e+03 7.446770584595765285e+03 8.083575111644651770e+03 7.787683358309614960e+03 9.465815149475341968e+03 7.319489043593367569e+03 9.407817949416916235e+03 9.187009432903118068e+03 9.278370355221119098e+03 8.175600766335807748e+03 7.443571312724395284e+03 7.780552881470885040e+03 9.272924636586250926e+03 9.478495675141950414e+03 7.562048778797759951e+03 8.125342460493066937e+03 7.841603057624205576e+03 7.773070228488839348e+03 7.111040440184017825e+03 8.157036395968676516e+03 9.132553433548366229e+03 9.106102871519378823e+03 7.541497560964835429e+03 9.704484757156480555e+03 7.256286209730438713e+03 7.370730002884290116e+03 7.841322983560036846e+03 7.079573145043618752e+03 9.249261037731246688e+03 7.935093136011370007e+03 9.370847346744176320e+03 8.073778016271744491e+03 8.952374405533249956e+03
4.173529411764706083e+02 9.149183430095150470e+03 8.662174495559507704e+03 7.873340690309887577e+03 7.418949283466230554e+03 7.485525134404464552e+03 8.890318486377873342e+03 6.680643126781902538e+03 7.803723572129058084e+03 6.902338216549523167e+03 7.747743747182647894e+03 6.955090179723605615e+03 7.438892238377190552e+03 7.307538808157536550e+03 7.206248819150248892e+03 6.482691621208037759e+03 7.646064683871921261e+03 6.909651266258700161e+03 7.329117877278338710e+03 6.902316664799746832e+03 7.055401409799654175e+03 8.151127861580476747e+03 7.367963150697446508e+03 7.358831463158247061e+03 6.688049034443207347e+03 9.348448314259123435e+03 7.067642446855526941e+03 8.325966837507035962e+03 7.524235869731832281e+03 7.280227456172081475e+03 6.868941318477102868e+03 6.635562107180056955e+03 6.661106553179504772e+03 9.019048229218662527e+03 7.303853938215719609e+03 7.540227709163473264e+03 7.556327215686087584e+03 8.127402193209622055e+03 7.004256303500839749e+03 9.239877925999975560e+03 6.838606021529002646e+03 6.462397459066343799e+03 6.804731516725788424e+03 8.217024615965063276e+03 8.960162533337852437e+03 8.141761657151650979e+03 7.811489240133212661e+03 8.636563030037756107e+03 7.584681311802237360e+03 6.691458500197336434e+03 6.845472950647770631e+03 8.589032424110248030e+03 7.878574993883050411e+03 8.773732874737390375e+03 7.895636640901640021e+03 7.704004400430328133e+03 7.561461420540028485e+03 8.006265597694142343e+03 7.004869970100203318e+03 6.962842895149761716e+03 7.640556328901111556e+03 7.448443248871473770e+03 9.429323785339518508e+03 8.528769029447228604e+03 6.941239672138074638e+03 7.425980873917400459e+03 6.171555766522021258e+03 6.913072210835591250e+03 7.675091415194996443e+03 7.562941237694370102e+03 7.491832265865085901e+03 6.892586765092381029e+03 7.588303895221802122e+03 7.748284219275614305e+03 7.331105289826158696e+03 6.961163744773513827e+03 7.686558792509643354e+03 7.002448484652109073e+03 9.380978335879171937e+03 7.488372168649287232e+03 8.069909338469152317e+03 7.759073193917536628e+03 9.427071609226513829e+03 7.312562307327751114e+03 9.431233669265810022e+03 9.168751659624185777e+03 9.259466246498861437e+03 8.155793850567399204e+03 7.486051046213232439e+03 7.779825815579916707e+03 9.264041966788250647e+03 9.435546002111721464e+03 7.560320339816133128e+03 8.074856254220974733e+03 7.837117031368578864e+03 7.778588519270727375e+03 7.172335225828373950e+03 8.118820499954930710e+03 9.103852378692608909e+03 9.076398316997741858e+03 7.513211581841770567e+03 9.672230057405320622e+03 7.293640634872110240e+03 7.395097818638237186e+03 7.815925014088476928e+03 7.096069625892097974e+03 9.183525562378414179e+03 7.874895935287780958e+03 9.357859407356661904e+03 7.998618525588723060e+03 8.975211001863939600e+03
4.182352941176470722e+02 9.005355244026995933e+03 8.482024276572161398e+03 7.802429164491789379e+03 7.304539318218517110e+03 7.340563346794582685e+03 8.708034659582597669e+03 6.599201807708318483e+03 7.851394843661423693e+03 6.853730007261749961e+03 7.721541993937465122e+03 7.051622418222442320e+03 7.474786938580022252e+03 7.312849605457415237e+03 7.176661134968079750e+03 6.608066235455822607e+03 7.704820509306949134e+03 7.026053693468487836e+03 7.291760673900477741e+03 7.017327319942725808e+03 7.029513680024263522e+03 8.104250614300990492e+03 7.389324595863216928e+03 7.456952087266231501e+03 6.792016861651313775e+03 9.258446740347506420e+03 7.029942035425348877e+03 8.276811101696777769e+03 7.567085862852928585e+03 7.307372774079428382e+03 6.987370843870944555e+03 6.550891095127011795e+03 6.580206994498081258e+03 9.013187883475568015e+03 7.372158615376177295e+03 7.564182318367588778e+03 7.448184869263942346e+03 8.071811406690203512e+03 7.079388317666735929e+03 9.093679913299678446e+03 6.796140761325352287e+03 6.572705989007984499e+03 6.788945503833122530e+03 8.182626157967040854e+03 8.916342912933050684e+03 8.101882091484857483e+03 7.846496280285272405e+03 8.462117103251819572e+03 7.546253617322573518e+03 6.616877981654241012e+03 6.810607127463649704e+03 8.638776836701206776e+03 7.887272314213765640e+03 8.723006762908724340e+03 7.900463606301240361e+03 7.575987908135985890e+03 7.481699203346784998e+03 7.978330573489714880e+03 7.071356963885296864e+03 6.933588132103479438e+03 7.670844064010748298e+03 7.477566957154263946e+03 9.368321400471115339e+03 8.530079238832704505e+03 7.066375186135026524e+03 7.475769775738579483e+03 6.314735398975198223e+03 7.038863595661054205e+03 7.677952846932707871e+03 7.602181672452140447e+03 7.514390683688305216e+03 7.019975501407380762e+03 7.489661236473104509e+03 7.664458701976834163e+03 7.354225697676531126e+03 6.928451992404087832e+03 7.626795337061006649e+03 6.951665000959588724e+03 9.331009816364679864e+03 7.508061679920936513e+03 8.032821317062956041e+03 7.708135313514522750e+03 9.361259421574588487e+03 7.284358362455870520e+03 9.427026366204177975e+03 9.123911770535680262e+03 9.213722185182428802e+03 8.112382541886873696e+03 7.506629153584902269e+03 7.756407779510220280e+03 9.228204880546873028e+03 9.365568612618240877e+03 7.536548759191420686e+03 8.001483598013867777e+03 7.809802155101985591e+03 7.761378790340056185e+03 7.212792846859439123e+03 8.057369063450363683e+03 9.048886310787829643e+03 9.020522662242481601e+03 7.463313812427510129e+03 9.612094529658517786e+03 7.309641579930214903e+03 7.397798006455982431e+03 7.767988017131203378e+03 7.091785351063795133e+03 9.091930035400064298e+03 7.792606466714381895e+03 9.317681967116222950e+03 7.901353187502701076e+03 8.971759041756395163e+03
4.191176470588235361e+02 8.838736335099163625e+03 8.282326837712127599e+03 7.710082187225672897e+03 7.171558064554201337e+03 7.178176091984459163e+03 8.505555850311149698e+03 6.500231353663209120e+03 7.876303867082424404e+03 6.785978979680055090e+03 7.673276753275374176e+03 7.128398494439445130e+03 7.488975453142821607e+03 7.296971774383378943e+03 7.126642801455035624e+03 6.715838307576441366e+03 7.741318346013595146e+03 7.123248547832816257e+03 7.233763236944746495e+03 7.113121345862679846e+03 6.983568460637276985e+03 8.034528707016043882e+03 7.389219902822940639e+03 7.534101574203913515e+03 6.877200638390930180e+03 9.143158838280054624e+03 6.972371798746114109e+03 8.204348083798824518e+03 7.587983529162950617e+03 7.313286932307271854e+03 7.086770517450183434e+03 6.448940405091597313e+03 6.481819204005414576e+03 8.981299265536836174e+03 7.419285471676276757e+03 7.566160605755607321e+03 7.320796570045430599e+03 7.993641211132303397e+03 7.134306659932602088e+03 8.924504171621121714e+03 6.734577830132100644e+03 6.665084163853761311e+03 6.753668497985841896e+03 8.124943379396763703e+03 8.847252889327592129e+03 8.039041512073588819e+03 7.858711978683325469e+03 8.267920062710241837e+03 7.486461324049007999e+03 6.524508476064178467e+03 6.756462587190600061e+03 8.663463466102251914e+03 7.873100940896545580e+03 8.647696774859821744e+03 7.882404570270652584e+03 7.429070974940857923e+03 7.381692994102644661e+03 7.927610281792628484e+03 7.117541640435847512e+03 6.884604917916512022e+03 7.678845592568502980e+03 7.484965669335038911e+03 9.281041657762760224e+03 8.506704292550974060e+03 7.172416707785426297e+03 7.503910263920976831e+03 6.441923427283245474e+03 7.145668605223931081e+03 7.658584069982761321e+03 7.619353777553630607e+03 7.515118610188799721e+03 7.128486038177745286e+03 7.371322289032486879e+03 7.559954200649218365e+03 7.355979959539208721e+03 6.876081704013009585e+03 7.545853102619711535e+03 6.881496577550148686e+03 9.254666335367825013e+03 7.505943347953390003e+03 7.972927604225921641e+03 7.635591678737809161e+03 9.269288614365354078e+03 7.235389826789039944e+03 9.395579990327201813e+03 9.053213244722976015e+03 9.141872723913447771e+03 8.046040279440201630e+03 7.505402014148046874e+03 7.710787707561950810e+03 9.166063694086926262e+03 9.269508654968354676e+03 7.491217874430381016e+03 7.906144926102881982e+03 7.760182908981478249e+03 7.721876529935716462e+03 7.232324365072905493e+03 7.973505658978957399e+03 8.968461943999865980e+03 8.939289226345343195e+03 7.392508161160081727e+03 9.524949871603996144e+03 7.304418328108052265e+03 7.379079487242592222e+03 7.698210858227314020e+03 7.067018849275417779e+03 8.975587834426129120e+03 7.689209850485067363e+03 9.251005903864614083e+03 7.783092262080751425e+03 8.942379126729485506e+03
4.200000000000000000e+02 8.650993422517971339e+03 8.064939036093684990e+03 7.597352947354888784e+03 7.021342043172414378e+03 6.999903318290209427e+03 8.284772330828247505e+03 6.384783678451933156e+03 7.878521461256378643e+03 6.699903574185153957e+03 7.603639591447295061e+03 7.185012455287906050e+03 7.481607692958764346e+03 7.260308144704263213e+03 7.056879495390086049e+03 6.805326329492339028e+03 7.755523213260528792e+03 7.200655993029318779e+03 7.155881542646632624e+03 7.189130373539071115e+03 6.918212068883163738e+03 7.942845476220533783e+03 7.367919299949398919e+03 7.589885176433915149e+03 6.943113846536195524e+03 9.003879152135155891e+03 6.895674151962701217e+03 8.109490205950823110e+03 7.587024070577804196e+03 7.298185269506224358e+03 7.166540698914007407e+03 6.330782072488344966e+03 6.366989829122513584e+03 8.923983810992289364e+03 7.445095290863290757e+03 7.546421243032776147e+03 7.175465904861464878e+03 7.893842383523480748e+03 7.168794118522271674e+03 8.734040333667260711e+03 6.654683230529688444e+03 6.738977375596672573e+03 6.699448603465789347e+03 8.044763506181914636e+03 8.753801824190810294e+03 7.954066688127302768e+03 7.848316863612584712e+03 8.055792425542056662e+03 7.406084876983180038e+03 6.415352453275843800e+03 6.683745197285184986e+03 8.663193807154222668e+03 7.836470096192166238e+03 8.548755880306269319e+03 7.841902486639978633e+03 7.264703162713070014e+03 7.262542128329358093e+03 7.854826389009471313e+03 7.143281959202175130e+03 6.816561206277810925e+03 7.664771450636517329e+03 7.470848114206652099e+03 9.168560128768436698e+03 8.459155525825286531e+03 7.258711760169705485e+03 7.510431441212174832e+03 6.552272751717527171e+03 7.232827521438400254e+03 7.617431085518550390e+03 7.614586298762220395e+03 7.494283660075318039e+03 7.217443888255200363e+03 7.234526009250477728e+03 7.435912787560349898e+03 7.336620990388908467e+03 6.804748626895091547e+03 7.444687403415213339e+03 6.792785007805542591e+03 9.152932734866597457e+03 7.482309087231158628e+03 7.891028046707441717e+03 7.542333179271527115e+03 9.152272460699548901e+03 7.166337732353254069e+03 9.337507408299778035e+03 8.957586586182058454e+03 9.044861263647553642e+03 7.957623052806380656e+03 7.482653807215071538e+03 7.643636411295347898e+03 9.078482057325836649e+03 9.148512527560080343e+03 7.424987874104599541e+03 7.789925273807241865e+03 7.688965461748247435e+03 7.660701402028207667e+03 7.231023870851523498e+03 7.868226350419638038e+03 8.863586618790444845e+03 8.833710847359461695e+03 7.301661790189064050e+03 9.411880038625127781e+03 7.278282246409668915e+03 7.339372450584037324e+03 7.607464269621618769e+03 7.022240566090639732e+03 8.835794655887266345e+03 7.565845222325148825e+03 9.158735863289421104e+03 7.645093410155707716e+03 8.887649854883697117e+03
4.208823529411765207e+02 8.443912435455264131e+03 7.831790965692933241e+03 7.465437410933736828e+03 6.855326265823467111e+03 6.807358334019998438e+03 8.047652011950954147e+03 6.254016650786681566e+03 7.858312778477381471e+03 6.596456157464625903e+03 7.513488521871790908e+03 7.221235650977440855e+03 7.453016634773895930e+03 7.203431904300789938e+03 6.968208960874509103e+03 6.876008750307701121e+03 7.747592686050889824e+03 7.257870118029263722e+03 7.059022190148145455e+03 7.244959990444720461e+03 6.834241296167537257e+03 7.830248775078244762e+03 7.325870348417037349e+03 7.624095896829379853e+03 6.989439494536045459e+03 8.842067871246317736e+03 6.800735867277860962e+03 7.993317193155146015e+03 7.564489365147221179e+03 7.262460120140287472e+03 7.226254228619800415e+03 6.197590510232026645e+03 6.236871387733879601e+03 8.842048220735499854e+03 7.449634372530309520e+03 7.505404965907358928e+03 7.013603745599863032e+03 7.773524435321492092e+03 7.182812086424220070e+03 8.524097582058899206e+03 6.557359148144704704e+03 6.793993441439162780e+03 6.626983661867460796e+03 7.943046776053907706e+03 8.637084266907588244e+03 7.847952682952344730e+03 7.815683015358727062e+03 7.827632641193767085e+03 7.306060797107473263e+03 6.290523747972745696e+03 6.593301560363128374e+03 8.638282644133490976e+03 7.777973775702753301e+03 8.427313928032079275e+03 7.779584014313296393e+03 7.084428530921162746e+03 7.125475051462830379e+03 7.760872083337778349e+03 7.148613886668589657e+03 6.730271468047540111e+03 7.629018485143769794e+03 7.435604490283802079e+03 9.032138685953921595e+03 8.388141169900436580e+03 7.324781121771196922e+03 7.495548170457093875e+03 6.645081156492022274e+03 7.299852938772824018e+03 7.555117749712665500e+03 7.588194733105096020e+03 7.452334035661886446e+03 7.286345941013727497e+03 7.080626995349934987e+03 7.293607312532322794e+03 7.296578732305005360e+03 6.715293138991013620e+03 7.324399204995012951e+03 6.686507070745894453e+03 9.026985504757016315e+03 7.437630359556442272e+03 7.788090622358726250e+03 7.429403556301994286e+03 9.011507547196628366e+03 7.078038353789009307e+03 9.253636920794759135e+03 8.838151822335417819e+03 8.923822383466615065e+03 7.848153442937709769e+03 7.438848513446697325e+03 7.555793211238739786e+03 8.966520234529227309e+03 9.003907517253057449e+03 7.338682198668721867e+03 7.654055718533296385e+03 7.597023900239067189e+03 7.578644617667462626e+03 7.209163322840790897e+03 7.742682079746237832e+03 8.735449888788074531e+03 8.704981353743227373e+03 7.191789556946817356e+03 9.274161553474252287e+03 7.231718584497973097e+03 7.279278468468623942e+03 7.496774977545836009e+03 6.958082557975522832e+03 8.674006695077663608e+03 7.423786669014812105e+03 9.041972965729883072e+03 7.488741353950949815e+03 8.808355093745189151e+03
4.217647058823529278e+02 8.219372509856520992e+03 7.584859990948692939e+03 7.315655075457209023e+03 6.675023315924404415e+03 6.602205593058066370e+03 7.796213864641349574e+03 6.109176322022357454e+03 7.816129444322788004e+03 6.476707158601005176e+03 7.403832439739023357e+03 7.237016269504177217e+03 7.403709750330423049e+03 7.127074933437804248e+03 6.861606128710763187e+03 6.927527994888465400e+03 7.717870662708909549e+03 7.294661096288289627e+03 6.944226758396574041e+03 7.280391711110788492e+03 6.732589180493313506e+03 7.697933037066953148e+03 7.263687880588237931e+03 7.636713558273389935e+03 7.016031123723551900e+03 8.659327436816231057e+03 6.688572721533341792e+03 7.857057608484275079e+03 7.520840095281243521e+03 7.206671596018880336e+03 7.265658869335324198e+03 6.050624580155539661e+03 6.092704541338013769e+03 8.736488761873461044e+03 7.433129957244475918e+03 7.443724623257137864e+03 6.836707251137964704e+03 7.633937027060816945e+03 7.176497374904019125e+03 8.296578417916258331e+03 6.443628637244912170e+03 6.829904814141887982e+03 6.537108302769284819e+03 7.820909461151473806e+03 8.498360930687600558e+03 7.721845478367891701e+03 7.761364774085450335e+03 7.585391317274871653e+03 7.187465368174764990e+03 6.151230128650271581e+03 6.486104303948452070e+03 8.589249133581701244e+03 7.698378519970661728e+03 8.284658402980663595e+03 7.696246841217831388e+03 6.889863419355052429e+03 6.971829919663585315e+03 7.646796001703282855e+03 7.133747144886527167e+03 6.626682336816395036e+03 7.572160287751267788e+03 7.379797169132279123e+03 8.873204191306440407e+03 8.294552272718585300e+03 7.370322040265013129e+03 7.459654197599211329e+03 6.719798194429200521e+03 7.346433120544789745e+03 7.472433250840342225e+03 7.540673010971071562e+03 7.389888340776888072e+03 7.334864067222491030e+03 6.911074909457168360e+03 7.134421376784745007e+03 7.236450338034699598e+03 6.608685546617577529e+03 7.186216967409918652e+03 6.563758286778663205e+03 8.878172409753497050e+03 7.372547827464783040e+03 7.665234457002590716e+03 7.297981808239851489e+03 8.848452090405477065e+03 6.971468334219245662e+03 9.144996083252643075e+03 8.696199015353106006e+03 8.780062046484292296e+03 7.718802994848714661e+03 7.374619605434829282e+03 7.448250746331581468e+03 8.831416231912122385e+03 8.837179837584579218e+03 7.233272674945692415e+03 7.499893542252643783e+03 7.485384484627918937e+03 7.476654251648420541e+03 7.167184992486044393e+03 7.598159657054151467e+03 8.585403247452803043e+03 8.554455364088877104e+03 7.064036883582066366e+03 9.113241862132868846e+03 7.165375961638025728e+03 7.199558378948821883e+03 7.367308273208093851e+03 6.875326259189605480e+03 8.491817471702379407e+03 7.264423175691516917e+03 8.901995442540852309e+03 7.315526560839070953e+03 8.705468618598048124e+03
4.226470588235293917e+02 7.979320066448700345e+03 7.326145682499083705e+03 7.149428722761071185e+03 6.482002330990933842e+03 6.386139059337187973e+03 7.532502165970610804e+03 5.951578719118529079e+03 7.752599376152764307e+03 6.341828143445879505e+03 7.275814236859143421e+03 7.232476460435586887e+03 7.334358286587605107e+03 7.032114381747996958e+03 6.738166943212748265e+03 6.959692162311127504e+03 7.666878637730879746e+03 7.310974798702978660e+03 6.812654728323605013e+03 7.295382435733966304e+03 6.614309329191853976e+03 7.547219962243043483e+03 7.182141949586739429e+03 7.627901233187010803e+03 7.022911320990736385e+03 8.457378270595314461e+03 6.560313019230126883e+03 7.702069124658079090e+03 7.456705543678907816e+03 7.131536249843508813e+03 7.284677294263148724e+03 5.891209420352714005e+03 5.935800033764986438e+03 8.608473580987087189e+03 7.395983299609899404e+03 7.362152971212350167e+03 6.646338720656065561e+03 7.476450157150764426e+03 7.150156670462120928e+03 8.053452409362846993e+03 6.314619238077334558e+03 6.846648397690576530e+03 6.430779638356229952e+03 7.679605352795082581e+03 8.339038029440729588e+03 7.577023226425360008e+03 7.686087179563847712e+03 7.331046194967924748e+03 7.051497092830275506e+03 5.998755423469618108e+03 6.363236269120254292e+03 8.516805282164092205e+03 7.598609134262017506e+03 8.122213567497685290e+03 7.592845050068609453e+03 6.682674489224516947e+03 6.803034582292874802e+03 7.513784612345141795e+03 7.099058688485424682e+03 6.506856915038118132e+03 7.494935543903113285e+03 7.304149239556057182e+03 8.693325734067035228e+03 8.179446524074639456e+03 7.395208870318670051e+03 7.403312851595242137e+03 6.776029736368445811e+03 7.372432746085984036e+03 7.370317779152875119e+03 7.472682805437917523e+03 7.307723475065753519e+03 7.362846125242944254e+03 6.727393649080074283e+03 6.959828816773782819e+03 7.156988368998538135e+03 6.486010178285351685e+03 7.031477451439716788e+03 6.425735663109424422e+03 8.707990630818014324e+03 7.287858815354256876e+03 7.523711433022861456e+03 7.149363420934136229e+03 8.664702870962557427e+03 6.847728332863099240e+03 9.012793355418642022e+03 8.533167106171087653e+03 8.615036241837533453e+03 7.570873160277612442e+03 7.290757689565213695e+03 7.322138093023976580e+03 8.674565130614335430e+03 8.649951248760664384e+03 7.109863038371479888e+03 7.328901421019578265e+03 7.355208423932302139e+03 7.355818908647332137e+03 7.105691706124027405e+03 7.436061551962864542e+03 8.414938458337926932e+03 8.383626470159722885e+03 6.919661553763089614e+03 8.930716108090477064e+03 7.080053928078844365e+03 7.101118449870361474e+03 7.220349262458683370e+03 6.774888500298245162e+03 8.290933816213493628e+03 7.089237789927250560e+03 8.740237399970539627e+03 7.127023548416318590e+03 8.580136680432296998e+03
4.235294117647059124e+02 7.725743293260783503e+03 7.057645842140235800e+03 6.968263751008884356e+03 6.277868391292130582e+03 6.160861406067207099e+03 7.258561885627013908e+03 5.782591677044400967e+03 7.668514414926020436e+03 6.193074273963822634e+03 7.130692592623318887e+03 7.207906967450919183e+03 7.245784580809685394e+03 6.919557607279630247e+03 6.599091155427472586e+03 6.972474245597046320e+03 7.595304777810600172e+03 7.306929917954470511e+03 6.665565609621035946e+03 7.290061422065043189e+03 6.480559319159360712e+03 7.379538367266400201e+03 7.082144018259516997e+03 7.597999134728649551e+03 7.010267922530777469e+03 8.238033995827428953e+03 6.417180214880688254e+03 7.529817800325822645e+03 7.372871396632895994e+03 7.037913905475857064e+03 7.283404525124457905e+03 5.720718260957852181e+03 5.767520497066644566e+03 8.459323223268616857e+03 7.338760463750585586e+03 7.261608730750559516e+03 6.444104720479648677e+03 7.302533568721653864e+03 7.104258713044325305e+03 7.796730449837749802e+03 6.171545844324537939e+03 6.844323028266698202e+03 6.309061789543221494e+03 7.520506124014622401e+03 8.160645500072456343e+03 7.414876463252891881e+03 7.590732426240841050e+03 7.066578168680473937e+03 6.899458184161169811e+03 5.834441430679840778e+03 6.225873697534143503e+03 8.421842065634633400e+03 7.479732792970329683e+03 7.941518760559560178e+03 7.470472854206054762e+03 6.464557212146036363e+03 6.620586318490049962e+03 7.363143434058281855e+03 7.045083945844899063e+03 6.371958083195808285e+03 7.398234359861717166e+03 7.209531186951237032e+03 8.494190928962312682e+03 8.044030399338200368e+03 7.399491130318636351e+03 7.327245746507453987e+03 6.813540231512947685e+03 7.377891190867300793e+03 7.249846494409119259e+03 7.385040921116948994e+03 7.206760599992531752e+03 7.370314449008291376e+03 6.531160483681578626e+03 6.771372759728399615e+03 7.059087207726905945e+03 6.348448466292667035e+03 6.861605907693241534e+03 6.273719792973362928e+03 8.518063705721579026e+03 7.184503128881516204e+03 7.364886656653950922e+03 6.984940825990841404e+03 8.461971279675793994e+03 6.708025785855345930e+03 8.858397881451295689e+03 8.350621644790333448e+03 8.430328492679165720e+03 7.405775265662394304e+03 7.188196323874191876e+03 7.178702782557695173e+03 8.497497144773496984e+03 8.443954905097409210e+03 6.969671369864052394e+03 7.142626243909191544e+03 7.207773504778543611e+03 7.217350114688599206e+03 7.025435154774960210e+03 7.257885101599716108e+03 8.225664830883453760e+03 8.194104662631018073e+03 6.760014763638297154e+03 8.728302983627576396e+03 6.976688854689666186e+03 6.984994975655070448e+03 7.057283437744295952e+03 6.657806248909433634e+03 8.073151391273971058e+03 6.899786526093307657e+03 8.558266436130215880e+03 6.924869028046357926e+03 8.433658832511719083e+03
4.244117647058823195e+02 7.460647588543000893e+03 6.781334126588189065e+03 6.773727402294939566e+03 6.064242507870214467e+03 5.928064303136780836e+03 6.976415622781742968e+03 5.603616856355556592e+03 7.564816067929313249e+03 6.031766425372653430e+03 6.969823081986319266e+03 7.163759661044046879e+03 7.138947711597466878e+03 6.790525990728019678e+03 6.445664500243487055e+03 6.966009159652279777e+03 7.503991025253943917e+03 7.282812739122377934e+03 6.504300504579960943e+03 7.264724961891046405e+03 6.332583353324383097e+03 7.196403421597678971e+03 6.964731661692422676e+03 7.547516263089340100e+03 6.978448033136771301e+03 8.003176652937663675e+03 6.260475077218250590e+03 7.341856866478884513e+03 7.270265781787459673e+03 6.926793092912309476e+03 7.262103065856930698e+03 5.540554547979832023e+03 5.589262552076508655e+03 8.290489920425152377e+03 7.262181109132205165e+03 7.143141116398237500e+03 6.231635664134470062e+03 7.113735780328545843e+03 7.039424498008002047e+03 7.528439951689269947e+03 6.015693249295417445e+03 6.823184749990507044e+03 6.173109585626053558e+03 7.345080934043700836e+03 7.964814515406330429e+03 7.236887657208385463e+03 7.476324597581091439e+03 6.793948868936128747e+03 6.732735437996196197e+03 5.659670058565512591e+03 6.075269072291004704e+03 8.305413529963645487e+03 7.342941732238386976e+03 7.744206076695067168e+03 7.330346997620154070e+03 6.237215204194892976e+03 6.426031691167620920e+03 7.196277429019911324e+03 6.972506172715098728e+03 6.223231275693579846e+03 7.283083074162517732e+03 7.096946035371572179e+03 8.277581716554435843e+03 7.889639897151675541e+03 7.383389226091097044e+03 7.232319582979356710e+03 6.832252736039948104e+03 7.363018332797763833e+03 7.112212362998297067e+03 7.278704930454659916e+03 7.088049714876126927e+03 7.357461960632350383e+03 6.323985614341262590e+03 6.570644996153752800e+03 6.943767993946750721e+03 6.197261598167301599e+03 6.678096050253766407e+03 6.109056758550032100e+03 8.310117836731267744e+03 7.063547420154887732e+03 7.190218359662459079e+03 6.806183446689641642e+03 8.242058993741966333e+03 6.553656753343861055e+03 8.683317893945335527e+03 8.150231779261582233e+03 8.227626535888772196e+03 7.225009935808031514e+03 7.067996488344557292e+03 7.019291875226960656e+03 8.301854752975110387e+03 8.221010855755954253e+03 6.814011717743416739e+03 6.942677735127995220e+03 7.044454834487029075e+03 7.062563766331095394e+03 6.927302558698152097e+03 7.065201343610117874e+03 8.019285985342769891e+03 7.987593057162578589e+03 6.586521780791751553e+03 8.507819919395737088e+03 6.856338460020910134e+03 6.852337733296792067e+03 6.879576611261240942e+03 6.525220344847734850e+03 7.840330299892919356e+03 6.697677398597650608e+03 8.357760398338756204e+03 6.710740444021238545e+03 8.267467394291677920e+03
4.252941176470587834e+02 7.186032190490248468e+03 6.499139441215437728e+03 6.567428199682969534e+03 5.842742710378121046e+03 5.689410176309935196e+03 6.688042329735881140e+03 5.416072322014396377e+03 7.442579834401179141e+03 5.859273381985986816e+03 6.794638793070483189e+03 7.100638013257385865e+03 7.014927914364898243e+03 6.646237908676411280e+03 6.279240492861094936e+03 6.940588488928583502e+03 7.393918558827022025e+03 7.239069778216309714e+03 6.330263411694986644e+03 7.219828818732788022e+03 6.171694560909958454e+03 6.999395806777064536e+03 6.831052275182778430e+03 7.477119969572290756e+03 6.927949908455304467e+03 7.754732234253981005e+03 6.091557634410928586e+03 7.139805367500030115e+03 7.149943847540581373e+03 6.799275208496813320e+03 7.221195844208651579e+03 5.352134698073003165e+03 5.402439477817296392e+03 8.103535916879509386e+03 7.167105556989225079e+03 7.007913238584963437e+03 6.010566358738726194e+03 6.911663098078359326e+03 6.956415648178619449e+03 7.250601283395796600e+03 5.848398498336830926e+03 6.783640065266011334e+03 6.024151826617272491e+03 7.154875734201526939e+03 7.753254698443918642e+03 7.044610495344378251e+03 7.344013091138514937e+03 6.515079807338415776e+03 6.552780981595904450e+03 5.475845776500565080e+03 5.912733667294153747e+03 8.168719350371385190e+03 7.189534986346609003e+03 7.531977861823334024e+03 7.173788307727158099e+03 6.002340799925496867e+03 6.220946730823952748e+03 7.014670934843881696e+03 6.882144131252976877e+03 6.061986865071135071e+03 7.150627785094446153e+03 6.967513261720429909e+03 8.045350044820607764e+03 7.717720432054557023e+03 7.347287906138280050e+03 7.119531535421531771e+03 6.832246689610331487e+03 7.328188190090108037e+03 6.958708110861854038e+03 7.154757487531165680e+03 6.952753059071458665e+03 7.324645971355247639e+03 6.107492475444798401e+03 6.359265709035117652e+03 6.812162496428833947e+03 6.033772808417195847e+03 6.482490110753009503e+03 5.933139934251479644e+03 8.085957948343013413e+03 6.926168430422164420e+03 7.001237407640475794e+03 6.614617680981840749e+03 8.006833586871755870e+03 6.385987655440261733e+03 8.489178221030255372e+03 7.933746926863526824e+03 8.008698819296209876e+03 7.030146246715887173e+03 6.931329871624006955e+03 6.845332655185810836e+03 8.089369426254251266e+03 7.983001607811293070e+03 6.644275227693877241e+03 6.730707443437489928e+03 6.866705292842884774e+03 6.892860967229514245e+03 6.812301992295874697e+03 6.859634013276206133e+03 7.797576481620249069e+03 7.765864571448924835e+03 6.400662574308797957e+03 8.271158260431804592e+03 6.720165342974832129e+03 6.704392546577777466e+03 6.688754880789847448e+03 6.378358419676520498e+03 7.594371091411315319e+03 6.484549806715428531e+03 8.140483704369997213e+03 6.486335094096610192e+03 8.083106075859343036e+03
4.261764705882353041e+02 6.903868399097180372e+03 6.212927334781948957e+03 6.350996063182243233e+03 5.614966245375217113e+03 5.446515581367838422e+03 6.395358065796467599e+03 5.221375948986633375e+03 7.302998265163203541e+03 5.676994271895558995e+03 6.606630885785662031e+03 7.019285788596826023e+03 6.874909895041964774e+03 6.487991083741785587e+03 6.101222309074621080e+03 6.896653326166097031e+03 7.266191908220327605e+03 7.176298379755465248e+03 6.144902707299325812e+03 7.155978775804693214e+03 5.999257232004531943e+03 6.790140999423243557e+03 6.682345902471524823e+03 7.387623643451845965e+03 6.859413127204450575e+03 7.494647156761327096e+03 5.911829260535182584e+03 6.925327044575503351e+03 7.013071337092658723e+03 6.656557852423095028e+03 7.161257148486325605e+03 5.156871695003687819e+03 5.208464619746661810e+03 7.900111390157626374e+03 7.054520437105670680e+03 6.857184658529813532e+03 5.782517612887264477e+03 6.697959006625839720e+03 6.856121313120916057e+03 6.965205751376395710e+03 5.671033628068122198e+03 6.726237327209527393e+03 5.863474317228512518e+03 6.951492494705956233e+03 7.527731475826202768e+03 6.839649343236693312e+03 7.195054977040877020e+03 6.231833628883916390e+03 6.361093021589997988e+03 5.284378920241632841e+03 5.739620184579429406e+03 8.013086021105063082e+03 7.020899552458439757e+03 7.306584473255737066e+03 7.002202643618767070e+03 5.761596880814840006e+03 6.006917988375150344e+03 6.819867615976672823e+03 6.774938377216051776e+03 5.889582665557982182e+03 7.002116909000665146e+03 6.822451799168832622e+03 7.799393954161056172e+03 7.529806119573044271e+03 7.291727639199024452e+03 6.989993376730906675e+03 6.813753643633242973e+03 7.273930428479226066e+03 6.790707652857628091e+03 7.014389531735104356e+03 6.802127752476199930e+03 7.272379952232309734e+03 5.883298992981109222e+03 6.138864031782274651e+03 6.665496086268320141e+03 5.859349820027729947e+03 6.276359287288340965e+03 5.747392248944451239e+03 7.847443908603703676e+03 6.773635516025200559e+03 6.799526924198984489e+03 6.411807219282509323e+03 7.758204552616135516e+03 6.206436772244378517e+03 8.277697195225528048e+03 7.702973614101515523e+03 7.775371045484779643e+03 6.822801081244539091e+03 6.779461433063748700e+03 6.658313114446190411e+03 7.861838275686184716e+03 7.731848120841559648e+03 6.461911208663720572e+03 6.508388251615128866e+03 6.676035815849446408e+03 6.709708677468004680e+03 6.681546636929240776e+03 6.642838864135445874e+03 7.562358716467062550e+03 7.530738906010638857e+03 6.203952726956628794e+03 8.020258698668373654e+03 6.569419805665263993e+03 6.542483441782219415e+03 6.486384764537438969e+03 6.218517593535751985e+03 7.337191609734225494e+03 6.262054764892267485e+03 7.908263775219388663e+03 6.253350273446926622e+03 7.882208025781294054e+03
4.270588235294117112e+02 6.616079542412326191e+03 5.924483554121101406e+03 6.126063190000783834e+03 5.382473252722154029e+03 5.200936323114133302e+03 6.100199025162225553e+03 5.020929872294819688e+03 7.147363168805972236e+03 5.486341615426900717e+03 6.407329370449152520e+03 6.920574325563599814e+03 6.720165545459323766e+03 6.317144817063009214e+03 5.913044893430166667e+03 6.834785251553800663e+03 7.122022119312227915e+03 7.095235631710996131e+03 5.949692969102661664e+03 7.073919435102623538e+03 5.816669386600779944e+03 6.570289159375543932e+03 6.519927633582336966e+03 7.279972978697240251e+03 6.773607137308278652e+03 7.224865708946300401e+03 5.722715221040753931e+03 6.700109792862279392e+03 6.860907281770472764e+03 6.499917606977757714e+03 7.083001817202721213e+03 4.956159741978456623e+03 5.008735831272849282e+03 7.681932279439704871e+03 6.925523165858709035e+03 6.692293428122588921e+03 5.549079255787075454e+03 6.474284120231791348e+03 6.739543911197049056e+03 6.674195497034906111e+03 5.484988684609228585e+03 6.651656405337454089e+03 5.692403051722180862e+03 6.736568861207129885e+03 7.290043882816322366e+03 6.623639041266688764e+03 7.030796798441182546e+03 5.945997320331174706e+03 6.159197098452355931e+03 5.086669828456619143e+03 5.557305845472201327e+03 7.839947169669300820e+03 6.838491219323505902e+03 7.069802606767086218e+03 6.817061630657473870e+03 5.516600462359744597e+03 5.785524435417471977e+03 6.613450527473236434e+03 6.651936454507799681e+03 5.707406579468081873e+03 6.838883235493422035e+03 6.663062494398462150e+03 7.541634310608023043e+03 7.327498913787505444e+03 7.217394132889266984e+03 6.844914763159479662e+03 6.777150966642207095e+03 7.200920066491422403e+03 6.609647317808887237e+03 6.858882771985910040e+03 6.637507888144094068e+03 7.201323417049209638e+03 5.653000132543673317e+03 5.911059607915445667e+03 6.505070354542079258e+03 5.675387577853896801e+03 6.061284971933968336e+03 5.553249003148986958e+03 7.596467338694519640e+03 6.607292653827555114e+03 6.586702309525669989e+03 6.199333949644897075e+03 7.498100210301693551e+03 6.016456183842142309e+03 8.050663481445234538e+03 7.459752749340743321e+03 7.529503281342964328e+03 6.604618943622944244e+03 6.613731508439173012e+03 6.459762694055867541e+03 7.621101115679554823e+03 7.469486737941489082e+03 6.268408403231004741e+03 6.277394898026733244e+03 6.473995962830158533e+03 6.514620494325952677e+03 6.536238292494815141e+03 6.416483836960718691e+03 7.315480441497283209e+03 7.284060169794647663e+03 5.997924927101008507e+03 7.757087414620533309e+03 6.405422312043723650e+03 6.367994537364549615e+03 6.274053941335821946e+03 6.047046977375704046e+03 7.070704925975519473e+03 6.031836062960944219e+03 7.662967796327099677e+03 6.013464600223608613e+03 7.666473769900860134e+03
4.279411764705882888e+02 6.324522988669495135e+03 5.635499922340842204e+03 5.894246163489049650e+03 5.146772028665234757e+03 4.954154413468773782e+03 5.804306731167220278e+03 4.816106057109541325e+03 6.977047361208072289e+03 5.288725224212186731e+03 6.198284449577282430e+03 6.805488490955355701e+03 6.552036287033384724e+03 6.135102219949674691e+03 5.716157651299564350e+03 6.755695716678082135e+03 6.962709135684516696e+03 6.996745766328489481e+03 5.746117512822642311e+03 6.974521556024098572e+03 5.625345710176349712e+03 6.341495792387036090e+03 6.345169896447326209e+03 7.155230865595704017e+03 6.671418462036169331e+03 6.947308930818115186e+03 5.525647823546907603e+03 6.465845901548254915e+03 6.694786311198541625e+03 6.330692651090723302e+03 6.987272907918027158e+03 4.751360151196566221e+03 4.804621182313875579e+03 7.450758364200669348e+03 6.781305623648079745e+03 6.514637952288965607e+03 5.311794666828060144e+03 6.242297178786343466e+03 6.607783794864486481e+03 6.379445321392506230e+03 5.291655662461907013e+03 6.560697095782496945e+03 5.512287702304009144e+03 6.511758469505740322e+03 7.042003154095228638e+03 6.398225469003088620e+03 6.852655896748886335e+03 5.659267786307092138e+03 5.948627989770840031e+03 4.884094137307374695e+03 5.367176072942660539e+03 7.650823394530129917e+03 6.643815474348231874e+03 6.823414513839617030e+03 6.619883455160344965e+03 5.268907843786408193e+03 5.558320742892879935e+03 6.397022910893057087e+03 6.514277243382936831e+03 5.516859971250410126e+03 6.662325599993483593e+03 6.490710266713508645e+03 7.273992668399780996e+03 7.112447870081599831e+03 7.125106272150885161e+03 6.685585942076563697e+03 6.722953849426799934e+03 7.109965504411993606e+03 6.417007213238404802e+03 6.689591845442939302e+03 6.460286534946580105e+03 7.112270173325738142e+03 5.418151865082428230e+03 5.677445513465282602e+03 6.332245420011424358e+03 5.483291590726378672e+03 5.838840930791936444e+03 5.352141502424887221e+03 7.334929296897106724e+03 6.428540454617103933e+03 6.364391883028520169e+03 5.978779670106381673e+03 7.228445592727081021e+03 5.817514124908106169e+03 7.809913186821590898e+03 7.205937741669197749e+03 7.272967819542094730e+03 6.377252571638890004e+03 6.435537708537583967e+03 6.251233485514504537e+03 7.369018175893671469e+03 7.197847155102603210e+03 6.065276719042715740e+03 6.039385539981160946e+03 6.262155034462747608e+03 6.309137772393967680e+03 6.377650525972807372e+03 6.182230152831405576e+03 7.058793283308154969e+03 7.027675388563767228e+03 5.784111349916539439e+03 7.483613240323204082e+03 6.229545833922678867e+03 6.182352067751739014e+03 6.053352792998947734e+03 5.865330424641517311e+03 6.796798761809965981e+03 5.795512789567470463e+03 7.406480331484331145e+03 5.768320775903182948e+03 7.437649444878850773e+03
4.288235294117646959e+02 6.030974364089664050e+03 5.347562577555768257e+03 5.657129390121132019e+03 4.909306149625277612e+03 4.707567161080080041e+03 5.509315837790406476e+03 4.608233405240135653e+03 6.793486208950059336e+03 5.085537107707575160e+03 5.981048733639602688e+03 6.675111785154318568e+03 6.371915403084133686e+03 5.943292903498914711e+03 5.512008073822735241e+03 6.660214106396644638e+03 6.789623978690580770e+03 6.881806373271467237e+03 5.535651965949709847e+03 6.858768208681702163e+03 5.426701480781352075e+03 6.105403640463786360e+03 6.159484892498099725e+03 7.014561482276562856e+03 6.553836932119395897e+03 6.663855309450384084e+03 5.322050618496650713e+03 6.224213625447650884e+03 6.516100843341008840e+03 6.150265384032874863e+03 6.875028159062904706e+03 4.543788719595540897e+03 4.597446001395734129e+03 7.208372062837374870e+03 6.623137358093079456e+03 6.325659087956777512e+03 5.072147066084180551e+03 6.003637259485823051e+03 6.462023463719736355e+03 6.082746848110265091e+03 5.092413395174798097e+03 6.454266254831591141e+03 5.324485840133404054e+03 6.278712186134607691e+03 6.785412555705551313e+03 6.165047210970238666e+03 6.662101913660102582e+03 5.373239682394756528e+03 5.730912666420525966e+03 4.677989439778668384e+03 5.170609093500581366e+03 7.447301952511260424e+03 6.438408794816937188e+03 6.569188455610556048e+03 6.412214267265980197e+03 5.020001872669634395e+03 5.326821948997023355e+03 6.172189781129767653e+03 6.363174892871930751e+03 5.319341834832402128e+03 6.473890763387714287e+03 6.306806416313206682e+03 6.998370476453967058e+03 6.886329027325957213e+03 7.015802785978528846e+03 6.513360301390821405e+03 6.651805651797543760e+03 7.001995347314072205e+03 6.214293123149410349e+03 6.507926353585333345e+03 6.271897923966603230e+03 7.006135244684222016e+03 5.180256783974269638e+03 5.439572647650601539e+03 6.148422540368123919e+03 5.284462247495160227e+03 5.610576793284716587e+03 5.145481883998342710e+03 7.064719235129965455e+03 6.238818318138661198e+03 6.134218708201927257e+03 5.751709079651674983e+03 6.951141872563264769e+03 5.611078358298873354e+03 7.557307664263059451e+03 6.943373830957921200e+03 7.007628340865190694e+03 6.142344643298090887e+03 6.246317201500454757e+03 6.034282304585462953e+03 7.107448951875313469e+03 6.918832060317472497e+03 5.854029854277778213e+03 5.795984867804982969e+03 6.042084143414876962e+03 6.094811577792481330e+03 6.207111664289318469e+03 5.941714849634803613e+03 6.794132511564866036e+03 6.763414504879854576e+03 5.564027155256989317e+03 7.201786330335415187e+03 6.043198560662496675e+03 5.987006962790216676e+03 5.825857086623028408e+03 5.674769914491635063e+03 6.517316661716622548e+03 5.554663329570910719e+03 7.140682002694955372e+03 5.519510142506778720e+03 7.197505651592548020e+03
4.297058823529412166e+02 5.737113879396434641e+03 5.062142390902651641e+03 5.416250021877796826e+03 4.671443122786250569e+03 4.462477983109887646e+03 5.216744081938597446e+03 4.398586146313772588e+03 6.598159251176552971e+03 4.878137529804585029e+03 5.757160352435017558e+03 6.530610741582514493e+03 6.181230546095373938e+03 5.743156275084289518e+03 5.302026226517622490e+03 6.549274668419542650e+03 6.604190712384925973e+03 6.751493649362173528e+03 5.319748750109356479e+03 6.727739947829482844e+03 5.222137258223049685e+03 5.863625689809662617e+03 5.964307448141271379e+03 6.859213651765137911e+03 6.421940985758151328e+03 6.376323143766487192e+03 5.113323544197879528e+03 5.976859903094795300e+03 6.326283357380260895e+03 5.960045410683434966e+03 6.747325416682806463e+03 4.334704481280195068e+03 4.388481304968991935e+03 6.956558060140981979e+03 6.452348471133291241e+03 6.126822518506530287e+03 4.831547470581031121e+03 5.759907267495977067e+03 6.303511310773903460e+03 5.785794736678494701e+03 4.888613407073980852e+03 6.333364065847348684e+03 5.130347903224668698e+03 6.039060560386558791e+03 6.522048415291877973e+03 5.925718315256939604e+03 6.460638390964291830e+03 5.089395476190057707e+03 5.507554308939663315e+03 4.469643278508218827e+03 4.968961484041974472e+03 7.231016469826543471e+03 6.223820551981209064e+03 6.308860501735664002e+03 6.195609996379188487e+03 4.771280868124312292e+03 5.092489558214142562e+03 5.940540565808097199e+03 6.199902460076805255e+03 5.116233800399149914e+03 6.275055475588113040e+03 6.112791149541756567e+03 6.716629781925282259e+03 6.650825948526494358e+03 6.890527778787954958e+03 6.329636844977311739e+03 6.564466925292201267e+03 6.878043997900208524e+03 6.003018878718913584e+03 6.315333049339465106e+03 6.073799921373693905e+03 6.883940677086467986e+03 4.940751390869523675e+03 5.198935645660762020e+03 5.955026962150946019e+03 5.080279998573086232e+03 5.378002756224223049e+03 4.934649008486246203e+03 6.787695376217270677e+03 6.039587008088785296e+03 5.897783335973706926e+03 5.519653910053903019e+03 6.668047337454477201e+03 5.398600325899165910e+03 7.294712102572626463e+03 6.673878688447224704e+03 6.735320356211678700e+03 5.901510703264244512e+03 6.047529187955296948e+03 5.810453668537348676e+03 6.838232254914549230e+03 6.634298169962395150e+03 5.636168765915484073e+03 5.548768631595303304e+03 5.815339125523801158e+03 5.873185454624242084e+03 6.025987924596041921e+03 5.696534493936676881e+03 6.523298274568795932e+03 6.493071608973314142e+03 5.339155148161022225e+03 6.913518208237684121e+03 5.847806919518606264e+03 5.783417894477560367e+03 5.593111858928103175e+03 5.476769416009525230e+03 6.234040793589589157e+03 5.310810857760794534e+03 6.867429545028676330e+03 5.268558709963563160e+03 6.947817096517784194e+03
4.305882352941176805e+02 5.444515061100407365e+03 4.780587847134442200e+03 5.173084566084975449e+03 4.434465160310202009e+03 4.220089372854296926e+03 4.927984703912113218e+03 4.188373896296800922e+03 6.392572299322167964e+03 4.667842539814342672e+03 5.528127500573782527e+03 6.373218988186340539e+03 5.981426844948789949e+03 5.536125622873657449e+03 5.087610603020165399e+03 6.423902631388792543e+03 6.407868792138757271e+03 6.606967013099951146e+03 5.099823062566216322e+03 6.582599487229657825e+03 5.013024871875652934e+03 5.617729830109993600e+03 5.761078565260019786e+03 6.690503935069071304e+03 6.276882641289331332e+03 6.086455032117353767e+03 4.900829479208729026e+03 5.725384715953315208e+03 6.126789188227723571e+03 5.761453147562692720e+03 6.605307455350871351e+03 4.125300048380775479e+03 4.178933870838750408e+03 6.697084164497746315e+03 6.270312714947277527e+03 5.919601847877331238e+03 4.591324600911508242e+03 5.512659141172671298e+03 6.133545353960411376e+03 5.490175427445377863e+03 4.681567266853092406e+03 6.199069734066514684e+03 4.931203231063448584e+03 5.794397642861012173e+03 6.253642814778369029e+03 5.681812617145612421e+03 6.249785105288313389e+03 4.809097908399721746e+03 5.280017700926941870e+03 4.260282669413590156e+03 4.763555110033051278e+03 7.003627362076294048e+03 6.001595833631501591e+03 6.044117968010955337e+03 5.971619335954042072e+03 4.524049705183900187e+03 4.856719510628056923e+03 5.703633121971413857e+03 6.025775587670243112e+03 4.908886513107941028e+03 6.067309219120079433e+03 5.910116793365179547e+03 6.430575822068322850e+03 6.407611382522645727e+03 6.750415507447988603e+03 6.135843102182004259e+03 6.461803342398625318e+03 6.739236640068519591e+03 5.784689905572194220e+03 6.113278634246593356e+03 5.867457341105568048e+03 6.746800569469307447e+03 4.700995157539431602e+03 4.956960628331838052e+03 5.753491521215599278e+03 4.872091865452768616e+03 5.142575998072597940e+03 4.720975895953212785e+03 6.505666743811270862e+03 5.832311966073078111e+03 5.656648159408408901e+03 5.284098654380478365e+03 6.380960197942241393e+03 5.181500727226257368e+03 7.023975544992014875e+03 6.399224728575263725e+03 6.457833328581704336e+03 5.656323548656828279e+03 5.840638295089699568e+03 5.581264084186883338e+03 6.563167797511506251e+03 6.346039394583506692e+03 5.413166459335696345e+03 5.299250010964591638e+03 5.583444929423882968e+03 5.645779436064319270e+03 5.835666970312875492e+03 5.448230791732777107e+03 6.248038531518121999e+03 6.218388051261815235e+03 5.110932029673675061e+03 6.620663776506387876e+03 5.644799485848276163e+03 5.573035357634160391e+03 5.356616862148646760e+03 5.272719919302955532e+03 5.948676969904574435e+03 5.065410749652454797e+03 6.588537382013199931e+03 5.016915294683563843e+03 6.690343495089295175e+03
4.314705882352940876e+02 5.154635684351610507e+03 4.504120015486614648e+03 4.929037253566962136e+03 4.199561638848931580e+03 3.981497685948523213e+03 4.644301166036433642e+03 3.978733299373690443e+03 6.178240146829068181e+03 4.455912811377056642e+03 5.295414255528166905e+03 6.204221203619697917e+03 5.773950672511072298e+03 5.323613391844560283e+03 4.870115241201065146e+03 6.285199735714307280e+03 6.202135858515594009e+03 6.449453360151944253e+03 4.877240231795641193e+03 6.424575890932326729e+03 4.800694662265175793e+03 5.369225102364176564e+03 5.551229848233520897e+03 6.509799631561715614e+03 6.119872104945435240e+03 5.795904430374229378e+03 4.685882145801489969e+03 5.471327135898717643e+03 5.919079949757379836e+03 5.555904242313318719e+03 6.450186326178050876e+03 3.916693579914290240e+03 3.969937863467901025e+03 6.431683680748934421e+03 6.078430793919694224e+03 5.705462655751756756e+03 4.352716553002769615e+03 5.263380617187520329e+03 5.953457170814577694e+03 5.197358025248793638e+03 4.472535204986970712e+03 6.052526718551082922e+03 4.728347277113461132e+03 5.546266365926508115e+03 5.981868055608450959e+03 5.434849547173393148e+03 6.031061132598469158e+03 4.533584547510730772e+03 5.049716161124843893e+03 4.051065232801886850e+03 4.555665208430302300e+03 6.766802816941282799e+03 5.773259344862872240e+03 5.776584680353344993e+03 5.741767758473360118e+03 4.279512696770903858e+03 4.620831749124906310e+03 5.462979161194806693e+03 5.842136601481311118e+03 4.698607249163166671e+03 5.852137840645552387e+03 5.700231807770752312e+03 6.141941564082445439e+03 6.158330281013360036e+03 6.596674735237525965e+03 5.933418590342605057e+03 6.344772626542952821e+03 6.586773540028219031e+03 5.560787773500565891e+03 5.903233183732898397e+03 5.654326066744175478e+03 6.595905520961904585e+03 4.462261524536204888e+03 4.714994743901133916e+03 5.545241108526524840e+03 4.661199261759667934e+03 4.905688679410314762e+03 4.505738498542264097e+03 6.220377183188881645e+03 5.618447628438419088e+03 5.412323249768807727e+03 5.046467875921315681e+03 6.091603465762304950e+03 4.961156345316512670e+03 6.746912236376763758e+03 6.121123184896431667e+03 6.176894645127785225e+03 5.408299313327725940e+03 5.627098765352516239e+03 5.348187708376147384e+03 6.283999634869601323e+03 6.055771818211853315e+03 5.186454133485298371e+03 5.048867643386150121e+03 5.347881402789098502e+03 5.414075404083413559e+03 5.637542178493647953e+03 5.198277745743812375e+03 5.970033903414540873e+03 5.941037364333241385e+03 4.880736062926242994e+03 6.325005310821684361e+03 5.435591726560701318e+03 5.357286813054236518e+03 5.117813554733294950e+03 5.063985436771533386e+03 5.662841649227638300e+03 4.819839658575140675e+03 6.305761119992475869e+03 4.765941460645301049e+03 6.426811876743914581e+03
4.323529411764706083e+02 4.868811027142908642e+03 4.233829747847078579e+03 4.685430195803501192e+03 3.967823429040180599e+03 3.747689801522855760e+03 4.366823927777442805e+03 3.770721193811586545e+03 5.956670266909155544e+03 4.243544132909190921e+03 5.060428026348969979e+03 6.024937281038130095e+03 5.560234501599844407e+03 5.106997593399440120e+03 4.650838356974387352e+03 6.134329444905601122e+03 5.988471279903795221e+03 6.280231203283431569e+03 4.653304550960793676e+03 6.254948717895586924e+03 4.586424115335470560e+03 5.119549675592891617e+03 5.336169061670826522e+03 6.318502097139000398e+03 5.952162410131980323e+03 5.506224398104243846e+03 4.469735452267850633e+03 5.216153151572864772e+03 5.704607889325190627e+03 5.344794991480816861e+03 6.283227645115047380e+03 3.709922356795674659e+03 3.762548026346973074e+03 6.162039249193727301e+03 5.878114340945196091e+03 5.485847555650008871e+03 4.116864429373553321e+03 5.013483914128054494e+03 5.764596293328424508e+03 4.908687575236142038e+03 4.262716231122659337e+03 5.894927952488028495e+03 4.523030115067741463e+03 5.296145634030675865e+03 5.708322916375160275e+03 5.186281727563974528e+03 5.805968964705673898e+03 4.263964551929798290e+03 4.818000026978850656e+03 3.843071871145685691e+03 4.346510109304399521e+03 6.522200940687722323e+03 5.540300636574143937e+03 5.507808027135100019e+03 5.507542951535100656e+03 4.038768491837072361e+03 4.386061645233350646e+03 5.220031296205815124e+03 5.650339061236154521e+03 4.486648952222079060e+03 5.631008162034067027e+03 5.484565823804286083e+03 5.852374209612900813e+03 5.904584121777686960e+03 6.430572809313684047e+03 5.723799094915316346e+03 6.214411014592885294e+03 6.421914317776113421e+03 5.332756062124864911e+03 5.686654568564817964e+03 5.435838337161680101e+03 6.432506885949685056e+03 4.225730631205584359e+03 4.474297467230539951e+03 5.331678176688722488e+03 4.448847258102347951e+03 4.668657664636404661e+03 4.290146137554577763e+03 5.933491197772206760e+03 5.399422803878112973e+03 5.166253820595149591e+03 4.808115129960895501e+03 5.801611766324062046e+03 4.738888400279174675e+03 6.465284710968364379e+03 5.841210031573766173e+03 5.894155447509306214e+03 5.158885211752744908e+03 5.408339837022245774e+03 5.112643516314563385e+03 6.002401351243140198e+03 5.765120906676124832e+03 4.957408714261373461e+03 4.798975643276015035e+03 5.110070511337618882e+03 5.179503872050316204e+03 5.432997703092435586e+03 4.948070734903115408e+03 5.690884384223209963e+03 5.662612104160067247e+03 4.649876516161783002e+03 6.028238465462060958e+03 5.221571989030824625e+03 5.137563120013597654e+03 4.878073779032390121e+03 4.851890384011502647e+03 5.378051098299898513e+03 4.575386547199535926e+03 6.020782816597597957e+03 4.516903342183679342e+03 6.158900394325390153e+03
4.332352941176470722e+02 4.588249221407246296e+03 3.970676654270827385e+03 4.443495341506423756e+03 3.740238957580285842e+03 3.519541467132938578e+03 4.096549333176943037e+03 3.565309421923519039e+03 5.729347496213198610e+03 4.031859303892968910e+03 4.824508558240248931e+03 5.836706830523996359e+03 5.341682709013517524e+03 4.887609536630016009e+03 4.431012464036916754e+03 5.972502090531435897e+03 5.768340719309640917e+03 6.100614947551217483e+03 4.429249815125403984e+03 6.075032401977332484e+03 4.371428044029361445e+03 4.870060625744585195e+03 5.117266898612630030e+03 6.118030389994469260e+03 5.775034395609383864e+03 5.218858473285668879e+03 4.253574455761843637e+03 4.961245251228694542e+03 5.484801301993772540e+03 5.129488979782388014e+03 6.105734874266844599e+03 3.505937840644965945e+03 3.557734459392478129e+03 5.889768549230590907e+03 5.670770675533346548e+03 5.262162584048360259e+03 3.884807589522876697e+03 4.764296091193603388e+03 5.568315198591818444e+03 4.625380417941718406e+03 4.053239781198140008e+03 5.727501092497825994e+03 4.316446344585250699e+03 5.045439091801044015e+03 5.434520865218883046e+03 4.937484211948431039e+03 5.575979870789890811e+03 4.001217290857406624e+03 4.586146724017095949e+03 3.637300966525082003e+03 4.137242220332049328e+03 6.271453091553329614e+03 5.304160783809854365e+03 5.239247942898086876e+03 5.270381592898698727e+03 3.802806653133239251e+03 4.153553120898198358e+03 4.976171793306371001e+03 5.451733075301650388e+03 4.274200740912541733e+03 5.405353828127766974e+03 5.264515851943816415e+03 5.563423844910987100e+03 5.647917014657148684e+03 6.253419769503811040e+03 5.508401954498572195e+03 6.071819179157707367e+03 6.245962054360095863e+03 5.101987714309839248e+03 5.464974013560191452e+03 5.213389186868657816e+03 6.257901017472760941e+03 3.992483832798078765e+03 4.236033728917795088e+03 5.114169501833480354e+03 4.236215327258688376e+03 4.432715981606581408e+03 4.075333419881909322e+03 5.646581941497403932e+03 5.176627294944922141e+03 4.919809489178627700e+03 4.570313758793308807e+03 5.512520356940165584e+03 4.515952384928702486e+03 6.180788684503784680e+03 5.561033988599166150e+03 5.611178486764154513e+03 4.909449004832224091e+03 5.185752359433319725e+03 4.875984113074908237e+03 5.719963218131428221e+03 5.475610759850081195e+03 4.727342118058762026e+03 4.550835366137031087e+03 4.871365402574394466e+03 4.943432407695955590e+03 5.223394618015534434e+03 4.698917323340970142e+03 5.412098115129027065e+03 5.384612722768952153e+03 4.419584637135601042e+03 5.731960454968698286e+03 5.004088626250254492e+03 4.915206272906370941e+03 4.638690113625056256e+03 4.637708219235093566e+03 5.095712686361009219e+03 4.333245429304330173e+03 5.735198313859033078e+03 4.270965379249114449e+03 5.888223958669412241e+03
4.341176470588235361e+02 4.314028633470198656e+03 3.715490068511006939e+03 4.204368224101751366e+03 3.517691946282791832e+03 3.297817221611256628e+03 3.834340302771537154e+03 3.363381151924027563e+03 5.497720067648585427e+03 3.821901729909900041e+03 4.588918639365706440e+03 5.640874372208319983e+03 5.119658857260863442e+03 4.666723111451610748e+03 4.211796141375243678e+03 5.800960211286146659e+03 5.543181773026326482e+03 5.911939580452871269e+03 4.206231349171494912e+03 5.886160940636353189e+03 4.156850235531323051e+03 4.622025497858047856e+03 4.895845112305955809e+03 5.909805804969520068e+03 5.589782049115822701e+03 4.935133704874655450e+03 4.038507871176774643e+03 4.707893990156648215e+03 5.261051249409954835e+03 4.911304960927505817e+03 5.919034091685961357e+03 3.305602321215395477e+03 3.356378937095083984e+03 5.616411779765598112e+03 5.457788488358512950e+03 5.035764891554304086e+03 3.657480768689724755e+03 4.517051372289996834e+03 5.365955238771554832e+03 4.348521658493041286e+03 3.845158918648189683e+03 5.551494209731045885e+03 4.109726395986967873e+03 4.795465748821701709e+03 5.161880286040964165e+03 4.689745635303398558e+03 5.342520571476272380e+03 3.746192880268756198e+03 4.355352628278169504e+03 3.434664198682645292e+03 3.928940738388201225e+03 6.016148619523375601e+03 5.066220502330475028e+03 4.972267931628446604e+03 5.031657804315893372e+03 3.572506048501228634e+03 3.924353563999967264e+03 4.732702970579457542e+03 5.247651572887844850e+03 4.062379964422786088e+03 5.176562532547796764e+03 5.041433910184238812e+03 5.276534233792503073e+03 5.389803373949257548e+03 6.066552854948150525e+03 5.288612495012851468e+03 5.918148101902515918e+03 6.060247838892100845e+03 4.869813841396389762e+03 5.239582887758971992e+03 4.988324420515863494e+03 6.073413722645792404e+03 3.763500035284692785e+03 4.001268870447594509e+03 4.894034233456004586e+03 4.024409668014081035e+03 4.199006015968012434e+03 3.862353827342226850e+03 5.361121236854533890e+03 4.951400020373621373e+03 4.674275281026580160e+03 4.334249268707191732e+03 5.225756269321057516e+03 4.293529579380109681e+03 5.895039866122307103e+03 5.282046461172005365e+03 5.329428060953762724e+03 4.661270399475664817e+03 4.960676800595466375e+03 4.639486194480467020e+03 5.438181428387428241e+03 5.188655518312432832e+03 4.497491958517231069e+03 4.305609073449193602e+03 4.633040970371508593e+03 4.707155621658281234e+03 5.010058235105833774e+03 4.452030009819391125e+03 5.135082175836804709e+03 5.108438469831011389e+03 4.191006448041426665e+03 5.437660425500813290e+03 4.784438601363166526e+03 4.691498701471146887e+03 4.400868101808002393e+03 4.422651630297990778e+03 4.817118251110126039e+03 4.094510042979634363e+03 5.450506617874348194e+03 4.029185918330484128e+03 5.616321583993561035e+03
4.350000000000000000e+02 4.047097208036288976e+03 3.468971512146948044e+03 3.969083501204337153e+03 3.300960687379471437e+03 3.083171857406538948e+03 3.580928704603796632e+03 3.165728610194507837e+03 5.263187045347202911e+03 3.614630425680545613e+03 4.354836509300957914e+03 5.438775328530705337e+03 4.895474230876792717e+03 4.445545473136187866e+03 3.994267265740263156e+03 5.620964243505558443e+03 5.314390948114855746e+03 5.715545998452590538e+03 3.985319757603662765e+03 5.689673252594793667e+03 3.943756694902790969e+03 4.376615742921403580e+03 4.673166095029732787e+03 5.695237159246169540e+03 5.397698629904049085e+03 4.656255739878859458e+03 3.825562089244499020e+03 4.457291292651203548e+03 5.034699582655839549e+03 4.691506235654946067e+03 5.724459281905303214e+03 3.109687002935432247e+03 3.159272619373829457e+03 5.343421065993896264e+03 5.240524762409469986e+03 4.807952014476149998e+03 3.435712698374036790e+03 4.272885134990989172e+03 5.158833545872627838e+03 4.079064527948810337e+03 3.639444976502554255e+03 5.368161918105619407e+03 3.903929361796015655e+03 4.547452370015101224e+03 4.891716652059011722e+03 4.444261096982587333e+03 5.106961437169304190e+03 3.499614248222424067e+03 4.126726504158397802e+03 3.235983781286100566e+03 3.722605697802314808e+03 5.757821167955501551e+03 4.827790018609759500e+03 4.708127943377377051e+03 4.792673205497937488e+03 3.348634757506089954e+03 3.699410359358458209e+03 4.490839436509001644e+03 5.039397703306944095e+03 3.852225773715240848e+03 4.945964705024384784e+03 4.816615940520130607e+03 4.993035650480012919e+03 5.131637456611847483e+03 5.871321403667173399e+03 5.065771832436750628e+03 5.754584999970595163e+03 5.866115699656856123e+03 4.637494231558626780e+03 5.011820954051191620e+03 4.761929918688549151e+03 5.880385255582677928e+03 3.539653555197612150e+03 3.770965232402440961e+03 4.672533459697328908e+03 3.814456986237322326e+03 3.968574448779726026e+03 3.652174738999261990e+03 5.078471697230360405e+03 4.725018549137226728e+03 4.430844401056877359e+03 4.101013547038925935e+03 4.942631464201926065e+03 4.072720101150423943e+03 5.609562719181977627e+03 5.005593542828965838e+03 5.050261927330227081e+03 4.415534152381939748e+03 4.734392765432884516e+03 4.404342671233977853e+03 5.158449297124215263e+03 4.905552874072047416e+03 4.269014085921523474e+03 4.064355359151681569e+03 4.396286263831208089e+03 4.471886945634651056e+03 4.794266750249778852e+03 4.208520691465139862e+03 4.861135398875861938e+03 4.835380318263219124e+03 3.965197088232977421e+03 5.146711907051969320e+03 4.563857500009621617e+03 4.467654048806481114e+03 4.165720097122879451e+03 4.207864140926400069e+03 4.543439539920617790e+03 3.860170178643142663e+03 5.168101318352466478e+03 3.792514507666905502e+03 5.344645732085710733e+03
4.358823529411765207e+02 3.788273528590359092e+03 3.231698582351239565e+03 3.738572077975323282e+03 3.090718752598138053e+03 2.876153069939574834e+03 3.336919208115261881e+03 2.973052230574173336e+03 5.027087202040524062e+03 3.410916582970047330e+03 4.123349866869620200e+03 5.231722953581951515e+03 4.670377880300185097e+03 4.225209320063422638e+03 3.779417898123247596e+03 5.433778830680778810e+03 5.083312009692510401e+03 5.512767055977453310e+03 3.767496199543653802e+03 5.486899343122043319e+03 3.733130334169382422e+03 4.134901811648393050e+03 4.450424002414372808e+03 5.475707229116620510e+03 5.200063542738182150e+03 4.383305894652141433e+03 3.615676751368016085e+03 4.210525591133939088e+03 4.807028438913821446e+03 4.471291410329448809e+03 5.523338350869599708e+03 2.918871329607117787e+03 2.967115200934229051e+03 5.072151776853502270e+03 5.020292907532189020e+03 4.579952537157203551e+03 3.220226232393121336e+03 4.032829765359578232e+03 4.948231100843356217e+03 3.817831555445369759e+03 3.436983707346149913e+03 5.178752384240730862e+03 3.700037253386971770e+03 4.302527663341317748e+03 4.625236605295452136e+03 4.202126791754509213e+03 4.870606196469502720e+03 3.262080762441626121e+03 3.901284620611952960e+03 3.041991062171014619e+03 3.519153629588879994e+03 5.497936669236659327e+03 4.590100486498469763e+03 4.447979144660599559e+03 4.554648554082234114e+03 3.131851414689166177e+03 3.479568992786274521e+03 4.251701992064417936e+03 4.828233361411180340e+03 3.644694200553109113e+03 4.714823739674503486e+03 4.591292337193619460e+03 4.714139720525454322e+03 4.874724658413373618e+03 5.669072575229060021e+03 4.841165979222949318e+03 5.582339505710632693e+03 5.664908341366706736e+03 4.406209366257406145e+03 4.782966067604330419e+03 4.535422510471937130e+03 5.680155967374161264e+03 3.321713604039368420e+03 3.545980371670639215e+03 4.450861189294018004e+03 3.607299860576761603e+03 3.742368775648851624e+03 3.445674104322230505e+03 4.799880807596591694e+03 4.498690165669450835e+03 4.190612718718380165e+03 3.871600670731807895e+03 4.664338101756572541e+03 3.854537527943567511e+03 5.325781239882308000e+03 4.732909964724662132e+03 4.774925284203201045e+03 4.173324955103536922e+03 4.508109997588183433e+03 4.171656535745997644e+03 4.882050523413916380e+03 4.627479578016052983e+03 4.042976604381133711e+03 3.828026301361624519e+03 4.162198515081069672e+03 4.238751959754495147e+03 4.577241251075669425e+03 3.969396900265550357e+03 4.591443129130869238e+03 4.566615802857235394e+03 3.743116868752627397e+03 4.860367410073098654e+03 4.343511085085852756e+03 4.244809532766836128e+03 3.934260804485642439e+03 3.994413297356321436e+03 4.275725530934112612e+03 3.631109635465188603e+03 4.889264013167818121e+03 3.561790790277238557e+03 5.074553498686333114e+03
4.367647058823529278e+02 3.538249374926887867e+03 3.004130056953565145e+03 3.513659861086662659e+03 2.887536931355554771e+03 2.677205246425467521e+03 3.102794372062114689e+03 2.785960998818697590e+03 4.790689425202914208e+03 3.211541474401448795e+03 3.895451594829944497e+03 5.020996452492645403e+03 4.445548165552865612e+03 4.006766645331978907e+03 3.568150614098255119e+03 5.240659870667177529e+03 4.851225832639095643e+03 5.304914591024938090e+03 3.553649164616115286e+03 5.279147412263166188e+03 3.525867206692386844e+03 3.897850016137168950e+03 4.228737303816813437e+03 5.252560375006856702e+03 4.998130302550879605e+03 4.117239979509135992e+03 3.409701811094641016e+03 3.968578652084007899e+03 4.579251220366823873e+03 4.251786647632823588e+03 5.316980117901780432e+03 2.733743664826357417e+03 2.780515199143897007e+03 4.803855713654633291e+03 4.798352196414044556e+03 4.352918430762673779e+03 3.011639840421612917e+03 3.797812069555265680e+03 4.735382036659030746e+03 3.565517196407016854e+03 3.238572857239064888e+03 4.984495055994801987e+03 3.498950636911827132e+03 4.061718133524868790e+03 4.363533925949417608e+03 3.964336336500752168e+03 4.634683207765102452e+03 3.034072998405778435e+03 3.679947404002548865e+03 2.853326419755025654e+03 3.319414478120836066e+03 5.237882932622895169e+03 4.354297066117784198e+03 4.192860530665335318e+03 4.318717153568430149e+03 2.922707851926457806e+03 3.265572622798388238e+03 4.016313213546196494e+03 4.615369058507366390e+03 3.440654650896030489e+03 4.484327701383530439e+03 4.366619927378267676e+03 4.440936265477873349e+03 4.620274602632994174e+03 5.461137870696313257e+03 4.616016466563859467e+03 5.402630399507061156e+03 5.457953667692578165e+03 4.177054058823007836e+03 4.554225337287460206e+03 4.309942425807590553e+03 5.474052816232550867e+03 3.110345037688483899e+03 3.327066788562616239e+03 4.230136826361171188e+03 3.403793459416791848e+03 3.521235415948957780e+03 3.243638368670323871e+03 4.526477007895836323e+03 4.273544496855572106e+03 3.954575012833211531e+03 3.646904329226468690e+03 4.391945644849097334e+03 3.639905075763916102e+03 5.045011755912821172e+03 4.465114966060312327e+03 4.504546551363582694e+03 3.935623987572646911e+03 4.282960931442434230e+03 3.942436250451175965e+03 4.610154231295937279e+03 4.355488854502012146e+03 3.820355493398042199e+03 3.597466190259210180e+03 3.931778807921434691e+03 4.008783397912696728e+03 4.360137123962848818e+03 3.735559705492350986e+03 4.327073819354611260e+03 4.303205729646731015e+03 3.525628756440697089e+03 4.579754907526243187e+03 4.124488295103657038e+03 4.024019835585894270e+03 3.707404442303949054e+03 3.783285236430032455e+03 4.014901523007079049e+03 3.408105759810901418e+03 4.615159672848811169e+03 3.337744951218679944e+03 4.807299612408107350e+03
4.376470588235293917e+02 3.297593762380672160e+03 2.786612114756448136e+03 3.295067899303296144e+03 2.691886380816374185e+03 2.486674278665780093e+03 2.878920843732051708e+03 2.604973930686718631e+03 4.555184820484643751e+03 3.017195712945603645e+03 3.672036946686677766e+03 4.807830250733597495e+03 4.222085799949908505e+03 3.791184061924745947e+03 3.361276282066168733e+03 5.042842461719460516e+03 4.619341740293351904e+03 5.093267583710021427e+03 3.344572748224720726e+03 5.067692083633859511e+03 3.322774109775553370e+03 3.666320869541420961e+03 4.009142958818195893e+03 5.027091444041778232e+03 4.793115521526141492e+03 3.858888948323320619e+03 3.208395929150573465e+03 3.732324067899839065e+03 4.352505185562637962e+03 4.034039457009373564e+03 5.106662353248110776e+03 2.554802975144885750e+03 2.599991466650726124e+03 4.539676205273744017e+03 4.575898758040623761e+03 4.127918875267455405e+03 2.810470250819446392e+03 3.568652294669375351e+03 4.521464285566158651e+03 3.322691946498764537e+03 3.044921050100681896e+03 4.786589494081330486e+03 3.301485764904596181e+03 3.825945623865129164e+03 4.107587226818546696e+03 3.731778702876924399e+03 4.400338420723031959e+03 2.815958613835720826e+03 3.463537602615928790e+03 2.670540329710988317e+03 3.124130059307657575e+03 4.978961122055279702e+03 4.121433615957501388e+03 3.943697221883705879e+03 4.085919778465637592e+03 2.721652860820940077e+03 3.058063025773098161e+03 3.785594637672316821e+03 4.401955162311418462e+03 3.240887785832475402e+03 4.255582713960526235e+03 4.143675501620859905e+03 4.174391870361633664e+03 4.369395987316518585e+03 5.248820765982520243e+03 4.391472437595285555e+03 5.216672987601466957e+03 5.246552410988056181e+03 3.951032748506495864e+03 4.326727917423151666e+03 4.086547250713119865e+03 5.263376868584268777e+03 2.906110519315049714e+03 3.114872973982293843e+03 4.011399262653696042e+03 3.204703686228351216e+03 3.305919222303908555e+03 3.046761857832257647e+03 4.259267580059593456e+03 4.050627673453358057e+03 3.723622710033444037e+03 3.427716734259252007e+03 4.126399786395219053e+03 3.429653189291107537e+03 4.768457568930545676e+03 4.203209955051598627e+03 4.240135106011418429e+03 3.703307116532073906e+03 4.059994814833949022e+03 3.717592815202531256e+03 4.343812079845750304e+03 4.090509621943980619e+03 3.602031842757423874e+03 3.373411720569135923e+03 3.705929357492669624e+03 3.782917768843724843e+03 4.144037014956664279e+03 3.507803042835166707e+03 4.068977495351462949e+03 4.046092640894062697e+03 3.313497422699366780e+03 4.305876331684156867e+03 3.907795807647758011e+03 3.806252514916197924e+03 3.485963437802486624e+03 3.575380820469153150e+03 3.761769972128076006e+03 3.191830317819983520e+03 4.346833911095169242e+03 3.120999480060358565e+03 4.544031444544021724e+03
4.385294117647059124e+02 3.066758073394734765e+03 2.579385269381576109e+03 3.083413847787984650e+03 2.504142665721780304e+03 2.304813064369987842e+03 2.665556411205282075e+03 2.430522633225292338e+03 4.321680243204270482e+03 2.828479736831017362e+03 3.453902237536914072e+03 4.593404599436074022e+03 4.001008462740528103e+03 3.579339489112548108e+03 3.159513179079370730e+03 4.841529913973444309e+03 4.388790367839320425e+03 4.879061481109520173e+03 3.140966188066767245e+03 4.853763785313823064e+03 3.124567511769932480e+03 3.441069028859036735e+03 3.792591955911755576e+03 4.800536102703299548e+03 4.586189150987078392e+03 3.608960935216535745e+03 3.012426160354864805e+03 3.502527153795906997e+03 4.127845394189077524e+03 3.819013926521498433e+03 4.893621003481921434e+03 2.382461509444618059e+03 2.425975627712962705e+03 4.280644877571912730e+03 4.354057894552528523e+03 3.905935592532077862e+03 2.617136162236201926e+03 3.346064565186248274e+03 4.307591597061355060e+03 3.089807611914381141e+03 2.856647843807717891e+03 4.586195325070924810e+03 3.108372882544925687e+03 3.596026314768493194e+03 3.858259372344390613e+03 3.505237663231178431e+03 4.168629793092499312e+03 2.607999095629491421e+03 3.252779849335607196e+03 2.494095480993119963e+03 2.933953583254385649e+03 4.722378895550324160e+03 3.892469027529527011e+03 3.701300351050530935e+03 3.857201227240757817e+03 2.529036863251741124e+03 2.857582669380299649e+03 3.560365480596530233e+03 4.189074463735570134e+03 3.046084784592136657e+03 4.029607793432059225e+03 3.923450862694848183e+03 3.915350189430687806e+03 4.123093083625819418e+03 5.033385479728550308e+03 4.168604295791612458e+03 5.025667213562041070e+03 5.031966827869061490e+03 3.729056206913554433e+03 4.101519305859509586e+03 3.866207365872247465e+03 5.049392001570908178e+03 2.709473629096371496e+03 2.909945692400823191e+03 3.795602310593767015e+03 3.010706643076700402e+03 3.097064377599918316e+03 2.855647314743644074e+03 3.999138229466974735e+03 3.830898031721322241e+03 3.498543164345499008e+03 3.214728892585326321e+03 3.868523058622832195e+03 3.224518573556860247e+03 4.497205532821791166e+03 3.948077863469098247e+03 3.982580621962160421e+03 3.477144497876907280e+03 3.840173323308555609e+03 3.497938208905275133e+03 4.083956898810527036e+03 3.833347348465031700e+03 3.388790383435356944e+03 3.156493561068139570e+03 3.485452185215256122e+03 3.561993368357471809e+03 3.929945158138907118e+03 3.286814590266919367e+03 3.817985713990773547e+03 3.796100948682319085e+03 3.107389479251693956e+03 4.039607627972795854e+03 3.694354051730058472e+03 3.592384877791020244e+03 3.270648477144417939e+03 3.371513114770765242e+03 3.517012674104224971e+03 2.982851642943759089e+03 4.085211919916003808e+03 2.912072162924715485e+03 4.285785600399425675e+03
4.394117647058823195e+02 2.846082146402681701e+03 2.382591904404268462e+03 2.879214594459731416e+03 2.324590605035300086e+03 2.131787683615485093e+03 2.462857646367544021e+03 2.262954528153269621e+03 4.091193393189641029e+03 2.645905223724585539e+03 3.241744809940281812e+03 4.378837411176476962e+03 3.783246686505332491e+03 3.372020244571517196e+03 2.963487309335966529e+03 4.637883772926094935e+03 4.160618056030697517e+03 4.663478695966945452e+03 2.943434620886790071e+03 4.638539401070623171e+03 2.931873646693032242e+03 3.222744388507328040e+03 3.579946321067278859e+03 4.574062485042422850e+03 4.378465865993081934e+03 3.368044658426978458e+03 2.822368785686209321e+03 3.279846222689270689e+03 3.906240253405419935e+03 3.607587303015769976e+03 4.679040577843873507e+03 2.217048319182415526e+03 2.258815415501921962e+03 4.027680064391195174e+03 4.133877812207116222e+03 3.687859624197560606e+03 2.431962783786949331e+03 3.130658501527062981e+03 4.094806867798279200e+03 2.867203456703844950e+03 2.674284874279822816e+03 4.384423257310173540e+03 2.920255760836192167e+03 3.372671137291673858e+03 3.616298190279361279e+03 3.285392475262582593e+03 3.940523259852594038e+03 2.410357107218105739e+03 3.048301392201090493e+03 2.324369681178421160e+03 2.749450369612585291e+03 4.469245101706775131e+03 3.668264844192651708e+03 3.466368289766913676e+03 3.633408264320054968e+03 2.345117380073657841e+03 2.664577834670647917e+03 3.341342635504535338e+03 3.977736132897540301e+03 2.856847591324130008e+03 3.807331180545287225e+03 3.706849199968404719e+03 3.664533662302654193e+03 3.882263784821831905e+03 4.816046903698085771e+03 3.948398632313474991e+03 4.830786780398264455e+03 4.815410632461120258e+03 3.511939702144125022e+03 3.879556991744401330e+03 3.649802847573698728e+03 4.833314635094757250e+03 2.520802953440985220e+03 2.712733280597434259e+03 3.583611573286291787e+03 2.822389097802607012e+03 2.895216356443701443e+03 2.670807507897472988e+03 3.746854187974380238e+03 3.615223113821965399e+03 3.280020224765572038e+03 3.008532048259931344e+03 3.619016839066259763e+03 3.025144354182236384e+03 4.232224243732209288e+03 3.700483937239142506e+03 3.732653929532270922e+03 3.257801563934658134e+03 3.624367516124039412e+03 3.284185211137586521e+03 3.831402970968206319e+03 3.584686245605840668e+03 3.181319392822136706e+03 2.947239018183433473e+03 3.271049169771305060e+03 3.346749732076011696e+03 3.718783045642319394e+03 3.073177734498685368e+03 3.574812997017077123e+03 3.553938356602192471e+03 2.907874955678538299e+03 3.781700402824800221e+03 3.484994539544160034e+03 3.383202203554139032e+03 3.062069788341895674e+03 3.172406049721480485e+03 3.281194275712454328e+03 2.781637861554323990e+03 3.831098978900391103e+03 2.711380020720131597e+03 4.033486220247477831e+03
4.402941176470587834e+02 2.635801180587755425e+03 2.196284359584720278e+03 2.682889791015132232e+03 2.153429768687874457e+03 1.967683952322632194e+03 2.270888056935582426e+03 2.102536978091356104e+03 3.864649374460108902e+03 2.469897646146724583e+03 3.036164268700338653e+03 4.165177535037933012e+03 3.569641270419404009e+03 3.169922346344399102e+03 2.773733776548273909e+03 4.433015091144750841e+03 3.935782630783577133e+03 4.447640468153479560e+03 2.752490955208559626e+03 4.423134219514652614e+03 2.745229769732332898e+03 3.011894442019395683e+03 3.371977443712866716e+03 4.348764338996308652e+03 4.170997817393383230e+03 3.136613969519092279e+03 2.638711210872771971e+03 3.064835052395410457e+03 3.688568385869881695e+03 3.400547956014886950e+03 4.464045868471009271e+03 2.058813421325106901e+03 2.098778641707020597e+03 3.781586781020905164e+03 3.916324846375797279e+03 3.474489456157046789e+03 2.255187098607797452e+03 2.922942122425547495e+03 3.884076843502342854e+03 2.655113260108743816e+03 2.498278023483586821e+03 4.182327346526774818e+03 2.737692367713846124e+03 3.156487412907420548e+03 3.382338694483635209e+03 3.072819886492108253e+03 3.716890159862336986e+03 2.223104289282237005e+03 2.850634013504742597e+03 2.161659664685280859e+03 2.571099576010875353e+03 4.220566281602642448e+03 3.449584406841393047e+03 3.239489213120975364e+03 3.415288957550074883e+03 2.170065025387841160e+03 2.479402623339090496e+03 3.129141989253074371e+03 3.768871045329974095e+03 2.673690369128843940e+03 3.589588034881818203e+03 3.494682944687916461e+03 3.422546605262302364e+03 3.647699183921241001e+03 4.597961831777663974e+03 3.731754713652222563e+03 4.633169157382573758e+03 4.598040196059130722e+03 3.300402435023669113e+03 3.661707643554934293e+03 3.438121664211885218e+03 4.616304851196232448e+03 2.340376989049204894e+03 2.523589868756396754e+03 3.376202666613982728e+03 2.640250130732571961e+03 2.700824959758271234e+03 2.492667782383446593e+03 3.503062656718547714e+03 3.404378131090215902e+03 3.068636077304077389e+03 2.809620309494636331e+03 3.378464663673707037e+03 2.832081404523266428e+03 3.974363842659046441e+03 3.461077974032583370e+03 3.491009270209957776e+03 3.045841134779134791e+03 3.413356260612769802e+03 3.076948431478034308e+03 3.586847738423568444e+03 3.345092873029565453e+03 2.980211731747405338e+03 2.746075783945926560e+03 3.063323313705884175e+03 3.137828309843790521e+03 3.511386522048615006e+03 2.867374675949141420e+03 3.340059652069081039e+03 3.320198761623521023e+03 2.715429850982660355e+03 3.532784997012410258e+03 3.280458501216239256e+03 3.179397218258870453e+03 2.860739519816530446e+03 2.978694439015754142e+03 3.054766922567893289e+03 2.588561008010703517e+03 3.585182387126316371e+03 2.519244154975628135e+03 3.787944743605666645e+03
4.411764705882353041e+02 2.436053261612282313e+03 2.020433200770675057e+03 2.494766420327898686e+03 1.990780531346178805e+03 1.812514419866727621e+03 2.089626634819779611e+03 1.949461935610171395e+03 3.642878737814440683e+03 2.300799536635245659e+03 2.837664792693667096e+03 3.953399301566774739e+03 3.360942000451826971e+03 2.973651092778609836e+03 2.590699267049286846e+03 4.227976887381381857e+03 3.715150694499143356e+03 4.232600068520497189e+03 2.568558683784833192e+03 4.208595194508274290e+03 2.565086331356258597e+03 2.808967733802786825e+03 3.169365615121727387e+03 4.125655526891870977e+03 3.964768645930005277e+03 2.915033449310443302e+03 2.461854722139788919e+03 2.857946456129565831e+03 3.475616898045065682e+03 3.198594583704657452e+03 4.249695013641698097e+03 1.907932615088770490e+03 1.946057918178298905e+03 3.543058070578752449e+03 3.702280008636877483e+03 3.266530502231972605e+03 2.086963744182146456e+03 2.723325602042697483e+03 3.676288227734070915e+03 2.453672912369800997e+03 2.328990452455166178e+03 3.980898580880050758e+03 2.561156500247195709e+03 2.947981668120662562e+03 3.156906460539824366e+03 2.867997212113802561e+03 3.498506001357981404e+03 2.046229535518162493e+03 2.660216969374749169e+03 2.006185475582037725e+03 2.399296882911034572e+03 3.977244578326378360e+03 3.237093277490038417e+03 3.021144766406579947e+03 3.203493328962850228e+03 2.003970179642928315e+03 2.302323791208080820e+03 2.924280865694825025e+03 3.563328420729651498e+03 2.497041883842275183e+03 3.377119552207092511e+03 3.287672873926469038e+03 3.189879485131908041e+03 3.420084399903831127e+03 4.380221583887810993e+03 3.519482317787467764e+03 4.433906865318797827e+03 4.380947059407328197e+03 3.095068297463325962e+03 3.448745596087132526e+03 3.231859249532691138e+03 4.399458865499559579e+03 2.168389650011311460e+03 2.342780404553417156e+03 3.174060671178910525e+03 2.464703716554689436e+03 2.514248288203841639e+03 2.321569536571636945e+03 3.268296635098007755e+03 3.199045648129184883e+03 2.864874138130587198e+03 2.618394159284143825e+03 3.147336768672839753e+03 2.645790752166393304e+03 3.724357399776655711e+03 3.230397786095965785e+03 3.258187819296916132e+03 2.841726712595451772e+03 3.207825828739379631e+03 2.876746507857678807e+03 3.350874797353713348e+03 3.115020828011680806e+03 2.785967065455847205e+03 2.553336560678038040e+03 2.862781157721031832e+03 2.935774288588633681e+03 3.308504206711404095e+03 2.669790603006960282e+03 3.114215676300493669e+03 3.095366155198817069e+03 2.530439562611207293e+03 3.293374704944159475e+03 3.081396853441988696e+03 2.981570800531770146e+03 2.667075235782489017e+03 2.790924960401563112e+03 2.838075879968653680e+03 2.403902016820068184e+03 3.348034744013005820e+03 2.335895348126601675e+03 3.549861179945105050e+03
4.420588235294117112e+02 2.246887316309462676e+03 1.854935723003635076e+03 2.315083901677587164e+03 1.836690440753083976e+03 1.666225434929921676e+03 1.918976409912293093e+03 1.803851090009562313e+03 3.426616729682306868e+03 2.138874543451961017e+03 2.646658383911488727e+03 3.744398437926402494e+03 3.157807479440019961e+03 2.783722600448365029e+03 2.414745315354008653e+03 4.023757873534106238e+03 3.499496189259437870e+03 4.019337294003924853e+03 2.391975562651847667e+03 3.995895578562854553e+03 2.391810088646319400e+03 2.614318104438536920e+03 2.972700821633868145e+03 3.905666028320376427e+03 3.760688729568789768e+03 2.703564780076447732e+03 2.292118186708128633e+03 2.659536700466092952e+03 3.268080922662812100e+03 3.002336616631969264e+03 4.036973786227977143e+03 1.764512645188887973e+03 1.800775686787688983e+03 3.312677616097952068e+03 3.492536880640448089e+03 3.064595680766834903e+03 1.927371284461895584e+03 2.532125983411810466e+03 3.472244965403597234e+03 2.262928489463483402e+03 2.166706296251622916e+03 3.781059569558121439e+03 2.391040312335989711e+03 2.747563403865794498e+03 2.940422011253049732e+03 2.671306288088370820e+03 3.286050556647040139e+03 1.879647226674641843e+03 2.477400737767208284e+03 1.858095364800042262e+03 2.234357853307227288e+03 3.740077168730304948e+03 3.031360746227344407e+03 2.811714763895306987e+03 2.998575119985601759e+03 1.846849756550773691e+03 2.133526100687089638e+03 2.727181435472645262e+03 3.361873702542896353e+03 2.327248682379964521e+03 3.170573217443855356e+03 3.086448443912795028e+03 2.966914181274137718e+03 3.200000776690782004e+03 4.163845899389193619e+03 3.312300738874580475e+03 4.234039692388277217e+03 4.165151823903654076e+03 2.896467661216704528e+03 3.241352598231000684e+03 3.031619138875457793e+03 4.183802675730988994e+03 2.004956307206070733e+03 2.170486215943965362e+03 2.977780786990464094e+03 2.296082018014486039e+03 2.335757452418825778e+03 2.157774352286583508e+03 3.042979595924089608e+03 2.999816440061602407e+03 2.669122929280378230e+03 2.435164869098716281e+03 2.925995518148590236e+03 2.466646805775636039e+03 3.482823479673895690e+03 3.008873668744444785e+03 3.034622244854893324e+03 2.645826598569779435e+03 3.008370726930405908e+03 2.684005249386682408e+03 3.123958043891052512e+03 2.894816364076152695e+03 2.598994950743596291e+03 2.369264374941521055e+03 2.669836050567776510e+03 2.741039488952144438e+03 3.110796983786453893e+03 2.480718489873329418e+03 2.897665688694653454e+03 2.879819652356305596e+03 2.353203162235332002e+03 3.063871132809959818e+03 2.888371136652431687e+03 2.790233745293183347e+03 2.481404091257087657e+03 2.609558255004868442e+03 2.631365870378053387e+03 2.227856332538632159e+03 3.120118251416865860e+03 2.161480193434216744e+03 3.319826560020060242e+03
4.429411764705882888e+02 2.068273699285243765e+03 1.699626421563235454e+03 2.144002154753994091e+03 1.691142792260707665e+03 1.528706176633041196e+03 1.758775280792107651e+03 1.665763127986597283e+03 3.216506661236632226e+03 1.984314012127723117e+03 2.463471391900070557e+03 3.538991982960338646e+03 2.960808871013287444e+03 2.600568781627032877e+03 2.246154521881258916e+03 3.821280118271457468e+03 3.289503032601341602e+03 3.808757111251822607e+03 2.223000192753041119e+03 3.785933608959261164e+03 2.225690066613956333e+03 2.428212276671951258e+03 2.782486960900902886e+03 3.689642007729286433e+03 3.559594484593059406e+03 2.502376356114350074e+03 2.129744371775809213e+03 2.469873249920522085e+03 3.066566948921391486e+03 2.812298126661908100e+03 3.826794124150964763e+03 1.628598582099421265e+03 1.662991549786630003e+03 3.090926375123400248e+03 3.287803451470323580e+03 2.869209732327972233e+03 1.776420774537377156e+03 2.349574883644080728e+03 3.272669513740835100e+03 2.082846935147833847e+03 2.011637106181686477e+03 3.583663248870858297e+03 2.227659774730881963e+03 2.555552229812327823e+03 2.733208800477478690e+03 2.483040786161449887e+03 3.080111828907325616e+03 1.723207738094476554e+03 2.302453848188782558e+03 1.717472982056616502e+03 2.076524133409752267e+03 3.509760046084233181e+03 2.832865079609431632e+03 2.611485224318626024e+03 2.800997146282913036e+03 1.698656220378009721e+03 1.973120364881988962e+03 2.538177486064057121e+03 3.165190312256598190e+03 2.164581176838806641e+03 2.970506876842707698e+03 2.891551710011405248e+03 2.753932903818211344e+03 2.987931790495663336e+03 3.949781010726974728e+03 3.110841781977354913e+03 4.034551014088202464e+03 3.951602159413692789e+03 2.705042717356207504e+03 3.040121386687038921e+03 2.837917351717913789e+03 3.970290051415158359e+03 1.850122193854419720e+03 2.006813255475045025e+03 2.787872473481273119e+03 2.134641600241121978e+03 2.165544076628176754e+03 2.001470741133939327e+03 2.827434092104428146e+03 2.807193937654144520e+03 2.481683198282902140e+03 2.260161786767787817e+03 2.714704494464702748e+03 2.294943633560416401e+03 3.250273027849399568e+03 2.796836628398279572e+03 2.820644997210155907e+03 2.458421334998284237e+03 2.815498081985032513e+03 2.499064046777085423e+03 2.906469574421771995e+03 2.684727607022748543e+03 2.419621093896835646e+03 2.194020836621691160e+03 2.484814870015827182e+03 2.553988495903757666e+03 2.918841274287946817e+03 2.300367116683263703e+03 2.690697385555597066e+03 2.673841897751799024e+03 2.183940545669297990e+03 2.844573176670282010e+03 2.701858031810497323e+03 2.605811835538766900e+03 2.303970206783540107e+03 2.434974101485528990e+03 2.434790658318222540e+03 2.060542133133491461e+03 2.901792897552290469e+03 1.996069832639866718e+03 3.098329431702046804e+03
4.438235294117646959e+02 1.900102195439959360e+03 1.554276366560299493e+03 1.981597807341217049e+03 1.554054906164410340e+03 1.399787789182335700e+03 1.608795228094149707e+03 1.535191490345142483e+03 3.013089225394224741e+03 1.837233120815907114e+03 2.288338658300516272e+03 3.337904613973600590e+03 2.770420329383486660e+03 2.424530030678928142e+03 2.085125414935879689e+03 3.621383317710293340e+03 3.085753785951009377e+03 3.601674358650433078e+03 2.061807160315950568e+03 3.579517375239668581e+03 2.066932347540569026e+03 2.250824626051793075e+03 2.599133470740681787e+03 3.478331736914480643e+03 3.362234227733571970e+03 2.311539132273866471e+03 1.974895387966270619e+03 2.289129516714500369e+03 2.871582791529408041e+03 2.628909128275349758e+03 3.619978687589848050e+03 1.500171671067366105e+03 1.532699945481489067e+03 2.878174289502366719e+03 3.088690346534751825e+03 2.680800471492029828e+03 1.634053767242798813e+03 2.175813858456221624e+03 3.078190812112415188e+03 1.913314107402564559e+03 1.863917670331715954e+03 3.389478401211598339e+03 2.071249109115266037e+03 2.372172011041179303e+03 2.535487159768970287e+03 2.303400693099352793e+03 2.881176208266912909e+03 1.576696663329033299e+03 2.135557827616326904e+03 1.584334767616255931e+03 1.925958861971303122e+03 3.286876482584199039e+03 2.641985407172126088e+03 2.420642855931940630e+03 2.611123474361454100e+03 1.559276210670002911e+03 1.821140259234390669e+03 2.357508395983460105e+03 2.973868274430547899e+03 2.009228652800119789e+03 2.777379473316920667e+03 2.703428354003970526e+03 2.551112564366252172e+03 2.784254855202806993e+03 3.738883618514298632e+03 2.915639264318836467e+03 3.836350591142668691e+03 3.741156697179899766e+03 2.521139898303587870e+03 2.845545844318689433e+03 2.651173706958222283e+03 3.759786240122439267e+03 1.703860019617960234e+03 1.851789047717307767e+03 2.604750941075144056e+03 1.980558656383615471e+03 2.003716263928133458e+03 1.852770232683784116e+03 2.621875540018840184e+03 2.621585791944363336e+03 2.302762299011175855e+03 2.093527779549391198e+03 2.513623061223330296e+03 2.130889591578204090e+03 3.027100604062013190e+03 2.594512126405570598e+03 2.616482062183423750e+03 2.279698325951901552e+03 2.629619162671359391e+03 2.322169832457071607e+03 2.698672961616905013e+03 2.484899314542613411e+03 2.248081552040820952e+03 2.027682284018625296e+03 2.307952037920001658e+03 2.374892313501279205e+03 2.733119447111884256e+03 2.128856607905596320e+03 2.493495927135329566e+03 2.477613560584158677e+03 2.022787940305810480e+03 2.635671209496631946e+03 2.522241350140581289e+03 2.428638661734270045e+03 2.134929799956356874e+03 2.267464876698043554e+03 2.248409064151935127e+03 1.901997178544819917e+03 2.693309818619929047e+03 1.839657179867357854e+03 2.885747491118806465e+03
4.447058823529412166e+02 1.742207081477268048e+03 1.418615799283694287e+03 1.827886713266909965e+03 1.425298544497999956e+03 1.279263255355068395e+03 1.468765653257376471e+03 1.412083084057797350e+03 2.816824779844791465e+03 1.697690703687641417e+03 2.121425956366426362e+03 3.141787426722390137e+03 2.587040436237609356e+03 2.255876407294246292e+03 1.931793283894959359e+03 3.424841152605978550e+03 2.888751348386260361e+03 3.398831791955469271e+03 1.908508186919737227e+03 3.377382854345682972e+03 1.915680523463747704e+03 2.082260743857965281e+03 2.422976597564399526e+03 3.272405598827000631e+03 3.169285950602685716e+03 2.131053227337955377e+03 1.827673096317950694e+03 2.117408970282014252e+03 2.683559119621548234e+03 2.452526553139611224e+03 3.417278674946376213e+03 1.379167898651503720e+03 1.409848872809561271e+03 2.674706522297524316e+03 2.895731403305686854e+03 2.499720530012439212e+03 1.500163244908652814e+03 2.010917766354175228e+03 2.889363766751203912e+03 1.754160056800575603e+03 1.723625724915295450e+03 3.199206512731876956e+03 1.921980527698570086e+03 2.197574642509518071e+03 2.347400244241829114e+03 2.132515858450129144e+03 2.689651036844900318e+03 1.439857474978610526e+03 1.976829143302277089e+03 1.458648892712638144e+03 1.782766510852078909e+03 3.071921616719760095e+03 2.459024596634008958e+03 2.239300399982102590e+03 2.429242330754648719e+03 1.428551406733776957e+03 1.677563866788264704e+03 2.185342333251305718e+03 2.788423901820117862e+03 1.861319437209635453e+03 2.591573023649702463e+03 2.522449139293187727e+03 2.358551923292278843e+03 2.589266062693642652e+03 3.531938745480590114e+03 2.727150186705933265e+03 3.640289305046413119e+03 3.534602787105193784e+03 2.345032227014959517e+03 2.658042710071052170e+03 2.471733527612630041e+03 3.553085645325737460e+03 1.566091230344714859e+03 1.705384555523725794e+03 2.428758362883303562e+03 1.833949097358453855e+03 1.850320603278834596e+03 1.711727567796404855e+03 2.426439399464519283e+03 2.443325560270544429e+03 2.132497602306465069e+03 1.935341586579305158e+03 2.322833513315501477e+03 1.974628527601031692e+03 2.813611760535929534e+03 2.402046637138767437e+03 2.422279722928515639e+03 2.109775454645264745e+03 2.451071048067593892e+03 2.153499654700398878e+03 2.500750056197199683e+03 2.295399985080876377e+03 2.084544651480928678e+03 1.870262889836653130e+03 2.139412302830633962e+03 2.203950928257323085e+03 2.554040405321700746e+03 1.966241775445524581e+03 2.306170223590956539e+03 2.291239480310454837e+03 1.869819660310990002e+03 2.437274923442452291e+03 2.349833170954402249e+03 2.258977068214897827e+03 1.974373784412078976e+03 2.107256180612298976e+03 2.072211057100147627e+03 1.752201029257916616e+03 2.494838409140004387e+03 1.692179433882707826e+03 2.682373634144757943e+03
4.455882352941176805e+02 1.594363624608345617e+03 1.292331692031869352e+03 1.682819294612500244e+03 1.304696946954451505e+03 1.166885065341268273e+03 1.338370767911237181e+03 1.296335127976875356e+03 2.628083111254463802e+03 1.565684698367466353e+03 1.962823720069977071e+03 2.951205095324653030e+03 2.410982892524458748e+03 2.094800249368752702e+03 1.786224587322537673e+03 3.232346550672657031e+03 2.698908073326203521e+03 3.200885760764278075e+03 1.763146780699705232e+03 3.180179706719415208e+03 1.772010062230051972e+03 1.922551688202262540e+03 2.254271073185944715e+03 3.072442691994271172e+03 2.981344128657093279e+03 1.960842644452502782e+03 1.688113969420041940e+03 1.954739209181990645e+03 2.502839725711210122e+03 2.283425716510652364e+03 3.219359393376742901e+03 1.265474912597689126e+03 1.294336661396758700e+03 2.480714914080733251e+03 2.709372429310347343e+03 2.326238733331145340e+03 1.374590407478819770e+03 1.854889350211339206e+03 2.706657871215986233e+03 1.605155476137357709e+03 1.590777234974875000e+03 3.013468245733778531e+03 1.779958391316538155e+03 2.031833692559073825e+03 2.169007312953110159e+03 1.970439930615183812e+03 2.505854997271829234e+03 1.312389011833743098e+03 1.826313561553281943e+03 1.340331767565796326e+03 1.646987788984848521e+03 2.865291257999206664e+03 2.284201114631591736e+03 2.067490406396849266e+03 2.255558141298745795e+03 1.306275752899186955e+03 1.542309539949787677e+03 2.021769830573996614e+03 2.609288985422033875e+03 1.720915524421009195e+03 2.413383532057132925e+03 2.348901048851441828e+03 2.176265206644592581e+03 2.403171824896111502e+03 3.329644644729261472e+03 2.545744653327573360e+03 3.447143070861157412e+03 3.332641425261896529e+03 2.176911654664117577e+03 2.477941992781226418e+03 2.299859067674966354e+03 3.350896594060169264e+03 1.436682452777509980e+03 1.567510181359767103e+03 2.260155443760415437e+03 1.694863377737113069e+03 1.705337346619600339e+03 1.578336073832731699e+03 2.241174307957190649e+03 2.272664306866796323e+03 1.970950353102128474e+03 1.785612562265869656e+03 2.142334865963834545e+03 1.826234028553066310e+03 2.610014088510454712e+03 2.219500804707370662e+03 2.238097710969885611e+03 1.948695089390723751e+03 2.280108178069408950e+03 1.993154230688927328e+03 2.312793706657619168e+03 2.116215837193845346e+03 1.929104784294392175e+03 1.721709894962860062e+03 1.979284355518804205e+03 2.041286546067369954e+03 2.381930272689146477e+03 1.812506893191186009e+03 2.128746522334000019e+03 2.114742425229270793e+03 1.725042928435732620e+03 2.249406664572700265e+03 2.184865809194936446e+03 2.097011764043259973e+03 1.822322316061260835e+03 1.954500148352915858e+03 1.906112714252893511e+03 1.611070910277353960e+03 2.306459103461469113e+03 1.553514169957175682e+03 2.488407416670316252e+03
4.464705882352940876e+02 1.456299009948695584e+03 1.175077708236374747e+03 1.546290139292932736e+03 1.192033792636610087e+03 1.062373963101127856e+03 1.217259898179041102e+03 1.187803193580583184e+03 2.447150959648561184e+03 1.441160474162867786e+03 1.812556072956579783e+03 2.766640670095359383e+03 2.242484121667022464e+03 1.941424221602995658e+03 1.648425445873079752e+03 3.044514514305644298e+03 2.516552884552472278e+03 3.008410023721643483e+03 1.625706903429110298e+03 2.988475191684569381e+03 1.635936541234868173e+03 1.771663634419261598e+03 2.093197907384445443e+03 2.878936183912932847e+03 2.798923806005797360e+03 1.800766614859679066e+03 1.556197480640875710e+03 1.801081920524785801e+03 2.329688945695786515e+03 2.121807802406233805e+03 3.026803942958047173e+03 1.158940052804566676e+03 1.186020051299122315e+03 2.296308193010280320e+03 2.529977599348871536e+03 2.160548035024062301e+03 1.257133821949477579e+03 1.707669002926648091e+03 2.530462949919756284e+03 1.466022788814872456e+03 1.465334583923609671e+03 2.832806979532530022e+03 1.645227047011473815e+03 1.874954080585072006e+03 2.000294384217420657e+03 1.817159993988796259e+03 2.330026122848693376e+03 1.193955483009325235e+03 1.683995190468202509e+03 1.229256229846445876e+03 1.518607798700018520e+03 2.667290403421766314e+03 2.117657638900612710e+03 1.905175677653809771e+03 2.090200276596272943e+03 1.192204642129226158e+03 1.415245148421698104e+03 1.866813106480233500e+03 2.436816881470501812e+03 1.588020741685621942e+03 2.243028911714825881e+03 2.182994976858170958e+03 2.004193379280059844e+03 2.226098360510239672e+03 3.132616300260212938e+03 2.371713000624667529e+03 3.257614202210120766e+03 3.135890619914716808e+03 2.016897570735300405e+03 2.305494569340813541e+03 2.135737471221868873e+03 3.153844656378829313e+03 1.315454760209589040e+03 1.438025135886213548e+03 2.099129157032956300e+03 1.563294677606032792e+03 1.568689682122791282e+03 1.452536106418026066e+03 2.066053236416463278e+03 2.109778624146518723e+03 1.818115198878326510e+03 1.644289976962283845e+03 1.972054147952640051e+03 1.685717938674701600e+03 2.416427771549415866e+03 2.046860308441254801e+03 2.063920162216491462e+03 1.796433852779760628e+03 2.116910355345034986e+03 1.841166969976169185e+03 2.134818619827118255e+03 1.947262119707799684e+03 1.781791197199499720e+03 1.581913418963761387e+03 1.827590059948145154e+03 1.886952583700238620e+03 2.217039499277366303e+03 1.667575549264810888e+03 1.961179364308130289e+03 1.948073871620372074e+03 1.588406960137091573e+03 2.072013019860218719e+03 2.027499728261162318e+03 1.942857619605626951e+03 1.678734161537644923e+03 1.809283431255292271e+03 1.749967333322046898e+03 1.478471235960488229e+03 2.128174394881190892e+03 1.423489075670084276e+03 2.303965100780148532e+03
4.473529411764706083e+02 1.327700009859565398e+03 1.066481142048213087e+03 1.418144531520398232e+03 1.087059354033351838e+03 9.654250480809746477e+02 1.105054607715018392e+03 1.086306892821809697e+03 2.274236776786699465e+03 1.324016542628944990e+03 1.670587026389008770e+03 2.588497838346469052e+03 2.081707926771423899e+03 1.795806696702765066e+03 1.518347399807999409e+03 2.861882464451489341e+03 2.341935486822200346e+03 2.821897097626581854e+03 1.496118940311989718e+03 2.802755486550880960e+03 1.507421327075259114e+03 1.629504609838139913e+03 1.939869440618065937e+03 2.692295847009263980e+03 2.622462359385123818e+03 1.650627473859370639e+03 1.431851890221618078e+03 1.656339717023424100e+03 2.164296253553228780e+03 1.967804767207855775e+03 2.840114383240259940e+03 1.059375970871460822e+03 1.084719856988854190e+03 2.121518757550008559e+03 2.357833090774418451e+03 2.002770595149831252e+03 1.147555729459126042e+03 1.569141502152041767e+03 2.361092329996786702e+03 1.336443866223144141e+03 1.347212189538469374e+03 2.657689939320314807e+03 1.517776168564124646e+03 1.726878682437934003e+03 1.841181440579722221e+03 1.672603203478051682e+03 2.162326779155645909e+03 1.084193406012400828e+03 1.549802619728550781e+03 1.125257146045033323e+03 1.397561585580857582e+03 2.478138377814413161e+03 1.959466786266470308e+03 1.752256490482149047e+03 1.933228840385540025e+03 1.086061328166501653e+03 1.296194435352400205e+03 1.720432478485301544e+03 2.271285939917082487e+03 1.462586377661715915e+03 2.080653964325270408e+03 2.024870679496486446e+03 1.842211933159467208e+03 2.058098007517613951e+03 2.941386329693588777e+03 2.205270102369932374e+03 3.072330429648695372e+03 2.944886243761245169e+03 1.865042476491349589e+03 2.140876917746327308e+03 1.979485825745681950e+03 2.962473316044903186e+03 1.202190038576826282e+03 1.316743980998062398e+03 1.945797697043588869e+03 1.439184555533957337e+03 1.440250103151572148e+03 1.334220908616856605e+03 1.900981187736529819e+03 1.954775750100674713e+03 1.673926711229880311e+03 1.511269419333399355e+03 1.811854218450913777e+03 1.553036290312722485e+03 2.232892757056204118e+03 1.884043293242629943e+03 1.899663146494930061e+03 1.652909213323230688e+03 1.961587845376474888e+03 1.697510169225225809e+03 1.966768746221935316e+03 1.788390971730937281e+03 1.642573983872381859e+03 1.450713238363388655e+03 1.684290652584809777e+03 1.740939738052117718e+03 2.059547290345074089e+03 1.531317336074164359e+03 1.803358988772703697e+03 1.791121537760507181e+03 1.459809145741814064e+03 1.904972737438186641e+03 1.877828632361968403e+03 1.796565025675823108e+03 1.543513099181899179e+03 1.671632548419558816e+03 1.603573159937102673e+03 1.354220241198520398e+03 1.959916390810076336e+03 1.301888706045935123e+03 2.129086427470170747e+03
4.482352941176470722e+02 1.208220226927820477e+03 9.661493086271142374e+02 1.298185001053439009e+03 9.894964403819368499e+02 8.757133938498777752e+02 1.001355258415049775e+03 9.916352863477827668e+02 2.109475857450658168e+03 1.214110189213108697e+03 1.536826653218782212e+03 2.417103919795429647e+03 1.928750641683079948e+03 1.657947247249878274e+03 1.395893221252289550e+03 2.684911498862687949e+03 2.175231186365473150e+03 2.641760344443574468e+03 1.374265648912864435e+03 2.623427929425857656e+03 1.386377226284761718e+03 1.495931135372889457e+03 1.794334665653361526e+03 2.512851329810538573e+03 2.452321822878075636e+03 1.510178305229448142e+03 1.314960014129739420e+03 1.520362957232528061e+03 2.006781339482451813e+03 1.821484484798786298e+03 2.659713687245679012e+03 9.665660062589331574e+02 9.902263321877665021e+02 1.956309714253000038e+03 2.193151304218298264e+03 1.852963277133209886e+03 1.045588182100609629e+03 1.439142642355958515e+03 2.198786585137829206e+03 1.216067324009636650e+03 1.236282092863836169e+03 2.488510124127666131e+03 1.397546136853604139e+03 1.587494954865410591e+03 1.691529802690024098e+03 1.536643347640730553e+03 2.002849173466147249e+03 9.827180853997084569e+02 1.423615112839619997e+03 1.028136922511426064e+03 1.283739720868537233e+03 2.297974685955709447e+03 1.809637050761186856e+03 1.608577745055352352e+03 1.784640635971523125e+03 9.875429475578380334e+02 1.184943222116738070e+03 1.582532768801117072e+03 2.112903575057464423e+03 1.344516810232579246e+03 1.926335797775504489e+03 1.874602008682875976e+03 1.690138611090197628e+03 1.899155775889425058e+03 2.756406707280863429e+03 2.046560200848584373e+03 2.891844812046101197e+03 2.760083735562381662e+03 1.721337848560772045e+03 1.984196254658719226e+03 1.831156645226897353e+03 2.777245633191112120e+03 1.096637127036885659e+03 1.203443005047811994e+03 1.800215801462142281e+03 1.322428599799759013e+03 1.319846786283686697e+03 1.223242293499351263e+03 1.745802752784154109e+03 1.807699089583402156e+03 1.538265968769075243e+03 1.386399156448881740e+03 1.661541535213223142e+03 1.428095134396053254e+03 2.059375970205350313e+03 1.730907829373770483e+03 1.745182161649453974e+03 1.517986146626460823e+03 1.814186865562467119e+03 1.562101181310629499e+03 1.808524815442372756e+03 1.639399169859275389e+03 1.511370159095336021e+03 1.327905418062245872e+03 1.549293033837997882e+03 1.603182121606989767e+03 1.909566399407442987e+03 1.403554548753499603e+03 1.655118814560911687e+03 1.643716755802954140e+03 1.339101205072751100e+03 1.748104676304804798e+03 1.735884781564531067e+03 1.658125600069181473e+03 1.416514312041013000e+03 1.541519408035593187e+03 1.466680979914548743e+03 1.238096455405233655e+03 1.801554355917063276e+03 1.188460971786307027e+03 1.963741531921906699e+03
4.491176470588235361e+02 1.097486981064680322e+03 8.736754328303787815e+02 1.186177585109193387e+03 8.990459565270525673e+02 7.928993515621873485e+02 9.057471877623307819e+02 9.035521453744867131e+02 1.952935874183013311e+03 1.111263084011068258e+03 1.411137340216403800e+03 2.252713447234915293e+03 1.783646602052297339e+03 1.527792386409940264e+03 1.280922791854676234e+03 2.513988531355400937e+03 2.016545989327893267e+03 2.468336898847222074e+03 1.259988095771362850e+03 2.450823891964776521e+03 1.272674157958583692e+03 1.370754768067804207e+03 1.656584843582289750e+03 2.340856129679220885e+03 2.288792052318377500e+03 1.379130445351471508e+03 1.205364871674715005e+03 1.392956417743935845e+03 1.857199484537003855e+03 1.682856196810785377e+03 2.485948583539104220e+03 8.802693579093764811e+02 9.023044405840981881e+02 1.800581992681615020e+03 2.036075570627721845e+03 1.711123259958464587e+03 9.509387631622338404e+02 1.317465833042757140e+03 2.043717787308628658e+03 1.104515469887514882e+03 1.132379496212112144e+03 2.325588971764749203e+03 1.284433477132385633e+03 1.456641572994668422e+03 1.551149265585407420e+03 1.409107485291522607e+03 1.851621060793704373e+03 8.891295373451772548e+02 1.305268701922344235e+03 9.376707556561680121e+02 1.176993807378787778e+03 2.126865061326555860e+03 1.668118907797374732e+03 1.473936034701539256e+03 1.644375409400935041e+03 8.963262564226688482e+02 1.081245405837364842e+03 1.452969751121036097e+03 1.961810705843607366e+03 1.233675080291550785e+03 1.780089528136516719e+03 1.732202492088131294e+03 1.547741000146753777e+03 1.749196045505961365e+03 2.578051425861034204e+03 1.895662072602706075e+03 2.716636708419579918e+03 2.581860620402848326e+03 1.585720144183081402e+03 1.835496047867921789e+03 1.690743482395301953e+03 2.598546686410894381e+03 9.985177688817324224e+02 1.097866315640266748e+03 1.662380233924426420e+03 1.212882043231806847e+03 1.207269720099581946e+03 1.119416323885318207e+03 1.600309762074817172e+03 1.668533852545253922e+03 1.410966993198328282e+03 1.269486397082091571e+03 1.520873704325384779e+03 1.310756451377105805e+03 1.895778830554094384e+03 1.587259295705001932e+03 1.600279639106285686e+03 1.391483740361291211e+03 1.674695243930938432e+03 1.434808719610768321e+03 1.659911726050520883e+03 1.500035713117141768e+03 1.388049691248863837e+03 1.213248769459049981e+03 1.422456125817557449e+03 1.473563542099461984e+03 1.767148289710618656e+03 1.284068728977987575e+03 1.516242792262124112e+03 1.505641824665113518e+03 1.226095247176897374e+03 1.601175579724370209e+03 1.601644662600932179e+03 1.527477976021898712e+03 1.297550720296614145e+03 1.418866923725570132e+03 1.339001376388356903e+03 1.129844977543280947e+03 1.652902271791182784e+03 1.082923448482060166e+03 1.807838038853104308e+03
4.500000000000000000e+02 9.951075908764106543e+02 7.886440431183706323e+02 1.081857819345532334e+03 8.153920822482119775e+02 7.166333286967263803e+02 8.178061817165070124e+02 8.218008272442356201e+02 1.804622650163879371e+03 1.015266586646477549e+03 1.293339910352403649e+03 2.095512305727163948e+03 1.646373698589529567e+03 1.405241259582712246e+03 1.173258666096923434e+03 2.349428924973784433e+03 1.865922176878529399e+03 2.301891094187032650e+03 1.153091395295040684e+03 2.285202329439629466e+03 1.166144736093123583e+03 1.253748535947850314e+03 1.526559142867371065e+03 2.176492009776154646e+03 2.132094356388337019e+03 1.257160545630732031e+03 1.102875277532010386e+03 1.273885849268293896e+03 1.715547149025406725e+03 1.551876050099705935e+03 2.319092869673310815e+03 8.002259065891144019e+02 8.206987153932680030e+02 1.654181448217477282e+03 1.886685167181431552e+03 1.577193890983932761e+03 8.632959688133685177e+02 1.203868373898324762e+03 1.895994210039983500e+03 1.001390634504475429e+03 1.035308083378453603e+03 2.169179551504525989e+03 1.178296269798729099e+03 1.334114895328101511e+03 1.419805187190924471e+03 1.289782274800169716e+03 1.708611655699658286e+03 8.030179456388273138e+02 1.194562152920095741e+03 8.536116419922598197e+02 1.077141876997661257e+03 1.964807907623519895e+03 1.534810951630651061e+03 1.348086534255090328e+03 1.512321963495877071e+03 8.120728301864749028e+02 9.848286121352183500e+02 1.331556455981658473e+03 1.818086580791543383e+03 1.129888413574609103e+03 1.641874077543525800e+03 1.597630957996404504e+03 1.414743879420647772e+03 1.608089249567837669e+03 2.406619647539743255e+03 1.752594481264305614e+03 2.547113328941476539e+03 2.410519729066535092e+03 1.458076840809738087e+03 1.694761663037020526e+03 1.558186714411999219e+03 2.426686651090715714e+03 9.075320306643785671e+02 9.997316638409929510e+02 1.532235436603068820e+03 1.110365197776263585e+03 1.102276662060357239e+03 1.022528736577879158e+03 1.464248572032829543e+03 1.537212902866043123e+03 1.291823174575334406e+03 1.160303323412510508e+03 1.389566814962276112e+03 1.200843924236033672e+03 1.741944636718497577e+03 1.452857598292074499e+03 1.464712195401817098e+03 1.273181539869808375e+03 1.543048204311751533e+03 1.315458937294245970e+03 1.520705887390269709e+03 1.370009161112694756e+03 1.272441500386506505e+03 1.106471036165652094e+03 1.303596947035841140e+03 1.351923548576548683e+03 1.632288455781688981e+03 1.172606919701551760e+03 1.386472485724472108e+03 1.376637101512655136e+03 1.120569628977495768e+03 1.463907648013052267e+03 1.475034566058277960e+03 1.404513565038937031e+03 1.186399063073621619e+03 1.303554558935929208e+03 1.220211682413108520e+03 1.029183324557257947e+03 1.513726196710485283e+03 9.849691947349276688e+02 1.661228120584599992e+03
4.508823529411765207e+02 9.006752505865669036e+02 7.106357454374042391e+02 9.849364475458922925e+02 7.382070148473743529e+02 6.465601219824488908e+02 7.371034806965054713e+02 7.461088610838241948e+02 1.664486001823863489e+03 9.258869069081563339e+02 1.183219481249301907e+03 1.945622186857723136e+03 1.516859053716697190e+03 1.290151281199696768e+03 1.072691633414994385e+03 2.191479800973046167e+03 1.723343893003868970e+03 2.142618490868116623e+03 1.053350208539067580e+03 2.126753795320671543e+03 1.066589605900521065e+03 1.144652978533041278e+03 1.404150314958277249e+03 2.019873874509115922e+03 1.982385554114312981e+03 1.143917238517107762e+03 1.007271137949389868e+03 1.162884162895265717e+03 1.581767661720842170e+03 1.428452675317913190e+03 2.159351326979206533e+03 7.261607107228562654e+02 7.451378358327445994e+02 1.516905782150814503e+03 1.745000581812856808e+03 1.451070396920748863e+03 7.823341743310373886e+02 1.098077495430452245e+03 1.755665149395092385e+03 9.062811112863103062e+02 9.448451171433781610e+02 2.019470252367555986e+03 1.078959292311851641e+03 1.219675190944548149e+03 1.297225232738070190e+03 1.178420159132890376e+03 1.573737586750527498e+03 7.239685249129278191e+02 1.091262669330811377e+03 7.756950254328759229e+02 9.839734984650137903e+02 1.811740713607875477e+03 1.409566016500401474e+03 1.230749543135209251e+03 1.388324244421827188e+03 7.344338862936918986e+02 8.953995543023764867e+02 1.218069294311304930e+03 1.681753811277701743e+03 1.032953483774244660e+03 1.511597973369105148e+03 1.470797252886345177e+03 1.290836258309143432e+03 1.475658449256512313e+03 2.242339529008844238e+03 1.617321702042540664e+03 2.383612010286594341e+03 2.246292860197681421e+03 1.338252295552765418e+03 1.561926072493637093e+03 1.433379285319364499e+03 2.261904460099518928e+03 8.233634782398779635e+02 9.087358643298559855e+02 1.409679159719505378e+03 1.014668785986409944e+03 1.004598769595195904e+03 9.323400930251548289e+02 1.337327178906024983e+03 1.413622427454125955e+03 1.180593307822333600e+03 1.058592843666252520e+03 1.267302421689430730e+03 1.098148479672842768e+03 1.597665827120185668e+03 1.327424038883621279e+03 1.338197615074208215e+03 1.162825729761124876e+03 1.419134092763975787e+03 1.203841400251984169e+03 1.390642247649072488e+03 1.248994535933540192e+03 1.164339212791175896e+03 1.007274643882270198e+03 1.192496685142444676e+03 1.238063481599059060e+03 1.504931836422277684e+03 1.068887646201589405e+03 1.265513897051785534e+03 1.256407725133049553e+03 1.022274519241359030e+03 1.335985746702159531e+03 1.355936255923031467e+03 1.289082314168050971e+03 1.082805727249294478e+03 1.195423834910380720e+03 1.109962519001620421e+03 9.358070380517325475e+02 1.383751352828124254e+03 8.942722702523798262e+02 1.523715400526987651e+03
4.517647058823529278e+02 8.137742795467506767e+02 6.392314856681190349e+02 8.951047244314669342e+02 6.671553036237049810e+02 5.823227849279599013e+02 6.632101826784614786e+02 6.761921710138281014e+02 1.532425668658699806e+03 8.428698519905397006e+02 1.080531176104871747e+03 1.803105343193052704e+03 1.394984635235997303e+03 1.182343703129087771e+03 9.789859012705203440e+02 2.040323797538982035e+03 1.588742864033793012e+03 1.990650227292807813e+03 9.605140340153095622e+02 1.975604793095926198e+03 9.737826169869343857e+02 1.043181985638944752e+03 1.289210265108028352e+03 1.871054820228447170e+03 1.839762359776126459e+03 1.039027408146561129e+03 9.183084913597604100e+02 1.059657346227756307e+03 1.455756875832388459e+03 1.312452708572904612e+03 2.006864005125500853e+03 6.577881506890786341e+02 6.753388397702009343e+02 1.388511333038358998e+03 1.610988895172246657e+03 1.332605698761526810e+03 7.077181665828780979e+02 9.997960310233011114e+02 1.622726079480020417e+03 8.187664215745379579e+02 8.607462644631676767e+02 1.876588861437159721e+03 9.862191339457700678e+02 1.113052584105494589e+03 1.183105808328203238e+03 1.074745165437037258e+03 1.446868833220515398e+03 6.515658512119172201e+02 9.951113383610253322e+02 7.036431365754631315e+02 8.972547394594943171e+02 1.667546587971644612e+03 1.292197081415967887e+03 1.121616717432791120e+03 1.272187378164729353e+03 6.630546156999727145e+02 8.126489558965957940e+02 1.112253855116251998e+03 1.552783491317662083e+03 9.426414530317175604e+02 1.389125221620290176e+03 1.351567912712669113e+03 1.175677961670319746e+03 1.351685766909762833e+03 2.085372426957473635e+03 1.489759111877842770e+03 2.226403132265297700e+03 2.089345025253564017e+03 1.226053589084318673e+03 1.436875631266462051e+03 1.316172387378701615e+03 2.104371938869666792e+03 7.456838680684637666e+02 8.245598405775170932e+02 1.294568028858121806e+03 9.255588684581730377e+02 9.139458765155325182e+02 8.485906365442690458e+02 1.219221868453810657e+03 1.297607700916400972e+03 1.077007427588462861e+03 9.640740606937374650e+02 1.153734125716357084e+03 1.002433606554711787e+03 1.462691069037452280e+03 1.210647961651012793e+03 1.220421495177774887e+03 1.060134906499816680e+03 1.302800094213120019e+03 1.099714793621444869e+03 1.269421007143150064e+03 1.136639862423674685e+03 1.063506710058790759e+03 9.153422182294037839e+02 1.088906361272098593e+03 1.131752196588551897e+03 1.384978254922391898e+03 9.726064922666107577e+02 1.153043873263943851e+03 1.144630079023457256e+03 9.309371483172791386e+02 1.217064191942365824e+03 1.244192467208362586e+03 1.180998221107133531e+03 9.864922698338255032e+02 1.094283642265417711e+03 1.007883871832121713e+03 8.493948431767006468e+02 1.262668907885803264e+03 8.104927823958072395e+02 1.395061700955728838e+03
4.526470588235293917e+02 7.339848995428591252e+02 5.740162759077807095e+02 8.120393273060620913e+02 6.018977395468257328e+02 5.235660417778885858e+02 5.957011140699366933e+02 6.117589330928121854e+02 1.408297137445190856e+03 7.659453729312994028e+02 9.850055010807569715e+02 1.667969630187554685e+03 1.280592877472356804e+03 1.081608854683160644e+03 8.918840459130044565e+02 1.896083107255880122e+03 1.462004189663217858e+03 1.846057708227720013e+03 8.743121281589503724e+02 1.831822529372475401e+03 8.874756938737459677e+02 9.490282259053050211e+02 1.181555584401187161e+03 1.730031449294945560e+03 1.704266066783254701e+03 9.421019030562314356e+02 8.357242716041323547e+02 9.638900328272574143e+02 1.337368893973442937e+03 1.203706258053917054e+03 1.861710812971060477e+03 5.948156994017443822e+02 6.110109784611204304e+02 1.268719576540608841e+03 1.484569243007045088e+03 1.221615947128547077e+03 6.391072526334298800e+02 9.087077474433111774e+02 1.497123775442317992e+03 7.384221309181029937e+02 7.827501383290722288e+02 1.740606876706141747e+03 8.998489263686808499e+02 1.013952730679529054e+03 1.077118149372854077e+03 9.784584901293444545e+02 1.327834543116136274e+03 5.853976794220052398e+02 9.058282599751664748e+02 6.371689637729690503e+02 8.167327578217090149e+02 1.532060718959487303e+03 1.182483076493761246e+03 1.020356936552136290e+03 1.163683336134392903e+03 5.975780777395661971e+02 7.362561269861716937e+02 1.013830525946236889e+03 1.431100487497265931e+03 8.587027582421409306e+02 1.274280975394317011e+03 1.239771699195203155e+03 1.068905861474950825e+03 1.235918562283991832e+03 1.935817469806033841e+03 1.369778784725936930e+03 2.075693445474153123e+03 1.939778895761945478e+03 1.121256087539589089e+03 1.319455729556397500e+03 1.206381061114784188e+03 1.954198253962817716e+03 6.741574322531703274e+02 7.468732722771241015e+02 1.186722983879386902e+03 8.427816527862806879e+02 8.300114515058355664e+02 7.710048633207928788e+02 1.109583548423731372e+03 1.188978611745280659e+03 9.807723420963734497e+02 8.764473768789700898e+02 1.048493690527997387e+03 9.134404210272221007e+02 1.336732073037335567e+03 1.102192960385116976e+03 1.111043538180462292e+03 9.648056247138762274e+02 1.193857779693781822e+03 1.002812365167452526e+03 1.156714047923126373e+03 1.032572306621642383e+03 9.696833947919657248e+02 8.303415577493844921e+02 9.925523064178100867e+02 1.032731520150986626e+03 1.272287813872588231e+03 8.834413862512910782e+02 1.048716210980105416e+03 1.040957782766733089e+03 8.462667948170209229e+02 1.106773220686179229e+03 1.139612294094564959e+03 1.080044758374892808e+03 8.971606161152093364e+02 9.999153266729292682e+02 9.135906921980339348e+02 7.696133974964039908e+02 1.150142369717025531e+03 7.332815141703766812e+02 1.274993523813578349e+03
4.535294117647059124e+02 6.608874488685119104e+02 5.145823995309734755e+02 7.354068716917804522e+02 5.420948193946787796e+02 4.699392542001593256e+02 5.341581743972523100e+02 5.525130641700517344e+02 1.291917407207088900e+03 6.948317020791840832e+02 8.963533625667370188e+02 1.540173514692438403e+03 1.173492059823127192e+03 9.877113385164631154e+02 8.111116621964500837e+02 1.758823942181730672e+03 1.342971936801855009e+03 1.708857503636281990e+03 7.944581404025566371e+02 1.695419755890120314e+03 8.074034059229535387e+02 8.618681997366836640e+02 1.080972733971269236e+03 1.596749303919729527e+03 1.575887366266341360e+03 8.527408563445193295e+02 7.592407399507616219e+02 8.752506146749476557e+02 1.226421480980073966e+03 1.102012101099536267e+03 1.723916396686850931e+03 5.369473224548074768e+02 5.518591952428979539e+02 1.157223252243692286e+03 1.365618218163848269e+03 1.117885964507427616e+03 5.761589306340565599e+02 8.244822483611042117e+02 1.378761551275340253e+03 6.648240905328751751e+02 7.105824917381245314e+02 1.611544126307206398e+03 8.196029051792793325e+02 9.220620376806123204e+02 9.789139836324895896e+02 8.892436108160376307e+02 1.216428737900891065e+03 5.250582285250879977e+02 8.231173219311449429e+02 5.759798563308344228e+02 7.421401220535530001e+02 1.405076610151175373e+03 1.080174404765066356e+03 9.266217474757175978e+02 1.062556481729978032e+03 5.376486240097424343e+02 6.658931014063840621e+02 9.224996343195284680e+02 1.316588586417464285e+03 7.808715718579504710e+02 1.166857041738955104e+03 1.135205000050973695e+03 9.701396596434675530e+02 1.128075344318997168e+03 1.793716346597240090e+03 1.257214960006665933e+03 1.931629809047734398e+03 1.797639673873656875e+03 1.023608758173710953e+03 1.209476284664573313e+03 1.103789534018950690e+03 1.811434695112498503e+03 6.084447335826527024e+02 6.753388048701106072e+02 1.085934529443334213e+03 7.660678751404443574e+02 7.524771332987770620e+02 6.992956965169091745e+02 1.008043641857666557e+03 1.087514946255303357e+03 8.915767265273974544e+02 7.953992028673955019e+02 9.511967703787704522e+02 8.308923571020112604e+02 1.219470017533116561e+03 1.001702645133989108e+03 1.009703371611771672e+03 8.765174655211491199e+02 1.092088418085237436e+03 9.128470133891452178e+02 1.052170907870128531e+03 9.364037829933117791e+02 8.825891484476481992e+02 7.519302888756978973e+02 9.031412194421212689e+02 9.407215124781919258e+02 1.166686089460670246e+03 8.010573942194961319e+02 9.521672148395272188e+02 9.450272778824763691e+02 7.679593110159767093e+02 1.004724867046662666e+03 1.041976393046354360e+03 9.859799756001871174e+02 8.144978573491658835e+02 9.120775603493430026e+02 8.266880370995719431e+02 6.961216296440886708e+02 1.045813593048661915e+03 6.622840970081962269e+02 1.163208198191014162e+03
4.544117647058823195e+02 5.940660805685870400e+02 4.605321331423251650e+02 6.648679976964931484e+02 4.874097807849642550e+02 4.210989615853752639e+02 4.781731709463992956e+02 4.981573270395169857e+02 1.183070489117442776e+03 6.292391541202235885e+02 8.142707916393040932e+02 1.419631240252103908e+03 1.073461505972514942e+03 9.003947447770359531e+02 7.363816305978779155e+02 1.628561085874985338e+03 1.231454672457714651e+03 1.579016322507717405e+03 7.206543546194742476e+02 1.566359831545496263e+03 7.332872073302739864e+02 7.813668927573970677e+02 9.872231265755381173e+02 1.471108249282847737e+03 1.454571182177213359e+03 7.705383970546339469e+02 6.885695475520537912e+02 7.933959900032956511e+02 1.122701455489494492e+03 1.007142726660934272e+03 1.593455041556274864e+03 4.838865005346484054e+02 4.975872299178261642e+02 1.053692147211392012e+03 1.253975196264823126e+03 1.021174390110279660e+03 5.185321299167987945e+02 7.467794887844383993e+02 1.267504391359252395e+03 5.975521511293831054e+02 6.439600635269067652e+02 1.489373380203915076e+03 7.452206087569686588e+02 8.370525858906205485e+02 8.881307355270677135e+02 8.067710264623107150e+02 1.112415720710326241e+03 4.701509887166776025e+02 7.466705990350966431e+02 5.197807618501692559e+02 6.731987814106848873e+02 1.286352219999991803e+03 9.849981060592463109e+02 8.400503626414475775e+02 9.685287313772943207e+02 4.829148938414822965e+02 6.012283727730971350e+02 8.379463371481683680e+02 1.209095606346399563e+03 7.088699321809222056e+02 1.066617198195079027e+03 1.037636936652107579e+03 8.789871341611078606e+02 1.027851295920519988e+03 1.659058336229001270e+03 1.151869332962141925e+03 1.794303252047822525e+03 1.662919968763106453e+03 9.328392024678709049e+02 1.106717108145636303e+03 1.008156295821485969e+03 1.676079562001808654e+03 5.482060963102484266e+02 6.096158363203082899e+02 9.919677865046237457e+02 6.951368861733404856e+02 6.810168753041663194e+02 6.331683272698682003e+02 9.142194865890124902e+02 9.929715686960119001e+02 8.090958852093893938e+02 7.206062982498707470e+02 8.614480840623295990e+02 7.544995668463810716e+02 1.110561662339901659e+03 9.088060069674194210e+02 9.160259767223972176e+02 7.949377573786847506e+02 9.972481127238941099e+02 8.295160454719708696e+02 9.554242870479752128e+02 8.477360874580531345e+02 8.019289187402508787e+02 6.797600301222665848e+02 8.203649226683617144e+02 8.554252071033971561e+02 1.067969279417578264e+03 7.251111323682320062e+02 8.630208727564362334e+02 8.564629437093494744e+02 6.957013182507532747e+02 9.105184605515620433e+02 9.510418832579292712e+02 8.985413392348376647e+02 7.381806624520967262e+02 8.305108936259078973e+02 7.467756782817721160e+02 6.285746352246812876e+02 9.493083043312343534e+02 5.971447418843770265e+02 1.059379664757393357e+03
4.552941176470587834e+02 5.331119594162269095e+02 4.114800068421773176e+02 6.000810335879572222e+02 4.375112307369755626e+02 3.767110196658618975e+02 4.273501829987284282e+02 4.483960808343675239e+02 1.081512723605849715e+03 5.688735665501525318e+02 7.384432367990300463e+02 1.306217865244563427e+03 9.802565638691933145e+02 8.193862178235768852e+02 6.673980588179673532e+02 1.505262535128566014e+03 1.127230770094836771e+03 1.456456093294903440e+03 6.525955718426870362e+02 1.444561709144821180e+03 6.648393369530655264e+02 7.071820101462125194e+02 9.000478532654941546e+02 1.352967814428117663e+03 1.340221611241359142e+03 6.950869225422762838e+02 6.234154657861428177e+02 7.179758665035017202e+02 1.025969747560622864e+03 9.188491064229564245e+02 1.470255738453259482e+03 4.353388916889824714e+02 4.479003651028120885e+02 9.577785036967549104e+02 1.149447516153314837e+03 9.312185725461350785e+02 4.658900377620669815e+02 6.752538428933841033e+02 1.163183934369912095e+03 5.361933770247840130e+02 5.825940887902530676e+02 1.374025106870222089e+03 6.764307812170817442e+02 7.585865703659338806e+02 8.043963362782229751e+02 7.307026111972206763e+02 1.015535279417223137e+03 4.202910649757986334e+02 6.761723833837102120e+02 4.682770917915079849e+02 6.096236929719700584e+02 1.175615730147589375e+03 8.966628223480139468e+02 7.602741967907479648e+02 8.813044173699463499e+02 4.330323859747024926e+02 5.419302135673067369e+02 7.598450183340141848e+02 1.108438399788287370e+03 6.424115309653113854e+02 9.733021794220645688e+02 9.468143172287368543e+02 7.950489313066203749e+02 9.349234988269115547e+02 1.531785304135045635e+03 1.053516118760139989e+03 1.663753257831032442e+03 1.535564881107867677e+03 8.486583329310598174e+02 1.010932909958630262e+03 9.192190178625062345e+02 1.548083195227286978e+03 4.931046138968497416e+02 5.493638919016198088e+02 9.045671902539038456e+02 6.297003854174104163e+02 6.153006803323411305e+02 5.723236767366604454e+02 8.277192430544727131e+02 9.050831452135928430e+02 7.329960870102333956e+02 6.517396941902675280e+02 7.788461303314184079e+02 6.839629255962574916e+02 1.009644971548533135e+03 8.231223103761270750e+02 8.296265811852877050e+02 7.197258681784200007e+02 9.090725841250231269e+02 7.525055509496619379e+02 8.660951701188865854e+02 7.661655527235536738e+02 7.273969627217201150e+02 6.134801428133287118e+02 7.439047045075791402e+02 7.765331421374410183e+02 9.759089584251904625e+02 6.552547395046226484e+02 7.808935513724380826e+02 7.748817635990158124e+02 6.291740011700836703e+02 8.237455419323792967e+02 8.665469706671738095e+02 8.174502589901394458e+02 6.678792952990514777e+02 7.549419921673151066e+02 6.734522293775769413e+02 5.666271486012223022e+02 8.602412037546358761e+02 5.375095288150148463e+02 9.631638764724974635e+02
4.561764705882353041e+02 4.776259797050870475e+02 3.670546375106685559e+02 5.407052456765835586e+02 3.920753949421674065e+02 3.364523631431418949e+02 3.813074880615975530e+02 4.029376649066212508e+02 9.869778375920994904e+02 5.134393789453606587e+02 6.685494978374712218e+02 1.199774257769838641e+03 8.936132624279877064e+02 7.444006005782348439e+02 6.038598443078492437e+02 1.388854293803277642e+03 1.030053482144058535e+03 1.341058983321420328e+03 5.899726241145477843e+02 1.329905021293221125e+03 6.017663564143574604e+02 6.389677879522714647e+02 8.191721213780763264e+02 1.242152483772381856e+03 1.232706758410127350e+03 6.259808531997089176e+02 5.634797336223459752e+02 6.486366324043747227e+02 9.359661937101517424e+02 8.368651559460246290e+02 1.354207170071398423e+03 3.910146411481306927e+02 4.025078134803212038e+02 8.691219881386037969e+02 1.051815423885477458e+03 8.477391407605454106e+02 4.179025255792423081e+02 6.095577581916846839e+02 1.065603364768686788e+03 4.803447741790652117e+02 5.261934400179110298e+02 1.265392175507495722e+03 6.129549353917394683e+02 6.863203723944427566e+02 7.273335210002200029e+02 6.606955357050156863e+02 9.255075426161090490e+02 3.751070877419152225e+02 6.113028118276974965e+02 4.211772435621130626e+02 5.511260989943780260e+02 1.072571079899953247e+03 8.148632920458071567e+02 6.869209860861201378e+02 8.005747822117692749e+02 3.876656261339700791e+02 4.876695953410717834e+02 6.878633582861817786e+02 1.014407551955025042e+03 5.812051519078241881e+02 8.866344271158834545e+02 8.624661598148795747e+02 7.179228624618032200e+02 8.489557082931961531e+02 1.411796826521730054e+03 9.619069729664363422e+02 1.539972157392470763e+03 1.415477014178233048e+03 7.707647236698807092e+02 9.218581501131718596e+02 8.366990235097887307e+02 1.427352996772079450e+03 4.428087610353758805e+02 4.942455723490228934e+02 8.234609657571872958e+02 5.694658010395007750e+02 5.549979349704175320e+02 5.164614937593947843e+02 7.481463941978231560e+02 8.235686469657370026e+02 6.629384917113580968e+02 5.884682203587368576e+02 7.029873991889130593e+02 6.189776853590340124e+02 9.163443749247167034e+02 7.442655081086089695e+02 7.501151457059692120e+02 6.505370725873215179e+02 8.272816508329933640e+02 6.814943889749698656e+02 7.837974343358342821e+02 6.912871934868147719e+02 6.586807047814236284e+02 5.527410529543454913e+02 6.734352775517347709e+02 7.037274222180236620e+02 8.902567262785269122e+02 5.911394254764875313e+02 7.053981947910212966e+02 6.998975013602241688e+02 5.680565115443973809e+02 7.439943302951127180e+02 7.882152882808727554e+02 7.424162659069523897e+02 6.032612131806763500e+02 6.850875500651629864e+02 6.063187790327334596e+02 5.099365977092093658e+02 7.782205361790570350e+02 4.830292746905573154e+02 8.742037613899116195e+02
4.570588235294117112e+02 4.272210277000830274e+02 3.269001674694829376e+02 4.864036747844229467e+02 3.507879818705893626e+02 3.000124205826082857e+02 3.396790815006307866e+02 3.614964535055017905e+02 8.991816149401217899e+02 4.626423516259874305e+02 6.042652543154101750e+02 1.100111911601177098e+03 8.132526778894040262e+02 6.751442662288604879e+02 5.454638746044232676e+02 1.279225056940914328e+03 9.396557195202829007e+02 1.232672356363389554e+03 5.324755019022084070e+02 1.222234941008504848e+03 5.437723407409243919e+02 5.763783854435612284e+02 7.443093592313098270e+02 1.138456723574563739e+03 1.131863445601913099e+03 5.628199037515657892e+02 5.084630505694485123e+02 5.850247972657094806e+02 8.524140496874892960e+02 7.609118770466195656e+02 1.245162628492367730e+03 3.506303467859515308e+02 3.611247598154045590e+02 7.873541811390875864e+02 9.608368346592301350e+02 7.704442255193151823e+02 3.742481946326512343e+02 5.493449890573797347e+02 9.745420131134079611e+02 4.296155610054124736e+02 4.744674197077125655e+02 1.163334483286857676e+03 5.545105789658514368e+02 6.199081919528621256e+02 6.565636964631072487e+02 5.964057715125395589e+02 8.420375147856569811e+02 3.342427327169693285e+02 5.517411160315186862e+02 3.781947641075601041e+02 4.974164547198366222e+02 9.769030513925204104e+02 7.392845375876108847e+02 6.196184234784735736e+02 7.260220920694609958e+02 3.464899624045991686e+02 4.381227177148129499e+02 6.216659617865212795e+02 9.267720079020924686e+02 5.249577466667767567e+02 8.063224323886333877e+02 7.843079996092479860e+02 6.472077213323765363e+02 7.696027427694883727e+02 1.298955161968541006e+03 8.767754401963466080e+02 1.422909675871159607e+03 1.302521464402731226e+03 6.988485790987123210e+02 8.392114564885308710e+02 7.603054769746955799e+02 1.313758420929377280e+03 3.969946147510807464e+02 4.439291109446536439e+02 7.483652247762206571e+02 5.141393057126418853e+02 4.997803445948977696e+02 4.652830928340026162e+02 6.751036892577219533e+02 7.481355010068617730e+02 5.985826711399794249e+02 5.304616245215099752e+02 6.334700980944080584e+02 5.592367479948612754e+02 8.302754768556676481e+02 6.718481937966745363e+02 6.771003257129128770e+02 5.870260081893976576e+02 7.515834145248236382e+02 6.161577886475292871e+02 7.081420001645242337e+02 6.226983620235093895e+02 5.954642200216845822e+02 4.971971483956490374e+02 6.086283450670193815e+02 6.366854232602900083e+02 8.107484534556589324e+02 5.324186000255494946e+02 6.361480764198338420e+02 6.311244146703393199e+02 5.120289782583140550e+02 6.708536652205900737e+02 7.157598683771828973e+02 6.731408396190707890e+02 5.439942744367405112e+02 6.206578481149408617e+02 5.449820564882139706e+02 4.581657510133086362e+02 7.028522334851427331e+02 4.333619852353632496e+02 7.921337735098509256e+02
4.579411764705882888e+02 3.815238286372162406e+02 2.906773453294403566e+02 4.368455900624771857e+02 3.133457195820478773e+02 2.670941974101341430e+02 3.021158185089534527e+02 3.237945761602816788e+02 8.178262966255650781e+02 4.161919423543878338e+02 5.452662198054778173e+02 1.007017574501863464e+03 7.388849518207166511e+02 6.113185897551568360e+02 4.919078664846361448e+02 1.176230827137412462e+03 8.557544959064346131e+02 1.131113509902264013e+03 4.797961198930002524e+02 1.121367024743858110e+03 4.905617031620066086e+02 5.190708688986098878e+02 6.751649796369352998e+02 1.041649836718248707e+03 1.037501758926538514e+03 5.052118956561241134e+02 4.580682166384052607e+02 5.267900244879518823e+02 7.750241707228353789e+02 6.907011715768974227e+02 1.142944812888675870e+03 3.139107181530723096e+02 3.234740943338157990e+02 7.121026752798268262e+02 8.762517056815274827e+02 6.990333520452833227e+02 3.346160714125689992e+02 4.942734183857101584e+02 8.897597761199372144e+02 3.836290193656125211e+02 4.271282126978761085e+02 1.067683457515439159e+03 5.008140997547361053e+02 5.590052757085449002e+02 5.917103460179200738e+02 5.374911906694693471e+02 7.648192701767231938e+02 2.973578672729721575e+02 4.971684822378460353e+02 3.390501937948437785e+02 4.482070048599040888e+02 8.882821354120320620e+02 6.696056559306382496e+02 5.579973700055406880e+02 6.573233768676949467e+02 3.091930089813038762e+02 3.929731616804969008e+02 5.609176000640255779e+02 8.452832695083826593e+02 4.733771704573446186e+02 7.320647899468923470e+02 7.120457934057951661e+02 5.825066082285743505e+02 6.965144532485780928e+02 1.193090119178923942e+03 7.978412453672139009e+02 1.312477381899139118e+03 1.196530740689489448e+03 6.325953415675865017e+02 7.626997872634572104e+02 6.897392355896846539e+02 1.207135827832370978e+03 3.553477152625361555e+02 3.980905520296402074e+02 6.789877453462645462e+02 4.634284947909858374e+02 4.493244799629488284e+02 4.184937362495530238e+02 6.081966541335788179e+02 6.784833768559319651e+02 5.395897184024819353e+02 4.773933039542930601e+02 5.698974093275419364e+02 5.044335842996179622e+02 7.510493871095103486e+02 6.054850889681860053e+02 6.101929940359021884e+02 5.288497223869679829e+02 6.816780427002920533e+02 5.561705537898495777e+02 6.387405191643157423e+02 5.600019430450173559e+02 5.374313298340267693e+02 4.465092847627875017e+02 5.491557626850379847e+02 5.750831077493758130e+02 7.371082636569879014e+02 4.787505954361633371e+02 5.727600863765591157e+02 5.681805179789587328e+02 4.607751422285063541e+02 6.039164692589938568e+02 6.488867886652591324e+02 6.093208749427132034e+02 4.897495462639942616e+02 5.613599714232677798e+02 4.890571359015431199e+02 4.109849764335098143e+02 6.337435732059886959e+02 3.881749274881951237e+02 7.165839828193151106e+02
4.588235294117646959e+02 3.401763943487076176e+02 2.580642770225905451e+02 3.917085533791689045e+02 2.794575597020423174e+02 2.374150788789181092e+02 2.682862239734989771e+02 2.895633360388479787e+02 7.426045853265782171e+02 3.738033435958836321e+02 4.912308909896234468e+02 9.202576098656327304e+02 6.702129616810395873e+02 5.526230516552406016e+02 4.428928417466202063e+02 1.079699414855679606e+03 7.780550768443946481e+02 1.036174359021461669e+03 4.316307096415259821e+02 1.027091727532513460e+03 4.418416742119040919e+02 4.667077871723183193e+02 6.114397789413438886e+02 9.514805364309193010e+02 9.494094526813736366e+02 4.527751166923759456e+02 4.120024100870145958e+02 4.735877343701477571e+02 7.034988162045547142e+02 6.259393086222906959e+02 1.047350440878069776e+03 2.805899194394215783e+02 2.892878235651975842e+02 6.429946937035585961e+02 7.977862178203591839e+02 6.332009513172258721e+02 2.987069632544906312e+02 4.440074848097631843e+02 8.110011960469923906e+02 3.420239381335628650e+02 3.838929915438824310e+02 9.782463470774067673e+02 4.515833092938240725e+02 5.032707243222359352e+02 5.324019996038376803e+02 4.836142516032542176e+02 6.935397551790105126e+02 2.641293768637874564e+02 4.472705371415084983e+02 3.034725980199193600e+02 4.032140271596272214e+02 8.063688305544518471e+02 6.055032158009894374e+02 5.016946225864001576e+02 5.941537675638359133e+02 2.754757686177276810e+02 3.519136959484397948e+02 5.052860419923493396e+02 7.696794042654495343e+02 4.261745604730587615e+02 6.635538480402573214e+02 6.453794861514230661e+02 5.234298101870144819e+02 6.293392704053910620e+02 1.094003823853247013e+03 7.248141624281968234e+02 1.208553174964408981e+03 1.097309393586920351e+03 5.716888992211675031e+02 6.920221961222383698e+02 6.246963130052890847e+02 1.107293236916575552e+03 3.175645772671218765e+02 3.564155608526973538e+02 6.150313786490363555e+02 4.170447016270714471e+02 4.033139548343316392e+02 3.758046751922287854e+02 5.470366187990846356e+02 6.143076008382929558e+02 4.856249546525633605e+02 4.289426581160374781e+02 5.118802717621004490e+02 4.542647685023823669e+02 6.782765304923003669e+02 5.447960708332336708e+02 5.490092957501947240e+02 4.756703050789470240e+02 6.172612105361728254e+02 5.012098848141340568e+02 5.752085961248717467e+02 5.028090668658963978e+02 4.842683255080816025e+02 4.003468921251084680e+02 4.946923187062137686e+02 5.185979396240057895e+02 6.690521695591622802e+02 4.298009836989511996e+02 5.148575625695887084e+02 5.106903902205874033e+02 4.139846250956775862e+02 5.427827351770760060e+02 5.872984490588351036e+02 5.506517879325110698e+02 4.402037246826008641e+02 5.069006642740743587e+02 4.381697042036998937e+02 3.680741280260809276e+02 5.705063571548164418e+02 3.471463323899677107e+02 6.471837236464568832e+02
4.597058823529412166e+02 3.028371304214355746e+02 2.287568988901772400e+02 3.506801479876352801e+02 2.488456078568343059e+02 2.107073702138808926e+02 2.378770097285914176e+02 2.585443532927927777e+02 6.732033131310275849e+02 3.351992050982028672e+02 4.418429542292101360e+02 8.395821417094248318e+02 6.069356589319165778e+02 4.987580075353459392e+02 3.981252739410206232e+02 9.894346977749248708e+02 7.062547583110931555e+02 9.476257432749746386e+02 3.876818908619165427e+02 9.391788255225820876e+02 3.973244579664093976e+02 4.189593854903581587e+02 5.528329990769602773e+02 8.676812638989033530e+02 8.673560106639994274e+02 4.051402857216262419e+02 3.699791570935471441e+02 4.250813447091348962e+02 6.375351385241732487e+02 5.663300421580961483e+02 9.581546239984531894e+02 2.504126523527677364e+02 2.583082176715621472e+02 5.796603006148155828e+02 7.251565716411992071e+02 5.726395284302377604e+02 2.662345153233105748e+02 3.982202401207752018e+02 7.379992839419983284e+02 3.044557224859224220e+02 3.444857283042428548e+02 8.948103771308085470e+02 4.065396687558704230e+02 4.523699383423664813e+02 4.782747782639399361e+02 4.344443240618651885e+02 6.278822474966275422e+02 2.342516919275722103e+02 4.017394916257857744e+02 2.712008136755517285e+02 3.621597592613539973e+02 7.308176631451872254e+02 5.466542936763818261e+02 4.503552881549300082e+02 5.361894728817695750e+02 2.450534628507575690e+02 3.146477498013698550e+02 4.544445224899350251e+02 6.996887181850431716e+02 3.830664017873363036e+02 6.004790249376734437e+02 5.840062302578028266e+02 4.695972382689362234e+02 5.677273476488238657e+02 1.001475148848411550e+03 6.573975768901069614e+02 1.110985601658305313e+03 1.004638600835177726e+03 5.158144572173555389e+02 6.268732711484921083e+02 5.648710092909169589e+02 1.014014777266616306e+03 2.833539014386386725e+02 3.186009041105562005e+02 5.561971348799841053e+02 3.747050134715718741e+02 3.614412580130160109e+02 3.369348805028360516e+02 4.912433274724538137e+02 5.553022404302034829e+02 4.363602702376032880e+02 3.847970843120570521e+02 4.590397557918149687e+02 4.084321929588717239e+02 6.115700361651392996e+02 4.894087930823856141e+02 4.931732752296267108e+02 4.271571578881390678e+02 5.580271914258812558e+02 4.509578331066221608e+02 5.171685806819731397e+02 4.507414250213052469e+02 4.356663387377707295e+02 3.583897404231984183e+02 4.449181479219600988e+02 4.669114536224962535e+02 6.062913787921828543e+02 3.852445490788131224e+02 4.620727222096184050e+02 4.582875735891062163e+02 3.713548576947814013e+02 4.870620708516290733e+02 5.306965176520643581e+02 4.968302617518846773e+02 3.950412069529795644e+02 4.569888578984504761e+02 3.919579466283417446e+02 3.291240983185676328e+02 5.127596743304098936e+02 3.099667584882193978e+02 5.835648229849666677e+02
4.605882352941176805e+02 2.691816132007173792e+02 2.024691930496401824e+02 3.134593783200709254e+02 2.212457826656336977e+02 1.867186008189808035e+02 2.105933229058770166e+02 2.304904498385806164e+02 6.093067334756771061e+02 3.001110678885409015e+02 3.967933314640272897e+02 7.647288737017935318e+02 5.487510426551964429e+02 4.494271108539487045e+02 3.573189130808098639e+02 9.052208166615304208e+02 6.400463032751562196e+02 8.652216079583662349e+02 3.476604055411634704e+02 8.573814814896633152e+02 3.567290571149800940e+02 3.755054495652470905e+02 4.990450397144815042e+02 7.899721714917216104e+02 7.910965551148359509e+02 3.619521257922429527e+02 3.317199779573936667e+02 3.809441440180549989e+02 5.768283067097062258e+02 5.115774024562479099e+02 8.751150288695498602e+02 2.231349787594521672e+02 2.302886955473729529e+02 5.217351822501009337e+02 6.580724787941110208e+02 5.170424758135317234e+02 2.369259987800514864e+02 3.565950585076031416e+02 6.704790250994401504e+02 2.705971654875100398e+02 3.086386866399625433e+02 8.171466125475490117e+02 3.654102085817220882e+02 4.059766753592103328e+02 4.289745544157094059e+02 3.896596430085506881e+02 5.675294347500665708e+02 2.074370682991373656e+02 3.602759362709962829e+02 2.419844327790290777e+02 3.247740243338532764e+02 6.612807612046235590e+02 4.927391330375353391e+02 4.036347732448519992e+02 4.831103825439881803e+02 2.176561089273879190e+02 2.808905938519772576e+02 4.080738448460649010e+02 6.350331112523307411e+02 3.437762761230009687e+02 5.425297598688279095e+02 5.276232591311893430e+02 4.206404704727544299e+02 5.113333136470543536e+02 9.152640749523760633e+02 5.952917002146041341e+02 1.019598100205053584e+03 9.182803495911909977e+02 4.646610290336737421e+02 5.669462104137115830e+02 5.099586837243613786e+02 9.270650473157745637e+02 2.524374936222710915e+02 2.843556305802384259e+02 5.021869085954685374e+02 3.361339557508892426e+02 3.234092595687179141e+02 3.016124697174429343e+02 4.404471324201250013e+02 5.011628248403303587e+02 3.914761002376341708e+02 3.446536468005060101e+02 4.110090238100887632e+02 3.666449427738463669e+02 5.505486774307015594e+02 4.389608828585313063e+02 4.423190986058537533e+02 3.829888994163432585e+02 5.036715948179638644e+02 4.051034068556207330e+02 4.642519499984955473e+02 4.034331669749871025e+02 3.913233701070923871e+02 3.203293594835727731e+02 3.995207902821796893e+02 4.197114521723370331e+02 5.485352711686950897e+02 3.447669001373166111e+02 4.140486817951465923e+02 4.106165814074635705e+02 3.325926772441740127e+02 4.363758288718876202e+02 4.787845253060956452e+02 4.475566617967363072e+02 3.539558229146816757e+02 4.113378711464237654e+02 3.500740388109281298e+02 2.938380541310263538e+02 4.601322414848091285e+02 2.763401648493141352e+02 5.253644179744758276e+02
4.614705882352940876e+02 2.389030824956178378e+02 1.789331785850878589e+02 2.797577574472662150e+02 1.964082370617828417e+02 1.652116288720982880e+02 1.861587628949761211e+02 2.051662897069146254e+02 5.505994465856089164e+02 2.682805058218995669e+02 3.557818850379777587e+02 6.954266183974420983e+02 4.953587851650916605e+02 4.043393939906706009e+02 3.201962853709496244e+02 8.268259543348480065e+02 5.791210043457472239e+02 7.887028110681254702e+02 3.112865415019638249e+02 7.814400729116928233e+02 3.197828013525723350e+02 3.360368137423193957e+02 4.497798147142275411e+02 7.180647837386305810e+02 7.203753986942153915e+02 3.228705816827001058e+02 2.969557353497435201e+02 3.408608035948258816e+02 5.210742658212075185e+02 4.613881179750236470e+02 7.979757217009131409e+02 1.985249183181958017e+02 2.049944692579338152e+02 4.688630156550388506e+02 5.962402953403855008e+02 4.661065186678043801e+02 2.105228379231637632e+02 3.188270102412174083e+02 6.081605448326689611e+02 2.401389335663169788e+02 2.760936499776609594e+02 7.450135683574681025e+02 3.279291342576249804e+02 3.637747663890371541e+02 3.841587195891214606e+02 3.489489120767034933e+02 5.121661298406197602e+02 1.834156253436999293e+02 3.225903247649027890e+02 2.155845392734895540e+02 2.907955587293033659e+02 5.974110228544491292e+02 4.434434404245297969e+02 3.612003965482052195e+02 4.346022998365434660e+02 1.930288479357405436e+02 2.503702242933858031e+02 3.658641278450775758e+02 5.754311038618390057e+02 3.080363048716035905e+02 4.893980909845062683e+02 4.759303915141559855e+02 3.762043894039948100e+02 4.598186158933826846e+02 8.351155867333314973e+02 5.381964200807457246e+02 9.341929884379599116e+02 8.379815006915034701e+02 4.179235810930937305e+02 5.119355312456800107e+02 4.596581643827149151e+02 8.461930510241380716e+02 2.245509185138504620e+02 2.534019486729474409e+02 4.527058571718338840e+02 3.010648933927116673e+02 2.889324100647687033e+02 2.695758442162744473e+02 3.942907765343705933e+02 4.515887078780079378e+02 3.506630521524963910e+02 3.082204140402566281e+02 3.674348991533009894e+02 3.286208556642726535e+02 4.948393835209675444e+02 3.931017565014865340e+02 3.960928734184801669e+02 3.428549229821810513e+02 4.538937424980242668e+02 3.633443253065429985e+02 4.161012731118985357e+02 3.605324122098252815e+02 3.509459823912557681e+02 2.858701564583715253e+02 3.581969019980804774e+02 3.766938601992879398e+02 4.954940233550402695e+02 3.080657564950168990e+02 3.704411053328004186e+02 3.673345150380946507e+02 2.974156232535275421e+02 3.903588221152702431e+02 4.312701207666638652e+02 4.025370967796271771e+02 3.166522240674069621e+02 3.696672736503310830e+02 3.121853062974179807e+02 2.619323724550069983e+02 4.122643256800724316e+02 2.459846755925802597e+02 4.722273430364332967e+02
4.623529411764706083e+02 2.117126818578446148e+02 1.578987169531929169e+02 2.493001355785985140e+02 1.740975825521108789e+02 1.459645697862939642e+02 1.643152088979825294e+02 1.823488203948418231e+02 4.967689726053757227e+02 2.394600301863964091e+02 3.185188216608003700e+02 6.313985175528403033e+02 4.464625317540895821e+02 3.632110436668749003e+02 2.864899332220458632e+02 7.540059669414504242e+02 5.231714179904292905e+02 7.178006853906949800e+02 2.782912826646726216e+02 7.110857112852037289e+02 2.862225942402263854e+02 3.002565660230422964e+02 4.047468039947472107e+02 6.516653398924037219e+02 6.549293347512783612e+02 2.875717222153111834e+02 2.654277196896669579e+02 3.045285925351261085e+02 4.699721738429024640e+02 4.154737439758830533e+02 7.264707511690979800e+02 1.763628328665550953e+02 1.822029865621560418e+02 4.206974738496632540e+02 5.393658396041229253e+02 4.195338454724872577e+02 1.867809251648922952e+02 2.846239383299458154e+02 5.507619797208611772e+02 2.127898040252342469e+02 2.466028788218866339e+02 6.781605607529961617e+02 2.938391627020297392e+02 3.254595047074344620e+02 3.434976122672556471e+02 3.120126078264190710e+02 4.614816334447894519e+02 1.619352004406344463e+02 2.884041626192012586e+02 1.917742285598259855e+02 2.599730884528624983e+02 5.388649094026363855e+02 3.984603407054202080e+02 3.227326806054522876e+02 3.903588472260143476e+02 1.709320785053788825e+02 2.228280131072577319e+02 3.275162455604686329e+02 5.206005538288542311e+02 2.755883335190956132e+02 4.407809133468828122e+02 4.286322294423837320e+02 3.359484856869007103e+02 4.128535195323763674e+02 7.607634333889116078e+02 4.858138316977872933e+02 8.545552702281812572e+02 7.634774492702080124e+02 3.753048570877245993e+02 4.615394568481289639e+02 4.136738449871076000e+02 7.711359715982226817e+02 1.994439248132985369e+02 2.254758670775735538e+02 4.074644674127729331e+02 2.692411568101390458e+02 2.577376631228951283e+02 2.405745900133482280e+02 3.524308445207875593e+02 4.062851178755602177e+02 3.136232312555928274e+02 2.752175200781090894e+02 3.279791056572423145e+02 2.940877907434816052e+02 4.440793596830620800e+02 3.514940775439125673e+02 3.541541180702611769e+02 3.064566484074833852e+02 4.083987317824390288e+02 3.253884710359158703e+02 3.723718295865550090e+02 3.217024375998321943e+02 3.142506902940542091e+02 2.547302416417605855e+02 3.206536651459886684e+02 3.375642679552009326e+02 4.468809220939166380e+02 2.748519484946939997e+02 3.309195081865371435e+02 3.281123565620012528e+02 2.655529519802600475e+02 3.486606947359086917e+02 3.878670101640762482e+02 3.614851717459677616e+02 2.828470072144813798e+02 3.317044714561143337e+02 2.779750692756397825e+02 2.331373216873579679e+02 3.688093253406134977e+02 2.186331113637378678e+02 4.238081645809050428e+02
4.632352941176470722e+02 1.873394839428854652e+02 1.391331598333134139e+02 2.218252680108080597e+02 1.540929229332843988e+02 1.287705760925044558e+02 1.448224730892377181e+02 1.618275255541852005e+02 4.475079843403246400e+02 2.134137473270414773e+02 2.847258057775200655e+02 5.723649436255669798e+02 4.017718722827179931e+02 3.257668806714452217e+02 2.559433728601121629e+02 6.865077047178157272e+02 4.718937425799269363e+02 6.522402770455091741e+02 2.484171947684671125e+02 6.460434611499415496e+02 2.557958991197906755e+02 2.678809640729142529e+02 3.636627803509290970e+02 5.904777894311420141e+02 5.944906270726272624e+02 2.557483574646335001e+02 2.368884863011125788e+02 2.716583006975473040e+02 4.232265029121189741e+02 3.735524606382232378e+02 6.603274157086783589e+02 1.564416426082882765e+02 1.617041841624219671e+02 3.769038630999543784e+02 4.871568669145675017e+02 3.770339106610670115e+02 1.654707437595195074e+02 2.537072693952895008e+02 4.980020146998706991e+02 1.882766734387446377e+02 2.199298477102847471e+02 6.163307632001175307e+02 2.628926087939574359e+02 2.907387393340934523e+02 3.066756274640520132e+02 2.785639817169038679e+02 4.151717668462893016e+02 1.427610367935949967e+02 2.574509290289798287e+02 1.703389337067365261e+02 2.320661550981813832e+02 4.853048558056780735e+02 3.574920207482692831e+02 2.879263403118132487e+02 3.500830498244328624e+02 1.511414163960093617e+02 1.980191199911541844e+02 2.927429689077977173e+02 4.702610506441839107e+02 2.461848534954999934e+02 3.963818973612705463e+02 3.854400171213278554e+02 2.995478314736321295e+02 3.701187631443368105e+02 6.919335107296193428e+02 4.378504283097564098e+02 7.804562180007915231e+02 6.944955489125752592e+02 3.365168904269604582e+02 4.154619629089160071e+02 3.717174548863343375e+02 7.016225841173131812e+02 1.768806710096247059e+02 2.003275969911206289e+02 3.661803096726486615e+02 2.404169217211796763e+02 2.295651468708764753e+02 2.143701262318769238e+02 3.145388601895444936e+02 3.649648826111102835e+02 2.800712650419852707e+02 2.453779573545907056e+02 2.923191783996684876e+02 2.627846390575755322e+02 3.979178306485499661e+02 3.138148936239887234e+02 3.161769051676432127e+02 2.735084870550873575e+02 3.668991762240780758e+02 2.909550494639988756e+02 3.327328777373596154e+02 2.866225422485134118e+02 2.809650801243731166e+02 2.266420177808938092e+02 2.866099052666033913e+02 3.020391722006227155e+02 4.024143626278258239e+02 2.448501510471395477e+02 2.951682508538138450e+02 2.926359457758665599e+02 2.367464007267914212e+02 3.109469503943558379e+02 3.482965925984439082e+02 3.241234460854478243e+02 2.522695534196555798e+02 2.971859966343890846e+02 2.471432082705761957e+02 2.071975077944357793e+02 3.294349954997562691e+02 1.940332944682156153e+02 3.797728423243575548e+02
4.641176470588235361e+02 1.655303189906341856e+02 1.224208637269555879e+02 1.970861716721175583e+02 1.361877452536197666e+02 1.134374891085838328e+02 1.274578235423362429e+02 1.434045057139776134e+02 4.025162162720640708e+02 1.899178230300966845e+02 2.541368156492619050e+02 5.180460982866561608e+02 3.610040084443756427e+02 2.917415578868612442e+02 2.283118279136014337e+02 6.240720492277043832e+02 4.249898793740084670e+02 5.917432857961001673e+02 2.214190820890082136e+02 5.860352528725888988e+02 2.282614924951364515e+02 2.386400975136571674e+02 3.262532502663726746e+02 5.342064738146622176e+02 5.387896983307375649e+02 2.271103934709990710e+02 2.111024583111384345e+02 2.419748978193284756e+02 3.805488264044255402e+02 3.353505890532637750e+02 5.992692329727901779e+02 1.385668724826812479e+02 1.433005739828313949e+02 3.371604395945670944e+02 4.393252410131178749e+02 3.383249427612176987e+02 1.463773153556219881e+02 2.258125604710164964e+02 4.496021195791597620e+02 1.663443844111446026e+02 1.958497638120350075e+02 5.592639771366057175e+02 2.348522157987470393e+02 2.593336996644175656e+02 2.733920381112749851e+02 2.483298065871439348e+02 3.729405851607243108e+02 1.256753337266642774e+02 2.294767554035452122e+02 1.510765814374297520e+02 2.068457273905953286e+02 4.364013257729390034e+02 3.202510642809995716e+02 2.564909909090430347e+02 3.134886214047110116e+02 1.334474916012123913e+02 1.757127189128461566e+02 2.612698319866482279e+02 4.241360067477977509e+02 2.195896967618101030e+02 3.559131080128116764e+02 3.460732186601010199e+02 2.666937697714375872e+02 3.313068908121806544e+02 6.283469560772419982e+02 3.940189890134605548e+02 7.116566803709770284e+02 6.307582122114467893e+02 3.012822245415683255e+02 3.734145198864008535e+02 3.335095414136599743e+02 6.373763929706721001e+02 1.566397620581097385e+02 1.777217569469665079e+02 3.285794944319998194e+02 2.143578633355698742e+02 2.041686178121612159e+02 1.907361589534961581e+02 2.803021041545741241e+02 3.273498686409610627e+02 2.497350757688119529e+02 2.184481363351419532e+02 2.601491034822141728e+02 2.344620831777311878e+02 3.560174424023624056e+02 2.797564783542709961e+02 2.818507014950871508e+02 2.437385436259521612e+02 3.291166517229092392e+02 2.597754798394544764e+02 2.968686192810905595e+02 2.549886296618956294e+02 2.508286573964769843e+02 2.013525324813368229e+02 2.557969390513031556e+02 2.698469516863722788e+02 3.618195458298039284e+02 2.177993699994568715e+02 2.628872524547716125e+02 2.606066720291790944e+02 2.107507204099889861e+02 2.768996895228483481e+02 3.122893129665889091e+02 2.901846120688374526e+02 2.246626262802381575e+02 2.658585510018843365e+02 2.194064886078956818e+02 1.838721055126203225e+02 2.938243770795218666e+02 1.719481498131973751e+02 3.398000759038870342e+02
4.650000000000000000e+02 1.460494525410574624e+02 1.075626038135125668e+02 1.748502848793768294e+02 1.201896597866704610e+02 9.978739490465686401e+01 1.120153934264961464e+02 1.268944308167160386e+02 3.615020551046891342e+02 1.687607546000633647e+02 2.264987527640011820e+02 4.681642958284281235e+02 3.238851407875471295e+02 2.608805143506577338e+02 2.033627398199732568e+02 5.664366710570336636e+02 3.821691792917814041e+02 5.360306895787301755e+02 1.970644209126091084e+02 5.307824819337770350e+02 2.033899977087612285e+02 2.122783226512935926e+02 2.922536293516029673e+02 4.825584772642008033e+02 4.875575206724496979e+02 2.013849722449401725e+02 1.878463371509909621e+02 2.152179653564452053e+02 3.416593147668489223e+02 3.006038313225425327e+02 5.430185990369982392e+02 1.225565686034113639e+02 1.268071960251582055e+02 3.011594188214536416e+02 3.955887876316571692e+02 3.031351676490203886e+02 1.293000140222156631e+02 2.006898511641296352e+02 4.052884897877441972e+02 1.467553897436599755e+02 1.741498933436287757e+02 5.066991147641114139e+02 2.094917878534669740e+02 2.309795691659197701e+02 2.433615536970572180e+02 2.210508841644631559e+02 3.345017916115702974e+02 1.104766893913670032e+02 2.042408843713441513e+02 1.337975990154903911e+02 1.840946133320511535e+02 3.918345290290492926e+02 2.864615130319342597e+02 2.281516107930396515e+02 2.803009741291522801e+02 1.176556293958822437e+02 1.556920407517954459e+02 2.328357601978654259e+02 3.819544558978512896e+02 1.955785265095612999e+02 3.190963277450207443e+02 3.102607996342945853e+02 2.370943424355631066e+02 2.961232979516890396e+02 5.697229369398677363e+02 3.540401609077659941e+02 6.479101322620609835e+02 5.719857081220646933e+02 2.693348807740088660e+02 3.351175369155128010e+02 2.987806690518535788e+02 5.781184492956090253e+02 1.385141384849776500e+02 1.574374039769062961e+02 2.943978676389306770e+02 1.908416029364035751e+02 1.813157018359239032e+02 1.694589400814491000e+02 2.494241493205785787e+02 2.931721392994138000e+02 2.223564061083132515e+02 1.941882290970303302e+02 2.311796909952441581e+02 2.088831359893245008e+02 3.180553422352901976e+02 2.490268979089237860e+02 2.508809406617247930e+02 2.168890888705476527e+02 2.947828746025190867e+02 2.315940476643496879e+02 2.644788831977328414e+02 2.265135547592503826e+02 2.235934729888383856e+02 1.786236366982576840e+02 2.279591925394845191e+02 2.407285906297535973e+02 3.248298972270617355e+02 1.934532260104173247e+02 2.337924402509680135e+02 2.317419187293698428e+02 1.873340031201867646e+02 2.462180726312546426e+02 2.795857502750359913e+02 2.594124219097348600e+02 1.997827578514724678e+02 2.374798020390787201e+02 1.944986595313124553e+02 1.629349203322302628e+02 2.616764384785482207e+02 1.521556467722825801e+02 3.035823369249993675e+02
4.658823529411765207e+02 1.286781268814234238e+02 9.437489104921493777e+01 1.548994604952013106e+02 1.059200540810133759e+02 8.765609427436974954e+01 9.830549886079319322e+01 1.121243599056413416e+02 3.241838592691286749e+02 1.497434818777552152e+02 2.015718522574056237e+02 4.224459606605117301e+02 2.901515867128696300e+02 2.329406844560824936e+02 1.808760905900339253e+02 5.133384976719669339e+02 3.431498996004288529e+02 4.848250752724332528e+02 1.751336212810665245e+02 4.800083182535367996e+02 1.809642353165418740e+02 1.885544908132694104e+02 2.614101554670225482e+02 4.352456688817010217e+02 4.405277195962061683e+02 1.783164085652450410e+02 1.669093324346271459e+02 1.911419163609553209e+02 3.062879550885290882e+02 2.690582590180043780e+02 4.912991516816936723e+02 1.082410976508282658e+02 1.120514449966887724e+02 2.686077158613171036e+02 3.556728674763833737e+02 2.712037812163102330e+02 1.140522553791357296e+02 1.781038014976999193e+02 3.647936948840829245e+02 1.292892833250887179e+02 1.546297275529004764e+02 4.583764054870721338e+02 1.865966161600768487e+02 2.054258491995407212e+02 2.163146488822682727e+02 1.964823424686168778e+02 2.995798693768114163e+02 9.697945439893142350e+01 1.815159328043911842e+02 1.183247871872467698e+02 1.636076969496127163e+02 3.512958292858160121e+02 2.558596736422094864e+02 2.026487871119907709e+02 2.502579889541274270e+02 1.035854212791765576e+02 1.377542666764019827e+02 2.071934766523213796e+02 3.434525773680125553e+02 1.739391366516628352e+02 2.856641193310960034e+02 2.777422569415140288e+02 2.104744960785399996e+02 2.642870065956003032e+02 5.157811310070362651e+02 3.176437732036099533e+02 5.889654616712573443e+02 5.178986476424132661e+02 2.404210699996303049e+02 3.003015355455106032e+02 2.672723645039212101e+02 5.235698724671017317e+02 1.223108373841958638e+02 1.392679050301322548e+02 2.633819473678518079e+02 1.696579787555714915e+02 1.607879717138374929e+02 1.503373721377228378e+02 2.216251682012103856e+02 2.621748676599373198e+02 1.976911394566370177e+02 1.723723304196293213e+02 2.051387359798896455e+02 1.858234901110089652e+02 2.837239757784954008e+02 2.213503532971652987e+02 2.229893588530430293e+02 1.927168236189728248e+02 2.636406176344867731e+02 2.061683393918528964e+02 2.352795600488739183e+02 2.009272363706994611e+02 1.990245307593194752e+02 1.582319690220301709e+02 2.028545964496730676e+02 2.144381769618545945e+02 2.911882266736731140e+02 1.715800428702054035e+02 2.076159848772441592e+02 2.057752849750431778e+02 1.662778331195478927e+02 2.186185527185120634e+02 2.499374633088072528e+02 2.315623789978395166e+02 1.774004387688292752e+02 2.118189725900487872e+02 1.721703756181709934e+02 1.441742843814754735e+02 2.327064780261602834e+02 1.344485902308100833e+02 2.708266334672886728e+02
4.667647058823529278e+02 1.132139912911704016e+02 8.268924764462730082e+01 1.370298080266359761e+02 9.321363711419213871e+01 7.689250917418067388e+01 8.615389917488253957e+01 9.893346740962358865e+01 2.902909934624814809e+02 1.326793578198846149e+02 1.791298866225634185e+02 3.806233372492132503e+02 2.595506499231988187e+02 2.076910145725624091e+02 1.606445513988227560e+02 4.645158950543680021e+02 3.076603860677690818e+02 4.378526718098892729e+02 1.554201089260107835e+02 4.334397090035353699e+02 1.607793949510076175e+02 1.672420019460346339e+02 2.334805911425605984e+02 3.919864522380748895e+02 3.974384032430000389e+02 1.576659721580370785e+02 1.480932275020210227e+02 1.695160400685308559e+02 2.741755180638135130e+02 2.404710691562199543e+02 4.438378363402184732e+02 9.546284824396913393e+01 9.887279245683730267e+01 2.392274398519141698e+02 3.193116752636811952e+02 2.422816784509531089e+02 1.004610856217732504e+02 1.578336726993499894e+02 3.278580686814958653e+02 1.137422227625175140e+02 1.371010013592901942e+02 4.140393186716484593e+02 1.659637393031679267e+02 1.824365200899376021e+02 1.919976842370755890e+02 1.743937460846580052e+02 2.679109761554257716e+02 8.501301768794253633e+01 1.610879871212233923e+02 1.044930949377076956e+02 1.451920220536074453e+02 3.144888527808154777e+02 2.281947028687316958e+02 1.797387689582849077e+02 2.231105465872796856e+02 9.107021047857337237e+01 1.217103067443539999e+02 1.841097189267550220e+02 3.083749521364873090e+02 1.544715978587284724e+02 2.553606432461061786e+02 2.482684110589717648e+02 1.865760814524639670e+02 2.355312064367988967e+02 4.662439088649463770e+02 2.845698840388147914e+02 5.345694730229857896e+02 4.682201870988606629e+02 2.142997042003319166e+02 2.687080761613217419e+02 2.387378370311870412e+02 4.734540676702495148e+02 1.078506322499079175e+02 1.230206939236392287e+02 2.352896349504338218e+02 1.506091532705378597e+02 1.423808690640418035e+02 1.331829621503510452e+02 1.966420245290529749e+02 2.341130158326650985e+02 1.755094381309160099e+02 1.527884519893963216e+02 1.817709821757080420e+02 1.650716812611780142e+02 2.527316226716117740e+02 1.964673014857377211e+02 1.979141184777653280e+02 1.709929587128329160e+02 2.354444040101929545e+02 1.832694830154366343e+02 2.090028161133592164e+02 1.779765921008600174e+02 1.769000188395501993e+02 1.399687968098541262e+02 1.802547962621191004e+02 1.907432094018774364e+02 2.606476417313978118e+02 1.519627823299128977e+02 1.841063369499687212e+02 1.824566144666831349e+02 1.473772763881546553e+02 1.938348969845928025e+02 2.231076170648495349e+02 2.064022220875419862e+02 1.573001479013208836e+02 1.886572288808268638e+02 1.521889488061094653e+02 1.273928195256926585e+02 2.066462984689783298e+02 1.186342890211922878e+02 2.412550231158168685e+02
4.676470588235293917e+02 9.947045773604871499e+01 7.235142067385591247e+01 1.210514209558075009e+02 8.191792790767834731e+01 6.735804502746971423e+01 7.540100154824969536e+01 8.717268424515097536e+01 2.595646352586311991e+02 1.173939974698268429e+02 1.589602264123602993e+02 3.424359305957087258e+02 2.318412753826148958e+02 1.849127720292067636e+02 1.424734846188685538e+02 4.197105866209504939e+02 2.754400005748436797e+02 3.948451023474621593e+02 1.377302734723883191e+02 3.908091183774309911e+02 1.426430647430852900e+02 1.481287028431489432e+02 2.082346995748680172e+02 3.525072300039635707e+02 3.580337128037893422e+02 1.392115152717717592e+02 1.312123187258844439e+02 1.501243878623159844e+02 2.450742906936951044e+02 2.146111308008377705e+02 4.003666914229858662e+02 8.407585264322304397e+01 8.712243645995404506e+01 2.127561646848853059e+02 2.862492864812908806e+02 2.161319801189884515e+02 8.836669607064020227e+01 1.396731606775924206e+02 2.942308387785955119e+02 9.992626897180923606e+01 1.213875792310130208e+02 3.734362292653121358e+02 1.474020461243174509e+02 1.617900409915378361e+02 1.701728602885270618e+02 1.545690519438441015e+02 2.392435839654542633e+02 7.442104592285843978e+01 1.427565482590811428e+02 9.214928928834190458e+01 1.286667375854621582e+02 2.811303423126460643e+02 2.032289720582456027e+02 1.591933587342216754e+02 1.986228646951786345e+02 7.995652051608423960e+01 1.073844496838890166e+02 1.633652740094503883e+02 2.764755819268743267e+02 1.369882450952460999e+02 2.279422471739179343e+02 2.216019781805419484e+02 1.651576867252344130e+02 2.096035804922553893e+02 4.208382309791596754e+02 2.545695961207972573e+02 4.844691285723929468e+02 4.226779258280902809e+02 1.907426997075084785e+02 2.400904443959101116e+02 2.129424739321339359e+02 4.274986647945034974e+02 9.496760001350975244e+01 1.085169069644932591e+02 2.098907224507158560e+02 1.335095831512277300e+02 1.259034955925053367e+02 1.178196577103687019e+02 1.742281877329224073e+02 2.087538071527592649e+02 1.555957041085192145e+02 1.352383840681616789e+02 1.608379192762106413e+02 1.464291078639807324e+02 2.248026973366436323e+02 1.741344055705450842e+02 1.754097475870894129e+02 1.515031440701301051e+02 2.099609905353110264e+02 1.626822229339256580e+02 1.853971158537329131e+02 1.574253088622423036e+02 1.570113639051002110e+02 1.236397247216495856e+02 1.599451939018429698e+02 1.694247191755694075e+02 2.329722463227727189e+02 1.343988310166061524e+02 1.630280943303774563e+02 1.615518486713678783e+02 1.304407428639735258e+02 1.716180341982490347e+02 1.988714100882149864e+02 1.837122220241488719e+02 1.392802263627464185e+02 1.677878980382963050e+02 1.343379731135226223e+02 1.124070913088905002e+02 1.832442039486953149e+02 1.045341285723249598e+02 2.146049134392991391e+02
4.685294117647059124e+02 8.727598146289207648e+01 6.322057773168928918e+01 1.067879998853242682e+02 7.189268033093560462e+01 5.892592080492006801e+01 6.590104071958239729e+01 7.670426896810822370e+01 2.317583542562335026e+02 1.037250242748373950e+02 1.408637373473294474e+02 3.076317074021589519e+02 2.067944985799286712e+02 1.643997092878432795e+02 1.261808234659609269e+02 3.786692979698778458e+02 2.462398353679826357e+02 3.555408752799047534e+02 1.218832929779702567e+02 3.518559888003180163e+02 1.263751330884753230e+02 1.310166561096987436e+02 1.854545587135539506e+02 3.165436155955016488e+02 3.220651409694735321e+02 1.227470001555829668e+02 1.160932314161557599e+02 1.327655288785268795e+02 2.187486043629112942e+02 1.912593464166140222e+02 3.606243766278614089e+02 7.394534748617930120e+01 7.666287325673948772e+01 1.889470200265357107e+02 2.562404772596639759e+02 1.925303614474080121e+02 7.762187095686408611e+01 1.234301117410846160e+02 2.636710389267093433e+02 8.766866229345080797e+01 1.073252497512488759e+02 3.363218300492100070e+02 1.307322494881746877e+02 1.432792040766895241e+02 1.506180089449802608e+02 1.368064224917918352e+02 2.133389385735325448e+02 6.506069242310772438e+01 1.263343500099853571e+02 8.115157124645001829e+01 1.138629385716685505e+02 2.509507599719433699e+02 1.807382706066208016e+02 1.407996556776340924e+02 1.765726635436895720e+02 7.010342474056689355e+01 9.461395462520474098e+01 1.447548861330391219e+02 2.475186866716888971e+02 1.213135624046570058e+02 2.031778675595330697e+02 1.975179544171086263e+02 1.459943305014531916e+02 1.862664423084866314e+02 3.792972668955845847e+02 2.274056621002748386e+02 4.384135264834914096e+02 3.810055461342508920e+02 1.695351189145933404e+02 2.142141448929283172e+02 1.896641666375428201e+02 3.854371778329373228e+02 8.350860503916113942e+01 9.559094469466322153e+01 1.869672137195216237e+02 1.181858706729200179e+02 1.111783005518592660e+02 1.040835853428881848e+02 1.541534932312880244e+02 1.858770186734162735e+02 1.377484230511250018e+02 1.195374301466599576e+02 1.421174436587761534e+02 1.297099208821410343e+02 1.996778616247810021e+02 1.541243263738437861e+02 1.552469350012801499e+02 1.340472560579521257e+02 1.869696630076438453e+02 1.442048513540630950e+02 1.642270769771071741e+02 1.390534736861150975e+02 1.391631654224325700e+02 1.090643094333232455e+02 1.417248521389212499e+02 1.502772522803199706e+02 2.079376354136200860e+02 1.186996860253532589e+02 1.441617258021443888e+02 1.428427531045028900e+02 1.152897233820711307e+02 1.517357518107216094e+02 1.770163274593053586e+02 1.632853191072562993e+02 1.231526401631300018e+02 1.490165461308527028e+02 1.184168384615761482e+02 9.904717550556439676e+01 1.622648203867212828e+02 9.198306160393127584e+01 1.906291645992768622e+02
4.694117647058823195e+02 7.647330312588972845e+01 5.516848604721077720e+01 9.407639253320431294e+01 6.300927455998778015e+01 5.148048023988725674e+01 5.752124155516741411e+01 6.740133187326217978e+01 2.066384936301672326e+02 9.152173977193693588e+01 1.246545741766798869e+02 2.759680542431685240e+02 1.841937195707482431e+02 1.459580689563021849e+02 1.115968396320545253e+02 3.411451698516917759e+02 2.198232029096233191e+02 3.196866238705405863e+02 1.077108535956339779e+02 3.163279644328349605e+02 1.118075790017736324e+02 1.157217992135127815e+02 1.649347002231665726e+02 2.838413962642817410e+02 2.892926035542856766e+02 1.080819240874162404e+02 1.025746452538334665e+02 1.172521951884972111e+02 1.949751733170440389e+02 1.702088444161890948e+02 3.243574382775351523e+02 6.494728565738905957e+01 6.736742362018223673e+01 1.675686080360953554e+02 2.290513332307855023e+02 1.712652164558027721e+02 6.809139288271926205e+01 1.089261328526213788e+02 2.359482003648919317e+02 7.681105050087228392e+01 9.476141578302109281e+01 3.024583140274042989e+02 1.157867468896367882e+02 1.267108686105036668e+02 1.331262681493651598e+02 1.209179265939178691e+02 1.899713097004011217e+02 5.680178793764882528e+01 1.116470724303755446e+02 7.136911777830225390e+01 1.006234035932468487e+02 2.236946882620858048e+02 1.605118369604664963e+02 1.243596980292129359e+02 1.567511643604711082e+02 6.138188915902551912e+01 8.324854645663228325e+01 1.280870256452508045e+02 2.212793012427346753e+02 1.072839519301018356e+02 1.808492439215145282e+02 1.758038271454737185e+02 1.288770257393524048e+02 1.652967127769171896e+02 3.413617657387703730e+02 2.028528889318127995e+02 3.961556247676532507e+02 3.429441880967931411e+02 1.504751593375975176e+02 1.908572041946882507e+02 1.686934587792501077e+02 3.470104055953273701e+02 7.333273580835368932e+01 8.408995559644596085e+01 1.663134780515324564e+02 1.044765147138435566e+02 9.804067599016381962e+01 9.182270371199415138e+01 1.362037744367662526e+02 1.652751082305528030e+02 1.217798783292890192e+02 1.055140508547323464e+02 1.254034008060919518e+02 1.147408003390202964e+02 1.771139510656064431e+02 1.362253855164057370e+02 1.372121787086130098e+02 1.184390803982853555e+02 1.662623756265017789e+02 1.276490059912956383e+02 1.452731879284576451e+02 1.226570981900324711e+02 1.231729897086547680e+02 9.607558257477045061e+01 1.254062684840636592e+02 1.331087087551150887e+02 1.853312141171951737e+02 1.046905309518544414e+02 1.273031768876451792e+02 1.261265160527889151e+02 1.017584485096063247e+02 1.339722656219185239e+02 1.573422374866754581e+02 1.449271080134193426e+02 1.087426382873395028e+02 1.321609067359674725e+02 1.042401536701937772e+02 8.715614586076789294e+01 1.434887901175646050e+02 8.082903732424185250e+01 1.690960270728633361e+02
4.702941176470587834e+02 6.691865745961634104e+01 4.807868965659046268e+01 8.276606910410484375e+01 5.515008094926073312e+01 4.491649541977263027e+01 5.014097699323750845e+01 5.914731777063450124e+01 1.839843793775595771e+02 8.064471275867217059e+01 1.101598627451327133e+02 2.472125247771002137e+02 1.638348171369150066e+02 1.294064743849018271e+02 9.856381902361843572e+01 3.068989163885790390e+02 1.959659512466307376e+02 2.870381071936690773e+02 9.505678822359722346e+01 2.839818767473267371e+02 9.878417733230310205e+01 1.020735152390652161e+02 1.464821092483004747e+02 2.541572774230269260e+02 2.594853003200598209e+02 9.504067925416995877e+01 9.050692956600256878e+01 1.034108406268909164e+02 1.735432665690112799e+02 1.512650301119713276e+02 2.913213436855108398e+02 5.696781149527316757e+01 5.911971863052241360e+01 1.484047785921586353e+02 2.044596647017350790e+02 1.521376769328515763e+02 5.965141404527805236e+01 9.599612289918330532e+01 2.108428509743347092e+02 6.720868941309574041e+01 8.355472217261547030e+01 2.716163303498931327e+02 1.024093814221360645e+02 1.119055870247031521e+02 1.175056431320282684e+02 1.067291410949589618e+02 1.689280970042309207e+02 4.952602722368034449e+01 9.853296973441206319e+01 6.268158785222905749e+01 8.880225459923633480e+01 1.991210300530303527e+02 1.423522550128234911e+02 1.096899883322375615e+02 1.389629615745992055e+02 5.367409228038850699e+01 7.314987844749724388e+01 1.131835561839588991e+02 1.975436819938605026e+02 9.474741756320366903e+01 1.607509881117735802e+02 1.562596311535661755e+02 1.136122560308847653e+02 1.464857525478092271e+02 3.067811709916814493e+02 1.806983758378444236e+02 3.574537167645140130e+02 3.082435836279383352e+02 1.333740195186214805e+02 1.698103076201246324e+02 1.498335535388314952e+02 3.119675907075193777e+02 6.431070031097395656e+01 7.387327123383566629e+01 1.477362711111238980e+02 9.223158186293871097e+01 8.633848629719460632e+01 8.089638064849869181e+01 1.201803861450466542e+02 1.467531992654538726e+02 1.075157687090693912e+02 9.300942648338519803e+01 1.105050361528017646e+02 1.013606351273412969e+02 1.568837536650798654e+02 1.202411192669658533e+02 1.211073385480967346e+02 1.045058961514226326e+02 1.476437397931134683e+02 1.128393755956517452e+02 1.283314065388493646e+02 1.080475513066725881e+02 1.088710740453284984e+02 8.451951060816338668e+01 1.108150534461950798e+02 1.177400805461979161e+02 1.649523618793914181e+02 9.220974701460644951e+01 1.122633801357453649e+02 1.112152496240393447e+02 8.969345193509103353e+01 1.181276923313664042e+02 1.396613560714984033e+02 1.284557100554981730e+02 9.588832448104128048e+01 1.170507169701012629e+02 9.163710477384766762e+01 7.658951052812027172e+01 1.267123383714386051e+02 7.093238219456958404e+01 1.497889341725040140e+02
4.711764705882353041e+02 5.848096636566965145e+01 4.184569467503724383e+01 7.271855024417932611e+01 4.820780852917956594e+01 3.913847140557254534e+01 4.365093482445281836e+01 5.183546263231841067e+01 1.635883675638222314e+02 7.096532462424879384e+01 9.721929863229389923e+01 2.211433974199109116e+02 1.455261249636539844e+02 1.145757048026770661e+02 8.693567206583192331e+01 2.756997821456528754e+02 1.744566140419920828e+02 2.573610031056535377e+02 8.377664232051783699e+01 2.545845148246859537e+02 8.716012247794158441e+01 8.991413289308924561e+01 1.299161027258027730e+02 2.272594263889241404e+02 2.324223710876314044e+02 8.346185057016896280e+01 7.975172643866733324e+01 9.108111540756067370e+01 1.542547296344656047e+02 1.342455016372220769e+02 2.612813059547903549e+02 4.990271281007344584e+01 5.181315846949085113e+01 1.312542944920584773e+02 1.822552586306609612e+02 1.349614962082241618e+02 5.218880817392224003e+01 8.448774160506140163e+01 1.881468462884587893e+02 5.872962569538672994e+01 7.357462266889881164e+01 2.435757422425034520e+02 9.045512853998327785e+01 9.869715598707692550e+01 1.035784874393995239e+02 9.407868280261610039e+01 1.500097849792610987e+02 4.312616038491739090e+01 8.684241839325557066e+01 5.497859510767327151e+01 7.826455520483250439e+01 1.770030443659231878e+02 1.260752356907739795e+02 9.662096144823033228e+01 1.230257819616568753e+02 4.687273433718534221e+01 6.419094507266026994e+01 9.987932605117941876e+01 1.761095556976215448e+02 8.356318617182266451e+01 1.426905099961702490e+02 1.386978786057996729e+02 1.000213657116898816e+02 1.296390777681504005e+02 2.753145238712661467e+02 1.607415977646359977e+02 3.220726798390235217e+02 2.766629653081772062e+02 1.180556461257525172e+02 1.508767975292092842e+02 1.329001973111066945e+02 2.800673497370558493e+02 5.632419459776669868e+01 6.481180259481901373e+01 1.310546239660484389e+02 8.131230440589052932e+01 7.593153422955751353e+01 7.117492878764588227e+01 1.058996404784366518e+02 1.301289430847424171e+02 9.479475164070865389e+01 8.187695472823955356e+01 9.724637261945453304e+01 8.942013357684076880e+01 1.387756660261063644e+02 1.059897471231200257e+02 1.067490953713997897e+02 9.208799196157306710e+01 1.309308952768556935e+02 9.961330747350994841e+01 1.132126617631994350e+02 9.505091863518998707e+01 9.609994874401841969e+01 7.425440700034972963e+01 9.778952668179600494e+01 1.040050943438382518e+02 1.466124476420839073e+02 8.110835722109649737e+01 9.886768162662956172e+01 9.793542243322973206e+01 7.895309262443716136e+01 1.040174337138420384e+02 1.237980893297746547e+02 1.137015290059616603e+02 8.444016645176211000e+01 1.035274459414528394e+02 8.045075792003663651e+01 6.721460553008236616e+01 1.117467611081286520e+02 6.216515088825677537e+01 1.325061770715153102e+02
4.720588235294117112e+02 5.104102861592764384e+01 3.637417141308266366e+01 6.380679887742955003e+01 4.208485075458136038e+01 3.405996177266343494e+01 3.795229917589365698e+01 4.536823474145347035e+01 1.452557684048596229e+02 6.236527158375113800e+01 8.568468504216183135e+01 1.975500521672442176e+02 1.290882958544190728e+02 1.013083953428216546e+02 7.657747861026717828e+01 2.473262926336760756e+02 1.550964155834761300e+02 2.304315019100694997e+02 7.373719144547344229e+01 2.279132139086524091e+02 7.680160035803689311e+01 7.909836667868721349e+01 1.150681080682218322e+02 2.029278316986999471e+02 2.078933802745811192e+02 7.319748390710327612e+01 7.018147436096587910e+01 8.011530267272944172e+01 1.369238938179640286e+02 1.189798668199830018e+02 2.340129029181740066e+02 4.365685941747287302e+01 4.535035541710068685e+01 1.159303856586275714e+02 1.622399796288680989e+02 1.195628411474852015e+02 4.560051442236535735e+01 7.426082668562648337e+01 1.676635491065006249e+02 5.125387768201088079e+01 6.470090344970776641e+01 2.181262041673947181e+02 7.978971427922016346e+01 8.693209912432180886e+01 9.118092039985080532e+01 8.281767094600854762e+01 1.330297766693982453e+02 3.750519964349010849e+01 7.643742255268389840e+01 4.815916102229266471e+01 6.888585827485259472e+01 1.571282417218234286e+02 1.115093054370537544e+02 8.499637950483655402e+01 1.087701483180256758e+02 4.088034852278855880e+01 5.625547348188192842e+01 8.802167565270728744e+01 1.567862272997389539e+02 7.360126466118018129e+01 1.264878359713687530e+02 1.229433792225359525e+02 8.793990100674865573e+01 1.145759788130616670e+02 2.467311527818168884e+02 1.427943618448563257e+02 2.897850126764151923e+02 2.479717705633964897e+02 1.043564020173118649e+02 1.338725517053661349e+02 1.177214542332493750e+02 2.510784039036695958e+02 4.926525869424730786e+01 5.678741158748372442e+01 1.160996277485098034e+02 7.159063213319481633e+01 6.669099460348938635e+01 6.253909485488484421e+01 9.319218639065600485e+01 1.152322817588306663e+02 8.346792229121047058e+01 7.198170208695047734e+01 8.546553238840674283e+01 7.878137213566436969e+01 1.225932428846076476e+02 9.330356987136687508e+01 9.396834440086550444e+01 8.103811461095607172e+01 1.159532751392576557e+02 8.782035634124177648e+01 9.974228075309410713e+01 8.350731487089834104e+01 8.471398757734496598e+01 6.515030594946244946e+01 8.618023681854897688e+01 9.174977751655993075e+01 1.301347404509937746e+02 7.124942901319822397e+01 8.695521285786193744e+01 8.612722393285149280e+01 6.940701507952077520e+01 9.147150275876317949e+01 1.095887870553445538e+02 1.005069329685476305e+02 7.426045255699273184e+01 9.144395094572143989e+01 7.053733250354260065e+01 5.890996174194234669e+01 9.841782916778684864e+01 5.441045747512942654e+01 1.170604806547522969e+02
4.729411764705882888e+02 4.449076559050691060e+01 3.157821752167132701e+01 5.591465143774585300e+01 3.669267638562948264e+01 2.960293467931957778e+01 3.295599488287108869e+01 3.965681259196518482e+01 1.288047810186973834e+02 5.473609857101379106e+01 7.541949705238877755e+01 1.762333676926530472e+02 1.143541744022785878e+02 8.945874428310938242e+01 6.736506639531422991e+01 2.215670247711317131e+02 1.376992933958470928e+02 2.060369236058339482e+02 6.481598640435967695e+01 2.037564425139303808e+02 6.758538325247930345e+01 6.949280001439859689e+01 1.017814566439589186e+02 1.809546848648274420e+02 1.856988089353712326e+02 6.411239687291478617e+01 6.167896626914335911e+01 7.037777798866429180e+01 1.213774877127556380e+02 1.053095738191074986e+02 2.093027189557966778e+02 3.814367927195856112e+01 3.964261405801421034e+01 1.022603453649674776e+02 1.442278794082517379e+02 1.057800855572062773e+02 3.979292525397862335e+01 6.518684986862011499e+01 1.492080150247980157e+02 4.467267304842489750e+01 5.682323754346255384e+01 1.950677450088740272e+02 7.028926029900208050e+01 7.646917928451104274e+01 8.016227136510917717e+01 7.280923098736643340e+01 1.178142498963531750e+02 3.257568573423068159e+01 6.719114182929857293e+01 4.213120312025617409e+01 6.055178113953561336e+01 1.392982920550159918e+02 9.849550610371288428e+01 7.467277261951711864e+01 9.603906281916204080e+01 3.560866049163570324e+01 4.923735366544836722e+01 7.746999070922508679e+01 1.393946950281310535e+02 6.474203058976726766e+01 1.119754408871097127e+02 1.088330711488651588e+02 7.721698227238827883e+01 1.011291620149924313e+02 2.208113886576255140e+02 1.266807740135311775e+02 2.603718976697732046e+02 2.219503637923261294e+02 9.212475554488943885e+01 1.186258720465724110e+02 1.041375043008295762e+02 2.247803192361909055e+02 4.303567414132459135e+01 4.969232291050227701e+01 1.027142452292146402e+02 6.294880885011842508e+01 5.849887981746552157e+01 5.487958357098136730e+01 8.190241563194679486e+01 1.019052271462197581e+02 7.339832894924876427e+01 6.319989039005276510e+01 7.501410155402194846e+01 6.931737053326695275e+01 1.081547762631207945e+02 8.202841178491756580e+01 8.260962405268797681e+01 7.122096347250902681e+01 1.025523913055116054e+02 7.732185417972618779e+01 8.775945505968894622e+01 7.327023705838568901e+01 7.457898972239995317e+01 5.708837852269618907e+01 7.584952419793962974e+01 8.083205837350675438e+01 1.153543233183797128e+02 6.250751637622326484e+01 7.637830239086937922e+01 7.564397738796130000e+01 6.093565315213724176e+01 8.033389650102228075e+01 9.688150866012850315e+01 8.872595024555091925e+01 6.522278388111102743e+01 8.066416150572457866e+01 6.176551808541960042e+01 5.156471282898677089e+01 8.656523022488772767e+01 4.756185079489365108e+01 1.032786048658335716e+02
4.738235294117646959e+02 3.873223916890813001e+01 2.738047093237218377e+01 4.893594342005835784e+01 3.195103064522043468e+01 2.569699440499327281e+01 2.858177398230899158e+01 3.462035144082435778e+01 1.140657176540068605e+02 4.797843045454320787e+01 6.629802458350384597e+01 1.570051761268221355e+02 1.011680426020117949e+02 7.889173190202254204e+01 5.918421180809010451e+01 1.982202484221274119e+02 1.220911669916153954e+02 1.839752533274089785e+02 5.690053929984343739e+01 1.819133492944700663e+02 5.939804976316998619e+01 6.097497638570484213e+01 8.991060955779701658e+01 1.611437864005090717e+02 1.656495811786720367e+02 5.608314306261667070e+01 5.413656445742634560e+01 6.174408423971036797e+01 1.074538850224448510e+02 9.308716097399879175e+01 1.869479001485620131e+02 3.328443173278544265e+01 3.460919993853523380e+01 9.008454752018535316e+01 1.280445353962975048e+02 9.346302727330208882e+01 3.468106681282393566e+01 5.714801212449064138e+01 1.326063818742224498e+02 3.888745729804090701e+01 4.984042332338887604e+01 1.742103505393858143e+02 6.183953558986543442e+01 6.717849039732990946e+01 7.038408984217792863e+01 6.392758936157785854e+01 1.042013594813681152e+02 2.825879749775335625e+01 5.898704969166655587e+01 3.681079673102465222e+01 5.315724576822764647e+01 1.233281695544660579e+02 8.688655461959395154e+01 6.551846314201235089e+01 8.468716313949541075e+01 3.097776639554096434e+01 4.303980231491076580e+01 6.809481442307702537e+01 1.237670102940484185e+02 5.687546048744920313e+01 9.899745972974724850e+01 9.621525736454040612e+01 6.771425829080975234e+01 8.914383187344854775e+01 1.973461365795966174e+02 1.122365133349967863e+02 2.336229884223494082e+02 1.983896221092368819e+02 8.122044739366018007e+01 1.049767218503568671e+02 9.199985999183763852e+01 2.009631007103548086e+02 3.754613442253205591e+01 4.342826851599424032e+01 9.075254364950345121e+01 5.527860003011461743e+01 5.124718508126106542e+01 4.809627773415103036e+01 7.188742344128669970e+01 9.000107409326965069e+01 6.446007560359073807e+01 5.541803323467581066e+01 6.575608073611803661e+01 6.091128349833671507e+01 9.529227278543550028e+01 7.202259886176959469e+01 7.253009084989170674e+01 6.251228180427990821e+01 9.058104892035889577e+01 6.799005346297975905e+01 7.711621159847960882e+01 6.420551392684058101e+01 6.557134536198093144e+01 4.996003533931737195e+01 6.667065135521204411e+01 7.112090987516241114e+01 1.021173759559864891e+02 5.476775591388383901e+01 6.700146205478397121e+01 6.635112841317513244e+01 5.342939299749615856e+01 7.046151528886828430e+01 8.553525365933803926e+01 7.822347173378889806e+01 5.721120477251204761e+01 7.106230297991933753e+01 5.401545720925155791e+01 4.507772465088516611e+01 7.604153598492489152e+01 4.152243543683449190e+01 9.100036944435804287e+01
4.747058823529412166e+02 3.367713701986639308e+01 2.371158299315549911e+01 4.277417008279427080e+01 2.778752088051673041e+01 2.227893306182596334e+01 2.475767710531584243e+01 3.018564569528378172e+01 1.008812690818763116e+02 4.200171538157054130e+01 5.820518989797883336e+01 1.396890531633798105e+02 8.938579840187112779e+01 6.948309827072594658e+01 5.193044862079726443e+01 1.770951737126486591e+02 1.081102962634202527e+02 1.640562045297119482e+02 4.988809986718028000e+01 1.621947959348296138e+02 5.213580931949502428e+01 5.343313192809694812e+01 7.932123883213884596e+01 1.433113371563002545e+02 1.475679605074718665e+02 4.899759316960574296e+01 4.745597813843832569e+01 5.410065325037854223e+01 9.500333846416801009e+01 8.217636754926810738e+01 1.667572501248609456e+02 2.900786504824488787e+01 3.017700310329459157e+01 7.925635073502132855e+01 1.135275004546390534e+02 8.247298092104486500e+01 3.018818925231785855e+01 5.003694657349785757e+01 1.176964023759882565e+02 3.380937305269915072e+01 4.366014854347591978e+01 1.553749745040149719e+02 5.433582849136757176e+01 5.894123538217118607e+01 6.171987749349575125e+01 5.605783130677895798e+01 9.204140328571348562e+01 2.448382985067631523e+01 5.171870266637844082e+01 3.212185183870445115e+01 4.660627001977272243e+01 1.090464242876527408e+02 7.654683793724480267e+01 5.741327551356614123e+01 7.458068963451458444e+01 2.691569147248499760e+01 3.757500735434273764e+01 5.977765570510984361e+01 1.097467277587801249e+02 4.990094108417950736e+01 8.740982545489366373e+01 8.494973072549780113e+01 5.930557138709141185e+01 7.847763420107300192e+01 1.761380680354276933e+02 9.930911899261322162e+01 2.093380180490339342e+02 1.770921339420401921e+02 7.151445682942102167e+01 9.277692941566394325e+01 8.117144789091491930e+01 1.794284235664062237e+02 3.271585028350025226e+01 3.790611845607712382e+01 8.007978147799711621e+01 4.848109105687193932e+01 4.483758397032167409e+01 4.209797303672817037e+01 6.301671313994778245e+01 7.938446634175042504e+01 5.653809191668791101e+01 4.853265855459491718e+01 5.756753651190970089e+01 5.345621284993509192e+01 8.385136470952703291e+01 6.315668759501080842e+01 6.359924085159222074e+01 5.479860171186587792e+01 7.990341737646880915e+01 5.970795583949175978e+01 6.767717718995103837e+01 5.619094346125584138e+01 5.757786540306764778e+01 4.366657715219182023e+01 5.852761579297201422e+01 6.249620725436389534e+01 9.028139217214045686e+01 4.792555043583045205e+01 5.870107846620717140e+01 5.812593371934609365e+01 4.678830326146972141e+01 6.172383108338986801e+01 7.542000430689186885e+01 6.887521419639828935e+01 5.011993475475154014e+01 6.252282575976712309e+01 4.717832711647852051e+01 3.935722637709854155e+01 6.671194309838124070e+01 3.620446906485965854e+01 8.007857557506203250e+01
4.755882352941176805e+02 2.924588569490666856e+01 2.050943542492820981e+01 3.734167325953068683e+01 2.413689545622368726e+01 1.929203958920748718e+01 2.141922501268048507e+01 2.628645657996222340e+01 8.910571630859209336e+01 3.672350275053204882e+01 5.103572778988591097e+01 1.241197189148260236e+02 7.887419252089578947e+01 6.111857172133810678e+01 4.550830589772521506e+01 1.580115117869179073e+02 9.560652717387768007e+01 1.461006899246573880e+02 4.368488295289539280e+01 1.444228271797184959e+02 4.570375599166504088e+01 4.676533767389711471e+01 6.988945589131047598e+01 1.272852888371434830e+02 1.312870113654566353e+02 4.275397405548509511e+01 4.154751925260779188e+01 4.734393067480351647e+01 8.388721073753735880e+01 7.245138387618425213e+01 1.485507084128103372e+02 2.524955257868917968e+01 2.627986786962920007e+01 6.964114423719858848e+01 1.005256090418332207e+02 7.268199141866999469e+01 2.624502233428892595e+01 4.375586722389816430e+01 1.043267912848613577e+02 2.935836552322715320e+01 3.819827295352696694e+01 1.383930454604780209e+02 4.768222528190735687e+01 5.164885717595408465e+01 5.405414294116688723e+01 4.909504251077406423e+01 8.119601788678630783e+01 2.118740588354551946e+01 4.528894083064533049e+01 2.799543304646092423e+01 4.081124568138649522e+01 9.629430237683973814e+01 6.735158159322639904e+01 5.024761364735237379e+01 6.559665363337772703e+01 2.335765170936440427e+01 3.276335613396223323e+01 5.241014146451622224e+01 9.718823454565101372e+01 4.372653399933668794e+01 7.707947578207317463e+01 7.490700462487664879e+01 5.187596910852417409e+01 6.899975634632920674e+01 1.570011129086701374e+02 8.775724478112952909e+01 1.873264960142696793e+02 1.578717015703756488e+02 6.288818908475123237e+01 8.188941246405299523e+01 7.152582966051025437e+01 1.599891403975147455e+02 2.847179158268793486e+01 3.304509160596717265e+01 7.057164793639351785e+01 4.246595223387024021e+01 3.918062803976975772e+01 3.680164648712733566e+01 5.517120861682880673e+01 6.993061160513694574e+01 4.952728125707842821e+01 4.244949557494733483e+01 5.033561431249616192e+01 4.685443443834445532e+01 7.369031068122117745e+01 5.531249823563842938e+01 5.569793299463684377e+01 4.797638469058736632e+01 7.039424796305839038e+01 5.236848817191126670e+01 5.931859757190376570e+01 4.911530816308562919e+01 5.049498026055919553e+01 3.811836123720222247e+01 5.131431984372908062e+01 5.484790366810298679e+01 7.971445116517053009e+01 4.188572303902576976e+01 5.136445646994773995e+01 5.085650792749392934e+01 4.092134756624631819e+01 5.400187147781737451e+01 6.641596121020533872e+01 6.056693886818203509e+01 4.385254849180899583e+01 5.493965369194627613e+01 4.115539687001813007e+01 3.432000649536393411e+01 5.845328504026086591e+01 3.152855655567107007e+01 7.037805296752136996e+01
4.764705882352940876e+02 2.536696959248688543e+01 1.771852194793703106e+01 3.255904830525614813e+01 2.094048972385359164e+01 1.668555696332309068e+01 1.850878300937460352e+01 2.286300812468717325e+01 7.860452001808778277e+01 3.206892872465493838e+01 4.469362937920134726e+01 1.101429125118478112e+02 6.951040838928120991e+01 5.369338829057096518e+01 3.983078587040740359e+01 1.407995971926924028e+02 8.444092991472632548e+01 1.299408191803599664e+02 3.820553093088422969e+01 1.284306628269004023e+02 4.001536037266727419e+01 4.087889867885461115e+01 6.150136106850922602e+01 1.129051901135855474e+02 1.166505444645859342e+02 3.726016346932203049e+01 3.632958297929452129e+01 4.137976049937696388e+01 7.397757290773068917e+01 6.379641879729931020e+01 1.321593740937314010e+02 2.195139224853742377e+01 2.285808990967793619e+01 6.111573366296894250e+01 8.889867140664624401e+01 6.397237830973637074e+01 2.278920883286240340e+01 3.821596432423795875e+01 9.235698542064933747e+01 2.546249484264871654e+01 3.337832111783125555e+01 1.231064810743056483e+02 4.179113061462078349e+01 4.520244339754001572e+01 4.728174618033779808e+01 4.294371281522699491e+01 7.153773200054968129e+01 1.831285625250121285e+01 3.960933188595019772e+01 2.436925413079010383e+01 3.569243695460024668e+01 8.492529655309151337e+01 5.918633751517191399e+01 4.392181339631687820e+01 5.762231610333284237e+01 2.024548306899702865e+01 2.853286445113241143e+01 4.589344157659162704e+01 8.595646718171532541e+01 3.826847038374847187e+01 6.788390694160742100e+01 6.596787593588184961e+01 4.532100341349600114e+01 6.059035791081189615e+01 1.397605224757188580e+02 7.745028479153785383e+01 1.674080324176568695e+02 1.405534091389056357e+02 5.523296620518815558e+01 7.218776213790755492e+01 6.294674438517519377e+01 1.424693679638850483e+02 2.474811610686221997e+01 2.877217051301014550e+01 6.211381729664037721e+01 3.715093108036748504e+01 3.419517137800164619e+01 3.213193350156524986e+01 4.824256436831885964e+01 6.152482057488164457e+01 4.333193192276858241e+01 3.708289834503911919e+01 4.395783626829182111e+01 4.101686967847340526e+01 6.467935650258826286e+01 4.838244329848788539e+01 4.871771139817299456e+01 4.195142250042926690e+01 6.193841350990826555e+01 4.587394759199678163e+01 5.192766921273396719e+01 4.287766959694376823e+01 4.422820008134215186e+01 3.323419296555533009e+01 4.493400790624433228e+01 4.807548278785768758e+01 7.029482864961387634e+01 3.656190920028434732e+01 4.488914554542467528e+01 4.444115157269143879e+01 3.574582614270800462e+01 4.718750321448732166e+01 5.841308498829801721e+01 5.319396094827328625e+01 3.832139613455825611e+01 4.821570079174577472e+01 3.585733507049823743e+01 2.989081753115764428e+01 5.115335256647598783e+01 2.742304666715978101e+01 6.177505366865813130e+01
4.773529411764706083e+02 2.197625461057542395e+01 1.528934732050655221e+01 2.835453334093264388e+01 1.814567644737838492e+01 1.441415341220931445e+01 1.597494162028967857e+01 1.986147727081830183e+01 6.925380396947529960e+01 2.797017824297543953e+01 3.909154276761661606e+01 9.761509331773420683e+01 6.118155225391642915e+01 4.711174770217093766e+01 3.481880459832946428e+01 1.253002977442269099e+02 7.448532131524515876e+01 1.154197067854498471e+02 3.337254370299355344e+01 1.140624926895443991e+02 3.499192275276200093e+01 3.568971814374846474e+01 5.405251481045227990e+01 1.000218569788363254e+02 1.035128796083806151e+02 3.243296632596540974e+01 3.172809730509100845e+01 3.612273657870590426e+01 6.515669844301896774e+01 5.610518547246397247e+01 1.174253253159691752e+02 1.906110263795521931e+01 1.985790790147630247e+01 5.356765724833390152e+01 7.851705629571097234e+01 5.623619690340903787e+01 1.976473793907332066e+01 3.333677032942197371e+01 8.165675963030874129e+01 2.205725403067247115e+01 2.913094940310823233e+01 1.093675109757572983e+02 3.658274471567542463e+01 3.951208805307310712e+01 4.130720203610835028e+01 3.751710323576573813e+01 6.294942452795663712e+01 1.580961539874938993e+01 3.459958103564155607e+01 2.118716406513754791e+01 3.117744722582284211e+01 7.480456490767664945e+01 5.194640047012241979e+01 3.834545914807390687e+01 5.055459902062780486e+01 1.752707783005064712e+01 2.481859333521881084e+01 4.013764907560389616e+01 7.592650865496185020e+01 3.345061038832866984e+01 5.971063690340489671e+01 5.802290029945044125e+01 3.954599659548014756e+01 5.313992985891619725e+01 1.242527183516436509e+02 6.826789078379921705e+01 1.494124224512632679e+02 1.249734823368398793e+02 4.844945235296063402e+01 6.355572719857611474e+01 5.532757228497710145e+01 1.267043530980796646e+02 2.148559374488402085e+01 2.502150500860371096e+01 5.460142499127761795e+01 3.246131058413383386e+01 2.980777193022134597e+01 2.802058234960605532e+01 4.213243551573831525e+01 5.406196502548297644e+01 3.786509058476583789e+01 3.235524113415741709e+01 3.834136699978844831e+01 3.586251908845211034e+01 5.670002284788404978e+01 4.226881456340668564e+01 4.256008537053810414e+01 3.663820198090177627e+01 5.443036862941246312e+01 4.013540115741201220e+01 4.540182019521052581e+01 3.738663392216098913e+01 3.869153027489779362e+01 2.894069974093500974e+01 3.929866015403252533e+01 4.208736173422683891e+01 6.191051650337882251e+01 3.187592517354982036e+01 3.918223066650227793e+01 3.878764349547480350e+01 3.118679015347052896e+01 4.118267814009399075e+01 5.131056582340082883e+01 4.666059496505630477e+01 3.344699484641316189e+01 4.226233472283335146e+01 3.120349988391091856e+01 2.600176944516955047e+01 4.471016681388586278e+01 2.382342129952434107e+01 5.415657356542321565e+01
4.782352941176470722e+02 1.901634556644113161e+01 1.317786507043034838e+01 2.466341674719071975e+01 1.570534254459741241e+01 1.243742362003754742e+01 1.377193542831376583e+01 1.723350505961161261e+01 6.093980602092257470e+01 2.436595926681236080e+01 3.415017807421871510e+01 8.640308563175587153e+01 5.378411580012173943e+01 4.128625930427994462e+01 3.040063857510589784e+01 1.113648271625084334e+02 6.562174592875865642e+01 1.023911920340140966e+02 2.911571596511145543e+01 1.011731984522502046e+02 3.056203092564037860e+01 3.112167416062875347e+01 4.744739039598849928e+01 8.849697819875360949e+01 9.173854696975132583e+01 2.819741476635234534e+01 2.767598153564937036e+01 3.149556514420719111e+01 5.731652973038693943e+01 4.928036749831640861e+01 1.042013536610842408e+02 1.653174018556413216e+01 1.723101581688744588e+01 4.689449737104667548e+01 6.926121585864778751e+01 4.937468045332709465e+01 1.712140529492645413e+01 2.904554122191597543e+01 7.210580427317334795e+01 1.908492044686166977e+01 2.539342365631278042e+01 9.703842492120686813e+01 3.198454070786038983e+01 3.449626049073656731e+01 3.604399232594114721e+01 3.273662130435606343e+01 5.532375791483344329e+01 1.363265429116225924e+01 3.018694871202235319e+01 1.839865236204883914e+01 2.720069454468280057e+01 6.580832532021612735e+01 4.553621248811604261e+01 3.343671177223713897e+01 4.429948602038350458e+01 1.515585012395597353e+01 2.156208743594045174e+01 3.506116515350918661e+01 6.698313905327387374e+01 2.920390846102333171e+01 5.245664647579691575e+01 5.097184785653390549e+01 3.446532056477515482e+01 4.654864652078350673e+01 1.103250467691217267e+02 6.009945636459334395e+01 1.331796078387195053e+02 1.109790480759844513e+02 4.244707118881218832e+01 5.588667245105098402e+01 4.857077892497326843e+01 1.125402467433991092e+02 1.863105610976493764e+01 2.173383749508625229e+01 4.793852547916156226e+01 2.832937535444595412e+01 2.595210881188822682e+01 2.440592173689077882e+01 3.675175826974736992e+01 4.744592076731166941e+01 3.304794217648372268e+01 2.819632572922086666e+01 3.340229454871638382e+01 3.131790004054079191e+01 4.964438507240622300e+01 3.688307973955875241e+01 3.713581861116998795e+01 3.195927996785497527e+01 4.777359326133110073e+01 3.507208768080730010e+01 3.964799917226795145e+01 3.255963452562826177e+01 3.380689069968653371e+01 2.517172351157415022e+01 3.432838985422056766e+01 3.680029363789529384e+01 5.445871261784954243e+01 2.775715066495392946e+01 3.415963578849382998e+01 3.381254731321865137e+01 2.717646852771689581e+01 3.589869423883553878e+01 4.501627749721217953e+01 4.087959416168178706e+01 2.915743106153350439e+01 3.699883412583672992e+01 2.712125252465080649e+01 2.259174301982958966e+01 3.903126060055187452e+01 2.067171051549205174e+01 4.741966802598767572e+01
4.791176470588235361e+02 1.643598261148123285e+01 1.134495343601744821e+01 2.142746975908388052e+01 1.357739701741777516e+01 1.071942471467693636e+01 1.185910355239796665e+01 1.493573278129147219e+01 5.355831464665798336e+01 2.120099710778669433e+01 2.979772628701630310e+01 7.638367014851797876e+01 4.722343102850321372e+01 3.613739292723780494e+01 2.651138626275121268e+01 9.885449344596715093e+01 5.774193760947795084e+01 9.071950088090979136e+01 2.537159291209680489e+01 8.962800841492062887e+01 2.666103220522570538e+01 2.710601587792168488e+01 4.159882527695217647e+01 7.820267700043335424e+01 8.120192141894619908e+01 2.448609859240652753e+01 2.411262125503018794e+01 2.742844956576384519e+01 5.035813182877790695e+01 4.323307943435600720e+01 9.235063648409371240e+01 1.432124184732437655e+01 1.493410036805347296e+01 4.100320094537462268e+01 6.102119077195833796e+01 4.329767966277313462e+01 1.481430334551192196e+01 2.527665876772249831e+01 6.359326296444481130e+01 1.649394790391252741e+01 2.210911427140740670e+01 8.599125729285653108e+01 2.793075271164728335e+01 3.008119160737173203e+01 3.141389893424723212e+01 2.853121487407679524e+01 4.856260341039729411e+01 1.174195318219496897e+01 2.630568742458526543e+01 1.595837823620287388e+01 2.370290234448392397e+01 5.782323211626132320e+01 3.986877117925300951e+01 2.912165955101936987e+01 3.877142888246095964e+01 1.309023450770729724e+01 1.871083890202771727e+01 3.059009887194512700e+01 5.902036056468082137e+01 2.546589282593790315e+01 4.602781432516401594e+01 4.472315140924791876e+01 3.000170299886868719e+01 4.072572257803575013e+01 9.783547122463247092e+01 5.284358573306034401e+01 1.185595539169818835e+02 9.842783106584387554e+01 3.714342767227843467e+01 4.908302622093914636e+01 4.258735753435955473e+01 9.983381025108650419e+01 1.613687517391283777e+01 1.885595597446252825e+01 4.203754688003338913e+01 2.469389270927685232e+01 2.256842156968308188e+01 2.123234790489149049e+01 3.202005383342688560e+01 4.158900869931115096e+01 2.880920852719818015e+01 2.454281097735354322e+01 2.906493972187265840e+01 2.731649980933746136e+01 4.341436300159885064e+01 3.214519998093155806e+01 3.236424042795924549e+01 2.784467769962793326e+01 4.188003458196486406e+01 3.061083417256771355e+01 3.458198160879562977e+01 2.832224205859034072e+01 2.950354849099597843e+01 2.186773936319948319e+01 2.995085621166304435e+01 3.213878268500975821e+01 4.784530013299793438e+01 2.414193672660838175e+01 2.974545123672581326e+01 2.944054086346710974e+01 2.365371515734058150e+01 3.125548147401675081e+01 3.944623190893950948e+01 3.577159302262416674e+01 2.538778349822077018e+01 3.235185444640917751e+01 2.354530298916836983e+01 1.960583173075531604e+01 3.403297986266301223e+01 1.791593629139445554e+01 4.147077580531970398e+01
4.800000000000000000e+02 1.418947610673904869e+01 9.755931597487339957e+00 1.859440784743843622e+01 1.172431108772351038e+01 9.228245135395312104e+00 1.020038933628388200e+01 1.292936442001617792e+01 4.701410108786650000e+01 1.842554999304654473e+01 2.596929786348846392e+01 6.744314805376356503e+01 4.141312402272993154e+01 3.159293848405990701e+01 2.309244820454888369e+01 8.764038787564707889e+01 5.074677186579525312e+01 8.027885892064811912e+01 2.208294645754535779e+01 7.930210539381648971e+01 2.323052282884576059e+01 2.358078429246987184e+01 3.642747655438522969e+01 6.902103936130964712e+01 7.178683383812420971e+01 2.123853068335485617e+01 2.098336470730948733e+01 2.385849917591572833e+01 4.419114275714148476e+01 3.788233008004134916e+01 8.174636305806299674e+01 1.239199443871289219e+01 1.292840404943810739e+01 3.580941574826908891e+01 5.369609830117879312e+01 3.792310579754319377e+01 1.280334350194499571e+01 2.197106016615496671e+01 5.601725487118280711e+01 1.423839670198040785e+01 1.922701266415989352e+01 7.610743409778503121e+01 2.436187957038788454e+01 2.620028180175974342e+01 2.734636252176671789e+01 2.483678935000848753e+01 4.257646671894904244e+01 1.010201224946678522e+01 2.289649887041219500e+01 1.382572560407087714e+01 2.063061043475472189e+01 5.074574936043283202e+01 3.486504742027934611e+01 2.533369509576396794e+01 3.389276410698664677e+01 1.129321879633805636e+01 1.621778065734608276e+01 2.665768764383678402e+01 5.194090796775672914e+01 2.218016455391560271e+01 4.033835441335672556e+01 3.919335847012324336e+01 2.608556166684372357e+01 3.558878483601596088e+01 8.665220861728352020e+01 4.640755558898409561e+01 1.054120571527481616e+02 8.718779797641454365e+01 3.246374236195087093e+01 4.305572665596391602e+01 3.729627593251368722e+01 8.845206174554756728e+01 1.396047275420577094e+01 1.634017605547482432e+01 3.681874950950344783e+01 2.149961341617934707e+01 1.960297652694684345e+01 1.844983515225610304e+01 2.786475941396594180e+01 3.641144136777690932e+01 2.508456884392937170e+01 2.133766548326457269e+01 2.526119433866084307e+01 2.379824726145351121e+01 3.792102591251221355e+01 2.798297311546313182e+01 2.817258294327525192e+01 2.423129926258512512e+01 3.666955364862798206e+01 2.668549016825758002e+01 3.012770126765352074e+01 2.460750593010431331e+01 2.571756894596609300e+01 1.897530362504258150e+01 2.610069681230413252e+01 2.803451601825634754e+01 4.198432366835162810e+01 2.097303978311156669e+01 2.587128874457806660e+01 2.560377473988998176e+01 2.056348007990659710e+01 2.718091847276594919e+01 3.452403985126081665e+01 3.126456204521887727e+01 2.207956962402029077e+01 2.825490575050582009e+01 2.041708911620835920e+01 1.699481280423763963e+01 2.963981002135717091e+01 1.550958909726911017e+01 3.622505752561267656e+01
4.808823529411765207e+02 1.223618126408992168e+01 8.380113179493138276e+00 1.611737990226145456e+01 1.011268854034483233e+01 7.935606173273289876e+00 8.763879165499796287e+00 1.117975646343183804e+01 4.122035127152266654e+01 1.599494935299564347e+01 2.260638245908583244e+01 5.947687681937853199e+01 3.627457315873727595e+01 2.758747998153697978e+01 2.009102906328374516e+01 7.760303017035545281e+01 4.454571288488475034e+01 7.095307231777607626e+01 1.919827319799844645e+01 7.008020803198782289e+01 2.021785792795137837e+01 2.049025970909832850e+01 3.186128523674272373e+01 6.084361796311874571e+01 6.338614161687805648e+01 1.840054678909383412e+01 1.823904054966503097e+01 2.072916599620672073e+01 3.873322592413154553e+01 3.315449206768578705e+01 7.227132092358796456e+01 1.071043135675301272e+01 1.117931612757007720e+01 3.123684621787750260e+01 4.719361081132407065e+01 3.317638163471600876e+01 1.105280945596295261e+01 1.907569396008323537e+01 4.928438185494418633e+01 1.227740362341981673e+01 1.670127013549718242e+01 6.727738019316993245e+01 2.122420529747128271e+01 2.279353304347954534e+01 2.377786764554803511e+01 2.159564931661479292e+01 3.728391847295454653e+01 8.681400785055508607e+00 1.990601515247469777e+01 1.196438431837623995e+01 1.793570653704147588e+01 4.448152578351824360e+01 3.045341636633999727e+01 2.201291999694709034e+01 2.959314461632801141e+01 9.731908361563336385e+00 1.404080783114439335e+01 2.320373941600504253e+01 4.565574907597599008e+01 1.929591593627212021e+01 3.531025873278353799e+01 3.430658768895013111e+01 2.265437122278126836e+01 3.106325911977752341e+01 7.665332582680743201e+01 4.070677618487855653e+01 9.360649105686431426e+01 7.713675648063184553e+01 2.834029844895616179e+01 3.772367021362250483e+01 3.262393112737457557e+01 7.827188735852567447e+01 1.206386098665133488e+01 1.414385354806906037e+01 3.220969252666040461e+01 1.869679333464188176e+01 1.700755865341277229e+01 1.601346983231825405e+01 2.422058799724656808e+01 3.184077883257332431e+01 2.181610481726145068e+01 1.852964736493322917e+01 2.192989198455757460e+01 2.070900605706377107e+01 3.308391896303955093e+01 2.433140529370906791e+01 2.449534661454237749e+01 2.106237536833653579e+01 3.206938119112203367e+01 2.323638349817708004e+01 2.621660732776982528e+01 2.135532850399469140e+01 2.239128757481001486e+01 1.644653092919269355e+01 2.271898225181386621e+01 2.442581516316398904e+01 3.679746658555394134e+01 1.819908399398806864e+01 2.247566633505500278e+01 2.224125888740590895e+01 1.785630566467503400e+01 2.361017959290775536e+01 3.018038176309013210e+01 2.729327565594653748e+01 1.918021830066166800e+01 2.464784525917572822e+01 1.768419005386338938e+01 1.471464846148985472e+01 2.578372996703386377e+01 1.341113573835304962e+01 3.160575420385658063e+01
4.817647058823529278e+02 1.054000909981698975e+01 7.190395587330566052e+00 1.395448763193339303e+01 8.712867408207422670e+00 6.816494593142883751e+00 7.521377988132521786e+00 9.656033020082823271e+00 3.609810381240842503e+01 1.386916310734543600e+01 1.965633235594607342e+01 5.238879028101359125e+01 3.173637460891510997e+01 2.406188490799661039e+01 1.745966117837652476e+01 6.863197542992594435e+01 3.905626174947554574e+01 6.263507448224365959e+01 1.667131830467695153e+01 6.185611545285548374e+01 1.757568245535618701e+01 1.778443608251238217e+01 2.783495267964371678e+01 5.357092044211055537e+01 5.590128001299746785e+01 1.592374109811642136e+01 1.583549922214710293e+01 1.798970897737890695e+01 3.390952844445975956e+01 2.898278221631405316e+01 6.381745134797481711e+01 9.246654752227820850e+00 9.655988332965319998e+00 2.721663204529030722e+01 4.142943024788265660e+01 2.898990561624023599e+01 9.530941134923184066e+00 1.654300559346603094e+01 4.330922830078174712e+01 1.057469004630250353e+01 1.449075987478097183e+01 5.940010017648062046e+01 1.846933915157433503e+01 1.980700710004964904e+01 2.065135813313974822e+01 1.875596712326234083e+01 3.261103471563092171e+01 7.452341505873586236e+00 1.728630491689133208e+01 1.034195726576634122e+01 1.557498089838655808e+01 3.894477608514501554e+01 2.656910533345829251e+01 1.910557996120873980e+01 2.580898855893252630e+01 8.377123461479143884e+00 1.214232935701595650e+01 2.017409999293926148e+01 4.008358151419735549e+01 1.676747139122425878e+01 3.087275178481628046e+01 2.999399746518824728e+01 1.965206178762090516e+01 2.708177779395530393e+01 6.772630003478104754e+01 3.566425546011095093e+01 8.302149038029526196e+01 6.816192079702591400e+01 2.471190832428120743e+01 3.301316829339994285e+01 2.850361705555540581e+01 6.917960791546724408e+01 1.041321279172932357e+01 1.222892650466449460e+01 2.814471226711498275e+01 1.624073747034340442e+01 1.473899277538317953e+01 1.388301003529279321e+01 2.102891999399624723e+01 2.781139736738711576e+01 1.895177099664234888e+01 1.607280991572719842e+01 1.901621200473072903e+01 1.800008949010949522e+01 2.883041091350232676e+01 2.113211221087752989e+01 2.127369595110993927e+01 1.828693389102138056e+01 2.801358627201845763e+01 2.020979880822844166e+01 2.278705093163790352e+01 1.851187244232754381e+01 1.947280376598463292e+01 1.423860161903738408e+01 1.975269321297313141e+01 2.125710956550884134e+01 3.221353519540587484e+01 1.577405300806846888e+01 1.950342347366052564e+01 1.929828156398064465e+01 1.548784889646142737e+01 2.048511627715036454e+01 2.635249187800163995e+01 2.379879724863783608e+01 1.664256912963870150e+01 2.147638894387755215e+01 1.529977563017272857e+01 1.272601740012114213e+01 2.240359563647667329e+01 1.158355924985888663e+01 2.754356635033955314e+01
4.826470588235293917e+02 9.068974979700580974e+00 6.162884219543238729e+00 1.206833486905879660e+01 7.498551052900364944e+00 5.848825441536877001e+00 6.448020580374693722e+00 8.330728782182831083e+00 3.157569969381350106e+01 1.201238599030719101e+01 1.707187164313763716e+01 4.609090895929456622e+01 2.773382279919485782e+01 2.096281337530848177e+01 1.515575385163091582e+01 6.062539482561339810e+01 3.420341359036508777e+01 5.522645691851816707e+01 1.446062325259822678e+01 5.453223663412230593e+01 1.526148631360616470e+01 1.541852443584443932e+01 2.428943423819571379e+01 4.711188887476597387e+01 4.924179902025346678e+01 1.376493730736426357e+01 1.373317986483032449e+01 1.559468879391486773e+01 2.965215191614229440e+01 2.530675696667668362e+01 5.628538557611651783e+01 7.974085112542779186e+00 8.330978774911898199e+00 2.368675358818759591e+01 3.632676774666898467e+01 2.530253109710699277e+01 8.209549363768573471e+00 1.433045160515846561e+01 3.801386175600696760e+01 9.098106599102820269e+00 1.255866435504554346e+01 5.238274003437468451e+01 1.605377721458870965e+01 1.719231119626115500e+01 1.791568335276035384e+01 1.627127985278699995e+01 2.849085211105228055e+01 6.390329969273707000e+00 1.499440604154489520e+01 8.929594010089722644e+00 1.350970436221653515e+01 3.405767647384961805e+01 2.315366249180913627e+01 1.656353049281590373e+01 2.248295042231812602e+01 7.203027111798954607e+00 1.048884781536843569e+01 1.752014593567296785e+01 3.515033295849851669e+01 1.455385247792783687e+01 2.696175927957246898e+01 2.619326805373462363e+01 1.702845208408526290e+01 2.358361185699765272e+01 5.976755621180326017e+01 3.121007405921666233e+01 7.354460557145797850e+01 6.015945189424562756e+01 2.152340027087647911e+01 2.885741738798109779e+01 2.487500863100521542e+01 6.107052505479906301e+01 8.978462922960138926e+00 1.056148799064212263e+01 2.456441682081272049e+01 1.409136880485765175e+01 1.275869192967680910e+01 1.202247036543003667e+01 1.823722794062968333e+01 2.426397643678009075e+01 1.644489410676708729e+01 1.392603631432305811e+01 1.647111839740376027e+01 1.562780111999017407e+01 2.509507104930703036e+01 1.833275208124927858e+01 1.845488781567659231e+01 1.585929965382686291e+01 2.444256247796846537e+01 1.755748194373262194e+01 1.978370258253940150e+01 1.602900360419078751e+01 1.691550059493070535e+01 1.231330028871112070e+01 1.715422578927823594e+01 1.847843493131237480e+01 2.816795418459122402e+01 1.365681199184893124e+01 1.690517038173963726e+01 1.672586084385146421e+01 1.341843121573460174e+01 1.775367304809208946e+01 2.298366087419109860e+01 2.072798573403299471e+01 1.442439911601952218e+01 1.869164238503537945e+01 1.322209039673785647e+01 1.099387717185154756e+01 1.944455612714354587e+01 9.993930011200164998e+00 2.397606043553624033e+01
4.835294117647059124e+02 7.794783874200487794e+00 5.276549812577937537e+00 1.042560756668582478e+01 6.446468938398783877e+00 5.013133786321446905e+00 5.521916900132403327e+00 7.179457759680881068e+00 2.758824864032296986e+01 1.039265501129776936e+01 1.481063284242761746e+01 4.050284911153866574e+01 2.420840806192205008e+01 1.824225096467131024e+01 1.314116820514806783e+01 5.348963914365184280e+01 2.991912746844720772e+01 4.863698973269162451e+01 1.252910245283300839e+01 4.801911099420242124e+01 1.323718509578525904e+01 1.335248790755035664e+01 2.117145318663253306e+01 4.138338064823412310e+01 4.332489471318811525e+01 1.188569773786590922e+01 1.189670311073673936e+01 1.350349331290828481e+01 2.589963997671369711e+01 2.207182723679523306e+01 4.958396994454751194e+01 6.869136921414217056e+00 7.179920979502830924e+00 2.059146647349826154e+01 3.181583153695186539e+01 2.205906803877727995e+01 7.063660267967863504e+00 1.240004621238478499e+01 3.332733915754145926e+01 7.819215344062198092e+00 1.087208792568034177e+01 4.614014001813441723e+01 1.393848816143197489e+01 1.490611488359116343e+01 1.552507727749148181e+01 1.410001617992158351e+01 2.486284239625651793e+01 5.473787090143891199e+00 1.299188622776214430e+01 7.701650823300504101e+00 1.170523246380855120e+01 2.974977935849419097e+01 2.015445022806671460e+01 1.434373654396187270e+01 1.956341611342174502e+01 6.186783549861922360e+00 9.050571023787545855e+00 1.519830753714973426e+01 3.078866981856527474e+01 1.261836752531885431e+01 2.351939821637277106e+01 2.284810474450663165e+01 1.473871929382588419e+01 2.051412907830524901e+01 5.268199201368344831e+01 2.728087438048200752e+01 6.507192161578680611e+01 5.303398543898480000e+01 1.872512989381450410e+01 2.519598598521319843e+01 2.168366694123730909e+01 5.384845186376985282e+01 7.732939559712035837e+00 9.111389912819454651e+00 2.141520110458341364e+01 1.221282185378345098e+01 1.103223705929947052e+01 1.039973458297559539e+01 1.579853579865160107e+01 2.114500622119205175e+01 1.425370098861744594e+01 1.205260364312031562e+01 1.425083475748007089e+01 1.355300142214020731e+01 2.181907616864319266e+01 1.588649384636380368e+01 1.599173433575122871e+01 1.373862488674866178e+01 2.130253532296183039e+01 1.523617169812979100e+01 1.715700340949377178e+01 1.386377049869065736e+01 1.467759057911107412e+01 1.063658621121409453e+01 1.488092337378404295e+01 1.604495843120711029e+01 2.460227846845680233e+01 1.181066109594838309e+01 1.463677033672847116e+01 1.448023035044803208e+01 1.161261738828228474e+01 1.536934022405798572e+01 2.002275879894852295e+01 1.803302393540953830e+01 1.248798057826472885e+01 1.624965650690441521e+01 1.141397486571328557e+01 9.487057908545343921e+00 1.685750371938490133e+01 8.613009886484581656e+00 2.084710423897841025e+01
4.844117647058823195e+02 6.692448678762503711e+00 4.512916442011273510e+00 8.996683612033681499e+00 5.536064916603749886e+00 4.292293574097977960e+00 4.723829134035503863e+00 6.180607363809865973e+00 2.407711342717340486e+01 8.981491318735107754e+00 1.283472152453851933e+01 3.555133475379908958e+01 2.110733377917469156e+01 1.585706378724178833e+01 1.138181746009156292e+01 4.713879049925146347e+01 2.614181170421309730e+01 4.278413636518968843e+01 1.084364531317380553e+01 4.223492339278124774e+01 1.146872521422030289e+01 1.155060527853349939e+01 1.843303537666219327e+01 3.630965186665984845e+01 3.807493865162222590e+01 1.025186592181777634e+01 1.029448949527194657e+01 1.167989412701572860e+01 2.259648377990914270e+01 1.922879291027630089e+01 4.362978398949160663e+01 5.910919203012904966e+00 6.181218662063447944e+00 1.788076625060970670e+01 2.783332749504793213e+01 1.920980452352498347e+01 6.071188155891122484e+00 1.071793695135324143e+01 2.918522265782148395e+01 6.712905704677400109e+00 9.401695450088102035e+00 4.059438077742866824e+01 1.208852205487274389e+01 1.290969482781563649e+01 1.343867063227982861e+01 1.220505281093651462e+01 2.167240811604760964e+01 4.683742505241603737e+00 1.124443154747341644e+01 6.635376123784134883e+00 1.013063410235834638e+01 2.595744814271823486e+01 1.752416174106991065e+01 1.240780310897008754e+01 1.700402395701458147e+01 5.308245138728164392e+00 7.801050208117478846e+00 1.316961930676719561e+01 2.693751789438828226e+01 1.092822697527179976e+01 2.049348652096463042e+01 1.990776033690147173e+01 1.274290224116868053e+01 1.782428072414858988e+01 4.638249211283485351e+01 2.381936672406082778e+01 5.750765327776713320e+01 4.669814890736609669e+01 1.627251572302584748e+01 2.197432160569953652e+01 1.888056576280121135e+01 4.742523202556481010e+01 6.653023664373208135e+00 7.851874900386238920e+00 1.864878217758049672e+01 1.057306209941888930e+01 9.528984085517636871e+00 8.986193289540066687e+00 1.367091288547330130e+01 1.840631705671691876e+01 1.234087642571762977e+01 1.041977556758942391e+01 1.231635386544943422e+01 1.174070059205180527e+01 1.894964864681523764e+01 1.375151669343263983e+01 1.384209834739895584e+01 1.188844871274988435e+01 1.854509025086648677e+01 1.320715881146920800e+01 1.486264941017618568e+01 1.197791841879567443e+01 1.272168850420916542e+01 9.178193443360894932e+00 1.289463689107251199e+01 1.391653048309043150e+01 2.146372249254883613e+01 1.020291862777173542e+01 1.265885653494157381e+01 1.252235791252867436e+01 1.003882133909128527e+01 1.329064199026344362e+01 1.742377998374156078e+01 1.567097185785249636e+01 1.079966600456861059e+01 1.411100572272741616e+01 9.842420313153903422e+00 8.177884975265127920e+00 1.459855701042678966e+01 7.414884846101791105e+00 1.810633085297002509e+01
4.852941176470587834e+02 5.739941744208384655e+00 3.855778641919324734e+00 7.755271134012436285e+00 4.749212026973780532e+00 3.671261945154685957e+00 4.036878620037889220e+00 5.315056870698130709e+00 2.098941595522228099e+01 7.753566743005704254e+00 1.111030772714739001e+01 3.116971568206460574e+01 1.838305445539133842e+01 1.376857772349125675e+01 9.847294264563570820e+00 4.149420732291151381e+01 2.281582871017045377e+01 3.759256901749308355e+01 9.374745285114203242e+00 3.710502028245926454e+01 9.925714812994151259e+00 9.981065277197629371e+00 1.603106794653828260e+01 3.182185061580916141e+01 3.342301082689021285e+01 8.833144926349673298e+00 8.898403874115086154e+00 1.009163343811298574e+01 1.969264861935834077e+01 1.673339999340907625e+01 3.834665856269266015e+01 5.080960311018171360e+00 5.315764680032121881e+00 1.550988424053067583e+01 2.432197529520595936e+01 1.671005249104017309e+01 5.212635559209361169e+00 9.254010470551095935e+00 2.552910800473802766e+01 5.757043421490215529e+00 8.121374688362124061e+00 3.567433040854236737e+01 1.047264274930528671e+01 1.116851002235147838e+01 1.162003500667017164e+01 1.055330058513938951e+01 1.887040049746886083e+01 4.003547188788044942e+00 9.721462332893938907e+00 5.710620138237885612e+00 8.758344895492749416e+00 2.262331597990363363e+01 1.522036502257933854e+01 1.072153902089797839e+01 1.476321066156122264e+01 4.549666415156034205e+00 6.716847075381605414e+00 1.139929894332754756e+01 2.354159718211273145e+01 9.454183110014588109e+00 1.783707564913065369e+01 1.732657999774228941e+01 1.100543994184633156e+01 1.547011633452043533e+01 4.078944149824827292e+01 2.077385456716341139e+01 5.076372509235005737e+01 4.107207649651248715e+01 1.412560110381912359e+01 1.914327868700572211e+01 1.642164113056747965e+01 4.172025642154292768e+01 5.717836535847489188e+00 6.759237837064132393e+00 1.622175753061823400e+01 9.143530191746284785e+00 8.221699889247098270e+00 7.756407855070328594e+00 1.181700164749710602e+01 1.600463238748434591e+01 1.067314966590116221e+01 8.998423438721134815e+00 1.063298186209609852e+01 1.015967716185353353e+01 1.643952656117067690e+01 1.189054408626521386e+01 1.196842318910192837e+01 1.027628666608623753e+01 1.612672552123034464e+01 1.143587252929092735e+01 1.286110861381468595e+01 1.033743799153153908e+01 1.101441073387298175e+01 7.911260903748294382e+00 1.116131271034636896e+01 1.205726412012013071e+01 1.870470890616019588e+01 8.804534395214460574e+00 1.093638123174458876e+01 1.081749836061526260e+01 8.668939764849561413e+00 1.148065977539663685e+01 1.514541153276606522e+01 1.360334422299394852e+01 9.329502603585757115e+00 1.224039063441365904e+01 8.478158211823389578e+00 7.041831406034999574e+00 1.262857877027210662e+01 6.376628129333571593e+00 1.570863444119799368e+01
4.861764705882353041e+02 4.917877160239855883e+00 3.290945595043441863e+00 6.678075494627234931e+00 4.069952545027527790e+00 3.136847636578465881e+00 3.446280795304896838e+00 4.565919429359700743e+00 1.827756642681421795e+01 6.686395890485191451e+00 9.607245800444392358e+00 2.729749825823750697e+01 1.599283828283001974e+01 1.194218367857439134e+01 8.510522858821683911e+00 3.648407164743883868e+01 1.989102037784933330e+01 3.299369066395412631e+01 8.096155494245801165e+00 3.256143242251715719e+01 8.581080027981366598e+00 8.615589749414104048e+00 1.392688127675236842e+01 2.785752220487605513e+01 2.930644100841747246e+01 7.602708299332515907e+00 7.683425493545768425e+00 8.710040317963670731e+00 1.714312388284029609e+01 1.454592080142901800e+01 3.366519945841417183e+01 4.362955900303889578e+00 4.566683349856841545e+00 1.343881447921592631e+01 2.123004277498797521e+01 1.451971797070893011e+01 4.470819265904808937e+00 7.981527580832210589e+00 2.230616918852409469e+01 4.932150740596569882e+00 7.007924537499875761e+00 3.131519640370197521e+01 9.062985840224991207e+00 9.651806842981054402e+00 1.003675935995644686e+01 9.115319839843463612e+00 1.641266258269810052e+01 3.418613367795293900e+00 8.395776034904013585e+00 4.909568555312719518e+00 7.563845386615727584e+00 1.969577058100740530e+01 1.320507277741537600e+01 9.254551159213496803e+00 1.280378640358021869e+01 3.895443969575741683e+00 5.777227523488473793e+00 9.856355597981730554e+00 2.055097475074730795e+01 8.170195549891802855e+00 1.550800868026469992e+01 1.506357085517240613e+01 9.494744240923729706e+00 1.341232820271020287e+01 3.583024152798873985e+01 1.809778203054313650e+01 4.475934122477830357e+01 3.608292682398415963e+01 1.224864217491629148e+01 1.665866979427516625e+01 1.426736601377758795e+01 3.665998210836507809e+01 4.908953610463493433e+00 5.812514203971008264e+00 1.409518760025686390e+01 7.898811435523474422e+00 7.086225765353735717e+00 6.687799567318082339e+00 1.020357915536074600e+01 1.390114735193866480e+01 9.220910312649028384e+00 7.762675017340431971e+00 9.169916775539681097e+00 8.782123360471118190e+00 1.424646711965887569e+01 1.027041047539748853e+01 1.033729603827943144e+01 8.873249348188304353e+00 1.400842893133513378e+01 9.891495349087744415e+00 1.111717208616562047e+01 8.912148382860834772e+00 9.526002127468954583e+00 6.811991581100149240e+00 9.650609326292471479e+00 1.043514234845739175e+01 1.628244014088577529e+01 7.589732504592856088e+00 9.438198410157857765e+00 9.334778208315817949e+00 7.478013709409287557e+00 9.906591273979410417e+00 1.315062587992341214e+01 1.179571388797847220e+01 8.050874690441071735e+00 1.060626566151325711e+01 7.295281746294362435e+00 6.057197756142386424e+00 1.091272653574961282e+01 5.477990834565821920e+00 1.361369685361151660e+01
4.870588235294117112e+02 4.209222156907212131e+00 2.806010629585608651e+00 5.744493311731254437e+00 3.484261631329831577e+00 2.677501831085298267e+00 2.939106202409064394e+00 3.918306308530011606e+00 1.589881770922074722e+01 5.760052010248643661e+00 8.298721541753057096e+00 2.387989100384833563e+01 1.389835325077500983e+01 1.034696787567174425e+01 7.347437361874147754e+00 3.204294046950104757e+01 1.732225790090817341e+01 2.892516704457733923e+01 6.984570206807194204e+00 2.854240928556150436e+01 7.410745936654834942e+00 7.429085786267155100e+00 1.208585711086455738e+01 2.436013291508628598e+01 2.566836282011538373e+01 6.536843608632277203e+00 6.627342481929490603e+00 7.509677579420446669e+00 1.490749655036311694e+01 1.263075890526294742e+01 2.952232049934663394e+01 3.742538941862907365e+00 3.919095163287487082e+00 1.163187295913731134e+01 1.851090263361489008e+01 1.260289697829663957e+01 3.830620955919949111e+00 6.876787025004108322e+00 1.946872253430853306e+01 4.221115912473027976e+00 6.040766810832883138e+00 2.745808712221174375e+01 7.834739316525825892e+00 8.332252512141796075e+00 8.660058511985392116e+00 7.864964472346983371e+00 1.425959830341214740e+01 2.916179879540415243e+00 7.243217701795734875e+00 4.216498654982671290e+00 6.525363659455337029e+00 1.712846730448167065e+01 1.144434081748359766e+01 7.979871089151746588e+00 1.109253605556422428e+01 3.331880441704222040e+00 4.963880988036492248e+00 8.513226500007318620e+00 1.792063780299902120e+01 7.053120903566593825e+00 1.346850360235356803e+01 1.308199607155573396e+01 8.182805411072004986e+00 1.161582667510948319e+01 3.143883508866072418e+01 1.574930423207362828e+01 3.942055407885744955e+01 3.166440972162111223e+01 1.060972336234446267e+01 1.448084237901021076e+01 1.238235014415793067e+01 3.217745887103463076e+01 4.210143370510837535e+00 4.993194938215178347e+00 1.223420292266046339e+01 6.816329976365828713e+00 6.101167808433441309e+00 5.760363206998065699e+00 8.801152180083780863e+00 1.206113183084419305e+01 7.957852629034836589e+00 6.689591298795484420e+00 7.899860213903249218e+00 7.583316657655088555e+00 1.233278354745367800e+01 8.861660657863998480e+00 8.919043159656173003e+00 7.653690723473656199e+00 1.215528110879543178e+01 8.546605116533422475e+00 9.599537126943401333e+00 7.675313059408666483e+00 8.229989486838562129e+00 5.859339430776024926e+00 8.335540979317007881e+00 9.021652442662363214e+00 1.415849238561408718e+01 6.535682149444573596e+00 8.136678339993572706e+00 8.046812654327213821e+00 6.443915247452033590e+00 8.539342604560822281e+00 1.140629898908141726e+01 1.021734083824862616e+01 6.940173680023545622e+00 9.180492164519634457e+00 6.270899257238187197e+00 5.204819167955855974e+00 9.420036960407815130e+00 4.701119468842369642e+00 1.178554574708649483e+01
4.879411764705882888e+02 3.599035585486751732e+00 2.390143797880775800e+00 4.936332253093786981e+00 2.979833106053439540e+00 2.283129497533389340e+00 2.504065365058897097e+00 3.359112123542180584e+00 1.381484506075070406e+01 4.956905988901486815e+00 7.160925933300098301e+00 2.086736698359700526e+01 1.206527851367867399e+01 8.955367026114487317e+00 6.336684475645682824e+00 2.811130617123696496e+01 1.506901461468717152e+01 2.533047250232841208e+01 6.019331027344883900e+00 2.499196475016346142e+01 6.393341903601835519e+00 6.399325346081427668e+00 1.047706074167650492e+01 2.127861037382717058e+01 2.245728113912910828e+01 5.614626085315129522e+00 5.710470794745527989e+00 6.468015478338156932e+00 1.294954995448871315e+01 1.095607861034939745e+01 2.586078942289012517e+01 3.207070286390654168e+00 3.359902264198836530e+00 1.005728763467220510e+01 1.612260892404077595e+01 1.092749707370045087e+01 3.278760641129554010e+00 5.918816195620660636e+00 1.697381023468667038e+01 3.608929992642338380e+00 5.201680993078982240e+00 2.404958584317098058e+01 6.765848472518350754e+00 7.185597027717224528e+00 7.464411869182813852e+00 6.779053797806078308e+00 1.237576761922949942e+01 2.485100932149018060e+00 6.242375509952042378e+00 3.617556786782517797e+00 5.623600828718777755e+00 1.487986949489606481e+01 9.907891991768522644e+00 6.873609902634447266e+00 9.599847756407244859e+00 2.846970939233900655e+00 4.260664167897463273e+00 7.345440370132537033e+00 1.561008764075090660e+01 6.082426336185477567e+00 1.168476155151354945e+01 1.134899361550477614e+01 7.044829205998498267e+00 1.004934306686283030e+01 2.755524316643378313e+01 1.369088214371547352e+01 3.467983211422927781e+01 2.775632319102361834e+01 9.180398142233043401e+00 1.257427972850949338e+01 1.073496556495408960e+01 2.821186607368381871e+01 3.607129790325310559e+00 4.284966070496730062e+00 1.060763660708049549e+01 5.876066437465354397e+00 5.247612636316238088e+00 4.956403898144428055e+00 7.583583681877720473e+00 1.045356013534029138e+01 6.860647359467187734e+00 5.758868592355667282e+00 6.798659755132844928e+00 6.541315573370259706e+00 1.066491344686669684e+01 7.638179906756791482e+00 7.687357707883349711e+00 6.594882896164888209e+00 1.053608307027121249e+01 7.376843899592057774e+00 8.280422996385169654e+00 6.603287149146384927e+00 7.102860895058354274e+00 5.034722720871475765e+00 7.192148839666235638e+00 7.791447498808527605e+00 1.229843358067672909e+01 5.622195595907854226e+00 7.007352757713952052e+00 6.929353287041851495e+00 5.547060138763488801e+00 7.353153436186152803e+00 9.882852596228145714e+00 8.840826814448986326e+00 5.976494323685203724e+00 7.938014775957325853e+00 5.384817164191236571e+00 4.467797458412003486e+00 8.123042049794106489e+00 4.030298545000055910e+00 1.019214383846908589e+01
4.888235294117646959e+02 3.074232145148999784e+00 2.033906248928418314e+00 4.237555872235049037e+00 2.545886279296331267e+00 1.944920323422507868e+00 2.131316165209956814e+00 2.876820212800356380e+00 1.199135253479814978e+01 4.261387981836753269e+00 6.172755161602147211e+00 1.821524726211190881e+01 1.046294143854647807e+01 7.742849587448759507e+00 5.459350665010421544e+00 2.463517249800225528e+01 1.309496577944039686e+01 2.215845345545822909e+01 5.182157772223498604e+00 2.185944442078388761e+01 5.509930852151692982e+00 5.506651968033426492e+00 9.072899826844437854e+00 1.856690852494676847e+01 1.962665993409407861e+01 4.817621801203231691e+00 4.915396474220780298e+00 5.565133771424777720e+00 1.123688850445784659e+01 9.493460028457192834e+00 2.262879121285667949e+01 2.745449099901304368e+00 2.877594077473796919e+00 8.686819948282028747e+00 1.402750096173871164e+01 9.464884927005421389e+00 2.803592076224516561e+00 5.089088642729851841e+00 1.478280763104514328e+01 3.082449584564405320e+00 4.474561793047528546e+00 2.104134080468008605e+01 5.836743881811278456e+00 6.190362807829473013e+00 6.427232163228850936e+00 5.837071720269772612e+00 1.072950845206687376e+01 2.115656882721444365e+00 5.374302035256801169e+00 3.100556400139435898e+00 4.841479667939604603e+00 1.291281918972318188e+01 8.568769403936173035e+00 5.914643092162306104e+00 8.299369831896347804e+00 2.430210735318087512e+00 3.653368157538422700e+00 6.331308718093505483e+00 1.358295677271534352e+01 5.239926739924674060e+00 1.012660300019603099e+01 9.835222168158830769e+00 6.058905326545613867e+00 8.685064018457879342e+00 2.412511844022965946e+01 1.188890279596148503e+01 3.047563872444031929e+01 2.430410813501021394e+01 7.935357979240264648e+00 1.090722891034554820e+01 9.296998212978788700e+00 2.470806725344661459e+01 3.087377257935042696e+00 3.673472215619475900e+00 9.187681698306304767e+00 5.060299148015190873e+00 4.508868151350261755e+00 4.260296973774874374e+00 6.527750793498443116e+00 9.050765920313306623e+00 5.908640757748524486e+00 4.952566510657491428e+00 5.844983021643838761e+00 5.636680777367882200e+00 9.213020777669736816e+00 6.576855148560134978e+00 6.618957569211992187e+00 5.676718951224067666e+00 9.123010601461038149e+00 6.360613391907586234e+00 7.135217170398355790e+00 5.675195419071793701e+00 6.123771034910982181e+00 4.321763025207921771e+00 6.199198478875597829e+00 6.722034462475953376e+00 1.067146607789249657e+01 4.831452417630026197e+00 6.028590264506203944e+00 5.960965497143904557e+00 4.770145005216622103e+00 6.325254144028349401e+00 8.553923087260640656e+00 7.641796110158749933e+00 5.141356842219208190e+00 6.856563721525814614e+00 4.619251637729058224e+00 3.831257871651575719e+00 6.997416587725093784e+00 3.451717270827920458e+00 8.805009198072969667e+00
4.897058823529412166e+02 2.623369148865747569e+00 1.729083564485490943e+00 3.634050292930509851e+00 2.172991062405746465e+00 1.655196502953097948e+00 1.812290881804071496e+00 2.461325619298635914e+00 1.039770356572155663e+01 3.659768762309029810e+00 5.315533758683766763e+00 1.588330160085224740e+01 9.063977188268687257e+00 6.687618706013943815e+00 4.698710529392332802e+00 2.156563902210890404e+01 1.136761084804236077e+01 1.936290646568654239e+01 4.456900801054247019e+00 1.909910395009590189e+01 4.743759436637899896e+00 4.733711142876964928e+00 7.848804894632108287e+00 1.618358911144139256e+01 1.713452354702775793e+01 4.129616553888319608e+00 4.226738679733974990e+00 4.783447676417696748e+00 9.740585089500868321e+00 8.217576051308027374e+00 1.977950582133204094e+01 2.347940590889136647e+00 2.462070546531099247e+00 7.495413456432028276e+00 1.219182470696961396e+01 8.189557271182508202e+00 2.394917328289050573e+00 4.371264834687547562e+00 1.286104825757249159e+01 2.630182316153159672e+00 3.845196333824557833e+00 1.838966921728393089e+01 5.030089899608430670e+00 5.327558571231585383e+00 5.528560620588061525e+00 5.020889726300090672e+00 9.292583402644460477e+00 1.799384133402863073e+00 4.622257634775893465e+00 2.654794016044551341e+00 4.163913192300976007e+00 1.119413357225186800e+01 7.403012167119435993e+00 5.084320586089503990e+00 7.167690927712213167e+00 2.072421577817098459e+00 3.129506084006461020e+00 5.451640724080560219e+00 1.180664647578664628e+01 4.509542401595472150e+00 8.767126359538570668e+00 8.514528584439716496e+00 5.205702907806335489e+00 7.498290818476760045e+00 2.109931106353705488e+01 1.031332127327767445e+01 2.675201255811600376e+01 2.125841432725247770e+01 6.852123528892992255e+00 9.451351055104753485e+00 8.043322386400051371e+00 2.161617460212524833e+01 2.639895273182659707e+00 3.146101056961649434e+00 7.949571531535487345e+00 4.353365797433670359e+00 3.870225971584173585e+00 3.658267628986236364e+00 5.613230109402333134e+00 7.828120770250585281e+00 5.083577289927278642e+00 4.254858175621116345e+00 5.020018364756493767e+00 4.852217783559214404e+00 7.950626607681989810e+00 5.657262952245749155e+00 5.693270992530631958e+00 4.881439273059282158e+00 7.891291936396951812e+00 5.478793578788455854e+00 6.142149577707619379e+00 4.872637050643617407e+00 5.274268882360534150e+00 3.706046593913536746e+00 5.337900760699127112e+00 5.793485681971382029e+00 9.250091191998365048e+00 4.147746874430103148e+00 5.181297991186921692e+00 5.122732336527053398e+00 4.097906083216023454e+00 5.435550747121387971e+00 7.396051638822300767e+00 6.598597999279466109e+00 4.418451684420648284e+00 5.916377838888926100e+00 3.958565569698943243e+00 3.282127159855045218e+00 6.021653567250578654e+00 2.953257436559336924e+00 7.598862800673723328e+00
4.905882352941176805e+02 2.236455822283605510e+00 1.468537676670535586e+00 3.113413853525001773e+00 1.852911596651768411e+00 1.407277360194583382e+00 1.539542378193528460e+00 2.103776073194590257e+00 9.006579123033882084e+00 3.139961943935029698e+00 4.572762943592114659e+00 1.383537423180249171e+01 7.844015569510805364e+00 5.770340947663548548e+00 4.039998416198841369e+00 1.885850897604882448e+01 9.857923052336071024e+00 1.690218055262207031e+01 3.829316331474434509e+00 1.666971440146221894e+01 4.080031072407391157e+00 4.065206071637324392e+00 6.782936813672976406e+00 1.409143166316643736e+01 1.494308310976907883e+01 3.536371567400547367e+00 3.630934822672899021e+00 4.107459699715024115e+00 8.434855885362665617e+00 7.105895481845318606e+00 1.727070883100811116e+01 2.006021378598852767e+00 2.104483337651946506e+00 6.460873320198015968e+00 1.058538431353234266e+01 7.078838677228357135e+00 2.043820568868748744e+00 3.750957628165819013e+00 1.117747662953430599e+01 2.242095006680794533e+00 3.301062472484849408e+00 1.605518304268943908e+01 4.330555611155705975e+00 4.580419550301745524e+00 4.750790368816263154e+00 4.314515640269597441e+00 8.039853452831069447e+00 1.528924020793207106e+00 3.971477718656876377e+00 2.270883796532848553e+00 3.577594847406908141e+00 9.694232606686702169e+00 6.389359602129752957e+00 4.366204100207911942e+00 6.184047896760656471e+00 1.765596603619818072e+00 2.678122009650918400e+00 4.689484047823800239e+00 1.025198945409160878e+01 3.877078977121378944e+00 7.582394170816709966e+00 7.363642809386520938e+00 4.468194833816403033e+00 6.467128336833749991e+00 1.843345999564621707e+01 8.937330645580049193e+00 2.345816805822612494e+01 1.857469214243344169e+01 5.910762878806040455e+00 8.181399173344141573e+00 6.951601962203262985e+00 1.889113980300261986e+01 2.255063196869832698e+00 2.691789456569135375e+00 6.871286116920660270e+00 3.741447139327877647e+00 3.318746790855497508e+00 3.138191807025834112e+00 4.822012456322886997e+00 6.763738806363031486e+00 4.369348058486004938e+00 3.651804179531733752e+00 4.307204140167441686e+00 4.172743128969123028e+00 6.854271323089871082e+00 4.861386564036498825e+00 4.892151242130482025e+00 4.193383539823910766e+00 6.818911148425927493e+00 4.714486853927631671e+00 5.281996556101113960e+00 4.179418914438281618e+00 4.538050180759618080e+00 3.174909263486556110e+00 4.591658117868329114e+00 4.988176159992511849e+00 8.009799608136585647e+00 3.557259563357229482e+00 4.448651547866887768e+00 4.397986318559516050e+00 3.516900876458888714e+00 4.666339707662145564e+00 6.388400716880231478e+00 5.692035474449646415e+00 3.793408370386149198e+00 5.099952047787112086e+00 3.389031461769347331e+00 2.808933810334656833e+00 5.176769430600995925e+00 2.524302817555454492e+00 6.551306961481448532e+00
4.914705882352940876e+02 1.904781994492637409e+00 1.246074767543794870e+00 2.664766199223660870e+00 1.578465724760613309e+00 1.195358259891759811e+00 1.306606904357491716e+00 1.796428496689268517e+00 7.793660679817167036e+00 2.691344028637833397e+00 3.929890229467208673e+00 1.203903032616928925e+01 6.781390032370373078e+00 4.973896116484330499e+00 3.470199539845423953e+00 1.647391263195630629e+01 8.540023459972653441e+00 1.473879860767951122e+01 3.286861437832662158e+00 1.453418517553059175e+01 3.505698281680548423e+00 3.487674923992241549e+00 5.855915686894123340e+00 1.225706448717367891e+01 1.301838177559778131e+01 3.025402069063394705e+00 3.116044527192391111e+00 3.523533373323443296e+00 7.296757970427990792e+00 6.138408251947423011e+00 1.506439194456710240e+01 1.712240038252324625e+00 1.797092451483908837e+00 5.563571594232138651e+00 9.181213533705506080e+00 6.112601707034377441e+00 1.742518604550478800e+00 3.215518855781478447e+00 9.704321449242160114e+00 1.909441362436604672e+00 2.831144997069275249e+00 1.400243336859231391e+01 3.724604914242575671e+00 3.934170034068192212e+00 4.078413911952027071e+00 3.703864252449610817e+00 6.948976112906176894e+00 1.297887721851886722e+00 3.408960374789980374e+00 1.940607815943443448e+00 3.070806973097908177e+00 8.386793163778037297e+00 5.508977989600274405e+00 3.745827687284938090e+00 5.330056498050194769e+00 1.502761062449826657e+00 2.289617940936311324e+00 4.029887721814979784e+00 8.892935280605721360e+00 3.330026417102101455e+00 6.551142602105322510e+00 6.361894828739004915e+00 3.831406802884418816e+00 5.572198652891314552e+00 1.608760115332359319e+01 7.737053820999749476e+00 2.054810748254992703e+01 1.621280038711754656e+01 5.093631875898469552e+00 7.074919346800439435e+00 6.002013930128395458e+00 1.649236063941485142e+01 1.924472231411263001e+00 2.300847945164003594e+00 5.933280264494885436e+00 3.212369466189020528e+00 2.843065367069059768e+00 2.689415023236434887e+00 4.138242600593644127e+00 5.838203792297903760e+00 3.751760933180401381e+00 3.131146750817319635e+00 3.691982461719345299e+00 3.584870577149457116e+00 5.903204356853383850e+00 4.173357486602890631e+00 4.199616094292752067e+00 3.598764388519839930e+00 5.886334381227428025e+00 4.052783661353739575e+00 4.537810099716965695e+00 3.581312880208192606e+00 3.900730774916518762e+00 2.717241186771097272e+00 3.945832421444069649e+00 4.290542643234882547e+00 6.928783653060587966e+00 3.047849806782454429e+00 3.815848802698335263e+00 3.772064979287820030e+00 3.015309475999916611e+00 4.002048083824806035e+00 5.512491957325721614e+00 4.905115048175711756e+00 3.253584904110191189e+00 4.391805059274396683e+00 2.898616785227520865e+00 2.401627220810732766e+00 4.446034619181649106e+00 2.155567105842056908e+00 5.642529228413889264e+00
4.923529411764706083e+02 1.620765093927829970e+00 1.056327974566682260e+00 2.278576172983381110e+00 1.343399290061615403e+00 1.014402923030918613e+00 1.107882195752713628e+00 1.532520059435199755e+00 6.737336555089171952e+00 2.304591730962101348e+00 3.374100046375904771e+00 1.046522473628246352e+01 5.856869696722773355e+00 4.283148314765297116e+00 2.977860325581815903e+00 1.437595033721698279e+01 7.390878520760232995e+00 1.283910028425819405e+01 2.818508151747383117e+00 1.265920944753282384e+01 3.009273986332515527e+00 2.989289103767112987e+00 5.050572201971236019e+00 1.065061989227529438e+01 1.132996054039786493e+01 2.585777779699690360e+00 2.671571929994449590e+00 3.019688379138937506e+00 6.305910516817142764e+00 5.297372541991908435e+00 1.312640424434471953e+01 1.460091928099971792e+00 1.533137506685501750e+00 4.786178110131038110e+00 7.955272202280459837e+00 5.273010003030774051e+00 1.484226958299785792e+00 2.753846217807838226e+00 8.416790943767928468e+00 1.624608052994927831e+00 2.425769245223269088e+00 1.219957441598779724e+01 3.200305278804213671e+00 3.375807754296851648e+00 3.497794120134903206e+00 3.176549276622840701e+00 6.000127130318777979e+00 1.100736397874224171e+00 2.923273758076493145e+00 1.656781589190033266e+00 2.633247135581597398e+00 7.248429322255184992e+00 4.745210542491595795e+00 3.210480819541109199e+00 4.589465183613566701e+00 1.277848171062531346e+00 1.955598148796008129e+00 3.459686560537105660e+00 7.706256341062110771e+00 2.857376322858565576e+00 5.654513912771052198e+00 5.490954504574323103e+00 3.282190101562954432e+00 4.796379254227982614e+00 1.402579777829890340e+01 6.691259417690215372e+00 1.798024920399593185e+01 1.413663720406351842e+01 4.385136731158641332e+00 6.111974868003331451e+00 5.176994454579032734e+00 1.438330971080111986e+01 1.640783627464453387e+00 1.964802910340332387e+00 5.118233935269950408e+00 2.755425424069155582e+00 2.433214271788736394e+00 2.302588647093921637e+00 3.547983347082610539e+00 5.034318651710361969e+00 3.218332058180819910e+00 2.682123516878442970e+00 3.161576426932998896e+00 3.076816898385907439e+00 5.079100819195748961e+00 3.579221137288199017e+00 3.601611594692519791e+00 3.085462299649707862e+00 5.076258399309488745e+00 3.480549375788515309e+00 3.894671887700786428e+00 3.065836583576980079e+00 3.349640466025115781e+00 2.323310917397211739e+00 3.387533895778231940e+00 3.686864243026521937e+00 5.987671966868909124e+00 2.608868069922327670e+00 3.269886947236246399e+00 3.232089689550817546e+00 2.582754661636170734e+00 3.428998283754646881e+00 4.751965784683273242e+00 4.222818097388981506e+00 2.787877001953072753e+00 3.778267337143018434e+00 2.476790575519017157e+00 2.051414938388347764e+00 3.814729025699490794e+00 1.838939395844862101e+00 4.855032100209239587e+00
4.932352941176471290e+02 1.377813554573491750e+00 8.946534415975213594e-01 1.946506918788291296e+00 1.142274048305782053e+00 8.600479023262167511e-01 9.385194086928559942e-01 1.306152748612750880e+00 5.818432290344279778e+00 1.971535138285826161e+00 2.894123821697442533e+00 9.087992922784469130e+00 5.053413366280138597e+00 3.684737225949640038e+00 2.552916626725913574e+00 1.253235587941353302e+01 6.390021269176324736e+00 1.117290729299324425e+01 2.414575222491619488e+00 1.101493083614846391e+01 2.580660447130480151e+00 2.559670860393867819e+00 4.351719835736176378e+00 9.245412092320297148e+00 9.850546344993105663e+00 2.207943527926724769e+00 2.288304961243888158e+00 2.585415350457461514e+00 5.444238222346237777e+00 4.567083067887356407e+00 1.142611529541482440e+01 1.243907154123253145e+00 1.306722329424990114e+00 4.113415488268287845e+00 6.886164396407831845e+00 4.544282857055647717e+00 1.263040223522840400e+00 2.356209057784721672e+00 7.292791002515111920e+00 1.380977406794780649e+00 2.076450880281468070e+00 1.061804833818190374e+01 2.747154137782921612e+00 2.893908590933499170e+00 2.996956933963520697e+00 2.721694991456714341e+00 5.175745270607514215e+00 9.326747529937746695e-01 2.504381781784573491e+00 1.413133284686218349e+00 2.255871023438762890e+00 6.258398760751735068e+00 4.083349166017382181e+00 2.749012296013791712e+00 3.947930340618258871e+00 1.085588351540887064e+00 1.668729413021056152e+00 2.967305768380637865e+00 6.671277445891053759e+00 2.449456567869121137e+00 4.875811268973595958e+00 4.734593001700604376e+00 2.809016503673261500e+00 4.124564405340126250e+00 1.221579251535032640e+01 5.781099535301225778e+00 1.571707396588441874e+01 1.231379162252562232e+01 3.771517488697920140e+00 5.274892886717394092e+00 4.461006441588074800e+00 1.253118478402607572e+01 1.397601841299606740e+00 1.676254977316760320e+00 4.410823618699607707e+00 2.361211730246207008e+00 2.080465090238871717e+00 1.969522151931621057e+00 3.039002129058715251e+00 4.336876231987974784e+00 2.758096949341483306e+00 2.295299320771521323e+00 2.704789126554326018e+00 2.638225879200430501e+00 4.365803346925863693e+00 3.066724693337392615e+00 3.085798272053401625e+00 2.642840022944142664e+00 4.373380405479709410e+00 2.986230829043861501e+00 3.339470398449268185e+00 2.622055640039050672e+00 2.873636043941719009e+00 1.984607048591709555e+00 2.905429865502904718e+00 3.165063092371939835e+00 5.169285431139543086e+00 2.230986835747120534e+00 2.799361101960487819e+00 2.766765704766384726e+00 2.210139580451597308e+00 2.935195572889669702e+00 4.092361637908700445e+00 3.631892285865646386e+00 2.386545895805618489e+00 3.247288015309087505e+00 2.114349741050729925e+00 1.750616529560371726e+00 3.269920465127737152e+00 1.567345778627451613e+00 4.173386873260272800e+00
4.941176470588234793e+02 1.170205355966073668e+00 7.570384001936709684e-01 1.661276897671952524e+00 9.703678959175003893e-01 7.285178123106621495e-01 7.943275304074786103e-01 1.112190113041710893e+00 5.019963075942245112e+00 1.685025634727622901e+00 2.480068193909461094e+00 7.884163454347286937e+00 4.355944193438423540e+00 3.166888007796597737e+00 2.186538415116107803e+00 1.091417981120358682e+01 5.519294841277027963e+00 9.713209530657232804e+00 2.066576418378784918e+00 9.574632839627325254e+00 2.210994611341852156e+00 2.189728872761715017e+00 3.745947006215115227e+00 8.017638654593316261e+00 8.555760717811089933e+00 1.883558411499768770e+00 1.958170397587581490e+00 2.211508964489002249e+00 4.695736204592064311e+00 3.933659302819433545e+00 9.936100054384562341e+00 1.058750508943596902e+00 1.112711877248648173e+00 3.531836677505669986e+00 5.954878941185387298e+00 3.912480319738384615e+00 1.073825477388444360e+00 2.014091490130515361e+00 6.312664165557460016e+00 1.172805273384122993e+00 1.775760402114897385e+00 9.232289838608556565e+00 2.355921534116188099e+00 2.478450068817724006e+00 2.565404261313373180e+00 2.329766372792920315e+00 4.460298621709526401e+00 7.895569297403848275e-01 2.143486890817036361e+00 1.204195704965563385e+00 1.930750655222717160e+00 5.398333381843277934e+00 3.510426676632884213e+00 2.351653521762324672e+00 3.392811935112238331e+00 9.214109370218396267e-01 1.422615820785922525e+00 2.542584110266814523e+00 5.769625269645036525e+00 2.097781851135478437e+00 4.200274477363743486e+00 4.078464561898046625e+00 2.401793538186198340e+00 3.543448107712173112e+00 1.062868144279506488e+01 4.989869200505700597e+00 1.372478982643415968e+01 1.071521683508023060e+01 3.240651153607331025e+00 4.548032366732645215e+00 3.840327258890715800e+00 1.090658041728894467e+01 1.189361256762264007e+00 1.428752096034409558e+00 3.797513498379419428e+00 2.021482745712928075e+00 1.777185651560738933e+00 1.683050241338821973e+00 2.600578544598401987e+00 3.732450124923760271e+00 2.361440063299657499e+00 1.962414796778207515e+00 2.311822762491354766e+00 2.260009121843014501e+00 3.749087596572287850e+00 2.625125677771659394e+00 2.641358154616385345e+00 2.261575248851458664e+00 3.764188069577770523e+00 2.559681311276982285e+00 2.860699412844979417e+00 2.240405793649129063e+00 2.462932023689935690e+00 1.693696100831655560e+00 2.489571598530652796e+00 2.714523792378825462e+00 4.458413455046128959e+00 1.906048535349938788e+00 2.394282811006466893e+00 2.366202084640811609e+00 1.889501608094047436e+00 2.510136608168217265e+00 3.520917485735957086e+00 3.120661946472266024e+00 2.041063021174253311e+00 2.788259528462563086e+00 1.803263228864655954e+00 1.492532620593813864e+00 2.800264580990944552e+00 1.334625589792433731e+00 3.584009891722563790e+00
4.950000000000000000e+02 9.929801480835228622e-01 6.400200391260034705e-01 1.416535343365352251e+00 8.235861743498907872e-01 6.165505359944335462e-01 6.716889900779173805e-01 9.461652120649247655e-01 4.326907318041506301e+00 1.438817205258743126e+00 2.123260006485817364e+00 6.833091855695137440e+00 3.751143999332624990e+00 2.719238936917845351e+00 1.870989884027721484e+00 9.495493339288177737e+00 4.762617259786154023e+00 8.435873924713789052e+00 1.767083816954194697e+00 8.314448406358327048e+00 1.892508611534897689e+00 1.871510407827998934e+00 3.221427830710271056e+00 6.946104016518328095e+00 7.423848843358498151e+00 1.605351865814436563e+00 1.674103395783755444e+00 1.889917895113557122e+00 4.046255010220657589e+00 3.384852375227715982e+00 8.631845129985181941e+00 9.003322877971700056e-01 9.466402597061258639e-01 3.029623435341657789e+00 5.144550688814891970e+00 3.365307425367574989e+00 9.121273885713716556e-01 1.720051561658621164e+00 5.458949254306816989e+00 9.951125879424660425e-01 1.517201510943592568e+00 8.019451762601493172e+00 2.018508005886374690e+00 2.120652342219502717e+00 2.193945537386266409e+00 1.992415996385695331e+00 3.840071450520272656e+00 6.678033460239135577e-01 1.832888493765642446e+00 1.025209764090041942e+00 1.650946741235631121e+00 4.651993001705123199e+00 3.015028038959612022e+00 2.009859516798276680e+00 2.912988031972734593e+00 7.813568375223614026e-01 1.211686833371540928e+00 2.176614502652927552e+00 4.984998387569979705e+00 1.794919017928737093e+00 3.614875579410287365e+00 3.509907669764741112e+00 2.051698479625470917e+00 3.041327425009815233e+00 9.238609329414458671e+00 4.302786041703275721e+00 1.197301603326407715e+01 9.314926252004950058e+00 2.781873075209288615e+00 3.917572064628314976e+00 3.302855474595503882e+00 9.483181327264443183e+00 1.011225242382673306e+00 1.216676235747098600e+00 3.266365302141133409e+00 1.729018555067746377e+00 1.516711928781865781e+00 1.436913574918471159e+00 2.223331154902103979e+00 3.209204337810373175e+00 2.019941154096594360e+00 1.676250347099265792e+00 1.974116204204646285e+00 1.934202676447085212e+00 3.216449871444153619e+00 2.245019566264423894e+00 2.258821090092472783e+00 1.933509951251596304e+00 3.236768323386233881e+00 2.192002516601207596e+00 2.448276360308279109e+00 1.912533327049836585e+00 2.108947975143288023e+00 1.444095292091424287e+00 2.131238250083586472e+00 2.325930179862027991e+00 3.841609501356347600e+00 1.626929040602034249e+00 2.045916811899523680e+00 2.021749824495291392e+00 1.613880981965645445e+00 2.144637384992619467e+00 3.026387570203863397e+00 2.678856002411460491e+00 1.743970549109258528e+00 2.391858773070376198e+00 1.536532777232813451e+00 1.271327883216831101e+00 2.395824500656513756e+00 1.135421007383349057e+00 3.074959955573126624e+00
4.958823529411765207e+02 8.418436627362743119e-01 5.406140575017635008e-01 1.206751102283535548e+00 6.983831236565256617e-01 5.213311472089051657e-01 5.674852963488520308e-01 8.041987083199160224e-01 3.726000125202739266e+00 1.227460276793050920e+00 1.816106835973149591e+00 5.916414805452954617e+00 3.227266091987058605e+00 2.332685295654396196e+00 1.599503611855189522e+00 8.253112294565399409e+00 4.105766485722979198e+00 7.319373285510581972e+00 1.509605207329960175e+00 7.213091626046618465e+00 1.618404277054154461e+00 1.598068638798930241e+00 2.767750313992261013e+00 6.011964330990307026e+00 6.435429203768030959e+00 1.366995147956275414e+00 1.429930373965509594e+00 1.613610173868484043e+00 3.483304694685263048e+00 2.909869654462809763e+00 7.491475922408318056e+00 7.649289588714101029e-01 8.046288768608313990e-01 2.596404338302614523e+00 4.440241757108861265e+00 2.891936437815340266e+00 7.740840297410822579e-01 1.467595002737283494e+00 4.716160533565274093e+00 8.435892545764535067e-01 1.295101945232534302e+00 6.959149723383768915e+00 1.727816480430176993e+00 1.812835198310521978e+00 1.874546425355587687e+00 1.702346663691733486e+00 3.302970242307509352e+00 5.643274265848443605e-01 1.565855852482724186e+00 8.720385384209989876e-01 1.410394107205123371e+00 4.005040888244058905e+00 2.587119607982743652e+00 1.716166361838405763e+00 2.498687003731848932e+00 6.620013458687750152e-01 1.031097566496058437e+00 1.861600475910496044e+00 4.302956308001823160e+00 1.534365966204558562e+00 3.108132982225314311e+00 3.017764222420562525e+00 1.751029564629327684e+00 2.607924596626819191e+00 8.022487112569482548e+00 3.706789212463809324e+00 1.043448557981636604e+01 8.089709133962806220e+00 2.385815453391291197e+00 3.371317487230407028e+00 2.837935419002092896e+00 8.237477182924015651e+00 8.589964538455585608e-01 1.035142376656021046e+00 2.806865668034035810e+00 1.477506446160989695e+00 1.293233477121702890e+00 1.225651957536046499e+00 1.899061995891547339e+00 2.756720606949354391e+00 1.726237345589133332e+00 1.430504199860456627e+00 1.684199514093043248e+00 1.653837929718223521e+00 2.756915132088054055e+00 1.918184993909242575e+00 1.929908657547880324e+00 1.651515248281539172e+00 2.780633865884115874e+00 1.875402291154634860e+00 2.093378915616071367e+00 1.631152129638407056e+00 1.804171016019614049e+00 1.230158869826105672e+00 1.822796356360006920e+00 1.991118269605265167e+00 3.307004666408100757e+00 1.387415587490700153e+00 1.746634744841004672e+00 1.725856678499650521e+00 1.377203160763045720e+00 1.830678936708995730e+00 2.598877104733943177e+00 2.297452444937232219e+00 1.488756202678373608e+00 2.049903699773059085e+00 1.308068555859591919e+00 1.081926650428282954e+00 2.047908751766462476e+00 9.650789012529285005e-01 2.635755211062413839e+00
4.967647058823529278e+02 7.130831946928026799e-01 4.562518568940709396e-01 1.027113431038515712e+00 5.916923657234531841e-01 4.404337695361900118e-01 4.790316573222708207e-01 6.829261024929621504e-01 3.205545498467327725e+00 1.046206741779652560e+00 1.551971747331484686e+00 5.117823906605660333e+00 2.773965298302611515e+00 1.999238591878537807e+00 1.366167695815538652e+00 7.166340673496515379e+00 3.536184372934198183e+00 6.344536132522358152e+00 1.288474172239657989e+00 6.251609110750410814e+00 1.382740536079272609e+00 1.363343927985974924e+00 2.375760875603326827e+00 5.198493038666684996e+00 5.573262253230517160e+00 1.162986868243158778e+00 1.220264182146714393e+00 1.376452706246367619e+00 2.995876741257619713e+00 2.499215741262847068e+00 6.495504277920262304e+00 6.493127932848837824e-01 6.833137424986512887e-01 2.223090825122081338e+00 3.828741640360047160e+00 2.482845824705868676e+00 6.563523186240388663e-01 1.251062488680388718e+00 4.070585555024629265e+00 7.145092355675947138e-01 1.104515889035541543e+00 6.033226125363921000e+00 1.477637093241640498e+00 1.548289842438685060e+00 1.600193222239664204e+00 1.453188197764176737e+00 2.838347740342198833e+00 4.764711412170822280e-01 1.336514207758861650e+00 7.410907768867515122e-01 1.203799066383839600e+00 3.444839637481068806e+00 2.217894783148267823e+00 1.464063518261785823e+00 2.141336091428295063e+00 5.603859029834870054e-01 8.766399506685034204e-01 1.590727434362210868e+00 3.710726760694591064e+00 1.310443094400649544e+00 2.669942943976966632e+00 2.592215653273899356e+00 1.493072962566495798e+00 2.234226536165433874e+00 6.959729202734957987e+00 3.190356305999161979e+00 9.084768306944436489e+00 7.018868396211876970e+00 2.044261580951040269e+00 2.898525500408773770e+00 2.436198313326869869e+00 7.148497888466472716e+00 7.290371926291897564e-01 8.799086284577554151e-01 2.409769689974062601e+00 1.261434698734201554e+00 1.101691063137849591e+00 1.044508924929448135e+00 1.620617341242964971e+00 2.365842029833024274e+00 1.473899412037720680e+00 1.219683391785755244e+00 1.435563929547346351e+00 1.412825899395194096e+00 2.360864090903189272e+00 1.637444976630062499e+00 1.647394453134146897e+00 1.409370284045556421e+00 2.386566157523036580e+00 1.603066861584889979e+00 1.788298425846368334e+00 1.389916074786145650e+00 1.542032339745428304e+00 1.046976810684213666e+00 1.557573767934566478e+00 1.702943987120197011e+00 2.844138339219070666e+00 1.182097640501635460e+00 1.489784164624328167e+00 1.471937278109136216e+00 1.174173613592662813e+00 1.561269338253255867e+00 2.229692790223566146e+00 1.968537908837508343e+00 1.269741345625492013e+00 1.755223947304462184e+00 1.112578521733246451e+00 9.199200358472482408e-01 1.748925918375730415e+00 8.195635380571929529e-01 2.257208078245211524e+00
4.976470588235293917e+02 6.034930118949508593e-01 3.847254254706453103e-01 8.734438384743349326e-01 5.008655407481688027e-01 3.717704671794617721e-01 4.040195903062555605e-01 5.794332821767802510e-01 2.755245991728814126e+00 8.909253021240278736e-01 1.325061168870001582e+00 4.422858227219991001e+00 2.382144035594350839e+00 1.711899662849406534e+00 1.165824801581358594e+00 6.216733355025495733e+00 3.042798554157719604e+00 5.494315840767253434e+00 1.098751862230131326e+00 5.413151063677598351e+00 1.180332545387227761e+00 1.162057774479373418e+00 2.037423827709669677e+00 4.490865851237466622e+00 4.822037770220958919e+00 9.885512848031051680e-01 1.040410363639487690e+00 1.173103758170554123e+00 2.574282575310328447e+00 2.144548610402259303e+00 5.626595585631512186e+00 5.506895428779706725e-01 5.797810651948411831e-01 1.901729714266552129e+00 3.298384987367262156e+00 2.129674831808872959e+00 5.560420915900499139e-01 1.065528993641567945e+00 3.510100485287425798e+00 6.046555685518166801e-01 9.411368436105121971e-01 5.225532511363438992e+00 1.262543907911512164e+00 1.321164152508147449e+00 1.364771677333960875e+00 1.239387412811717493e+00 2.436843631968431012e+00 4.019484066819341561e-01 1.139742956657916695e+00 6.292531052756636933e-01 1.026547589718500797e+00 2.960266171884582853e+00 1.899635005999694481e+00 1.247879869137635156e+00 1.833424990657413822e+00 4.739579524574103475e-01 7.446639438748489104e-01 1.358047221719335118e+00 3.197029962120719659e+00 1.118196087139458950e+00 2.291427127045688739e+00 2.224634618057703683e+00 1.271984048697910374e+00 1.912340444239989612e+00 6.032011435923216425e+00 2.743337202037134492e+00 7.902011119604432032e+00 6.083977675425526144e+00 1.750014612804851488e+00 2.489745461536153837e+00 2.089418747306771795e+00 6.197569063437155634e+00 6.181989670493939215e-01 7.472964731786529979e-01 2.066959705069147279e+00 1.075997589161880930e+00 9.376855657209611783e-01 8.893466762182846708e-01 1.381763275981134464e+00 2.028532014352850688e+00 1.257321107005084704e+00 1.039006509993175786e+00 1.222545919612430199e+00 1.205853542798496436e+00 2.019877644964173324e+00 1.396542930791502268e+00 1.404979041997228340e+00 1.201654052289093721e+00 2.046473622807790882e+00 1.369046237762198359e+00 1.526308675188142061e+00 1.183305304042195694e+00 1.316796595764400779e+00 8.902846343742142343e-01 1.329746652315404232e+00 1.455164471049083863e+00 2.443804652683836398e+00 1.006269758403757653e+00 1.269571656684203020e+00 1.254257248521253088e+00 1.000183982012144313e+00 1.330320492146846778e+00 1.911207856118031456e+00 1.685181308974332826e+00 1.081981040025963958e+00 1.501544717016143338e+00 9.454700429308646736e-01 7.814834772200163204e-01 1.492254571975525801e+00 6.953793433917859756e-01 1.931276855300820383e+00
4.985294117647059124e+02 5.103086529951421646e-01 3.241390754057023038e-01 7.421177616878809058e-01 4.236182434084556636e-01 3.135464107714218684e-01 3.404666379878248383e-01 4.911995036136793114e-01 2.366048510791485704e+00 7.580261467504908479e-01 1.130324549173559179e+00 3.818714411335708103e+00 2.043813344333631932e+00 1.464544736102527445e+00 9.939818995163588466e-01 5.387877115198777211e+00 2.615860829214069927e+00 4.753578568837600216e+00 9.361393933478163731e-01 4.682760898915265813e+00 1.006661597482047865e+00 9.896182990847882666e-01 1.745694878789115556e+00 3.875964252134281196e+00 4.168179694177122308e+00 8.395480231394591986e-01 8.862836250235933688e-01 9.989170511255447416e-01 2.210007626822886539e+00 1.838550009569019705e+00 4.869354765743183044e+00 4.666433517208553594e-01 4.915102835541741433e-01 1.625371081495371683e+00 2.838886106879770388e+00 1.825092352011980612e+00 4.706579555200069431e-01 9.067142316914893474e-01 3.024001999079485969e+00 5.112543575734277423e-01 8.012200131369947576e-01 4.521729477205286507e+00 1.077802442457679089e+00 1.126360206537966313e+00 1.162958837483164309e+00 1.056109799085011458e+00 2.090240759709051765e+00 3.387954852702383390e-01 9.710849295461017050e-01 5.338299502685955877e-01 8.746235341987761425e-01 2.541544328915448681e+00 1.625584825816371204e+00 1.062682127698672652e+00 1.568383396470565794e+00 4.005180191314322569e-01 6.320076688229553374e-01 1.158375092372332160e+00 2.751918864383904317e+00 9.533091951653958063e-01 1.964795105653561302e+00 1.907451314330125269e+00 1.082681677653988261e+00 1.635364217561630973e+00 5.223048028536556586e+00 2.356803568478933908e+00 6.866698291490812345e+00 5.268657821271978570e+00 1.496779836325811353e+00 2.136675635208867607e+00 1.790385349071575316e+00 5.368086707004959379e+00 5.237602225326964955e-01 6.341201293111635717e-01 1.771317883808240845e+00 9.170106558689955500e-01 7.973969144841491774e-01 7.565704284629579668e-01 1.177074775203122092e+00 1.737747145670950788e+00 1.071620488667283988e+00 8.843170909045924288e-01 1.040224008136915179e+00 1.028291183664091779e+00 1.726597329217008259e+00 1.190031972080514366e+00 1.197178517082642557e+00 1.023648925105186125e+00 1.753263892816884217e+00 1.168151878065281979e+00 1.301548630594508538e+00 1.006525010495431527e+00 1.123462996899616817e+00 7.563834994510728604e-01 1.134238583892019925e+00 1.242331939548998898e+00 2.097913578059480422e+00 8.558451339009204295e-01 1.080958699277076551e+00 1.067829908283424167e+00 8.512284856028894398e-01 1.132538422373726261e+00 1.636740690083387406e+00 1.441320397525182706e+00 9.211750381056934556e-01 1.283382476801074423e+00 8.027627250662426883e-01 6.633036214486062176e-01 1.272127187664378267e+00 5.895025212170739159e-01 1.650932576360402138e+00
4.994117647058823195e+02 4.311491709656196103e-01 2.728672463629082667e-01 6.299952309368025416e-01 3.579824720992876297e-01 2.642206286166430274e-01 2.866724097164851659e-01 4.160470740295977854e-01 2.030005249238400644e+00 6.443940728059550649e-01 9.633650348631206395e-01 3.294073494702602023e+00 1.751967598884800026e+00 1.251823273575041195e+00 8.467299679280247959e-01 4.665189254051744783e+00 2.246801104867092835e+00 4.108908968865883971e+00 7.968998816789898409e-01 4.047182636512443032e+00 8.577948171419454981e-01 8.420362076910866689e-01 1.494407351274715579e+00 3.342196413267497501e+00 3.599667866258592586e+00 7.123921959715124874e-01 7.543334781795244526e-01 8.498565928596917285e-01 1.895579585459924665e+00 1.574808700930435679e+00 4.210129966261130008e+00 3.950881725339501771e-01 4.163237717949318517e-01 1.387949908412392519e+00 2.441188802339296693e+00 1.562679066159658348e+00 3.980480768133226044e-01 7.709031683376098565e-01 2.602854575340580734e+00 4.319167395095733775e-01 6.815133278949303541e-01 3.909103321137177289e+00 9.192871048288909774e-01 9.594429748743368291e-01 9.901267660761471356e-01 8.991521525400039128e-01 1.791335609313458255e+00 2.853275953171471868e-01 8.266655150322687051e-01 4.524904661001212247e-01 7.445357763595148448e-01 2.180093937126002857e+00 1.389839795131974309e+00 9.041845069734555373e-01 1.340471213559055963e+00 3.381732290717716083e-01 5.359356492865429145e-01 9.871977344868249071e-01 2.366634382825103966e+00 8.120279335404362309e-01 1.683220615578716828e+00 1.634033080286886541e+00 9.207542748342443240e-01 1.397270313580417866e+00 4.518386910401178014e+00 2.022912936936833717e+00 5.961428749565139462e+00 4.558371667686382800e+00 1.279059053094316001e+00 1.832033816549108352e+00 1.532784574305872560e+00 4.645310220124319933e+00 4.433714288813434545e-01 5.376240861355079392e-01 1.516611807288762881e+00 7.808351898496684873e-01 6.775122083655719107e-01 6.430612260996111385e-01 1.001836959411698702e+00 1.487322984817200489e+00 9.125519832793210773e-01 7.520066959212707847e-01 8.843271398876549894e-01 8.761100550851649293e-01 1.474600493798442935e+00 1.013176457392218177e+00 1.019225197628776725e+00 8.712548429849621412e-01 1.500729047086236889e+00 9.958652775993795947e-01 1.108918011454448571e+00 8.554156478787241502e-01 9.576770375973960858e-01 6.420692883895713354e-01 9.666305761034590383e-01 1.059698780861787482e+00 1.799365770209454984e+00 7.272788837596926292e-01 9.195690519698528353e-01 9.083245153989221166e-01 7.238297401819210330e-01 9.633257480639120240e-01 1.400445776215741178e+00 1.231660074768929469e+00 7.835886565359930778e-01 1.095951704078780953e+00 6.810112304150494067e-01 5.625137019602216570e-01 1.083526715411629038e+00 4.993207158937746915e-01 1.410039830016493134e+00
5.002941176470587834e+02 3.639664421899552194e-01 2.295176804513498203e-01 5.343595342276449278e-01 3.022648954777786279e-01 2.224716934753558639e-01 2.411801881800398895e-01 3.520970171126641124e-01 1.740148385401588893e+00 5.473292091064879683e-01 8.203598274522935219e-01 2.838943392166721313e+00 1.500471975947336389e+00 1.069066607069174779e+00 7.206725046303781301e-01 4.035733007568531150e+00 1.928095542913893512e+00 3.548432664854594520e+00 6.777891940860146791e-01 3.494684898249384108e+00 7.303136705074161350e-01 7.158502145285262630e-01 1.278170211075692730e+00 2.879334331110109613e+00 3.105875264701694949e+00 6.039838159242277849e-01 6.414782454380006937e-01 7.224210252788295650e-01 1.624449903408252682e+00 1.347715788551082650e+00 3.636833137634011504e+00 3.342249873763333823e-01 3.523425411576252553e-01 1.184180487881620891e+00 2.097330724569018034e+00 1.336821689236241451e+00 3.363591809555182555e-01 6.548755073610137423e-01 2.238352202093371268e+00 3.645879637779648741e-01 5.791962711245760564e-01 3.376398461144570984e+00 7.834076639705440659e-01 8.165592277070692351e-01 8.422570880297925999e-01 7.648648948081651078e-01 1.533821963518581910e+00 2.401010176307764032e-01 7.031209396537756451e-01 3.832217203606446687e-01 6.332535249879952532e-01 1.868394894192088929e+00 1.187246268817786499e+00 7.686685659901356660e-01 1.144680381097858302e+00 2.852965588949633591e-01 4.540842957628345444e-01 8.405914942238177368e-01 2.033474439118646782e+00 6.910903470454947684e-01 1.440730378573521264e+00 1.398576362889916824e+00 7.823765409084992850e-01 1.192801998412039266e+00 3.905222402220891453e+00 1.734786239690426779e+00 5.170711000675532354e+00 3.940236145979225224e+00 1.092056265672125548e+00 1.569440885460631652e+00 1.311096470202006259e+00 4.016172891777225473e+00 3.750067600174479265e-01 4.554279982808175364e-01 1.297391715495144870e+00 6.643112081000069891e-01 5.751620605896283767e-01 5.461164409691268151e-01 8.519575065994063889e-01 1.271871763535039612e+00 7.764282216739459841e-01 6.389466819730135194e-01 7.511535217888452021e-01 7.458088190028915321e-01 1.258288750159034075e+00 8.618644420077595791e-01 8.669795646143175771e-01 7.409130679550542942e-01 1.283442707284977002e+00 8.482566120040450075e-01 9.439843362251597592e-01 7.263734377100721229e-01 8.156520043317677660e-01 5.445699838184195896e-01 8.230809229657893855e-01 9.031330738046690065e-01 1.541939813154389105e+00 6.175001676605076373e-01 7.816066510980774762e-01 7.719848390732951815e-01 6.149729350440618081e-01 8.186951900078330846e-01 1.197215991207610797e+00 1.051581537334156602e+00 6.659825888157956397e-01 9.350816314773607862e-01 5.772371360013942576e-01 4.766364737281527653e-01 9.220946131432236070e-01 4.225798560760359868e-01 1.203250316923124341e+00
5.011764705882353041e+02 3.070007730188953898e-01 1.928993430033760226e-01 4.528631024102268143e-01 2.550102706642958239e-01 1.871677849320394216e-01 2.027434828471546546e-01 2.977300924478046840e-01 1.490377582816064805e+00 4.644946048974579744e-01 6.979895454794178278e-01 2.444515888334408693e+00 1.283961422609643632e+00 9.122064600345312080e-01 6.128621199008758014e-01 3.488048623655322533e+00 1.653147868606994253e+00 3.061654480958730495e+00 5.759945656617695420e-01 3.014900587420115130e+00 6.212505374664695212e-01 6.080609621625240324e-01 1.092276785946680873e+00 2.478366223484157249e+00 2.677420078074597143e+00 5.116455412832092708e-01 5.450465632955969753e-01 6.135766746747240985e-01 1.390887370307293924e+00 1.152370836395328446e+00 3.138776512268785179e+00 2.825042143846853149e-01 2.979472754515338218e-01 1.009462325455576126e+00 1.800320938125409720e+00 1.142618348805416018e+00 2.839970638885277454e-01 5.558433405164090457e-01 1.923193365082944251e+00 3.075027933528343138e-01 4.918257051739123309e-01 2.913664638271647789e+00 6.670438030489226344e-01 6.943654528390884595e-01 7.158651057216203206e-01 6.500831699856439716e-01 1.312186541520898198e+00 2.018800646451318626e-01 5.975346264594947332e-01 3.242874801884427782e-01 5.381489833548850354e-01 1.599865129949216147e+00 1.013311828303979034e+00 6.529122020648762126e-01 9.766472771197185487e-01 2.404911800382350251e-01 3.844138763558790362e-01 7.151497235950089459e-01 1.745675755813511865e+00 5.876660349254049232e-01 1.232104567881190382e+00 1.196009872287666420e+00 6.642357375034358968e-01 1.017380776195165204e+00 3.372224260334036217e+00 1.486397671239904739e+00 4.480774396707388085e+00 3.402850835089300308e+00 9.315934922033439758e-01 1.343316410532318539e+00 1.120501321579117304e+00 3.469108821588124947e+00 3.169216261989302175e-01 3.854781489629287017e-01 1.108898657938067522e+00 5.646979644514639185e-01 4.878643504353213367e-01 4.633971546848639211e-01 7.238889233634548948e-01 1.086690739414672757e+00 6.600507700749583817e-01 5.424278453260880095e-01 6.374987760370918188e-01 6.343484756586142970e-01 1.072788573192157591e+00 7.325301133635128137e-01 7.368520030000023091e-01 6.295386732057851598e-01 1.096667977863729604e+00 7.219124745146657807e-01 8.029004239820358713e-01 6.162800087399452620e-01 6.940991526395926536e-01 4.614903904684329317e-01 7.002541355247099419e-01 7.690433723245091446e-01 1.320191060137634986e+00 5.238521201976773511e-01 6.637828448971831996e-01 6.555570807290053148e-01 5.220476081157104931e-01 6.951929835820573889e-01 1.022595293828272522e+00 8.970611646411429385e-01 5.655507606342166094e-01 7.971419937272844480e-01 4.888688556673803642e-01 4.035339430127181659e-01 7.840492607829101512e-01 3.573374030114801481e-01 1.025907973041701782e+00
5.020588235294118249e+02 2.587420633517317770e-01 1.619945065924951466e-01 3.834798344341039389e-01 2.149694538537453292e-01 1.573406090571601301e-01 1.702969215049211504e-01 2.515525689038640711e-01 1.275359044798117569e+00 3.938699397414777148e-01 5.933755607366402174e-01 2.103037181761074681e+00 1.097750260375125686e+00 7.777022457967572855e-01 5.207443675436811414e-01 3.011999405709008482e+00 1.416182822573257116e+00 2.639311429657763775e+00 4.890802962494216199e-01 2.598681243109899341e+00 5.280324781241581000e-01 5.160726204185899224e-01 9.326232582364508694e-01 2.131362864054343387e+00 2.306031490430805242e+00 4.330678768928243882e-01 4.627256412238439087e-01 5.206983516677080592e-01 1.189882761615237872e+00 9.844980326306960183e-01 2.706523804718520498e+00 2.385927258536194584e-01 2.517441248994752856e-01 8.597963993809976113e-01 1.544029731869474009e+00 9.757939821975095684e-01 2.395920138537459554e-01 4.713960767083565373e-01 1.650968347817251214e+00 2.591465059214960176e-01 4.172880178133508422e-01 2.512118095903097537e+00 5.674870606651550853e-01 5.899640946661875995e-01 6.079327324362964191e-01 5.520659215503198602e-01 1.121615634820976481e+00 1.696083223312625787e-01 5.073809123470006677e-01 2.741919899816716022e-01 4.569466134029718241e-01 1.368751299263767152e+00 8.641255475300818611e-01 5.541268762003530579e-01 8.325746853367071987e-01 2.025592985178138461e-01 3.251662808727148191e-01 6.079183844258341241e-01 1.497307525298741782e+00 4.993021472826182361e-01 1.052787742542764748e+00 1.021908002967051976e+00 5.634665752393037685e-01 8.670240350715151534e-01 2.909381949918542265e+00 1.272475900685020589e+00 3.879396079073392567e+00 2.936141731401268107e+00 7.940358017698599946e-01 1.148785069245123136e+00 9.567963387920220830e-01 2.993895158989792193e+00 2.676154393195303571e-01 3.260047794962571688e-01 9.469822725705728805e-01 4.796213148039413787e-01 4.134746006395768614e-01 3.928817123382015719e-01 6.145598852026763481e-01 9.276804770285884683e-01 5.606487675060740639e-01 4.601071012803295002e-01 5.405925442705264983e-01 5.390946211440876823e-01 9.138628884663915208e-01 6.220851239081430784e-01 6.257336965401307793e-01 5.344607914097201373e-01 9.362752106629536053e-01 6.138717491321166175e-01 6.823313245104364322e-01 5.224403612564284538e-01 5.901658444174598950e-01 3.907634452000645076e-01 5.952578668289054686e-01 6.543119897386133754e-01 1.129360988194682891e+00 4.440388930862847472e-01 5.632521283405274026e-01 5.562261728962872853e-01 4.427962186230452457e-01 5.898312173923490054e-01 8.727007370572318345e-01 7.645983866387161543e-01 4.798654134093763290e-01 6.789770533719882151e-01 4.136887728313390356e-01 3.413631495187427478e-01 6.661137385716756620e-01 3.019213114943822274e-01 8.739646021076498128e-01
5.029411764705882888e+02 2.178958336284842479e-01 1.359344739332608021e-01 3.244630640331514493e-01 1.810713889126429055e-01 1.321626676489317809e-01 1.429309097020805275e-01 2.123661634199831005e-01 1.090434970196360265e+00 3.337106338921003168e-01 5.040243898374066056e-01 1.807690430985735119e+00 9.377511780247229645e-01 6.624763479642743480e-01 4.421079371159460369e-01 2.598630787797491681e+00 1.212150198825173941e+00 2.273238651378377551e+00 4.149396415474038147e-01 2.237964286241948653e+00 4.484313426682688952e-01 4.376411903936250902e-01 7.956357787151144834e-01 1.831356505937492551e+00 1.984427500023786983e+00 3.662608918414465564e-01 3.925154525760497504e-01 4.415169705537686506e-01 1.017063259642488893e+00 8.403710718437779059e-01 2.331754538577667457e+00 2.013448914185141658e-01 2.125346577433072925e-01 7.317106871841621007e-01 1.323089233340787763e+00 8.326247371883113146e-01 2.019684980150096010e-01 3.994517729591823829e-01 1.416057381686267602e+00 2.182207680745632816e-01 3.537567754904220041e-01 2.164014873281322249e+00 4.823892368427304400e-01 5.008469936340250728e-01 5.158490335514697156e-01 4.684418905121165988e-01 9.579115076941169260e-01 1.423836164239109803e-01 4.304751835141041871e-01 2.316481131795770920e-01 3.876781978761633662e-01 1.170030531989209921e+00 7.362867629175119388e-01 4.699020626521946409e-01 7.091622286015963894e-01 1.704749213293593468e-01 2.748278476537413528e-01 5.163389107544400503e-01 1.283175442256871968e+00 4.238754914270491114e-01 8.988091314562788314e-01 8.724133351209961695e-01 4.775936206890052937e-01 7.382716081299071087e-01 2.507862609140467658e+00 1.088415291184789968e+00 3.355741659979565306e+00 2.531218585158979462e+00 6.762245147409671198e-01 9.815927872340893812e-01 8.163211389378854932e-01 2.581508079323810101e+00 2.257989188858434138e-01 2.754845468741893288e-01 8.080274169911869642e-01 4.070270624880482080e-01 3.501421677219870854e-01 3.328246899453092822e-01 5.213143864999387755e-01 7.912717794868219245e-01 4.758245532678345713e-01 3.899603366999428999e-01 4.580424520837036995e-01 4.577662394618222663e-01 7.778323407207443640e-01 5.278577592473348012e-01 5.309353363732643993e-01 4.533697150246655538e-01 7.986685238649300356e-01 5.215686916091046843e-01 5.793894836131066040e-01 4.425280525354109429e-01 5.013806125111927026e-01 3.306072877024447965e-01 5.055869717211727288e-01 5.562356819366104377e-01 9.652957945088392888e-01 3.760788620894458534e-01 4.775552663898398054e-01 4.715594295353643384e-01 3.752686775198798563e-01 5.000279699105187881e-01 7.441528757208915046e-01 6.511512751829185985e-01 4.068285177933766428e-01 5.778468160178036328e-01 3.497866813475927761e-01 2.885372455225591048e-01 5.654517598915933529e-01 2.548939744066343605e-01 7.439046400095928879e-01
5.038235294117646959e+02 1.833540296927922419e-01 1.139787841635576809e-01 2.743092719949426495e-01 1.523990420366669041e-01 1.109277763677791878e-01 1.198699402386577961e-01 1.791421416162118363e-01 9.315445749527364594e-01 2.825124968419289728e-01 4.277795172742034358e-01 1.552492936479273666e+00 8.004046342664883351e-01 5.638578197801429326e-01 3.750415126748080086e-01 2.240046804716960160e+00 1.036641207808750353e+00 1.956252089006600414e+00 3.517531831075459414e-01 1.925656747768914379e+00 3.805205548682997208e-01 3.708297786610814661e-01 6.782070373162787380e-01 1.572234893723731819e+00 1.706208029751185906e+00 3.095125601101618162e-01 3.326890829494170143e-01 3.740742390355630276e-01 8.686178616455929591e-01 7.167478384662950841e-01 2.007145217201506071e+00 1.697776482655118935e-01 1.792899737712481678e-01 6.221954469152863876e-01 1.132806637204642808e+00 7.098721158288741062e-01 1.701190981787949197e-01 3.382150547492738246e-01 1.213541694200493071e+00 1.836143226298100339e-01 2.996561140105132304e-01 1.862539932405856247e+00 4.097176467998290272e-01 4.248464026378542258e-01 4.373587754058375632e-01 3.971628766357748197e-01 8.174194965711679695e-01 1.194365694870960087e-01 3.649307257678867100e-01 1.955498709355262543e-01 3.286439460963969106e-01 9.993249722505437305e-01 6.268432457562183036e-01 3.981571872886704444e-01 6.035459197432024858e-01 1.433604696099156639e-01 2.320973049296266577e-01 4.381986950405992731e-01 1.098737883063914955e+00 3.595510650326589897e-01 7.667131992481053260e-01 7.441691386972146827e-01 4.044815119972019479e-01 6.281220015656593381e-01 2.159886397828191917e+00 9.301985258944245327e-01 2.900225429382523590e+00 2.180249939053658270e+00 5.754191568274542590e-01 8.380336563149249907e-01 6.958928720075338026e-01 2.223996460443232515e+00 1.903659585341237470e-01 2.326081534566127595e-01 6.888901939536050678e-01 3.451405784553974732e-01 2.962723891842576895e-01 2.817214326455621531e-01 4.418590979884166603e-01 6.743620849377863768e-01 4.035066005968573899e-01 3.302416448151369588e-01 3.877856658865682649e-01 3.883913589342429251e-01 6.615069203539842846e-01 4.475402850773352315e-01 4.501340854578335660e-01 3.842711215324664531e-01 6.807218573290521046e-01 4.427835972973094836e-01 4.915785859675654845e-01 3.745378359846657235e-01 4.256055550433158752e-01 2.794882088612974935e-01 4.290750382584367362e-01 4.724742157655121289e-01 8.243755434210369160e-01 3.182642102814319807e-01 4.045700966640010110e-01 3.994578084247776273e-01 3.177830382520503982e-01 4.235555481946680079e-01 6.340151721101775495e-01 5.540806700779703498e-01 3.446297550250523867e-01 4.913760211619225271e-01 2.955196221112261767e-01 2.436919311342813088e-01 4.796122057461131849e-01 2.150211659385125595e-01 6.326799443780082299e-01
5.047058823529412166e+02 1.541687930541120188e-01 9.549669013838384124e-02 2.317251014907937834e-01 1.281677628879595854e-01 9.303367677814301795e-02 1.004532507397563612e-01 1.509979112756096309e-01 7.951499588364525639e-01 2.389794606175019986e-01 3.627771013125696276e-01 1.332197726893223244e+00 6.826128154637202128e-01 4.795302202997286933e-01 3.178941821579239213e-01 1.929289796725417672e+00 8.858096245005505631e-01 1.682034995736618743e+00 2.979506886816793432e-01 1.655522977407519303e+00 3.226354115152299529e-01 3.139676845066411981e-01 5.776371990643660581e-01 1.348639929398929294e+00 1.465751976447075444e+00 2.613509185378107835e-01 2.817564329810696711e-01 3.166812130202663056e-01 7.412274701353545048e-01 6.108093806109887725e-01 1.726254318384256914e+00 1.430479872022524246e-01 1.511273049536934476e-01 5.286434353022196886e-01 9.690821648355412155e-01 6.047216385202470734e-01 1.431810332873107439e-01 2.861387002944055236e-01 1.039119017193028904e+00 1.543766522315208334e-01 2.536272672372760217e-01 1.601699866886260315e+00 3.477139077432440106e-01 3.600900430516704720e-01 3.705152609892169990e-01 3.364609067957358701e-01 6.969599428351520576e-01 1.001114791316469188e-01 3.091191844328215477e-01 1.649475738419787785e-01 2.783768663620025396e-01 8.528215135867124319e-01 5.332337844175124575e-01 3.370976607331201969e-01 5.132421370262368887e-01 1.204657993502461222e-01 1.958567112667163601e-01 3.715855912068475875e-01 9.400266803183223718e-01 3.047439984556926107e-01 6.534948475740255391e-01 6.342563673638322852e-01 3.422894615317766398e-01 5.339733567017951321e-01 1.858605810034184458e+00 7.943237901127585543e-01 2.504372355820104534e+00 1.876341792643104078e+00 4.892436906748955927e-01 7.148814891873300770e-01 5.927458073351218326e-01 1.914359232250888443e+00 1.603682216822707729e-01 1.962510139107266349e-01 5.868383905313311333e-01 2.924297759293700838e-01 2.504920881834910573e-01 2.382757023148746323e-01 3.742151659802151475e-01 5.742562996362386984e-01 3.419063459515101489e-01 2.794460876358112467e-01 3.280446860108592322e-01 3.292663146558330589e-01 5.621227444659595562e-01 3.791406844909874230e-01 3.813249790025500241e-01 3.254441560336926997e-01 5.797194254798301305e-01 3.755974119546676704e-01 4.167419903254311331e-01 3.167424540766746732e-01 3.609925464763398817e-01 2.360869662726081397e-01 3.638498345805928347e-01 4.010029806327650159e-01 7.034476797533232295e-01 2.691240646814673232e-01 3.424665491527755234e-01 3.381113583077098861e-01 2.688895867385522331e-01 3.584931649658635311e-01 5.397376916354620358e-01 4.710983955465832818e-01 2.917081036291850338e-01 4.175069685409693032e-01 2.494754228114056394e-01 2.056550182446382491e-01 4.064782375396082115e-01 1.812439667893720185e-01 5.376494101618992660e-01
5.055882352941176805e+02 1.295304484449331661e-01 7.995164158918055541e-02 1.955996082692584570e-01 1.077071268175627122e-01 7.796744583476739043e-02 8.411862345290255227e-02 1.271773503157040408e-01 6.781737742439181149e-01 2.019964497128073078e-01 3.074087058335260303e-01 1.142210866957857007e+00 5.816840562107705725e-01 4.074876858911408717e-01 2.692421137979328916e-01 1.660239702935808248e+00 7.563054719963960837e-01 1.445042897031302509e+00 2.521790248822465275e-01 1.422090509692139682e+00 2.733396663083605960e-01 2.656159748107835838e-01 4.915841722618520815e-01 1.155882520489391219e+00 1.258130903580397586e+00 2.205122612478546684e-01 2.384336719115908998e-01 2.678834303516125503e-01 6.320060503618800674e-01 5.201085827682921936e-01 1.483425895254100846e+00 1.204340379876355921e-01 1.272903491349440530e-01 4.487995613551179486e-01 8.283399688133139538e-01 5.147311954977399351e-01 1.204164461397487784e-01 2.418913286648163574e-01 8.890325590561058977e-01 1.296958784034626944e-01 2.145004029145700375e-01 1.376232978007116081e+00 2.948592543536687760e-01 3.049632699184322560e-01 3.136406530540587489e-01 2.848121912464409156e-01 5.937708596667202743e-01 8.385028833230619150e-02 2.616373033973632967e-01 1.390269143664684959e-01 2.356127834554253286e-01 7.272042914210121722e-01 4.532398687254005076e-01 2.851778835606379459e-01 4.361004593448256084e-01 1.011505963369777050e-01 1.651470212930246095e-01 3.148496230359539294e-01 8.035803680497837220e-01 2.580875263962282840e-01 5.565448490024543782e-01 5.401406272321175317e-01 2.894329865509070454e-01 4.535737364504642821e-01 1.598004366578277935e+00 6.777436033875852139e-01 2.160702940612984513e+00 1.613435986601963412e+00 4.156412615259971743e-01 6.093322242054247662e-01 5.044804657805576076e-01 1.646442659373804407e+00 1.349938084896534496e-01 1.654486001757506375e-01 4.995013238601091476e-01 2.475739536245564476e-01 2.116205604285874287e-01 2.013724691790048094e-01 3.166776524659798420e-01 4.886169733772718349e-01 2.894818657676176410e-01 2.362783752281308602e-01 2.772901494926774402e-01 2.789214791953426587e-01 4.772888378658554642e-01 3.209420619033277466e-01 3.227800276751742747e-01 2.754061612744874710e-01 4.933055972484925444e-01 3.183535422770570333e-01 3.530193343443202014e-01 2.676563167439548474e-01 3.059464032086767760e-01 1.992704606512984700e-01 3.082958207440685272e-01 3.400731038836551923e-01 5.997711058240738913e-01 2.273935086341930256e-01 2.896688068799699867e-01 2.859617345440271796e-01 2.273406412808292587e-01 3.031871338088093504e-01 4.591096835891936290e-01 4.002236616996373564e-01 2.467195191414966460e-01 3.544598229378730370e-01 2.104420551730613320e-01 1.734208447154120258e-01 3.442244688759890092e-01 1.526551748603652836e-01 4.565281583700855905e-01
5.064705882352940876e+02 1.087480492255806092e-01 6.688766195098047596e-02 1.649795263836453252e-01 9.044487625525063357e-02 6.529267782681717758e-02 7.038815348391061488e-02 1.070333481795237157e-01 5.779422435930987589e-01 1.706051036657830755e-01 2.602877747364128469e-01 9.785148469243326597e-01 4.952821789096192862e-01 3.459951792237991874e-01 2.278586214039139690e-01 1.427519638812775771e+00 6.452142753936560560e-01 1.240414850100102662e+00 2.132733658452053704e-01 1.220562309010118307e+00 2.313954938288203256e-01 2.245366348746307417e-01 4.180184350500044665e-01 9.898638608718567378e-01 1.079028718763770378e+00 1.859127930888627156e-01 2.016158525193900153e-01 2.264296716551361943e-01 5.384469094593395955e-01 4.425234534700659417e-01 1.273699682809932288e+00 1.013182887030722873e-01 1.071318182823901566e-01 3.807154324342114093e-01 7.074647391518466000e-01 4.377841045372709017e-01 1.011949521066964619e-01 2.043284821926110162e-01 7.600056069171462481e-01 1.088792312170519666e-01 1.812694168675914874e-01 1.181525389464405107e+00 2.498432800084724181e-01 2.580751011843357978e-01 2.652903650921806800e-01 2.409047852498392150e-01 5.054557196955474785e-01 7.017851529171084679e-02 2.212770796529671680e-01 1.170903884578207294e-01 1.992634523696447946e-01 6.195930579302263430e-01 3.849419260996501668e-01 2.410681046820021822e-01 3.702609872352624620e-01 8.486884323819177123e-02 1.391463488182716202e-01 2.665685532930545110e-01 6.863829350654228056e-01 2.184042238665124258e-01 4.736001978772426124e-01 4.596239136235250600e-01 2.445496513199942878e-01 3.849761774649363422e-01 1.372802106779542397e+00 5.778088236832163993e-01 1.862624366364666662e+00 1.386215217683860912e+00 3.528332394485945156e-01 5.189513970930453857e-01 4.290174023430899930e-01 1.414844224151700525e+00 1.135483257999780476e-01 1.393745091731395935e-01 4.248242645270687290e-01 2.094358362863382450e-01 1.786436546035252981e-01 1.700535766087431788e-01 2.677791639138222823e-01 4.154190555063996260e-01 2.449052747778395489e-01 1.996248216393801955e-01 2.342075744322809072e-01 2.360904509031355736e-01 4.049390542948123062e-01 2.714662017131642680e-01 2.730115281674522221e-01 2.328810526205424558e-01 4.194393727086476731e-01 2.696234783814417946e-01 2.988075314764673807e-01 2.260030127865894356e-01 2.590917185884105134e-01 1.680664746247747532e-01 2.610204361411122553e-01 2.881755067896417111e-01 5.109651226347540209e-01 1.919858685419583155e-01 2.448214005503881741e-01 2.416686322584314928e-01 1.920635183322969286e-01 2.562152147259930124e-01 3.902165578324564010e-01 3.397436287886116957e-01 2.085079894511695509e-01 3.006967495013687097e-01 1.773803403044914850e-01 1.461275027357280543e-01 2.912785049448649022e-01 1.284783571835301230e-01 3.873416224963479038e-01
5.073529411764706083e+02 9.123259549506687605e-02 5.591765129488898006e-02 1.390477840367978224e-01 7.589307255103722172e-02 5.463845696154095294e-02 5.885602878507135982e-02 9.001268397865497262e-02 4.921349926140073383e-01 1.439826657210650784e-01 2.202203753548381548e-01 8.376006104455405721e-01 4.213819385632273096e-01 2.935536535001759817e-01 1.926880617657834027e-01 1.226411716465097390e+00 5.500034827510231761e-01 1.063894591434120684e+00 1.802321151402341837e-01 1.046738713472565641e+00 1.957372810415902442e-01 1.896656990263160814e-01 3.551833748541008973e-01 8.470055010178147992e-01 9.246703223571771657e-01 1.566240328631339773e-01 1.703530470578765443e-01 1.912447639566501323e-01 4.583754235469659766e-01 3.762160888965119798e-01 1.092730961324807959e+00 8.517306954429007537e-02 9.009831876785365234e-02 3.227095660933605448e-01 6.037456647899970275e-01 3.720478967220305910e-01 8.497856043387473635e-02 1.724674804562589814e-01 6.491836438694302824e-01 9.133620794052411951e-02 1.530699740489610272e-01 1.013536416141942231e+00 2.115366413748150376e-01 2.182285806258230931e-01 2.242220334591936703e-01 2.036104047046211896e-01 4.299375504394638003e-01 5.869315267742779285e-02 1.869997660724415922e-01 9.854118580590190413e-02 1.683931184466599118e-01 5.274889141455150199e-01 3.266809570185530975e-01 2.036255485173364133e-01 3.141169467089207634e-01 7.115542342496784800e-02 1.171511184128474631e-01 2.255178281313307831e-01 5.858096737924258779e-01 1.846809153480127585e-01 4.027004723754430415e-01 3.908021994095884910e-01 2.064692528281877049e-01 3.264993224966823981e-01 1.178371260698530598e+00 4.922193251052449647e-01 1.604332971483713788e+00 1.190018303515849585e+00 2.992833641232756636e-01 4.416279240622671964e-01 3.645566272906678451e-01 1.214826925134603997e+00 9.543852668831810659e-02 1.173214541925803739e-01 3.610284044432523487e-01 1.770371946342090830e-01 1.506912370583038119e-01 1.434965878119836558e-01 2.262581744288559571e-01 3.529101959856680848e-01 2.070342937075480005e-01 1.685289526865880461e-01 1.976684136387208968e-01 1.996831854245027238e-01 3.432899903099937977e-01 2.294418179679507397e-01 2.307400850074380894e-01 1.967717672209970681e-01 3.563544201239259301e-01 2.281767878248029402e-01 2.527267480603233030e-01 1.906870741942003622e-01 2.192439343799856277e-01 1.416417520183440582e-01 2.208246812820108818e-01 2.440095136020162536e-01 4.349644992300931712e-01 1.619686335996324278e-01 2.067596996423477773e-01 2.040805590552348392e-01 1.621370155825373471e-01 2.163555882840291489e-01 3.314021397948969661e-01 2.881788725489058955e-01 1.760803358735710256e-01 2.548905311925609984e-01 1.494002719117427658e-01 1.230370981167802080e-01 2.462874024398337691e-01 1.080497210255157020e-01 3.283853644706693498e-01
5.082352941176471290e+02 7.648252536431988935e-02 4.671332260704057909e-02 1.171048169767395369e-01 6.363611008120316492e-02 4.568985764010673190e-02 4.917801116007460699e-02 7.564291877802462039e-02 4.187407395828267598e-01 1.214235825899334931e-01 1.861796019172386463e-01 7.164070176562831183e-01 3.582297111082791141e-01 2.488694498398415500e-01 1.628230051496394881e-01 1.052781560184718135e+00 4.684750547093086692e-01 9.117599888365656158e-01 1.521949946680868637e-01 8.969476349041898278e-01 1.654487052029675609e-01 1.600898117843209401e-01 3.015603636509174845e-01 7.241871676722232420e-01 7.917579536523989825e-01 1.318514291656255333e-01 1.438295140884269796e-01 1.614058368958237177e-01 3.899072797675512958e-01 3.195965062352936203e-01 9.367190365079591796e-01 7.154796888263481591e-02 7.571724748301116026e-02 2.733324937345247285e-01 5.148267653162080792e-01 3.159380033229509110e-01 7.130862422673069079e-02 1.454654852212861060e-01 5.540829842920198534e-01 7.656400545477859421e-02 1.291603644450753929e-01 8.687318006022902717e-01 1.789671474318379196e-01 1.843948755090976666e-01 1.893684035626577167e-01 1.719598026468652230e-01 3.654184401965380191e-01 4.905225803045828309e-02 1.579131500300456903e-01 8.286921093486900036e-02 1.421980574563907196e-01 4.487263937975751737e-01 2.770248275681919115e-01 1.718692261173491720e-01 2.662818431204608816e-01 5.961455379340887401e-02 9.855968961690873831e-02 1.906443019077800061e-01 4.995791720935234270e-01 1.560467456612139314e-01 3.421493749659962336e-01 3.320280587188935706e-01 1.741878157664759619e-01 2.766928630070715767e-01 1.010660850184192272e+00 4.189804003850953751e-01 1.380726450633686930e+00 1.020764478536073216e+00 2.536662451751467429e-01 3.755333108209775173e-01 3.095418737357549244e-01 1.042242643164659865e+00 8.015812016852512378e-02 9.868475544982460712e-02 3.065756139248403955e-01 1.495375527632558932e-01 1.270175692744015261e-01 1.209963402914034508e-01 1.910313514150135394e-01 2.995757866150210447e-01 1.748874152641516078e-01 1.421702248898423782e-01 1.667048339095390241e-01 1.687624913378945324e-01 2.908040655877104919e-01 1.937768126178122663e-01 1.948666795480058500e-01 1.661362054764443652e-01 3.025239024795539633e-01 1.929548539451383937e-01 2.135906560987952951e-01 1.607693703848598055e-01 1.853840086661130981e-01 1.192829147791954342e-01 1.866773777008514656e-01 2.064553399799216871e-01 3.699797935960790762e-01 1.365424709108714607e-01 1.744841621430980039e-01 1.722093441515666346e-01 1.367708967281329180e-01 1.825597827061234690e-01 2.812354602673526882e-01 2.442530422886332042e-01 1.485842306659131695e-01 2.158970417661822405e-01 1.257404358642186804e-01 1.035185919242834485e-01 2.080883513446898092e-01 9.080238569942516991e-02 2.781898070983437887e-01
5.091176470588234793e+02 6.407117220281148551e-02 3.899654456840433853e-02 9.855230464499889487e-02 5.332035893324137132e-02 3.817976270356533697e-02 4.106238709789782060e-02 6.352101930842876665e-02 3.560181141302799501e-01 1.023234534964130860e-01 1.572831736324693808e-01 6.122668537158295621e-01 3.043087908448921519e-01 2.108274040957810180e-01 1.374842762076566027e-01 9.030105906571785912e-01 3.987234858764266421e-01 7.807599956119495310e-01 1.284239085357199439e-01 7.679822254710011453e-01 1.397426761380700655e-01 1.350257460754215322e-01 2.558380003999174424e-01 6.186913408820349236e-01 6.774142805689591373e-01 1.109157578452166920e-01 1.213455037664098318e-01 1.361216075428048899e-01 3.314115898425046280e-01 2.712907626026865859e-01 8.023431353199249605e-01 6.005892042884589110e-02 6.358541585241983540e-02 2.313361304993866996e-01 4.386628335027467074e-01 2.680857738463480189e-01 5.979454279124912786e-02 1.226003786687390879e-01 4.725451395520682829e-01 6.413493832013303364e-02 1.089047893091116409e-01 7.440240095154428968e-01 1.512988095141449829e-01 1.556906238183534130e-01 1.598136464836050485e-01 1.451212554961874290e-01 3.103438194516648374e-01 4.096599224422112911e-02 1.332517194781371872e-01 6.963894114111043865e-02 1.199886874992155128e-01 3.814311217418759337e-01 2.347386267757977929e-01 1.449579370823364244e-01 2.255605966686797526e-01 4.990979405726289619e-02 8.285813160721486326e-02 1.610432231475447673e-01 4.257107328079419162e-01 1.317540036090748268e-01 2.904808105913996852e-01 2.818776950506913792e-01 1.468449074473273663e-01 2.343071751273827774e-01 8.661291546239198169e-01 3.563641933300089604e-01 1.187324761380199600e+00 8.748854640593036747e-01 2.148396913176681411e-01 3.190856327990119201e-01 2.626291147100720536e-01 8.934632995133485744e-01 6.727547440698340708e-02 8.294799637971903006e-02 2.601373709853818661e-01 1.262155705369387704e-01 1.069842057237758298e-01 1.019488728020079282e-01 1.611693949170490969e-01 2.541081837634584506e-01 1.476221888922583936e-01 1.198454653883235799e-01 1.404877202646183099e-01 1.425234782162600744e-01 2.461571074836583495e-01 1.635340345305343890e-01 1.644482600637440783e-01 1.401662124380639307e-01 2.566294877990995538e-01 1.630478740796950654e-01 1.803804044469528023e-01 1.354456520333020275e-01 1.566362491796021994e-01 1.003798655672614587e-01 1.576926469256294816e-01 1.745500008456149499e-01 3.144622987057208441e-01 1.150229383439412556e-01 1.471378544623844209e-01 1.452078843513020523e-01 1.152880044332923598e-01 1.539290439888392481e-01 2.384815210104899719e-01 2.068662148042253457e-01 1.252890063542635157e-01 1.827310760123917743e-01 1.057501198683039878e-01 8.703289979447502434e-02 1.756830401324658009e-01 7.625273948655296452e-02 2.354892797458523757e-01
5.100000000000000000e+02 5.363594743811334747e-02 3.253191073063119165e-02 8.287904823908005814e-02 4.464522677495245950e-02 3.188183008088176645e-02 3.426219619918575987e-02 5.330351481714668688e-02 3.024611350806662990e-01 8.616507640474858898e-02 1.327738779084958187e-01 5.228588599995904751e-01 2.583088539210816603e-01 1.784672675071920511e-01 1.160035407196577661e-01 7.739355237083042072e-01 3.390987445413976564e-01 6.680583866012089755e-01 1.082862597831521223e-01 6.570452434709609379e-01 1.179438330238559152e-01 1.138025772235720656e-01 2.168850861754901826e-01 5.281540355629966710e-01 5.791317880607771418e-01 9.323699033300275607e-02 1.023013961670545813e-01 1.147143311289084006e-01 2.814783921850911863e-01 2.301129143687203893e-01 6.867052807326323727e-01 5.037876617285137748e-02 5.335920811391774848e-02 1.956469604222949576e-01 3.734804763178607434e-01 2.273103596826726025e-01 5.010400340836746597e-02 1.032541215390049977e-01 4.026964035804815878e-01 5.368558124380970464e-02 9.175881215113058931e-02 6.367189918914285540e-01 1.278135318542120702e-01 1.313581725248315624e-01 1.347727060817203726e-01 1.223818101615799930e-01 2.633710212000615059e-01 3.418892229845549996e-02 1.123593638147176027e-01 5.847890759531273325e-02 1.011739938567663283e-01 3.239825048452407708e-01 1.987586716236358353e-01 1.221711133839950419e-01 1.909242401655863453e-01 4.175543554608746738e-02 6.960789012762805261e-02 1.359381634647002790e-01 3.624867001303740399e-01 1.111613908697792336e-01 2.464290548424993843e-01 2.391219585265444147e-01 1.237038915744298612e-01 1.982667290432665874e-01 7.416833637137426605e-01 3.028756910861096219e-01 1.020199106592157623e+00 7.492648367998775427e-01 1.818204632488299999e-01 2.709178142723313032e-01 2.226589007365452344e-01 7.653195627398682310e-01 5.642298425529718858e-02 6.967059706448325285e-02 2.205674752636342384e-01 1.064528148814817554e-01 9.004512850373827537e-02 8.583744372977285264e-02 1.358759807539521303e-01 2.153796708082008349e-01 1.245162875166904159e-01 1.009527173716872062e-01 1.183075373813934766e-01 1.202756171448407935e-01 2.082099657044788055e-01 1.379101521258781216e-01 1.386764701932965971e-01 1.181692771159586625e-01 2.175341350668289486e-01 1.376747844927371789e-01 1.522219106679429113e-01 1.140279046451575240e-01 1.322489559544800797e-01 8.441138131280245815e-02 1.331102530684370178e-01 1.474662420890059944e-01 2.670731555137642599e-01 9.682458209151838247e-02 1.239868823099384704e-01 1.223507734260514401e-01 9.710868604600468579e-02 1.296937758597654922e-01 2.020756297611220054e-01 1.750715440354660979e-01 1.055689545105600452e-01 1.545451999149336231e-01 8.887379142703841217e-02 7.311996497582665122e-02 1.482153027974285886e-01 6.398863123706415024e-02 1.991949100461141431e-01
5.108823529411765207e+02 4.486902226570364111e-02 2.712036902640189984e-02 6.964873528852429108e-02 3.735545744919747946e-02 2.660445487210406912e-02 2.856856836876153424e-02 4.469798956461877582e-02 2.567688338798939651e-01 7.250632243717601566e-02 1.120025267181008061e-01 4.461651917926340305e-01 2.190991133644786537e-01 1.509630792502266450e-01 9.780813864634511912e-02 6.627943454376168386e-01 2.881736166801759924e-01 5.711837356599538396e-01 9.124043867675124542e-02 5.616995945384960498e-01 9.947329817008761232e-02 9.584618108403621106e-02 1.837269204354415042e-01 4.505211681973588234e-01 4.947277767719120423e-01 7.832030695276345766e-02 8.618391347788091628e-02 9.660411956190211036e-02 2.388900674541375169e-01 1.950404164164148968e-01 5.872794266039583766e-01 4.222910397528441273e-02 4.474607458916069619e-02 1.653426091210384863e-01 3.177437173323127140e-01 1.925940567158318795e-01 4.195456546384334490e-02 8.689830100703455074e-02 3.429121187363756151e-01 4.490741993817128769e-02 7.725671828098044924e-02 5.444687785889055220e-01 1.078951414193570213e-01 1.107483727411663621e-01 1.135733326529101556e-01 1.031309585248792460e-01 2.233416669309797042e-01 2.851341943646429691e-02 9.467432840960071649e-02 4.907259582746104770e-02 8.524796580080480635e-02 2.749809178872789084e-01 1.681697531619892605e-01 1.028921633695828730e-01 1.614877857050309451e-01 3.490909105193017864e-02 5.843511232273883999e-02 1.146635168312374747e-01 3.084192075897386198e-01 9.371945453769588152e-02 2.089025656210188042e-01 2.027008922062233098e-01 1.041347705691385850e-01 1.676468232314898554e-01 6.346259002476345445e-01 2.572227796150566848e-01 8.759082462410653358e-01 6.411840479309085516e-01 1.537630587479958399e-01 2.298497570897629627e-01 1.886321034674898756e-01 6.550460569682627909e-01 4.728788782384404921e-02 5.847705855818341458e-02 1.868781013847692629e-01 8.971963635407340099e-02 7.573385015958845889e-02 7.222039330942199575e-02 1.144694460244778250e-01 1.824187633313485712e-01 1.049510338762498080e-01 8.497720626753144102e-02 9.955771357114169551e-02 1.014271116031323222e-01 1.759837162377506092e-01 1.162172666858648368e-01 1.168591319536375212e-01 9.955259531758543778e-02 1.842582293998241971e-01 1.161657487214350776e-01 1.283660791227467790e-01 9.592815986032555975e-02 1.115775413354658796e-01 7.093261890406354908e-02 1.122784704211143292e-01 1.244941636471129098e-01 2.266562028460415434e-01 8.144714292317449533e-02 1.044033792586671477e-01 1.030174644142556883e-01 8.173727226851605632e-02 1.091956578377289017e-01 1.711009133853192976e-01 1.480548283655303277e-01 8.888880485032864265e-02 1.306112622390372402e-01 7.463766464547059998e-02 6.138757443723333318e-02 1.249516452975911324e-01 5.365916524440782209e-02 1.683709282024363207e-01
5.117647058823529278e+02 3.750931436291653903e-02 2.259376838650913391e-02 5.848934604199786808e-02 3.123450652620294449e-02 2.218559479843355137e-02 2.380501782443318962e-02 3.745574258472472717e-02 2.178185739558836376e-01 6.096962785990545780e-02 9.441312528135728521e-02 3.804337616663991395e-01 1.857047868674133739e-01 1.276051387391691772e-01 8.240789988668756338e-02 5.671782550185281435e-01 2.447149777399906800e-01 4.879849930426514715e-01 7.682321487433292628e-02 4.798244199882581995e-01 8.383540378953965866e-02 8.066577126282876986e-02 1.555245580436924735e-01 3.840099630832530253e-01 4.223044828999532596e-01 6.574401080574841794e-02 7.255414092109821467e-02 8.129531744348526823e-02 2.025962520739564565e-01 1.651925602016201811e-01 5.018662812653394978e-01 3.537325830826970607e-02 3.749719157186922475e-02 1.396314017016832276e-01 2.701236946339937162e-01 1.630607095207838309e-01 3.510641325583680611e-02 7.308159837390079683e-02 2.917851540406414257e-01 3.753881193033859615e-02 6.500053849637990599e-02 4.652294087748692353e-01 9.101547746157125085e-02 9.330561852305369053e-02 9.564046558644888341e-02 8.684646315184578469e-02 1.892574617405546056e-01 2.376400519340428341e-02 7.971614050202670276e-02 4.115058663496976021e-02 7.177781802145269396e-02 2.332188993108262332e-01 1.421852533760964987e-01 8.659401118726939295e-02 1.364908866476930438e-01 2.916532674638376565e-02 4.902142252503114556e-02 9.664927395295364043e-02 2.622208735870960594e-01 7.895792637268199410e-02 1.769610328148230050e-01 1.717014344847190566e-01 8.759930396038873024e-02 1.416532807558191220e-01 5.426066393292973133e-01 2.182899339049252929e-01 7.514416557027127075e-01 5.482743865335695244e-01 1.299411972705390161e-01 1.948638683781724612e-01 1.596886750939470745e-01 5.602327168570220284e-01 3.960434911798170476e-02 4.904767134916097199e-02 1.582188307794842597e-01 7.556288991058471294e-02 6.365223474789480362e-02 6.072062039229435271e-02 9.636688121845389532e-02 1.543894605784921215e-01 8.839707148957499927e-02 7.147916460379535875e-02 8.372023094117461706e-02 8.547131226339918508e-02 1.486380095344088104e-01 9.786693123946066386e-02 9.840416384585626286e-02 8.380924420414431752e-02 1.559586950355471568e-01 9.794692116925957093e-02 1.081715985717458667e-01 8.064445799121600089e-02 9.406985235392156808e-02 5.956430986023868168e-02 9.463917373509946052e-02 1.050252123761442197e-01 1.922141322103522176e-01 6.846359097947286865e-02 8.785073900017417725e-02 8.667765668398326462e-02 6.875034207555479060e-02 9.187214111945174455e-02 1.447686404930962067e-01 1.251166765221022881e-01 7.479112436469587122e-02 1.103042673198346008e-01 6.263807570159796168e-02 5.150169058455436599e-02 1.052643242017288483e-01 4.496589611488763932e-02 1.422139960619652754e-01
5.126470588235293917e+02 3.133559801462552918e-02 1.881019315787412979e-02 4.908398970947980278e-02 2.609884451360680244e-02 1.848833644398285847e-02 1.982256048449749022e-02 3.136545597163040849e-02 1.846426240547393294e-01 5.123288289363300829e-02 7.952997404329260889e-02 3.241449011091764310e-01 1.572864482446121870e-01 1.077842709477707106e-01 6.938368094171074030e-02 4.849888636316315171e-01 2.076585309565125714e-01 4.165920339500680525e-01 6.463879038768835517e-02 4.095761175154375988e-01 7.060616168067539167e-02 6.784222064807486630e-02 1.315566473729192221e-01 3.270748091045305173e-01 3.602137007722863715e-01 5.514907025193790946e-02 6.103712461165033965e-02 6.836469110364098989e-02 1.716918123088708448e-01 1.398115881031650187e-01 4.285531799087959337e-01 2.961021839560234320e-02 3.140112927328971709e-02 1.178345339612065085e-01 2.294719645225538895e-01 1.379568093330330592e-01 2.935611716175167557e-02 6.141891923429899924e-02 2.480980965819627460e-01 3.135807458919102897e-02 5.465053285120495541e-02 3.972235433957067574e-01 7.672227326969136008e-02 7.855484116998259769e-02 8.048267793821949068e-02 7.308203830498302689e-02 1.602589669804793115e-01 1.979250976816667243e-02 6.707426082014573965e-02 3.448377043717769375e-02 6.039376522944810144e-02 1.976558604381505602e-01 1.201297733772350440e-01 7.282654950010443440e-02 1.152809509305662977e-01 2.435019278917954430e-02 4.109595246544045510e-02 8.140778806467958983e-02 2.227789778995422909e-01 6.647470964025749274e-02 1.497952698693374163e-01 1.453378818759003821e-01 7.363809649144201219e-02 1.196047216516413214e-01 4.635804537026513295e-01 1.851151038786714442e-01 6.441686169166817022e-01 4.684742704205867025e-01 1.097316423186746465e-01 1.650836103177071024e-01 1.350890535932423309e-01 4.787814939072544962e-01 3.314663401909812013e-02 4.111049000679816573e-02 1.338583036759809775e-01 6.359527437177819875e-02 5.346081763799410969e-02 5.101646303501283786e-02 8.107032010861653371e-02 1.305730966626625911e-01 7.440192294655371963e-02 6.008327435747091994e-02 7.035313315599606154e-02 7.197490095355874029e-02 1.254521923622178847e-01 8.235627730669797808e-02 8.280561168117170356e-02 7.050616929212299988e-02 1.319107187129331671e-01 8.252718308485199050e-02 9.108998240807840430e-02 6.774868975404702010e-02 7.925338315715288462e-02 4.998340919483892225e-02 7.971488242612845276e-02 8.853824016042062539e-02 1.628875685817968155e-01 5.750976700051996238e-02 7.387080970588547069e-02 7.287862348925923384e-02 5.778655008721094583e-02 7.724298738054510838e-02 1.224010113260310118e-01 1.056569308958887066e-01 6.288538548820891971e-02 9.308830818476275526e-02 5.253144014338777951e-02 4.317809833762582122e-02 8.861663541253932130e-02 3.765523256467302737e-02 1.200351641385005164e-01
5.135294117647058556e+02 2.616059495500296789e-02 1.564997821528092692e-02 4.116299484816705184e-02 2.179306811419786868e-02 1.539710400142586984e-02 1.649554217463954781e-02 2.624774579690826448e-02 1.564076556819054276e-01 4.302155423521845240e-02 6.694647362216239739e-02 2.759819553460984842e-01 1.331219798940864452e-01 9.097811333704372561e-02 5.837742654035353584e-02 4.144002207886721134e-01 1.760866533447627280e-01 3.553807539349193578e-01 5.434931476922155030e-02 3.493538483448074827e-01 5.942325403662090944e-02 5.701794766074662346e-02 1.112035835029774877e-01 2.783771508237725678e-01 3.070255242145762398e-01 4.623010020193844133e-02 5.131286617308045833e-02 5.745119874091809964e-02 1.453975744603449027e-01 1.182461999931627289e-01 3.656785532966638219e-01 2.476942586406453983e-02 2.627840239652777174e-02 9.937056476997661869e-02 1.947970509842097409e-01 1.166349862508804514e-01 2.453127430025274849e-02 5.158199701826370054e-02 2.107987912938550645e-01 2.617755763410841222e-02 4.591695348965649931e-02 3.389073857244866983e-01 6.462863957896877731e-02 6.609023768275508470e-02 6.768042198832172063e-02 6.145667737265548408e-02 1.356070484583906111e-01 1.647393668196208208e-02 5.639824700934349677e-02 2.887750211396938188e-02 5.078016012800721374e-02 1.673959517864108404e-01 1.014239914162371470e-01 6.120577514007921605e-02 9.729843881166010122e-02 2.031653470051687088e-02 3.442847247082909956e-02 6.852228214466904443e-02 1.891327822971932138e-01 5.592633747604037336e-02 1.267096418526863499e-01 1.229348137702375166e-01 6.185943249229620966e-02 1.009171309010343104e-01 3.957695944032828539e-01 1.568694606430260097e-01 5.517929203479864375e-01 3.999914067685943486e-01 9.260012150394404673e-02 1.397547228987610080e-01 1.141979351653732017e-01 4.088679761655870659e-01 2.772324169044619591e-02 3.443441807166380125e-02 1.131681909719309681e-01 5.348608906192621470e-02 4.487043928852342545e-02 4.283381462773241249e-02 6.815477838853106762e-02 1.103525025782166186e-01 6.257920654377990832e-02 5.046953350148793149e-02 5.907972432989251621e-02 6.056763992547981035e-02 1.058088771696983621e-01 6.925599077275590432e-02 6.963154243548731748e-02 5.927378338826598536e-02 1.114917914509213903e-01 6.948663522699446982e-02 7.665259685206388118e-02 5.687608563815737400e-02 6.672419145114584504e-02 4.191502531510591517e-02 6.709750657822352582e-02 7.458739470280151274e-02 1.379367582652839264e-01 4.827542660073583930e-02 6.207280155526998661e-02 6.123423925098730319e-02 4.853782619408544136e-02 6.489862749017337451e-02 1.034161525445488200e-01 8.916110782521909084e-02 5.283850681499255991e-02 7.850432693479741930e-02 4.402559098096315432e-02 3.617520516127567531e-02 7.455016602432890105e-02 3.151190056092405267e-02 1.012441768215850829e-01
5.144117647058823195e+02 2.182591132749072543e-02 1.301231209917043559e-02 3.449709297208377462e-02 1.818571210047118317e-02 1.281442303449127455e-02 1.371808181799133962e-02 2.195048001439117713e-02 1.323968102696073401e-01 3.610188405011077739e-02 5.631543006083949282e-02 2.348053852649611140e-01 1.125908151080291103e-01 7.673919436218511192e-02 4.908356605491314556e-02 3.538251966717095298e-01 1.492090025400493181e-01 3.029422417441801074e-01 4.566668234566077095e-02 2.977690829619009660e-01 4.997736751919531345e-02 4.788817563613936845e-02 9.393369227497534724e-02 2.367589902052493478e-01 2.615007795855368578e-01 3.872759409582132023e-02 4.310853391004419721e-02 4.824715078892695408e-02 1.230434832553665980e-01 9.993716625964993439e-02 3.118005383549546372e-01 2.070629726992756839e-02 2.197678752044366843e-02 8.374194815644850354e-02 1.652438929044287852e-01 9.853962295465475141e-02 2.048591341166866586e-02 4.329127750620277715e-02 1.789788651770030936e-01 2.183856523093113955e-02 3.855292842109529772e-02 2.889414549611554195e-01 5.440393932465635574e-02 5.556551005710900354e-02 5.687586677271750518e-02 5.164542316413323758e-02 1.146666849104050756e-01 1.370293383098338501e-02 4.738924834821247462e-02 2.416657259418341502e-02 4.266783015296566478e-02 1.416687263510885142e-01 8.557149884767550896e-02 5.140439908558532001e-02 8.206407532446095832e-02 1.693998040121532864e-02 2.882348052753460135e-02 5.763690124589214425e-02 1.604536391678258733e-01 4.701971118539342853e-02 1.071067413173004274e-01 1.039122107800540679e-01 5.192962760033479480e-02 8.509044613531496770e-02 3.376304244232936069e-01 1.328396850009899155e-01 4.723125865556088154e-01 3.412693260522647876e-01 7.808908885436330327e-02 1.182288341585039509e-01 9.647012920736498798e-02 3.489074451400144827e-01 2.317186564760462253e-02 2.882325843798763318e-02 9.560922741770706834e-02 4.495323831168524659e-02 3.763502813300112493e-02 3.593931862940968891e-02 5.725791058114412801e-02 9.319820762994308894e-02 5.259930209611798912e-02 4.236536804726682981e-02 4.957924230108005925e-02 5.093350143509496608e-02 8.917967507992197174e-02 5.819991059388954224e-02 5.851357627622705282e-02 4.979697221321770922e-02 9.416781029349340082e-02 5.846662288788771755e-02 6.445942743092542004e-02 4.771614397990214113e-02 5.613728809715964191e-02 3.512546602912152566e-02 5.643860742919373785e-02 6.279161683857530096e-02 1.167255746094530422e-01 4.049651266297790014e-02 5.212370830787863701e-02 5.141550196550089685e-02 4.074177514582345838e-02 5.449010088861244022e-02 8.731504295378528235e-02 7.518860859863894797e-02 4.436667785203111253e-02 6.615948808942617720e-02 3.687232059794825351e-02 3.028784378356532206e-02 6.267375438371206031e-02 2.635332595053448135e-02 8.533584424812633296e-02
5.152941176470587834e+02 1.819770492361117223e-02 1.081234131936860063e-02 2.889154821371445886e-02 1.516566340278140655e-02 1.065815868942036719e-02 1.140103909229740232e-02 1.834475753581366400e-02 1.119940478380559018e-01 3.027502256132754560e-02 4.734066185556815021e-02 1.996299805041849562e-01 9.516019376226779458e-02 6.468457400391211531e-02 4.124157141031809665e-02 3.018857417138001709e-01 1.263455595685254729e-01 2.580555696602235272e-01 3.834544329482307556e-02 2.536187302061869708e-01 4.200469416501156211e-02 4.019338319917228897e-02 7.929121113628978534e-02 2.012195838978144691e-01 2.225667200439714610e-01 3.242123848276315390e-02 3.619173302955184385e-02 4.049057635344165823e-02 1.040539044714896416e-01 8.440479148876556259e-02 2.656692693743012978e-01 1.729838109291271381e-02 1.836730173901949398e-02 7.052334311470154216e-02 1.400758280183260762e-01 8.319432934955522940e-02 1.709655526909976964e-02 3.630891643337123137e-02 1.518548919342208869e-01 1.820701069597454799e-02 3.234831715224837506e-02 2.461647897385232375e-01 4.576588400068459100e-02 4.668542427365895281e-02 4.776411198781034539e-02 4.337138793089699573e-02 9.689285426172858373e-02 1.139078557062117927e-02 3.979265523901490131e-02 2.021088847994162441e-02 3.582745494437863248e-02 1.198122554674136003e-01 7.214735032061124487e-02 4.314373711789920574e-02 6.916773893981531529e-02 1.411550870003265047e-02 2.411511865451567913e-02 4.844810062623750024e-02 1.360275694402413582e-01 3.950495430211301701e-02 9.047403341001354626e-02 8.777247327049247927e-02 4.356470283856365283e-02 7.169691149208208547e-02 2.878240333054871702e-01 1.124124977277472792e-01 4.039840923545717222e-01 2.909578083396821557e-01 6.580708886014481618e-02 9.994915441579645121e-02 8.143824509721893368e-02 2.975248666607684944e-01 1.935506992927538139e-02 2.411059818451636444e-02 8.071904970656207379e-02 3.775631854906606050e-02 3.154537755967549983e-02 3.013449856464819887e-02 4.807107363728551491e-02 7.865643275806921686e-02 4.418128376418160863e-02 3.553882298989480965e-02 4.157881300172469596e-02 4.280298960547963133e-02 7.511280766982002255e-02 4.887603832135457849e-02 4.913783612010894086e-02 4.180732331704554300e-02 7.948098587823673733e-02 4.916109976291622996e-02 5.416936135328717650e-02 4.000480777710473806e-02 4.719831814799882452e-02 2.941625083645839009e-02 4.744096565551601807e-02 5.282554211218957324e-02 9.870755434658291805e-02 3.394849219584648858e-02 4.374003307722196254e-02 4.314234966533713606e-02 3.417511720567753541e-02 4.572036965261045555e-02 7.367014153643865193e-02 6.336248083288786859e-02 3.722830142005063847e-02 5.571795433454313634e-02 3.086096413482481912e-02 2.534194399315547325e-02 5.265394649656326975e-02 2.202481086094458876e-02 7.187820000602358761e-02
5.161764705882353610e+02 1.516298081255021933e-02 8.978707333493955375e-03 2.418110918004751780e-02 1.263909412666115381e-02 8.859162464600989911e-03 9.469433057327607262e-03 1.532146045557637032e-02 9.467049498225649229e-02 2.537197248877328185e-02 3.976974411964680212e-02 1.696048371811281208e-01 8.037318994722948695e-02 5.448685445636285152e-02 3.462952722653225845e-02 2.573866121688246911e-01 1.069118124938625292e-01 2.196638257729774113e-01 3.217668504969199705e-02 2.158614674722914573e-01 3.528044957414403632e-02 3.371279134532721017e-02 6.688582956703917337e-02 1.708949777082625354e-01 1.892956429533187990e-01 2.712416525189512845e-02 3.036469865451009095e-02 3.395863883675660083e-02 8.793481021781174301e-02 7.123800885818389050e-02 2.262024510183332227e-01 1.444206424999409932e-02 1.534075374946116364e-02 5.935148608824336591e-02 1.186588458720564537e-01 7.019104229929959415e-02 1.425884114458443770e-02 3.043274480696494047e-02 1.287518956546205018e-01 1.516970113984779205e-02 2.712441252305920758e-02 2.095722143414004424e-01 3.847369288197727971e-02 3.919851878217274488e-02 4.008560287696191077e-02 3.639886502534705331e-02 8.181823521668531163e-02 9.462850512514116297e-03 3.339175319831105132e-02 1.689176184057446933e-02 3.006384973430727137e-02 1.012584065855688803e-01 6.078813131782982021e-02 3.618671359980984298e-02 5.825882465646347458e-02 1.175451686182527218e-02 2.016280692248588469e-02 4.069720116924426673e-02 1.152400150887047114e-01 3.316924041073200657e-02 7.637222943698922240e-02 7.408913269371050769e-02 3.652320561894843720e-02 6.037097412280280351e-02 2.451903101705775745e-01 9.506114921373723381e-02 3.452906544650642950e-01 2.478867918518569691e-01 5.541953498285213942e-02 8.443801611479560820e-02 6.870197972510748430e-02 2.535284109345516401e-01 1.615658317414050277e-02 2.015541615673747608e-02 6.810161818767146436e-02 3.169064993752843812e-02 2.642378865028578369e-02 2.525070191557004032e-02 4.033161465389701467e-02 6.633864615313744828e-02 3.708595119624625430e-02 2.979269411538713191e-02 3.484651708242125084e-02 3.594650666098852393e-02 6.322237126618372727e-02 4.101877721266199150e-02 4.123713583249505321e-02 3.507641874254650849e-02 6.703931595482821859e-02 4.130915932869661661e-02 4.549178889552701888e-02 3.351772651114794110e-02 3.965636804338818627e-02 2.461896038153930585e-02 3.985129185822509218e-02 4.441162492972023507e-02 8.341372207948757889e-02 2.844061753665045808e-02 3.668065389790895608e-02 3.617660307090692778e-02 2.864803460757047587e-02 3.833682918400913020e-02 6.211550671806891077e-02 5.336053548527613238e-02 3.121790733664037490e-02 4.689289215902739394e-02 2.581288524155496769e-02 2.118995370585415386e-02 4.420675034066332693e-02 1.839539602326023190e-02 6.050224800186921464e-02
5.170588235294118249e+02 1.262642738098839791e-02 7.451450986182143847e-03 2.022567115744952973e-02 1.052684247244994875e-02 7.359269298827700312e-03 7.860247028494377758e-03 1.278829973390026124e-02 7.997255109477616197e-02 2.124923921858636391e-02 3.338774476486754128e-02 1.439957977049141080e-01 6.783829625085670278e-02 4.586639079725179924e-02 2.905858387057831671e-02 2.192922047476189018e-01 9.040583843889370141e-02 1.868530185695738144e-01 2.698275751416059909e-02 1.835969121609692944e-01 2.961327859478244534e-02 2.825875310204149782e-02 5.638361137138693524e-02 1.450400667470435889e-01 1.608861009951134402e-01 2.267801800279316618e-02 2.545929044354163645e-02 2.846196445587255430e-02 7.426262199971568612e-02 6.008490017345220757e-02 1.924638566422483821e-01 1.204975173407592769e-02 1.280478956046899978e-02 4.991642311969976542e-02 1.004478174646353944e-01 5.918056311781792755e-02 1.188464988161117529e-02 2.549107550171985509e-02 1.090889149351554066e-01 1.263116586337568840e-02 2.272937901715753675e-02 1.782943284446333876e-01 3.232218202879028057e-02 3.289081273466126082e-02 3.361959079919796950e-02 3.052738898740876838e-02 6.904252062232728304e-02 7.856383159819327680e-03 2.800225388483047403e-02 1.410872977332768875e-02 2.521103718471550889e-02 8.552002913312763133e-02 5.118334295410269935e-02 3.033183528007326810e-02 4.903789123541645728e-02 9.782319868919000377e-03 1.684749815611554652e-02 3.416396379702198866e-02 9.756251985705988172e-02 2.783146754679838991e-02 6.442518259779639322e-02 6.249703461068360777e-02 3.060003027171042528e-02 5.080053555815469690e-02 2.087251064372880327e-01 8.033365839152474541e-02 2.949141380351180119e-01 2.110433804350445586e-01 4.664071877000842276e-02 7.128602599822038421e-02 5.791881848914985642e-02 2.158861127125758506e-01 1.347812705231807816e-02 1.683831604682745758e-02 5.741802910029385892e-02 2.658212857703743520e-02 2.211946196509838314e-02 2.114474942269149726e-02 3.381622407668666980e-02 5.591250223999236907e-02 3.110982128327051746e-02 2.495947476366583428e-02 2.918542376568861521e-02 3.016862796671308453e-02 5.317904352801157419e-02 3.440223930048775386e-02 3.458424502410829132e-02 2.941005540967834772e-02 5.650745578688968346e-02 3.468858452097729056e-02 3.817935677446523263e-02 2.806445940198945554e-02 3.329775358484583087e-02 2.059081327082114624e-02 3.345393478927306818e-02 3.731333273905784731e-02 7.044199694151544178e-02 2.381099072354219207e-02 3.074067806251276624e-02 3.031588879719096519e-02 2.399930450912411695e-02 3.212485940693261821e-02 5.233822024917737792e-02 4.490765237130835835e-02 2.616091078035282305e-02 3.943955294254930521e-02 2.157674273763280498e-02 1.770691199682834435e-02 3.709052330236219108e-02 1.535431757127057699e-02 5.089307900922079159e-02
5.179411764705882888e+02 1.050772054892540504e-02 6.180235388809220999e-03 1.690655868412069968e-02 8.762179311452733543e-03 6.109595323075560011e-03 6.520565405033038227e-03 1.066729020638618013e-02 6.751156081506920481e-02 1.778509428061678804e-02 2.801182749103350508e-02 1.221700784564191955e-01 5.722038702121837184e-02 3.858455401081264946e-02 2.436818041447058256e-02 1.867061768647485520e-01 7.639705983834362002e-02 1.588335765417872025e-01 2.261273524023471246e-02 1.560473572072314796e-01 2.484043648209356692e-02 2.367192901437582819e-02 4.749912936403812014e-02 1.230128986950640574e-01 1.366464315099137350e-01 1.894872373645047417e-02 2.133268808845795519e-02 2.383976625770200045e-02 6.267452074740863244e-02 5.064447865673547128e-02 1.636444597820501390e-01 1.004745685831939274e-02 1.068136634378869139e-02 4.195393852850833050e-02 8.497451054661031566e-02 4.986435633173962739e-02 9.899637601469894049e-03 2.133824162741183167e-02 9.236641150183176607e-02 1.051095274455488351e-02 1.903433119859641171e-02 1.515799506980660682e-01 2.713666732724352715e-02 2.758039006769713933e-02 2.817850591983357689e-02 2.558662606111008694e-02 5.822314112194600100e-02 6.518683191091918273e-03 2.346758847846572640e-02 1.177683318989618602e-02 2.112800880954185390e-02 7.217981958776401030e-02 4.306795260989255275e-02 2.540800913328404576e-02 4.124943957568879410e-02 8.136018821952778479e-03 1.406847100404264028e-02 2.866105267142269111e-02 8.254111996817532770e-02 2.333767319679631164e-02 5.431112633506449822e-02 5.268382824804904857e-02 2.562110743866982329e-02 4.271938986635648305e-02 1.775601801983135719e-01 6.784257969499572771e-02 2.517102815451193187e-01 1.795516584023954809e-01 3.922690306252230030e-02 6.014265147357800850e-02 4.879597693565507904e-02 1.837053661456208575e-01 1.123670626646230096e-02 1.405830189041541896e-02 4.837855295928629451e-02 2.228279744911931121e-02 1.850454349342225621e-02 1.769519971445814022e-02 2.833521927157323095e-02 4.709399168894033011e-02 2.607995641559887612e-02 2.089701596814927051e-02 2.442846642271799193e-02 2.530317154522331372e-02 4.470205475560388997e-02 2.883448853275845727e-02 2.898609356156142333e-02 2.464327347351800979e-02 4.759880694906890031e-02 2.911028847290689572e-02 3.202172643889548975e-02 2.348349900619411956e-02 2.794066726104988893e-02 1.721087373313504726e-02 2.806546089338664979e-02 3.132927565228849076e-02 5.944798858487089499e-02 1.992232665647875739e-02 2.574616045157595429e-02 2.538841525389495118e-02 2.009211800621538146e-02 2.690228141277946003e-02 4.407096281791605258e-02 3.776912847575129850e-02 2.190910708720155212e-02 3.314929718946048320e-02 1.802443708425708821e-02 1.478708630693387725e-02 3.109984947184001383e-02 1.280797679970827746e-02 4.278219906202879869e-02
5.188235294117646390e+02 8.739220214993815086e-03 5.122834206712012679e-03 1.412332921482464462e-02 7.288900023685057454e-03 5.069088862661017512e-03 5.405988834679680867e-03 8.892586718116443981e-03 5.695480504737576027e-02 1.487635886276892673e-02 2.348658899513810308e-02 1.035827657203110819e-01 4.823284737338214695e-02 3.243788937761918345e-02 2.042192158101789265e-02 1.588534388688969401e-01 6.451642998409400087e-02 1.349240335219281106e-01 1.893850391094897834e-02 1.325416701259139185e-01 2.082362707484498171e-02 1.981712931715000695e-02 3.998862844361968094e-02 1.042608948996413543e-01 1.159802659431809213e-01 1.582286156717177886e-02 1.786367901508795555e-02 1.995564179470940211e-02 5.286000291959141312e-02 4.265953999396387281e-02 1.390457948579437442e-01 8.372736932269777416e-03 8.904587871181156994e-03 3.523899621104197716e-02 7.183709523727102586e-02 4.198741830862790653e-02 8.241133737851052271e-03 1.785075502786040089e-02 7.815524639527385298e-02 8.741318899467512282e-03 1.592995518296168311e-02 1.287806434924952670e-01 2.276855497293729658e-02 2.311272372200363912e-02 2.360310326921232285e-02 2.143196532349709096e-02 4.906719210868890069e-02 5.405521778566467310e-03 1.965484906759285000e-02 9.824281676929840987e-03 1.769506760172109838e-02 6.088062057511983705e-02 3.621592884240025512e-02 2.127007656457102075e-02 3.467565044496320747e-02 6.762683236782923366e-03 1.174057793761491136e-02 2.402925312031053973e-02 6.978619137841617082e-02 1.955707666998312763e-02 4.575505040693857162e-02 4.438256199348075692e-02 2.143882960105907703e-02 3.590066793130122780e-02 1.509454926057374746e-01 5.725608041859209935e-02 2.146866917260927543e-01 1.526548590745301914e-01 3.297033318760073800e-02 5.070801847102142379e-02 4.108339561342563145e-02 1.562148211631579076e-01 9.362287830768648705e-03 1.173001128043987991e-02 4.073571288466978912e-02 1.866702415435333648e-02 1.547072236146453984e-02 1.479913344901559631e-02 2.372761408112381010e-02 3.964061970493613918e-02 2.184950108412398936e-02 1.748478643174029498e-02 2.043403025910302956e-02 2.120894007573615597e-02 3.755223289914189772e-02 2.415257257800129329e-02 2.427877298144632753e-02 2.063606905753023399e-02 4.006864205347009100e-02 2.441351018481986018e-02 2.684018434927379348e-02 1.963798768333230305e-02 2.343055238852843544e-02 1.437679266556977226e-02 2.352997127155166332e-02 2.628812936926799154e-02 5.013697656520965662e-02 1.665830642133189765e-02 2.154955038129655748e-02 2.124847229177048713e-02 1.681047891801447369e-02 2.251458124794808793e-02 3.708556524567413470e-02 3.174491060113068114e-02 1.833678969280771662e-02 2.784441719836510884e-02 1.504762882496616695e-02 1.234108618403475556e-02 2.606025371492546455e-02 1.067734330606948459e-02 3.594088259787039247e-02
5.197058823529412166e+02 7.264021187761862328e-03 4.243857465622039374e-03 1.179105568217518260e-02 6.059709581604007939e-03 4.203307561328282344e-03 4.479297935738053155e-03 7.408647440306913301e-03 4.801775267214246357e-02 1.243566353854569546e-02 1.968007599371161126e-02 8.776513418712784953e-02 4.063080933931600969e-02 2.725311001518581147e-02 1.710405638333768047e-02 1.350645204259949272e-01 5.444797729045343371e-02 1.145368896013735510e-01 1.585142133621713148e-02 1.125013416025678614e-01 1.744544793938293883e-02 1.657976743950257889e-02 3.364415822783783927e-02 8.830893122346389346e-02 9.837397072932980990e-02 1.320457526840917821e-02 1.494949158224503222e-02 1.669399002168074631e-02 4.455361800549804269e-02 3.591052373419182514e-02 1.180655265502557477e-01 6.972943032871266149e-03 7.418867515756407197e-03 2.958012577092877099e-02 6.069110031827881779e-02 3.533215779549533919e-02 6.856358370267617679e-03 1.492403298492356832e-02 6.608715480586428714e-02 7.265277328105744503e-03 1.332362887778794358e-02 1.093372822828836133e-01 1.909157360990460309e-02 1.935668323836010896e-02 1.975832023328049150e-02 1.794075635162299329e-02 4.132449647048262037e-02 4.479814060438117550e-03 1.645132573478409396e-02 8.190471391890238526e-03 1.481070889172951544e-02 5.131707445839919779e-02 3.043470144883804115e-02 1.779500421088846610e-02 2.913101839752356079e-02 5.617812885665367240e-03 9.791907051229313194e-03 2.013338630309344929e-02 5.896369090273639174e-02 1.637870009144649572e-02 3.852215274774178216e-02 3.736532341653781009e-02 1.792815249001003877e-02 3.015122369839116218e-02 1.282338484940099832e-01 4.829026038557480277e-02 1.829836967458307317e-01 1.296999011896864396e-01 2.769410699225448649e-02 4.272586112796294272e-02 3.456772826597873105e-02 1.327486647418877341e-01 7.795833545349717050e-03 9.781365464544696312e-03 3.427834336782476649e-02 1.562823934715867544e-02 1.292633360319943997e-02 1.236941458594211646e-02 1.985691374615864216e-02 3.334555304435420087e-02 1.829387359249083286e-02 1.462068673320320207e-02 1.708219382487782476e-02 1.776608545972369405e-02 3.152604889820498357e-02 2.021828476542822384e-02 2.032327034884870778e-02 1.726973734859457363e-02 3.370820481707967331e-02 2.046170910197633169e-02 2.248303989482008242e-02 1.641207008506130258e-02 1.963615139315538771e-02 1.200203567911299271e-02 1.971510223766157616e-02 2.204429463477472484e-02 4.225701361875173340e-02 1.392047274530397276e-02 1.802581174375035220e-02 1.777259388859033992e-02 1.405613451438418073e-02 1.883083959756733095e-02 3.118747684530106395e-02 2.666465544610321231e-02 1.533744065695828371e-02 2.337370678363878337e-02 1.255477999914354249e-02 1.029341068370053652e-02 2.182369014864723664e-02 8.895752150892980228e-03 3.017448127428604826e-02
5.205882352941176805e+02 6.034284645688762876e-03 3.513666025413605173e-03 9.837983513401194618e-03 5.034839258829935937e-03 3.483375084912178343e-03 3.709314614865933789e-03 6.168656795894123836e-03 4.045727767633199717e-02 1.038908226217279650e-02 1.648033335505936364e-02 7.431433119872851711e-02 3.420523885013559279e-02 2.288274015534801781e-02 1.431642976004530131e-02 1.147616693508611702e-01 4.592139239770448578e-02 9.716608531216994193e-02 1.325942799767876497e-02 9.542812417127216618e-02 1.460631119018641726e-02 1.386279467256464580e-02 2.828845553155848527e-02 7.474882251937246813e-02 8.338554506208702144e-02 1.101291357100212150e-02 1.250305700536254346e-02 1.395691444206576849e-02 3.752861440681497240e-02 3.021015361118081777e-02 1.001846624919495582e-01 5.803716616086635263e-03 6.177350203702911165e-03 2.481454367293739818e-02 5.124146746204034930e-02 2.971305452205211597e-02 5.700893977581226318e-03 1.246957116245858005e-02 5.584637322591916309e-02 6.034923925881766418e-03 1.113693292663886676e-02 9.276817287558182523e-02 1.599850373947264356e-02 1.620107852239444785e-02 1.652969256308729068e-02 1.500905507512862933e-02 3.478154285428161629e-02 3.710487487180022179e-03 1.376151027402362087e-02 6.824280055551434389e-03 1.238892164674546166e-02 4.322832173069952877e-02 2.556033747601123285e-02 1.487859204400305245e-02 2.445768275251606824e-02 4.664022474611878750e-03 8.161770261409634006e-03 1.685876993703714147e-02 4.978746234895534833e-02 1.370844218588812904e-02 3.241212169608803650e-02 3.143768623169708454e-02 1.498322696125633548e-02 2.530675031091707619e-02 1.088672741492586749e-01 4.070242466888676636e-02 1.558572397579234547e-01 1.101236607882736668e-01 2.324771168134441568e-02 3.597735641462711242e-02 2.906709643194659715e-02 1.127326722556669242e-01 6.487610488319720155e-03 8.151547801319618605e-03 2.882640600031347033e-02 1.307611327268714749e-02 1.079385886150324887e-02 1.033232637833670330e-02 1.660747815413152889e-02 2.803251617459921394e-02 1.530746885637516291e-02 1.221829655109727200e-02 1.427148300292195929e-02 1.487295891428114768e-02 2.645044114006578004e-02 1.691449617110907244e-02 1.700177810846823651e-02 1.444370970668149012e-02 2.833956489298494752e-02 1.713900586872672827e-02 1.882163875019857158e-02 1.370774470053883268e-02 1.644607958959666202e-02 1.001349507805486538e-02 1.650855908033586547e-02 1.847413075714309308e-02 3.559289161098685289e-02 1.162555074894027450e-02 1.506906783158429471e-02 1.485624245185236322e-02 1.174592560564405481e-02 1.574021313978901659e-02 2.621094380039963243e-02 2.238343140955243241e-02 1.282087074985094680e-02 1.960860941735816793e-02 1.046860633078012214e-02 8.580337931735690718e-03 1.826463528996060542e-02 7.407010707256250423e-03 2.531747707560614777e-02
5.214705882352941444e+02 5.009826990723906769e-03 2.907457106430958241e-03 8.203539816015039537e-03 4.180876766316045379e-03 2.885101377793874902e-03 3.069942607806545962e-03 5.133187625205933892e-03 3.406582643004215510e-02 8.674118056148920342e-03 1.379245729224634100e-02 6.288445159101713200e-02 2.877785625590249113e-02 1.920138336501621065e-02 1.197588059353940290e-02 9.744677935920649514e-02 3.870564493501624237e-02 8.237613385028422219e-02 1.108458496933374844e-02 8.089331317901998775e-02 1.222181421738775461e-02 1.158408773376462184e-02 2.377055285520010552e-02 6.323022755870209843e-02 7.063499786517071777e-02 9.179571785210421941e-03 1.045067371935124063e-02 1.166158324115993024e-02 3.159147619123513218e-02 2.539883639055278211e-02 8.495645462743171838e-02 4.827715592624506544e-03 5.140574265220055304e-03 2.080397896907213579e-02 4.323570049276934807e-02 2.497207615036658307e-02 4.737391852188799213e-03 1.041253723998670187e-02 4.716241101700794497e-02 5.010023311901264098e-03 9.303531064202003389e-03 7.865872496634976341e-02 1.339838431198396747e-02 1.355171033410338538e-02 1.382029784069439306e-02 1.254884709330750421e-02 2.925627950520788556e-02 3.071528327471503925e-03 1.150454207781271762e-02 5.682620241529947290e-03 1.035688671614149944e-02 3.639172200997726342e-02 2.145340812711112738e-02 1.243266673630823160e-02 2.052142843361743491e-02 3.869929995088762509e-03 6.798995067409794278e-03 1.410819569781990128e-02 4.201260251926940831e-02 1.146658228836772153e-02 2.725422534166678859e-02 2.643394152615833811e-02 1.251453030935545385e-02 2.122759989501555797e-02 9.236518387674315378e-02 3.428529577314153726e-02 1.326639855434595394e-01 9.344106067301141683e-02 1.950320219145561945e-02 3.027582495138718757e-02 2.442658946903535078e-02 9.567209811630941751e-02 5.395759755675455342e-03 6.789287641394127666e-03 2.422654074722060957e-02 1.093414886575864303e-02 9.007799979540508095e-03 8.625558187645541650e-03 1.388142072684754591e-02 2.355141311145915461e-02 1.280084626600539940e-02 1.020453021972541653e-02 1.191610792586571613e-02 1.244342395916165842e-02 2.217838604075486261e-02 1.414202793525907303e-02 1.421454663696326837e-02 1.207285687934544528e-02 2.381120374245078442e-02 1.434714309148805642e-02 1.574696027257742673e-02 1.144218404847116566e-02 1.376589999511359554e-02 8.349459131585856841e-03 1.381515723366798926e-02 1.547273693857590011e-02 2.996095341130541878e-02 9.703167161763118914e-03 1.258974433585850067e-02 1.241098400122748503e-02 9.809528370580180776e-03 1.314893767067882267e-02 2.201487488163112946e-02 1.877803876953729884e-02 1.071078253733210792e-02 1.643992357956815947e-02 8.723913522596989795e-03 7.148133719700685423e-03 1.527675542403360114e-02 6.163793673513835725e-03 2.122924856169655650e-02
5.223529411764706083e+02 4.156921641427884818e-03 2.404491284633980801e-03 6.836632752550254356e-03 3.469772572881318646e-03 2.388237907199970179e-03 2.539356115117997591e-03 4.269062040445759272e-03 2.866636867001003813e-02 7.237979778829577507e-03 1.153606576408911996e-02 5.317875961445205080e-02 2.419674431182758378e-02 1.610250899949133840e-02 1.001201042109305279e-02 8.269081594199705065e-02 3.260345103435585007e-02 6.979263087424421308e-02 9.260962575144188538e-03 6.852838479675962824e-02 1.022048485224220406e-02 9.674210963329314683e-03 1.996198946977919761e-02 5.345272656254054788e-02 5.979595050927765526e-02 7.646962575649536055e-03 8.730007943652211624e-03 9.737969903928670595e-03 2.657719706889561870e-02 2.134068821346575898e-02 7.199670483054686210e-02 4.013529851282403998e-03 4.275331611853761503e-03 1.743108258558513993e-02 3.645791981670403609e-02 2.097472299881058405e-02 3.934472163356735747e-03 8.689710706492846659e-03 3.980376764387032890e-02 4.156807993795543464e-03 7.767354381860913301e-03 6.665244103546662247e-02 1.121411249992487584e-02 1.132884085125855297e-02 1.154813565397212576e-02 1.048566951635897422e-02 2.459361433279794174e-02 2.541174878801445453e-03 9.612018310841251995e-03 4.729205928285878935e-03 8.653005670555075080e-03 3.061742161895497985e-02 1.799542843158446342e-02 1.038267946084511957e-02 1.720824247693887588e-02 3.209213542594279225e-03 5.660467691068734979e-03 1.179933656646732151e-02 3.542970145679620597e-02 9.585639160932388908e-03 2.290307080193054734e-02 2.221297962955599142e-02 1.044641074606141029e-02 1.779518414048781097e-02 7.831403825220931147e-02 2.886200122639553250e-02 1.128482138308230520e-01 7.923464050426616556e-02 1.635191080152671381e-02 2.546214962701261880e-02 2.051438046461167772e-02 8.114107255144457909e-02 4.485078110378492786e-03 5.651397101362076562e-03 2.034822688886463865e-02 9.137617239151853490e-03 7.512860429270218007e-03 7.196484476541323283e-03 1.159595196258743181e-02 1.977454988737800332e-02 1.069831921651723076e-02 8.517630725700877856e-03 9.943598590329456866e-03 1.040454966152248341e-02 1.858508719294677675e-02 1.181697091569016214e-02 1.187718652814774914e-02 1.008517899381151071e-02 1.999420583064599397e-02 1.200287549017356806e-02 1.316669907351039268e-02 9.545443295200873104e-03 1.151561213726527005e-02 6.957878369303403636e-03 1.155428344056783421e-02 1.295118724985766696e-02 2.520460561462726373e-02 8.093900906735658138e-03 1.051212152691072613e-02 1.036206963063914660e-02 8.187522758596738406e-03 1.097776254659708212e-02 1.847927560234280397e-02 1.574384032801748323e-02 8.942684523830374266e-03 1.377496763294367745e-02 7.265751154211044088e-03 5.951522490381172190e-03 1.277004801607008189e-02 5.126275944656781200e-03 1.779042852069766256e-02
5.232352941176470722e+02 3.447283540213335641e-03 1.987439927942606134e-03 5.694202252295677176e-03 2.877997592791375642e-03 1.975848488219907745e-03 2.099314932599883297e-03 3.548383014654157668e-03 2.410803996222720541e-02 6.036111046118620461e-03 9.643133179747600398e-03 4.494292925128526989e-02 2.033256159280076927e-02 1.349568971468863461e-02 8.365274103084652593e-03 7.012457941383724858e-02 2.744649142456204172e-02 5.909397963370856960e-02 7.732836072028135936e-03 5.801683613155339536e-02 8.541850322247081587e-03 8.074504231639342833e-03 1.675354941498242989e-02 4.515893936285579613e-02 5.058832696952206970e-02 6.366573712980277619e-03 7.288383122761911588e-03 8.126921840083470294e-03 2.234520218916151088e-02 1.792011176963409849e-02 6.097530752389263703e-02 3.334759790315188367e-03 3.553698908313467509e-03 1.459634457545122728e-02 3.072371438789360185e-02 1.760662136335441191e-02 3.265790800828533014e-03 7.247724802929791758e-03 3.357248873344731432e-02 3.446960752111798403e-03 6.481051306631747597e-03 5.644305545458826873e-02 9.380386992818342401e-03 9.465029310365974044e-03 9.643887595209416769e-03 8.756575443425554037e-03 2.066153612547812560e-02 2.101236418744833329e-03 8.026122711825980222e-03 3.933503327122975929e-03 7.225214236176516480e-03 2.574366575149805020e-02 1.508579619098382972e-02 8.665651677254769536e-03 1.442135463335413731e-02 2.659812585802947930e-03 4.709893029164080591e-03 9.862526204346617684e-03 2.985985665184151885e-02 8.008539065601076937e-03 1.923494995327513363e-02 1.865474142654762260e-02 8.714990536891066911e-03 1.490888353066399316e-02 6.635831554199693449e-02 2.428174498040187868e-02 9.593034219905111071e-02 6.714546460361621449e-02 1.370162035807444452e-02 2.140082292889312204e-02 1.721838205766654598e-02 6.877335094622163969e-02 3.725983125924795317e-03 4.701525923494351104e-03 1.708047577390938224e-02 7.631792376964330500e-03 6.262394453413488299e-03 6.000695565467307861e-03 9.681108670708747990e-03 1.659338400492705798e-02 8.935892408682848814e-03 7.105456226369388957e-03 8.292786858769688949e-03 8.694637694455284796e-03 1.556470422778370027e-02 9.868392827654729610e-03 9.918362478873770510e-03 8.419830830130434554e-03 1.677898074005700416e-02 1.003573501727230040e-02 1.100276690589727796e-02 7.958504125691672274e-03 9.627501388419388781e-03 5.794888379595364465e-03 9.657721221077700605e-03 1.083416106713872874e-02 2.119044552095106226e-02 6.747619264762789656e-03 8.772243950022717493e-03 8.646369173861653476e-03 6.829742844248452155e-03 9.159758884093403136e-03 1.550218057469083047e-02 1.319204015929974563e-02 7.462108832787461669e-03 1.153514697417605712e-02 6.047839824229113946e-03 4.952386543859889877e-03 1.066839666944756869e-02 4.260970596687777522e-03 1.489977604678271485e-02
5.241176470588234224e+02 2.857209402972218405e-03 1.641835111079124540e-03 4.739986174530981533e-03 2.385829790111523852e-03 1.633778029559355190e-03 1.734586762313449545e-03 2.947712148437557286e-03 2.026238374981665855e-02 5.030935807553138343e-03 8.056137482674231853e-03 3.795917589462146496e-02 1.707528120920749973e-02 1.130423140930906199e-02 6.985347263382580760e-03 5.943064902113434633e-02 2.309128222681191764e-02 5.000419107160878479e-02 6.453143917239180169e-03 4.908708634302019064e-02 7.134785932751219403e-03 6.735450763402072057e-03 1.405245601481804572e-02 3.812855389166008163e-02 4.277199961580454429e-02 5.297570117696594368e-03 6.081319825069296699e-03 6.778511982912925615e-03 1.877583227764246382e-02 1.503885008530517903e-02 5.160888950794984692e-02 2.769234337814570780e-03 2.952214866259357962e-03 1.221545253846360174e-02 2.587569120534364761e-02 1.477059376958820766e-02 2.709248284904067390e-03 6.041566793889615455e-03 2.829945209312243262e-02 2.856753087943772126e-03 5.404664209399109159e-03 4.776769280847056182e-02 7.841946409579563654e-03 7.903281818937690079e-03 8.049002834678478657e-03 7.308396628295220528e-03 1.734777496101956237e-02 1.736518616607403420e-03 6.698026241631003554e-03 3.269839130378017055e-03 6.029542195159861076e-03 2.163275679523079392e-02 1.263916406049814430e-02 7.228422425835619343e-03 1.207869818418095403e-02 2.203252170538206114e-03 3.916740294315541708e-03 8.238859832780210529e-03 2.515036088095710942e-02 6.687049724095796809e-03 1.614469379164199317e-02 1.565716413393163087e-02 7.266376604438944814e-03 1.248339491821186947e-02 5.619264845684002890e-02 2.041607288660427302e-02 8.149687957282715500e-02 5.686519514061461056e-02 1.147413895302353340e-02 1.797654180238080629e-02 1.444337093559094377e-02 5.825425125307562291e-02 3.093635027722313555e-03 3.909102921594685351e-03 1.432898784142231687e-02 6.370442941990377660e-03 5.217084936927338969e-03 5.000744801588121076e-03 8.077814403171595936e-03 1.391572913338968986e-02 7.459499879174721383e-03 5.924018147750708882e-03 6.912084904810144106e-03 7.261534419917501856e-03 1.302754731921420064e-02 8.236379895481166918e-03 8.277822313791496911e-03 7.025434753970658149e-03 1.407244399542342816e-02 8.386118366398824173e-03 9.189156225164248765e-03 6.631607919662161829e-03 8.044298747665861588e-03 4.823551740171427328e-03 8.067791612048928404e-03 9.057913344792799248e-03 1.780492369097147129e-02 5.622059673651833532e-03 7.316136263638655171e-03 7.210608424091641440e-03 5.693869470013417783e-03 7.638448817413227322e-03 1.299701714131437126e-02 1.104734744871106907e-02 6.223090154387736668e-03 9.653867656369748487e-03 5.031233839363010059e-03 4.118659605713850813e-03 8.907480935384827492e-03 3.539742091839517563e-03 1.247149541163088821e-02
5.250000000000000000e+02 2.366850514545000127e-03 1.355606266710000091e-03 3.943470890145000379e-03 1.976750683399999993e-03 1.350204673149999965e-03 1.432460577505000185e-03 2.447372181559999849e-03 1.702011473349999970e-02 4.190789712759999779e-03 6.726477479349999601e-03 3.204116797900000146e-02 1.433138386049999900e-02 9.463140582499999717e-03 5.829732406099999778e-03 5.033636491399999524e-02 1.941561368849999830e-02 4.228662463550000167e-02 5.382172543500000385e-03 4.150630606950000273e-02 5.956104719050000357e-03 5.615284889449999664e-03 1.177996282219999878e-02 3.217315106500000244e-02 3.614127172059999893e-02 4.405605605749999577e-03 5.071289867634999962e-03 5.650633330199999679e-03 1.576731708199999998e-02 1.261345498479999987e-02 4.365440937549999734e-02 2.298347878049999959e-03 2.451182355035000197e-03 1.021702817185000077e-02 2.177963123799999887e-02 1.238414152749999983e-02 2.246319972099999982e-03 5.033299996650000135e-03 2.384029223695000033e-02 2.366316678009999959e-03 4.504501465550000625e-03 4.040092045750000305e-02 6.552063743200000137e-03 6.595471428700000298e-03 6.714065100749999453e-03 6.096259667299999685e-03 1.455692922500000097e-02 1.434339296074999990e-03 5.586522930800000460e-03 2.716643411749999903e-03 5.028884532599999652e-03 1.816757462705000103e-02 1.058318559760000090e-02 6.026153364305000468e-03 1.011073203664999975e-02 1.824071747000000077e-03 3.255347330149999802e-03 6.878571847050000444e-03 2.117097790400000040e-02 5.580443172349999759e-03 1.354296819700000036e-02 1.313355572545000030e-02 6.055135810899999610e-03 1.044645964114999936e-02 4.755498179100000472e-02 1.715565415350000025e-02 6.919164058891999480e-02 4.812919536299999773e-02 9.603220538399999048e-03 1.509127684140000071e-02 1.210851742990000021e-02 4.931363533949999906e-02 2.567192275270000195e-03 3.248437032249999832e-03 1.201370910155000020e-02 5.314544665149999354e-03 4.343817983450000073e-03 4.165081711250000034e-03 6.736224928800000310e-03 1.166335520200000031e-02 6.223500706950000141e-03 4.936235641000000229e-03 5.758019159419999408e-03 6.061189644720000290e-03 1.089767445329999952e-02 6.870365418889999749e-03 6.904715624290000409e-03 5.858642170250000572e-03 1.179559631989999906e-02 7.003652040549999958e-03 7.670115962690000552e-03 5.522835726870000198e-03 6.717608497849999853e-03 4.012788417649999426e-03 6.735764502649999735e-03 7.568539204099999917e-03 1.495146988204999923e-02 4.681622205100000218e-03 6.098281519408999853e-03 6.009865565495000304e-03 4.744230964799999763e-03 6.366211606035000053e-03 1.089034228895000012e-02 9.245974538650000157e-03 5.186869171149999756e-03 8.074749943399999602e-03 4.183184416089999642e-03 3.423387010699999872e-03 7.432991165149999482e-03 2.938969252755000133e-03 1.043293861515000136e-02
