2.000000000000000000e+02 2.781152927322689720e+04 2.456711128384263793e+04 2.763722972380607462e+04 2.767029077851335387e+04 3.183712952151986974e+04 3.976997303794062464e+04 2.779932964150655971e+04 2.668315909524476228e+04 2.815254040558155612e+04 2.805625099842960481e+04 3.552481676806951873e+04 2.835401357431597717e+04 2.830188199812437597e+04 2.654135466833882674e+04 2.648701248441716598e+04 2.489700007374041888e+04 2.531295722957072940e+04 2.831103298748581074e+04 2.825153113083650533e+04 4.609035516333999840e+04 2.117450535396724445e+04 2.144664437337336130e+04 2.127503337133008972e+04 3.410545139319352893e+04 2.099830568669953573e+04 3.170077556636807276e+04 6.988939623543743801e+04 2.095574901501651766e+04 2.254148880449770149e+04 2.857048569682258312e+04 2.634879180281686058e+04 3.636682409023312357e+04 2.804875020725639115e+04 3.091139755411505394e+04 3.952600953814086097e+04 2.250681923927860771e+04 3.962503394838212989e+04 2.434871453747886335e+04 5.382597339206353354e+04 2.052126981055153738e+04 2.222476540899477914e+04 6.125952605754661636e+04 5.888594545434336032e+04 3.957663607442560897e+04 4.056172483701460442e+04 3.110439033039851711e+04 2.600012745548758176e+04 2.449968832000413386e+04 2.337282401149916404e+04 2.064006323430200064e+04 2.715272027641684690e+04 2.033234302357591514e+04 3.023461314002112340e+04 3.473210984690904297e+04 2.828275205861864015e+04 2.860397501727474082e+04 2.716070245305092612e+04 3.516184973732681101e+04 2.468803986801824067e+04 2.464436725933007983e+04 2.154551330227188373e+04 1.921357616056934421e+04 1.945783894529268582e+04 5.503778775713188952e+04 3.890224994943172351e+04 3.944532353710810276e+04 4.046250029119892133e+04 5.472014559519272734e+04 3.372240845398116653e+04 2.281516004996157790e+04 3.001405887724508648e+04 4.337253755434203049e+04 3.310104606013076409e+04
2.005882352941176521e+02 2.871231752794542263e+04 2.496657756958123355e+04 2.877494773129945315e+04 2.881783199726527164e+04 3.396217961956241925e+04 4.136106817959779437e+04 2.932923435909169712e+04 2.833495502365506036e+04 2.850676376751522548e+04 2.841389260675548212e+04 3.744080456081864395e+04 2.871402479425123238e+04 2.872696267681210884e+04 2.713577824810489619e+04 2.708754936226265272e+04 2.572613754480794523e+04 2.615172467397675427e+04 2.870539610280481429e+04 2.864150471955872490e+04 4.855591482844067650e+04 2.273440170371077329e+04 2.302807910302300661e+04 2.284120587701330078e+04 3.585986676351669303e+04 2.261619190569791317e+04 3.266832602396968286e+04 7.035736554460260959e+04 2.195416996327507150e+04 2.322856424872500429e+04 3.012506375633754215e+04 2.836846781061344518e+04 3.760570960405172082e+04 2.858787813516543611e+04 3.189673219494906880e+04 4.094545005605828192e+04 2.401031518260368102e+04 4.100413144775304681e+04 2.583304143853883943e+04 5.248492502382916427e+04 2.208880630473643032e+04 2.368898975753016930e+04 6.263845793868722831e+04 6.129696580322372029e+04 4.096958040429732500e+04 4.165549804135449813e+04 3.274232503185625683e+04 2.645733568459208254e+04 2.548280098748803721e+04 2.436722903357968244e+04 2.127621313550550985e+04 2.867625895674937055e+04 2.138215883781316370e+04 3.148656451193404064e+04 3.600431398020115739e+04 2.986417327611475048e+04 2.922535979588987175e+04 2.881960024793262710e+04 3.680275754797716218e+04 2.599358904962556699e+04 2.563493997304976438e+04 2.220993843386666776e+04 1.986851980382454713e+04 2.071552218002483642e+04 5.557032496686580998e+04 4.051379275113493350e+04 4.153265847266650235e+04 4.186642384098017646e+04 5.526880363815440069e+04 3.545849989885550167e+04 2.353219140509403587e+04 3.133105079015603042e+04 4.322823759478420106e+04 3.500134843662638741e+04
2.011764705882353041e+02 2.955000836153249838e+04 2.541494624774423210e+04 2.987709076059089421e+04 2.992798456992645879e+04 3.597487494049844827e+04 4.273377174693318375e+04 3.077109594131135600e+04 2.992732438842375632e+04 2.881078150109058697e+04 2.872654486227496091e+04 3.923816384928487241e+04 2.901831325883214231e+04 2.908914769820326183e+04 2.766670895232051771e+04 2.762501111660976312e+04 2.660064564324451567e+04 2.702938392370762813e+04 2.904146278616458221e+04 2.897569533627760757e+04 5.079180223278534686e+04 2.437893410566453531e+04 2.468829393212926152e+04 2.449029068251594435e+04 3.754672853149456932e+04 2.432510703497640498e+04 3.346599264205090731e+04 7.027611799478456669e+04 2.301928382341874749e+04 2.398425120269159015e+04 3.158906060404342861e+04 3.042708102242578389e+04 3.884951830718224664e+04 2.908066462324803069e+04 3.273505717506926885e+04 4.218579342191452452e+04 2.556769616029724421e+04 4.219280662426230265e+04 2.733172478147414222e+04 5.098593744284419517e+04 2.372144159758801834e+04 2.521502825454736012e+04 6.347018743623662886e+04 6.324133863567528169e+04 4.215543322274469392e+04 4.257124458137653710e+04 3.428507255360495037e+04 2.699000368864836128e+04 2.673500178552489888e+04 2.541267842362579540e+04 2.208706609050555562e+04 3.021649156752551062e+04 2.253523730353125575e+04 3.262474849100655410e+04 3.711490272660295159e+04 3.132752121819076274e+04 2.981408396097282457e+04 3.039487687362388533e+04 3.830355070408777101e+04 2.729445796619890825e+04 2.655158925543772420e+04 2.302067687687977741e+04 2.073131408999356063e+04 2.209478820883136359e+04 5.558486631754459813e+04 4.197560902017020999e+04 4.343826545600872487e+04 4.305093452641170734e+04 5.530391428811922378e+04 3.701099023727970780e+04 2.431717710570873169e+04 3.281421802551565634e+04 4.295208216815298510e+04 3.676938752602411114e+04
2.017647058823529278e+02 3.028631283932803490e+04 2.586470657126354854e+04 3.089813739979876482e+04 3.095496409239700006e+04 3.780349616681001498e+04 4.383102940473055060e+04 3.207050449497488080e+04 3.140295534411410335e+04 2.902426102554719910e+04 2.895321033165539484e+04 4.084993478555649926e+04 2.922735828315288018e+04 2.934903992968258535e+04 2.809519746733137799e+04 2.806023650529394945e+04 2.746926349595677311e+04 2.789512462578756458e+04 2.927985920009380789e+04 2.921438444301267737e+04 5.270912712410667882e+04 2.604662140294040728e+04 2.636530126037797163e+04 2.616053848996220040e+04 3.907619617469556397e+04 2.606370364351338867e+04 3.405234538493619766e+04 6.961630162078101421e+04 2.409474635666691756e+04 2.476028726276508314e+04 3.289384388760293223e+04 3.244713415643408734e+04 4.002333339827713644e+04 2.948109456581392442e+04 3.338310538543680741e+04 4.316909697406186751e+04 2.711673504814565968e+04 4.311568261753139814e+04 2.878489559631170414e+04 4.930812126208155678e+04 2.536967356481729803e+04 2.674115685309098262e+04 6.371375999427171337e+04 6.464265595176423813e+04 4.306157072451529530e+04 4.324912683842138358e+04 3.565896206395691115e+04 2.756291143643284158e+04 2.819778029651974430e+04 2.644892281597585315e+04 2.301509813110995674e+04 3.170122873722050281e+04 2.373487065550225088e+04 3.358365891765435663e+04 3.799658675989456970e+04 3.262085148600781758e+04 3.031999413060031657e+04 3.183238384248712100e+04 3.960747291452601348e+04 2.853240395081977113e+04 2.735594086524558952e+04 2.392310638542108791e+04 2.174560350499399647e+04 2.354739275235499736e+04 5.507228985691420530e+04 4.321169005509300041e+04 4.508008576417223958e+04 4.394391379060254985e+04 5.481534351610703743e+04 3.831773657809687575e+04 2.511557672915930016e+04 3.438835786290507531e+04 4.249491270450269076e+04 3.833998358365659078e+04
2.023529411764705799e+02 3.088613717443320638e+04 2.627309551855326936e+04 3.179468269453894391e+04 3.185525343378822072e+04 3.938455874048646365e+04 4.460706267856881459e+04 3.318006503826315020e+04 3.271033051689996864e+04 2.911255725974398592e+04 2.905847299479771027e+04 4.221665738085937483e+04 2.930735501383414157e+04 2.947324323891574386e+04 2.838870339625060660e+04 2.836049089153708701e+04 2.828530417338142797e+04 2.870261021996459749e+04 2.938698557972643903e+04 2.932359212165403369e+04 5.423331799115606555e+04 2.767627641192259762e+04 2.799762217783014785e+04 2.779058535358402514e+04 4.037130183105948527e+04 2.777061067180336977e+04 3.439419188087712246e+04 6.837462444131607481e+04 2.512766078250318242e+04 2.551125592354169567e+04 3.398145474098189152e+04 3.435545743418212805e+04 4.105802993833392247e+04 2.974963849937045597e+04 3.380493888481856266e+04 4.383446182082909218e+04 2.859682986179599902e+04 4.371464976643394766e+04 3.013546447340536542e+04 4.744226599970473762e+04 2.698369918713728111e+04 2.820702112918842249e+04 6.335272212700016098e+04 6.544731117054382776e+04 4.363278342470444477e+04 4.364102467277348478e+04 3.680200044734225230e+04 2.814144510146579341e+04 2.980820657523590125e+04 2.741989146812659965e+04 2.400281181042804383e+04 3.306458949184934318e+04 2.492655303055506010e+04 3.431062728572796186e+04 3.859715979494599014e+04 3.369991123537944804e+04 3.069903566224292808e+04 3.308452447512295475e+04 4.066826269710816268e+04 2.965314868294570988e+04 2.801375416942056108e+04 2.486260801777668530e+04 2.285357581079090960e+04 2.502350529000584356e+04 5.404444867737685854e+04 4.415922508880095120e+04 4.638928745602827257e+04 4.449101625217276887e+04 5.381389785396056686e+04 3.932886000860895001e+04 2.587817758080119165e+04 3.597807126327946753e+04 4.182226338869061146e+04 3.965692699268477008e+04
2.029411764705882320e+02 3.131883692741872073e+04 2.660292625248897821e+04 3.252710422013822972e+04 3.258925072847540650e+04 4.066460663858306361e+04 4.502867706927742256e+04 3.406053759927189094e+04 3.380508521508551348e+04 2.904787909919678714e+04 2.901369349737496668e+04 4.328837949809326528e+04 2.923134445397902527e+04 2.943537386797943327e+04 2.852164911717385621e+04 2.850002360504261742e+04 2.900742548257571616e+04 2.941079114530462903e+04 2.933608743439843602e+04 2.927617349344450849e+04 5.530622643825709383e+04 2.920901725357987743e+04 2.952631240981795418e+04 2.932146900764241946e+04 4.136955546357920684e+04 2.938638878661411582e+04 3.446785607884927595e+04 6.657191320448700571e+04 2.606975525115355777e+04 2.619538512207572057e+04 3.480570141093246639e+04 3.608511475979233364e+04 4.189272213961401576e+04 2.985444435855215852e+04 3.397342514180395665e+04 4.413884397903052741e+04 2.995108338254692353e+04 4.394954550011251558e+04 3.133110495713304408e+04 4.539080766966698138e+04 2.851472172909249639e+04 2.955570755665239267e+04 6.239407386292838783e+04 6.562539041957343579e+04 4.383184414799867227e+04 4.371209367943556572e+04 3.766484221522769076e+04 2.869199182480617674e+04 3.150069139174422889e+04 2.827533426260905981e+04 2.499447717506219487e+04 3.424865381384817010e+04 2.605920945590319388e+04 3.476649143291320070e+04 3.888006614398930833e+04 3.452914078379576677e+04 3.091470831968487255e+04 3.411137631341950328e+04 4.145046702039000957e+04 3.060829466258490720e+04 2.849598560107009325e+04 2.578634234667765850e+04 2.399770575666147124e+04 2.647321637981581807e+04 5.253182233299955260e+04 4.477018480493864627e+04 4.731217092867888277e+04 4.465619278969672450e+04 5.232902564823508146e+04 4.000762984556918673e+04 2.656187780035157266e+04 3.751022246081666526e+04 4.091467409657547250e+04 4.067449550636277127e+04
2.035294117647058840e+02 3.155936373307033500e+04 2.682321680555667263e+04 3.306115863695861481e+04 3.312284275189964683e+04 4.160168913411414542e+04 4.507600995551243977e+04 3.468168907267033501e+04 3.465113083726962941e+04 2.881013571019931987e+04 2.879788808540626633e+04 4.402625294508170919e+04 2.898003245953431542e+04 2.921677625011555210e+04 2.847577915849396959e+04 2.846043068557875449e+04 2.960025489028889569e+04 2.998457325981717440e+04 2.910802880038831427e+04 2.905261224619518543e+04 5.588753924094526883e+04 3.059026363754929844e+04 3.089696373728977414e+04 3.069862497835426984e+04 4.202401986680254049e+04 3.085550299435999477e+04 3.425995273869047378e+04 6.425009061670969822e+04 2.687852002873699530e+04 2.677538717509818525e+04 3.533286321548334672e+04 3.757721500724727957e+04 4.247675120941295609e+04 2.977216315043772920e+04 3.387123664244489919e+04 4.405712789010863344e+04 3.112827260647153525e+04 4.379809602778956469e+04 3.232605634660000942e+04 4.316700657572515047e+04 2.991638139721802872e+04 3.073571764144497502e+04 6.086621076524115051e+04 6.517047759025322739e+04 4.363934434853705898e+04 4.344159309434779425e+04 3.821140435976137087e+04 2.918252077884956088e+04 3.320887905849735398e+04 2.897224442939722212e+04 2.593779807119202815e+04 3.520485834357085696e+04 2.708639336312372689e+04 3.492576988740674278e+04 3.882434693783448165e+04 3.508236279968071904e+04 3.093914015434327666e+04 3.488155040842216840e+04 4.192946160311636049e+04 3.135697232075723878e+04 2.877972812117584544e+04 2.664496069590425031e+04 2.512249871222119691e+04 2.784810975339086872e+04 5.058053904763494211e+04 4.501218225388076826e+04 4.781140480469632894e+04 4.442146474410656811e+04 5.040588344573891663e+04 4.033086216542489274e+04 2.713026801254291058e+04 3.891630187485497299e+04 3.976710874124329712e+04 4.135857448081791517e+04
2.041176470588235361e+02 3.158920411565417089e+04 2.690960524731910118e+04 3.336937556398872402e+04 3.342877455419910257e+04 4.216640968147026433e+04 4.474267240897531155e+04 3.502281311495485716e+04 3.522147951560268120e+04 2.838740335908744237e+04 2.839822873700765558e+04 4.440361905007610767e+04 2.854223367185418465e+04 2.880688650430068446e+04 2.824029158408444709e+04 2.823078741224416081e+04 3.003485823101337883e+04 3.039532901523077453e+04 2.869170942129215837e+04 2.864145502151517940e+04 5.595542139885196957e+04 3.177159946892115113e+04 3.206155997839686097e+04 3.187374618243932855e+04 4.230380533586403908e+04 3.212819634060531462e+04 3.376761707363922324e+04 6.146835695749238948e+04 2.751822513999464718e+04 2.721928131227639460e+04 3.554195756202801567e+04 3.878251281475547148e+04 4.277114290469150728e+04 2.948836768936994849e+04 3.349131572587800474e+04 4.358148640415643604e+04 3.208459310216283120e+04 4.325515251993009588e+04 3.308263887569959479e+04 4.079348557505782810e+04 3.114621791452938851e+04 3.170272471285134452e+04 5.881603318362345453e+04 6.409842238296758296e+04 4.305283539069600374e+04 4.282296978842696990e+04 3.841907524063839082e+04 2.958330499640600101e+04 3.486761846429506841e+04 2.947597994887077584e+04 2.678543207778162105e+04 3.589506257312485832e+04 2.796739122745532950e+04 3.477634485181963100e+04 3.842399299115011672e+04 3.534312998218448774e+04 3.075372369792013342e+04 3.537274597028805874e+04 4.209119033633871004e+04 3.186712327574933443e+04 2.884893969742105401e+04 2.739416458850960043e+04 2.617616193259334977e+04 2.910281690059256653e+04 4.824897029374152044e+04 4.486860691632342059e+04 4.786653703743329970e+04 4.378599277023095783e+04 4.810196744407853839e+04 4.028880355653531296e+04 2.755401128054794026e+04 4.013459861700202600e+04 3.838762391974808997e+04 4.168730551790713798e+04
2.047058823529411882e+02 3.139703073857633717e+04 2.684454252951597664e+04 3.343214043015659990e+04 3.348770749455734040e+04 4.234246813532203669e+04 4.403528370493802504e+04 3.507289444190158974e+04 3.549872489611337369e+04 2.777598398381633888e+04 2.781013612605375965e+04 4.440652199423413549e+04 2.791491546417878271e+04 2.820321886179015928e+04 2.781172093881403998e+04 2.780753239999458674e+04 3.028904502278811196e+04 3.062123644102565959e+04 2.808409712825429597e+04 2.803935501233643663e+04 5.550636329382737313e+04 3.271239118857764697e+04 3.298007779131914140e+04 3.280639228857326088e+04 4.219395721738476277e+04 3.316215065061983478e+04 3.299819116703497275e+04 5.829888616444860963e+04 2.796074212112381065e+04 2.750112670542183696e+04 3.542454681194949080e+04 3.966269063291111524e+04 4.274948787605077086e+04 2.899754742150566381e+04 3.283679287978562934e+04 4.272009190594637039e+04 3.278507225546136760e+04 4.233129200498721184e+04 3.357239632072664972e+04 3.830031013565676403e+04 3.216706682959047612e+04 3.242101307512704079e+04 5.630544113406050747e+04 6.244518370317945664e+04 4.208534789500813349e+04 4.186323825379097980e+04 3.827848759087263898e+04 2.986771791068249877e+04 3.641494050853955559e+04 2.976102293569477479e+04 2.749630069416566403e+04 3.629222791567695822e+04 2.866817540798742994e+04 3.431867982647856115e+04 3.768675935769738862e+04 3.530471278853109834e+04 3.034929318430776402e+04 3.557197480683329923e+04 4.193164208767275704e+04 3.211635607314397203e+04 2.869489641756231867e+04 2.799603267111942841e+04 2.711212933265952961e+04 3.019647464517384287e+04 4.560411210246204428e+04 4.433806581160064525e+04 4.747376423997883830e+04 4.276451740559284372e+04 4.548352361489862960e+04 3.988450801840885833e+04 2.781102262137415164e+04 4.111209134461150825e+04 3.679546873652193608e+04 4.165122648681743158e+04
2.052941176470588118e+02 3.097902427600132432e+04 2.661726958657339128e+04 3.323839221817377984e+04 3.328889274108334939e+04 4.212665987572873564e+04 4.297246214242144197e+04 3.483041830430893606e+04 3.547515633954989607e+04 2.698007856056732635e+04 2.703698467050094041e+04 4.403364272016283940e+04 2.710286033287474856e+04 2.741099551580259504e+04 2.719357952233322067e+04 2.719410837848919255e+04 3.034750079806720896e+04 3.064743823713064558e+04 2.728989439157419838e+04 2.725074693796933570e+04 5.455427411153799039e+04 3.338105795617280091e+04 3.362172775464338338e+04 3.346524842440178327e+04 4.169476017398106342e+04 3.392382679195617675e+04 3.196843145436168197e+04 5.482240259915074421e+04 2.818610381350561147e+04 2.760160089108916873e+04 3.498410152601019217e+04 4.019122657472675928e+04 4.239824039696197724e+04 2.830271387699340630e+04 3.192040399768727002e+04 4.149529544135915057e+04 3.320457098388992745e+04 4.105090854705266975e+04 3.377680663204042503e+04 3.572284504371393268e+04 3.294828512536908238e+04 3.286451310741019552e+04 5.340750582261900854e+04 6.026395654025367548e+04 4.076341753667250305e+04 4.058176193282727036e+04 3.779286122521085781e+04 3.001303059164193837e+04 3.779393875427805324e+04 2.981134072298194587e+04 2.803662293674674584e+04 3.638067174956421513e+04 2.916214082771338508e+04 3.356463709018690861e+04 3.663254779691201111e+04 3.496974410437080951e+04 2.972586588761008898e+04 3.547545419451378984e+04 4.145610360057000798e+04 3.209233919994148528e+04 2.831633604589165770e+04 2.842004474027403921e+04 2.789035792900119486e+04 3.109399577351154949e+04 4.271801424057053373e+04 4.343322243333862571e+04 4.664501282344894571e+04 4.138530748733478686e+04 4.262199380521891726e+04 3.913276337054590840e+04 2.788645057069637551e+04 4.180596235809815698e+04 3.501883756631816505e+04 4.125290759588012588e+04
2.058823529411764639e+02 3.033879649451019213e+04 2.622356228778529839e+04 3.278586663961700833e+04 3.283039241740910802e+04 4.152830153925207560e+04 4.158324247111966542e+04 3.430281137721515552e+04 3.515249474628650933e+04 2.601102967099136731e+04 2.608937537469838935e+04 4.329563140431679494e+04 2.611790196574294168e+04 2.644237054515372438e+04 2.639570621318363555e+04 2.640031065394619509e+04 3.020174429142357985e+04 3.046600995557293572e+04 2.632079026105058801e+04 2.628710275008034296e+04 5.312878858468927501e+04 3.375597880069216626e+04 3.396582282579248567e+04 3.382901645705712144e+04 4.082044276383341639e+04 3.438947101453950017e+04 3.070320666190793054e+04 5.112357190995312703e+04 2.818277230773209521e+04 2.750836891898057002e+04 3.423490295534671895e+04 4.035382734448275005e+04 4.171640855231687601e+04 2.741458408652064463e+04 3.076337797843317458e+04 3.994126871030218172e+04 3.332835233020908345e+04 3.944978705577403889e+04 3.368754304290810251e+04 3.309932255204227840e+04 3.346679229062026570e+04 3.301741478093278420e+04 5.020226838997159939e+04 5.762155853277758433e+04 3.912460974233099114e+04 3.900841970594930899e+04 3.697688313440263300e+04 3.000114217789420218e+04 3.895459276544620661e+04 2.962033577608141786e+04 2.838067764223635822e+04 3.615588335651814123e+04 2.943061916148350429e+04 3.253588539283539649e+04 3.529134712780023256e+04 3.434950495101272099e+04 2.889192122926876982e+04 3.508816220205197897e+04 4.067816748259024462e+04 3.179271980976060149e+04 2.771923454783146735e+04 2.864379437973745007e+04 2.847840691598825288e+04 3.176717178664994935e+04 3.966415741813856584e+04 4.217903905749296973e+04 4.540631545287389599e+04 3.968760529727583344e+04 3.959040412389672565e+04 3.805855202617881150e+04 2.777246855486558707e+04 4.218472530696484318e+04 3.309229021003095113e+04 4.050606980633633793e+04
2.064705882352941160e+02 2.948703188134340962e+04 2.566531990456108542e+04 3.208093029578905771e+04 3.211889483924208253e+04 4.056818420810057432e+04 3.990529455458014854e+04 3.350561647110794001e+04 3.454128307689940266e+04 2.488639190275308647e+04 2.498422845047058945e+04 4.221400254697986384e+04 2.497799544992975643e+04 2.531550470341635810e+04 2.543350742164958865e+04 2.544152540559356203e+04 2.984990039366271594e+04 3.007573778148673955e+04 2.519455289354483830e+04 2.516602375913314245e+04 5.127314562654534529e+04 3.382584051364217885e+04 3.400208288403720508e+04 3.388674634207881172e+04 3.959749270000134857e+04 3.454556155180050700e+04 2.923404397692478233e+04 4.728729029381609871e+04 2.794754248748902683e+04 2.721618481680511104e+04 3.320066510400675179e+04 4.014828149623732315e+04 4.071477697924273525e+04 2.635058318189516285e+04 2.939411414435970073e+04 3.810155486654237029e+04 3.315210674020961596e+04 3.757262135780152312e+04 3.330624681473090459e+04 3.046891191135546978e+04 3.370767872594684741e+04 3.287423954808704730e+04 4.677310558862109610e+04 5.459484716450309497e+04 3.721501470728581626e+04 3.718161747684607690e+04 3.585530627694953728e+04 2.981914633599659282e+04 3.985511944279795716e+04 2.919039584683515204e+04 2.851114199841452501e+04 3.562390441380112316e+04 2.946302776916683069e+04 3.126217754319209780e+04 3.370111700350975298e+04 3.346298621602952335e+04 2.786343949762603734e+04 3.442311847539811424e+04 3.961866078409364127e+04 3.122460603366056966e+04 2.691632564045455729e+04 2.865326788388713976e+04 2.885207016758055761e+04 3.219534345269868936e+04 3.651464412644696858e+04 4.061077714442854631e+04 4.379581201786378369e+04 3.771906258853369218e+04 3.646055160975361650e+04 3.669533217487889488e+04 2.746787569664173861e+04 4.222875891404911090e+04 3.105444855754156015e+04 3.943435629208402679e+04
2.070588235294117680e+02 2.844075771090661146e+04 2.494995736017094532e+04 3.113798115976045665e+04 3.116909816833111472e+04 3.927707308734823164e+04 3.798275125988266518e+04 3.246138583673123867e+04 3.365997596763970068e+04 2.362866827862714490e+04 2.374353777095357873e+04 4.081957735449993197e+04 2.370595332691453586e+04 2.405332021880035245e+04 2.432694564296309545e+04 2.433771657373182461e+04 2.929631777870854057e+04 2.948172437671077205e+04 2.393379296134907781e+04 2.391000245850286956e+04 4.904150269171900436e+04 3.358963180329456372e+04 3.373057946870607702e+04 3.363781140375047107e+04 3.806254262914184073e+04 3.438892221345037251e+04 2.759732220179446813e+04 4.339497349807933642e+04 2.748516305934000047e+04 2.672674341780118266e+04 3.191282706906065141e+04 3.958391715583385667e+04 3.941463387874062755e+04 2.513353256076168691e+04 2.784648271859721353e+04 3.602630201257007866e+04 3.268158649332090863e+04 3.547023411652009963e+04 3.264391490167011216e+04 2.786961744437580637e+04 3.366459306061506504e+04 3.243952722476604686e+04 4.320295707717237383e+04 5.126672170704651944e+04 3.508645718578113156e+04 3.514590236987404205e+04 3.446119754994953109e+04 2.945972954554739044e+04 4.046321599277497444e+04 2.853210959620977883e+04 2.841917311669471383e+04 3.480035319586502737e+04 2.925679920680159194e+04 2.977936817420468651e+04 3.190541368125437657e+04 3.233568537947192090e+04 2.666259343808994890e+04 3.350041463657627901e+04 3.830439876318528695e+04 3.040366824778936279e+04 2.592628782447706180e+04 2.844282926066598156e+04 2.899578459177781770e+04 3.236589566025198292e+04 3.333741740735661006e+04 3.877162217929580220e+04 4.186126448566358158e+04 3.553289323919149319e+04 3.330021651081166783e+04 3.508301967523674102e+04 2.697755333603219697e+04 4.193045420536070014e+04 2.894556709524843609e+04 3.806972744704681099e+04
2.076470588235294201e+02 2.722237841313501849e+04 2.408967453393288451e+04 2.997849518008141240e+04 3.000274602799568311e+04 3.769387670247728238e+04 3.586399580371374032e+04 3.119839366997190518e+04 3.253377022696437052e+04 2.226396657611285627e+04 2.239303747013959946e+04 3.915064728724705492e+04 2.232810738843679792e+04 2.268218780799598608e+04 2.309945786625702021e+04 2.311234151838410617e+04 2.855102067606636047e+04 2.869481978906395307e+04 2.256465240836321027e+04 2.254510681613109773e+04 4.649603318781472626e+04 3.305613261481009249e+04 3.316117566530895419e+04 3.309137923431915988e+04 3.626003656251406210e+04 3.392632050738789258e+04 2.583244931205953617e+04 3.952173941195502266e+04 2.680763303852943864e+04 2.604824916389886130e+04 3.040869489239781615e+04 3.868056273672204406e+04 3.784615681633985514e+04 2.379025612524201279e+04 2.615805475316462253e+04 3.376957997880438052e+04 3.193177778065183156e+04 3.319691040197354596e+04 3.171989428443942597e+04 2.533668133211550594e+04 3.333969611996309686e+04 3.172705935445483919e+04 3.957120937239735940e+04 4.772239035628137935e+04 3.279384147358604241e+04 3.294959975517712155e+04 3.283401766205186868e+04 2.892132276007506880e+04 4.075680924661172321e+04 2.766318145444389665e+04 2.810411153674132220e+04 3.370911535988673131e+04 2.881697447141560042e+04 2.812742714927886118e+04 2.995110088096453546e+04 3.099826337724745463e+04 2.531631221981489216e+04 3.234605121851736840e+04 3.676689735496311914e+04 2.935291926072283604e+04 2.477272535220629288e+04 2.801482296763433624e+04 2.890262054201739011e+04 3.227434591970753536e+04 3.019422688074640610e+04 3.671025627059968247e+04 3.965740543653259374e+04 3.318518011625450163e+04 3.017111280847957460e+04 3.326592980955699022e+04 2.631177218167727187e+04 4.129380602663760510e+04 2.680548815010456747e+04 3.645065310438269080e+04
2.082352941176470722e+02 2.585851802949570629e+04 2.310062293905165643e+04 2.862979163480365605e+04 2.864738297277740639e+04 3.586359907601771556e+04 3.359946225218004111e+04 2.974922889372489954e+04 3.119325604651036338e+04 2.082060647787669222e+04 2.096081179316681300e+04 3.725096120502996928e+04 2.087292115269968053e+04 2.123056912799312704e+04 2.177681710360858051e+04 2.179120921094577352e+04 2.762902272062881093e+04 2.773090648519793467e+04 2.111544146020692642e+04 2.109961122251791676e+04 4.370391794398258935e+04 3.224301340283894024e+04 3.231257878482880915e+04 3.226549373295930491e+04 3.423978046415981225e+04 3.317366773153797840e+04 2.398005661073654846e+04 3.573425907528153766e+04 2.593324810642853845e+04 2.519474191109832827e+04 2.872950763182923038e+04 3.746713988227151276e+04 3.604654419335127750e+04 2.235013839418516727e+04 2.436830821899689909e+04 3.138682077540838509e+04 3.092572445633724419e+04 3.080787542842101175e+04 3.056058505256776698e+04 2.290132897162991503e+04 3.274326619017223857e+04 3.075873128214849930e+04 3.595110716230699472e+04 4.404591627454835543e+04 3.039265668855129115e+04 3.064251248501849113e+04 3.101760528377204537e+04 2.820801017169508850e+04 4.072440156251764711e+04 2.660713559257891393e+04 2.757288758038738524e+04 3.238080240442163631e+04 2.815553388027300753e+04 2.634849075670683669e+04 2.788617345519312221e+04 2.948511429610518462e+04 2.385476328137081146e+04 3.099064872544086757e+04 3.504106263837534061e+04 2.810126955537535105e+04 2.348298722497510244e+04 2.737887835185746007e+04 2.857393938741734382e+04 3.192411576976236393e+04 2.713913099462663013e+04 3.447844750636337267e+04 3.724321715482708532e+04 3.073235617690522486e+04 2.712737192558935567e+04 3.129073911048418813e+04 2.548539340892067048e+04 4.033355880849294772e+04 2.467191346756996791e+04 3.462018655277974176e+04
2.088235294117646959e+02 2.437875087197269022e+04 2.200201271397254095e+04 2.712360595997238852e+04 2.713492304556644740e+04 3.383519648633777251e+04 3.123957311086720438e+04 2.814934203565783901e+04 2.967296075436537285e+04 1.932776642752406406e+04 1.947593830773809532e+04 3.516766066499402950e+04 1.936964545654989706e+04 1.972770099481531724e+04 2.038600159591176634e+04 2.040134652549159000e+04 2.654952876193692282e+04 2.661006687097557369e+04 1.961531376847904539e+04 1.960266523522519128e+04 4.073439952967462159e+04 3.117560125076041368e+04 3.121106448606956837e+04 3.118582567428741459e+04 3.205450975234368889e+04 3.215486782289612529e+04 2.208031924345068910e+04 3.208932865855623095e+04 2.488545278416681685e+04 2.418521724913698563e+04 2.691853027008848949e+04 3.597996915654327313e+04 3.405800870614142332e+04 2.084372244807586321e+04 2.251692241919716616e+04 2.893250741571635808e+04 2.969308082126560112e+04 2.835703938821622432e+04 2.919793688089540956e+04 2.058990972941192740e+04 3.189297334101896195e+04 2.956314662481719279e+04 3.240778893216190409e+04 4.031721449433832458e+04 2.793676157854249686e+04 2.827381340824829385e+04 2.905816833715917164e+04 2.732919530448576552e+04 4.036498202476625011e+04 2.539189004769171152e+04 2.683916875429478387e+04 3.085106376037571681e+04 2.729049920303280669e+04 2.448504722170786408e+04 2.575779819666711774e+04 2.783292007569997804e+04 2.230985026657601338e+04 2.946809556971586790e+04 3.316390239379835111e+04 2.668194889012236308e+04 2.208690237457861440e+04 2.655096338337304405e+04 2.801874141828004940e+04 3.132599717893734123e+04 2.421756583506153402e+04 3.212878294488722531e+04 3.467929755488332739e+04 2.822898023150160225e+04 2.421458900076204372e+04 2.920456785007176586e+04 2.451699272756642313e+04 3.907395659111586428e+04 2.257906210027627094e+04 3.262403183418256231e+04
2.094117647058823479e+02 2.281429896604656460e+04 2.081519522481467720e+04 2.549456581017582357e+04 2.550012444995619444e+04 3.165945819938811474e+04 2.883290872898860471e+04 2.643561431187393464e+04 2.800986189852692041e+04 1.781424233995937539e+04 1.796723580267100624e+04 3.294927503310141765e+04 1.784708615544193526e+04 1.820238928921629849e+04 1.895412578019330613e+04 1.896992561230992942e+04 2.533505296498345706e+04 2.535566414876257477e+04 1.809304720485228609e+04 1.808306797558716426e+04 3.765604627375047130e+04 2.988539994980339543e+04 2.988896263605510103e+04 2.988418031565524507e+04 2.975759015677500793e+04 3.090039881082521970e+04 2.017148184339144063e+04 2.863312338446162175e+04 2.369156695273032528e+04 2.304259441635356416e+04 2.501926337031646835e+04 3.426089326560386689e+04 3.192574499237009150e+04 1.930141569676342260e+04 2.064224506411212133e+04 2.645819478300622723e+04 2.826848807551844948e+04 2.589508656497561242e+04 2.766783123494875690e+04 1.842342071225718610e+04 3.081287463220042628e+04 2.817402813861727918e+04 2.899695994533784688e+04 3.660960094383871910e+04 2.547652458021027633e+04 2.589022078128534849e+04 2.700237931749889322e+04 2.629904881935181038e+04 3.968751728100350010e+04 2.404828285125773982e+04 2.592230406551672058e+04 2.915884747601665731e+04 2.624486058019232587e+04 2.257832460798291504e+04 2.361063949033076278e+04 2.607925294289503654e+04 2.071380046815353853e+04 2.781419616933397992e+04 3.117330154728790149e+04 2.513088787255611533e+04 2.061550396968666973e+04 2.555225441552033226e+04 2.725275114101860891e+04 3.049735253771304633e+04 2.146593697542086011e+04 2.971264208142349526e+04 3.202543893081950955e+04 2.572588053719188611e+04 2.146939356269006021e+04 2.705326567011562292e+04 2.342794429544037484e+04 3.754718048969751544e+04 2.055672378692067650e+04 3.050869872639645473e+04
2.100000000000000000e+02 2.119676819715670354e+04 1.956276011124093566e+04 2.377866348957713490e+04 2.377906264183361054e+04 2.938701608329650117e+04 2.642467470127435809e+04 2.464501195789697886e+04 2.624193927999671359e+04 1.630737103214875424e+04 1.646217297493002479e+04 3.064387016455284538e+04 1.633253796372472425e+04 1.668196352677771574e+04 1.750747862026257644e+04 1.752329955746994165e+04 2.401048853453512129e+04 2.399337598674879700e+04 1.657598443907569163e+04 1.656820162922213785e+04 3.453433887951980432e+04 2.840845572679014003e+04 2.838299804225731350e+04 2.839685394383011226e+04 2.740095071846871360e+04 2.944571479921566061e+04 1.828864294853063257e+04 2.540105691851574011e+04 2.238146068281146654e+04 2.179259393146572256e+04 2.307384292185068625e+04 3.235532546313894636e+04 2.969597165856901483e+04 1.775235695642690553e+04 1.877999539443970571e+04 2.401091930375359152e+04 2.668987347465099811e+04 2.346795986174145946e+04 2.600844000656652497e+04 1.641737478916065447e+04 2.953219474972243916e+04 2.662854161551891957e+04 2.576417424552134980e+04 3.298794608401599544e+04 2.305736283807659856e+04 2.353451563795548282e+04 2.489565269489784623e+04 2.513577330631413861e+04 3.871006363283451356e+04 2.260863179490569019e+04 2.484613052250963301e+04 2.734469536941475599e+04 2.504538950679956542e+04 2.066693426866380105e+04 2.148551386208851909e+04 2.426128402642335277e+04 1.909790460892966803e+04 2.606537402014004329e+04 2.910689159851592558e+04 2.348514467317493836e+04 1.909981211346004784e+04 2.440789057355326804e+04 2.629730220105825356e+04 2.946110191428640974e+04 1.891167008866775359e+04 2.727847734446212417e+04 2.933851684928880786e+04 2.326870966674597366e+04 1.891947778856057630e+04 2.487995785250914923e+04 2.224149732642431263e+04 3.579157143011082371e+04 1.862969206665558522e+04 2.831982584530736858e+04
2.105882352941176521e+02 1.955698644505374614e+04 1.826767896614468555e+04 2.201180615089521234e+04 2.200768478852508997e+04 2.706657140497924411e+04 2.405550777835086046e+04 2.281337644314647696e+04 2.440682977240552282e+04 1.483215542022312002e+04 1.498597491943627210e+04 2.829742990871208531e+04 1.485091948837194104e+04 1.519142648707257831e+04 1.607070304536867843e+04 1.608617848724735995e+04 2.260216401478146145e+04 2.255021866754057191e+04 1.508916814526933013e+04 1.508316116797446739e+04 3.142966740275461416e+04 2.678366770369107689e+04 2.673258471703285250e+04 2.676293817547129947e+04 2.503332496060773337e+04 2.782956764524452592e+04 1.646283129825057040e+04 2.241814734053631764e+04 2.098624719001560516e+04 2.046258684080913372e+04 2.112168601127735747e+04 3.031032654241763885e+04 2.741413785158210885e+04 1.622348083536271952e+04 1.696224230576077389e+04 2.163202128500655090e+04 2.499676569492593626e+04 2.111575998488497135e+04 2.425864652782663325e+04 1.458195887466768727e+04 2.808396778484013703e+04 2.496562602370436070e+04 2.274466661995808317e+04 2.950744487914056663e+04 2.071870029076449282e+04 2.124443408915851614e+04 2.278066725427252095e+04 2.386073545152446604e+04 3.745856014712298202e+04 2.110539183202445929e+04 2.363770788303168229e+04 2.544915390838981693e+04 2.372140093466181133e+04 1.878579975936498158e+04 1.941839309905154369e+04 2.241464057555482941e+04 1.749145413054198798e+04 2.425748172882338258e+04 2.700104486456483573e+04 2.178145112277052976e+04 1.756973149115662818e+04 2.314568537304611164e+04 2.517808878513673335e+04 2.824455833772222468e+04 1.657363522846750493e+04 2.487044699310644864e+04 2.667076169061534893e+04 2.089692562135457410e+04 1.658400172721116542e+04 2.272388972410135102e+04 2.098188127548088960e+04 3.384974025427511515e+04 1.681753843493597014e+04 2.610073418603509344e+04
2.111764705882353041e+02 1.792399140008949689e+04 1.695252307068541631e+04 2.022851555689576344e+04 2.022051435434296218e+04 2.474340382935376329e+04 2.176063559428189183e+04 2.097438946868194398e+04 2.254063457595716682e+04 1.341060815555432237e+04 1.356094595433126960e+04 2.595251752096437849e+04 1.342412816312350878e+04 1.375281695012353157e+04 1.466614007155994659e+04 1.468097162151466364e+04 2.113692259047866173e+04 2.105359925275284331e+04 1.365469088794626805e+04 1.365009811837245616e+04 2.839578661599530460e+04 2.505113117149402024e+04 2.497816382222498942e+04 2.502266127343833796e+04 2.269884755835109172e+04 2.609233642866503578e+04 1.472038036233202365e+04 1.969977577332439250e+04 1.953705531594707281e+04 1.908047589759833500e+04 1.919841732875390153e+04 2.817280443632524111e+04 2.512336221264903361e+04 1.473879910334405031e+04 1.521667410341120740e+04 1.935638002189347753e+04 2.322871054572816502e+04 1.887205341747980492e+04 2.245659952029591659e+04 1.292241536339068080e+04 2.650361839343401880e+04 2.322441399420055313e+04 1.996365019657369339e+04 2.621297448880298543e+04 1.849333099491322719e+04 1.905193470942392378e+04 2.069617700527198031e+04 2.249751764813530826e+04 3.596537996390112676e+04 1.956996812740922906e+04 2.232604715744547502e+04 2.351136306439483451e+04 2.230352687330512708e+04 1.696538359478833081e+04 1.743975347872860948e+04 2.057244570952605136e+04 1.592090199371804920e+04 2.242475416118934299e+04 2.489001119849673705e+04 2.005493705534797118e+04 1.605310895964732299e+04 2.179486027400381499e+04 2.392385514911922292e+04 2.687817679470890289e+04 1.446285602435105829e+04 2.252741438946790367e+04 2.406844864077352031e+04 1.864318589806397358e+04 1.447428630589182285e+04 2.061958305195514549e+04 1.967346750758906273e+04 3.176666780898948491e+04 1.513467247349737954e+04 2.389125063442585088e+04
2.117647058823529278e+02 1.632420208761481081e+04 1.563877924443171833e+04 1.846082478392777193e+04 1.844955485861803390e+04 2.245819981208687022e+04 1.956937807577306739e+04 1.915873732366712284e+04 2.067691555789271297e+04 1.206131669692032847e+04 1.220601318351040754e+04 2.364724831329814697e+04 1.207061460124168480e+04 1.238478617952785498e+04 1.331334611677001885e+04 1.332730154275110181e+04 1.964125629859398396e+04 1.953043176090326597e+04 1.229125911597761660e+04 1.228778079350489679e+04 2.547874522154046281e+04 2.325059446110073986e+04 2.315966364758476630e+04 2.321584516214242103e+04 2.043602871989437699e+04 2.427444985655802157e+04 1.308259008250008446e+04 1.725272158551714165e+04 1.806393324926280548e+04 1.767365996438006914e+04 1.733509025633903730e+04 2.598790925490245354e+04 2.286315195152702290e+04 1.331890288703919578e+04 1.356615597637295650e+04 1.721203485203518358e+04 2.142385496107595827e+04 1.676355968404876694e+04 2.063845534602577391e+04 1.143958171356023558e+04 2.482755677999194086e+04 2.144281119993270840e+04 1.743698314187120195e+04 2.313897977052856004e+04 1.640715832892745311e+04 1.698282387245888458e+04 1.867612743377234074e+04 2.107094283404031739e+04 3.426772549898626312e+04 1.803172008378025566e+04 2.094089222757864991e+04 2.156786887323445262e+04 2.082255677725635542e+04 1.523120238224058630e+04 1.557424792149165842e+04 1.876455787947238059e+04 1.440925514953401944e+04 2.059893133399933140e+04 2.280521001611918837e+04 1.833807126134888313e+04 1.457497938638467531e+04 2.038485759279884223e+04 2.256508881930196731e+04 2.539428156409015355e+04 1.258341200792858763e+04 2.028230663488299251e+04 2.157101292357292914e+04 1.653311959162708445e+04 1.259470113780193424e+04 1.859630011516241939e+04 1.834001358602617620e+04 2.958788660988549600e+04 1.359062767654963864e+04 2.172682013664357146e+04
2.123529411764705799e+02 1.478079264320387847e+04 1.434627695930927803e+04 1.673740738843787767e+04 1.672342600770733407e+04 2.024621957326015763e+04 1.750496476792063186e+04 1.739348619046071326e+04 1.884590283902865485e+04 1.079921574316159240e+04 1.093647898581388654e+04 2.141457783356666914e+04 1.080516448155962462e+04 1.110237642390859037e+04 1.202878193536914659e+04 1.204169186102922140e+04 1.814052517656961572e+04 1.800634571316014990e+04 1.101396283453809519e+04 1.101135938334085586e+04 2.271627624156071397e+04 2.142009272742311805e+04 2.131514441139038172e+04 2.138054377209013546e+04 1.827710323362173222e+04 2.241496714832726138e+04 1.156564986057025089e+04 1.507636471768425326e+04 1.659492028026990010e+04 1.626812479417556824e+04 1.555769751364862168e+04 2.379768266499633683e+04 2.066842832785205246e+04 1.198067459099253392e+04 1.202855299310850387e+04 1.522015011650391170e+04 1.961774933802590022e+04 1.481017242079213247e+04 1.883734723271106486e+04 1.013052175608534162e+04 2.309185597442454673e+04 1.965628726439911043e+04 1.517210354987907886e+04 2.030980850297019060e+04 1.447926098807824565e+04 1.505669778362049510e+04 1.674908118728840054e+04 1.960612564578247839e+04 3.240595596293027484e+04 1.651717919278203408e+04 1.951160320055445118e+04 1.965168950129301811e+04 1.930839147087809761e+04 1.360361100618311684e+04 1.384066490810731193e+04 1.701701846879632285e+04 1.297569498016316902e+04 1.880856833240202468e+04 2.077468540811545972e+04 1.665984450867969645e+04 1.315701429308723891e+04 1.894427882282309292e+04 2.113277920476467625e+04 2.382583210036963283e+04 1.093345009141793707e+04 1.816180651866212793e+04 1.921057444810759262e+04 1.458542733183921882e+04 1.094366700425401541e+04 1.667779272463887537e+04 1.700400828526953774e+04 2.735782526379774572e+04 1.219050879672144401e+04 1.963790905286062844e+04
2.129411764705882320e+02 1.331327200376479414e+04 1.309273699106974891e+04 1.508295231008113478e+04 1.506674624626742661e+04 1.813679457173339688e+04 1.558462483205657009e+04 1.570166837298018254e+04 1.707392340373398110e+04 9.635545266596449437e+03 9.763959583023850428e+03 1.928189402269788479e+04 9.638864795964151199e+03 9.916979419907016563e+03 1.082566299093925227e+04 1.083741628645014316e+04 1.665828430289437529e+04 1.650501162986267809e+04 9.834226370884500284e+03 9.832314834461756618e+03 2.013761096311843357e+04 1.959480585891259034e+04 1.947967398164909901e+04 1.955190578104307860e+04 1.624773193944148261e+04 2.055037149306748688e+04 1.018078309350533345e+04 1.316395983541562236e+04 1.515531051229518744e+04 1.488768783419667307e+04 1.388695458777034946e+04 2.163999321031499858e+04 1.856886488228605958e+04 1.073719129102108673e+04 1.061678717965252508e+04 1.339526837701587829e+04 1.784240126340317147e+04 1.302525695420639204e+04 1.708260184473159825e+04 8.989195143077246030e+03 2.133106759787843839e+04 1.789691046124502827e+04 1.316913578335743478e+04 1.774040198271634290e+04 1.272222708699351642e+04 1.328715347979267244e+04 1.493793542611564590e+04 1.812759277811511856e+04 3.042193332855709377e+04 1.504948771760484124e+04 1.806618168149334088e+04 1.779164254421585429e+04 1.778914474455645177e+04 1.209782217311681779e+04 1.225212846244835055e+04 1.535170253283674356e+04 1.163540623942047750e+04 1.707853537508343288e+04 1.882272135668561168e+04 1.504519817369976045e+04 1.181717333528701602e+04 1.749998317454691278e+04 1.965729167096070887e+04 2.220528000455274741e+04 9.506232996092167014e+03 1.618633713298545626e+04 1.701183030953326670e+04 1.281224979696714763e+04 9.514696300604424323e+03 1.488230406691950338e+04 1.568613100425093216e+04 2.511837651715908578e+04 1.093554115320742130e+04 1.764968147559399222e+04
2.135294117647058840e+02 1.193726233640656392e+04 1.189344513806178838e+04 1.351778241732097740e+04 1.349975773021032182e+04 1.615313265251474513e+04 1.381990073208939066e+04 1.410206811297654895e+04 1.538304469344227255e+04 8.577963339766583886e+03 8.696482037097155626e+03 1.727088529034299791e+04 8.579223710977850715e+03 8.836445917624789217e+03 9.713952715062365314e+03 9.724489846185790157e+03 1.521573514519095261e+04 1.504759961486905377e+04 8.759913837481859446e+03 8.758561797134019798e+03 1.776366050072729195e+04 1.780616868408887603e+04 1.768445960635901065e+04 1.776129305140269571e+04 1.436701556649746817e+04 1.871360689824291330e+04 8.934569426373065653e+03 1.150390078507985345e+04 1.376711588733974713e+04 1.355341630777915634e+04 1.233832219582775906e+04 1.954777364623163521e+04 1.658852535142736451e+04 9.597790174095129260e+03 9.339085143623606200e+03 1.174579151476795050e+04 1.612559256256235130e+04 1.141616368634736136e+04 1.539920741016963802e+04 8.007117218452355701e+03 1.957721849392283548e+04 1.619264209284643039e+04 1.142208003088905934e+04 1.543724714866300565e+04 1.114269498720935917e+04 1.168221096494093945e+04 1.325990166020071047e+04 1.665850892852991456e+04 2.835746232508598769e+04 1.364805131353899196e+04 1.663046370755916359e+04 1.601193102018802529e+04 1.629041693403265344e+04 1.072412097135154181e+04 1.081648781318681722e+04 1.378615993422352585e+04 1.039959011141586234e+04 1.542970524120945993e+04 1.696961247271096363e+04 1.351469247308873310e+04 1.056954802128996926e+04 1.607636538027951065e+04 1.816739471078431598e+04 2.056356079156926717e+04 8.291163783547433923e+03 1.437028994235529717e+04 1.499226438828936625e+04 1.121973829054538510e+04 8.297414491676427133e+03 1.322278132423492934e+04 1.440483167559807407e+04 2.290773252975858850e+04 9.823668432077749458e+03 1.578192388471607046e+04
2.141176470588235361e+02 1.066445644913262367e+04 1.076104608905429268e+04 1.205770078389459923e+04 1.203818028445345044e+04 1.431239408550363441e+04 1.221712990029966204e+04 1.260918672508070813e+04 1.379092114495478199e+04 7.630780968564786235e+03 7.738705587964045662e+03 1.539764721440818903e+04 7.630410972070599200e+03 7.865314062954813380e+03 8.700474241519634234e+03 8.709781171140921288e+03 1.383131122745884568e+04 1.365237887938656422e+04 7.795554559332921599e+03 7.794672930997942785e+03 1.560749764830763161e+04 1.608124282302016763e+04 1.595624498718164250e+04 1.603566024581054262e+04 1.264777099478789751e+04 1.693337517755674344e+04 7.829397678479198476e+03 1.008091631448435510e+04 1.244872852235238315e+04 1.228322136201361172e+04 1.092222910772116302e+04 1.754855435153434883e+04 1.474577551558307277e+04 8.568266293936010698e+03 8.199372487182923578e+03 1.027462445238921100e+04 1.449045655325261578e+04 9.984892144039282357e+03 1.380752313344963659e+04 7.173977171900649410e+03 1.785901678580366934e+04 1.456688904478517725e+04 9.920011343855283485e+03 1.339949548227566083e+04 9.742035954940462034e+03 1.024488722776703435e+04 1.172670796088283714e+04 1.522003492109163562e+04 2.625288917079400562e+04 1.232838830396940102e+04 1.522749580840494127e+04 1.433196596034636968e+04 1.483475147644960452e+04 9.488231864550381943e+03 9.536842903229256990e+03 1.233362600107838625e+04 9.275627720917136685e+03 1.387881379824795476e+04 1.523157811827012119e+04 1.208439108468741870e+04 9.424375616294662905e+03 1.469482234882773082e+04 1.668946690206340281e+04 1.892924886204085487e+04 7.274743191246646347e+03 1.272244230731359858e+04 1.316260879446779654e+04 9.808765162533467446e+03 7.278514849411486466e+03 1.170725253032259934e+04 1.317603161467103200e+04 2.075950851158862133e+04 8.850156287016256101e+03 1.404917945330898692e+04
2.147058823529411882e+02 9.502731600254468503e+03 9.705451282500385787e+03 1.071403895434198421e+04 1.069326356733514331e+04 1.262599121281489897e+04 1.077804353918771812e+04 1.123336311469358770e+04 1.231081927054729385e+04 6.795284037319894196e+03 6.892233678160195268e+03 1.367298300454400669e+04 6.793584310091590851e+03 7.005123047887936082e+03 7.789116814963676006e+03 7.797217720336488128e+03 1.252040089794498454e+04 1.233445998899846563e+04 6.942656616332982594e+03 6.942191860961408565e+03 1.367506688044284056e+04 1.444234538196115682e+04 1.431696389396133964e+04 1.439719262773477567e+04 1.109701297675663409e+04 1.523369145400863272e+04 6.864003904286336365e+03 8.877151806835558091e+03 1.121476543486661831e+04 1.109162537319571311e+04 9.644453135290268619e+03 1.566427189806471142e+04 1.305343096671655439e+04 7.651168944995153652e+03 7.197769107736682599e+03 8.979923561938132480e+03 1.295529872399607666e+04 8.728849082648437616e+03 1.232320755967982041e+04 6.478190361265209503e+03 1.620127841852359779e+04 1.303829746377437732e+04 8.648228341023075700e+03 1.162016476457978388e+04 8.517121637620068213e+03 8.973868117122910917e+03 1.034498008391481926e+04 1.383083204819648927e+04 2.414590755645143145e+04 1.110214984383911724e+04 1.387709629762120312e+04 1.276639904604093863e+04 1.344127330432889903e+04 8.391795556280303572e+03 8.412159498250965044e+03 1.100317658758167818e+04 8.267361946049668404e+03 1.243847702817110621e+04 1.362080469105627890e+04 1.076593644457104529e+04 8.388198415570381258e+03 1.337340495186444241e+04 1.524689571114979844e+04 1.732789752293493439e+04 6.441428353075571977e+03 1.124651159441993696e+04 1.152749462339482125e+04 8.575713652780046687e+03 6.442617673833889967e+03 1.033932257973122614e+04 1.201294081237223691e+04 1.870215990495165170e+04 8.008167857831836955e+03 1.246105179564597711e+04
2.152941176470588118e+02 8.456387905179290101e+03 8.733848897637195478e+03 9.493872823178124236e+03 9.472009103733866141e+03 1.110006180527631841e+04 9.500431471636076822e+03 9.981020121692636167e+03 1.095179509661154952e+04 6.070110792397299520e+03 6.155984632200527813e+03 1.210285083609298454e+04 6.067270152549951490e+03 6.254781639205740248e+03 6.981109587003094020e+03 6.988059900152775299e+03 1.129520322411982670e+04 1.110567447696099225e+04 6.200076449672013950e+03 6.200002706641201257e+03 1.196605065242284218e+04 1.290691512820173011e+04 1.278363180243009811e+04 1.286318047700683746e+04 9.716585103147885093e+03 1.363368260409129653e+04 6.034053271804740689e+03 7.873114465007123727e+03 1.007607690417583581e+04 9.989685930812431252e+03 8.506615437755599487e+03 1.391132234788588539e+04 1.151909724991763869e+04 6.846165385140582657e+03 6.331143737140253506e+03 7.855894956780186476e+03 1.153363178898978913e+04 7.641646258658201077e+03 1.095733666949110193e+04 5.907373819749158429e+03 1.462457439537179744e+04 1.162076337395228984e+04 7.589309673660100998e+03 1.008735278862591804e+04 7.461124290304201168e+03 7.864225391399275395e+03 9.116753981823288996e+03 1.250671845924978516e+04 2.207060286328741131e+04 9.977282287564805301e+03 1.259559590917683090e+04 1.132533008155160860e+04 1.212550127031982265e+04 7.432913180888497664e+03 7.437926516454175726e+03 9.800000287078501060e+03 7.375462026740297915e+03 1.111733951412370698e+04 1.214559771249141158e+04 9.566779521395243137e+03 7.464136711385461240e+03 1.212664462734070003e+04 1.385966852997052229e+04 1.578156871497407337e+04 5.774376816960149881e+03 9.941795473053161913e+03 1.008622518090995618e+04 7.513296485793011016e+03 5.773015554514849100e+03 9.118745149372194646e+03 1.092598308536987133e+04 1.675868006964072993e+04 7.289289409616661032e+03 1.102263589797029454e+04
2.158823529411764639e+02 7.526483295220257787e+03 7.850801513408823666e+03 8.400370170049358421e+03 8.377520311290447353e+03 9.736065388284521759e+03 8.378832388151708074e+03 8.855007036696399155e+03 9.718992075985190240e+03 5.451656675743774940e+03 5.526592680185870449e+03 1.068891368262820288e+04 5.447770248882843589e+03 5.610963802259500881e+03 6.275339334899420464e+03 6.281218889411625241e+03 1.016470734837178679e+04 9.974579782068971326e+03 5.564416955395694458e+03 5.564728423651348749e+03 1.047482618683927649e+04 1.148758755452180594e+04 1.136844366505857215e+04 1.144610253715184808e+04 8.503884284772893807e+03 1.214760389515514544e+04 5.332730704829356000e+03 7.048469691027758927e+03 9.039892226145644599e+03 8.985058907103149977e+03 7.506746671111732212e+03 1.230081639345107214e+04 1.014565575869686654e+04 6.150443667884713250e+03 5.593690906186478060e+03 6.893596782552589502e+03 1.023439112952895266e+04 6.713896004985206673e+03 9.716676821090899466e+03 5.448741293457521351e+03 1.314508598201584937e+04 1.032362459373911952e+04 6.724050718543661787e+03 8.785404290718912307e+03 6.564307723327407075e+03 6.908139133852492705e+03 8.040075090993130289e+03 1.126047343317001105e+04 2.005675107389995537e+04 8.958299465530544694e+03 1.139574316505360366e+04 1.001464946974569648e+04 1.089931777460221747e+04 6.606724185852936898e+03 6.606820574314502664e+03 8.725758938333350670e+03 6.597841184054145742e+03 9.920332783962145186e+03 1.081062572678515426e+04 8.490529468811471816e+03 6.652245731402324964e+03 1.096553424757684115e+04 1.254414833061038371e+04 1.430855057994396520e+04 5.256069970119705431e+03 8.803854097644476496e+03 8.833616550042794188e+03 6.611360215672227241e+03 5.252299112826574856e+03 8.042030533347521668e+03 9.922816787020343327e+03 1.494655181875498238e+04 6.683992572114271752e+03 9.735035027769818043e+03
2.164705882352941160e+02 6.711232601802976205e+03 7.058415677653559214e+03 7.433232082812469343e+03 7.409446489013570499e+03 8.531453163889869757e+03 7.405211914239137514e+03 7.855008375921341212e+03 8.614028364087478622e+03 4.934482574819794536e+03 4.998814910674631392e+03 9.429147696106248986e+03 4.929570759732236183e+03 5.068508390614381824e+03 5.668689870565232923e+03 5.673596547156655106e+03 9.134781616368680261e+03 8.946573949794428700e+03 5.030430440744451516e+03 5.031134469596587223e+03 9.191451936640227359e+03 1.019244296385782764e+04 1.007904193083437167e+04 1.015388036882602864e+04 7.452628463578331321e+03 1.078503865558907819e+04 4.751311749772596158e+03 6.382689912390153950e+03 8.110072661156094910e+03 8.082174351842364558e+03 6.639887461083291782e+03 1.083899332020639304e+04 8.931848019840948837e+03 5.559129950252640811e+03 4.977499819901945557e+03 6.081709717381151677e+03 9.062291053922266656e+03 5.933968705419524667e+03 8.604074143197773083e+03 5.089420976751453964e+03 1.177464441735693617e+04 9.151996354527409494e+03 6.032266023312846301e+03 7.695989121269875795e+03 5.814775590157349143e+03 6.095589959103492220e+03 7.109643188082356573e+03 1.010177920953032117e+04 1.812936944849821884e+04 8.046632787346419718e+03 1.028675350310372414e+04 8.836479190272855703e+03 9.771071005876296113e+03 5.905985859464975874e+03 5.909346790537589186e+03 7.779008484986911753e+03 5.930098695716546899e+03 8.849014055870553420e+03 9.617232190718379570e+03 7.537386147896851071e+03 5.949926066668317617e+03 9.897641434103008578e+03 1.131301450956968802e+04 1.292324899527977868e+04 4.868818975038115241e+03 7.825197571324114506e+03 7.760852413747730679e+03 5.857642636353309172e+03 4.862865433207134629e+03 7.103057880826055225e+03 9.008436956357154486e+03 1.327791771230149789e+04 6.182028228993693119e+03 8.595926093699094054e+03
2.170588235294117680e+02 6.006444952721378286e+03 6.356567778557613565e+03 6.589192931983312519e+03 6.564484098727250057e+03 7.480370046312417799e+03 6.569604693217930617e+03 6.977992926310354051e+03 7.635444068063643499e+03 4.511709300340239679e+03 4.565926788675447824e+03 8.318474062728939316e+03 4.505736678234455212e+03 4.620806162823932027e+03 5.156386311382192616e+03 5.160430250293309655e+03 8.208355975245753143e+03 8.024102847795017624e+03 4.591409285079004803e+03 4.592520218299837325e+03 8.102637963523522558e+03 9.025390152610536461e+03 8.918917332128450653e+03 8.990268626867562489e+03 6.553627773667575639e+03 9.551245044495959519e+03 4.279693700810119481e+03 5.855566419156060874e+03 7.287444804403878152e+03 7.282501915187151099e+03 5.898692281166038811e+03 9.527749645005693310e+03 7.872918215640180279e+03 5.065701386423552322e+03 4.473092867030659363e+03 5.407249406180871119e+03 8.018283652522215561e+03 5.288688872535853989e+03 7.618926150195296032e+03 4.816704664040865282e+03 1.052092877564274386e+04 8.107213781396694685e+03 5.493455758070711454e+03 6.799064615433544532e+03 5.199154986311232278e+03 5.414998308239003563e+03 6.317467968951981675e+03 9.037283281047766650e+03 1.630850800558435185e+04 7.241031691900453552e+03 9.274479742868687026e+03 7.789673953077520309e+03 8.745789507655385023e+03 5.321632370157682999e+03 5.334435638752794148e+03 6.955655969911686043e+03 5.365964843899672815e+03 7.901963929404031660e+03 8.563800215582696183e+03 6.704624044454343675e+03 5.352361850678562405e+03 8.927328194446619818e+03 1.017534962234703380e+04 1.163623477838850522e+04 4.595163235599196923e+03 6.995950076804186210e+03 6.856315252047213107e+03 5.238461659626917026e+03 4.587319364097761536e+03 6.293665388999638708e+03 8.185344121423361685e+03 1.175992911854705017e+04 5.772753672784090668e+03 7.600141786448577477e+03
2.176470588235294201e+02 5.405974238961456649e+03 5.743169596530547096e+03 5.862546901221658118e+03 5.836903472284984673e+03 6.574351959239828830e+03 5.860699608489882849e+03 6.218678295713368243e+03 6.779179895411434700e+03 4.175385020286226791e+03 4.220092064276091151e+03 7.349383478780479891e+03 4.168278346678247544e+03 4.260160789626739643e+03 4.732329553943153769e+03 4.735627977350109177e+03 7.385678068754896231e+03 7.206938134681642623e+03 4.239550978075953026e+03 4.241084924183440307e+03 7.192660607434065241e+03 7.986645874794597148e+03 7.887900624719218285e+03 7.955338368220414850e+03 5.795523627667254914e+03 8.447610715074721156e+03 3.906872873205788437e+03 5.447598647734027509e+03 6.570186017540520879e+03 6.584879186263711745e+03 5.274010501614048735e+03 8.365238013351898189e+03 6.961273208072726447e+03 4.662379474386862057e+03 4.069916979621973496e+03 4.856202633612540012e+03 7.100081902546438869e+03 4.763953237076356345e+03 6.757700179079969530e+03 4.618238205768105217e+03 9.387788252186865066e+03 7.187341563115215649e+03 5.087341091538386536e+03 6.073705416536406119e+03 4.703200093166527950e+03 4.853793839347720677e+03 5.653505942784092440e+03 8.070761512766473970e+03 1.460925628504379711e+04 6.537987664227895948e+03 8.361676263272955111e+03 6.870352077139044923e+03 7.825478606477529866e+03 4.843294730940868249e+03 4.869980429622534757e+03 6.249429506920751010e+03 4.897730354783375333e+03 7.075218085760210670e+03 7.646147222802382203e+03 5.987097373351924944e+03 4.852963287275227231e+03 8.056050962852465091e+03 9.136842053742158896e+03 1.045442272061203403e+04 4.418174664037950606e+03 6.304469337795203501e+03 6.106361589922006715e+03 4.739320664817487341e+03 4.408780284405837847e+03 5.604199107433012614e+03 7.453764513766761411e+03 1.039522766022897486e+04 5.445398367938561023e+03 6.740242937871854338e+03
2.182352941176470722e+02 4.902162927144665446e+03 5.214458862294181927e+03 5.245674231692958529e+03 5.219074605177667763e+03 5.802989978915110441e+03 5.266357599216527888e+03 5.569991315529222447e+03 6.039064068243477777e+03 3.916817975552343341e+03 3.952699344750687942e+03 6.512529288099274709e+03 3.908482761844357810e+03 3.978116630661938871e+03 4.389411472638972555e+03 4.392084219024379308e+03 6.664624085979603478e+03 6.492506669378644801e+03 3.966289661796790824e+03 3.968260310994897736e+03 6.444195778459292342e+03 7.073273405267636008e+03 6.982710877414659990e+03 7.046019677194969518e+03 5.165471791099234906e+03 7.472177244697740207e+03 3.621360709175785814e+03 5.140279182727903390e+03 5.954237778010690818e+03 5.985880038148093263e+03 4.755426154146370209e+03 7.346499193518237917e+03 6.187131055747291612e+03 4.340493991092248507e+03 3.756778609970800971e+03 4.414077963062533854e+03 6.302713899100853268e+03 4.345262851236256211e+03 6.014469838919484573e+03 4.482165213056275206e+03 8.375656491931016717e+03 6.387719129436099138e+03 4.794280606320248808e+03 5.498797193685252751e+03 4.312309449662608131e+03 4.398906948520707374e+03 5.106257161581124819e+03 7.203360060203795001e+03 1.304193387196506592e+04 5.932161225823745553e+03 7.548333049098706397e+03 6.072427097354850957e+03 7.009475652212580826e+03 4.459770774731311576e+03 4.503308246303758096e+03 5.652343020936988978e+03 4.516647918399251466e+03 6.362713314430257924e+03 6.857935433914562054e+03 5.377742480629931379e+03 4.443795711164485510e+03 7.282715396968057576e+03 8.200080350649061074e+03 9.381354068225793526e+03 4.321683291065959565e+03 5.737907795116857415e+03 5.496021348968753045e+03 4.345424814135099950e+03 4.311110093237353794e+03 5.024007578075225865e+03 6.811907057967209767e+03 9.182518369693314526e+03 5.189276690140833125e+03 6.007060920397270820e+03
2.188235294117646959e+02 4.486263885659425796e+03 4.765301373729727857e+03 4.729545902094152552e+03 4.701970538074087926e+03 5.154540743777291027e+03 4.774056649188747542e+03 5.023508713395511222e+03 5.407287732282227807e+03 3.726870883839662383e+03 3.754660913834403345e+03 5.797273013885343062e+03 3.717206062098238817e+03 3.765749342903304296e+03 4.119804282645510284e+03 4.121970143099364577e+03 6.041045514577948779e+03 5.876251910321074320e+03 3.762590404307192330e+03 3.765005771398858997e+03 5.839054018049648221e+03 6.279747958443470452e+03 6.197526188160672064e+03 6.256668906175782467e+03 4.649752415166049104e+03 6.620201321237484080e+03 3.411536502853296497e+03 4.916293370197117838e+03 5.433726332709259623e+03 5.480202137446524830e+03 4.331743824276729356e+03 6.464094172266425630e+03 5.539132592488084811e+03 4.090811659216335102e+03 3.522217797957459425e+03 4.066367760012411509e+03 5.619079632457159278e+03 4.018167396493591241e+03 5.381444604942296792e+03 4.397234924137436792e+03 7.482025465617106420e+03 5.701511570761772418e+03 4.595582727508508469e+03 5.053597593227574180e+03 4.011956160682831069e+03 4.037180151482863948e+03 4.663306380121793154e+03 6.433894564743798583e+03 1.161242848057145784e+04 5.416795178047460467e+03 6.832054607325527286e+03 5.388119189225000810e+03 6.294839842016664079e+03 4.159438350988615639e+03 4.221581435793933451e+03 5.155141094291662739e+03 4.213297328857052889e+03 5.756730607801273436e+03 6.191082583971262466e+03 4.868058777316988198e+03 4.115981430768246355e+03 6.604063564321377271e+03 7.364911013860734784e+03 8.417556886404707257e+03 4.290439899408160272e+03 5.282708173034749962e+03 5.009609216041857508e+03 4.042107998311795200e+03 4.279077756999779012e+03 4.541875144558787724e+03 6.256243862910319876e+03 8.117193031121620152e+03 4.993956906384055401e+03 5.390196083617501245e+03
2.194117647058823479e+02 4.148828647326163264e+03 4.389493199463481687e+03 4.304190675725277288e+03 4.275632637441700354e+03 4.616469472133822819e+03 4.371263277269175887e+03 4.569866212736026682e+03 4.874853859993824699e+03 3.596216169249773429e+03 3.616672766760635113e+03 5.192171003892243789e+03 3.585126587494849900e+03 3.613918557291758589e+03 3.915221001858542422e+03 3.916994645370010858e+03 5.509134223075231603e+03 5.352009422965076737e+03 3.619205103323897674e+03 3.622065261392272532e+03 5.358809126116817424e+03 5.598520361087638776e+03 5.524549933212828364e+03 5.579633593511347499e+03 4.234297924395046721e+03 5.884722493281869902e+03 3.265938543974622917e+03 4.759650968039214604e+03 5.001374051696077004e+03 5.061056209772279544e+03 3.991412967594914790e+03 5.708710551973957081e+03 5.004899080425732791e+03 3.903826344369682829e+03 3.354821463589929408e+03 3.798923578656862901e+03 5.040487198742733199e+03 3.768624463874802132e+03 4.849473234732757192e+03 4.352883828637995066e+03 6.701949790637913793e+03 5.120243430040770363e+03 4.473730707466181229e+03 4.718174239439847042e+03 3.788034773083622440e+03 3.755701702722780738e+03 4.311799578594181185e+03 5.759185469132665276e+03 1.032264491496510709e+04 4.984101920148857971e+03 6.208462324461101161e+03 4.808430223622491212e+03 5.676756063813933906e+03 3.930609617497751060e+03 4.012131258432522827e+03 4.747712693173303705e+03 3.977909747538757529e+03 5.248321206602113307e+03 5.636161387051769452e+03 4.448554176174261556e+03 3.860065101894896543e+03 6.015073288995788971e+03 6.628834943408218351e+03 7.560956484099841873e+03 4.310229987040230299e+03 4.925030795850169852e+03 4.631243303794289204e+03 3.815174687771550907e+03 4.298474974099570318e+03 4.146391077131767815e+03 5.781802613828394897e+03 7.191969262947947755e+03 4.849395507031727902e+03 4.878463234065617144e+03
2.200000000000000000e+02 3.880055020834265179e+03 4.080053141256874369e+03 3.959113858388182507e+03 3.929587282555247384e+03 4.175918030670757616e+03 4.045733934931448857e+03 4.199128381770576198e+03 4.431988499876195419e+03 3.515553843328989842e+03 3.529437280898469908e+03 4.685396667630294360e+03 3.502960429664184630e+03 3.513484108729038780e+03 3.767145798576378183e+03 3.768635418057889183e+03 5.061790550859842369e+03 4.912381183564641105e+03 3.526891585069698522e+03 3.530187255909399482e+03 4.985319265725713194e+03 5.020556753121828478e+03 4.954550253778043043e+03 5.005792502895058533e+03 3.905135095766690938e+03 5.257113692364802773e+03 3.173497753564747200e+03 4.655765643341011128e+03 4.648888559953231379e+03 4.720543120977331455e+03 3.722888009247537866e+03 5.069723782610745729e+03 4.571524695881025764e+03 3.770010785186225348e+03 3.243478860763014836e+03 3.598250554025808924e+03 4.557151235159329190e+03 3.583279962811069709e+03 4.408506845243193311e+03 4.339298828196687282e+03 6.028555571833776412e+03 4.634297247047013116e+03 4.412536306334830442e+03 4.473732738188592521e+03 3.627131431969169171e+03 3.542067231792682378e+03 4.038851341444507398e+03 5.174410828637948725e+03 9.171027134708305312e+03 4.625616562619713477e+03 5.671601441480685025e+03 4.323571448665306889e+03 5.148935212784066607e+03 3.761826876564875420e+03 3.862727658456704830e+03 4.419466093303996786e+03 3.800649296163772760e+03 4.827704954702741816e+03 5.182778076573977160e+03 4.109145831458354223e+03 3.666337023582051188e+03 5.509353195507001146e+03 5.987420740297829070e+03 6.807312287018466122e+03 4.367951575140840760e+03 4.651113929482342428e+03 4.345272136462696835e+03 3.651164054394352206e+03 4.356195324323760360e+03 3.826255596335787686e+03 5.382460535249039822e+03 6.397515792734703609e+03 4.746044898082602231e+03 4.460279829455975232e+03
2.205882352941176521e+02 3.670089803823938382e+03 3.829498141253955509e+03 3.683661543003087900e+03 3.653207687539534163e+03 3.820096150928154657e+03 3.785751686627899289e+03 3.901114364944218323e+03 4.068507343792546180e+03 3.475794893690948356e+03 3.483851121174152468e+03 4.265096585144206983e+03 3.461642485191166088e+03 3.455488629595478415e+03 3.667034950286899402e+03 3.668340467122733571e+03 4.690981101122712062e+03 4.549095927886106438e+03 3.476598549282924523e+03 3.480310478874341698e+03 4.701144409632406678e+03 4.535837400295960833e+03 4.477356661401507154e+03 4.525054029314152103e+03 3.648742926392274057e+03 4.727595743196075091e+03 3.123720091506156677e+03 4.591494975893408082e+03 4.367320937069161118e+03 4.450008385003994590e+03 3.514924732495798253e+03 4.535700090546884894e+03 4.225998052022895536e+03 3.680030786346633704e+03 3.177584190283394946e+03 3.451728588711255725e+03 4.158641565128275033e+03 3.449677613562493207e+03 4.048012300473131745e+03 4.347467284771195409e+03 5.453533028161311449e+03 4.233364594859199315e+03 4.397237149548881462e+03 4.302849888001057479e+03 3.516726070023228658e+03 3.384577045063498645e+03 3.831883087254436305e+03 4.673460413469324521e+03 8.153120665439531876e+03 4.332511087051883806e+03 5.214337292674950731e+03 3.923337821499302663e+03 4.703997285755194753e+03 3.642103115598652494e+03 3.761791033210173737e+03 4.159660364300106266e+03 3.671852327145807067e+03 4.484633133894260936e+03 4.819923134532995391e+03 3.839511090486159901e+03 3.525111800383129776e+03 5.079520014105419250e+03 5.434716048407585731e+03 6.150659509761726440e+03 4.451666589106828724e+03 4.447570916762383604e+03 4.136615298706856265e+03 3.537545192564175068e+03 4.440286829899808254e+03 3.570526080257108333e+03 5.051231821562022560e+03 5.723041190889610334e+03 4.674940912094673877e+03 4.123996022339070805e+03
2.211764705882353041e+02 3.509285252632099400e+03 3.630095636177383312e+03 3.467327855254850874e+03 3.436018882023262904e+03 3.536597532147505262e+03 3.580305051289429230e+03 3.665678012419067272e+03 3.774133890394360151e+03 3.468213805158217838e+03 3.471161883285771182e+03 3.919682237813160100e+03 3.452476681575585644e+03 3.431309915657792317e+03 3.606490042441957939e+03 3.607701825986102904e+03 4.388075830438243429e+03 4.253345443689488093e+03 3.459619891959891902e+03 3.463718884819234972e+03 4.489868000746469988e+03 4.133803091438653610e+03 4.082302567124092093e+03 4.126801715988229262e+03 3.452331013980709940e+03 4.285702714229949379e+03 3.106824209857617006e+03 4.555151243616900501e+03 4.147387082132364412e+03 4.240366565144263404e+03 3.356816077927279821e+03 4.094833578406745801e+03 3.955551859262657672e+03 3.624924237311821798e+03 3.147192559393785814e+03 3.347769322929418649e+03 3.834275069300066662e+03 3.356406666746176143e+03 3.757330607394753315e+03 4.369217390514394538e+03 4.967596304047268859e+03 3.906841900382698896e+03 4.414550379538021843e+03 4.189627338271629014e+03 3.445335471275980581e+03 3.272377869066523090e+03 3.678894548461711111e+03 4.249277881658807019e+03 7.262144336748719070e+03 4.095867382230036583e+03 4.828728618549479506e+03 3.597426578418365807e+03 4.333826895635237634e+03 3.561111396696707743e+03 3.698552711199331043e+03 3.957691037372218489e+03 3.582226393834435385e+03 4.208710758333845661e+03 4.536289587732975633e+03 3.629386700859035500e+03 3.426962456711152299e+03 4.717548478307547157e+03 4.963641960477671091e+03 5.583738151998813009e+03 4.550633263040112979e+03 4.301629371838138468e+03 3.991025619110834668e+03 3.462853058194143614e+03 4.539985383509566418e+03 3.368808884904636216e+03 4.780541640859732979e+03 5.156829361193562363e+03 4.627774650873097016e+03 3.858168493312233295e+03
2.217647058823529278e+02 3.388410092235610591e+03 3.474089114314939707e+03 3.300005959795168110e+03 3.267946291096337518e+03 3.313645674066560787e+03 3.419216665738958454e+03 3.482942325347570659e+03 3.538767948684415842e+03 3.484573916104894579e+03 3.483097067469544072e+03 3.638061309708537465e+03 3.467259145119368441e+03 3.432786563252892392e+03 3.577405626700744051e+03 3.578603677718367180e+03 4.144156388246677125e+03 4.016089375500117058e+03 3.467721798118101560e+03 3.472169360410271565e+03 4.336332409856213417e+03 3.803742186198333002e+03 3.758607528896468466e+03 3.800280051506274958e+03 3.304045636131629635e+03 3.920689789098248639e+03 3.113841017271300643e+03 4.536490177810306704e+03 3.979749172895671109e+03 4.082391061595661540e+03 3.238572175548382347e+03 3.735314860305518778e+03 3.747942883810920193e+03 3.596247721606546293e+03 3.143135344213539156e+03 3.275918212010966272e+03 3.573447523611207998e+03 3.293196780044299885e+03 3.525978608445480404e+03 4.397250327745602590e+03 4.560899257697861685e+03 3.644167444733519005e+03 4.452692920105954727e+03 4.119780069556830313e+03 3.402606419444124640e+03 3.195557593430240104e+03 3.568673530319935253e+03 3.894180746859501141e+03 6.489547680755918009e+03 3.906909052036162848e+03 4.506369127794657288e+03 3.335700857022506625e+03 4.029893936844717246e+03 3.509328113273209510e+03 3.663170697082188781e+03 3.803329777984061820e+03 3.523011416286480653e+03 3.989675528756868516e+03 4.320555696494861877e+03 3.468816955656805021e+03 3.362911580110997875e+03 4.415086687276033445e+03 4.566359293183228147e+03 5.098395449155718779e+03 4.655324240197384825e+03 4.201318478573825814e+03 3.895282196531096815e+03 3.416774409783426563e+03 4.645733856769563317e+03 3.211402631874548206e+03 4.562481707469785761e+03 4.686711216082850115e+03 4.596951720901662156e+03 3.651781755744151269e+03
2.223529411764705799e+02 3.298816985111568556e+03 3.353894227990174841e+03 3.172185268456487847e+03 3.139510858217049190e+03 3.140276126026931252e+03 3.293228927659039527e+03 3.343490217364516411e+03 3.352705570237983920e+03 3.517228809240195005e+03 3.511968438926357067e+03 3.409813864562135223e+03 3.498377618167902710e+03 3.452320096733605624e+03 3.572093457031907747e+03 3.573346933063169672e+03 3.950290012284500790e+03 3.828323660750229919e+03 3.493245919510471140e+03 3.497995315010392915e+03 4.226799129741149045e+03 3.535115533534075894e+03 3.495696669190817829e+03 3.534917943313242631e+03 3.193111807893993955e+03 3.621879433784156845e+03 3.136681338523407703e+03 4.526682663176745336e+03 3.855256363798989696e+03 3.966966642429118565e+03 3.151050470886284984e+03 3.445631816622242695e+03 3.591667041073304517e+03 3.586193289437449948e+03 3.157101197332845459e+03 3.226910469490823289e+03 3.365905711031001374e+03 3.250968874167374906e+03 3.343894785365991083e+03 4.425164306834817580e+03 4.223399572773013460e+03 3.435099156802541984e+03 4.501376318458535934e+03 4.080672701350376428e+03 3.379367203451658042e+03 3.145201353526608727e+03 3.490949609184007841e+03 3.600151011206417024e+03 5.825533966823993069e+03 3.757193422251297761e+03 4.238691149290437352e+03 3.128401234755104724e+03 3.783535124693823491e+03 3.478135284712674547e+03 3.646807170688285169e+03 3.686919093611628796e+03 3.486106269144214821e+03 3.817632570517952900e+03 4.161631047165445125e+03 3.348353029336485633e+03 3.324582186458916112e+03 4.163732753624813995e+03 4.234598791177820203e+03 4.685951710361453479e+03 4.757433151506226750e+03 4.135610379573287901e+03 3.837324079776233248e+03 3.390192468130911038e+03 4.749189615458322805e+03 3.089399435143633582e+03 4.389043392919908001e+03 4.300467022598812036e+03 4.575640056734929203e+03 3.494421722795677852e+03
2.229411764705882320e+02 3.232569661116122916e+03 3.262264381752234385e+03 3.075099235960035458e+03 3.041974890141979813e+03 3.006462814590476228e+03 3.194053664120054236e+03 3.238514387661459295e+03 3.206812911940685353e+03 3.559202595649381237e+03 3.550754745286275011e+03 3.225319617708867554e+03 3.538889993088849224e+03 3.482956117975790221e+03 3.583385325874563932e+03 3.584752424934237297e+03 3.797765706530485659e+03 3.681309757097550573e+03 3.529191245300221908e+03 3.534188944879860173e+03 4.149044488249391179e+03 3.317819434661857485e+03 3.283458097957184236e+03 3.320590184859129295e+03 3.109920216843262097e+03 3.378945413598302366e+03 3.168176960691712793e+03 4.518272540228942489e+03 3.765145203466076509e+03 3.885303916972692150e+03 3.086041945748420858e+03 3.214806409658714983e+03 3.476115884436096167e+03 3.587678137763803534e+03 3.181688005884277118e+03 3.192689083148876307e+03 3.201962074879342254e+03 3.221849433421715730e+03 3.201631876188193928e+03 4.447469545073913650e+03 3.945167642103112030e+03 3.269935365095231646e+03 4.551781539053542474e+03 4.061314734535763819e+03 3.367644902489322249e+03 3.113416355545320130e+03 3.436498268848602038e+03 3.359091354457304078e+03 5.259535172688590137e+03 3.638766012197832424e+03 4.017227770690611578e+03 2.966309666822985946e+03 3.586194475083977977e+03 3.459886852668998472e+03 3.641673372815747825e+03 3.599524371653531489e+03 3.464163757209986670e+03 3.683245580669074116e+03 4.048865524444410767e+03 3.259207222918478237e+03 3.304311824715097373e+03 3.955270474037230088e+03 3.959950303414654627e+03 4.337522766918494199e+03 4.849870630270419497e+03 4.094521205006756645e+03 3.806333918531809559e+03 3.375197717957059012e+03 4.843221695581957647e+03 2.994750291233186545e+03 4.252325684408101552e+03 3.986158104621441453e+03 4.557806558459190455e+03 3.376406744223403166e+03
2.235294117647058840e+02 3.182533189509572821e+03 3.192425617292100014e+03 3.000828553216285854e+03 2.967443731155000933e+03 2.903196362585856605e+03 3.114391993947797346e+03 3.159929626012250992e+03 3.092657391908625414e+03 3.604250955236058871e+03 3.593164679403283571e+03 3.075842642736358357e+03 3.582583860668535635e+03 3.518446668113179840e+03 3.604716216265479943e+03 3.606244233526429070e+03 3.678290916664933320e+03 3.566763708645564748e+03 3.569276732101402558e+03 3.574464050145047622e+03 4.092401433508759510e+03 3.142389548611801729e+03 3.112441289439735556e+03 3.147819855588195878e+03 3.046067534343592797e+03 3.182136333398863371e+03 3.202099365165378458e+03 4.505122259462027614e+03 3.701201273071160358e+03 3.829116286147615938e+03 3.036319721350601867e+03 3.032572907290856620e+03 3.391681819255343271e+03 3.594409448107580829e+03 3.210430303476882727e+03 3.166392018744061261e+03 3.072656255768084520e+03 3.199155440325693689e+03 3.090500606535738370e+03 4.459592806840111734e+03 3.716639644322671757e+03 3.139682185218289305e+03 4.596517873763697025e+03 4.052323736209783419e+03 3.360654628446768584e+03 3.093331509545454082e+03 3.397202017428674026e+03 3.163044673963036075e+03 4.780629532104192549e+03 3.544280099757861080e+03 3.833832062138412766e+03 2.840870797313328239e+03 3.429622496511744430e+03 3.447943677722591019e+03 3.641046786952206730e+03 3.533046206593661282e+03 3.450656988659074614e+03 3.577885987989476689e+03 3.972222373690392033e+03 3.193366097062480549e+03 3.295233469271128342e+03 3.781863762682414290e+03 3.734108793122766201e+03 4.044295649974803837e+03 4.926749649900897566e+03 4.069177017351534687e+03 3.792780217036650356e+03 3.365071614986131863e+03 4.921897285350024504e+03 2.920300289732721012e+03 4.144716163196116213e+03 3.732390187427580258e+03 4.538241946949076919e+03 3.288881576588444659e+03
2.241176470588235361e+02 3.142431240655088004e+03 3.138181406492656151e+03 2.942365144707534910e+03 2.908928493527143473e+03 2.822522225988061564e+03 3.047929812181106172e+03 3.100451468087129342e+03 3.002600389060129601e+03 3.646904601854990688e+03 3.633681763523797599e+03 2.953579809799593932e+03 3.624018740675059689e+03 3.553295080385244546e+03 3.630188897665911554e+03 3.631914548367712541e+03 3.584148845384167544e+03 3.477005534427831662e+03 3.607986158332777904e+03 3.613301064904278519e+03 4.047756622677797168e+03 3.000150071669674617e+03 2.974001076481986729e+03 3.007926100921005855e+03 2.994358504386778350e+03 3.022442972006546825e+03 3.233159781109951837e+03 4.482347358675021496e+03 3.655884589594591489e+03 3.790760520633193664e+03 2.995655597649018546e+03 2.889504028926584851e+03 3.329819044973266045e+03 3.600926203975644967e+03 3.237806071827118558e+03 3.142314860086448789e+03 2.969868521825140760e+03 3.177355482389371446e+03 3.002669061349515232e+03 4.457869933045567450e+03 3.528816594531528153e+03 3.036172695609588573e+03 4.629567937660890493e+03 4.045863833874310785e+03 3.352766293050779950e+03 3.079077390651145834e+03 3.366074663541619429e+03 3.004376080613691101e+03 4.377897106608694230e+03 3.467084639675886137e+03 3.680853449233783067e+03 2.744276172978491104e+03 3.306035549201935282e+03 3.436681495781306694e+03 3.639264959336724132e+03 3.480296193602717722e+03 3.439919881299934332e+03 3.493742769044392844e+03 3.922416248416635881e+03 3.143667152516335591e+03 3.291326763367436797e+03 3.636210649541977546e+03 3.549076790404302756e+03 3.797756311266351986e+03 4.983359496019192193e+03 4.051848910577748939e+03 3.788425586172877956e+03 3.354248314245371603e+03 4.980456892409573811e+03 2.859798947391553611e+03 4.059043850718151589e+03 3.528512757986537054e+03 4.512572858510197875e+03 3.223879043632951380e+03
2.247058823529411882e+02 3.106874129501020889e+03 3.093988941413557768e+03 2.893642318975454600e+03 2.860375428470909355e+03 2.757545792214596077e+03 2.989313410348910111e+03 3.053644823522968181e+03 2.929855603293820423e+03 3.682495977625465457e+03 3.667592063812739525e+03 2.851678684748843352e+03 3.658551832739645306e+03 3.582784349475745330e+03 3.654621010036672942e+03 3.656570868902379971e+03 3.508317598445436033e+03 3.405070656891076851e+03 3.640596193997801493e+03 3.645975169491473935e+03 4.007511549673731679e+03 2.883313686986062294e+03 2.860392970022861846e+03 2.893122781570355528e+03 2.948776906332309409e+03 2.891714295982483691e+03 3.256993171683225228e+03 4.446240408847133949e+03 3.622421181682512724e+03 3.763342974175955533e+03 2.958810097970141214e+03 2.777092035517424847e+03 3.283067647237261554e+03 3.602619989646124395e+03 3.259225743296863584e+03 3.115853973417947145e+03 2.886390846749533921e+03 3.152012082917203770e+03 2.931223191016353667e+03 4.439525215935853339e+03 3.373412681547046759e+03 2.952143048503493901e+03 4.646220510363078574e+03 4.035565123791618134e+03 3.339452883253094569e+03 3.065750376195103399e+03 3.337254535893707725e+03 2.875918146228747446e+03 4.040712212052521863e+03 3.401283257593125199e+03 3.551272765920184156e+03 2.669516683386938894e+03 3.208237634543364493e+03 3.421475623113658912e+03 3.631699284851984885e+03 3.435039976680626296e+03 3.427164412247999280e+03 3.423895949738055606e+03 3.891018487956220270e+03 3.103843128437024916e+03 3.287443232802387229e+03 3.511658898469765973e+03 3.397324728385313392e+03 3.589870437515779940e+03 5.016127280219683598e+03 4.035961239500574266e+03 3.786307346961951225e+03 3.338259076744788217e+03 5.015277279744179395e+03 2.807889909225427800e+03 3.988703666683322808e+03 3.364760676218261324e+03 4.477260290858083863e+03 3.174354325759336461e+03
2.252941176470588402e+02 3.071361478872083808e+03 3.055008402982496136e+03 2.849536233884286048e+03 2.816666893252243881e+03 2.702411003675554184e+03 2.934109213365137748e+03 3.013946306339611056e+03 2.868517537132261168e+03 3.707169995226018273e+03 3.690995564016128810e+03 2.764230403369740088e+03 3.682348048547969938e+03 3.602989763258353832e+03 3.673575130083549084e+03 3.675766228879481332e+03 3.444553246225543262e+03 3.344785843397402004e+03 3.663188405715117824e+03 3.668568235172563618e+03 3.965514829703342457e+03 2.785038337726043665e+03 2.764825817435675162e+03 2.796574069365220112e+03 2.904432252844082541e+03 2.782728235247203884e+03 3.270128352235669354e+03 4.394184867568234040e+03 3.594863885593390023e+03 3.740793589819954832e+03 2.921500634072315279e+03 2.687791620717999194e+03 3.245047269923123622e+03 3.595736147553769570e+03 3.271005967426429379e+03 3.083434672021377082e+03 2.815961344984238622e+03 3.119709354614895801e+03 2.870193399784689063e+03 4.402636836669470540e+03 3.242957562566124579e+03 2.881271381516269230e+03 4.642992040872673897e+03 4.016428454563255855e+03 3.317224170909804798e+03 3.049364620431792446e+03 3.305971997282485063e+03 2.771081081236853151e+03 3.758974213638790388e+03 3.341767561575030413e+03 3.438798407293712899e+03 2.610408179617842052e+03 3.129707659483385214e+03 3.398665843259141639e+03 3.614711893609553044e+03 3.392011076101302933e+03 3.408476800091386849e+03 3.362357114458675824e+03 3.870531308218602589e+03 3.068538571915598368e+03 3.279308559614616115e+03 3.402285911922130708e+03 3.271911612318318930e+03 3.413219764036807192e+03 5.022566353599134345e+03 4.016076078811352090e+03 3.780695856623894997e+03 3.313662830934204521e+03 5.023821188196686307e+03 2.760084061421991009e+03 3.927752525571731439e+03 3.232344991950613348e+03 4.429583566644822895e+03 3.134195533387966861e+03
2.258823529411764639e+02 3.032263102407926453e+03 3.017128097841798080e+03 2.805843705778464482e+03 2.773599097095926936e+03 2.652258363881337118e+03 2.878751151098993887e+03 2.976663884369284460e+03 2.813564664950734368e+03 3.717879149665485784e+03 3.700801739688298767e+03 2.686242507125693919e+03 3.692374746036249689e+03 3.610776156497890042e+03 3.683372552178059777e+03 3.685813036040009592e+03 3.387440108642927498e+03 3.290813124194726697e+03 3.672645670166959007e+03 3.677965165795151734e+03 3.916972348441278882e+03 2.699447469171081593e+03 2.681478637218192034e+03 2.712413766906800447e+03 2.857487858311119453e+03 2.689223837406886560e+03 3.269945811900438912e+03 4.324560266756800047e+03 3.568125337923601819e+03 3.717910460575782508e+03 2.880352323218390211e+03 2.615031563454104344e+03 3.210426497482560080e+03 3.577357039101993905e+03 3.270330062054902555e+03 3.042428299052332477e+03 2.753267995993536715e+03 3.077969750079415007e+03 2.814552840422539248e+03 4.346088696403977337e+03 3.130858546521663357e+03 2.818185461891923751e+03 4.617537678769229387e+03 3.984719124767021640e+03 3.283548895779150826e+03 3.026794354109969845e+03 3.268496158219697008e+03 2.683931045488828659e+03 3.523282208740698479e+03 3.284227696857103638e+03 3.337927351587023622e+03 2.561594963735809870e+03 3.064655935724575102e+03 3.365504818551862172e+03 3.585598484286600979e+03 3.346899440541087642e+03 3.380795155772569615e+03 3.304081025638874962e+03 3.854433497220027220e+03 3.033302458496684721e+03 3.263505013660240365e+03 3.302946690992584536e+03 3.166570051941233487e+03 3.261098388377804895e+03 5.001211295955587957e+03 3.987857169569450889e+03 3.767034667130722028e+03 3.277966267253795195e+03 5.004573754572378675e+03 2.712719454178502929e+03 3.870978184325706934e+03 3.123500905949939806e+03 4.367610234405241499e+03 3.098214670489293894e+03
2.264705882352941160e+02 2.986781081147286841e+03 2.976966889531461675e+03 2.759239953433419487e+03 2.727840066453615236e+03 2.603166257763684825e+03 2.820477440986494912e+03 2.937956548146885325e+03 2.760840020451848432e+03 3.712364066230078606e+03 3.694710310574424511e+03 2.613594518313900608e+03 3.686382011530386990e+03 3.603780754376780351e+03 3.681091340770398347e+03 3.683781279696573620e+03 3.332410459678010739e+03 3.238664105131361339e+03 3.666633984902341581e+03 3.671835514201887236e+03 3.858339793859735892e+03 2.621618278144092983e+03 2.605485980560318694e+03 2.635732648528651680e+03 2.805074631976742239e+03 2.605899253952236450e+03 3.254625038157816562e+03 4.236638492907465661e+03 3.537985766561910168e+03 3.690377087472396397e+03 2.832834521358210168e+03 2.553199583086613075e+03 3.174872675002287906e+03 3.545368800744130567e+03 3.255196865954066652e+03 2.991060642272364021e+03 2.693925909921841594e+03 3.025162110281528840e+03 2.760190952547936377e+03 4.269508321270473971e+03 3.031425736218106067e+03 2.758442921112160548e+03 4.568552603480407015e+03 3.937851851487248496e+03 3.236767594290458874e+03 2.995708527320560279e+03 3.222064371404727808e+03 2.609237623476393310e+03 3.325053720180244454e+03 3.225142039993821072e+03 3.243972646407536104e+03 2.518534313852198920e+03 3.008052343343475059e+03 3.320092502200600393e+03 3.542518861734908114e+03 3.296317600960346226e+03 3.341870418758772757e+03 3.244950974047939326e+03 3.837199512415590561e+03 2.994560145605845264e+03 3.237436797584511169e+03 3.209291378031253771e+03 3.075757130694968055e+03 3.127570232544539977e+03 4.951539765017368154e+03 3.948015564036165415e+03 3.741866226633143469e+03 3.229535332072058736e+03 4.956965600781993089e+03 2.662909773920852786e+03 3.813940857630688242e+03 3.031497955566643668e+03 4.290151067225835504e+03 3.062121074251343543e+03
2.270588235294117680e+02 2.932897158693558140e+03 2.931858031505797953e+03 2.707221672183149622e+03 2.676873234764736935e+03 2.552081496473580955e+03 2.757260961695089009e+03 2.894798130276186839e+03 2.707015003173909463e+03 3.689119448331393414e+03 3.671177272052774242e+03 2.542982474254049521e+03 3.662868706706923604e+03 3.580381729662482030e+03 3.664549140594316214e+03 3.667481298197726119e+03 3.275739262169294307e+03 3.184690314689283696e+03 3.643569684450382738e+03 3.648600530707250982e+03 3.787203730284686571e+03 2.547546600179321103e+03 2.532900581864257219e+03 2.562542654055607272e+03 2.745195980827749736e+03 2.528384655481821483e+03 3.223082141701117962e+03 4.130474789946053534e+03 3.501079151947189985e+03 3.654755896859036966e+03 2.777187550621067203e+03 2.497608415492004042e+03 3.134987643276155723e+03 3.498413695535995885e+03 3.224359446329251568e+03 2.928315522003492333e+03 2.634435014463302650e+03 2.960405011230338459e+03 2.703868657516708481e+03 4.173193780062500991e+03 2.939869833864435805e+03 2.698491469484502886e+03 4.495664876829705463e+03 3.874269937594337989e+03 3.175999154405241825e+03 2.954499876356669120e+03 3.164799481171317893e+03 2.542497195833252135e+03 3.156602458500170997e+03 3.161750381815358196e+03 3.153064955363704939e+03 2.477467064726189619e+03 2.955631998591155480e+03 3.261299970052453318e+03 3.484418301424472702e+03 3.237749270542827617e+03 3.290213350897662622e+03 3.181743402629425418e+03 3.814295023990837308e+03 2.949569097085256544e+03 3.199281014998422052e+03 3.117759576631013260e+03 2.994679148164944763e+03 3.007497640562178276e+03 4.873881966140564145e+03 3.894240057201710442e+03 3.702745944367937227e+03 3.167501408253608588e+03 4.881283600161489630e+03 2.608485422758760706e+03 3.752991158855619688e+03 2.950623060729204099e+03 4.196703002620882216e+03 3.022481391705072383e+03
2.276470588235294201e+02 2.869307798317124707e+03 2.879816195788768709e+03 2.648037943033198189e+03 2.618929115251891744e+03 2.496740911792774568e+03 2.687733942663681773e+03 2.844927189159895534e+03 2.649538088702461664e+03 3.647347252032564484e+03 3.629368140702367782e+03 2.471853378448222884e+03 3.621035847176256539e+03 3.539654091761533437e+03 3.632271953828359983e+03 3.635432705270527094e+03 3.214516159207655164e+03 3.126051788531471175e+03 3.602574033810041328e+03 3.607387439665836155e+03 3.702154173968513533e+03 2.474091331971615091e+03 2.460636023046464288e+03 2.489720670579799844e+03 2.676626507288827725e+03 2.453192766928552828e+03 3.174899885733219890e+03 4.006794069550535824e+03 3.454860232744395489e+03 3.608460306797396697e+03 2.712341854911142036e+03 2.444445181131784011e+03 3.088232403954979873e+03 3.435829860468652441e+03 3.177255520443027763e+03 2.853835301230255936e+03 2.572120981193391799e+03 2.883466763852613894e+03 2.643157785043950298e+03 4.058030577598880882e+03 2.852274238222968961e+03 2.635611455180798202e+03 4.399321696694187267e+03 3.793320653326686170e+03 3.101043040307605224e+03 2.902209851353812610e+03 3.095617487222392811e+03 2.479932548473131646e+03 3.011173765064835152e+03 3.092011792988057550e+03 3.062129134184131999e+03 2.435375698602364082e+03 2.903880091595744489e+03 3.188685026855171600e+03 3.410941437328328902e+03 3.169482880512177417e+03 3.225029709837582686e+03 3.112074061357657229e+03 3.782150855004731966e+03 2.896360673870050505e+03 3.147926804351816827e+03 3.025552256579535424e+03 2.919290957203764265e+03 2.896541137842930766e+03 4.769320120915128427e+03 3.825114908154727800e+03 3.648147515280920288e+03 3.091663735054792141e+03 4.778571271243134106e+03 2.547927892538796641e+03 3.685264647455247996e+03 2.876139196360881670e+03 4.087380598247231774e+03 2.976667423911529113e+03
2.282352941176470722e+02 2.795350247511209091e+03 2.819490953109651855e+03 2.580612742304796484e+03 2.552908742028658253e+03 2.435587896518523394e+03 2.611109577692259791e+03 2.786786149889106127e+03 2.586572520374782926e+03 3.586898356300881005e+03 3.569099539305566395e+03 2.398333296457966753e+03 3.560728620832800061e+03 3.481314156377169638e+03 3.583450172596146786e+03 3.586820402126032604e+03 3.146599201868617911e+03 3.060668477634671035e+03 3.543416141332077586e+03 3.547972147255021810e+03 3.602652855309119332e+03 2.398904363432970513e+03 2.386395470446298077e+03 2.414938003533061419e+03 2.598808011021607854e+03 2.377653527902260521e+03 3.110251421224131718e+03 3.866875509828825670e+03 3.397555461998222199e+03 3.549708658993980407e+03 2.637832429617225444e+03 2.390709236484850862e+03 3.032844499739791900e+03 3.357580860854644470e+03 3.113931229871100186e+03 2.767820808589678109e+03 2.505064119439202386e+03 2.794664933223416483e+03 2.576369019410621604e+03 3.925401645309022115e+03 2.765548052531363737e+03 2.567845993388609259e+03 4.280670797290827977e+03 3.695128815864267835e+03 3.012279328030241231e+03 2.838450815084000169e+03 3.014129174965125003e+03 2.418473650001378246e+03 2.882947880883944890e+03 3.014550443353735773e+03 2.968841386646360206e+03 2.389933225372302786e+03 2.850000296710882139e+03 3.102402349627107469e+03 3.322341191423901364e+03 3.090533807427943884e+03 3.146146169905443912e+03 3.034330082670177489e+03 3.738118412654314398e+03 2.833671406245300204e+03 3.082905241028171986e+03 2.930586474997089681e+03 2.846275327402863695e+03 2.791137014556491977e+03 4.639579711000865245e+03 3.740027390552431370e+03 3.577361734287161653e+03 3.002390379580459921e+03 4.650520963134623344e+03 2.480299905491063328e+03 3.608656305218700709e+03 2.804226796362965160e+03 3.962838663998211359e+03 2.922794441569232731e+03
2.288235294117646959e+02 2.710922308994523064e+03 2.750109706259794621e+03 2.504462046697999540e+03 2.478301755941525244e+03 2.367686106224075047e+03 2.527102322621487929e+03 2.719452162534211311e+03 2.516925691427018137e+03 3.508204368567575784e+03 3.490771002710745961e+03 2.321151447639077105e+03 3.482368753925959481e+03 3.405654327673914850e+03 3.517883484271002999e+03 3.521439487127738175e+03 3.070554219032861056e+03 2.987158036144200651e+03 3.466446116143761174e+03 3.470712087144659108e+03 3.488900411098207769e+03 2.320350402126385688e+03 2.308590574877682229e+03 2.336579695108821852e+03 2.511745554027492744e+03 2.299837150903034853e+03 3.029819500549285749e+03 3.712437830542086886e+03 3.328100964669590667e+03 3.477463034502708069e+03 2.553711240771582652e+03 2.334141634180003621e+03 2.967750846050692871e+03 3.264177378303384103e+03 3.034960030206888405e+03 2.670932726677393930e+03 2.432019951421057158e+03 2.694767216986272160e+03 2.502471986454057969e+03 3.777092977249409614e+03 2.677364310595614825e+03 2.493922061959152870e+03 4.141439439648322150e+03 3.580470890753269941e+03 2.910568772207959228e+03 2.763327151734984454e+03 2.920538677047388774e+03 2.355722665275760392e+03 2.767016522225967947e+03 2.928591924644031224e+03 2.871571091724550570e+03 2.339445046635718427e+03 2.791869832132299507e+03 3.003110711373520189e+03 3.219384911037800975e+03 3.000558595002220500e+03 3.053929534988711566e+03 2.947591318078114909e+03 3.680409138282968797e+03 2.760866544931865974e+03 3.004312407192151113e+03 2.831436307624815072e+03 2.773006179483691540e+03 2.688456950281949958e+03 4.486915606456812384e+03 3.639068061832783314e+03 3.490391192164864151e+03 2.900519616746656993e+03 4.499360557106596389e+03 2.405172927656718457e+03 3.521777350908937024e+03 2.731912385847879250e+03 3.824188606264340706e+03 2.859652164390182406e+03
2.294117647058823479e+02 2.616398544293195755e+03 2.671412753349564809e+03 2.419608063324208160e+03 2.395101787727827741e+03 2.292632571292687771e+03 2.435848587854978632e+03 2.642562304830362791e+03 2.439973117400231331e+03 3.412201875569075582e+03 3.395289108570945245e+03 2.239562481081000897e+03 3.386879284060057216e+03 3.313470115957989947e+03 3.435916424549858220e+03 3.439630877251493530e+03 2.985583439008561527e+03 2.904763732840743614e+03 3.372520613471036995e+03 3.376471529210238259e+03 3.361705320612752530e+03 2.237420451342478827e+03 2.226254464790090424e+03 2.253657667105214841e+03 2.415905794422707004e+03 2.218469698528761455e+03 2.934713050994841069e+03 3.545527857297205173e+03 3.246070302339226146e+03 3.391356166902200130e+03 2.460459594395601925e+03 2.273149073858598967e+03 2.892478551051398881e+03 3.156593611748343392e+03 2.941358707012299419e+03 2.564196294932608907e+03 2.352334533781482605e+03 2.584895684465138402e+03 2.421010310027131709e+03 3.615198177297593247e+03 2.586087571468569877e+03 2.413166067469619065e+03 3.983813544299887781e+03 3.450651621323974268e+03 2.797154937944914309e+03 2.677356509870649916e+03 2.815541620097732448e+03 2.289906494892780302e+03 2.659338774167892097e+03 2.833892643716746079e+03 2.769310993819055057e+03 2.282785741078105730e+03 2.727984424537403356e+03 2.891879787839590790e+03 3.103260078686533234e+03 2.899764298363510534e+03 2.949201851603742398e+03 2.851544542157275373e+03 3.608020989499425923e+03 2.677858581509288342e+03 2.912728047204987888e+03 2.727263822303481447e+03 2.697499262679315507e+03 2.586353800285668513e+03 4.313995975767986238e+03 3.522926603791252091e+03 3.387843131601008736e+03 2.787263772565588624e+03 4.327737741284740878e+03 2.322553765805085277e+03 3.423897605496088090e+03 2.656988782477792483e+03 3.672911382599958415e+03 2.786630304849307322e+03
2.300000000000000000e+02 2.512545460681816621e+03 2.583583290907443825e+03 2.326493247786504071e+03 2.303721511991841908e+03 2.210472182982695813e+03 2.337829380773651337e+03 2.556235285564881451e+03 2.355579386707595859e+03 3.300251332920987352e+03 3.283986443503874852e+03 2.153268732733007710e+03 3.275604219941586052e+03 3.205981917644367513e+03 3.338366960933705741e+03 3.342209851667675593e+03 2.891446826075808076e+03 2.813275703377639275e+03 3.262922980151656247e+03 3.266541431755566464e+03 3.222357438384329271e+03 2.149642469139727837e+03 2.138952141438538547e+03 2.165720980233405044e+03 2.312119729845649545e+03 2.132844807585693161e+03 2.826383088583544122e+03 3.368414773089035862e+03 3.151595092200672752e+03 3.291609573635216293e+03 2.358902698490462626e+03 2.206724903264090244e+03 2.807065729950398691e+03 3.036181033192949599e+03 2.834502461631779170e+03 2.448911063005850792e+03 2.265857670280064667e+03 2.466436078428937890e+03 2.332014714006833856e+03 3.442024656014457832e+03 2.490694590711826095e+03 2.325416746250411961e+03 3.810319531417308099e+03 3.307385192276523867e+03 2.673570147940466995e+03 2.581392570108493601e+03 2.700225318679522843e+03 2.219819900498966490e+03 2.556681479855880298e+03 2.730664856344576492e+03 2.661599819548409869e+03 2.219332627209882503e+03 2.657395970293215214e+03 2.770098804920115072e+03 2.975481584170627229e+03 2.788815743278318678e+03 2.833154007127492150e+03 2.746393483927723537e+03 3.520654856995609862e+03 2.585023199023692086e+03 2.809132290472805380e+03 2.617743315373583300e+03 2.618353623287775918e+03 2.483297321033946446e+03 4.123787270450059623e+03 3.392785888126072678e+03 3.270822493051679885e+03 2.664117152854677443e+03 4.138605138241793611e+03 2.232811623250779121e+03 3.314876298550517276e+03 2.577930143985658560e+03 3.510769888734451797e+03 2.703640622987468760e+03
2.305882352941176521e+02 2.400437803006856484e+03 2.487174894174253041e+03 2.225895972963091026e+03 2.204909373064592273e+03 2.121614874943117684e+03 2.233796230134368216e+03 2.460991892386687596e+03 2.264018356891990152e+03 3.174053131877592932e+03 3.158537580290907954e+03 2.062344257202159042e+03 3.150225225400557065e+03 3.084753613579654939e+03 3.226450224734116091e+03 3.230389719945903380e+03 2.788379355975985618e+03 2.712948631462350932e+03 3.139280401901226469e+03 3.142556348902627633e+03 3.072508077258573394e+03 2.056991964602382723e+03 2.046691046721589146e+03 2.072766199946931920e+03 2.201491412325643523e+03 2.042734487564624487e+03 2.706539773408820110e+03 3.183492180210432707e+03 3.045281086900781702e+03 3.178945932677173005e+03 2.250127896830245390e+03 2.134369024811993768e+03 2.711974194366091979e+03 2.904581892650357076e+03 2.716041004904812780e+03 2.326566953033909613e+03 2.172856228450451908e+03 2.340953602402984870e+03 2.235916319564241803e+03 3.260004146038137151e+03 2.390691151875086689e+03 2.230938022803242802e+03 3.623711352991998410e+03 3.152682800400542419e+03 2.541547091545332933e+03 2.476550634607166103e+03 2.575973119169318124e+03 2.144761994386392871e+03 2.456548484336763977e+03 2.619499554203343450e+03 2.548440469295417188e+03 2.148897632947392594e+03 2.579645408679136835e+03 2.639389045345985778e+03 2.837802610920857660e+03 2.668743435869581845e+03 2.707260074010514018e+03 2.632767683958270936e+03 3.418623729612102125e+03 2.483115014168311518e+03 2.694822418925158672e+03 2.502982060388766058e+03 2.534686916213850509e+03 2.378303230706987051e+03 3.919443118559995582e+03 3.250216880264131760e+03 3.140827295822334236e+03 2.532769595919347466e+03 3.935109086244582159e+03 2.136607096432883736e+03 3.195084603984325440e+03 2.493804885492327685e+03 3.339723316293013340e+03 2.611037459612398834e+03
2.311764705882353041e+02 2.281378138837493680e+03 2.383038805569977285e+03 2.118849874516799900e+03 2.099669899915888436e+03 2.026757120603776229e+03 2.124701732690453809e+03 2.357676261287208490e+03 2.165894610970856320e+03 3.035563309187354207e+03 3.020874752233101844e+03 1.967161885230944790e+03 3.012678021481977339e+03 2.951610635854535758e+03 3.101699791794791963e+03 3.105703130223566404e+03 2.677007109493617918e+03 2.604418713687141008e+03 3.003480576971889604e+03 3.006410998271781864e+03 2.914058828059898133e+03 1.959805140755240473e+03 1.949834299118179615e+03 1.975150207315143007e+03 2.085314021368763406e+03 1.948301716945857152e+03 2.577072591097797613e+03 2.993189916490101496e+03 2.928122585128717219e+03 3.054498694196673114e+03 2.135408178151848915e+03 2.056008791681716957e+03 2.608005568412416778e+03 2.763645063908906650e+03 2.587817596254701584e+03 2.198767949253870484e+03 2.073930001255241223e+03 2.210116484529213722e+03 2.133462670425374199e+03 3.071610026455188745e+03 2.286027990563291496e+03 2.130334024285576561e+03 3.426865267263718124e+03 2.988748471901048106e+03 2.402937450612661451e+03 2.364137254743203357e+03 2.444374803101352427e+03 2.064468853535207472e+03 2.357103045356003804e+03 2.501289706174325602e+03 2.430217037156911829e+03 2.071659206901036669e+03 2.494693387165990771e+03 2.501522050829804812e+03 2.692131050404563666e+03 2.540854449950149956e+03 2.573194828729113851e+03 2.511632843146318010e+03 3.302757660772873805e+03 2.373185117640591670e+03 2.571331919664237375e+03 2.383440327696220265e+03 2.446067390117911145e+03 2.270858752413895218e+03 3.704200137398479001e+03 3.097077117288813042e+03 2.999648339053078416e+03 2.395027219300815432e+03 3.720485071049343333e+03 2.034824294924592778e+03 3.065323110247069053e+03 2.404188852184601274e+03 3.161846097064369133e+03 2.509538460570917323e+03
2.317647058823529278e+02 2.156821465352601990e+03 2.272253083662646986e+03 2.006568501244978279e+03 1.989189139246084096e+03 1.926808865400495961e+03 2.011635728413492188e+03 2.247379745587373236e+03 2.062068064758185756e+03 2.886911241579666239e+03 2.873105657316138149e+03 1.868324742807857319e+03 2.865070838432079199e+03 2.808559798845210025e+03 2.965889024422783677e+03 2.969923357823116021e+03 2.558264866629158860e+03 2.488622257653735687e+03 2.857590361946155554e+03 2.860178602303238677e+03 2.749060706124206263e+03 1.858696533499129146e+03 1.849018627964040434e+03 1.873507608091134216e+03 1.964994401636580733e+03 1.850016908371662112e+03 2.439975414825243206e+03 2.799896951724298106e+03 2.801417517556778421e+03 2.919721863501655662e+03 2.016132335057462342e+03 1.971922205874167503e+03 2.496222077682252802e+03 2.615346271825840631e+03 2.451792856855091941e+03 2.067164401284309861e+03 1.969931789383279011e+03 2.075628295437414636e+03 2.025638013874669468e+03 2.879283296909963610e+03 2.177018242473335704e+03 2.024468318851881349e+03 3.222684155548785384e+03 2.817884583157006091e+03 2.259638936532582647e+03 2.245584951962141076e+03 2.307144577467952786e+03 1.979044437953035413e+03 2.257086593611902572e+03 2.377155775363972680e+03 2.307613433086187342e+03 1.988095377823851777e+03 2.402850665931865478e+03 2.358345172280088718e+03 2.540452871803222024e+03 2.406648434173431269e+03 2.432756279508729676e+03 2.384204922750910100e+03 3.174307278123671495e+03 2.256502473152589573e+03 2.440353678715237947e+03 2.259853295884178806e+03 2.352444699611637589e+03 2.160847127672179340e+03 3.481283004117278779e+03 2.935414817013182983e+03 2.849275049004979337e+03 2.252741340377155666e+03 3.497962423672491695e+03 1.928507397998334682e+03 2.926737196255966865e+03 2.309080785975693288e+03 2.979253597368935516e+03 2.400147275992051618e+03
2.323529411764705799e+02 2.028306299077459016e+03 2.156055521553385915e+03 1.890376423265550102e+03 1.874766479695697171e+03 1.822826664139942068e+03 1.895767937134126896e+03 2.131369069132487766e+03 1.953583163733341280e+03 2.730321743675242033e+03 2.717435453926194441e+03 1.766603075095733857e+03 2.709607073902812317e+03 2.657713020062810756e+03 2.820954629448236119e+03 2.824987700264612158e+03 2.433317237199727970e+03 2.366718136325046999e+03 2.703778420152475974e+03 2.706033471696957804e+03 2.579624714880450483e+03 1.754482731387374770e+03 1.745078424393972909e+03 1.768674222390413888e+03 1.841986721542302121e+03 1.748579978956299328e+03 2.297277919969267714e+03 2.605896436953503326e+03 2.666685517533931943e+03 2.776302380573778919e+03 1.893742494181379016e+03 1.882664929335448051e+03 2.377873267463638967e+03 2.461714665103148036e+03 2.309974822643413518e+03 1.933394418857873234e+03 1.861893340832142940e+03 1.939169573298956038e+03 1.913589554005352966e+03 2.685368749458707953e+03 2.064258312930629472e+03 1.914388769736496670e+03 3.014013331132856365e+03 2.642408360373663527e+03 2.113531549111464301e+03 2.122393029064967777e+03 2.166047952249236914e+03 1.888892147350989944e+03 2.155736748236674885e+03 2.248375350477763732e+03 2.181535776096937298e+03 1.898919426682303538e+03 2.304710071058899302e+03 2.211715440710232997e+03 2.384763803835330236e+03 2.267740399282888575e+03 2.287795048285717257e+03 2.251869936306705313e+03 3.034848489471999528e+03 2.134480638242536770e+03 2.303668939228467025e+03 2.133156846250780291e+03 2.254081876193467451e+03 2.048473526838442012e+03 3.253820878192424516e+03 2.767380702639925403e+03 2.691808919782230532e+03 2.107746449714663868e+03 3.270679896347093290e+03 1.818802362674542337e+03 2.780733079140029986e+03 2.208821623577702212e+03 2.794035993927476284e+03 2.284079812369826868e+03
2.329411764705882320e+02 1.897393417531937303e+03 2.035781673834775120e+03 1.771647850514460515e+03 1.757753773160122819e+03 1.715953947189235123e+03 1.778297580062460838e+03 2.011019982554914577e+03 1.841603798160366978e+03 2.568043191608551297e+03 2.556094950490863084e+03 1.662877188376411823e+03 2.548514016423141129e+03 2.501216798921198006e+03 2.668924346647307630e+03 2.672925200185603444e+03 2.303485196213352538e+03 2.240015670113043143e+03 2.544243825358966660e+03 2.546179541389015867e+03 2.407844779920132623e+03 1.648113437622454512e+03 1.638977150514106370e+03 1.661617985248688910e+03 1.717735791468331172e+03 1.644849375883410630e+03 2.150984546299391241e+03 2.413313118329292593e+03 2.525590847256255074e+03 2.626077264058878882e+03 1.769679853936448808e+03 1.789002010856746210e+03 2.254329326607310577e+03 2.304767189238950778e+03 2.164356508537845002e+03 1.799034796353953425e+03 1.750958189517263463e+03 1.802349198286607134e+03 1.798560781349773833e+03 2.492062031328116973e+03 1.948553791075693198e+03 1.801259288063622080e+03 2.803568728911934159e+03 2.464579966030163632e+03 1.966423561628444304e+03 1.996074993498815957e+03 2.022838149508294464e+03 1.794648603713977536e+03 2.052706801197887671e+03 2.116318295499918349e+03 2.053040463985717906e+03 1.805019261123717797e+03 2.201081704812556382e+03 2.063442697188356760e+03 2.227010146643597636e+03 2.125791498817282445e+03 2.140151649234881916e+03 2.116110894287988685e+03 2.886190828913504902e+03 2.008611138585159779e+03 2.163083173492193509e+03 2.004419033003918685e+03 2.151489909789336252e+03 1.934194061155147210e+03 3.024776281808209205e+03 2.595149019882788707e+03 2.529386020832799659e+03 1.961807787617755821e+03 3.041613922818183710e+03 1.706904820101906353e+03 2.628897217117479158e+03 2.104018907417572791e+03 2.608201648678581478e+03 2.162695352591215396e+03
2.335294117647058840e+02 1.765612925526245590e+03 1.912809202108024010e+03 1.651753440394850486e+03 1.639502574054439265e+03 1.607368680242767141e+03 1.660410471782014383e+03 1.887757686770704595e+03 1.727355171939490901e+03 2.402283438392476910e+03 2.391276470533433439e+03 1.558087076605178936e+03 2.383979254566334930e+03 2.341189067844153215e+03 2.511850604961797217e+03 2.515790173302636504e+03 2.170179468097384870e+03 2.109909325816304317e+03 2.381152242357476098e+03 2.382786467102001552e+03 2.235733284453053329e+03 1.540610605965984860e+03 1.531746931471023800e+03 1.553377834317940142e+03 1.593630080777291141e+03 1.539778830434570409e+03 2.003021982795575923e+03 2.224073313576757300e+03 2.379871919682746011e+03 2.470957633367539984e+03 1.645338904641893805e+03 1.691845396675566690e+03 2.127021829152195096e+03 2.146451900709369966e+03 2.016861923590497327e+03 1.665561475975366420e+03 1.638322364962370102e+03 1.666665454434581079e+03 1.681832793592745702e+03 2.301368243439780599e+03 1.830851795565273960e+03 1.686299486844316561e+03 2.593878289920844963e+03 2.286542969940723196e+03 1.820007706962532893e+03 1.868113358930789900e+03 1.879202685896134426e+03 1.697121300861982945e+03 1.947988630084314309e+03 1.982388762610897857e+03 1.923269351515568133e+03 1.707401259230312235e+03 2.092932457925582639e+03 1.915242440832095781e+03 2.069039333675323178e+03 1.982448993520151362e+03 1.991602830760460165e+03 1.978443241257324416e+03 2.730291489378215829e+03 1.880404510081344824e+03 2.020370090522880673e+03 1.874778518143219344e+03 2.045366450585878283e+03 1.818649549865103381e+03 2.796887529769369394e+03 2.420848912535038835e+03 2.364109372288468421e+03 1.816578699002906660e+03 2.813520125675229338e+03 1.594014486663626030e+03 2.472920929446516311e+03 1.995477307619955354e+03 2.423630682878159860e+03 2.037433727993207185e+03
2.341176470588235361e+02 1.634420323352313972e+03 1.788509395229642223e+03 1.532015681929097582e+03 1.521319649937060376e+03 1.498238935155967511e+03 1.543243617111074627e+03 1.763004646576224786e+03 1.612073015766872004e+03 2.235154634551340223e+03 2.225078654649590590e+03 1.453189033675198061e+03 2.218095882355562026e+03 2.179664477069085024e+03 2.351751560548268117e+03 2.355603097916801289e+03 2.034841688444725833e+03 1.977821209359090290e+03 2.216580796043042028e+03 2.217934478230826699e+03 2.065169415469235446e+03 1.433016193803672195e+03 1.424436792333905032e+03 1.445011449957104560e+03 1.470964342034884567e+03 1.434362638668622594e+03 1.855195714618948386e+03 2.039876988130947893e+03 2.231278489652931057e+03 2.312860718588887721e+03 1.522030271690005520e+03 1.592197794859321675e+03 1.997392211442267353e+03 1.988600858676520602e+03 1.869301189869292784e+03 1.534319352166477756e+03 1.525183343151787994e+03 1.533476646609963609e+03 1.564674003059104280e+03 2.115071806423990438e+03 1.712180542607781945e+03 1.570732560152588803e+03 2.387236699891304852e+03 2.110276953047204188e+03 1.675827305447406161e+03 1.739921863629703012e+03 1.736720253588727246e+03 1.597231391181358504e+03 1.841840498797818782e+03 1.847974779715716750e+03 1.793392986082878224e+03 1.607139648897196821e+03 1.981331010441195076e+03 1.768698462091160081e+03 1.912560412013914856e+03 1.839295675623071475e+03 1.843817348727488707e+03 1.840359299776635680e+03 2.569176793941459437e+03 1.751339636804903193e+03 1.877224240995371019e+03 1.745390821865647467e+03 1.936539637293273472e+03 1.702605119640861858e+03 2.572624902511524851e+03 2.246506953008062283e+03 2.197991866995303553e+03 1.673567746332474599e+03 2.588888658301836131e+03 1.481296612216976428e+03 2.314532202572104325e+03 1.884135989874255529e+03 2.242038875353267031e+03 1.909759497880088929e+03
2.347058823529411882e+02 1.505161419256558474e+03 1.664206242544337783e+03 1.413672864907083067e+03 1.404431097092695609e+03 1.389686189646161438e+03 1.427857214038898064e+03 1.638136369325404303e+03 1.496960607840731655e+03 2.068627538600901971e+03 2.059460752667067027e+03 1.349119400778206682e+03 2.052817206702596650e+03 2.018548982576344315e+03 2.190560294529624571e+03 2.194299801115870650e+03 1.898894075422198512e+03 1.845151918408890424e+03 2.052472315393332337e+03 2.053568643840869299e+03 1.897859850119723205e+03 1.326348702310868021e+03 1.318069581237141165e+03 1.337551561876406595e+03 1.350911489296409854e+03 1.329589499650027847e+03 1.709155820299633888e+03 1.862180958637482263e+03 2.081517466001824232e+03 2.153651255718518769e+03 1.400952043438132478e+03 1.491103388495529543e+03 1.866848199216915418e+03 1.832892983175716608e+03 1.723334900380688396e+03 1.406500878145224078e+03 1.412697619264295099e+03 1.403980623650092184e+03 1.448298563101782975e+03 1.934717193641984295e+03 1.593596840504001875e+03 1.455741881296944484e+03 2.185673200639536844e+03 1.937562132594101968e+03 1.535251980332462608e+03 1.612815248039813696e+03 1.596827634408749645e+03 1.495962388337825814e+03 1.734720736755951066e+03 1.714405925223987197e+03 1.664562506637654224e+03 1.505331676086756943e+03 1.867398830092615754e+03 1.625235056643936332e+03 1.759114273039025647e+03 1.697809104253739179e+03 1.698321349175018213e+03 1.703282259182396501e+03 2.404872498516603628e+03 1.622821808925942378e+03 1.735222573303621402e+03 1.617383017686626317e+03 1.825917789292543148e+03 1.586896529911638254e+03 2.354160142546701536e+03 2.074000926566694943e+03 2.032909968573862216e+03 1.534115087258330277e+03 2.369912833109177882e+03 1.369850521022777912e+03 2.155435875757200392e+03 1.771013197226493730e+03 2.064951755137504279e+03 1.781113717357397263e+03
2.352941176470588402e+02 1.379046087572581882e+03 1.541143332558781367e+03 1.297851444493098825e+03 1.289954663336936392e+03 1.282756317814275690e+03 1.315213825546646603e+03 1.514445328994937881e+03 1.383153785884913077e+03 1.904495813887898066e+03 1.896206838761756671e+03 1.246765266807614125e+03 1.889921218826534869e+03 1.859583864906911913e+03 2.030082981753576860e+03 2.033689459703711009e+03 1.763697762841209624e+03 1.713240025555157445e+03 1.890599264800511946e+03 1.891462852444316241e+03 1.735311088946859627e+03 1.221568269640811195e+03 1.213607532439187480e+03 1.231971085746068411e+03 1.234502988370220010e+03 1.226404966954695965e+03 1.566371843100443357e+03 1.692192300147497463e+03 1.932207771052368116e+03 1.995092525993709160e+03 1.283169084207711649e+03 1.389605675465160175e+03 1.736728153725370248e+03 1.680826556552691272e+03 1.580447663613953409e+03 1.283132877174917894e+03 1.301946696726020264e+03 1.279202581636714285e+03 1.333833431900359301e+03 1.761599630200814772e+03 1.476141650978377356e+03 1.342436089813886156e+03 1.990931636482649083e+03 1.769955325730861887e+03 1.399462394732622442e+03 1.487986306506804112e+03 1.460796263771524764e+03 1.394315530067397049e+03 1.627228076360623390e+03 1.582919284651932685e+03 1.537870299381382665e+03 1.403059174167839956e+03 1.752267834196289186e+03 1.486098298485612531e+03 1.610053288244238729e+03 1.559330465803100878e+03 1.556473089460867186e+03 1.568529696995447239e+03 2.239343787824129322e+03 1.496149344788638018e+03 1.595795007936428647e+03 1.491816864188821455e+03 1.714445457266475842e+03 1.472383626447765664e+03 2.143348717028768078e+03 1.905024892583873907e+03 1.870568114065994450e+03 1.399377607544712419e+03 2.158470568145252400e+03 1.260685046672569570e+03 1.997262876889921245e+03 1.657158401396436602e+03 1.893688317192246814e+03 1.652873597208310684e+03
2.358823529411764639e+02 1.257130389516264586e+03 1.420458410735018333e+03 1.185546533504881381e+03 1.178879981446740885e+03 1.178397981563536177e+03 1.206164210898046349e+03 1.393112890378978136e+03 1.271693712844373522e+03 1.744350108067043038e+03 1.736899789111324480e+03 1.146942013157176461e+03 1.730984870825732514e+03 1.704319338024510898e+03 1.871966071494439120e+03 1.875421706576064480e+03 1.630519901135721511e+03 1.583330039310719485e+03 1.732537456452229208e+03 1.733193568271930644e+03 1.578812615706606266e+03 1.119550094909637437e+03 1.111926084871181956e+03 1.129156401366740965e+03 1.122617208497659703e+03 1.125682246572464464e+03 1.428116464196549714e+03 1.530870649487375431e+03 1.784844404012281302e+03 1.838807527079371766e+03 1.169599860140224564e+03 1.288712477144740888e+03 1.608273210934992221e+03 1.533701240419411988e+03 1.441930507207921210e+03 1.165070609940547911e+03 1.193911227630530448e+03 1.159990272744700405e+03 1.222293625165685398e+03 1.596764719000526384e+03 1.360803956723282681e+03 1.231822479177473269e+03 1.804461815577967172e+03 1.608776319798112809e+03 1.269443145051760666e+03 1.366490060075444262e+03 1.329717635479953742e+03 1.293272080431894437e+03 1.520049227130891722e+03 1.454633503647239422e+03 1.414319410856858440e+03 1.301356565230625620e+03 1.637044636301798164e+03 1.352345695833132368e+03 1.466529500272124324e+03 1.425042527434198519e+03 1.419446652386547839e+03 1.437286241740868718e+03 2.074445520829576708e+03 1.372488740280297179e+03 1.460203470219189967e+03 1.369660413897900298e+03 1.603066005019876457e+03 1.359911283421859707e+03 1.941723695921724129e+03 1.741064999855811038e+03 1.712473360581045881e+03 1.270321906839584244e+03 1.956117487584842820e+03 1.154700867673699577e+03 1.841529158842294919e+03 1.543611965114420173e+03 1.729353500368784808e+03 1.526320281673752106e+03
2.364705882352941160e+02 1.140306448764239803e+03 1.303165473116458998e+03 1.077609770855611032e+03 1.072056296767041658e+03 1.077447862771295377e+03 1.101439314687523847e+03 1.275189158759641714e+03 1.163507112891824363e+03 1.589561584405523490e+03 1.582904708035787507e+03 1.050377258412458332e+03 1.577367662344450082e+03 1.554097387669655291e+03 1.717672617219439871e+03 1.720962862083051277e+03 1.500509198639744227e+03 1.456548862700756899e+03 1.579649001025236203e+03 1.580122887822043140e+03 1.429429810019413253e+03 1.021065568498236644e+03 1.013795388049276653e+03 1.029888542991039230e+03 1.015974671250161350e+03 1.028200759670336311e+03 1.295457253203779828e+03 1.378938029912301317e+03 1.640771661252637159e+03 1.686250045367166877e+03 1.061010120074702172e+03 1.189368042802296713e+03 1.482606820157326865e+03 1.392608707642932814e+03 1.308871436610568480e+03 1.052998406015727596e+03 1.089452984475552284e+03 1.047015744149632837e+03 1.114565335122965280e+03 1.441015790654406374e+03 1.248492552680183962e+03 1.124788237285021523e+03 1.627421109004633536e+03 1.455103671390159434e+03 1.145982899523461583e+03 1.249234293026389196e+03 1.204496905116764538e+03 1.193762818464381780e+03 1.413913773301253741e+03 1.330530800365823552e+03 1.294801298651857905e+03 1.201185328653863962e+03 1.522781740360234608e+03 1.224843365658812218e+03 1.329490793105595003e+03 1.295956320265557451e+03 1.288223817996054777e+03 1.310585106760223653e+03 1.911883052260720433e+03 1.252857849977253181e+03 1.329529297389607791e+03 1.251767618057187747e+03 1.492690785280946102e+03 1.250277801561843262e+03 1.750500019838097160e+03 1.583385363792877342e+03 1.559919719398554435e+03 1.147724420733518627e+03 1.764090565936706753e+03 1.052679073253996876e+03 1.689604286880539803e+03 1.431372379990194077e+03 1.572838523494928950e+03 1.402614569357301662e+03
2.370588235294117680e+02 1.029299148712118722e+03 1.190143507305609091e+03 9.747437729046574759e+02 9.701865476928444423e+02 9.806221114172660691e+02 1.001647652306219584e+03 1.161579935928700934e+03 1.059393400815158429e+03 1.441274110194354307e+03 1.435360964713387830e+03 9.577005203903055417e+02 1.430203816372303891e+03 1.410042950044022064e+03 1.568466962911381643e+03 1.571580545955864636e+03 1.374679362512217494e+03 1.333889779915571353e+03 1.433073862000778036e+03 1.433390183275084155e+03 1.288005021038902214e+03 9.267703311787886378e+02 9.198687442175418028e+02 9.348312700592524607e+02 9.151392542497405884e+02 9.346318548596764231e+02 1.169255576780340334e+03 1.236894633366523749e+03 1.501164670752602888e+03 1.538685023176362165e+03 9.580122863338673369e+02 1.092431925528077045e+03 1.360721031657512640e+03 1.258430998882544600e+03 1.182153321432935400e+03 9.474355189319696819e+02 9.893036624668541208e+02 9.407822783741149806e+02 1.011396031626191757e+03 1.294927448610884085e+03 1.140015381752007443e+03 1.022088727116820905e+03 1.460684232948314047e+03 1.309778482399260838e+03 1.029680581361330042e+03 1.136975867518555333e+03 1.085853296332335503e+03 1.096644296993936450e+03 1.309556456654362137e+03 1.211445980687773726e+03 1.180081140321025487e+03 1.103414728751710072e+03 1.410455030945788394e+03 1.104269600821496397e+03 1.199683692615762766e+03 1.172905252339195840e+03 1.163593141774164224e+03 1.189297390433904638e+03 1.753182985919637304e+03 1.138116200644421497e+03 1.204667735831676737e+03 1.138865240137472483e+03 1.384174676985732731e+03 1.144210364399500577e+03 1.570587268928061803e+03 1.433022837679128543e+03 1.413981114758116519e+03 1.032177313343993092e+03 1.583320321668630868e+03 9.552754753312776757e+02 1.542689184812929398e+03 1.321370484194157143e+03 1.424827698831733869e+03 1.282780073429746380e+03
2.376470588235294201e+02 9.246689117332443857e+02 1.082131680812836976e+03 8.775025807258704162e+02 8.738274818699067055e+02 8.885134871892774981e+02 9.072774158430634088e+02 1.053040348353289573e+03 9.600180679181898995e+02 1.300404197508589959e+03 1.295182080707900468e+03 8.694382992834420065e+02 1.290402240791412396e+03 1.273062882077457743e+03 1.425407533611341250e+03 1.428336336251806642e+03 1.253899748085429565e+03 1.216203716146436591e+03 1.293729208348675684e+03 1.293911504184252408e+03 1.155165939502779565e+03 8.371986320162511674e+02 8.306772369877667188e+02 8.445254398424187912e+02 8.205244548382501080e+02 8.455309776320895025e+02 1.050171803646326453e+03 1.105039341101947684e+03 1.367019092172246701e+03 1.397177794470287608e+03 8.610700964809823290e+02 9.986641829794647265e+02 1.243469198312609933e+03 1.131845634657714527e+03 1.062458233928148957e+03 8.487465173651970645e+02 8.940599971838388456e+02 8.416358677739370933e+02 9.133908370923788880e+02 1.158864205135776956e+03 1.036065865778044781e+03 9.243422157505902987e+02 1.304860387058191236e+03 1.173414997799222419e+03 9.209565640644622135e+02 1.030322280914061139e+03 9.743266285798208628e+02 1.002681895317134376e+03 1.207686709522140063e+03 1.098062033079511821e+03 1.070790069357861739e+03 1.008808447866526421e+03 1.300947700079243532e+03 9.911238852978632394e+02 1.077662024600117775e+03 1.056546063495492490e+03 1.046155305530372516e+03 1.074128653073777286e+03 1.599673888859303588e+03 1.028962063754589053e+03 1.086329134502489296e+03 1.031546418638368777e+03 1.278297584584654032e+03 1.042347370770379030e+03 1.402609829823338487e+03 1.290789725106721562e+03 1.275512091982979655e+03 9.240993144654878506e+02 1.414450502734079919e+03 8.630200575797127840e+02 1.401802725178957644e+03 1.214450565819513486e+03 1.285810762997769416e+03 1.167693455052833770e+03
2.382352941176470722e+02 8.268194541343871151e+02 9.797299666016480160e+02 7.862969290646115041e+02 7.833945372084577912e+02 8.015932343339554791e+02 8.187025407938833723e+02 9.501743813976740967e+02 8.659116722395935994e+02 1.167647839451638220e+03 1.163062274554370333e+03 7.860136648708145231e+02 1.158653199364738839e+03 1.143851555343077735e+03 1.289346589147925897e+03 1.292085555061230707e+03 1.138892568069920117e+03 1.104196749459918692e+03 1.162315406708949013e+03 1.162385740699411372e+03 1.031339585249614402e+03 7.527629463355831376e+02 7.466296536031097730e+02 7.593887216155561646e+02 7.324036275558796660e+02 7.613352974299393736e+02 9.386757461997570999e+02 9.834935044040121284e+02 1.239147774438212991e+03 1.262591007506336609e+03 7.705072743464263567e+02 9.087165374708667969e+02 1.131564167071222755e+03 1.013336349990945109e+03 9.502770684459704853e+02 7.571550425560933490e+02 8.041842914178478168e+02 7.497800095371771931e+02 8.210142914051001526e+02 1.033002697184674389e+03 9.372156069602242496e+02 8.320300262194754168e+02 1.160315727345429877e+03 1.046416642119234211e+03 8.200679372604597575e+02 9.297373943276448927e+02 8.702886582073679165e+02 9.125389626304939839e+02 1.108965023115350959e+03 9.909114418669732913e+02 9.674235033238193182e+02 9.180166882938268600e+02 1.195039758932311770e+03 8.857402806791112653e+02 9.638001279159632304e+02 9.473654403112665250e+02 9.363336354707184910e+02 9.656214939599811942e+02 1.452475921260510404e+03 9.259350089357668594e+02 9.750455487600074775e+02 9.302700362040360460e+02 1.175751664704894893e+03 9.452269044610969786e+02 1.246932453317139334e+03 1.157283153161180735e+03 1.145155027439306423e+03 8.237504850146526678e+02 1.257863309162829182e+03 7.763208674874081225e+02 1.267776129018907795e+03 1.111357715499370897e+03 1.156099438329339137e+03 1.058080966988444743e+03
2.388235294117646959e+02 7.360096001225884947e+02 8.834043956079136706e+02 7.014035553006814325e+02 6.991707743035103704e+02 7.202170695785362113e+02 7.361919804345252487e+02 8.534393237805247736e+02 7.774733971921742750e+02 1.043492802832974576e+03 1.039488660602826485e+03 7.077497754008433049e+02 1.035440451614110316e+03 1.022901967966463758e+03 1.160936191152822403e+03 1.163483088903255748e+03 1.030235594136112468e+03 9.984331054783926902e+02 1.039327679383735358e+03 1.039306328247251486e+03 9.167707437418800964e+02 6.737580502371441753e+02 6.680167846969493439e+02 6.797197485667447836e+02 6.509232493277766025e+02 6.823660586948174114e+02 8.350611995837635959e+02 8.722267983643715752e+02 1.118183514473066452e+03 1.135588404362309575e+03 6.865194606612278676e+02 8.231286120073845041e+02 1.025581317411056943e+03 9.032082160796203425e+02 8.459235265640544412e+02 6.727600870260496322e+02 7.200093914064478895e+02 6.652928803802358289e+02 7.345965774104143975e+02 9.173563669670485297e+02 8.439124591397419408e+02 7.455013512221740939e+02 1.027199823649717246e+03 9.289961179640018827e+02 7.271264813793233088e+02 8.355508068574083609e+02 7.739581449352704112e+02 8.267715778905297839e+02 1.013985713319999604e+03 8.903821223021575406e+02 8.703444340911206609e+02 8.315731556547552827e+02 1.093402810193820869e+03 7.883040367227267780e+02 8.583097118805335413e+02 8.456912047204585861e+02 8.343886476206275802e+02 8.641632270982889850e+02 1.312498395663336396e+03 8.294231942529003163e+02 8.711819360222372097e+02 8.353648236198913537e+02 1.077133403996400375e+03 8.532808261655661681e+02 1.103689712664789113e+03 1.032899684198561999e+03 1.023352779619879016e+03 7.312496895086183031e+02 1.113708623573192199e+03 6.954715220566242806e+02 1.141254326240547925e+03 1.012730721310069157e+03 1.035846933257674436e+03 9.545205779476224279e+02
2.394117647058823479e+02 6.523681118379713553e+02 7.934962199069971120e+02 6.229775974555259381e+02 6.213189082750564012e+02 6.446344185155728610e+02 6.599214245886361141e+02 7.631543729228302482e+02 6.949785470794104185e+02 9.282352883831940744e+02 9.247577556072485550e+02 6.348765937600028337e+02 9.210578190737019213e+02 9.105212729618524463e+02 1.040639131082510858e+03 1.042994299893926154e+03 9.283694578488384650e+02 8.993426392807893990e+02 9.250720845193161495e+02 9.249773106112774030e+02 8.115434692710452964e+02 6.003686228013862092e+02 5.950192193359023349e+02 6.057058171259119490e+02 5.761183423371584240e+02 6.088346794528898727e+02 7.394635246321936393e+02 7.710840999572867531e+02 1.004587001807548745e+03 1.016644169355969893e+03 6.091885148840152624e+02 7.423287931116362870e+02 9.259656242126410461e+02 8.016061088043423979e+02 7.495511680241078238e+02 5.955538929725414619e+02 6.417472587201474425e+02 5.881460757219476818e+02 6.543432512941616324e+02 8.118014583786492722e+02 7.564833871368433620e+02 6.649817098104409752e+02 9.054747566875013263e+02 8.211983089288341944e+02 6.421186244752492485e+02 7.479699064257390546e+02 6.854186753930941904e+02 7.458281578780716927e+02 9.232656177898670649e+02 7.967272913461260941e+02 7.797908321529705518e+02 7.498962830881496302e+02 9.965993567660250392e+02 6.988705294247095026e+02 7.612591259104020764e+02 7.517070274609994840e+02 7.404355789972602224e+02 7.699976201846956201e+02 1.180444409555582752e+03 7.396744217826257000e+02 7.749508258620683137e+02 7.470374577307569552e+02 9.829403014190955901e+02 7.668335711204522340e+02 9.728180236590144432e+02 9.178541037719683118e+02 9.103652974588544566e+02 6.465940140013259452e+02 9.819358085674384711e+02 6.206616482267659194e+02 1.022703116589860088e+03 9.191000380131220027e+02 9.250696395218217276e+02 8.574486831810843341e+02
2.400000000000000000e+02 5.759106744560955349e+02 7.102340575674830916e+02 5.510672303259166256e+02 5.498955981339452137e+02 5.750001668043670406e+02 5.899868034367060545e+02 6.795124604132457762e+02 6.185890406521543810e+02 8.219999199604936848e+02 8.189952489558389743e+02 5.675401332366394627e+02 8.156289019154531843e+02 8.068495282977991110e+02 9.287438985885472675e+02 9.309099819542469731e+02 8.336088333555625240e+02 8.072320196309868834e+02 8.196847897689898446e+02 8.195327436117024718e+02 7.156046888377230744e+02 5.326795473401048184e+02 5.277178039630555304e+02 5.374332994075106171e+02 5.079292515169090620e+02 5.408517888971294951e+02 6.518793090970996218e+02 6.798124097130703376e+02 8.986587501183637414e+02 9.060567407615969842e+02 5.384984205769936807e+02 6.666388655683163051e+02 8.330420411321580332e+02 7.085353845252236624e+02 6.611727389612135539e+02 5.254407525039289339e+02 5.695002797432709940e+02 5.182241210141055490e+02 5.803476496208335220e+02 7.161033497138794246e+02 6.751410701423149021e+02 5.905842381574570936e+02 7.949454724337102789e+02 7.229249519945660722e+02 5.649264234389714829e+02 6.670939842871091514e+02 6.046382734045145071e+02 6.700532551962147636e+02 8.372379042706141945e+02 7.100782199504433265e+02 6.958862388470756741e+02 6.732940295100898993e+02 9.050860018386863430e+02 6.173855923809535398e+02 6.725942736283344630e+02 6.654697038003432681e+02 6.544639172108933280e+02 6.832396545515167645e+02 1.056821145505881759e+03 6.568099796103871313e+02 6.864295379694273151e+02 6.653835786967595141e+02 8.935712616032614051e+02 6.861050424230187446e+02 8.540887013149375662e+02 8.122009901028039849e+02 8.062894465590962909e+02 5.696792222050929695e+02 8.623268070718639819e+02 5.519895201528298685e+02 9.124210497492686045e+02 8.308900083065175295e+02 8.236696974427222813e+02 7.671707503269763038e+02
2.405882352941176521e+02 5.065581724523331673e+02 6.337482814372634721e+02 4.856297648908897600e+02 4.848672334697357655e+02 5.113882273749377418e+02 5.264189448960129312e+02 6.025944748117962035e+02 5.483661517175198696e+02 7.247617971740838811e+02 7.221779124636130973e+02 5.058135903946560461e+02 7.191289804479890790e+02 7.118807466173552712e+02 8.253826193007698748e+02 8.273642584219498985e+02 7.461563138082608475e+02 7.222986356810671396e+02 7.231535857594998333e+02 7.229582151245660953e+02 6.287887694206336846e+02 4.706881171548306497e+02 4.661059735189561479e+02 4.748999662412282419e+02 4.462190668500301172e+02 4.784384104679274969e+02 5.721871822872435587e+02 5.980871125502553696e+02 8.005542258553036845e+02 8.039661037995056176e+02 4.743520773174195710e+02 5.962817685725456158e+02 7.470283693685195203e+02 6.238838654293496120e+02 5.806807392459605808e+02 4.622560564413469137e+02 5.032745111041134010e+02 4.553441262929199524e+02 5.126051448280437626e+02 6.299425200582339812e+02 5.999935319496416923e+02 5.223229907686608158e+02 6.952903908894468259e+02 6.339600116119451059e+02 4.953488176417441196e+02 5.929296840771608004e+02 5.314899612303757976e+02 5.996947678816186453e+02 7.562504974540502189e+02 6.304591002620128393e+02 6.186526410575830823e+02 6.019715908766418124e+02 8.192199082067506879e+02 5.437064639462329296e+02 5.921602707762467617e+02 5.869280683631227475e+02 5.763580348670903959e+02 6.038924190664563412e+02 9.419549324300892295e+02 5.808404645184551782e+02 6.055790556387410106e+02 5.904009941093014504e+02 8.093301800099328602e+02 6.112167533699810065e+02 7.471411576980535756e+02 7.158581567522410296e+02 7.110806234210801904e+02 5.003205423174043176e+02 7.545292614327939873e+02 4.894762223150189584e+02 8.105549854063043540e+02 7.484246496656819545e+02 7.314580061770440125e+02 6.838748483327634631e+02
2.411764705882353041e+02 4.441555418364280854e+02 5.640869114089945242e+02 4.265484923154882040e+02 4.261265167102999953e+02 4.538062677393471063e+02 4.691988335296756532e+02 5.323851089936672452e+02 4.842847653143041953e+02 6.363697424870788382e+02 6.341566829424730258e+02 4.497097738108848830e+02 6.314080466518478261e+02 6.254851461413070410e+02 7.305509471080627009e+02 7.323544789968390205e+02 6.661183881670094706e+02 6.446464739627053859e+02 6.353405684621809542e+02 6.351136202029603055e+02 5.508422556365439959e+02 4.143174632133166710e+02 4.101032645560418928e+02 4.180285291889404675e+02 3.907911241550020804e+02 4.215385607572921458e+02 5.001689850531580532e+02 5.255369718045433274e+02 7.103010144746194783e+02 7.103732881302804572e+02 4.165883950228045478e+02 5.313917616610102641e+02 6.680500010707825140e+02 5.474442530713567976e+02 5.078684499403477162e+02 4.057850693608961024e+02 4.429941389922973940e+02 3.992750528588413204e+02 4.510285227695121080e+02 5.529394544353925767e+02 5.310559847913585827e+02 4.601275179368194017e+02 6.060913779821636354e+02 5.539949462128753339e+02 4.331225755536264046e+02 5.254072066242961228e+02 4.657725614801914276e+02 5.349138359245166612e+02 6.805683451607460484e+02 5.578032488501962689e+02 5.480248551108682022e+02 5.360413565619342080e+02 7.392678576555630343e+02 4.776226953635184600e+02 5.197231498956286941e+02 5.159427220715651856e+02 5.059181626710378623e+02 5.318652796027706700e+02 8.360096885071048973e+02 5.116827898711970306e+02 5.322637529422487432e+02 5.220042527597129265e+02 7.304321436161033034e+02 5.422004933520747727e+02 6.515151420903177950e+02 6.286308686761697118e+02 6.245754811297657625e+02 4.382731861351587099e+02 6.580888625546770072e+02 4.330807248532843232e+02 7.171181800399947406e+02 6.719363606659616153e+02 6.481767693867772095e+02 6.076473659906666853e+02
2.417647058823529278e+02 3.884905661963542798e+02 5.012323495420542372e+02 3.736497101580084745e+02 3.735092460677381609e+02 4.022110186784616985e+02 4.182729729827037204e+02 4.687896271301771662e+02 4.262485162775141134e+02 5.565698482825463316e+02 5.546800535629131446e+02 3.991943041805458847e+02 5.522141465079221234e+02 5.474318375641344119e+02 6.441291148133102524e+02 6.457622638522963143e+02 5.935226603292860545e+02 5.743032074786633530e+02 5.560052284395093238e+02 5.557562824983826886e+02 4.814480694528805884e+02 3.634305874813737773e+02 3.595694007924051334e+02 3.666807826341693044e+02 3.414061048942473349e+02 3.700326529900722221e+02 4.355306392703795382e+02 4.617674176222726032e+02 6.278173753308669802e+02 6.251613212139164943e+02 3.649991752184340612e+02 4.720263572137583878e+02 5.961558427266146509e+02 4.789362861297335598e+02 4.424507470518821606e+02 3.557810131594475820e+02 3.885165256660559976e+02 3.497561785653516040e+02 3.954638401115033162e+02 4.846780457243043543e+02 4.682641602198716555e+02 4.038580695678062398e+02 5.268623344557556720e+02 4.826531920201066441e+02 3.779424145401767987e+02 4.643967443671595561e+02 4.072311643435992323e+02 4.757967172064774672e+02 6.103788632607677300e+02 4.919699620350592113e+02 4.838657284340206957e+02 4.755344964113645005e+02 6.654172899270488415e+02 4.188764601762196662e+02 4.549910439691613533e+02 4.523059121174284201e+02 4.428810585791363224e+02 4.669926048552891302e+02 7.390078478529298991e+02 4.491777082316099268e+02 4.662712910767786525e+02 4.600399456121031108e+02 6.570116094625898313e+02 4.790088247002834692e+02 5.666813771712644439e+02 5.502360868073676556e+02 5.465148261093254405e+02 3.832521244122557960e+02 5.724800960501540885e+02 3.827153233331741262e+02 6.320100395143670085e+02 6.015768567986273183e+02 5.735211745186034022e+02 5.384901035175647621e+02
2.423529411764705799e+02 3.393120985243653536e+02 4.451183829352361840e+02 3.267193954431295424e+02 3.268108247855137165e+02 3.565236674251765976e+02 3.735684519149239122e+02 4.116509463971777905e+02 3.741052282241911939e+02 4.850285965791204035e+02 4.834170616114498671e+02 3.541991230884452193e+02 4.812163193350238544e+02 4.774112141642110032e+02 5.659033149848899029e+02 5.673748924133906257e+02 5.283356458194001561e+02 5.112378190181707964e+02 4.848271787674768234e+02 4.845637203428705675e+02 4.202486036741390762e+02 3.178444879202524476e+02 3.143184579089113981e+02 3.206718483421939254e+02 2.977983704911387122e+02 3.237511650438976289e+02 3.779221712233151038e+02 4.063818309325216092e+02 5.529313374268451753e+02 5.481166936713208315e+02 3.193453921754468183e+02 4.181794203276658095e+02 5.313348461502044984e+02 4.180280622454819763e+02 3.840841438058955077e+02 3.119821461037018366e+02 3.396473140006741573e+02 3.065144535871830271e+02 3.457062541827123141e+02 4.247271622900559578e+02 4.114885190703832905e+02 3.533209000862058815e+02 4.570758835119115133e+02 4.195133359261688497e+02 3.294799459648205584e+02 4.097247204383766643e+02 3.555767693750394756e+02 4.223680099491236319e+02 5.457998969536747609e+02 4.327614633072105903e+02 4.259815800107572272e+02 4.204136030148773671e+02 5.977887508551963265e+02 3.671818508200438487e+02 3.976343948087697413e+02 3.957609623919038881e+02 3.869398524227949565e+02 4.090524231171783072e+02 6.508527195098560014e+02 3.931072686402364411e+02 4.073321103553145690e+02 4.043021480059703094e+02 5.891320702394382351e+02 4.215267776303055030e+02 4.920700226792337162e+02 4.803260384470036684e+02 4.765660511202996759e+02 3.349507523928629098e+02 4.971348589688886364e+02 3.382609879705591993e+02 5.550366556566796135e+02 5.374296971273452073e+02 5.071597904814339017e+02 4.763380852796321960e+02
2.429411764705882320e+02 2.963473245996025867e+02 3.956469527502852657e+02 2.855191720390586170e+02 2.858020701958163272e+02 3.166449054366812561e+02 3.350073481631979462e+02 3.607665213267732724e+02 3.276622047139222786e+02 4.213550015760480392e+02 4.199792938630101276e+02 3.146359060369524627e+02 4.180265578779924454e+02 4.150564737984259409e+02 4.955867973434658325e+02 4.969064216875739248e+02 4.704805733171709221e+02 4.553782013387572647e+02 4.214279741731452873e+02 4.211554838173338453e+02 3.668673023336947381e+02 2.773439752677144270e+02 2.741326802686210726e+02 2.797840831225840930e+02 2.596912655752670389e+02 2.824881353968665394e+02 3.269564933763511476e+02 3.590006286378067557e+02 4.853997466149234015e+02 4.789506779579669455e+02 2.793725522874692615e+02 3.697948894622445550e+02 4.735326546074467160e+02 3.643560912383840105e+02 3.323856261674702068e+02 2.741276000171463920e+02 2.961551683815827118e+02 2.692805281203449681e+02 3.015153773279192819e+02 3.726601653825580911e+02 3.605487621981057487e+02 3.082832231682633619e+02 3.961877901261248667e+02 3.641306074808090898e+02 2.874011683085778941e+02 3.611894802514776757e+02 3.105047726382020983e+02 3.746046115174251554e+02 4.868895745231203023e+02 3.799394697395319440e+02 3.741373837525116528e+02 3.705859066529408778e+02 5.364492198439219237e+02 3.222428353684469471e+02 3.473048494717672270e+02 3.460208120572370376e+02 3.377626830362694363e+02 3.577845034058800024e+02 5.713514402111728714e+02 3.432117597664993696e+02 3.551380530818636885e+02 3.545475589017430025e+02 5.267967189438709283e+02 3.695841945777263504e+02 4.270965815145174815e+02 4.185106004627947982e+02 4.143445813012398276e+02 2.930581846698826212e+02 4.314685463102360359e+02 2.995822136202683055e+02 4.859313943506334681e+02 4.795238554989049931e+02 4.487534091690246214e+02 4.210774958952149518e+02
2.435294117647058840e+02 2.593177421022564317e+02 3.527042795313307124e+02 2.498012358695660566e+02 2.502440482367467780e+02 2.824692733592914351e+02 3.025201999432678122e+02 3.159046106577141586e+02 2.867009857526327323e+02 3.651213113351526545e+02 3.639414829509043443e+02 2.804090502923885424e+02 3.622203481121563868e+02 3.599638368439081546e+02 4.328401529633480322e+02 4.340179891288518093e+02 4.198546795311422102e+02 4.066282204500320177e+02 3.653915695034445434e+02 3.651136255360069072e+02 3.209284389384729366e+02 2.416948549013734180e+02 2.387756563531667666e+02 2.437803611072274634e+02 2.268112255711738783e+02 2.460141515158426841e+02 2.822266428902046300e+02 3.192780457345411378e+02 4.249267440908087110e+02 4.173199127102609509e+02 2.448249158353338828e+02 3.267806791528723238e+02 4.226678919304297892e+02 3.175437506939239825e+02 2.869500103686336274e+02 2.419718529470133603e+02 2.577858038157853571e+02 2.378033189385698734e+02 2.626298340392786486e+02 3.280722780835207004e+02 3.152282071900414735e+02 2.684874787782948715e+02 3.436588857293770047e+02 3.160564312632383803e+02 2.513823643980458087e+02 3.185761578643940197e+02 2.717120430903390229e+02 3.324499179876304424e+02 4.336574759884787227e+02 3.332410026373566438e+02 3.280713392966708852e+02 3.259166096876529650e+02 4.814258431629259576e+02 2.837696479985419842e+02 3.036526095059161889e+02 3.027853122931473422e+02 2.950098329601220826e+02 3.129074766342690168e+02 5.002378006259088465e+02 2.992057642205147090e+02 3.093597891634074131e+02 3.105099562542634999e+02 4.699597045220461382e+02 3.229682492523088513e+02 3.711850479622212902e+02 3.643781011718017453e+02 3.594339173796815885e+02 2.572750088508233830e+02 3.749033845392566491e+02 2.665410516644608379e+02 4.243749709056415327e+02 4.278477913935957417e+02 3.979721550721853305e+02 3.725632184983836623e+02
2.441176470588235361e+02 2.279536563991700859e+02 3.161759919357376134e+02 2.193220397146858147e+02 2.199016958312754468e+02 2.538985224059165091e+02 2.760582981946262180e+02 2.768196136152606641e+02 2.509912789101476278e+02 3.158819837076181898e+02 3.148603837456928431e+02 2.514279613664900239e+02 3.133555078160496805e+02 3.117111453309042304e+02 3.772904005187892835e+02 3.783369218518169532e+02 3.763455836498733333e+02 3.648838510618272721e+02 3.162831063651921113e+02 3.160014924728859000e+02 2.820748947620870695e+02 2.106562426729967683e+02 2.080046053591585746e+02 2.124164686159543010e+02 1.989005620788730937e+02 2.140885670497217177e+02 2.433213151981381088e+02 2.869165907123355623e+02 3.711812944489423671e+02 3.628458232120981961e+02 2.154584362394593597e+02 2.890223491009423356e+02 3.786477489872371507e+02 2.772179594550096340e+02 2.473655987279227588e+02 2.152977265380274616e+02 2.242750869633834725e+02 2.118630322718824175e+02 2.287807924716115906e+02 2.905957742223573064e+02 2.752876467789437243e+02 2.336646575919177167e+02 2.989743958373907731e+02 2.748559231781753169e+02 2.211243043595229381e+02 2.816705188025027837e+02 2.389124274708809423e+02 2.958278040828085409e+02 3.860765881870507314e+02 2.923931688314384587e+02 2.875085393459356169e+02 2.862420030366698143e+02 4.327196596106330162e+02 2.514934776660427076e+02 2.663421055695391146e+02 2.657570261440213812e+02 2.583491920394191652e+02 2.741346859130930511e+02 4.371943296722303671e+02 2.607930736618428114e+02 2.696627904344953208e+02 2.719137215897633268e+02 4.185376186597559922e+02 2.814357631064009411e+02 3.237881764168250243e+02 3.175142680366326999e+02 3.114040246883296277e+02 2.273274004390510470e+02 3.268889023267802258e+02 2.390100813133229849e+02 3.700145127690502704e+02 3.823635845476662780e+02 3.545107616188223574e+02 3.306355772676911897e+02
2.447058823529411882e+02 2.020070662466876286e+02 2.859610000582139264e+02 1.938546007989017141e+02 1.945560901248127834e+02 2.308537606066818171e+02 2.556046060587003694e+02 2.432662235488775480e+02 2.203038453639240117e+02 2.731907403122659161e+02 2.722917440994046387e+02 2.276184172349792902e+02 2.709891114670472234e+02 2.698746556358401563e+02 3.285485859913391096e+02 3.294743711034156490e+02 3.398464069838876185e+02 3.300480384585029014e+02 2.736658503576913404e+02 2.733806544187493728e+02 2.499838516955166767e+02 1.839918566854693438e+02 1.815816322787971728e+02 1.854524725825024234e+02 1.757289112459205001e+02 1.864707850584214555e+02 2.098385971947960229e+02 2.616791817841984198e+02 3.238134713122595940e+02 3.151325611480341991e+02 1.910523181815771068e+02 2.563962297351112056e+02 3.413825373674600883e+02 2.430239344440610978e+02 2.132280683368933012e+02 1.939278866838263866e+02 1.953610141916510372e+02 1.912826121038069402e+02 1.997042986039576249e+02 2.599130169955640213e+02 2.404784146335141770e+02 2.035465189810457787e+02 2.616606757570663149e+02 2.401232603279493105e+02 1.963647298131326693e+02 2.502716341537939968e+02 2.118505997517284527e+02 2.646560187492679006e+02 3.440955963877030968e+02 2.571267287064356992e+02 2.521735451050650738e+02 2.513820686314068666e+02 3.903189493574940911e+02 2.251793558129741371e+02 2.350659040854500006e+02 2.346553683723180939e+02 2.274699476687373192e+02 2.411885768283284222e+02 3.818731905591716895e+02 2.276802866300113521e+02 2.357216924155586071e+02 2.384862351681235282e+02 3.724209155630476857e+02 2.447250114617658312e+02 2.844048831494210390e+02 2.775191864816348470e+02 2.698278938464387693e+02 2.029795588426009374e+02 2.869195246179461378e+02 2.168841011933322989e+02 3.224812891058552964e+02 3.430207296599884899e+02 3.181019791053438439e+02 2.951359413322503542e+02
2.452941176470588402e+02 1.812628365666007539e+02 2.619838787709614394e+02 1.731993282438793358e+02 1.740152644101152077e+02 2.132862021798576677e+02 2.411831665615444535e+02 2.150122408894796422e+02 1.944221969364556628e+02 2.366156086690371012e+02 2.358052805054738030e+02 2.089328203904734664e+02 2.346924241588175732e+02 2.340438993890690256e+02 2.862257072266082218e+02 2.870412570331160964e+02 3.102693665346128569e+02 3.020440236420432143e+02 2.371161512650877796e+02 2.368258610028902638e+02 2.243803509941414802e+02 1.614801838398804534e+02 1.592838524822422244e+02 1.626629523977737790e+02 1.571033137919972091e+02 1.629304782438339601e+02 1.813978960441305617e+02 2.433990185374687769e+02 2.824692984123840915e+02 2.737832423449330577e+02 1.714191538910221198e+02 2.287817316242291099e+02 3.107989486799153269e+02 2.146379932272372173e+02 1.841525447111918652e+02 1.777348264187476445e+02 1.707944986106793408e+02 1.759376244578442652e+02 1.751523240690282250e+02 2.357673995052679459e+02 2.105544534474201441e+02 1.778765897212941240e+02 2.312993979128902993e+02 2.114949598236812847e+02 1.768891454617697718e+02 2.242032779557422373e+02 1.903142165525485154e+02 2.388586773607583211e+02 3.076510948343466225e+02 2.271882975080646077e+02 2.218017307196699903e+02 2.211523416023031530e+02 3.542118927803768429e+02 2.046372237954226705e+02 2.095568568355578805e+02 2.092289942311559798e+02 2.020944530101324972e+02 2.138134811833739377e+02 3.339155085776377518e+02 1.995889771934114378e+02 2.072329753230928873e+02 2.099690166667802202e+02 3.314849987091394610e+02 2.125667956196647026e+02 2.525948460363986499e+02 2.440221542129774832e+02 2.342961885901522407e+02 1.840444690960399896e+02 2.545493637290234119e+02 2.000903968787226290e+02 2.814068366657563161e+02 3.097692290949291873e+02 2.885280981183232711e+02 2.659209131359973526e+02
2.458823529411764639e+02 1.655481738077293983e+02 2.442056313699392831e+02 1.571933495067204660e+02 1.581235577441887301e+02 2.011864056197074717e+02 2.328668572620876205e+02 1.918499439914783125e+02 1.731530318308536494e+02 2.057519621434704220e+02 2.049976643522608128e+02 1.953592220861107478e+02 2.040638578789603343e+02 2.038346328470796323e+02 2.499468936709408808e+02 2.506624837402960964e+02 2.875576434604975589e+02 2.808269436875883116e+02 2.062364647157469904e+02 2.059380439951580684e+02 2.050487586344461022e+02 1.429235036821684162e+02 1.409123659605624255e+02 1.438460712986898216e+02 1.428769858765083427e+02 1.432567185535006899e+02 1.576501226641979656e+02 2.319872495724264923e+02 2.468040764915140244e+02 2.384143989171456326e+02 1.564136493917407051e+02 2.060726667239834171e+02 2.868518439306456003e+02 1.917784420994388199e+02 1.597839552167520480e+02 1.666493686325114538e+02 1.503489183176378674e+02 1.657645866828131034e+02 1.549025118527617622e+02 2.179723139052220517e+02 1.852832426332595048e+02 1.564199301834259188e+02 2.075393515311846784e+02 1.886611587097941367e+02 1.625399620640761214e+02 2.033240125416468231e+02 1.741444032115311416e+02 2.183776379753018375e+02 2.766793998600807640e+02 2.023511556681499144e+02 1.961493805912648156e+02 1.953748932862166328e+02 3.243982845420533181e+02 1.897311929320310924e+02 1.895985105481362041e+02 1.892663912341239154e+02 1.819883176469024306e+02 1.917867403856718624e+02 2.929689438863147188e+02 1.762664154559381586e+02 1.839259392649751419e+02 1.861275917740192938e+02 2.956008240674660783e+02 1.846946490276420434e+02 2.279904388550534691e+02 2.166944873483556933e+02 2.044300235732491728e+02 1.703930139987764960e+02 2.294043416887803346e+02 1.885974879659324017e+02 2.464373837440166710e+02 2.825717475162212509e+02 2.656306381982956850e+02 2.428749423637636653e+02
2.464705882352941160e+02 1.547403896124944538e+02 2.326326793454890378e+02 1.457183431293877618e+02 1.467694544899702862e+02 1.945918722847603988e+02 2.307834054780209669e+02 1.736059761666631687e+02 1.563353416384850618e+02 1.802336184697668955e+02 1.795035807364467075e+02 1.869289861348258626e+02 1.787399944814532660e+02 1.788999120488923325e+02 2.193638211047659468e+02 2.199893756232074224e+02 2.716953690213534287e+02 2.663935360270541537e+02 1.806664558414015289e+02 1.803554094293197920e+02 1.918421700551153890e+02 1.281557434417556465e+02 1.263000634810825318e+02 1.288314909278863354e+02 1.329568137754520194e+02 1.272659998875920024e+02 1.382862468957982855e+02 2.274384893672183523e+02 2.164941406035587192e+02 2.086686136390255797e+02 1.459399346223380292e+02 1.881874093382256774e+02 2.695343808635434470e+02 1.742145881456097243e+02 1.398057250477437776e+02 1.606676730013649887e+02 1.338284432821870098e+02 1.607677710505677169e+02 1.387666085109762548e+02 2.064181900760373480e+02 1.644555330336544614e+02 1.389716416022824035e+02 1.901059658343561694e+02 1.713749825619854903e+02 1.532240639915199552e+02 1.875359166802240907e+02 1.632445879407545135e+02 2.031825388014473504e+02 2.511276752847630291e+02 1.824246258145577997e+02 1.750024818681731915e+02 1.738883280664234405e+02 3.009000948177071564e+02 1.803869920023373083e+02 1.750338356981413312e+02 1.746046956968074539e+02 1.669687524531548490e+02 1.749281552174569754e+02 2.587033384373405625e+02 1.574948338746930574e+02 1.655720142634359036e+02 1.667600391376533366e+02 2.646448427862449080e+02 1.608540816837160889e+02 2.103061534630430458e+02 1.952602905550658647e+02 1.798919112136241836e+02 1.619614875535679914e+02 2.111917829742637025e+02 1.824222620836667943e+02 2.172464810679455809e+02 2.614145617975162850e+02 2.493182235960249784e+02 2.259211989870999560e+02
2.470588235294117680e+02 1.487729308462810991e+02 2.273239482533901707e+02 1.387068197985262827e+02 1.398919076296062656e+02 1.935929107665665754e+02 2.351195240721233688e+02 1.601496352157780905e+02 1.438481264501331509e+02 1.597419901757113223e+02 1.590048610395277819e+02 1.837229632454514672e+02 1.584046851693610733e+02 1.589392637375932225e+02 1.941652597392669009e+02 1.947102607829008605e+02 2.627155398140697571e+02 2.587897770379840949e+02 1.600921995541354761e+02 1.597626187813819456e+02 1.846897546328837336e+02 1.170491412563556537e+02 1.153182425732775300e+02 1.174870660185649172e+02 1.273095683987324094e+02 1.148091046083479085e+02 1.230442369144059427e+02 2.298342021169753480e+02 1.912469540252052980e+02 1.842252294393979071e+02 1.399574433402341356e+02 1.750777234107611946e+02 2.588862941674823901e+02 1.617738946432620821e+02 1.239468717450246089e+02 1.598567523113528637e+02 1.210750894860443196e+02 1.610244561683560391e+02 1.265975642125756480e+02 2.010776647442115461e+02 1.478937426731768596e+02 1.253641055412267633e+02 1.788086512836146937e+02 1.594600594002355081e+02 1.489187878943256464e+02 1.767918721949928909e+02 1.575876703119307933e+02 1.932793149019461794e+02 2.309640356088578130e+02 1.672619518929228946e+02 1.581841858698061287e+02 1.565566329041760980e+02 2.837705654053026478e+02 1.765976096065336094e+02 1.657722627905245361e+02 1.651366738537679453e+02 1.569111708088149726e+02 1.631076816217324676e+02 2.308242484503464027e+02 1.430992017289008231e+02 1.519923519228167095e+02 1.517041774881431024e+02 2.385080590696074125e+02 1.408107411401558124e+02 1.993455735169945910e+02 1.795051918793940047e+02 1.603948891248290067e+02 1.587574884358582210e+02 1.997075574755185414e+02 1.816353951886442530e+02 1.935457349075943227e+02 2.463170412452161600e+02 2.395726123366795264e+02 2.150305413953519462e+02
2.476470588235294201e+02 1.476398066370656750e+02 2.283960641418495641e+02 1.361469723978211164e+02 1.374852162868852758e+02 1.983367617027049619e+02 2.461231742692172872e+02 1.513996935725571404e+02 1.356168174348259470e+02 1.440135645039264034e+02 1.432379463629433189e+02 1.858761718593746650e+02 1.427964897432482303e+02 1.437062314154422609e+02 1.740859982360789786e+02 1.745594130544989468e+02 2.607058879485649072e+02 2.581164664777032272e+02 1.442537196089738529e+02 1.438983157675918108e+02 1.836021920691564162e+02 1.095198309393964990e+02 1.078821563497358653e+02 1.097244760563309853e+02 1.259669645068336337e+02 1.057769451242855610e+02 1.117146586954646637e+02 2.393440636113139703e+02 1.708097436948463042e+02 1.648093823961482940e+02 1.384854656855850976e+02 1.667362786996600903e+02 2.550003207886245775e+02 1.543474674383381853e+02 1.119877449354579682e+02 1.643585461557213421e+02 1.119746576318277107e+02 1.666887032853279038e+02 1.182954243774413925e+02 2.020090126429083455e+02 1.354591305999542215e+02 1.154730730558259353e+02 1.735462074631390408e+02 1.528163881280135570e+02 1.496764649240999745e+02 1.711014996130287216e+02 1.572216500229686744e+02 1.887171535425804336e+02 2.161865675181763322e+02 1.567668119082137537e+02 1.455610565558430096e+02 1.432769691443245677e+02 2.731018447951156531e+02 1.784272210415343807e+02 1.617951765738071117e+02 1.608160070491659610e+02 1.517542221586739970e+02 1.562515172649556519e+02 2.090845183896547610e+02 1.329536628330240546e+02 1.430639035548840639e+02 1.408435269853759451e+02 2.171042627509547742e+02 1.243576043318616371e+02 1.950061886346476001e+02 1.692832613761503922e+02 1.457100663461721695e+02 1.608643065965375740e+02 1.948410559501239163e+02 1.863650933447818829e+02 1.750938210978602569e+02 2.373396158142824390e+02 2.364530080270639303e+02 2.102286274106990618e+02
2.482352941176470722e+02 1.513983984604345210e+02 2.360265574371599939e+02 1.380860791230041684e+02 1.396024556623342505e+02 2.090299019518149350e+02 2.641038552144620439e+02 1.473297018927192426e+02 1.316183593201838846e+02 1.328457476449425201e+02 1.319997418583835440e+02 1.935808815732262644e+02 1.317144939458619604e+02 1.330143091916020524e+02 1.589141260227061991e+02 1.593243579532844763e+02 2.658125931105487325e+02 2.645326532914645554e+02 1.329509312894317645e+02 1.325610509085354920e+02 1.886752129201037178e+02 1.055323406160043334e+02 1.039554743494376225e+02 1.055037555043668078e+02 1.290295405451100805e+02 1.001053733838287201e+02 1.041449826330095192e+02 2.562252773432836648e+02 1.549766500096037021e+02 1.501993306801718688e+02 1.416063443168640674e+02 1.632027272100867208e+02 2.580266386990277852e+02 1.518939009779896026e+02 1.037644751660327387e+02 1.743925087195002277e+02 1.064615443754725845e+02 1.779935949073415884e+02 1.138120233134300037e+02 2.093578422529508032e+02 1.270577010553102468e+02 1.092226227251310746e+02 1.743103678795740450e+02 1.514246181374260232e+02 1.556275019821010233e+02 1.705356764464788455e+02 1.622736801557616957e+02 1.895937766755531584e+02 2.068310365141367129e+02 1.508984318762361454e+02 1.370481004301440464e+02 1.339863101714761058e+02 2.690309374571886565e+02 1.860133890033607997e+02 1.631598747182951854e+02 1.616608866093318966e+02 1.515032528576676327e+02 1.543465501793012606e+02 1.932938180322898631e+02 1.269866338839921127e+02 1.387239642439063800e+02 1.341120180483408149e+02 2.003772608499522789e+02 1.113211505483828176e+02 1.972820974310262727e+02 1.645221285498217583e+02 1.356726457732053461e+02 1.684437743350393362e+02 1.965780426443782005e+02 1.967990750892041945e+02 1.617037599990399031e+02 2.345900462648596942e+02 2.400986038626761001e+02 2.116010501738076925e+02
2.488235294117646959e+02 1.601707023380984651e+02 2.504550612666665188e+02 1.446324872481473847e+02 1.463574925348079319e+02 2.259385140495667770e+02 2.894308820784563636e+02 1.479718019061158145e+02 1.318849939748776023e+02 1.261012416909467788e+02 1.251520070732981509e+02 2.070880464799840581e+02 1.250226786063788751e+02 1.267414189576826686e+02 1.484967830557199591e+02 1.488516398453943168e+02 2.782418189212315269e+02 2.782568823946493239e+02 1.260481141459006125e+02 1.256137515260894730e+02 2.000912728628929074e+02 1.051030587465127297e+02 1.035537244231133371e+02 1.048367950388364989e+02 1.366693796773670044e+02 9.777901236357480741e+01 1.002427408923048802e+02 2.808198785720933301e+02 1.435944985953578907e+02 1.402322159096831911e+02 1.494673329281613121e+02 1.645683243571898799e+02 2.681752661738370875e+02 1.544415728894551307e+02 9.917227266674451869e+01 1.902566879748789574e+02 1.045224925987091353e+02 1.952519393459859032e+02 1.131545340922040737e+02 2.233570780834752725e+02 1.226448677145100135e+02 1.065890381332709183e+02 1.811875788863414414e+02 1.553488202191473420e+02 1.669820197703267297e+02 1.752296241167846347e+02 1.729525803870944287e+02 1.960589863785998261e+02 2.029771648461068594e+02 1.496753500946974498e+02 1.326126299951024237e+02 1.286669436489873704e+02 2.717438783934265984e+02 1.995675524712871152e+02 1.700020099124612329e+02 1.677559515637758238e+02 1.562322838792046582e+02 1.574432281218031449e+02 1.833262137319098031e+02 1.251846296081941716e+02 1.389732861032219375e+02 1.314975084323917258e+02 1.883070894522873857e+02 1.015665814363237729e+02 2.062647385107242144e+02 1.652263970125726757e+02 1.301865383131660394e+02 1.817375933026741563e+02 2.050015417900808359e+02 2.131847943135437902e+02 1.532485431019870532e+02 2.382278964039621201e+02 2.507293746924170534e+02 2.192965021424816143e+02
2.494117647058823479e+02 1.741430451918616598e+02 2.719824936186107038e+02 1.559562169948818280e+02 1.579255875938941927e+02 2.493871042682125108e+02 3.225296637583600727e+02 1.534190914651468916e+02 1.365067588865978792e+02 1.237110628508388004e+02 1.226244087580268172e+02 2.267070661727353524e+02 1.226529294973759505e+02 1.248330315512963296e+02 1.427444705147470643e+02 1.430511547437191098e+02 2.982590689187846920e+02 2.995662676786748193e+02 1.234770451136067066e+02 1.229868437512412385e+02 2.181194134419213526e+02 1.083026804378725387e+02 1.067467302022122198e+02 1.077898291207586965e+02 1.491316650012684590e+02 9.883413944183271838e+01 9.997764190203332646e+01 3.135500349221036913e+02 1.365672556590864417e+02 1.348083500720310894e+02 1.622811346048261498e+02 1.709790409258833108e+02 2.857163979834119232e+02 1.620894582312070042e+02 9.816768423661284260e+01 2.123272709513158532e+02 1.061993268030384456e+02 2.188553862640718251e+02 1.163879081655087901e+02 2.443252482668737287e+02 1.222289017609096504e+02 1.076036589096011653e+02 1.943591077544006112e+02 1.647378083118766483e+02 1.840300671278048412e+02 1.853845637592823437e+02 1.895497989957433447e+02 2.083164522015948990e+02 2.047533789194307303e+02 1.531778468262366175e+02 1.322769953275346779e+02 1.273508311151090027e+02 2.814780542871958460e+02 2.193738337360168771e+02 1.825365594542296321e+02 1.792526252412244219e+02 1.660845310944674793e+02 1.656568798826700970e+02 1.791258282042666963e+02 1.275948647246442960e+02 1.438777957698820558e+02 1.330441345935988409e+02 1.809151207174887475e+02 9.500211807417412047e+01 2.221417214026879208e+02 1.714794425295680753e+02 1.292276743517154785e+02 2.010671249222472738e+02 2.202908207537253702e+02 2.358278917377337507e+02 1.496651761127298528e+02 2.484671424436257894e+02 2.686450898799533320e+02 2.335279576974140525e+02
2.500000000000000000e+02 1.935642928056994094e+02 3.009681962534752984e+02 1.722881759826098573e+02 1.745426213558186532e+02 2.797552529419811549e+02 3.638759224374156815e+02 1.638265453294256702e+02 1.456327222641785113e+02 1.256763088806992670e+02 1.244163277947069020e+02 2.528038137110234516e+02 1.246068227469013578e+02 1.273040356656594270e+02 1.416340218235247903e+02 1.418991236941327259e+02 3.261863734271715316e+02 3.287933955103636663e+02 1.252388968265495066e+02 1.246801472578250980e+02 2.431133010286204978e+02 1.152576796100880472e+02 1.136600748351499703e+02 1.144849473711017680e+02 1.667350392486661974e+02 1.033606667780176736e+02 1.033827222389656129e+02 3.549113358786624417e+02 1.338592639185994528e+02 1.338941230130484428e+02 1.803250897710071285e+02 1.826371708597955603e+02 3.109786345689687437e+02 1.750065001988527627e+02 1.007699015256483932e+02 2.410565160405180620e+02 1.115906984790842671e+02 2.492719023603345079e+02 1.236362433120497002e+02 2.726630387042955590e+02 1.258732122536856366e+02 1.123547396380448760e+02 2.140995046245280662e+02 1.798250584549174675e+02 2.071403616231909268e+02 2.012679005546685005e+02 2.124387916534298313e+02 2.266237113139860639e+02 2.123399540723286520e+02 1.615490717929820335e+02 1.361202186541566732e+02 1.301228295630214120e+02 2.985226009777948093e+02 2.457861388971562917e+02 2.010572889520537103e+02 1.963678823299957230e+02 1.812715171843674398e+02 1.791675275574272916e+02 1.807106619114704813e+02 1.343266751487204829e+02 1.535689780018414297e+02 1.388535373644223796e+02 1.782680477728657138e+02 9.158244807165462475e+01 2.451938364430989168e+02 1.834436239615663453e+02 1.328461048705989640e+02 2.268316014082720358e+02 2.427185423816724210e+02 2.650888749343623090e+02 1.509572470203109162e+02 2.655768742946087855e+02 2.942225401210567952e+02 2.545718699745647484e+02
2.505882352941176521e+02 2.187425653143162378e+02 3.378250760532247909e+02 1.939180013297925598e+02 1.965029151323129497e+02 3.174725053941076567e+02 4.139879210021854874e+02 1.794105098458178702e+02 1.594709391830689924e+02 1.320687540713811359e+02 1.305975171713393195e+02 2.857969118937318740e+02 1.309562332140064598e+02 1.342394131816172376e+02 1.452102687052444878e+02 1.454397825605680907e+02 3.623973448375680277e+02 3.663210903753941921e+02 1.314049510565027106e+02 1.307636031326804016e+02 2.755074270697232350e+02 1.261507752443512800e+02 1.244755850757690752e+02 1.251006106917541132e+02 1.898706963902692166e+02 1.115032108012217975e+02 1.105545880564226451e+02 4.054640786960546848e+02 1.354973029566572507e+02 1.375236197894394934e+02 2.039389996666587876e+02 1.998013776468520746e+02 3.443451288257908232e+02 1.934295841472128359e+02 1.070611708321662974e+02 2.769690141330846700e+02 1.208528607555044658e+02 2.870415458453504129e+02 1.350830718262140238e+02 3.088480972397238702e+02 1.336974484576164741e+02 1.209883206987580877e+02 2.407734244562784340e+02 2.009271940393394118e+02 2.367575131951043375e+02 2.232118901925115324e+02 2.420727786291199948e+02 2.512903725380351716e+02 2.259704811552744275e+02 1.749948574296517450e+02 1.442785397312985651e+02 1.371227725437082654e+02 3.232168313485376530e+02 2.792235577941162319e+02 2.259347031280200895e+02 2.193814530171086687e+02 2.020707652873790607e+02 1.982181910811019634e+02 1.881746358994820412e+02 1.455517553925176628e+02 1.682429444946305921e+02 1.490849463249476798e+02 1.804806909386001053e+02 9.131134001942460543e+01 2.757902456105998681e+02 2.013589665436186920e+02 1.411669199608999463e+02 2.595047141852847972e+02 2.726461231782570849e+02 3.013780217237264765e+02 1.571960472782076579e+02 2.898800267515657083e+02 3.279109162624819760e+02 2.827653945902789019e+02
2.511764705882353041e+02 2.500404962526256725e+02 3.830127611876817468e+02 2.211905296773620933e+02 2.241556712867845818e+02 3.630114476631342768e+02 4.734167350905041189e+02 2.004467851033485886e+02 1.782871409677881900e+02 1.430303167051001196e+02 1.413076389500528194e+02 3.261522658842888518e+02 1.418428344676358108e+02 1.457937699012865664e+02 1.535864801694004882e+02 1.537858159536270648e+02 4.073101551788565757e+02 4.125751339166869798e+02 1.421162096277461160e+02 1.413768862909948325e+02 3.158114964779432512e+02 1.412204127829862728e+02 1.394308262247057257e+02 1.398711799426960738e+02 2.190001683883899943e+02 1.234612565376100832e+02 1.216527879121829727e+02 4.658225823273392621e+02 1.415715087589584869e+02 1.457989828737199787e+02 2.335215586762467979e+02 2.227851949876517494e+02 3.862476532992254192e+02 2.176601171764564810e+02 1.171863493016567048e+02 3.206562320579359948e+02 1.341994622727160902e+02 3.327704794615744390e+02 1.509705857309928660e+02 3.534280558145360374e+02 1.458774525905727728e+02 1.337081254747766366e+02 2.748308312236314350e+02 2.284410519964958155e+02 2.733976981968114615e+02 2.516107849574384545e+02 2.789808306899121249e+02 2.826745442723035922e+02 2.459316224536575817e+02 1.937822202810300212e+02 1.569448745559367637e+02 1.485463895305147162e+02 3.559466787107502341e+02 3.201640662424855464e+02 2.576124404098076184e+02 2.486315139214139265e+02 2.288221012341711287e+02 2.231117319941188839e+02 2.016878849723288170e+02 1.615032477158853226e+02 1.881582020089845457e+02 1.639541512884627821e+02 1.877175691199678624e+02 9.424346925010030418e+01 3.143819091702280843e+02 2.255403122207552258e+02 1.543900282427371735e+02 2.996295375851190670e+02 3.105173081950518963e+02 3.451485677280085724e+02 1.685203094631895624e+02 3.217501515227235132e+02 3.702253400589343073e+02 3.185016762637841339e+02
2.517647058823529278e+02 2.878690404008884229e+02 4.370288598493960990e+02 2.545008990429326445e+02 2.579000328694577888e+02 4.168790159307405929e+02 5.427346861910823463e+02 2.272672924841305644e+02 2.024021556884717654e+02 1.587714491098369081e+02 1.567547344244675571e+02 3.743758546430701131e+02 1.574765256011817200e+02 1.621897629346674421e+02 1.669435875962862781e+02 1.671176007511419357e+02 4.613785521000305039e+02 4.680150185519958654e+02 1.575819138610527546e+02 1.567279478719054850e+02 3.646029605035162717e+02 1.607592171735051352e+02 1.588176035012466230e+02 1.590854353456108754e+02 2.546517179554752488e+02 1.394883975006939636e+02 1.368983120380809169e+02 5.366426008894707138e+02 1.522352062832657680e+02 1.588895894153785378e+02 2.695253824883693028e+02 2.519539587709832347e+02 4.371586734490990693e+02 2.480592425630179605e+02 1.313516152409456765e+02 3.727692718069001785e+02 1.519003610660857646e+02 3.871231911726801513e+02 1.715977674472983665e+02 4.070117546771859338e+02 1.626440687076512575e+02 1.507744738007918386e+02 3.168005375103797405e+02 2.628392840467250267e+02 3.176427186351194223e+02 2.869164005774362636e+02 3.237622362910298648e+02 3.211775154010102824e+02 2.725611269953791975e+02 2.182365534262260098e+02 1.743671914428540504e+02 1.646450588597621163e+02 3.971391832043166232e+02 3.691365441310248343e+02 2.966020969397747535e+02 2.845088735747903570e+02 2.619225645781405660e+02 2.542062367172048596e+02 2.214953837380974164e+02 1.824736549890344008e+02 2.136321427836612941e+02 1.837313412103340795e+02 2.001932262299255569e+02 1.004854730373528753e+02 3.614932524212977683e+02 2.563729652549646403e+02 1.727888037851216438e+02 3.478117486229060660e+02 3.568500059923422327e+02 3.968882116940625338e+02 1.851346120489363045e+02 3.616062583454053652e+02 4.217385294600363181e+02 3.622232484102490844e+02
2.523529411764705799e+02 3.326798701653034982e+02 5.003983980777802003e+02 2.942882825836969118e+02 2.981787569404719420e+02 4.796061143036959038e+02 6.225220387563540498e+02 2.602553474646355767e+02 2.321880280713880040e+02 1.795684412232203613e+02 1.772126232508988153e+02 4.310048280661231388e+02 1.781327757835524039e+02 1.837154107215042416e+02 1.855282276908585573e+02 1.856812388011309451e+02 5.250810108460967740e+02 5.331228681571257084e+02 1.780769922581164622e+02 1.770904804920238291e+02 4.225177190130330587e+02 1.851114077170953749e+02 1.829794104464715190e+02 1.830840541342139716e+02 2.974152541299062591e+02 1.598906356908477449e+02 1.565712249794766535e+02 6.186068799690148126e+02 1.677036376751104285e+02 1.770300596036772447e+02 3.124505977427899097e+02 2.877201743023002791e+02 4.975814823136163909e+02 2.850416892198054484e+02 1.498223333561693380e+02 4.340098102973593086e+02 1.742794162119119221e+02 4.508128638478816583e+02 1.973174168418417480e+02 4.702586675687464322e+02 1.842807971005319700e+02 1.725021720062192401e+02 3.672820678542643691e+02 3.046644445305647082e+02 3.701324013015907326e+02 3.296321011544021644e+02 3.770790940806332401e+02 3.672367439500112596e+02 3.062441104333269095e+02 2.487374773197189199e+02 1.968457702147067607e+02 1.857243661785151687e+02 4.472550482584124438e+02 4.267111268652423632e+02 3.434764081305871173e+02 3.274496953473854433e+02 3.018199121640214457e+02 2.919089588525978911e+02 2.479138985182356123e+02 2.088115747120393451e+02 2.450362421649990665e+02 2.087378030610795463e+02 2.181712590954144559e+02 1.101962380006448825e+02 4.177120819215285223e+02 2.943068192782873780e+02 1.967075865502619649e+02 4.047110877588205540e+02 4.122263677455277957e+02 4.571090187963332596e+02 2.073064598015690194e+02 4.099057344117998696e+02 4.830705914841933009e+02 4.144135862839675042e+02
2.529411764705882320e+02 3.849564009872087240e+02 5.736615563547811689e+02 3.410282752068674768e+02 3.454705226311253909e+02 5.517356642830269493e+02 7.133521558222565773e+02 2.998395289998784961e+02 2.680628525375544200e+02 2.057596414200792196e+02 2.030172346466807767e+02 4.965969656996632011e+02 2.041489044885790065e+02 2.107202900969861048e+02 2.096495884076997243e+02 2.097854132198303887e+02 5.989081944299031193e+02 6.083906759529032797e+02 2.039384131294229690e+02 2.028003095462059946e+02 4.902389799508920873e+02 2.146691150339814271e+02 2.123078131905499220e+02 2.122560054210166811e+02 3.479357177096122200e+02 1.850236812572827034e+02 1.810073840738244257e+02 7.124090028812153150e+02 1.882516051882948602e+02 2.005170902006493066e+02 3.628369828491846079e+02 3.305373424177630568e+02 5.680385336651198713e+02 3.290682602535287060e+02 1.729200356414478392e+02 5.051192006756574528e+02 2.017112353181969127e+02 5.245899136370717315e+02 2.285320279221555211e+02 5.438665169294060888e+02 2.111202913051960763e+02 1.992573632439929554e+02 4.269358221127297384e+02 3.545215315929028179e+02 4.315552897833814541e+02 3.803051710418092739e+02 4.396470888177143479e+02 4.213172060380458674e+02 3.474075930468958404e+02 2.857133485927030279e+02 2.247293498507465017e+02 2.121414518225069514e+02 5.067793451247620169e+02 4.934879384730576817e+02 3.988607891193022397e+02 3.779267771464645875e+02 3.490047406520716322e+02 3.366688587616366704e+02 2.813273239429632895e+02 2.409172287297745925e+02 2.827899766194115045e+02 2.393414550756193080e+02 2.419620123573413366e+02 1.235864067958420520e+02 4.836777826339690591e+02 3.398489692637717212e+02 2.265579782450457742e+02 4.710310633316363464e+02 4.772811568307400876e+02 5.263358232946478665e+02 2.353620699576583490e+02 4.671354469469663968e+02 5.548769863124824724e+02 4.755869237788722330e+02
2.535294117647058840e+02 4.452035379632937406e+02 6.573599442091685887e+02 3.952239916872438243e+02 4.002809547562234229e+02 6.338092779984654044e+02 8.157754120821502966e+02 3.464862113504220247e+02 3.104843293582714523e+02 2.377405930013948137e+02 2.345618548376427270e+02 5.717186660280693786e+02 2.359192699084496496e+02 2.436106166180252046e+02 2.396750723233505767e+02 2.397970499684487038e+02 6.833489629081201429e+02 6.943061491199086959e+02 2.355604651497328064e+02 2.342507008244039071e+02 5.684843858318200773e+02 2.498676113458422776e+02 2.472377411610063120e+02 2.470338597612108913e+02 4.069048976778676661e+02 2.152892497189245944e+02 2.105942356681685794e+02 8.187357669133937179e+02 2.142100142417741893e+02 2.297051576958456849e+02 4.212547296713610763e+02 3.808922927793140616e+02 6.490581833523482373e+02 3.806370257026845820e+02 2.010185099264339783e+02 5.868658171728741308e+02 2.346168481217068233e+02 6.092287643219683559e+02 2.656885231203901867e+02 6.285572273337153320e+02 2.435397123147568266e+02 2.314533134306220745e+02 4.964715632841343336e+02 4.130689659195403465e+02 5.026376861687489850e+02 4.395176432238794746e+02 5.122244907693576579e+02 4.839012780844190615e+02 3.965133851140063257e+02 3.296344512507012610e+02 2.584101420197407606e+02 2.443011252145042249e+02 5.762105389997818747e+02 5.700843415888292611e+02 4.634232456801738635e+02 4.364395196016225213e+02 4.040012777775061181e+02 3.889677900810934261e+02 3.221804329967086460e+02 2.792367913767911887e+02 3.273534900077552834e+02 2.759512419659154716e+02 2.719189643697746419e+02 1.409171001726056716e+02 5.600678869401688189e+02 3.935548450537287977e+02 2.628139504987297528e+02 5.475069507373822262e+02 5.526884822317462067e+02 6.050933358655090615e+02 2.696808921373426529e+02 5.338011529570173934e+02 6.378347788273431433e+02 5.462764829946124792e+02
2.541176470588235361e+02 5.139362241255852268e+02 7.520215626007072842e+02 4.573959206993891371e+02 4.631323851844697401e+02 7.263527305897557653e+02 9.303020719187979921e+02 4.006907702606551425e+02 3.599420515858761860e+02 2.759580493183317458e+02 2.722912679898047372e+02 6.569315677808841656e+02 2.738893523506950487e+02 2.828431761246408200e+02 2.760247648666785381e+02 2.761357833732780023e+02 7.788751403694880082e+02 7.913373252097135264e+02 2.733889039705944697e+02 2.718865479737231681e+02 6.579914485315938464e+02 2.911793990567082346e+02 2.882416578025269018e+02 2.878879651546515674e+02 4.750516241545603862e+02 2.511302922775552986e+02 2.457656364391144166e+02 9.382482558859825303e+02 2.459613126053213534e+02 2.650010491876498691e+02 4.882938124583615149e+02 4.392960703080574376e+02 7.411599991305334925e+02 4.402732320457989772e+02 2.345389341271575461e+02 6.800306653285225593e+02 2.734582742660475674e+02 7.055129071917632473e+02 3.092718085746689667e+02 7.250612471735043982e+02 2.819549249824808044e+02 2.695450860394417987e+02 5.766352421670014792e+02 4.810079837436366574e+02 5.841310122082799126e+02 5.078755908865223319e+02 5.955993650104423978e+02 5.554772337514656328e+02 4.540493546233535653e+02 3.810048605447871068e+02 2.983177052483756597e+02 2.826507359443408518e+02 6.560479520417701451e+02 6.571207841796082221e+02 5.378626603447692105e+02 5.035026062415278147e+02 4.673568553001517216e+02 4.493104043774363845e+02 3.709710616527116258e+02 3.242554993088072024e+02 3.792190214405364941e+02 3.190103593195504459e+02 3.084337542335893545e+02 1.624978036471120788e+02 6.475830729643065524e+02 4.560178634668171185e+02 3.060056787011918118e+02 6.348921080939633157e+02 6.391469592673894340e+02 6.938920914563395854e+02 3.106888570415745221e+02 6.104153516632554783e+02 7.326272657929308707e+02 6.270212469620452111e+02
2.547058823529411882e+02 5.916669007263244566e+02 8.581447084425983576e+02 5.280706170977779266e+02 5.345524417913193247e+02 8.298604510070586002e+02 1.057384484124646633e+03 4.629675334828651785e+02 4.169485479478654497e+02 3.209028565412671128e+02 3.166947627962439924e+02 7.527779979548627125e+02 3.185487013162683638e+02 3.289180852309051488e+02 3.191646841293180614e+02 3.192672027879224288e+02 8.859253168178065607e+02 8.999162835636709588e+02 3.179139692272040634e+02 3.161974375119735896e+02 7.595014061516269521e+02 3.391071537797109272e+02 3.358225741114798666e+02 3.353194783820312637e+02 5.531303621956197958e+02 2.930251507080895976e+02 2.869956575093770539e+02 1.071561897415885824e+03 2.839337779956666736e+02 3.068572278143057019e+02 5.645520673157666351e+02 5.062734657811839725e+02 8.448388980867179043e+02 5.085179947834695326e+02 2.739440261295203527e+02 7.853913802416573162e+02 3.187319555959345507e+02 8.142183849525108599e+02 3.597971410679720066e+02 8.341004072977699479e+02 3.268135512817089534e+02 3.140230915743703690e+02 6.681941998215926333e+02 5.590704498331725745e+02 6.767975720935613708e+02 5.859969637676580305e+02 6.905750527910546452e+02 6.365265390796963629e+02 5.205191937275425289e+02 4.403530179553258108e+02 3.449116842525783682e+02 3.276737838040209567e+02 7.467778785283144316e+02 7.552054084270588419e+02 6.228955050188329778e+02 5.796335435923630257e+02 5.396301612313177429e+02 5.182128322806676124e+02 4.282407792305013459e+02 3.764895379481798159e+02 4.389011208556319730e+02 3.689883462457148084e+02 3.519298972663228255e+02 1.886833946729053082e+02 7.469307008004805084e+02 5.278576645162905834e+02 3.567120728880816500e+02 7.339427174158597609e+02 7.373634072427979618e+02 7.932134646025195934e+02 3.588504029934692312e+02 6.974837570750263467e+02 8.399271373005368559e+02 7.183514508081971144e+02
2.552941176470588402e+02 6.788920156161228761e+02 9.761810946924832706e+02 6.077683246386289966e+02 6.150615855940582151e+02 9.447792868468426377e+02 1.197398881033218458e+03 5.338385300730723202e+02 4.820291347075025215e+02 3.731016660091491985e+02 3.682979916588458309e+02 8.597654518471209713e+02 3.704227283112908822e+02 3.823703671947985754e+02 3.695988119735714577e+02 3.696948830224450262e+02 1.004887974813697156e+03 1.020422223857057588e+03 3.696622265139776573e+02 3.677095314113035442e+02 8.737416499967306436e+02 3.941755085053159178e+02 3.905059212890421350e+02 3.898522450420812220e+02 6.419081846720434896e+02 3.414805762329361301e+02 3.347913315478514846e+02 1.219225825204366856e+03 3.285946665819150212e+02 3.557640249457985533e+02 6.506220470926984945e+02 5.823512706145322682e+02 9.605483670518834742e+02 5.859158476592634770e+02 3.197311544553863882e+02 9.037047503402442317e+02 3.709610321581062635e+02 9.360958409376103191e+02 4.178013106010026831e+02 9.563694821955041334e+02 3.785868851247980729e+02 3.654054838961561700e+02 7.719208217508211192e+02 6.480051046187847987e+02 7.813947932988173761e+02 6.744980548035979382e+02 7.979540013304015247e+02 7.275101209727257583e+02 5.964307627694137182e+02 5.082210617546202229e+02 3.986734042862318006e+02 3.798822696037964306e+02 8.488585615471073424e+02 8.649176008567185363e+02 7.192410446956033638e+02 6.653391652463225228e+02 6.213783269581804234e+02 5.961902617288944839e+02 4.945640657347392448e+02 4.364767228751220500e+02 5.069257246502574503e+02 4.263720404269289475e+02 4.028551748052142329e+02 2.198702497954328408e+02 8.588070280785281057e+02 6.097069687679551180e+02 4.155519646037225812e+02 8.454010463480748285e+02 8.480351991600633710e+02 9.034939879635679745e+02 4.146592634641741029e+02 7.954905852808843747e+02 9.603783758079147219e+02 8.207730076163719559e+02
2.558823529411764639e+02 7.760779563771627636e+02 1.106518738218617500e+03 6.969898512471989989e+02 7.051598830670610596e+02 1.071492101061126959e+03 1.350627569374981476e+03 6.138213194383248492e+02 5.557107820988730964e+02 4.331076100343065605e+02 4.276537617386583179e+02 9.783505928303821975e+02 4.300634497465755430e+02 4.437604593881484334e+02 4.278600139729543912e+02 4.279512975277070268e+02 1.136084520466809408e+03 1.153164514608119362e+03 4.291873587641152881e+02 4.269764108035225831e+02 1.001407175489677229e+03 4.569218279525318849e+02 4.528304023201179689e+02 4.520236567163598238e+02 7.421504228238450196e+02 3.970237492728788880e+02 3.896844449965235526e+02 1.381702177002531926e+03 3.804422911860037289e+02 4.122407583329026011e+02 7.470769849666132814e+02 6.680455714431691376e+02 1.088683331401011174e+03 6.730014402256052790e+02 3.724244940747790338e+02 1.035688229060998083e+03 4.306865921196295517e+02 1.071851624607119220e+03 4.838327948957752369e+02 1.092516965819182815e+03 4.377608274496743661e+02 4.242295247504764575e+02 8.885750068517211275e+02 7.485625386895904967e+02 8.986583273287808424e+02 7.739789509158373448e+02 9.185203313005929431e+02 8.288540282029420041e+02 6.822833700904235457e+02 5.851531279507213412e+02 4.600964966119533983e+02 4.398079124412636247e+02 9.627045291035017271e+02 9.867909542638860785e+02 8.276053918621752246e+02 7.611014761333723300e+02 7.131431911845930927e+02 6.837437052158919641e+02 5.705362254073074837e+02 5.047661412506137708e+02 5.838182992906868094e+02 4.916555949497065399e+02 4.616728827817295837e+02 2.564914690316881547e+02 9.838785460738021129e+02 7.021973374911317478e+02 4.831740681976018550e+02 9.699776937646497572e+02 9.718317309477816934e+02 1.025109494577593523e+03 4.786282183340289293e+02 9.048831398220243045e+02 1.094577393781721412e+03 9.347513401588275883e+02
2.564705882352941444e+02 8.836462900976498531e+02 1.249464570180221017e+03 7.962025761489370552e+02 8.053129343622956640e+02 1.210301065253396246e+03 1.517241247613990936e+03 7.034157618782744521e+02 6.385098793515124953e+02 5.014897558591283655e+02 4.953316359934827915e+02 1.108922682766356047e+03 4.980390242326477050e+02 5.136634874465510165e+02 4.944997031054595595e+02 4.945874845502729045e+02 1.279752163265145555e+03 1.298365662693489639e+03 4.970597382081612636e+02 4.945686931995174973e+02 1.143140881544669583e+03 5.278858112153169486e+02 5.233376766648897274e+02 5.223743445415582300e+02 8.546047685888383967e+02 4.601931105765592633e+02 4.522221761531648667e+02 1.559345253725717384e+03 4.399968964990556515e+02 4.768256541050697592e+02 8.544557397513187880e+02 7.638479760181527354e+02 1.229562595161418358e+03 7.702852489921868937e+02 4.325660625166484010e+02 1.182000280845209318e+03 4.984577199296591630e+02 1.222127814821156790e+03 5.584407327942620896e+02 1.243124873341297189e+03 5.048257174889905059e+02 4.910417494451202174e+02 1.018885249993379830e+03 8.614786616420562950e+02 1.029283819190301529e+03 8.850078064271373250e+02 1.053020941391803262e+03 9.409344191941139570e+02 7.785538753687534381e+02 6.716825072146759794e+02 5.296764138616606488e+02 5.079921086543091064e+02 1.088670221803075947e+03 1.121295520725467441e+03 9.486642064075290364e+02 8.673627142068096418e+02 8.154365796797026178e+02 7.813458545354947091e+02 6.567598905029785783e+02 5.819066125445432363e+02 6.700909401472893023e+02 5.653294228224619928e+02 5.288518245986633701e+02 2.990110677556410792e+02 1.122762271876766363e+03 8.059436949317479275e+02 5.602455067074009776e+02 1.108332613636142241e+03 1.109374806498164844e+03 1.158359008191230032e+03 5.512776627939293803e+02 1.026055587897461464e+03 1.243053280365485989e+03 1.060694516112210295e+03
2.570588235294117680e+02 1.001958819653450860e+03 1.405227365928443987e+03 9.058260378564460780e+02 9.159373824444743377e+02 1.361411463238385068e+03 1.697282433795670613e+03 8.030901335711974980e+02 7.309192211419560863e+02 5.788215492901373409e+02 5.719064875392728027e+02 1.251787055216203498e+03 5.749222650119841092e+02 5.926575112317027560e+02 5.700764494986754016e+02 5.701616468628947132e+02 1.436027397137535445e+03 1.456144895001327541e+03 5.738549616297984812e+02 5.710626151868743818e+02 1.299513354538007889e+03 6.075981759323710776e+02 6.025611115800696780e+02 6.014369396289758924e+02 9.799842675240486187e+02 5.315282172322087035e+02 5.229567773101509829e+02 1.752381385902252077e+03 5.077904849058803052e+02 5.500647294262663536e+02 9.732471756830246932e+02 8.702111988124574964e+02 1.383411561926147442e+03 8.782387098435622192e+02 5.007057636078931182e+02 1.343220178219097988e+03 5.748205785631586195e+02 1.387481776579080361e+03 6.421629824224912682e+02 1.408688343324130074e+03 5.802652846228047565e+02 5.663871595660710909e+02 1.163528885673451896e+03 9.874571164313455256e+02 1.173907902444786032e+03 1.008104450744570954e+03 1.202145707049784960e+03 1.064062415678433808e+03 8.856820696978739988e+02 7.683179893802158631e+02 6.078990757556541666e+02 5.849748449926306648e+02 1.227033540869881335e+03 1.268819993480271705e+03 1.083044570808080152e+03 9.845101311215295254e+02 9.287250667057733153e+02 8.894264528460579413e+02 7.538304364956123891e+02 6.684342324489008433e+02 7.662287746911556496e+02 6.478683373010549076e+02 6.048552927678063043e+02 3.479171975049488879e+02 1.276005608504225620e+03 9.215280066122064682e+02 6.474391240199296362e+02 1.261055554694046577e+03 1.261218563213589050e+03 1.303448979985283358e+03 6.331232486396645527e+02 1.159332579272139355e+03 1.406247864755031515e+03 1.198936327655915193e+03
2.576470588235293917e+02 1.131302743018242154e+03 1.573901645546445025e+03 1.026217360707032867e+03 1.037386274945579999e+03 1.524916177752777685e+03 1.890650419355261420e+03 9.132667864353445566e+02 8.333944137262709546e+02 6.656683309518143687e+02 6.579461393988183318e+02 1.407149075257222421e+03 6.612782423477045768e+02 6.813108485623434945e+02 6.551436231034289221e+02 6.552267915601049708e+02 1.604930415188357983e+03 1.626502826516671803e+03 6.601414600951038665e+02 6.570276849714973650e+02 1.471002546369372567e+03 6.965685457106006879e+02 6.910137368578882615e+02 6.897240257069854579e+02 1.118949435454604100e+03 6.115586821899660208e+02 6.024343503306920411e+02 1.960889994222344512e+03 5.843556796970588039e+02 6.324997653959339914e+02 1.103874264016305005e+03 9.875342585514969187e+02 1.550345662498450110e+03 9.972790311123651463e+02 5.773905363166157940e+02 1.519827730004423302e+03 6.603066124967898531e+02 1.568365738162706521e+03 7.355133933070443391e+02 1.589595355678644182e+03 6.645448709786794552e+02 6.507975242714862816e+02 1.323111742169314311e+03 1.127150871115146401e+03 1.333088786030155688e+03 1.143723598440010392e+03 1.366507117762343114e+03 1.198469180523060913e+03 1.004055609419679286e+03 8.755296023315007687e+02 6.952287986956683881e+02 6.712826849724611975e+02 1.377979731442618686e+03 1.429654195033984934e+03 1.231306331593284995e+03 1.112860780479038567e+03 1.053414473903970929e+03 1.008357439225725216e+03 8.623204860244673000e+02 7.648591732720566370e+02 8.726758541577629558e+02 7.397190666947151385e+02 6.901292064639749242e+02 4.037144171084048025e+02 1.444066146388629022e+03 1.049482375162473090e+03 7.454196809719336443e+02 1.428646238272241590e+03 1.427829351515708368e+03 1.460478373304611750e+03 7.246627542585575839e+02 1.304953012513531348e+03 1.584496009788544370e+03 1.349719662093137003e+03
2.582352941176470722e+02 1.271876171404302113e+03 1.755452562217654759e+03 1.157656725045386793e+03 1.169934532044389925e+03 1.700781441706408259e+03 2.097087992796491108e+03 1.034307568508772647e+03 9.463398608924482005e+02 7.625740304148005180e+02 7.539981520438747111e+02 1.575098806057207184e+03 7.576510392917317631e+02 7.801685724192467433e+02 7.502361751592733299e+02 7.503175146266856927e+02 1.786350910499718339e+03 1.809307518855482158e+03 7.564672541125996759e+02 7.530134719183595280e+02 1.657973605993164711e+03 7.952726537301986127e+02 7.891754975795204246e+02 7.877153974234628322e+02 1.272089712839030426e+03 7.007923213451458651e+02 6.911828031392270759e+02 2.184786204961510975e+03 6.702136957362772591e+02 7.246554296639925496e+02 1.246678152269249267e+03 1.116147523707540131e+03 1.730354827066401185e+03 1.127753882815330826e+03 6.631526420756675861e+02 1.712183139182919831e+03 7.554199840893829787e+02 1.765106733792912564e+03 8.389684434801666839e+02 1.786106978998667046e+03 7.580990362561382199e+02 7.447789076729136468e+02 1.498147627282437952e+03 1.281143214437209508e+03 1.507286584336243550e+03 1.292237938898237189e+03 1.546619647389373085e+03 1.344291413933362264e+03 1.133994742326813594e+03 9.937339232375231859e+02 7.920956292666369336e+02 7.674159624533424449e+02 1.541585884040476913e+03 1.603972162100541027e+03 1.393923128829436109e+03 1.252646529964300726e+03 1.189834322864546039e+03 1.138438102452030535e+03 9.827636821318442344e+02 8.716518611053153336e+02 9.898207389825452083e+02 8.412872719243457595e+02 7.850895382621411045e+02 4.669150080026718683e+02 1.627291708478215014e+03 1.190271743569129058e+03 8.548290298349373870e+02 1.611494701377527917e+03 1.609565688982070014e+03 1.629424774856310023e+03 8.263623075234820590e+02 1.463054339091599559e+03 1.778006480282084112e+03 1.513180480013733359e+03
2.588235294117646959e+02 1.423774357227050359e+03 1.949702525155999865e+03 1.300333305199593497e+03 1.313764778413857130e+03 1.888834106999535607e+03 2.316170559744407910e+03 1.166499310933319521e+03 1.070094635393774752e+03 8.700472056386803388e+02 8.605759456626933570e+02 1.755596864099257800e+03 8.645498601785353685e+02 8.897383619808542790e+02 8.558567380127666411e+02 8.559360933202310662e+02 1.980035574856228095e+03 2.004282314429151256e+03 8.633460442302155116e+02 8.595357337237347792e+02 1.860659411868357665e+03 9.041390967107840879e+02 8.974800353508653643e+02 8.958448439839554567e+02 1.439904655549503104e+03 7.997026421106770613e+02 7.896991347396972287e+02 2.423805669057130217e+03 7.658615656593450467e+02 8.270257410762314976e+02 1.401902529611157433e+03 1.256297961182625386e+03 1.923289436150566189e+03 1.269926313773911033e+03 7.584972451540231759e+02 1.920507636752982989e+03 8.606244411009778332e+02 1.977887269545598656e+03 9.529534428822604468e+02 1.998338588587497270e+03 8.613187578258306303e+02 8.487985991695604753e+02 1.689037858315474523e+03 1.449928480253809767e+03 1.696844072827500668e+03 1.453921457961686656e+03 1.742879267195240118e+03 1.501557811334501594e+03 1.275737180994265145e+03 1.123279265023965536e+03 8.988823047494149705e+02 8.738353628325170348e+02 1.717806514899452168e+03 1.791816316569152832e+03 1.571263631613147936e+03 1.403999749922639921e+03 1.338222627790320985e+03 1.279880526264656737e+03 1.115637997251284787e+03 9.892287818903814696e+02 1.117982046171441425e+03 9.529243123774677997e+02 8.901092622704530868e+02 5.380293989604839453e+02 1.825901079271792014e+03 1.344276633074945266e+03 9.762704595741682851e+02 1.809862034468064849e+03 1.806659088960520194e+03 1.810131997889386639e+03 9.386421908250141541e+02 1.633657708368093381e+03 1.986843869582399066e+03 1.689332789995362191e+03
2.594117647058823763e+02 1.586977011716494872e+03 2.156319787065969649e+03 1.454331838046690564e+03 1.468954026111184476e+03 2.088750824667927191e+03 2.547297950217889138e+03 1.310039671611560607e+03 1.204918452437037331e+03 9.885466417499785621e+02 9.781444552416461420e+02 1.948461884900254745e+03 9.824346924759687454e+02 1.010475939233870463e+03 9.724612424996570326e+02 9.725381040296562105e+02 2.185577866398443348e+03 2.210996006851449238e+03 9.812428355037460506e+02 9.770620539947452698e+02 2.079142199884719957e+03 1.023535842218946300e+03 1.016301227753789931e+03 1.014486674731078324e+03 1.622785204090131401e+03 9.087158942488163120e+02 8.984362306655423254e+02 2.677491827972991359e+03 8.717588049682977953e+02 9.400600651586413505e+02 1.569678742286789884e+03 1.408134823528041125e+03 2.128848230915025397e+03 1.423960169469112770e+03 8.638894528088927700e+02 2.144865282028802994e+03 9.763298161497342562e+02 2.206727417935119774e+03 1.077828579434890798e+03 2.226242679205027343e+03 9.745384424269698229e+02 9.632716614294575947e+02 1.896051519094877904e+03 1.633892960444099799e+03 1.901968034629429440e+03 1.628933441978571636e+03 1.955543653598025003e+03 1.670176661765208792e+03 1.429423501490313583e+03 1.264430996199942001e+03 1.015911068358589432e+03 9.909481315327750508e+02 1.906460643768320551e+03 1.993083078249733035e+03 1.763573237885601429e+03 1.566939874347546720e+03 1.498711292206531880e+03 1.432795794774016485e+03 1.261348881446220730e+03 1.117938187272396135e+03 1.257394271376015695e+03 1.074914014796275751e+03 1.005505072594540593e+03 6.175557931140432402e+02 2.039965979028509764e+03 1.511776091130990153e+03 1.110292452813076579e+03 2.023862329382523967e+03 2.019195777384587245e+03 2.002299594905711956e+03 1.061862469118124864e+03 1.816654540460010594e+03 2.210912146028650568e+03 1.878055167424128967e+03
2.600000000000000000e+02 1.761336995845741285e+03 2.374809364728991113e+03 1.619620376502812860e+03 1.635461411723680612e+03 2.300049657038377973e+03 2.789689198469386156e+03 1.465023696628587231e+03 1.350978216760374380e+03 1.118466745300063849e+03 1.107105556270357511e+03 2.153359949564642648e+03 1.111701746032660139e+03 1.142770315388528843e+03 1.100444304520754486e+03 1.100517804123339374e+03 2.402410121745243487e+03 2.428855434133139624e+03 1.110559326569926270e+03 1.105997254650790182e+03 2.313336877333697885e+03 1.153756795459675914e+03 1.145939719379131475e+03 1.143942258354811202e+03 1.820995428213371042e+03 1.028197887485198862e+03 1.017789378887381986e+03 2.945186375096699066e+03 9.883137186785241965e+02 1.064148863829474976e+03 1.750011911401074940e+03 1.571696338829446177e+03 2.346568471496586881e+03 1.589906452809293114e+03 9.797410196725674041e+02 2.385146372465614149e+03 1.102878412553884118e+03 2.451468730007798513e+03 1.213875066035787086e+03 2.469593551541145644e+03 1.098023012933193968e+03 1.088547337103145082e+03 2.119306673099252293e+03 1.833296357003433968e+03 2.122711843767135633e+03 1.817303444939876499e+03 2.184713439737170120e+03 1.849925078675581290e+03 1.595083355819851022e+03 1.417357403975104489e+03 1.143430620247120942e+03 1.119094158316612720e+03 2.107220730061334507e+03 2.207510424126935959e+03 1.970956793928205116e+03 1.741361356106535823e+03 1.671312556070021174e+03 1.597181066513923497e+03 1.420212539793183169e+03 1.258045925906991897e+03 1.408194182846906187e+03 1.207459718497208996e+03 1.131524114732450244e+03 7.059691044317593196e+02 2.269394546538832401e+03 1.692931452953463804e+03 1.257372118912082215e+03 2.253445898524899349e+03 2.247100168026484880e+03 2.205474530215607047e+03 1.196308705129941927e+03 2.011794676433961058e+03 2.449940173232489087e+03 2.079078926753914857e+03
2.605882352941176805e+02 1.946570763849807236e+03 2.604506816056658863e+03 1.796039386666880546e+03 1.813117324388048701e+03 2.522084231274390277e+03 3.042380757589622590e+03 1.631431408535549508e+03 1.508335158955745101e+03 1.260123005943233466e+03 1.247783542948522381e+03 2.369796322204938406e+03 1.252668941045525344e+03 1.286929137236306360e+03 1.240124634202692278e+03 1.240193553473884094e+03 2.629798707614113482e+03 2.657101056264565159e+03 1.251619353177995208e+03 1.246668820607105772e+03 2.562976317201921120e+03 1.295008640120545806e+03 1.286609761187573895e+03 1.284426856967571439e+03 2.034655291975343971e+03 1.158440845579593315e+03 1.148082764694099069e+03 3.226023010989120849e+03 1.115869599952168528e+03 1.199609487012532327e+03 1.942768507120475306e+03 1.746897490516451398e+03 2.575818837600484585e+03 1.767690885238941291e+03 1.106396943694452375e+03 2.641053164869695593e+03 1.240531544617119607e+03 2.711760373546316259e+03 1.361281678733794934e+03 2.727974485814958825e+03 1.231955341137190771e+03 1.224895574117901333e+03 2.358753213939115085e+03 2.048254172593649855e+03 2.358959724025759442e+03 2.018917749869465979e+03 2.430315151457501088e+03 2.040440135693480443e+03 1.772622953548049281e+03 1.582116354464099231e+03 1.281603440957823750e+03 1.258532221556003151e+03 2.319603904510217944e+03 2.434667685583813636e+03 2.193362727788080974e+03 1.927023233742891989e+03 1.855906854085662189e+03 1.772908121706085694e+03 1.592439780723682134e+03 1.409721826270623524e+03 1.570408075480476555e+03 1.350671883615419119e+03 1.268331111931677015e+03 8.037093571982252342e+02 2.513917044662487569e+03 1.887771149860760943e+03 1.417898590779597953e+03 2.498384640165324072e+03 2.490120296435793534e+03 2.419045430973616931e+03 1.342178087627438799e+03 2.218676735000269673e+03 2.703469745167446035e+03 2.291978668042854679e+03
2.611764705882353041e+02 2.142250869766127835e+03 2.844574930928577032e+03 1.983292605031645508e+03 2.001614439317635970e+03 2.754040853145299934e+03 3.304228205237446218e+03 1.809116734054469362e+03 1.676933270714044284e+03 1.413737819048050142e+03 1.400410903284950336e+03 2.597109867460680562e+03 1.405561811230902549e+03 1.443164469036344599e+03 1.391730777523086545e+03 1.391793544369944811e+03 2.866842038741805936e+03 2.894805617527938921e+03 1.404654658557902621e+03 1.399312682579574812e+03 2.827599339442962901e+03 1.447398313081602737e+03 1.438426648494328902e+03 1.436057016177162723e+03 2.263724752325581449e+03 1.299650580478851452e+03 1.289556207505402654e+03 3.518925039876591200e+03 1.254691088902907495e+03 1.346672211545972004e+03 2.147665762882916624e+03 1.933519437155935520e+03 2.815795200747971649e+03 1.957103060316092524e+03 1.244122213069729241e+03 2.912088090569889118e+03 1.389456552576953754e+03 2.987048166259363825e+03 1.520132017293158015e+03 3.000767819897077061e+03 1.376424296581098815e+03 1.372493998005640606e+03 2.614157644404012444e+03 2.278721637036415359e+03 2.610413077466972027e+03 2.233507635130188646e+03 2.692086152773662434e+03 2.241212242399482420e+03 1.961814112019953882e+03 1.758643046039705496e+03 1.430493852730410026e+03 1.409426693497570341e+03 2.542965695044859785e+03 2.673948045436586199e+03 2.430569066871269115e+03 2.123540670421262348e+03 2.052232291647462716e+03 1.959713498095916520e+03 1.778120657675941857e+03 1.573026815507957735e+03 1.743940374265344190e+03 1.504556565235674270e+03 1.415996019399708985e+03 9.111697279444085780e+02 2.773073927162096879e+03 2.096176989847138429e+03 1.592156744929286333e+03 2.758259709928143366e+03 2.747815757753171056e+03 2.642239623618919268e+03 1.499566214880593407e+03 2.436740775794675756e+03 2.970846487471204000e+03 2.516165207686731719e+03
2.617647058823529278e+02 2.347800846620357333e+03 3.094003701500689658e+03 2.180939946003044952e+03 2.200500671792158300e+03 2.994938808372942276e+03 3.573911604024070130e+03 1.997798186613040116e+03 1.856589057926026271e+03 1.579427010482450669e+03 1.565114783511436372e+03 2.834470369412382297e+03 1.570499955365590949e+03 1.611579244888948779e+03 1.555387512740385091e+03 1.555442194961142832e+03 3.112472066881395222e+03 3.140876108165506594e+03 1.569791323918957460e+03 1.564059576858905075e+03 3.106541492563142128e+03 1.610921483351403140e+03 1.601395078961902300e+03 1.598838917891587471e+03 2.507989699923707121e+03 1.451934253459441152e+03 1.442352426387046989e+03 3.822606888353219802e+03 1.404950929783788069e+03 1.505467008680207300e+03 2.364263242419710423e+03 2.131200789245883243e+03 3.065519741061711102e+03 2.157787491694381515e+03 1.393089031635798165e+03 3.197545109246403626e+03 1.549714544409959672e+03 3.276566676431052656e+03 1.690392821335426333e+03 3.287148257172671038e+03 1.531413694805964042e+03 1.531415567996851678e+03 2.885090445836769504e+03 2.524479398653505541e+03 2.876579397146620977e+03 2.460639846139119527e+03 2.969562252070159957e+03 2.451581020697951317e+03 2.162285216450916778e+03 1.946739416568729212e+03 1.590057090700373237e+03 1.571835035801289450e+03 2.776496718297662937e+03 2.924563967845263051e+03 2.682171737009088702e+03 2.330378866082421155e+03 2.259876298950659930e+03 2.157190701325140708e+03 1.977210442514555780e+03 1.747901187777921905e+03 1.928563699228164523e+03 1.669005103592966861e+03 1.574482701214890767e+03 1.028684433590994104e+03 3.046207029274065007e+03 2.317872375288166495e+03 1.780311634736192900e+03 3.032452024914869980e+03 3.019548497825519007e+03 2.874123167811182157e+03 1.668454951372837286e+03 2.665263794833964312e+03 3.251214113786792495e+03 2.750881434174254991e+03
2.623529411764706083e+02 2.562492592503592277e+03 3.351613704631495239e+03 2.388392779002306725e+03 2.409174653443679745e+03 3.243633804428461190e+03 3.849944545541913158e+03 2.197051514764838885e+03 2.046983094619172107e+03 1.757187374667379800e+03 1.741904428782248942e+03 3.080879012566188521e+03 1.747484643616186531e+03 1.792154864469988070e+03 1.731103205625922101e+03 1.731147525998522497e+03 3.365459008327449283e+03 3.394059104026839577e+03 1.747037161461572623e+03 1.740922494737725629e+03 3.398929333156107532e+03 1.785452124438578949e+03 1.775398666517892934e+03 1.772657918609702620e+03 2.767050226093772380e+03 1.615289062527739816e+03 1.606505151675093657e+03 4.135579781850942709e+03 1.566717562838311324e+03 1.676011070967747173e+03 2.591956821438839143e+03 2.339431144180478896e+03 3.323843303419424046e+03 2.369236941815567207e+03 1.553364718884383137e+03 3.496504438132078576e+03 1.721249234397476584e+03 3.579334910314360968e+03 1.871903635254552682e+03 3.586079811445741598e+03 1.696792567430394683e+03 1.701617343175335463e+03 3.170916242892920309e+03 2.785121652442978302e+03 3.156764095686560722e+03 2.699709623114795704e+03 3.262068229459614031e+03 2.670733911459875344e+03 2.373514481561797766e+03 2.146065288846253225e+03 1.760129582433954738e+03 1.745696342158473954e+03 3.019222374358793786e+03 3.185545891176026998e+03 2.947575575759302865e+03 2.546849384361896682e+03 2.478269583718458307e+03 2.364784642243707367e+03 2.189517197401497469e+03 1.934154383426042159e+03 2.123910804855326205e+03 1.843785237120862575e+03 1.743638857482681942e+03 1.156516709467017563e+03 3.332453881378447477e+03 2.552412707287855028e+03 1.982393927799003677e+03 3.320136077421409482e+03 3.304476912735206497e+03 3.113604039932818068e+03 1.848701581921579191e+03 2.903358053530334018e+03 3.543512141500131747e+03 2.995201180056823432e+03
2.629411764705882320e+02 2.785446589946065160e+03 3.616062933035287642e+03 2.604911655883966887e+03 2.626883597158118846e+03 3.498824911306449394e+03 4.130686897245652290e+03 2.406304596274384039e+03 2.247653525663337405e+03 1.946885495863517235e+03 1.930659900886081459e+03 3.335172094227228172e+03 1.936387591625847790e+03 1.984740054895004505e+03 1.918758444633349882e+03 1.918789791549549363e+03 3.624419558629667790e+03 3.652949542562163515e+03 1.936270468661762607e+03 1.929785232870412756e+03 3.703678234250418882e+03 1.970733815775572566e+03 1.960191090134482465e+03 1.957269601598503414e+03 3.040311522309377324e+03 1.789592120649905610e+03 1.781928388937113368e+03 4.456161645115339525e+03 1.739943699791730523e+03 1.858197766079942767e+03 2.829975503450833457e+03 2.557547005547125082e+03 3.589451352005910394e+03 2.590788182428778782e+03 1.724900748117445346e+03 3.807831040593730449e+03 1.903877188795721167e+03 3.894155830763508675e+03 2.064368159866120095e+03 3.896316553519135141e+03 1.872306782143282135e+03 1.882930496260878044e+03 3.470787276633016972e+03 3.060046891198865069e+03 3.450065675033856223e+03 2.949936569614537802e+03 3.568711769091170936e+03 2.897707607327100959e+03 2.594825604353359722e+03 2.356131631182335241e+03 1.940421001766946802e+03 1.930821417240521441e+03 3.270005814129128794e+03 3.455744284788408550e+03 3.225988363902019955e+03 2.772109329635705762e+03 2.706682743251807096e+03 2.581788577960057410e+03 2.414691331699890725e+03 2.131456439197791042e+03 2.329468747123256435e+03 2.028534032006167081e+03 1.923187457422898433e+03 1.294847106433951240e+03 3.630745701963906868e+03 2.799178425567918111e+03 2.198286838452138909e+03 3.620277113082849610e+03 3.601553429686764957e+03 3.359438569586981430e+03 2.040029624403552589e+03 3.149972652484171704e+03 3.846477516458210175e+03 3.248031310500115978e+03
2.635294117647058556e+02 3.015634951100820672e+03 3.885857057063030425e+03 2.829606837653340790e+03 2.852724066156602476e+03 3.759064674535276936e+03 4.414360943664018123e+03 2.624834876338757567e+03 2.457991991687487825e+03 2.148248306910013071e+03 2.131122427155102741e+03 3.596028093311384964e+03 2.136941490547233570e+03 2.189041607923174979e+03 2.118096339457879822e+03 2.118111782732109987e+03 3.887828424370460198e+03 3.916002811122351432e+03 2.137230361992537837e+03 2.130392810855707012e+03 4.019494048442538769e+03 2.166372745229669363e+03 2.155388965567800824e+03 2.152292661322158438e+03 3.326977845585858631e+03 1.974591879315416691e+03 1.968407146795888366e+03 4.782491066533767480e+03 1.924456253668768113e+03 2.051786991131033119e+03 3.077381081937257477e+03 2.784730450791874318e+03 3.860873350898192257e+03 2.821620474350381755e+03 1.907523045318846243e+03 4.130177066015347918e+03 2.097279746166984296e+03 4.219619920402938078e+03 2.267347543217353632e+03 4.216407399183807684e+03 2.057572551535663024e+03 2.075052102129191553e+03 3.783640573019038584e+03 3.348451797114069450e+03 3.755374429135057653e+03 3.210363592419024826e+03 3.888381096471747242e+03 3.131392538134462939e+03 2.825386222843363612e+03 2.576296296564506520e+03 2.130507972761510246e+03 2.126884415947967682e+03 3.527554167460041299e+03 3.733835280720913943e+03 3.516418237568579571e+03 3.005163382094552617e+03 2.944225638441087085e+03 2.807343843643923265e+03 2.652217476351725054e+03 2.339331586245892140e+03 2.544575375339882612e+03 2.222752742916934949e+03 2.112720004537021396e+03 1.443762399121893168e+03 3.939809133867037417e+03 3.057370922788153621e+03 2.427714795293120005e+03 3.931632274100813447e+03 3.909525920999878053e+03 3.610241007003862705e+03 2.242021621486685945e+03 3.403898264713168828e+03 4.158650093517164350e+03 3.508117157035992022e+03
2.641176470588235361e+02 3.251887447462904220e+03 4.159363064016056342e+03 3.061441663071816947e+03 3.085645530791481633e+03 4.022772557100943231e+03 4.699070822301592671e+03 2.851769482511753722e+03 2.677241901067523486e+03 2.360855533472049046e+03 2.342886708094335972e+03 3.861978026129250338e+03 2.348732415606495579e+03 2.404616979257844378e+03 2.328714705997032524e+03 2.328710985017050916e+03 4.154033101948183685e+03 4.181550023411952679e+03 2.349509063598743978e+03 2.342343550714699631e+03 4.344878898446224412e+03 2.371832857005312690e+03 2.360466875118351254e+03 2.357203867287341382e+03 3.626049782637732278e+03 2.169901315701500152e+03 2.165589872572774766e+03 5.112545291027405256e+03 2.119948032267482631e+03 2.256397484565879950e+03 3.333071053569946343e+03 3.020010569377178854e+03 4.136495534025238157e+03 3.060756950022152068e+03 2.100923966170403219e+03 4.461988325504904424e+03 2.300996862775033151e+03 4.554112804995726037e+03 2.480255904294763695e+03 4.544705008300418740e+03 2.252071945159986171e+03 2.277538765476690514e+03 4.108198802324994176e+03 3.649328458671702265e+03 4.071375040174231799e+03 3.479859064624655730e+03 4.219746544841958894e+03 3.370540308337099759e+03 3.064209289134461869e+03 2.805762289053275254e+03 2.329830051033093241e+03 2.333416605696981605e+03 3.790428089744936642e+03 4.018329809395421762e+03 3.817674620431968833e+03 3.244868777352065990e+03 3.189849881943133823e+03 3.040442336194792915e+03 2.901409013910776139e+03 2.557154093836102220e+03 2.768418439895017400e+03 2.425804008963544675e+03 2.311691949374267551e+03 1.603245360228772597e+03 4.258171971982383184e+03 3.326011571526558328e+03 2.670234352358666456e+03 4.252755512344665476e+03 4.226942973038218952e+03 3.864496213671522582e+03 2.454114043303169638e+03 3.663775167536365188e+03 4.478382194867669568e+03 3.774051245938930151e+03
2.647058823529411598e+02 3.492900466917787071e+03 4.434826057080281316e+03 3.299238784449620653e+03 3.324456830131482093e+03 4.288251292691262279e+03 4.982824825856843745e+03 3.086088093785166620e+03 2.904499435962038660e+03 2.584134462156091558e+03 2.565395384968240251e+03 4.131418997670611134e+03 2.571194491503345944e+03 2.630869277780623634e+03 2.550060431492024691e+03 2.550034030526302104e+03 4.421271614490148750e+03 4.447816262686977097e+03 2.572546407999371695e+03 2.565083590668308261e+03 4.678140857505156418e+03 2.586433357031512969e+03 2.574754568215939798e+03 2.571335267225487769e+03 3.936325128622724606e+03 2.374993149288348377e+03 2.372982916654213113e+03 5.444161891043407195e+03 2.325971202387838275e+03 2.471501188031732454e+03 3.595784504789126913e+03 3.262267907165460201e+03 4.414576973798320068e+03 3.307068927017659917e+03 2.304656220570272126e+03 4.801514991970888332e+03 2.514423231658742225e+03 4.895827093005864299e+03 2.702358307998722012e+03 4.879378662035647721e+03 2.455150516106843952e+03 2.489802436187575950e+03 4.442975284096907671e+03 3.961465198683488779e+03 4.396552936345422495e+03 3.757122436822678537e+03 4.561266220190750573e+03 3.613774085132601158e+03 3.310157333007723992e+03 3.043578906630549682e+03 2.537687905358387525e+03 2.549802347593867125e+03 4.057054531893681087e+03 4.307586248848147989e+03 4.128372940224174272e+03 3.489943356176936959e+03 3.442354251634295906e+03 3.279932000837524811e+03 3.161405492690528718e+03 2.784146730254060458e+03 3.000037454726185388e+03 2.636911349691420583e+03 2.519420252011238517e+03 1.773165690147846817e+03 4.584172781085268070e+03 3.603943979610025508e+03 2.925227531299588463e+03 4.582006586645348762e+03 4.552163175873190085e+03 4.120575338788406043e+03 2.675594724314455107e+03 3.928104467615378326e+03 4.803851988716060077e+03 4.044285363498202514e+03
2.652941176470588402e+02 3.737248754264110630e+03 4.710388829731890837e+03 3.541689245339610352e+03 3.567835477458516380e+03 4.553706081335764793e+03 5.263560121119810901e+03 3.326628687208299198e+03 3.138717253503906704e+03 2.817357016837049741e+03 2.797935912873630514e+03 4.402630760571256360e+03 2.803606928819237055e+03 2.867044654911207999e+03 2.781426286705830535e+03 2.781373407040195616e+03 4.687692894973198236e+03 4.712941324341932159e+03 2.805626711312762382e+03 2.797903608376635020e+03 5.017407722781255870e+03 2.809348555749181287e+03 2.797436773429048117e+03 2.793873907222562593e+03 4.256403437606507396e+03 2.589197320445978221e+03 2.589947203253738280e+03 5.775063728328773323e+03 2.541933058612544755e+03 2.696419956703495245e+03 3.864111357962507554e+03 3.510241768453081477e+03 4.693268503435427192e+03 3.559283228115592465e+03 2.518128819645854492e+03 5.146826129662188578e+03 2.736806718815353179e+03 5.242778159549160591e+03 2.932771240600561669e+03 5.218431083498082444e+03 2.666017409356054486e+03 2.711108636530958393e+03 4.786282881601451663e+03 4.283451172819120075e+03 4.729204683352044412e+03 4.040693077806230121e+03 4.911195757565148597e+03 3.859601753926727724e+03 3.561949775942237466e+03 3.288645610329233023e+03 2.753243916028511649e+03 2.775277409042797444e+03 4.325742415837985391e+03 4.599826346963143806e+03 4.446943029740791644e+03 3.738976443865263718e+03 3.700393197898088602e+03 3.524525108441620432e+03 3.431172961046775981e+03 3.019381712451114709e+03 3.238328285798477737e+03 2.855161229894865755e+03 2.735083483805503420e+03 1.953272289566288691e+03 4.915974480380467867e+03 3.889839705874318042e+03 3.191897879011282839e+03 4.917563878485190799e+03 4.883368217474161611e+03 4.376754041165207127e+03 2.905602747673987778e+03 4.195262375249382785e+03 5.133080707025883385e+03 4.317145568990230458e+03
2.658823529411764639e+02 3.983400016793291798e+03 4.984114260740571808e+03 3.787364485745704769e+03 3.814339981726003316e+03 4.817266241924421593e+03 5.539169712449059261e+03 3.572096302123356963e+03 3.378711159452862830e+03 3.059639725218666626e+03 3.039640256062954904e+03 4.673795151379747949e+03 3.045093869415277823e+03 3.112232600542561613e+03 3.021950423926544772e+03 3.021867069321130202e+03 4.951379610566330484e+03 4.975002931776976766e+03 3.047878525716443164e+03 3.039938427673184833e+03 5.360644775238118200e+03 3.039610591954528900e+03 3.027555605539591397e+03 3.023864240462760336e+03 4.584694511940419034e+03 2.811700991825367510e+03 2.815697439684027358e+03 6.102887035872015986e+03 2.767094192287870555e+03 2.930324958718047128e+03 4.136504752704777275e+03 3.762540622325153436e+03 4.970634583511890924e+03 3.815992602224752773e+03 2.740605601436828238e+03 5.495828549442686381e+03 2.967249571847730294e+03 5.592824071585520869e+03 3.170466058124303345e+03 5.559719142714619011e+03 2.883747961336893241e+03 2.940577257798844130e+03 5.136247331967743776e+03 4.613684914898727584e+03 5.067452419923522029e+03 4.328962640804028524e+03 5.267602387888456178e+03 4.106431905802334768e+03 3.818173396115348169e+03 3.539719101746769411e+03 2.975525521347218273e+03 3.008930173717074013e+03 4.594701380209962736e+03 4.893154396821248156e+03 4.771641488131680489e+03 3.990442696970478210e+03 3.962488541595866991e+03 3.772809609501277464e+03 3.709507830747827029e+03 3.261784783056119977e+03 3.482050834019336435e+03 3.079507875589508330e+03 2.957724528881961305e+03 2.143187337105987808e+03 5.251581795825650261e+03 4.182207436152293667e+03 3.469269728808383661e+03 5.257441431132082471e+03 5.218580053772704559e+03 4.631233316955842383e+03 3.143131299716465946e+03 4.463517461208928580e+03 5.463953578838460999e+03 4.590850406939278400e+03
2.664705882352941444e+02 4.229731736997805456e+03 5.254009440374672522e+03 4.034730827450180641e+03 4.062424462662295809e+03 5.077008740826392568e+03 5.807530555350496797e+03 3.821074308641314019e+03 3.623169301851587534e+03 3.309946237354758068e+03 3.289487122119347987e+03 4.943017694950376608e+03 3.294626818674150854e+03 3.365368848291294398e+03 3.270618538618462026e+03 3.270500515410873504e+03 5.210372680087015397e+03 5.232041496015168377e+03 3.298276850764930259e+03 3.290169203612115325e+03 5.705675908516050185e+03 3.276114587577145812e+03 3.264015559920389023e+03 3.260213034858137689e+03 4.919430513591977615e+03 3.041550929133728005e+03 3.049303727403505491e+03 6.425211536688182605e+03 3.000569086501404854e+03 3.172238557386061075e+03 4.411296224414724747e+03 4.017655080911780260e+03 5.244677016121361703e+03 4.075668789928034130e+03 2.971206000149526062e+03 5.846288789089361671e+03 3.204711996273932527e+03 5.943688689259790408e+03 3.414274908901746585e+03 5.900977629811384759e+03 3.107288754546676955e+03 3.177185954556573051e+03 5.490824064924861887e+03 4.950386466580850538e+03 5.409261676057974910e+03 4.620190440252032204e+03 5.628382742108266029e+03 4.352591950479054503e+03 4.077295335986114878e+03 3.795423002191831074e+03 3.203430920951268945e+03 3.249705248237768501e+03 4.862062641487177643e+03 5.185579023991079339e+03 5.100567442180278704e+03 4.242718350443713462e+03 4.227043749412225225e+03 4.023262897426515337e+03 3.995043674130306954e+03 3.510141730823966100e+03 3.729839183149812015e+03 3.308780398388894355e+03 3.186255783872434222e+03 2.342402095512195956e+03 5.588862075087484300e+03 4.479405349539132658e+03 3.756190368012812087e+03 5.599509085809399949e+03 5.555681212465643512e+03 4.882161959615573323e+03 3.387033012649508692e+03 4.731050368518212963e+03 5.794243666205186855e+03 4.863531381090394461e+03
2.670588235294117680e+02 4.474550367728038509e+03 5.518051731601763095e+03 4.282166357848213920e+03 4.310455855053977757e+03 5.330983330727239263e+03 6.066532668247584297e+03 4.072038488316743042e+03 3.870664165125328509e+03 3.567092775076502676e+03 3.546307109483621844e+03 5.208351361448092575e+03 3.551029966345629873e+03 3.625241224938421965e+03 3.526268866588712626e+03 3.526111844254794960e+03 5.462697165550766840e+03 5.482086194595270172e+03 3.555648383901808302e+03 3.547428443312611762e+03 6.050208113812390366e+03 3.517626543957559534e+03 3.505591224875982789e+03 3.501697068279545874e+03 5.258681779341185575e+03 3.277658568686597391e+03 3.289695927961962752e+03 6.739592487552523380e+03 3.241329393343025458e+03 3.421038977111799340e+03 4.686713689370818429e+03 4.273973640018008155e+03 5.513360733076473480e+03 4.336678358617309641e+03 3.208908591405497191e+03 6.195858634302916471e+03 3.448018632946812886e+03 6.292988104040011422e+03 3.662899544518571929e+03 6.239846171016393782e+03 3.335465254944828303e+03 3.419776193878766207e+03 5.847818894695289600e+03 5.291613355495474934e+03 5.752462878018157426e+03 4.912521720030317738e+03 5.991284416661221258e+03 4.596348326835596708e+03 4.337678986451895071e+03 4.054260436471876346e+03 3.435737471497127444e+03 3.496409940647795793e+03 5.125902065054428931e+03 5.475037370271730651e+03 5.431681816747378434e+03 4.494099873037827820e+03 4.492361055292380115e+03 4.274268293007604370e+03 4.286261366611813173e+03 3.763107955006328666e+03 3.980214615088667415e+03 3.541692742681270374e+03 3.419466984781886367e+03 2.550274806912051190e+03 5.925569342627904007e+03 4.779656748993669680e+03 4.051335561110532126e+03 5.941516236949531049e+03 5.892438601494342947e+03 5.127660785611802567e+03 3.636028227691685061e+03 4.995975680778027709e+03 6.121638606510767204e+03 5.133255702942281459e+03
2.676470588235293917e+02 4.716112132075439149e+03 5.774215723687359059e+03 4.527979998257674197e+03 4.556733125102983649e+03 5.577238711365800555e+03 6.314108540387125686e+03 4.323373434022762012e+03 4.119666984578820120e+03 3.829756411460401978e+03 3.808790718187766288e+03 5.467821771244416595e+03 3.812988367464483417e+03 3.890498381700152549e+03 3.787600062421341136e+03 3.787399634502714889e+03 5.706389091470177846e+03 5.723181799741452778e+03 3.818679539774140721e+03 3.810408023132384187e+03 6.391858773727781227e+03 3.762793905824878948e+03 3.750937603096193016e+03 3.746973388310986138e+03 5.600376095127715416e+03 3.518807744764351810e+03 3.535670595447393680e+03 7.043593759443706404e+03 3.488209925061295053e+03 3.675467849291005678e+03 4.960901832076101527e+03 4.529800671192651862e+03 5.774640677528406741e+03 4.597300947849333170e+03 3.452557141449294704e+03 6.542103324119953868e+03 3.695867635959398740e+03 6.638259763387670318e+03 3.914922778846973870e+03 6.573898458791180019e+03 3.566991911163454915e+03 3.667062045945017417e+03 6.204912080350959513e+03 5.635279939090070911e+03 6.094775874047347315e+03 5.204008743895704356e+03 6.353931000479258728e+03 4.835928381082128908e+03 4.597602210353217743e+03 4.314629237372093485e+03 3.671112513821155972e+03 3.747723451473169462e+03 5.384264800659778302e+03 5.759421242359083408e+03 5.762829734705608644e+03 4.742824570338715603e+03 4.756660821221542392e+03 4.524133550935346648e+03 4.581502392769133621e+03 4.019220577313241392e+03 4.231601004168864165e+03 3.776855886144281612e+03 3.656035586657282238e+03 2.766030840322464883e+03 6.259371037591301501e+03 5.081068649043141704e+03 4.353218336756887766e+03 6.281118316924280407e+03 6.226529923775097814e+03 5.365847721694384745e+03 3.888715951922215027e+03 5.256365693164298136e+03 6.443769612544657321e+03 5.398050882726033706e+03
2.682352941176470722e+02 4.952645438075156562e+03 6.020500913521157599e+03 4.770432254769742940e+03 4.799508259048090622e+03 5.813849204435497995e+03 6.548262143726743489e+03 4.573391134645447892e+03 4.368564588955281579e+03 4.096486209600141592e+03 4.075499164381247283e+03 5.719453507078330404e+03 4.079058892198461763e+03 4.159661325397725705e+03 4.053181855653581806e+03 4.052933566190994497e+03 5.939522450459940956e+03 5.953415774298313409e+03 4.085927329513823224e+03 4.077669859261728561e+03 6.728185355121430803e+03 4.010158510794816266e+03 3.998602914891843739e+03 3.994592114342538480e+03 5.942321150458386910e+03 3.763664843622073931e+03 3.785900649047240677e+03 7.334821402898453016e+03 3.739917270292549347e+03 3.934140351577477759e+03 5.231944620374357328e+03 4.783376511511795798e+03 6.026489505563858984e+03 4.855749544738597251e+03 3.700869418447065527e+03 6.882532051998094175e+03 3.946842331173043476e+03 6.976993730917531138e+03 4.168822425662602654e+03 6.900673540902195782e+03 3.800484546939877873e+03 3.917641523496132777e+03 6.559685359651922226e+03 5.979180085106540901e+03 6.433837138553329169e+03 5.492633986107707642e+03 6.713849965756694473e+03 5.069543433819005259e+03 4.855277633010460704e+03 4.574839501038291019e+03 3.908126622454848075e+03 4.002208707527461229e+03 5.635191096238421778e+03 6.036604693520560431e+03 6.091765607816717420e+03 4.987092786719627838e+03 5.018102971067917679e+03 4.771111411145227066e+03 4.878985102313194147e+03 4.276913202411012207e+03 4.482342519782060663e+03 4.012792388825958369e+03 3.894539522917193608e+03 2.988765113756699975e+03 6.587877154280485229e+03 5.381653032833898578e+03 4.660201009810763026e+03 6.615905741245793251e+03 6.555572509155230364e+03 5.594863552383516435e+03 4.143587308847656459e+03 5.510275480570878244e+03 6.758242169845399076e+03 5.655930539275679621e+03
2.688235294117646959e+02 5.182374069688439704e+03 6.254959278649031148e+03 5.007757315038535125e+03 5.037008530943501682e+03 6.038941368472424074e+03 6.767097033982327957e+03 4.820351312680794763e+03 4.615678006020133580e+03 4.365716845683316933e+03 4.344877783142014778e+03 5.961296833492127007e+03 4.347683821052456551e+03 4.431137602864140717e+03 4.321468283026011704e+03 4.321167712439772004e+03 6.160235975168343430e+03 6.170944787510304195e+03 4.355832789636682719e+03 4.347659267360151716e+03 7.056716691243965215e+03 4.258171917728845983e+03 4.247043776974172943e+03 4.243011467187356175e+03 6.282229733858310283e+03 4.010791512895270444e+03 4.038947441897150838e+03 7.610956889816509829e+03 3.995040996636733325e+03 4.195557985813382402e+03 5.497889304746126072e+03 5.032899200802434279e+03 6.266925376980787405e+03 5.110192548743884799e+03 3.952448364503437915e+03 7.214630191229474804e+03 4.199425311584105657e+03 7.306665362341514992e+03 4.422987632932369706e+03 7.217708184988659013e+03 4.034475002949106511e+03 4.170010300796442607e+03 6.909651347751130743e+03 6.321012402820747411e+03 6.767229162115318104e+03 5.776335233976511518e+03 7.068502979968471664e+03 5.295412629753690453e+03 5.108874639436230609e+03 4.833133227134276240e+03 4.145268899416361819e+03 4.258326546366747607e+03 5.876742579195069084e+03 6.304472346217394261e+03 6.416180529576814479e+03 5.225091272234481039e+03 5.274810021939153557e+03 5.013421472854185595e+03 5.176823648598240652e+03 4.534532846580496880e+03 4.730723133882407637e+03 4.247952917772456203e+03 4.133472171729466936e+03 3.217446870941090765e+03 6.908670893728902229e+03 5.679350364199895012e+03 4.970510239850150356e+03 6.943434603104483358e+03 6.877153802378221371e+03 5.812897550255105671e+03 4.399041405926617699e+03 5.755768736512728537e+03 7.062667773237548317e+03 5.904920940661061650e+03
2.694117647058823763e+02 5.403541031405914509e+03 6.475722272725666699e+03 5.238186113679907976e+03 5.267459689293208612e+03 6.250720007067731785e+03 6.968842848448414770e+03 5.062483200425791438e+03 4.859282881393989555e+03 4.635784848739727749e+03 4.615271974903635055e+03 6.191454420681021475e+03 4.617206841554128914e+03 4.703237888120326716e+03 4.590813531596892062e+03 4.590456339446600396e+03 6.366758990760904453e+03 6.374020514630061371e+03 4.626737030747927747e+03 4.618720912818204852e+03 7.374985545054479189e+03 4.505212695188420184e+03 4.494642290870332545e+03 4.490614962827012278e+03 6.617747255196636615e+03 4.258659479722424294e+03 4.293275283515731644e+03 7.869789377327589136e+03 4.252067270541629114e+03 4.458123762183217877e+03 5.756771677988577721e+03 5.276547413325968591e+03 6.494039307853694481e+03 5.358777023097583879e+03 4.205795812295538781e+03 7.535892496779874818e+03 4.452014646101914877e+03 7.624768950137074171e+03 4.675737082281676521e+03 7.522569971014921975e+03 4.267427535004927449e+03 4.422577788511248400e+03 7.252284926010449453e+03 6.658408046631482648e+03 7.092511384440424990e+03 6.053032002037915845e+03 7.415318120369337521e+03 5.511786985677651501e+03 5.356542645123735383e+03 5.087705603651306774e+03 4.380964214291998360e+03 4.514452244773968232e+03 6.107028680448921477e+03 6.560948123679690980e+03 6.733731427847020313e+03 5.455017174782102302e+03 5.524891263288059235e+03 5.249273257853551513e+03 5.473049324730660373e+03 4.790358981454678542e+03 4.974987789378938942e+03 4.480734467408248747e+03 4.371259209933996317e+03 3.450926846036855750e+03 7.219340506826800265e+03 5.972054960314215350e+03 5.282254960760575159e+03 7.261258659523373353e+03 7.188863047458969959e+03 6.018212618536277660e+03 4.653403273287384764e+03 5.990943912727643692e+03 7.354696147167709569e+03 6.143087774373370848e+03
2.700000000000000000e+02 5.614432394302144530e+03 6.681026831864314772e+03 5.459969926466574179e+03 5.489109647430525001e+03 6.447493131684208493e+03 7.151879945629715621e+03 5.298008342423858267e+03 5.097631164743400404e+03 4.904946972627567447e+03 4.884945355207627472e+03 6.408107541622826830e+03 4.885891391957529777e+03 4.974194886750211481e+03 4.859489928609967137e+03 4.859071924207022676e+03 6.557436124737731916e+03 6.561013881012223464e+03 4.896899440400965432e+03 4.889116900886531766e+03 7.680561666374153901e+03 4.749605560992617939e+03 4.739725113209035044e+03 4.735730356662334998e+03 6.946481223389640036e+03 4.505667549601491373e+03 4.547268070011075906e+03 8.109246531135422629e+03 4.509394836748329908e+03 4.720159646420219360e+03 6.006642108070635913e+03 5.512504325697597778e+03 6.706021678489046280e+03 5.599652940802609010e+03 4.459328323734815967e+03 7.843856811207641840e+03 4.702942296773439011e+03 7.928851659099943390e+03 4.925339158071469683e+03 7.812890420128215737e+03 4.497757076592152771e+03 4.673685127739777272e+03 7.585055986355131608e+03 6.988960332324418232e+03 7.407252288055859935e+03 6.320652911491742088e+03 7.751723381055319805e+03 5.716973365690134415e+03 5.596435279258847004e+03 5.336727778531787408e+03 4.613592044806722697e+03 4.768894056664658819e+03 6.324232614767958694e+03 6.804023708974797046e+03 7.042071445421878707e+03 5.675102430947768880e+03 5.766467696511319446e+03 5.476889852211992547e+03 5.765634056538659934e+03 5.042624239474203023e+03 5.213364687249191775e+03 4.709500099637923995e+03 4.606277250833023572e+03 3.687946739933638128e+03 7.517511673251933644e+03 6.257641823193576784e+03 5.593447031351647638e+03 7.566962033981437344e+03 7.488323572758275077e+03 6.209169462274166108e+03 4.904943606387355430e+03 6.213960267445466343e+03 7.632047381132456394e+03 6.368562729728645536e+03
2.705882352941176805e+02 5.813400679932846288e+03 6.869239601975269579e+03 5.671403889084604998e+03 5.700252143528006854e+03 6.627695260526444144e+03 7.314761314394961119e+03 5.525163989045072412e+03 5.328973606469025071e+03 5.171400496143501186e+03 5.152099914665722281e+03 6.609541074937977100e+03 5.151940819790511341e+03 5.242183991003936171e+03 5.125707895756117978e+03 5.125225099489200147e+03 6.730749932625027213e+03 6.730437410753228505e+03 5.164517880020966004e+03 5.157046894638559024e+03 7.971084644343165564e+03 4.989641898262384530e+03 4.980583848742258851e+03 4.976650011946116138e+03 7.266031888806031930e+03 4.750160241955175479e+03 4.799247784152315035e+03 8.327423019776877481e+03 4.765352858666043176e+03 4.979925870680201115e+03 6.245591609506288478e+03 5.738981730784968931e+03 6.901187091282198708e+03 5.830997726315270484e+03 4.711395016975962790e+03 8.136137466779695387e+03 4.950493858389035267e+03 8.216546878284967534e+03 5.170033282274783232e+03 8.086397376201808584e+03 4.723848621610565715e+03 4.921624801787982506e+03 7.905462872190497364e+03 7.310255534203203752e+03 7.709061788912979864e+03 6.577163220172244110e+03 8.075180762784299986e+03 5.909357657380291130e+03 5.826734860238262627e+03 5.578370396231592167e+03 4.841506532160993629e+03 5.019913319034019878e+03 6.526636294570121208e+03 7.031786057127001186e+03 7.338880944011509200e+03 5.883637698330137937e+03 5.997697163731721048e+03 5.694531751893183355e+03 6.052515355380627625e+03 5.289536446185496061e+03 5.444088365955976769e+03 4.932599635849021979e+03 4.836873751032887412e+03 3.927150922722888936e+03 7.800879584571516716e+03 6.533994271176568873e+03 5.902024038074823693e+03 7.858191740315379320e+03 7.773224866041368841e+03 6.384249127364982996e+03 5.151899988384546305e+03 6.423063051505012481e+03 7.892543066564875517e+03 6.579569106041924897e+03
2.711764705882353041e+02 5.998887365193793812e+03 7.038879080156972122e+03 5.870850083815626931e+03 5.899249773646551148e+03 6.789908656310084552e+03 7.456231620132621174e+03 5.742226508925469716e+03 5.551582674477206638e+03 5.433304997310990984e+03 5.414897591739099880e+03 6.794166958299494581e+03 5.413519996680843178e+03 5.505345460057937998e+03 5.387637443461818293e+03 5.387086145167842005e+03 6.885341358656829470e+03 6.880965186424752574e+03 5.427750301402956211e+03 5.420669720584509378e+03 8.244295962463324031e+03 5.223601194748234775e+03 5.215496452893730748e+03 5.211652319759965394e+03 7.574023594113305080e+03 4.990447784758580383e+03 5.047494528047300264e+03 8.522606187058290743e+03 5.018220480977527586e+03 5.235641695138138857e+03 6.471777587475975452e+03 5.954244016435472986e+03 7.077997287680155750e+03 6.051040685978509828e+03 4.960296938918118030e+03 8.410457708673351590e+03 5.192929756478842137e+03 8.485606471990095088e+03 5.408052251607049584e+03 8.340945920717682384e+03 4.944077575978562891e+03 5.164661645944796874e+03 8.211065676765054377e+03 7.619904470608181327e+03 7.995623363698221510e+03 6.820592243024673735e+03 8.383220193673145332e+03 6.087426822616707796e+03 6.045676707405667912e+03 5.810827566880218001e+03 5.063057408448719798e+03 5.265745886961015458e+03 6.712643758483331112e+03 7.242443580683424443e+03 7.621898475509762648e+03 6.078995671332222628e+03 6.216799140714640089e+03 5.900520246169503480e+03 6.331622468116884193e+03 5.529301462438459566e+03 5.665422944448887392e+03 5.148390933471506287e+03 5.061387798654675862e+03 4.167100158112811187e+03 8.067240257701768314e+03 6.799031892404427708e+03 6.205873982955461543e+03 8.132689560362526208e+03 8.041353936666164373e+03 6.542073633075183352e+03 5.392499062291107293e+03 6.616607404267921993e+03 8.134136080379125815e+03 6.774446039560640202e+03
2.717647058823529278e+02 6.169443930377999095e+03 7.188635227293097159e+03 6.056759676318849415e+03 6.084556213529612251e+03 6.932881974236400310e+03 7.575242891264878381e+03 5.947534440058280779e+03 5.763775482532675596e+03 5.688805255387303077e+03 5.671483067880966701e+03 6.960545461903216165e+03 5.668778194105518196e+03 5.761807629036217804e+03 5.643430803744411605e+03 5.642807624228964414e+03 7.020027461045526252e+03 7.011450021534863481e+03 5.684737652172950220e+03 5.678126143372501247e+03 8.498069547605093248e+03 5.449773191656059680e+03 5.442749348575892327e+03 5.439023772748426381e+03 7.868136144493024403e+03 5.224827206079115058e+03 5.290267667169400738e+03 8.693298560090139290e+03 5.266247705428127119e+03 5.485507496344806896e+03 6.683448723874046664e+03 6.156631487105980341e+03 7.235081581463497059e+03 6.258086795709784383e+03 5.204307735805842640e+03 8.664680497928955447e+03 5.428507197761408861e+03 8.733931218005125629e+03 5.637645075115251529e+03 8.574547485376238910e+03 5.156830717794652628e+03 5.401054625566885079e+03 8.499519050143033382e+03 7.915574026193951795e+03 8.264725211588702223e+03 7.049059826026710653e+03 8.673472724245531936e+03 6.249789315147798334e+03 6.251572896556640444e+03 6.032340808694858424e+03 5.276611312756526786e+03 5.504624385468382570e+03 6.880802577151255718e+03 7.434350314851038092e+03 7.888951112495281450e+03 6.259653068485431504e+03 6.422078755141234979e+03 6.093260152223333534e+03 6.600903061848968719e+03 5.760146462556475853e+03 5.875685262152091127e+03 5.355261431427418756e+03 5.278171498815235282e+03 4.406287095662853972e+03 8.314520377649783768e+03 7.050738248710410517e+03 6.502861305150339831e+03 8.388322643894411158e+03 8.290625230107110838e+03 6.681424180034403435e+03 5.624979310467865616e+03 6.793080587493088387e+03 8.354938183195064994e+03 6.951670939836337311e+03
2.723529411764706083e+02 6.323751280864811633e+03 7.317386151172135214e+03 6.227693768229636589e+03 6.254736961971250821e+03 7.055546305755829053e+03 7.670966715174251476e+03 6.139510813188854627e+03 5.963936187316869109e+03 5.936054880288754248e+03 5.920007343798784859e+03 7.107404121810613105e+03 5.915872602204225586e+03 6.009710868848450446e+03 5.891245902588383615e+03 5.890547867720743852e+03 7.133816115746487412e+03 7.120937683578510587e+03 5.933627470264619660e+03 5.927562520277309886e+03 8.730440396008996686e+03 5.666480217818325400e+03 5.660659762263499942e+03 5.657081293151389218e+03 8.146135730175450590e+03 5.451603991475995826e+03 5.525827832118463448e+03 8.838236631051748191e+03 5.507677201810263796e+03 5.727727480672320780e+03 6.878968549033424097e+03 6.344582719980472575e+03 7.371254494129436353e+03 6.450539519036137790e+03 5.441695300172966199e+03 8.896837271306527327e+03 5.655502653180544257e+03 8.959598967712428930e+03 5.857099949359477250e+03 8.785396386597134551e+03 5.360527226070328652e+03 5.629079271729892753e+03 8.768603670516375132e+03 8.195018271427550644e+03 8.514290088694810038e+03 7.260801705692487303e+03 8.943702418631022738e+03 6.395193581243371227e+03 6.442834932665056840e+03 6.241222503838004741e+03 5.480573269344985420e+03 5.734800984323655030e+03 7.029822981550586519e+03 7.606027771660628787e+03 8.137983656553444234e+03 6.424211109299548298e+03 6.611949613936498281e+03 6.271261215862433346e+03 6.858350179217552068e+03 5.980343300959701992e+03 6.073267425082764930e+03 5.551649530859231163e+03 5.485611482770567818e+03 4.643153491849420789e+03 8.540805130318374722e+03 7.287187875302864995e+03 6.790853994314568808e+03 8.623112155793123748e+03 8.519108707565012082e+03 6.801256750479785296e+03 5.847614117606600303e+03 6.951122080563017334e+03 8.553245212514550076e+03 7.109879674566287576e+03
2.729411764705882320e+02 6.460636863097975947e+03 7.424211536226741373e+03 6.382342353677473511e+03 6.408488274421756614e+03 7.157027796240524367e+03 7.742802614558490859e+03 6.316684075115047563e+03 6.150537451391136528e+03 6.173240019920682244e+03 6.158651441969983352e+03 7.233653739006069372e+03 6.152992002440161741e+03 6.247231514011981744e+03 6.129269944536855292e+03 6.128494506187488696e+03 7.225917516361532762e+03 7.208677635011682469e+03 6.172597668137524124e+03 6.167154521648481932e+03 8.939630325796648322e+03 5.872099100527288101e+03 5.867597686695567063e+03 5.864194212326273373e+03 8.405904520179501560e+03 5.669113891465227425e+03 5.752459152736356373e+03 8.956405601689782998e+03 5.740766584217831223e+03 5.960532696929509257e+03 7.056837055255489759e+03 6.516655242539404753e+03 7.485530163334149620e+03 6.626921933676925619e+03 5.670743676599146056e+03 9.105153700352668238e+03 5.872234176973946887e+03 9.160889740504857400e+03 6.064766712195528271e+03 8.971893174560118496e+03 5.553639407723787372e+03 5.847049936948356844e+03 9.016255732322035328e+03 8.456108144945617823e+03 8.742402768908477810e+03 7.454192795265636960e+03 9.191835945949678717e+03 6.522544066068801840e+03 6.617994721487593779e+03 6.435878274182501627e+03 5.673407610911724078e+03 5.954570081488684082e+03 7.158594096264052496e+03 7.756183912845351188e+03 8.367085890193096930e+03 6.571413757637247727e+03 6.784954752220088267e+03 6.433157857363707080e+03 7.102028509308975117e+03 6.188231227302872867e+03 6.256658087222129325e+03 5.736065180404935745e+03 5.682150005231732393e+03 4.876108437033085465e+03 8.744363364446735432e+03 7.506571820457001195e+03 7.067750757260910177e+03 8.835259335454307802e+03 8.725055199667620400e+03 6.900714537890608881e+03 6.058734305781573312e+03 7.089540968090736897e+03 8.727558928831460435e+03 7.247883974431628303e+03
2.735294117647058556e+02 6.579089340116028325e+03 7.508402668673198605e+03 6.519541175868125720e+03 6.544653878451518722e+03 7.236657189771896810e+03 7.790382613908402163e+03 6.477707310410660284e+03 6.322160465053037115e+03 6.398602867437935856e+03 6.385649938707977526e+03 7.338401199976417956e+03 6.378380163707974134e+03 6.472605527579023146e+03 6.355742811085359790e+03 6.354887929210325638e+03 7.295752123698273863e+03 7.274130514224646504e+03 6.399880037155163336e+03 6.395130688830498002e+03 9.124070744739294241e+03 6.065082444114331338e+03 6.062007225947550978e+03 6.058805618751332986e+03 8.645468493504595244e+03 5.875744452397951136e+03 5.968491331625439670e+03 9.047049901868240340e+03 5.963810624781329352e+03 6.182203874855792492e+03 7.215710143778223028e+03 6.671544245993915865e+03 7.577133393753621021e+03 6.785895999556290008e+03 5.889775089789935919e+03 9.288072315590314247e+03 6.077083327836408898e+03 9.336307416720161200e+03 6.259078481887968337e+03 9.132664609923649550e+03 5.734712720296388397e+03 6.053341779896141816e+03 9.240593838349353973e+03 8.696859522987690070e+03 8.947334957033410319e+03 7.627768320337179830e+03 9.415989688446234140e+03 6.630914710254035526e+03 6.775723754484325582e+03 6.614827893888833387e+03 5.853658111854898380e+03 6.162290473185087649e+03 7.266197243525537488e+03 7.883728919718691941e+03 8.574517550560138261e+03 6.700163714173947483e+03 6.939785512107921932e+03 6.577726778420628762e+03 7.330099780590600858e+03 6.382238669805678910e+03 6.424462320641723636e+03 5.907109465610221378e+03 5.866305371654111696e+03 5.103547597814323126e+03 8.923669730729019648e+03 7.707221374448487040e+03 7.331508179823817954e+03 9.023168646366935718e+03 8.906918807253359773e+03 6.979137369780856716e+03 6.256750023132243768e+03 7.207330547101861157e+03 8.876605578470389446e+03 7.364685879934949298e+03
2.741176470588235361e+02 6.678270674401206634e+03 7.569469033337690234e+03 6.638286202772964316e+03 6.662239363727942873e+03 7.293975878840992664e+03 7.813572128676329157e+03 6.621375578237735681e+03 6.477513391060379035e+03 6.610464518520989259e+03 6.599313873340098326e+03 7.420959211422509725e+03 6.590358733361978921e+03 6.684151445774055901e+03 6.568979944470972441e+03 6.568044123938747362e+03 7.342955331182804912e+03 7.316972032057436991e+03 6.613783282466500168e+03 6.609795468465464182e+03 9.282422029891431521e+03 6.243978856707979503e+03 6.242426949751249595e+03 6.239452688171560112e+03 8.863023091018256309e+03 6.069956032055571086e+03 6.172321331936646857e+03 9.109679572828283199e+03 6.175163351890812919e+03 6.391093669638063147e+03 7.354416460464835836e+03 6.808099220788575622e+03 7.645507262447855283e+03 6.926279554819733676e+03 6.097171635929386866e+03 9.444271569050004473e+03 6.268516303676972711e+03 9.484597850912570721e+03 6.438572157297187005e+03 9.266579932733620808e+03 5.902384743419365805e+03 6.246411878169530610e+03 9.439943155696970280e+03 8.915458948657986184e+03 9.127567180153964728e+03 7.780242358455386238e+03 9.614493732869494124e+03 6.719559544233264205e+03 6.914849873643735918e+03 6.776724518304651610e+03 6.019967018383817958e+03 6.356406774993396539e+03 7.351916032834437829e+03 7.987787705675080360e+03 8.758730535347312980e+03 6.809535693380333214e+03 7.075298064502391753e+03 6.703902372376081075e+03 7.540846753876393450e+03 6.560903782876021978e+03 6.575419622993688790e+03 6.063492861565388921e+03 6.036691229366824700e+03 5.323872993985964058e+03 9.077423422218411361e+03 7.887629626234865100e+03 7.580167239737441378e+03 9.185467528067973035e+03 9.063376038495294779e+03 7.036067795247279719e+03 6.440171506690601746e+03 7.303679933622589488e+03 8.999350650613530888e+03 7.459489103819491902e+03
2.747058823529411598e+02 6.757525302236995230e+03 7.607141251346441095e+03 6.737745491390156531e+03 6.760423787368897138e+03 7.328738632710033926e+03 7.812467058498123151e+03 6.746640870023826210e+03 6.615447725599319710e+03 6.807246675256195886e+03 6.798052610934289987e+03 7.480852557828227873e+03 6.787348919896661755e+03 6.880292146493614382e+03 6.767394142469872349e+03 6.766376441807882657e+03 7.367378545950545231e+03 7.337093525007386233e+03 6.812714873513649763e+03 6.809551132304118255e+03 9.413588999864985453e+03 6.407451684781423864e+03 6.407508749726731367e+03 6.404785608138005955e+03 9.056956206505796217e+03 6.250301678546433322e+03 6.362434105351521794e+03 9.144072223065511935e+03 6.373259254971460905e+03 6.585648092158692634e+03 7.471971510777215371e+03 6.925337941610776397e+03 7.690317109238946614e+03 7.047060805174144662e+03 6.291396153790706194e+03 9.572680992103316385e+03 6.445103738165011237e+03 9.604762911867570438e+03 6.601907243269195533e+03 9.372763023396912104e+03 6.055402795108953796e+03 6.424819273722080652e+03 9.612856071548418186e+03 9.110286731156726091e+03 9.281807276757226646e+03 7.910523402379047184e+03 9.785912423979747473e+03 6.787920401729293189e+03 7.034371693061315455e+03 6.920371725495352621e+03 6.171092555485100092e+03 6.535469560331199318e+03 7.415243120717232159e+03 8.067708847561672883e+03 8.918388106421205521e+03 6.898786959394939913e+03 7.190527189981383344e+03 6.810789499783524661e+03 7.732695396107886154e+03 6.722893271658218509e+03 6.708419779189338442e+03 6.204051725677596551e+03 6.192034481084597246e+03 5.535513070020695523e+03 9.204563253683314542e+03 8.046470414426653406e+03 7.811878629703801380e+03 9.321022601015940381e+03 9.193341188265299934e+03 7.071253938690531868e+03 6.607628324971254187e+03 7.377982361936621601e+03 9.095009718907242132e+03 7.531707038372152965e+03
2.752941176470588402e+02 6.816386367319313649e+03 7.621370648234052169e+03 6.817268326403323954e+03 6.838568716841969945e+03 7.340912820156429007e+03 7.787387386185211653e+03 6.852624662577407435e+03 6.734972498388229724e+03 6.987492228523741687e+03 6.980394587343999774e+03 7.517820990169204379e+03 6.967892076139109122e+03 7.059575386078671727e+03 6.949516214115220464e+03 6.948416294783944977e+03 7.369086924097546216e+03 7.334598965050251536e+03 6.995201794545427219e+03 6.992918616740621474e+03 9.516732657773327446e+03 6.554296214950165449e+03 6.556035208602303101e+03 6.553584951474255831e+03 9.225868212895053148e+03 6.415446005293910275e+03 6.537422339496687528e+03 9.150270768656349901e+03 6.556633695499158421e+03 6.764426650343817528e+03 7.567588748374552779e+03 7.022457922721984687e+03 7.711451071685874012e+03 7.147410104326595501e+03 6.471012294055633902e+03 9.672492371548820302e+03 6.605539307290863690e+03 9.696070461676312334e+03 6.747883046992913478e+03 9.450600593026050774e+03 6.192640007683437943e+03 6.587243641969276723e+03 9.758129408904796946e+03 9.279937067558637864e+03 9.409005295848210153e+03 8.017726936265275981e+03 9.929061245496091942e+03 6.835631572947423592e+03 7.133470143568525600e+03 7.044738275943635927e+03 6.305924745427782000e+03 6.698154133395739336e+03 7.455883664623190271e+03 8.123069972871873688e+03 9.052380628024026009e+03 6.967364876440507942e+03 7.284697235232511957e+03 6.897673567074529274e+03 7.904235011833439785e+03 6.867019365453994396e+03 6.822516417474732407e+03 6.327762939710981300e+03 6.331191574018077517e+03 5.736942857169098716e+03 9.304278893338258058e+03 8.182614502700070261e+03 8.024926892105270781e+03 9.428951950225166001e+03 9.295978018992860598e+03 7.084648995576956622e+03 6.757886976601920651e+03 7.429840274284077168e+03 9.163055310677867965e+03 7.580967392823740738e+03
2.758823529411764639e+02 6.854578565351795078e+03 7.612325265115586262e+03 6.876390726693227407e+03 6.896223481760986942e+03 7.330674450401406830e+03 7.738867776394338762e+03 6.938626885413840682e+03 6.835264917571257683e+03 7.149882235064994347e+03 7.145004488353681154e+03 7.531818462147695755e+03 7.130666682535545988e+03 7.220690702689284080e+03 7.114012150699831182e+03 7.112830324459220719e+03 7.348353859874173395e+03 7.309799029636339583e+03 7.159907775346556264e+03 7.158554786681477708e+03 9.591276823947076991e+03 6.683453420377195471e+03 6.686933551894407174e+03 6.684775654735234639e+03 9.368587191719931070e+03 6.564180733840925313e+03 6.696002982714334394e+03 9.128577304279198870e+03 6.723940142007944814e+03 6.926119235594836027e+03 7.640686684453994530e+03 7.098844069426208080e+03 7.709016968936536614e+03 7.226687985886503157e+03 6.634701411859260588e+03 9.743165907151384090e+03 6.748654798141962601e+03 9.758059367211517383e+03 6.875452290652392549e+03 9.499745548924964169e+03 6.313108162059600545e+03 6.732500612950002505e+03 9.874816363961022944e+03 9.423233362480734286e+03 9.508363417110813316e+03 8.101183718661569401e+03 1.004301840076266308e+04 6.862521053907144960e+03 7.211516387162390856e+03 7.148969220880757348e+03 6.423498012942392052e+03 6.843275881022828798e+03 7.473755140984429090e+03 8.153679027449231398e+03 9.159836667203546313e+03 7.014910932788748141e+03 7.357229251806909815e+03 6.964026985222208168e+03 8.054234264942752816e+03 6.992253196693156497e+03 6.916936961527351741e+03 6.433755278733754494e+03 6.453161506506666228e+03 5.926701809541770672e+03 9.376017302981521425e+03 8.295141419978173872e+03 8.217750473510173833e+03 9.508632531173680036e+03 9.370706568445981247e+03 7.076407666380438059e+03 6.889864929250179557e+03 7.459066663764935583e+03 9.203219132557220291e+03 7.607113118182541257e+03
2.764705882352941444e+02 6.872018902778100710e+03 7.580382929499397505e+03 6.914839419977736725e+03 6.933128932474276553e+03 7.298401246474803884e+03 7.667644750005420974e+03 7.004133750932226576e+03 6.915680408944657756e+03 7.293253983454561421e+03 7.290701529283569471e+03 7.523009786106930733e+03 7.274506531563060889e+03 7.362487272100769587e+03 7.259701448330140920e+03 7.258438652261943389e+03 7.305652562295574171e+03 7.263202010921732835e+03 7.305651571785027045e+03 7.305270897736590086e+03 9.636912520726862567e+03 6.794024012070260142e+03 6.799289878861300167e+03 6.797441271730781409e+03 9.484183384432186358e+03 6.695441260067605072e+03 6.837034828706714507e+03 9.079543076144134830e+03 6.873968794082305067e+03 7.069564155823220972e+03 7.690894404382503126e+03 7.154075066857690217e+03 7.683336300044849850e+03 7.284451879492673470e+03 6.781280780247610892e+03 9.784433801360573852e+03 6.873435929876248338e+03 9.790541780573821597e+03 6.983734848088703984e+03 9.520117497778814140e+03 6.415970767550034907e+03 6.859557824779798466e+03 9.962236974228117106e+03 9.539242647116543594e+03 9.579344059837765599e+03 8.160446517278907777e+03 1.012713484813733157e+04 6.868609645130755780e+03 7.268078326806212317e+03 7.232396205770843153e+03 6.523003790384142121e+03 6.969806289418500455e+03 7.468984556701119800e+03 8.159573007490049349e+03 9.240132526783045250e+03 7.041262797217199477e+03 7.407746609103754054e+03 7.009514122253375717e+03 8.181657350341552956e+03 7.097738208077999843e+03 6.991091718851855148e+03 6.521320390890336967e+03 6.557099032242004796e+03 6.103414283970848373e+03 9.419486755657839240e+03 8.383350255138673674e+03 8.388963216828107761e+03 9.559705371593952805e+03 9.417207651405895376e+03 7.046879688229146268e+03 7.002644982398409411e+03 7.465684115739388290e+03 9.215491452805721565e+03 7.610200790264309944e+03
2.770588235294117680e+02 6.868813582794541617e+03 7.526120974237808696e+03 6.932531543230644274e+03 6.949216912490846880e+03 7.244662541156508269e+03 7.574641412817993114e+03 7.048821012695983882e+03 6.975757809405980879e+03 7.416613681940346396e+03 7.416472519406585889e+03 7.491763409568759926e+03 7.398413397835242904e+03 7.483986461292938657e+03 7.385570103497096170e+03 7.384227897764199042e+03 7.241644589669665038e+03 7.195501925281731019e+03 7.431420000190033534e+03 7.432045647185984308e+03 9.653596390531743964e+03 6.885277583727116507e+03 6.892358555954960138e+03 6.890833462520891771e+03 9.571977093992501977e+03 6.808318293243672088e+03 6.959531293551497583e+03 9.003954828883141090e+03 7.005660253033705885e+03 7.193760930551963611e+03 7.718052197999019882e+03 7.187925110858502194e+03 7.634934736160813372e+03 7.320458067953218233e+03 6.909716920014558127e+03 9.796298047983815195e+03 6.979033152054337734e+03 9.793599713970546873e+03 7.072026482721958018e+03 9.511897907099346412e+03 6.500551503647555364e+03 6.967546052144914029e+03 1.001998189587231354e+04 9.627283575548859517e+03 9.621671810124827971e+03 8.195291603972216762e+03 1.018103728343060902e+04 6.854106247262573561e+03 7.302922454448741519e+03 7.294542938747365042e+03 6.603798478069159501e+03 7.076883869117048562e+03 7.441901843798716982e+03 8.141012202116013214e+03 9.292895621068853870e+03 7.046452297442550844e+03 7.436075903327464403e+03 7.033991893346526922e+03 8.285674282662270343e+03 7.182798442950495883e+03 7.044578317922261704e+03 6.589919322385495434e+03 6.642323112578914333e+03 6.265805757677732799e+03 9.434655199594915757e+03 8.446764896372520525e+03 8.537369694382541638e+03 9.582074773727286811e+03 9.435421581322085331e+03 6.996600305832325830e+03 7.095484532674162438e+03 7.449919655844529188e+03 9.200115374379065543e+03 7.590494930161299635e+03
2.776470588235293917e+02 6.845252437453766106e+03 7.450303486937325033e+03 6.929571845048062642e+03 6.944607251866842489e+03 7.170206810102278723e+03 7.460949983202408475e+03 7.072554920600859077e+03 7.015222532028362366e+03 7.519147600246994443e+03 7.521483139307050806e+03 7.438641649225961373e+03 7.501568296173551062e+03 7.584392605758650461e+03 7.490781979574011530e+03 7.489362567501679223e+03 7.157166044531120860e+03 7.107564304668575460e+03 7.536379242367483130e+03 7.538036695605488603e+03 9.641545833194813895e+03 6.956659929236407152e+03 6.965569739285633659e+03 6.964379501570484535e+03 9.631543653843767970e+03 6.902067905629302004e+03 7.062671522280194040e+03 8.902818155909963025e+03 7.118117757944337427e+03 7.297881593994917239e+03 7.722209556068477468e+03 7.200363250415005496e+03 7.564529935244924673e+03 7.334661222954369805e+03 7.019137539311615910e+03 9.779024765984597252e+03 7.064770756080944921e+03 9.767578137575928849e+03 7.139805666298370852e+03 9.475521889558805924e+03 6.566340910757225174e+03 7.055768554426256742e+03 1.004791296546469857e+04 9.686931357652652878e+03 9.635332108886485003e+03 8.205717413327120084e+03 1.020462820989659849e+04 6.819400807958390033e+03 7.316013219024368482e+03 7.335128313465406791e+03 6.665409593467051309e+03 7.163823430890840427e+03 7.393030674072455440e+03 8.098471640982383178e+03 9.318004936132143484e+03 7.030700832484807506e+03 7.442245347600645800e+03 7.037507863793581237e+03 8.365668990929929350e+03 7.246944864104991211e+03 7.077183804857106225e+03 6.639187014700478358e+03 6.708323641378349748e+03 6.412718587743157514e+03 9.421745323497094432e+03 8.485136453575569249e+03 8.661978703863362171e+03 9.575904315864519958e+03 9.425543714489134800e+03 6.926278441665564060e+03 7.167822946206599227e+03 7.412197108124191800e+03 9.157577898853101942e+03 7.548459735983499741e+03
2.782352941176470722e+02 6.801800779894347215e+03 7.353866122079333763e+03 6.906247286457769405e+03 6.919602079622930432e+03 7.075946908434874786e+03 7.327812411290923592e+03 7.075390161878917752e+03 7.033986696388295968e+03 7.600230100309308909e+03 7.605086440016680172e+03 7.364388323973383194e+03 7.583339612085629597e+03 7.663100799073128655e+03 7.574687300440328727e+03 7.573193502605455251e+03 7.053211764039197988e+03 7.000410001158087653e+03 7.619883309696760080e+03 7.622589202575884883e+03 9.601230313633066544e+03 7.007797531474897369e+03 7.018534127499454371e+03 7.017687087661344776e+03 9.662714386245736023e+03 6.976119047941400822e+03 7.145808961398885913e+03 8.777338219243321873e+03 7.210616847483193851e+03 7.381279147123358598e+03 7.703620089210480728e+03 7.191549713753073775e+03 7.473016983205040560e+03 7.327210948013668713e+03 7.108840805953780546e+03 9.733134700675727800e+03 7.130153113155283791e+03 9.713074404324224815e+03 7.186737463212563853e+03 9.411666444256927207e+03 6.613000427527960710e+03 7.123707701876862302e+03 1.004615962827552175e+04 9.718018668484004593e+03 9.620565987725241939e+03 8.191939961468926413e+03 1.019808177782912935e+04 6.765054743799726566e+03 7.307509385680836203e+03 7.354066480903089541e+03 6.707539156926924989e+03 7.230122388706396123e+03 7.323076650012745631e+03 8.032629540321941931e+03 9.315587506297561049e+03 6.994412190637922322e+03 7.426480103903427334e+03 7.020295562637774310e+03 8.421243895459741907e+03 7.289878665705684398e+03 7.088883842231995914e+03 6.668934066704076031e+03 6.754765343904206020e+03 6.543125812346811472e+03 9.381225902940215747e+03 8.498442173611720136e+03 8.762013513978874471e+03 9.541608964361055769e+03 9.388016170761087778e+03 6.836782585467991339e+03 7.219286017234059727e+03 7.353126686178122327e+03 9.088597612468553052e+03 7.484747974559799331e+03
2.788235294117646959e+02 6.739088921836927511e+03 7.237899064595795608e+03 6.863018946273748952e+03 6.874677568437788068e+03 6.962943492590915412e+03 7.176599748494457344e+03 7.057565163008384843e+03 7.032146513871211937e+03 7.659428913770051622e+03 7.666828350660329306e+03 7.269914116956528233e+03 7.643288462464969598e+03 7.719701799392911198e+03 7.636828270640793562e+03 7.635263500995959475e+03 6.930917642088218599e+03 6.875197313113688324e+03 7.681479531726540699e+03 7.685241453276029461e+03 9.533359170136764078e+03 7.038499248521182381e+03 7.051044878615965899e+03 7.050546317507092681e+03 9.665573761153653322e+03 7.030078200983418355e+03 7.208477075570043780e+03 8.628898251029590028e+03 7.282612238312685804e+03 7.443493256779307558e+03 7.662733458540481479e+03 7.161829633321305664e+03 7.361451781203848441e+03 7.298445433137034343e+03 7.178302031488920875e+03 9.659390263417288224e+03 7.174868243395478203e+03 9.630924145970977406e+03 7.212674544874639651e+03 9.321235454672903870e+03 6.640363791174242579e+03 7.171028840582085650e+03 1.001511110296901461e+04 9.720632764048716126e+03 9.577861205589324527e+03 8.154385098435002874e+03 1.016183505159856577e+04 6.691789166756953819e+03 7.277757652715034055e+03 7.351464043764965027e+03 6.730064417833060361e+03 7.275464364143973398e+03 7.232913192954132683e+03 7.944353148331923876e+03 9.286011375418675016e+03 6.938162710623698331e+03 7.389194858143615420e+03 6.982767147532607851e+03 8.452221220114486641e+03 7.311491697701834710e+03 7.079839155138143724e+03 6.679145869764929557e+03 6.781489114199827782e+03 6.656142989247780861e+03 9.313799766838865253e+03 8.486881098139088863e+03 8.836918651214282363e+03 9.479843696859101328e+03 9.323516168653455679e+03 6.729125003258559445e+03 7.249687591400177553e+03 7.273492150507479892e+03 8.994109317414809993e+03 7.400187522894983886e+03
2.794117647058823763e+02 6.657899623034553770e+03 7.103628351237275638e+03 6.800511701332385201e+03 6.810473336915036271e+03 6.832386940766180487e+03 7.008790469139059496e+03 7.019494727288065405e+03 7.009977065648484313e+03 7.696507399989483929e+03 7.706450265084732564e+03 7.156280090574810856e+03 7.681171052378251261e+03 7.753983886565060857e+03 7.676941685302147562e+03 7.675309927754209639e+03 6.791541823183186352e+03 6.733202888313558105e+03 7.720911108076050368e+03 7.725727558536250399e+03 9.438866317599482500e+03 7.048755366043835238e+03 7.063076842686674354e+03 7.062928967415725310e+03 9.640452828187148043e+03 7.063731436272993051e+03 7.250392452549229347e+03 8.459036354256251798e+03 7.333742026735291802e+03 7.484253025751937457e+03 7.600184803379361256e+03 7.111724071206891495e+03 7.231032621389477754e+03 7.248882655790956051e+03 7.227177564521894055e+03 9.558779401900181256e+03 7.198788461499503683e+03 9.522184239216874630e+03 7.217655407480216127e+03 9.205341933240300932e+03 6.648435874730268552e+03 7.197581312807314134e+03 9.955405909489767510e+03 9.695108891128224059e+03 9.507939952492200973e+03 8.093677907945070729e+03 1.009657647331813496e+04 6.600471128293803304e+03 7.227283649935557150e+03 7.327614465145253234e+03 6.733036017793397150e+03 7.299719907230108220e+03 7.123565553027021451e+03 7.834682324981655256e+03 9.229875169242261109e+03 6.862689397582456877e+03 7.330983810076883856e+03 6.925503685381666401e+03 8.458640967606896083e+03 7.311864080133385869e+03 7.050389276435606007e+03 6.669979152856540168e+03 6.788510601669991047e+03 6.751037822978003533e+03 9.220388688827280930e+03 8.450866502741129807e+03 8.886363399844094602e+03 9.391488996890473572e+03 9.232941284197022469e+03 6.604444366773186630e+03 7.259028353776941003e+03 7.174235919154316434e+03 8.875246010569853752e+03 7.295765821344525648e+03
2.800000000000000000e+02 6.559153772655469766e+03 6.952396089752498483e+03 6.719501850584070780e+03 6.727779935605899482e+03 6.685578197123883911e+03 6.825948375904512432e+03 6.961760420601332044e+03 6.967924575079457099e+03 7.711423891862289565e+03 7.723888753072186773e+03 7.024679640780498630e+03 7.696938141101241854e+03 7.765931831900750694e+03 7.694958746729598715e+03 7.693264496070744826e+03 6.636444791765862647e+03 6.575801795962015603e+03 7.738116777307027405e+03 7.743977283137321137e+03 9.318892174912665723e+03 7.038733887782290367e+03 7.054783125601454230e+03 7.054985091680821824e+03 9.587919365149469741e+03 7.077043798017642985e+03 7.271455060053502166e+03 8.269421146888791554e+03 7.363829133970164548e+03 7.503476991590327998e+03 7.516781691873925411e+03 7.041918862718602213e+03 7.083080626726141418e+03 7.179209111203437715e+03 7.255306019182310592e+03 9.432496796886334778e+03 7.201968475278925325e+03 9.388113097599516550e+03 7.201900017183542332e+03 9.065287825103881914e+03 6.637389056268075365e+03 7.203396864671948606e+03 9.867916762006398130e+03 9.642020246055661119e+03 9.411743586388269250e+03 8.010629574737768053e+03 1.000323076524678254e+04 6.492098343899926476e+03 7.156780663898801322e+03 7.282989972383969871e+03 6.716673631542448675e+03 7.302944453493958463e+03 6.996193227103266508e+03 7.704811234454367877e+03 9.147994675759242455e+03 6.768876033077144712e+03 7.252608421231696411e+03 6.849243255008416781e+03 8.440755846906909937e+03 7.291259086521294194e+03 7.001043943307987320e+03 6.641756181332609231e+03 6.776016353809337488e+03 6.827237389522613739e+03 9.102115678929541900e+03 8.391015435483483088e+03 8.910241925825992439e+03 9.277633533089507182e+03 9.117392005988069286e+03 6.463987358516065797e+03 7.247491942719501822e+03 7.056442450027439008e+03 8.733318762139937462e+03 7.172612588160022824e+03
2.805882352941176805e+02 6.443894646587829811e+03 6.785639893300143740e+03 6.620903009711263621e+03 6.627524532754936445e+03 6.523908863469731841e+03 6.629700322322723878e+03 6.885098763798918299e+03 6.906596472942360379e+03 7.704328232872710942e+03 7.719272369133631400e+03 6.876419377658190569e+03 7.690731743549968996e+03 7.755723036260198569e+03 7.691001993804446101e+03 7.689250221385046643e+03 6.467069095807636586e+03 6.404447105951212507e+03 7.733227644832131773e+03 7.740112913756845046e+03 9.174763383385805355e+03 7.008774475164642354e+03 7.026489216643299187e+03 7.027037193211376689e+03 9.508764741322562259e+03 7.070156054447069437e+03 7.271745852878055302e+03 8.061826589577056438e+03 7.372879982914178072e+03 7.501270377940208164e+03 7.413489144007812683e+03 6.953251522018124888e+03 6.919019204752863516e+03 7.090266597887649368e+03 7.262706829169940647e+03 9.281922792386507354e+03 7.184640743384420603e+03 9.230148914267794680e+03 7.165802787154032558e+03 8.902541959176058299e+03 6.607557252789843915e+03 7.188685362250061189e+03 9.753733760002565759e+03 9.562164844589338827e+03 9.290414714426184219e+03 7.906221982345657125e+03 9.882940822270898934e+03 6.367782659606333254e+03 7.067096282753600462e+03 7.218231012524413018e+03 6.681359313345589726e+03 7.285373749488215253e+03 6.852071149844889987e+03 7.556068624124951384e+03 9.041386750282656067e+03 6.657737722226930600e+03 7.154983114324878443e+03 6.754867274268901383e+03 8.399023200837091281e+03 7.250115601812874957e+03 6.932472272859799887e+03 6.594956629053130200e+03 6.744357638447578211e+03 6.884333021314157122e+03 8.960284951504216224e+03 8.308135720404259700e+03 8.908670105991608580e+03 9.139554459597802634e+03 8.978152040531773309e+03 6.309089613928016661e+03 7.215438469320012700e+03 6.921320212730804997e+03 8.569794775784434023e+03 7.031981250805351010e+03
2.811764705882353041e+02 6.313271160019444324e+03 6.604871982369674697e+03 6.505750638308986709e+03 6.510755254566337499e+03 6.348841101085165064e+03 6.421714340453988370e+03 6.790387744057863529e+03 6.826749474357936379e+03 7.675555713214207572e+03 7.692915890767278142e+03 6.712899229173472122e+03 7.662879098933196474e+03 7.723720988019333163e+03 7.665379560298069919e+03 7.663575679666098949e+03 6.284918842972780112e+03 6.220649456128321617e+03 7.706561278874790332e+03 7.714443576478158320e+03 9.007970603872579886e+03 6.959380041639088631e+03 6.978684760591713712e+03 6.979572044917531457e+03 9.403988150549750571e+03 7.043379089123824087e+03 7.251521923127834270e+03 7.838106694667316333e+03 7.361080582850928295e+03 7.477919680714268907e+03 7.291412956254376695e+03 6.846696309858530185e+03 6.740353124610562190e+03 6.983037242042224534e+03 7.249576154316730936e+03 9.108600521522717827e+03 7.147208512687548136e+03 9.049886124851760542e+03 7.109923434184463076e+03 8.718716520524749285e+03 6.559427821346312157e+03 7.153828110399218531e+03 9.614144430966467553e+03 9.456549567252799534e+03 9.145277121086635816e+03 7.781590555834874067e+03 9.737046879656114470e+03 6.228732569853407767e+03 6.959217385196104260e+03 7.134133809158267468e+03 6.627628657088702312e+03 7.247416667447361760e+03 6.692570220637957391e+03 7.389896984561832141e+03 8.911250829713755593e+03 6.530404224379058178e+03 7.039159396805026518e+03 6.643385274802465574e+03 8.334094256444928760e+03 7.189038223614436902e+03 6.845490030492679580e+03 6.530207574414949704e+03 6.694041944735101424e+03 6.922082666482249806e+03 8.796360254310235177e+03 8.203210569095916071e+03 8.881979287536854827e+03 8.978695860645015273e+03 8.816666751605231184e+03 6.141156219801629959e+03 7.163395773707680746e+03 6.770182766499913669e+03 8.386274168406771423e+03 6.875229400444631210e+03
2.817647058823529278e+02 6.168520271884822250e+03 6.411658296719031569e+03 6.375185433734115577e+03 6.378624486337283088e+03 6.161887450812721909e+03 6.203678374185967186e+03 6.678631742566868525e+03 6.729276004137524978e+03 7.625618431720461558e+03 7.645311971193509635e+03 6.535592239147159489e+03 7.613884231802285285e+03 7.670466298929491131e+03 7.618577036946360749e+03 7.616726810690881393e+03 6.091539448765655834e+03 6.025956941197287051e+03 7.658613398822592899e+03 7.667456970562971946e+03 8.820144959929501056e+03 6.891206313881245478e+03 6.912013263914867821e+03 6.913230435053791552e+03 9.274778407023732143e+03 6.997185923953314159e+03 7.211209165107740773e+03 7.600170388744532829e+03 7.328790227257756669e+03 7.433884901912785608e+03 7.151781699235652923e+03 6.723348152791723805e+03 6.548647444924032243e+03 6.858627094609249980e+03 7.216280512047598677e+03 8.914211763752555271e+03 7.090236581777650827e+03 8.849050883636253275e+03 7.034975636690155625e+03 8.515542616144753993e+03 6.493631553692857779e+03 7.099368940264218509e+03 9.450611984664190459e+03 9.326371825796852136e+03 8.977813869852445350e+03 7.638005504639502760e+03 9.567064491860091948e+03 6.076235255040826814e+03 6.834253730871072548e+03 7.031636016881590876e+03 6.556160178099040422e+03 7.189645935684046890e+03 6.519137289624434743e+03 7.207831163325679881e+03 8.758948754953515163e+03 6.388102423460322825e+03 6.906308708303362437e+03 6.515918479827473675e+03 8.246800981140544536e+03 7.108785358353805350e+03 6.741045295708526282e+03 6.448271681634812012e+03 6.625722680983690225e+03 6.940410890441839001e+03 8.611941700001849313e+03 8.077381402945438822e+03 8.830707147603534395e+03 8.796645746366051753e+03 8.634520296319507906e+03 5.961642394220534698e+03 7.092048524271782298e+03 6.604429153804077032e+03 8.184466078764988197e+03 6.703798758841413473e+03
2.823529411764706083e+02 6.010949105981335379e+03 6.207598045442280636e+03 6.230436078427977009e+03 6.232371488976593355e+03 5.964591164173811194e+03 5.977280014379352906e+03 6.550945390728178609e+03 6.615189192070864010e+03 7.555194551577411403e+03 7.577120608781223382e+03 6.346024380611768720e+03 7.544417271324903595e+03 7.596665502383804778e+03 7.551246952676127876e+03 7.549356468175731607e+03 5.888497982854156362e+03 5.821935488420556794e+03 7.590047279299411457e+03 7.599808906089819175e+03 8.613033653452474027e+03 6.805049586515197916e+03 6.827260037058856142e+03 6.828795113897807823e+03 9.122493768058586284e+03 6.932201852949904605e+03 7.151392875946515232e+03 7.349957011279149810e+03 7.276532855764909982e+03 7.369789535699474072e+03 6.995927848390532745e+03 6.584405419437800447e+03 6.345506786512299186e+03 6.718248782278446015e+03 7.163348091651756476e+03 8.700551915691337854e+03 7.014440109168313938e+03 8.629475682060663530e+03 6.941814067190250171e+03 8.294845334197740158e+03 6.410930976500215365e+03 7.026003295736273685e+03 9.264751953123910425e+03 9.172999314790067729e+03 8.789644211311826439e+03 7.476852078190351676e+03 9.374660302757156387e+03 5.911638371601904510e+03 6.693420542600320005e+03 6.911801055439925221e+03 6.467762932478267430e+03 7.112786743993419805e+03 6.333275207889735611e+03 7.011476707267632264e+03 8.585983034583608969e+03 6.232138161628534363e+03 6.757704267436559348e+03 6.373682584024340031e+03 8.138140855880432355e+03 7.010255594299450422e+03 6.620202887704550449e+03 6.350033933976971639e+03 6.540187126870180691e+03 6.939406485427427469e+03 8.408741949536151878e+03 7.931929059568923549e+03 8.755585906584219629e+03 8.595112005574868817e+03 8.433411817420254010e+03 5.772034412195298501e+03 7.002225503597169336e+03 6.425524198011003136e+03 7.966164259082758690e+03 6.519194909772319079e+03
2.829411764705882320e+02 5.841916957787649153e+03 5.994303934487802508e+03 6.072801524622769648e+03 6.073304572922633270e+03 5.758507168423450821e+03 5.744187520850210603e+03 6.408536548978183419e+03 6.485606882362497345e+03 7.465115557485673889e+03 7.489156630100314032e+03 6.145754723741209091e+03 7.455301815859834278e+03 7.503177950730204429e+03 7.464196428629539696e+03 7.462272017275849066e+03 5.677364305484291435e+03 5.610150318719426650e+03 7.501681146016442653e+03 7.512310770073277126e+03 8.388475118125241352e+03 6.701832986739981607e+03 6.725338545721999253e+03 6.727177229283532142e+03 8.948640280302690371e+03 6.849192645956848537e+03 7.072806391364719275e+03 7.089412814854379576e+03 7.204986431620885014e+03 7.286408601982559048e+03 6.825268297161798728e+03 6.431152103967770017e+03 6.132555196650878315e+03 6.563203388461101895e+03 7.091458166648391853e+03 8.469504719358248622e+03 6.920671746850919590e+03 8.393073864816838977e+03 6.831419832166470769e+03 8.058518801885436005e+03 6.312207264103457419e+03 6.934565523489776751e+03 9.058307804855212453e+03 8.997948130704229698e+03 8.582499587622023682e+03 7.299610127459384785e+03 9.161627105357281835e+03 5.736331958717909401e+03 6.538020434046595255e+03 6.775801316030386261e+03 6.363362870255056805e+03 7.017703679075241780e+03 6.136523086826857252e+03 6.802488363833329458e+03 8.393974184340993816e+03 6.063878027650209333e+03 6.594702417780655196e+03 6.217969992031657057e+03 8.009259931481630701e+03 6.894472666090348866e+03 6.484127774452385893e+03 6.236487174227239848e+03 6.438342941339047684e+03 6.919317830699836122e+03 8.188561844562436818e+03 7.768253915051936019e+03 8.657528259028944376e+03 8.375897944883787204e+03 8.215131217836007636e+03 5.573831216052592026e+03 6.894885379107628069e+03 6.234978763553444878e+03 7.733222890275468671e+03 6.322967253873986010e+03
2.835294117647058556e+02 5.662817535711864366e+03 5.773383400727061598e+03 5.903633248261150584e+03 5.902783303504069409e+03 5.545184065754920994e+03 5.506032327891719433e+03 6.252688854096865725e+03 6.341734878048025166e+03 7.356351828463399215e+03 7.382375465327652819e+03 5.936356259069464613e+03 7.347500611844759987e+03 7.391001034190639075e+03 7.358373036344232787e+03 7.356421204061031858e+03 5.459693406413027333e+03 5.392148480690934775e+03 7.394473950452199460e+03 7.405915398047292911e+03 8.148374158938201617e+03 6.582591567068572658e+03 6.607275606000631342e+03 6.609401477934493414e+03 8.754848993060239081e+03 6.749051332630608158e+03 6.976318092677996901e+03 6.820468903555679390e+03 7.114970537914302440e+03 7.184655059325961702e+03 6.641284701608840805e+03 6.264939745746793960e+03 5.911416954055859605e+03 6.394862042875858606e+03 7.001428706205751951e+03 8.223016979346173684e+03 6.809907328329146367e+03 8.141814368403255685e+03 6.704884834201516242e+03 7.808501556838524266e+03 6.198446054919631933e+03 6.826014852172079372e+03 8.833125886107198312e+03 8.802859923038737179e+03 8.358199324231183709e+03 7.107833306495127545e+03 8.929858246602745567e+03 5.551730800861918397e+03 6.369424980659665380e+03 6.624900622433614444e+03 6.243988170908190114e+03 6.905386275597901658e+03 5.930437269677397126e+03 6.582549137667780087e+03 8.184637504701922808e+03 5.884731090618096459e+03 6.418723733029521100e+03 6.050131908498400662e+03 7.861434518088221012e+03 6.762569276698836802e+03 6.334067916758970568e+03 6.108716856839273532e+03 6.321203639199349709e+03 6.880546208941062105e+03 7.953266166937053640e+03 7.587855262319758367e+03 8.537611292754816532e+03 8.140877691065231375e+03 7.981534904406986243e+03 5.368527009622087462e+03 6.771101233341251827e+03 6.034330616811782420e+03 7.487532804952599690e+03 6.116689491849357182e+03
2.841176470588235361e+02 5.475061776253003700e+03 5.546421095510626401e+03 5.724317700683965995e+03 5.722200928156456939e+03 5.326147343150041706e+03 5.264393260353083861e+03 6.084744056655246823e+03 6.184849784602227373e+03 7.229996938932600642e+03 7.257857571503226609e+03 5.719397761933136280e+03 7.222099973748302546e+03 7.261254182849467725e+03 7.234849335536131548e+03 7.232876698368162579e+03 5.237009029802983605e+03 5.169442780879746351e+03 7.269509725134193104e+03 7.281701470201480333e+03 7.894677618085361246e+03 6.448456477415995323e+03 6.474195574530976955e+03 6.476590382073088222e+03 8.542852577979363559e+03 6.632783760225115657e+03 6.862917079925229700e+03 6.545020626382896808e+03 7.007432538972772818e+03 7.065564800565278347e+03 6.445503969189225245e+03 6.087169206265520188e+03 5.683698554245047490e+03 6.214647424321512517e+03 6.894202633271260311e+03 7.963073856628320755e+03 6.683230480794124560e+03 7.877697071130707627e+03 6.563395295838781749e+03 7.546752844228144568e+03 6.070722458227499374e+03 6.701420127227577723e+03 8.591130302170620780e+03 8.589478290309749354e+03 8.118626286562274800e+03 6.903128399123816962e+03 8.681322059297113810e+03 5.359257411717162540e+03 6.189056284009880073e+03 6.460436268500759979e+03 6.110753736073437722e+03 6.776933337119894531e+03 5.716573130278890858e+03 6.353350078037182357e+03 7.959759696020635602e+03 5.696131243645466384e+03 6.231234213652655853e+03 5.871560564388323655e+03 7.696051869351740606e+03 6.615770166424310446e+03 6.171336750015634607e+03 5.967885129634791156e+03 6.189873134195703642e+03 6.823637201488270875e+03 7.704759772344546036e+03 7.392310294313131635e+03 8.397058750930002134e+03 7.891971980986792005e+03 7.734521957853128697e+03 5.157594943110333588e+03 6.632044219482285371e+03 5.825125933783152504e+03 7.230998664940932940e+03 5.901940855692075274e+03
2.847058823529411598e+02 5.280061362941562038e+03 5.314962847965072797e+03 5.536259307852697020e+03 5.532967349095385543e+03 5.102883959435399447e+03 5.020782540736393457e+03 5.906084465328016449e+03 6.016281726943649119e+03 7.087250904875606466e+03 7.116791815241839686e+03 5.496426732704229835e+03 7.080293079108034362e+03 7.115161802029676437e+03 7.094806312650015570e+03 7.092819546412290947e+03 5.010788853829429172e+03 4.943497263314757220e+03 7.127980931245890133e+03 7.140856871706755555e+03 7.629350736377569774e+03 6.300638523998267374e+03 6.327304018277404793e+03 6.329947930476700094e+03 8.314461663656013116e+03 6.501493201637249513e+03 6.733697776453507686e+03 6.264909004032619123e+03 6.883432478168195303e+03 6.930280648855051368e+03 6.239479216749845364e+03 5.899272947118784032e+03 5.450972084382035973e+03 6.024015637600249647e+03 6.770832880185897011e+03 7.691675029543363053e+03 6.541816428661159989e+03 7.602729137954568614e+03 6.408214746211429883e+03 7.275229899309200846e+03 5.930185466170920336e+03 6.561943736718326363e+03 8.334298004712061811e+03 8.359625062240498664e+03 7.865703089525587529e+03 6.687135032920317826e+03 8.418036566659080563e+03 5.160325985257635693e+03 5.998368902424646876e+03 6.283800942168871188e+03 5.964845240306711275e+03 6.633536571374002051e+03 5.496468013596631863e+03 6.116571332251889544e+03 7.721175836051882470e+03 5.499520065874837201e+03 6.033726892188688907e+03 5.683671801712293927e+03 7.514590308015358460e+03 6.455374725407102233e+03 5.997295714301711996e+03 5.815214687423695068e+03 6.045529913432047579e+03 6.749270376470717565e+03 7.444964597988398054e+03 7.183253192364117240e+03 8.237222099487673404e+03 7.631124612240770148e+03 7.476011045636655581e+03 4.942472199385440035e+03 6.478966569974927552e+03 5.608901827944440811e+03 6.965517209228309184e+03 5.680288468015733088e+03
2.852941176470588402e+02 5.079213331052975263e+03 5.080501186275328109e+03 5.340864135764220919e+03 5.336492792889959674e+03 4.876828554082990195e+03 4.776633733365890293e+03 5.718115912201781612e+03 5.837397288862974165e+03 6.929402765671124143e+03 6.960458090669028024e+03 5.268953793874617986e+03 6.923362602697368857e+03 6.954035605323694654e+03 6.939516162622538104e+03 6.937521934846928161e+03 4.782451263154092885e+03 4.715714363207528550e+03 6.971171010075603590e+03 6.984661391650012774e+03 7.354354741001096954e+03 6.140411502603738882e+03 6.167870978391066274e+03 6.170742864865692354e+03 8.071541414972753955e+03 6.356364322723522491e+03 6.589843800394713071e+03 5.981903994253955716e+03 6.744127195994426984e+03 6.780035579229262112e+03 6.024771407813749647e+03 5.702697675680420616e+03 5.214760222440507277e+03 5.824438604688131818e+03 6.632466616753537892e+03 7.410812105823104503e+03 6.386915333011078474e+03 7.318902759684476223e+03 6.240666774226477173e+03 6.995866736123291048e+03 5.778042222529427818e+03 6.408825048875012726e+03 8.064634494536866441e+03 8.115176672467688149e+03 7.601369022678922192e+03 6.461506052494634787e+03 8.142044885314275234e+03 4.956327430501185518e+03 5.798832270497679019e+03 6.096424906176082914e+03 5.807503086921621616e+03 6.476463665712278271e+03 5.271625546109913557e+03 5.873864332295411259e+03 7.470746838826934436e+03 5.296330661577423598e+03 5.827704131676202451e+03 5.487888442956323161e+03 7.318599013413989269e+03 6.282739463004368190e+03 5.813337044139283535e+03 5.651972642845175869e+03 5.889410793433494291e+03 6.658247567756993703e+03 7.175797748731909451e+03 6.962354410925903721e+03 8.059560665474477901e+03 7.360280062841556173e+03 7.207918399484268775e+03 4.724546507135470165e+03 6.313184420901252452e+03 5.387170112222645002e+03 6.692957020573669070e+03 5.453270913706801366e+03
2.858823529411764639e+02 4.873885818758609275e+03 4.844462692829992193e+03 5.139524705003312192e+03 5.134172637055949053e+03 4.649351341388207402e+03 4.533291709988941875e+03 5.522251253060849194e+03 5.649582924967817235e+03 6.757812831872073730e+03 6.790209652789101710e+03 5.038438702824209940e+03 6.752663083732399173e+03 6.779256718447801177e+03 6.770324663630794930e+03 6.768329547406268830e+03 4.553344001216745710e+03 4.487423882129727644e+03 6.800436700032314548e+03 6.814468891144664667e+03 7.071625929447522140e+03 5.969095511508928212e+03 5.997214364439091696e+03 6.000292050361532347e+03 7.815988654403429791e+03 6.198646921506545368e+03 6.432611431489376628e+03 5.697690139878232003e+03 6.590753830384750472e+03 6.616135618569670442e+03 5.802932124552696223e+03 5.498888036998990174e+03 4.976522908620189810e+03 5.617387315916631451e+03 6.480328987794692694e+03 7.122447585732355947e+03 6.219835446098769353e+03 7.028174517346477842e+03 6.062117961310500505e+03 6.710554648528017424e+03 5.615542240192228746e+03 6.243363632836338184e+03 7.784150760796201212e+03 7.858041204076822396e+03 7.327558262866470614e+03 6.227888995174735101e+03 7.855391889525526494e+03 4.748615768846915671e+03 5.591914060865603460e+03 5.899758633236733658e+03 5.640006415130242203e+03 6.307041221828680136e+03 5.043501475093824411e+03 5.626835824246722950e+03 7.210338046351254889e+03 5.087972746993521469e+03 5.614660938292914580e+03 5.285624518730825912e+03 7.109677988834183452e+03 6.099260617154117426e+03 5.620867197243431292e+03 5.479454682799876537e+03 5.722794931598816220e+03 6.551480026188607553e+03 6.899151103448454705e+03 6.731300907823248963e+03 7.865621284428448234e+03 7.081362417573722269e+03 6.932137342507329777e+03 4.505144412066828409e+03 6.136060620440221101e+03 5.161402524857614480e+03 6.415140086443690052e+03 5.222383398519446018e+03
2.864705882352941444e+02 4.665405127088390145e+03 4.608197045857693411e+03 4.933605704502303524e+03 4.927373214572770848e+03 4.421747677093554557e+03 4.292004460819142878e+03 5.319894870971420460e+03 5.454228992881512568e+03 6.573894812532655124e+03 6.607455206186049509e+03 4.806277832256058900e+03 6.569603015787516597e+03 6.592257542282248323e+03 6.588633318746367877e+03 6.586643765869893286e+03 4.324734431812349612e+03 4.259873650020503192e+03 6.617190080222844699e+03 6.631689495397952669e+03 6.783056264532463501e+03 5.788040528448864279e+03 5.816683378411325975e+03 5.819943984678161542e+03 7.549709813878253954e+03 6.029639484286700281e+03 6.263312810446133881e+03 5.413854155392740722e+03 6.424613039403076982e+03 6.439942443491483573e+03 5.575487365073379806e+03 5.289271148285703930e+03 4.737645811815559682e+03 5.404316067768142602e+03 6.315706510315329979e+03 6.828495450543957304e+03 6.041926332354351871e+03 6.732446428786001889e+03 5.873961022598936324e+03 6.421124439702516611e+03 5.443961953946997710e+03 6.066902453674915705e+03 7.494841269954812560e+03 7.590136187783813511e+03 7.046179322841413523e+03 5.987908653315756055e+03 7.560102094886626219e+03 4.538495868704640088e+03 5.379064486302068872e+03 5.695256141198359728e+03 5.463657398003659182e+03 6.126637706592210634e+03 4.813491047304454696e+03 5.377033263235180129e+03 6.941798893559210228e+03 4.875818833157107292e+03 5.396069249983438567e+03 5.078270559685626722e+03 6.889458380988931822e+03 5.906357226244371304e+03 5.421290905771071266e+03 5.298969660095483960e+03 5.546987929178547347e+03 6.429974511820982116e+03 6.616872429828244094e+03 6.491777004407374989e+03 7.657017761609226000e+03 6.796255872180465303e+03 6.650519209159328966e+03 4.285521055292316305e+03 5.948987794462257625e+03 4.933017370608147758e+03 6.133825014102598288e+03 4.989064361915550762e+03
2.870588235294117680e+02 4.455044223963246623e+03 4.372967951466886007e+03 4.724431232830545014e+03 4.717419079332898946e+03 4.195229451594148486e+03 4.053916959210520872e+03 5.112428168667209320e+03 5.252714736359424933e+03 6.379098214584001653e+03 6.413641285429731397e+03 4.573793609276018287e+03 6.375627334256307222e+03 6.394504122114931306e+03 6.395881869968524370e+03 6.393904132628602383e+03 4.097801763285338893e+03 4.034222054597832539e+03 6.422880930897567850e+03 6.437771835964281308e+03 6.490476021714435774e+03 5.598610525541535935e+03 5.627642642686388172e+03 5.631062811321371555e+03 7.274600155633597751e+03 5.850673050813688860e+03 6.083299423081704845e+03 5.131874917013064078e+03 6.247052207957729479e+03 6.252856311215479764e+03 5.343922874753531687e+03 5.075242476258521492e+03 4.499430632566522945e+03 5.186647957476003285e+03 6.139930565677856976e+03 6.530803823766442292e+03 5.854562458359669108e+03 6.433549172226221344e+03 5.677598690774123497e+03 6.129330816773502193e+03 5.264589698333604247e+03 5.880811505601146564e+03 7.198663744432142266e+03 7.313367699754810019e+03 6.759096271435341805e+03 5.743151128809172405e+03 7.258159312821823733e+03 4.327212736281857360e+03 5.161701912847408494e+03 5.484359344446172145e+03 5.279766244682911747e+03 5.936646884066887651e+03 4.582918138558183273e+03 5.125932257044833932e+03 6.666944188931233839e+03 4.661191948688644516e+03 5.173363658608428523e+03 4.867180232658028217e+03 6.659583492003780520e+03 5.705454754656927435e+03 5.215996356010963609e+03 5.111824958437400710e+03 5.363306660836060473e+03 6.294818832290728096e+03 6.330748445917181925e+03 6.245446671136130135e+03 7.435410528960357624e+03 6.506787122104229638e+03 6.364856227201720685e+03 4.066851717457370341e+03 5.753372026479734814e+03 4.703367856398437652e+03 5.850692449611076881e+03 4.754683858040649284e+03
2.876470588235293917e+02 4.244012807596430321e+03 4.139945956494698294e+03 4.513273337535953942e+03 4.505581634959262374e+03 3.970918251597061499e+03 3.820066832828502356e+03 4.901196363796250807e+03 5.046394416531642491e+03 6.174891233749784078e+03 6.210235127053781980e+03 4.342225559717304350e+03 6.172200333539890380e+03 6.187478943034126132e+03 6.193531141041695264e+03 6.191571242694691136e+03 3.873630971762773697e+03 3.811532375265724568e+03 6.218979546510859109e+03 6.234185892858764419e+03 6.195638287403909999e+03 5.402168313051930454e+03 5.431456976342100461e+03 5.435013135346463969e+03 6.992524359275774259e+03 5.663095547822782464e+03 5.893945819987674440e+03 4.853115679799905593e+03 6.059449021209291459e+03 6.056299374953291590e+03 5.109670939011198243e+03 4.858152999331055980e+03 4.263087291994482257e+03 4.965761791913184425e+03 5.954361153152533007e+03 6.231139657340110716e+03 5.659127421162581413e+03 6.133227350339358054e+03 5.474428335064461862e+03 5.836838863413962827e+03 5.078711548171498180e+03 5.686471928448569088e+03 6.897520672690349784e+03 7.029610915147133710e+03 6.468111755389515565e+03 5.495149485054597790e+03 6.951488154470522204e+03 4.115942356833976191e+03 4.941199786479057366e+03 5.268483504279556655e+03 5.089636916615146220e+03 5.738471729851371492e+03 4.353026187061452219e+03 4.874925775402669387e+03 6.387536983447836064e+03 4.445354833756337939e+03 4.947928595710541231e+03 4.653658295133979664e+03 6.421690791138563327e+03 5.497969775237591421e+03 5.006341550085457129e+03 4.919312810202842229e+03 5.173064686219462601e+03 6.147166968354796154e+03 6.042489816992654596e+03 5.993937150310326615e+03 7.202486838839381562e+03 6.214709700028421139e+03 6.076866339016344682e+03 3.850225167248863272e+03 5.550617272921994299e+03 4.473732199116475385e+03 5.567332464379832345e+03 4.520533716173519679e+03
2.882352941176470722e+02 4.033448901228395243e+03 3.910202987928259972e+03 4.301342047093802648e+03 4.293069265455158529e+03 3.749840257999747791e+03 3.591381839482430223e+03 4.687496626263541657e+03 4.836584542535853871e+03 5.962744419770114291e+03 5.998708178128400505e+03 4.112723182182836354e+03 5.960789289068172366e+03 5.972664502104493295e+03 5.983046677883153279e+03 5.981110355760707535e+03 3.653208460793637187e+03 3.592768775271423692e+03 6.006960252030487027e+03 6.022406462910610571e+03 5.900205746711989377e+03 5.200061348742668997e+03 5.229477022871000372e+03 5.233145687983708740e+03 6.705298812224563335e+03 5.468256743177806129e+03 5.696634084529132451e+03 4.578818326885505485e+03 5.863195432559075016e+03 5.851699599054232749e+03 4.874098798523516052e+03 4.639297874928235615e+03 4.029727907579315342e+03 4.742980346785278925e+03 5.760371225823954774e+03 5.931175558481309054e+03 5.456998964388909371e+03 5.833126965004389604e+03 5.265827628448585529e+03 5.545212671609576319e+03 4.887597879835946515e+03 5.485260965957496410e+03 6.593242814132664535e+03 6.740692240294085423e+03 6.174952038883405294e+03 5.245371005738235908e+03 6.641937566096310547e+03 3.905784145387215176e+03 4.718875111505461973e+03 5.049004031703670080e+03 4.894553784155292306e+03 5.533509311784059719e+03 4.124970753615532885e+03 4.625315244563828855e+03 6.105273337161323980e+03 4.229500749924392039e+03 4.721086993665874616e+03 4.438950085857850354e+03 6.177395090185375011e+03 5.285295586639957037e+03 4.793641789034300018e+03 4.722697597139543177e+03 4.977558734624544741e+03 5.988224089524832380e+03 5.753718267865298913e+03 5.738824094155943385e+03 6.959941642889994910e+03 5.921690319948910656e+03 5.788180064283311367e+03 3.636638526522879147e+03 5.342110778704141921e+03 4.245305387091743796e+03 5.285234121512824458e+03 4.287819392752008753e+03
2.888235294117646959e+02 3.824412024114659289e+03 3.684708646638116988e+03 4.089776964881504682e+03 4.081019024430312584e+03 3.532922782592456770e+03 3.368678983657937806e+03 4.472567649793647433e+03 4.624552538376571647e+03 5.744115231300592313e+03 5.780520579398043992e+03 3.886340604609236834e+03 5.742849055206955200e+03 5.751527958678689174e+03 5.765883214298588427e+03 5.763975871346413442e+03 3.437419423571945572e+03 3.378793931922080901e+03 5.788285842983227667e+03 5.803897569828987798e+03 5.605739459518820695e+03 4.993608563337104897e+03 5.023026089098914781e+03 5.026784062456910760e+03 6.414675691062984697e+03 5.267494137794163180e+03 5.492739021218828384e+03 4.310099766257098963e+03 5.659682504461143253e+03 5.640475637389351505e+03 4.638498723896914271e+03 4.419906606975158866e+03 3.800362528774458497e+03 4.519560332475072755e+03 5.559331678038742211e+03 5.632478877031164302e+03 5.249534934906526360e+03 5.534785113905159960e+03 5.053141374825938328e+03 5.255906135915523919e+03 4.692491154295274100e+03 5.278537827364017176e+03 6.287574761332529306e+03 6.448373348184323731e+03 5.881253985609951997e+03 4.995206263923236293e+03 6.331266483244485244e+03 3.697754935434046274e+03 4.495978397080107243e+03 4.827244600456795524e+03 4.695769484445153466e+03 5.323136517712926434e+03 3.899813913038299688e+03 4.378303556518136247e+03 5.821769019782767828e+03 4.014745825717940079e+03 4.494090603308040954e+03 4.224232499608528087e+03 5.928273042875094688e+03 5.068789116556026784e+03 4.579158780037786528e+03 4.523204386413576685e+03 4.778056174561903390e+03 5.819231576931215386e+03 5.465955686397429417e+03 5.481618461672196645e+03 6.709459587409478445e+03 5.629297426676545001e+03 5.500329452084670265e+03 3.426993833657924824e+03 5.129209648186128106e+03 4.019192655170098988e+03 5.005777162701777343e+03 4.057653626362604882e+03
2.894117647058823763e+02 3.617877884687552523e+03 3.464328207286377165e+03 3.879640411320453950e+03 3.870489848696508943e+03 3.320992421959095282e+03 3.152665179913810789e+03 4.257580748597044476e+03 4.411506843832960840e+03 5.520433751201325322e+03 5.557106772403291870e+03 3.664032838231938968e+03 5.519807773232035288e+03 5.525506802399979279e+03 5.543470319790500980e+03 5.541596992407610742e+03 3.227046688945365531e+03 3.170368255926920483e+03 5.564393199296737293e+03 5.580097948303483463e+03 5.313689930303868096e+03 4.784088532847975330e+03 4.813388110762866745e+03 4.817212712280580490e+03 6.122328952860942081e+03 5.062119844686267243e+03 5.283614405403912315e+03 4.047950271952110143e+03 5.450286064042131329e+03 5.424022703683022883e+03 4.404079841079947983e+03 4.201134777914392544e+03 3.575896602139043807e+03 4.296683835369580265e+03 5.352597368851895226e+03 5.336502914325078564e+03 5.038060512367531373e+03 5.239621875976474257e+03 4.837669631661745370e+03 4.970255942861726908e+03 4.494594737050722870e+03 5.067630782171285318e+03 5.982162709777114287e+03 6.154337121174413369e+03 5.588554304581602992e+03 4.745960015033725540e+03 6.021131759535444871e+03 3.492784583825983191e+03 4.273685251983142734e+03 4.604466851360998589e+03 4.494493863882157711e+03 5.108697099730043192e+03 3.678520236563404978e+03 4.134989923724992877e+03 5.538548136196130145e+03 3.802123013917997014e+03 4.268111919719422986e+03 4.010606545540117168e+03 5.675849246191243765e+03 4.849759136490260971e+03 4.364091050320950671e+03 4.322008773688557994e+03 4.575783716042084961e+03 5.641452525371662887e+03 5.180615525942196655e+03 5.223755112454789014e+03 6.452698229689893196e+03 5.338991855813471375e+03 5.214739165036328814e+03 3.222096166043283120e+03 4.913228614104064036e+03 3.796404683051021948e+03 4.730225692634387087e+03 3.831051824174205194e+03
2.900000000000000000e+02 3.414734637408691469e+03 3.249822024703702482e+03 3.671912062754560338e+03 3.662457370507854193e+03 3.114774617023194423e+03 2.943939283261011497e+03 4.043632459668832780e+03 4.198588441191739548e+03 5.293089721177560932e+03 5.329862318279064311e+03 3.446653677833209258e+03 5.293053839603413508e+03 5.295996006092262178e+03 5.317199224372166100e+03 5.315364572573621444e+03 3.022771025692954481e+03 2.968150432367664507e+03 5.336680085210062316e+03 5.352407893315724323e+03 5.025390190951962722e+03 4.572728886706074263e+03 4.601796951514550528e+03 4.605666219109109988e+03 5.829842393326518504e+03 4.853408730426084730e+03 5.070580356383898106e+03 3.793233557674121130e+03 5.236353551515406252e+03 5.203699708070707857e+03 4.171961664009425476e+03 3.984057413224030370e+03 3.357129951659442668e+03 4.075451414213027874e+03 5.141494192622005357e+03 5.044580389791588459e+03 4.823856587754333304e+03 4.948934416052139568e+03 4.620657250805557851e+03 4.689476600421088733e+03 4.295063057412467060e+03 4.853825381256244327e+03 5.678544361022393787e+03 5.860175619601525796e+03 5.298280801686490122e+03 4.498843837786761469e+03 5.713078228529529042e+03 3.291713009767979656e+03 4.053089588747157450e+03 4.381861593531067228e+03 4.291884382381619616e+03 4.891489907102662983e+03 3.461954482560276574e+03 3.896366415448355838e+03 5.257033926088646695e+03 3.592577571273284320e+03 4.044237814427306148e+03 3.799091455388175746e+03 5.421583897635445283e+03 4.629455948982393238e+03 4.149565955918618783e+03 4.120228060880025623e+03 4.371917421671731972e+03 5.456157708113577428e+03 4.898996109662177332e+03 4.966583278228549716e+03 6.191272663358176942e+03 5.052119576687270637e+03 4.932719626525669810e+03 3.022653095217055125e+03 4.695429284994869704e+03 3.577854394167577539e+03 4.459723992528404779e+03 3.608929019471938318e+03
2.905882352941176805e+02 3.215780503343954024e+03 3.041846442775812648e+03 3.467485098269305126e+03 3.457810098869547801e+03 2.914894645449860036e+03 2.742995297919038421e+03 3.831738680394415951e+03 3.986863884355340815e+03 5.063420891427285824e+03 5.100132141881810639e+03 3.234955050864319674e+03 5.063924261331184425e+03 5.064336449006475959e+03 5.088411080227095226e+03 5.086619364396098717e+03 2.825172741035702074e+03 2.772699254959123209e+03 5.106493368853172797e+03 5.122177312122704279e+03 4.742051055953478681e+03 4.360697120572695894e+03 4.389427120456314697e+03 4.393319975232898287e+03 5.538699654433856267e+03 4.642587732459240215e+03 4.854912014539811025e+03 3.546688518284418478e+03 5.019192007934186222e+03 4.980817664102712115e+03 3.943169187313108068e+03 3.769663833111118493e+03 3.144757260315006533e+03 3.856876780953576599e+03 4.927307312350301800e+03 4.757918880485527552e+03 4.608149549050924179e+03 4.663893055481197734e+03 4.403284818443450604e+03 4.414657475303258252e+03 4.094993051180147177e+03 4.638354096949122322e+03 5.378141004953246011e+03 5.567380091617769722e+03 5.011745703782252349e+03 4.254970552043681892e+03 5.408531043936151036e+03 3.095288625165158010e+03 3.835198381794951729e+03 4.160541562670846361e+03 4.089037717441876339e+03 4.672758528396932888e+03 3.250880609538824501e+03 3.663316274254006203e+03 4.978541388791595637e+03 3.386964130186304374e+03 3.823464663418525106e+03 3.590620278743811014e+03 5.166862165342929984e+03 4.409062563249507548e+03 3.936633151315504620e+03 3.918913784195040989e+03 4.167574042561869646e+03 5.264612260007498662e+03 4.622276043349262181e+03 4.711358760210283435e+03 5.926741723118789196e+03 4.769906518602064352e+03 4.655462207503775971e+03 2.829275495304430024e+03 4.477010740228777649e+03 3.364355271584488946e+03 4.195294126813757430e+03 3.392098446352681549e+03
2.911764705882353041e+02 3.021722784039841372e+03 2.840955906721354040e+03 3.267163739772239751e+03 3.257347122042157935e+03 2.721879686559958373e+03 2.550226642923485542e+03 3.622830280803809728e+03 3.777319813298839563e+03 4.832702848337828982e+03 4.869200165052747252e+03 3.029587716263869879e+03 4.833694466021968765e+03 4.831804857876423739e+03 4.858386620625625255e+03 4.856641657137847687e+03 2.634734379176346465e+03 2.584476561853154180e+03 4.875118685174858001e+03 4.890695393403131675e+03 4.464758208926992666e+03 4.149092858304818037e+03 4.177385843548490811e+03 4.181282254779192044e+03 5.250276332256595197e+03 4.430826537156646737e+03 4.637829465459182757e+03 3.308932328406342094e+03 4.800057405525905779e+03 4.756629507550434937e+03 3.718629693485604093e+03 3.558853968759887266e+03 2.939369753458771811e+03 3.641882966271492478e+03 4.711270769210983417e+03 4.477598270813671661e+03 4.392102504196422160e+03 4.385539330152989351e+03 4.186661080174017115e+03 4.146761623390181740e+03 3.895416911103768143e+03 4.422387362451386252e+03 5.082251680464131823e+03 5.277333029540199277e+03 4.730141034712688452e+03 4.015350334345954707e+03 5.108790065950862299e+03 2.904168092014662761e+03 3.620927878233429965e+03 3.941535727894354750e+03 3.886982868429722203e+03 4.453682367050836547e+03 3.045962274296857686e+03 3.436613649970187907e+03 4.704271982964411109e+03 3.186045007016284217e+03 3.606695089563222609e+03 3.386036928344924036e+03 4.912985264825459126e+03 4.189687264880250041e+03 3.726259558472115259e+03 3.719045690773902152e+03 3.963803732644311367e+03 5.068063254872016842e+03 4.351511499075805659e+03 4.459237984976293774e+03 5.660595811973904347e+03 4.493455304786846682e+03 4.384036261253196244e+03 2.642479521269095585e+03 4.259101619952920373e+03 3.156621052942950882e+03 3.937835310875520008e+03 3.181271477434414919e+03
2.917647058823529278e+02 2.833178107475512661e+03 2.647606172962168785e+03 3.071662116839575447e+03 3.061777085755898952e+03 2.536162043806438305e+03 2.365931350892817591e+03 3.417750140310249662e+03 3.570858891424501053e+03 4.602140388228360280e+03 4.638280526454408573e+03 2.831103233169467330e+03 4.603569579405369950e+03 4.599605371470266618e+03 4.628337303012464872e+03 4.626642475886997090e+03 2.451844469423748706e+03 2.403851163670596179e+03 4.643771613606343635e+03 4.659181658977310690e+03 4.194471219509963703e+03 3.938941506623888927e+03 3.966706641632491937e+03 3.970587783518842116e+03 4.965834008051538149e+03 4.219229706313643874e+03 4.420489188855453904e+03 3.080464949632027583e+03 4.580145428457528396e+03 4.532321369944387698e+03 3.499170964951474616e+03 3.352436242177861459e+03 2.741458203636546386e+03 3.431299963514069077e+03 4.494558464213381740e+03 4.204570073417597996e+03 4.176807850684030200e+03 4.114785856602229615e+03 3.971816828646309659e+03 3.886626382967302561e+03 3.697296311960499679e+03 4.207025988668208811e+03 4.792049396470868487e+03 4.991302181302386089e+03 4.454535871660508747e+03 3.780888493414362074e+03 4.815026350819414802e+03 2.718917293939172396e+03 3.411101404596801785e+03 3.725785123428247061e+03 3.686675551196861306e+03 4.235369164139620807e+03 2.847764515611957449e+03 3.216924839720398268e+03 4.435310153132742016e+03 2.990489923739100050e+03 3.394736121730330524e+03 3.186094640607727342e+03 4.661163281428755909e+03 3.972357845309597451e+03 3.519325813827736511e+03 3.521527035379136123e+03 3.761584192241700748e+03 4.867728339181990123e+03 4.087635278175980147e+03 4.211273777801643519e+03 5.394246479543074202e+03 4.223743896720870907e+03 4.119388038896014223e+03 2.462689577047729927e+03 4.042753726499108780e+03 2.955266803220360089e+03 3.688124973111633153e+03 2.977058855849921656e+03
2.923529411764706083e+02 2.650673769339077353e+03 2.462158491324610168e+03 2.881604454621812692e+03 2.871718410564694295e+03 2.358083227393117340e+03 2.190317825210012870e+03 3.217251550890745875e+03 3.368297179599298033e+03 4.372860393674662191e+03 4.408510226415580291e+03 2.639956978070601963e+03 4.374677302951209640e+03 4.368862499718466097e+03 4.399398008661456515e+03 4.397756263137381211e+03 2.276802046582297862e+03 2.231103489562716732e+03 4.413590381900527063e+03 4.428778613371950996e+03 3.932024143806226220e+03 3.731189401561025988e+03 3.758344298272190827e+03 3.762192594328468203e+03 4.686516217321144723e+03 4.008830177599607850e+03 4.203976867200635752e+03 2.861674560512653898e+03 4.360583529870829807e+03 4.309005354692834771e+03 3.285521002510247854e+03 3.151126630927506085e+03 2.551416770047945192e+03 3.225863799354762705e+03 4.278276485906167181e+03 3.939658378104525127e+03 3.963281408547569299e+03 3.852417829519898078e+03 3.759700349746138272e+03 3.634965460505777173e+03 3.501517826005026564e+03 3.993295106012115411e+03 4.508579232195061195e+03 4.710436563521969219e+03 4.185875371327365428e+03 3.552384702664456199e+03 4.528280533319791175e+03 2.540013255657195259e+03 3.206448439722129024e+03 3.514140067223749156e+03 3.488994004409829358e+03 4.018848955919359469e+03 2.656756569015789864e+03 3.004810685224371355e+03 4.172621613739986060e+03 2.800876947095746800e+03 3.188298762816808903e+03 2.991455655396583552e+03 4.412509700266093205e+03 3.758017164334721201e+03 3.316624060835422370e+03 3.327181251638928188e+03 3.561816081488349482e+03 4.664785413264234194e+03 3.831457535522339640e+03 3.968412759522547731e+03 5.129017782442059797e+03 3.961625821974895644e+03 3.862341180742689176e+03 2.290242159291517964e+03 3.828937046014827047e+03 2.760811034843150537e+03 3.446821146054592191e+03 2.779973179349954989e+03
2.929411764705882320e+02 2.474650032583613211e+03 2.284884517543180209e+03 2.697526160689686094e+03 2.687700554539065706e+03 2.187898696233047758e+03 2.023511267313141161e+03 3.021997778535956513e+03 3.170362637394941885e+03 4.145906138127249505e+03 4.180943295399531962e+03 2.456511990521273219e+03 4.148062143831220965e+03 4.140615634304977903e+03 4.172621167363111454e+03 4.171034990992958228e+03 2.109821857585925045e+03 2.066430970959650494e+03 4.185630010213430978e+03 4.200545798994161487e+03 3.678127672911742138e+03 3.526700131548886020e+03 3.553171113126300952e+03 3.556970368116536520e+03 4.413346166089511826e+03 3.800583997326779354e+03 3.989301512492107577e+03 2.652843815268195613e+03 4.142424508479697579e+03 4.087713677648128396e+03 3.078308822254537063e+03 2.955549025416918539e+03 2.369547705219620184e+03 3.026216670137805977e+03 4.063456790029313652e+03 3.683562215863934853e+03 3.752457814747658631e+03 3.599095881463031219e+03 3.551173971137357057e+03 3.392372321266665494e+03 3.308889666842247152e+03 3.782139335062147893e+03 4.232758101521688332e+03 4.435764076503232900e+03 3.924981333369163622e+03 3.330533560533385298e+03 4.249462886219695065e+03 2.367847115369413586e+03 3.007604832428768987e+03 3.307358740006687640e+03 3.294735982847895229e+03 3.805069491438798650e+03 2.473315485982479004e+03 2.800730097641937846e+03 3.917053187950510619e+03 2.617694351771928723e+03 2.987998635832819218e+03 2.802692056843973205e+03 4.168037490073182198e+03 3.547520140882637406e+03 3.118856954236554429e+03 3.136749796571140905e+03 3.365319818472537463e+03 4.460363486113219551e+03 3.583667834472080813e+03 3.731494179108337448e+03 4.866139225875502234e+03 3.707831980418917738e+03 3.613598642206207842e+03 2.125390474430378617e+03 3.618536106404795646e+03 2.573678865786512233e+03 3.214466179578339506e+03 2.590432189756046228e+03
2.935294117647058556e+02 2.305463348030562429e+03 2.115971852253072029e+03 2.519876061022832346e+03 2.510166312370224205e+03 2.025783338080206704e+03 1.865560405108953773e+03 2.832562860028134764e+03 2.977694971774248188e+03 3.922233071902538541e+03 3.956546430533966941e+03 2.281043686582012469e+03 3.924681180473858149e+03 3.915815024161252040e+03 3.948972318913371055e+03 3.947443781257770752e+03 1.951040115710272858e+03 1.909953811353446554e+03 3.960857938901288435e+03 3.975455382088910028e+03 3.433372518700831733e+03 3.326252357024138291e+03 3.351974526198417152e+03 3.355709977736235032e+03 4.147226073161040404e+03 3.595366567554563517e+03 3.777391084676936316e+03 2.454156957269955001e+03 3.926641414416608313e+03 3.869394243478709541e+03 2.878066559411142407e+03 2.766236610000306882e+03 2.196066775919289739e+03 2.832908386510688160e+03 3.851052377239945599e+03 3.436859393433010155e+03 3.545187282013549520e+03 3.355360271035918231e+03 3.347012238533836353e+03 3.159324787119180201e+03 3.120139668344843813e+03 3.574419480691877197e+03 3.965376137011329774e+03 4.168190987432673865e+03 3.672554327922853645e+03 3.115926456565893659e+03 3.979355019136295596e+03 2.202727724804232366e+03 2.815114317277413193e+03 3.106107011226915347e+03 3.104617091972136677e+03 3.594892905146790326e+03 2.297730677884861962e+03 2.605044490488578958e+03 3.669334160030849944e+03 2.441343517803458326e+03 2.794357919936164308e+03 2.620287611095096509e+03 3.928656747590916893e+03 3.341632037663856408e+03 2.926637911727565552e+03 2.950891206536173286e+03 3.172833510541658598e+03 4.255534753566314066e+03 3.344838651794962061e+03 3.501250328177689880e+03 4.606740475742523813e+03 3.462973709711443917e+03 3.373745988027379553e+03 1.968309555405784522e+03 3.412347744322766630e+03 2.394206012808058858e+03 2.991491463431103966e+03 2.408763064147477962e+03
2.941176470588235361e+02 2.143390239647876570e+03 1.955530124403628861e+03 2.349019455474383903e+03 2.339474936112079831e+03 1.871837276542139534e+03 1.716444493902225986e+03 2.649433361814664295e+03 2.790846565349280354e+03 3.702706093872346173e+03 3.736196029242436907e+03 2.113745191427448844e+03 3.705401232917177367e+03 3.695319193420329611e+03 3.729327206083368765e+03 3.727857916112820021e+03 1.800520649209519206e+03 1.761721261251281248e+03 3.740151110919362054e+03 3.754389145733885016e+03 3.198234091899383657e+03 3.130538704993736701e+03 3.155455976629679299e+03 3.159114329708062996e+03 3.888938165750214011e+03 3.393970102955443053e+03 3.569089410384046914e+03 2.265707285355581007e+03 3.714123857679282992e+03 3.654907674373780083e+03 2.685232510675185949e+03 2.583634353125014968e+03 2.031109238293698354e+03 2.646398748831449211e+03 3.641933717144489492e+03 3.200011345270444508e+03 3.342233757961438187e+03 3.121636209938414595e+03 3.147901087078326327e+03 2.936190626070576855e+03 2.935914363703673189e+03 3.370910377792874897e+03 3.707099600958556493e+03 3.908502866496427941e+03 3.429177072812560255e+03 2.909054520135810890e+03 3.718613059375772082e+03 2.044886107502836467e+03 2.629430940453054973e+03 2.910959435801567452e+03 2.919270165522018942e+03 3.389093847798032130e+03 2.130209039988190852e+03 2.418022998008329978e+03 3.430078970923693305e+03 2.272142581954778052e+03 2.607808138811476965e+03 2.444640605637169301e+03 3.695173824794040684e+03 3.141028069963189864e+03 2.740492436734624789e+03 2.770181304204414118e+03 2.985012187484425340e+03 4.051307987799756575e+03 3.115429867480229859e+03 3.278308089280746572e+03 4.351847746870404080e+03 3.227547171596429962e+03 3.143255835792192556e+03 1.819101906027372706e+03 3.211080125155479891e+03 2.222643563671112133e+03 2.778223199023254892e+03 2.235207386087262876e+03
2.947058823529411598e+02 1.988631893594771100e+03 1.803597380185250131e+03 2.185241913145996023e+03 2.175906046582434101e+03 1.726092105297174840e+03 1.576080507851776929e+03 2.473011106613209904e+03 2.610284300100782730e+03 3.488098052926266519e+03 3.520676588950373116e+03 1.954733138220720321e+03 3.490997363167974072e+03 3.479893629737109222e+03 3.514470060390101480e+03 3.513061244935940067e+03 1.658261288348039216e+03 1.621718020369982469e+03 3.524294380796507085e+03 3.538136802289936441e+03 2.973078085802428177e+03 2.940165915354350091e+03 2.964230905446624547e+03 2.967800323151310749e+03 3.639146963129162941e+03 3.197102285137423678e+03 3.365154334022153762e+03 2.087505066498476026e+03 3.505675633119042686e+03 3.445025588817193693e+03 2.500155050943245897e+03 2.408102221567058677e+03 1.874736150397503479e+03 2.467060818687004939e+03 3.436886464420894754e+03 2.973369025450087975e+03 3.144274171731750812e+03 2.898240010482406433e+03 2.954438348894560477e+03 2.723233987257116496e+03 2.756779241449398342e+03 3.172300128297392348e+03 3.458474958333084942e+03 3.657366898056621267e+03 3.195318964105006216e+03 2.710312537104181956e+03 3.467771976104896567e+03 1.894480276144896379e+03 2.450922327893064903e+03 2.722401249856899994e+03 2.739245758196693259e+03 3.188358755385754648e+03 1.970880636579315933e+03 2.239848392382590646e+03 3.199791047501826142e+03 2.110330828733417547e+03 2.428693845927096390e+03 2.276067417770030715e+03 3.468291803497297224e+03 2.946294022093269177e+03 2.560860380947176509e+03 2.595114330242476626e+03 2.802428048080159897e+03 3.848623093971084472e+03 2.895794344111281589e+03 3.063191719368086524e+03 4.102381680475156827e+03 3.001938647448124811e+03 2.922493227467989527e+03 1.677803440902613147e+03 3.015352876351570558e+03 2.059163287421753921e+03 2.574888783211334612e+03 2.069926676415064776e+03
2.952941176470588402e+02 1.841321073150501888e+03 1.660148595008244683e+03 2.028755748168189939e+03 2.019666114304756093e+03 1.588519086302253754e+03 1.444331942946403387e+03 2.303618869254446508e+03 2.436394673033309118e+03 3.279092300449533923e+03 3.310683146708209279e+03 1.804055768397490965e+03 3.282155369072294434e+03 3.270213579034421400e+03 3.305096016711351695e+03 3.303748483114130067e+03 1.524202171550372441e+03 1.489872545387146602e+03 3.313982909361822749e+03 3.327398440419771759e+03 2.758169709876946399e+03 2.755658390124807283e+03 2.778832229032396754e+03 2.782302363757200055e+03 3.398406039108770528e+03 3.005388700321663691e+03 3.166259816658287491e+03 1.919487810505310563e+03 3.302016280287305108e+03 3.240432817627475288e+03 2.323099630566988708e+03 2.239921486181521232e+03 1.726942891924366677e+03 2.295187217446395607e+03 3.236613151256140100e+03 2.757182436173413407e+03 2.951901432551909693e+03 2.685388850449166966e+03 2.767137634524659461e+03 2.520625048212150887e+03 2.583222122457988007e+03 2.979192829016726137e+03 3.219937200140913319e+03 3.415338718018430882e+03 2.971344530267494520e+03 2.520006165519065689e+03 3.227254260937825165e+03 1.751602487294494267e+03 2.279876098285401440e+03 2.540833701463187026e+03 2.565015960630502832e+03 2.993288834489465444e+03 1.819806651995170569e+03 2.070625540608403753e+03 2.978870589373230814e+03 1.956075575247115012e+03 2.257279335598825583e+03 2.114808902486113311e+03 3.248615051806569682e+03 2.757930548304318108e+03 2.388101354134462326e+03 2.426107236226703662e+03 2.625574041803070031e+03 3.648349708981117146e+03 2.686186976101000255e+03 2.856329352748344263e+03 3.859159948499625443e+03 2.786433583527710653e+03 2.711724641131867884e+03 1.544391405450909133e+03 2.825700884035429681e+03 1.903865445567876122e+03 2.381626395857053012e+03 1.913010411415216595e+03
2.958823529411764639e+02 1.701518949160527427e+03 1.525094083892994831e+03 1.879695818132248178e+03 1.870884384289504169e+03 1.459027674869691054e+03 1.321008277484127802e+03 2.141494683743241239e+03 2.269477181315035978e+03 3.076271434986347685e+03 3.106809720984787418e+03 1.661690664568882994e+03 3.079460424318753667e+03 3.066852807458459665e+03 3.101799608788608566e+03 3.100513794380051422e+03 1.398224622953958715e+03 1.366055994618522163e+03 3.109810740194498521e+03 3.122772853240743643e+03 2.553668225094083937e+03 2.577449506053444111e+03 2.599701512395426562e+03 2.603063475294839918e+03 3.167148534506240139e+03 2.819362398941499123e+03 2.972984703167061070e+03 1.761518749473368871e+03 3.103769120083606595e+03 3.041716066079133270e+03 2.154243696316270416e+03 2.079289540980500533e+03 1.587657438866872781e+03 2.130984805241497725e+03 3.041721497771049144e+03 2.551595321446173784e+03 2.765614600900433743e+03 2.483195892562037443e+03 2.586419796004458021e+03 2.328435884282580446e+03 2.415645105222361508e+03 2.792098637282323580e+03 2.991802067864107357e+03 3.182852900157369731e+03 2.757506666574266092e+03 2.338346262729887258e+03 2.997362282244414473e+03 1.616276486542059502e+03 2.116494479838176176e+03 2.366567171337902437e+03 2.396966428798844390e+03 2.804390154801255903e+03 1.676977024210597619e+03 1.910378384037724800e+03 2.767607345581656318e+03 1.809468545625762317e+03 2.093743619813916212e+03 1.961025756208108533e+03 3.036639198015638158e+03 2.576344736085426121e+03 2.222488438014213898e+03 2.263492669956727696e+03 2.454855665305309230e+03 3.451272383995037217e+03 2.486759380925103414e+03 2.658045557853205992e+03 3.622883689171326296e+03 2.581210833999877195e+03 2.511112515907089801e+03 1.418782913841245090e+03 2.642565358090548216e+03 1.756775852212722384e+03 2.198481210702240332e+03 1.764473207015614435e+03
2.964705882352941444e+02 1.569234513065523515e+03 1.398299669796433136e+03 1.738139458103897823e+03 1.729632785799495423e+03 1.337484876997300034e+03 1.205884158926805867e+03 1.986812377717897789e+03 2.109764703456409734e+03 2.880138788552355891e+03 2.909570897262339258e+03 1.527565277529021841e+03 2.883418586314724052e+03 2.870305412042355329e+03 2.905096180794058455e+03 2.903872154762261289e+03 1.280170163342501382e+03 1.250101056971252774e+03 2.912292266231114354e+03 2.924779176023791024e+03 2.359654611977014156e+03 2.405901736904928839e+03 2.427209135243647779e+03 2.430455471719044453e+03 2.945715274124875577e+03 2.639483746829967913e+03 2.785832900332502504e+03 1.613410588732200722e+03 2.911481453561570106e+03 2.849384800953093418e+03 1.993698999963913820e+03 1.926340704568298634e+03 1.456760865485900922e+03 1.974595898959868236e+03 2.852744282162393120e+03 2.356673136395022539e+03 2.585839262210842662e+03 2.291698070621956958e+03 2.412633649741211229e+03 2.146667170258976967e+03 2.254383581400491948e+03 2.611454079962004016e+03 2.774295226774468574e+03 2.960251198171730721e+03 2.553974525863300642e+03 2.165472607153296394e+03 2.778307832691240947e+03 1.488476693453448888e+03 1.960915595516900339e+03 2.199842534451564916e+03 2.235415854289697108e+03 2.622094259947270075e+03 1.542330874275324732e+03 1.759072569041925817e+03 2.566207687822882690e+03 1.670545948433983312e+03 1.938201930150766202e+03 1.814818894221178880e+03 2.832775393877453098e+03 2.401871214877879993e+03 2.064228848387441758e+03 2.107538290882873298e+03 2.290610452343935776e+03 3.258107676442585216e+03 2.297586915186192073e+03 2.468586009559808645e+03 3.394162284347178229e+03 2.386370230572438231e+03 2.320742372319557035e+03 1.300853613273118071e+03 2.466314633980379767e+03 1.617866706978929869e+03 2.025431207046183772e+03 1.624275931680441772e+03
2.970588235294117680e+02 1.444420649352087821e+03 1.279583805919224233e+03 1.604101697519151003e+03 1.595921263192956303e+03 1.223712511515471306e+03 1.098697263575067382e+03 1.839675535726387807e+03 1.957416780662521433e+03 2.691107603803665825e+03 2.719390774092848915e+03 1.401553572263054548e+03 2.694445899572626331e+03 2.680975094016287130e+03 2.715410863678548594e+03 2.714248375436883180e+03 1.169838058765303913e+03 1.141799590986018984e+03 2.721851288230326190e+03 2.733845712934572930e+03 2.176125208309374557e+03 2.241298196805355474e+03 2.261645671108264651e+03 2.264770280000531329e+03 2.734345168902441856e+03 2.466130444636387892e+03 2.605222698291045617e+03 1.474922363130129270e+03 2.725613186320641944e+03 2.663860351962499863e+03 1.841505976822343882e+03 1.781140651784921829e+03 1.334084358629425878e+03 1.826092518468517028e+03 2.670128336513153499e+03 2.172396823521878559e+03 2.412918018043611937e+03 2.110850242232457276e+03 2.246047569580336585e+03 1.975242928928417996e+03 2.099698317860234056e+03 2.437612365329227032e+03 2.567543929538477641e+03 2.747772915102438674e+03 2.360826117715690998e+03 2.001447675529067055e+03 2.570203967455172915e+03 1.368124663676967657e+03 1.813207686911058545e+03 2.040824118715512213e+03 2.080608110536474214e+03 2.446748553575124333e+03 1.415753104456293840e+03 1.616611300640744503e+03 2.374786933561269962e+03 1.539284083742477378e+03 1.790700191647254087e+03 1.676224256204545100e+03 2.637340405098811971e+03 2.234763873843655347e+03 1.913457415854135434e+03 1.958439742188773380e+03 2.133099880574859981e+03 3.069490304933866355e+03 2.118662557381602255e+03 2.288109811177949268e+03 3.173500360370431736e+03 2.201926047139585989e+03 2.140616458380568929e+03 1.190435132851074741e+03 2.297235474161346247e+03 1.487052734989826376e+03 1.862382207978059341e+03 1.492321917325389222e+03
2.976470588235293917e+02 1.326982339541623560e+03 1.168726427008658675e+03 1.477543529338371627e+03 1.469706024075728237e+03 1.117495748540180557e+03 9.991567702775834050e+02 1.700125728788242668e+03 1.812527480847396191e+03 2.509508024775320337e+03 2.536609892373067851e+03 1.283484898548565297e+03 2.512875359093190582e+03 2.499182281788104319e+03 2.533085479603091699e+03 2.531983957020888738e+03 1.066993695676911557e+03 1.040910875437535651e+03 2.538827939751553458e+03 2.550316935589016339e+03 2.003003281843961304e+03 2.083849743901053898e+03 2.103228978203816951e+03 2.106227090242902705e+03 2.533185959885377542e+03 2.299604022575674662e+03 2.431493173166674296e+03 1.345769948518270439e+03 2.546542940137941514e+03 2.485482580687114023e+03 1.697642862996340000e+03 1.643694902910700648e+03 1.219418218913645887e+03 1.685484973314324861e+03 2.494240560109712078e+03 1.998674535537791371e+03 2.247117427051885898e+03 1.940536874537542190e+03 2.086856980508438937e+03 1.814021918615483855e+03 1.951782223353392737e+03 2.270850253194981178e+03 2.371588769297101862e+03 2.545565749407358453e+03 2.178059725136424277e+03 1.846266321991557788e+03 2.373076909280548080e+03 1.255097259777139243e+03 1.673377723431282902e+03 1.889607951252978637e+03 1.932719327175372200e+03 2.278623339727000257e+03 1.297083210844534960e+03 1.482845103627807475e+03 2.193380203511077525e+03 1.415607828337172350e+03 1.651223897929946816e+03 1.545221242340276149e+03 2.450565387090722652e+03 2.075203557290416029e+03 1.770244704371709986e+03 1.816327881373311811e+03 1.982516403238026896e+03 2.885976678076304779e+03 1.949908154200235003e+03 2.116699137941376193e+03 2.961305694130363008e+03 2.027818444065244648e+03 1.970665113573123335e+03 1.087323197279022679e+03 2.135540482257864824e+03 1.364200108886008593e+03 1.709179004925280424e+03 1.368466016270144110e+03
2.982352941176470722e+02 1.216782428664898589e+03 1.065475076039307851e+03 1.358377614351794819e+03 1.350895290983531140e+03 1.018588964487572071e+03 9.069492408143111106e+02 1.568147978867638358e+03 1.675130683480054586e+03 2.335591359610088148e+03 2.361489368019779704e+03 1.173150251633882135e+03 2.338961095891052537e+03 2.325168510668397630e+03 2.358382611606794399e+03 2.357341218483882130e+03 9.713744115864151354e+02 9.471674174639202874e+02 2.363482815486745949e+03 2.374457559830587343e+03 1.840146980051505807e+03 1.933699545598096847e+03 1.952108750449633362e+03 1.954976846732118474e+03 2.342301353125247715e+03 2.140133667711806083e+03 2.264907852263036148e+03 1.225633262717744401e+03 2.374571533485648160e+03 2.314513859059324204e+03 1.562032039591669900e+03 1.513954529888111892e+03 1.112518094712242601e+03 1.552727732388241066e+03 2.325371403781004119e+03 1.835349766146414822e+03 2.088632242710087212e+03 1.780580264962042520e+03 1.935189112945218312e+03 1.662805548736649598e+03 1.810764675090446190e+03 2.111372222308230903e+03 2.186391586534256021e+03 2.353692915463334884e+03 2.005601563779318894e+03 1.699862405003330878e+03 2.186874174135878093e+03 1.149232419069336856e+03 1.541377285964554403e+03 1.746227316871508947e+03 1.791862413604701715e+03 2.117916104131700195e+03 1.186121513712371325e+03 1.357578589900031602e+03 2.021949842472540922e+03 1.299396453542765357e+03 1.519704050525512912e+03 1.421738369853788754e+03 2.272601505273703424e+03 1.923303052814663943e+03 1.634602400404485707e+03 1.681273604721958463e+03 1.838987828457897194e+03 2.708045960691992150e+03 1.791182217720211156e+03 1.954365806373237092e+03 2.757893817034335370e+03 1.863921324989217965e+03 1.810754477946886936e+03 9.912834178175207853e+02 1.981372782203453426e+03 1.249132674253115056e+03 1.565612939498726064e+03 1.252520973882192266e+03
2.988235294117646959e+02 1.113647186306714275e+03 9.695507450509668388e+02 1.246473914837473558e+03 1.239354922003111824e+03 9.267213621918905346e+02 8.217440177733233213e+02 1.443676477191428603e+03 1.545205491920990653e+03 2.169534690688611590e+03 2.194215551409587533e+03 1.070308247745124618e+03 2.172883010688098238e+03 2.159101198484829638e+03 2.191490221688316069e+03 2.190507858818384193e+03 8.826950003856327385e+02 8.602803184927548728e+02 2.196001643709195832e+03 2.206457158309274746e+03 1.687357210854423329e+03 1.790927978656061441e+03 1.808371344393984145e+03 1.811107058337665876e+03 2.161678425844557296e+03 1.987880564163085182e+03 2.105658973689868617e+03 1.114163173887862058e+03 2.209925988984986816e+03 2.151143416770254589e+03 1.434546274585791252e+03 1.391822031700337902e+03 1.013110999457247317e+03 1.427725386003407721e+03 2.163738894819768575e+03 1.682209305244933603e+03 1.937590110748829147e+03 1.630748414175788184e+03 1.791108194683370812e+03 1.521345625541385743e+03 1.676716209053580315e+03 1.959315071223316181e+03 2.011843526896390131e+03 2.172140655666297334e+03 1.843313684768727853e+03 1.562115424276955082e+03 2.011472795778820227e+03 1.050334648945344952e+03 1.417108456960836065e+03 1.610658393036753068e+03 1.658091848583306955e+03 1.964756271168292187e+03 1.082635111887326048e+03 1.240577079105692292e+03 1.860392801989163445e+03 1.190489389257157654e+03 1.396023287880923135e+03 1.305659014849620235e+03 2.103525896253494466e+03 1.779112367665401962e+03 1.506488891844480804e+03 1.553292753838480166e+03 1.702582189989762128e+03 2.536102004578746346e+03 1.642287635808023197e+03 1.801057910183821150e+03 2.563493279608706871e+03 1.710050178870059426e+03 1.660694210848474086e+03 9.020566476118334549e+02 1.834811102442944730e+03 1.141637935524866180e+03 1.431429400945011821e+03 1.144263482442096119e+03
2.994117647058823763e+02 1.017371728462357964e+03 8.806533589156622384e+02 1.141665273082890508e+03 1.134914048558560125e+03 8.416022501195851646e+02 7.431982634181126741e+02 1.326600188162019094e+03 1.422681781630369187e+03 2.011446106001867520e+03 2.034905107484465361e+03 9.746908245345258592e+02 2.014751942555383948e+03 2.001078946514572408e+03 2.032526720129635805e+03 2.031602072109903020e+03 8.006528400124735754e+02 7.799443677739843679e+02 2.036500414900438045e+03 2.046435291970534536e+03 1.544385366976871410e+03 1.655557783264902810e+03 1.672044957977974263e+03 1.674647016675418399e+03 1.991235185529947785e+03 1.842942648813445430e+03 1.953872191432102227e+03 1.010987982109157656e+03 2.052764043855647742e+03 1.995492358084903799e+03 1.315014914516578528e+03 1.277157103544700021e+03 9.209009252138662305e+02 1.310338444952626560e+03 2.009493108568537082e+03 1.538991102284593808e+03 1.794056616583056893e+03 1.490762928810655922e+03 1.654620754968859728e+03 1.389351870480754087e+03 1.549653381729161993e+03 1.814752944321493260e+03 1.847773101173468604e+03 2.000825800201324910e+03 1.691001661981600591e+03 1.432857122346275219e+03 1.846687502730480901e+03 9.581804005466524359e+02 1.300429681426526031e+03 1.482826090290415777e+03 1.531408726828981798e+03 1.819210344311450626e+03 9.863635715538656541e+02 1.131572890014386530e+03 1.708548205875732947e+03 1.088691837418959722e+03 1.280021817805197088e+03 1.196827087200560754e+03 1.943347970871786401e+03 1.642624247196649094e+03 1.385814883445107398e+03 1.432351326874509368e+03 1.573312673507544559e+03 2.370475950468186056e+03 1.502979256232316175e+03 1.656666581968184801e+03 2.378251455383443044e+03 1.565969758480879818e+03 1.520245081700755009e+03 8.193641341337926178e+02 1.695875141427191238e+03 1.041472916470549762e+03 1.306335060965046978e+03 1.043440144153482152e+03
3.000000000000000000e+02 9.277252515685289609e+02 7.984668882095791105e+02 1.043752791734372295e+03 1.037370420647153196e+03 7.629259131911790064e+02 6.709615054319865521e+02 1.216768466633785010e+03 1.307445743024871490e+03 1.861370112924510977e+03 1.883610416690684133e+03 8.860086066269317371e+02 1.864615046882919842e+03 1.851137033859359008e+03 1.881546320149476060e+03 1.880677870211118716e+03 7.249326329233904289e+02 7.058426695276814371e+02 1.885030780855171770e+03 1.894446901303282175e+03 1.410940790172655852e+03 1.527559377092985642e+03 1.543104900354291203e+03 1.545573018633500396e+03 1.830828148219070954e+03 1.705359579201771339e+03 1.809611565483718550e+03 9.157192907546336755e+02 1.903179072872684628e+03 1.847618774512475966e+03 1.203229991225632375e+03 1.169782303346422623e+03 8.355741437380598882e+02 1.200389219925335510e+03 1.862721048141341498e+03 1.405391777554523514e+03 1.658040504612396262e+03 1.360306379344067864e+03 1.525681153864348289e+03 1.266499012014519849e+03 1.429543799239672808e+03 1.677702501574189910e+03 1.693954116113721284e+03 1.839603412780933013e+03 1.548422177330032127e+03 1.311877944797044847e+03 1.692278770708182492e+03 8.725231198953476905e+02 1.191161567147157257e+03 1.362609808831923829e+03 1.411765907843463310e+03 1.681287211653304894e+03 8.970243379192171460e+02 1.030271340938438698e+03 1.566204655203405537e+03 9.937801525791038557e+02 1.171503269989489809e+03 1.095052540057668693e+03 1.792015846671313966e+03 1.513779770520847251e+03 1.272448997580808054e+03 1.318370648228192067e+03 1.451142817760565322e+03 2.211429454941759559e+03 1.372971086616779985e+03 1.521032681946755702e+03 2.202240666183935446e+03 1.431401501064175363e+03 1.389126237482399347e+03 7.429122467866836814e+02 1.564531005182365107e+03 9.483696400953238026e+02 1.190004638160722834e+03 9.497729786141646855e+02
3.005882352941176805e+02 8.444558564497272073e+02 7.226640083845671825e+02 9.525109846239423632e+02 9.464955369195733965e+02 6.903760928110391433e+02 6.046797122556511113e+02 1.113996437441576290e+03 1.199345275061005623e+03 1.719293202263397916e+03 1.740325165711265299e+03 8.039558936920074075e+02 1.722461372154865103e+03 1.709253097553587395e+03 1.738544596774867614e+03 1.737730645706619725e+03 6.552107187744630892e+02 6.376508630983178136e+02 1.741585634691093901e+03 1.750487860323123869e+03 1.286697871306869729e+03 1.406856182284937404e+03 1.421478935978195523e+03 1.423813744688627366e+03 1.680259794100968975e+03 1.575117881315747582e+03 1.672884750178617878e+03 8.279574872823799296e+02 1.761205179392529317e+03 1.707523181741231383e+03 1.098951916402879760e+03 1.069488486137383461e+03 7.568040069828527976e+02 1.097667299476996732e+03 1.723451671733049125e+03 1.281073766820046330e+03 1.529499066316303470e+03 1.239029431387215482e+03 1.404197111166800141e+03 1.152433575811478022e+03 1.316311165562025508e+03 1.548128269322173992e+03 1.550113336021244777e+03 1.688274280856735004e+03 1.415290279773979591e+03 1.198933195455319947e+03 1.547960570517615224e+03 7.930979997952724716e+02 1.089092384779810800e+03 1.249849112945398474e+03 1.299073148485342017e+03 1.550943544068987876e+03 8.143177106566727161e+02 9.363564295483271280e+02 1.433107332450151262e+03 9.055069524763825939e+02 1.070240279611838332e+03 1.000116601790094705e+03 1.649422811654950010e+03 1.392473965127554038e+03 1.166223229941458385e+03 1.211232495560376265e+03 1.335991627718546624e+03 2.059158379050571966e+03 1.251943268093966026e+03 1.393953361685204982e+03 2.035464593972496914e+03 1.306030628848206561e+03 1.267022154788122407e+03 6.723968214053367092e+02 1.440696721768290899e+03 8.620402683860141906e+02 1.082087382318360824e+03 8.629646866959789122e+02
3.011764705882353041e+02 7.672951624322646467e+02 6.529103504808202842e+02 8.676926402361383452e+02 8.620395744828865645e+02 6.236300461911494040e+02 5.439989207252859842e+02 1.018070272662192792e+03 1.098195288365539454e+03 1.585149567452564497e+03 1.604990003253183204e+03 7.282152412701362891e+02 1.588227535635813183e+03 1.575352903025000842e+03 1.603464122010092524e+03 1.602702854262704932e+03 5.911589645824062700e+02 5.750409202237085537e+02 1.606104814499918348e+03 1.614500705770801233e+03 1.171302693735418643e+03 1.293329963553519747e+03 1.307052634866498238e+03 1.309255580666077094e+03 1.539285831060929922e+03 1.452156192979259913e+03 1.543648270229813988e+03 7.472966244207050295e+02 1.626822498684632592e+03 1.575153982011778226e+03 1.001915096428222569e+03 9.760400548167216357e+02 6.842553799853524197e+02 1.001934948046789827e+03 1.591661182840094170e+03 1.165672050087682919e+03 1.408343471502605325e+03 1.126557385197282429e+03 1.290035085614227455e+03 1.046780086614360471e+03 1.209840316165496461e+03 1.425947981796317436e+03 1.415937863484400850e+03 1.546592228817284649e+03 1.291286396975905518e+03 1.093748982472501666e+03 1.413407832578400303e+03 7.196263759233568180e+02 9.939834307427319118e+02 1.144349254209380888e+03 1.193202190448816964e+03 1.428089284497373228e+03 7.379314670046034053e+02 8.494959552636680655e+02 1.308964837594483015e+03 8.236059190711567908e+02 9.759798233409037493e+02 9.117768316111680633e+02 1.515413675441731129e+03 1.278561331223664638e+03 1.066938207053280848e+03 1.110784175816930883e+03 1.227738768560665676e+03 1.913796836620337444e+03 1.139548594384210901e+03 1.275188375028406199e+03 1.877864791000294190e+03 1.189512886453938336e+03 1.153589188328479622e+03 6.075071109517919012e+02 1.324247759527300104e+03 7.821819172748934079e+02 9.822130000591024555e+02 7.827034284231126549e+02
3.017647058823529278e+02 6.959625214242138327e+02 5.888683180838481803e+02 7.890334058757877074e+02 7.837358871823229265e+02 5.623622019718524143e+02 4.885684035833770054e+02 9.287521150078889605e+02 1.003782807631656965e+03 1.458826807678677596e+03 1.477498250554252081e+03 6.584616482861113127e+02 1.461803404366818995e+03 1.449316073335844067e+03 1.476200167290003264e+03 1.475489633755455998e+03 5.324482312163884217e+02 5.176845229952239151e+02 1.478480843611906266e+03 1.486380308632639071e+03 1.064379357707372492e+03 1.186826079296078660e+03 1.199674614452183505e+03 1.201747849377534976e+03 1.407622257986017303e+03 1.336370448062891455e+03 1.421812919673817987e+03 6.733288077932271563e+02 1.499962551475113059e+03 1.450413021123144972e+03 9.118330126954049319e+02 8.891798682719421549e+02 6.175886239660702586e+02 9.129320933564890765e+02 1.467278238941421478e+03 1.058800434447514590e+03 1.294444195930020896e+03 1.022496390163741353e+03 1.183025731914508015e+03 9.491469544978424437e+02 1.109982152583962716e+03 1.311037951862419732e+03 1.291082150554552300e+03 1.414271206257634958e+03 1.176062836303836093e+03 9.960277710270296438e+02 1.288263500049752565e+03 6.518197805042121900e+02 9.055739712875944178e+02 1.045886505636066886e+03 1.093991786009902171e+03 1.312593062391083322e+03 6.675450812910003151e+02 7.693463766701431723e+02 1.193455698166417051e+03 7.477962618842544771e+02 8.884482469904211257e+02 8.297718396110657295e+02 1.389791101100052401e+03 1.171861262504366550e+03 9.743682972627948402e+02 1.016843414694661988e+03 1.126229557964975129e+03 1.775421666343109109e+03 1.035418605469387558e+03 1.164466135295816002e+03 1.729327224350860206e+03 1.081480783352185881e+03 1.048461762605003059e+03 5.479293366139763748e+02 1.215022360224491877e+03 7.084810432620865868e+02 8.899971844111209975e+02 7.086672762396705139e+02
3.023529411764706083e+02 6.301688965522777153e+02 5.302004734292197554e+02 7.162560153532533604e+02 7.113052530480066480e+02 5.062473858183717539e+02 4.380434092261833143e+02 8.457847908452669117e+02 9.158717471426654129e+02 1.340171536379895997e+03 1.357701563094328776e+03 5.943663124016510437e+02 1.343037742590861626e+03 1.330981758015720743e+03 1.356606290113000568e+03 1.355944451689532571e+03 4.787514304322293697e+02 4.652560224955245758e+02 1.358564501920955081e+03 1.365979554016252905e+03 9.655356915843298111e+02 1.087158528687041553e+03 1.099161610083206142e+03 1.101107935222613833e+03 1.284952008624096607e+03 1.227619112057596794e+03 1.307249020657239498e+03 6.056480617692895976e+02 1.380513596937877310e+03 1.333161045887702812e+03 8.284031438100274727e+02 8.086338791465250324e+02 5.564631493489578133e+02 8.303811010198060103e+02 1.350189285280365311e+03 9.600573200218708507e+02 1.187636171395844713e+03 9.264390636125698393e+02 1.082968992745214337e+03 8.591317079945671367e+02 1.016558421586999543e+03 1.203238313962496022e+03 1.175174553881196516e+03 1.290991984687031163e+03 1.069249983117183547e+03 9.054536426732448717e+02 1.172145182297934070e+03 5.893836212785952284e+02 8.235860085847906475e+02 9.542131405008904039e+02 1.001252475068113654e+03 1.204287530403327310e+03 6.028335262259826095e+02 6.955571309672496909e+02 1.086234441452482997e+03 6.777868289056765434e+02 8.073559460448925620e+02 7.538256669510340089e+02 1.272321637544103169e+03 1.072163252218984553e+03 8.882663745856172000e+02 9.292030469464726821e+02 1.031279852084990807e+03 1.644056928268725414e+03 9.391691963448485012e+02 1.061489507871711339e+03 1.589688815204971206e+03 9.815494583923037908e+02 9.512579874196352421e+02 4.933498424055942451e+02 1.112826843518635087e+03 6.406174453277729981e+02 8.050465984848050311e+02 6.405282202008953618e+02
3.029411764705882320e+02 5.696203660469799388e+02 4.765724983306810145e+02 6.490741730355914569e+02 6.444597365426453734e+02 4.549636525112518370e+02 3.920874806359618105e+02 7.688961650193234618e+02 8.342075142696803596e+02 1.228994863113260408e+03 1.245415339826743320e+03 5.355999823577626557e+02 1.231743632923849873e+03 1.220154128574824199e+03 1.244499808365530043e+03 1.243884566074715849e+03 4.297461689517268724e+02 4.174349984875361201e+02 1.246170394284122267e+03 1.253114812660439611e+03 8.743685847815819443e+02 9.941148232107132117e+02 1.005303411649169107e+03 1.007126175698435304e+03 1.170931311273541041e+03 1.125728130599146425e+03 1.199791618754863293e+03 5.438536870659359010e+02 1.268325905309859763e+03 1.223223045171934928e+03 7.513113450549365098e+02 7.341153973314392260e+02 5.005405325600084439e+02 7.539911173643816937e+02 1.240243750220561878e+03 8.690310100753788447e+02 1.087723933387825355e+03 8.379696028048945209e+02 9.896390749897633441e+02 7.763258249900063674e+02 9.293662893595561627e+02 1.102358098220384818e+03 1.067823495418418361e+03 1.176408501720055710e+03 9.704619428529845209e+02 8.216970595280428142e+02 1.064651253107120283e+03 5.320204861876846962e+02 7.477285943724390336e+02 8.690622490580764179e+02 9.147712085425804389e+02 1.102974476182396756e+03 5.434706699833703851e+02 6.277745418902475194e+02 9.869372623778211846e+02 6.132798430975511792e+02 7.324016763675723496e+02 6.836518383971584853e+02 1.162741529842391174e+03 9.792318735656460831e+02 8.083683118215519698e+02 8.476354814425984614e+02 9.426807453239747474e+02 1.519678713129160542e+03 8.504057922423902482e+02 9.659411082811266169e+02 1.458743728758335237e+03 8.893219940525484617e+02 8.615848889237266803e+02 4.434578487115637131e+02 1.017440535249381014e+03 5.782678596319059352e+02 7.269633948313672818e+02 5.779557670803344536e+02
3.035294117647058556e+02 5.140212640842596556e+02 4.276557656692808678e+02 5.871960882097383774e+02 5.829062018334586810e+02 4.081947254148037132e+02 3.503743910016292489e+02 6.978031756814076516e+02 7.585212158002742626e+02 1.125077690014254131e+03 1.140424145442206054e+03 4.818359026880763736e+02 1.127703777466603924e+03 1.116607704449753555e+03 1.139667130793054639e+03 1.139096323911731133e+03 3.851170146957265388e+02 3.739084427283362402e+02 1.141082229030735789e+03 1.147571326651500840e+03 7.904687392294855499e+02 9.074606837990330632e+02 9.178675092011610559e+02 9.195705216663019428e+02 1.065195523628118963e+03 1.030495834108247209e+03 1.099245508819726183e+03 4.875531503009359540e+02 1.163216891766997833e+03 1.120393432275592204e+03 6.802359321780900245e+02 6.653290163405357589e+02 4.494872378439492877e+02 6.834621010726664281e+02 1.137259047578043692e+03 7.853044427043720361e+02 9.944864504373758791e+02 7.566684168251737219e+02 9.027891648221492460e+02 7.003190019960595691e+02 8.481827357635582985e+02 1.008180112282329219e+03 9.686230568254941318e+02 1.070153823188864635e+03 8.793017432675752616e+02 7.444192969227051435e+02 9.653665191284331968e+02 4.794330841088017792e+02 6.777018349007383904e+02 7.901521176970967417e+02 8.343157021392448769e+02 1.008429742533831813e+03 4.891322671171169532e+02 5.656452876958388742e+02 8.951872405640840498e+02 5.539742710021087078e+02 6.632765046664198962e+02 6.189570582675758033e+02 1.060762227343607037e+03 8.928114909339175256e+02 7.343971567492925487e+02 7.718968609126103502e+02 8.602029634730250791e+02 1.402219879738412828e+03 7.687279824998367985e+02 8.774883519519008814e+02 1.336249552666914497e+03 8.043942616069322185e+02 7.790431016676795934e+02 3.979478422131650177e+02 9.286206083169540761e+02 5.211091493023321846e+02 6.553492298136104637e+02 5.206201353235742317e+02
3.041176470588235361e+02 4.630769655955573398e+02 3.831295095373722006e+02 5.303276426577079974e+02 5.263494599289226699e+02 3.656320707462022028e+02 3.125897096871094618e+02 6.322155152134552054e+02 6.885335797647792333e+02 1.028175722699298831e+03 1.042486700956435925e+03 4.327523624263794773e+02 1.030675537941437597e+03 1.020092370316576648e+03 1.041868754159286709e+03 1.041340206638175232e+03 3.445573968339843418e+02 3.343725776612174627e+02 1.043057935740177754e+03 1.049108233104014971e+03 7.134249543128323694e+02 8.269443370388224821e+02 8.366034968400008438e+02 8.381909415672836303e+02 9.673646544186724441e+02 9.416975131418171259e+02 1.005390060951968621e+03 4.363645079644039697e+02 1.064976059137763059e+03 1.024440981752406742e+03 6.148513358820937356e+02 6.019741643525999280e+02 4.029769322150976336e+02 6.184884694521848587e+02 1.041025467130202969e+03 7.084594564132107735e+02 9.076817004047785531e+02 6.821162172109339963e+02 8.221557953542080668e+02 6.307029449606468461e+02 7.727686139215453522e+02 9.204655942311873105e+02 8.771581614637537996e+02 9.718455859445321039e+02 7.953660558127528475e+02 6.732764321872032269e+02 8.738673833825982911e+02 4.313268226047581493e+02 6.132005048614805673e+02 7.171903219869974464e+02 7.596385253631793830e+02 9.204079340390244397e+02 4.394985665049562158e+02 5.088194415251828673e+02 8.105990958847415868e+02 4.995688262790635576e+02 5.996673705805200143e+02 5.594445379403276775e+02 9.660755505101930112e+02 8.126306370409514557e+02 6.660669561702708279e+02 7.017309641277007586e+02 7.836010731604394550e+02 1.291574821553688253e+03 6.937336838987597503e+02 7.957880037462543896e+02 1.221933203918212939e+03 7.263592743771467894e+02 7.032310826234565866e+02 3.565215993619485175e+02 8.461064933479419778e+02 4.688211164275402894e+02 5.898087944171334129e+02 4.681950429253968764e+02
3.047058823529411598e+02 4.164963097999666957e+02 3.426826436818820412e+02 4.781752110139111664e+02 4.744950651470481375e+02 3.269766169666233964e+02 2.784320452550675782e+02 5.718389665122209635e+02 6.239585205546610496e+02 9.380242680660594488e+02 9.513407057290875173e+02 3.880348812654694370e+02 9.403957057643768849e+02 9.303381767560078970e+02 9.508441232897672535e+02 9.503556292882593652e+02 3.077711673922150908e+02 2.985343459667276989e+02 9.518344218285808438e+02 9.574634353864762488e+02 6.428279069163492068e+02 7.523006004886631217e+02 7.612471401651740734e+02 7.627235126643486183e+02 8.770483047876601859e+02 8.590898393167307177e+02 9.179837634734526546e+02 3.899184117618999608e+02 9.733696873479161695e+02 9.351135178413935591e+02 5.548313666793171706e+02 5.437482957198537861e+02 3.606924380645710357e+02 5.587623741120031582e+02 9.513108321849452977e+02 6.380805406867445981e+02 8.270510394703433121e+02 6.138976133845740151e+02 7.474629360433239071e+02 5.670746671831128651e+02 7.028724729689505466e+02 8.389585326819581041e+02 7.930091703999411266e+02 8.810910284772407977e+02 7.182494007697750931e+02 6.079229102636356856e+02 7.897264390108288126e+02 3.874120366815998864e+02 5.539172976552354157e+02 6.498774436398607577e+02 6.904808775466701718e+02 8.386467832731096905e+02 3.942565380969095941e+02 4.569530987262219242e+02 7.327834643220948010e+02 4.497646082287776039e+02 5.412602698839931463e+02 5.048169665605649357e+02 8.783584724564009321e+02 7.384060959057501350e+02 6.030862438887452299e+02 6.368727725734827345e+02 7.126173277929973437e+02 1.187604195202233086e+03 6.250228168866543683e+02 7.204903477874165674e+02 1.115496465693501023e+03 6.548110412794903823e+02 6.337488411733709199e+02 3.188898816834559398e+02 7.696240832039135285e+02 4.210889139352686357e+02 5.299528773957566727e+02 4.203601186187760277e+02
3.052941176470588402e+02 3.739936970675162229e+02 3.060152381496109228e+02 4.304481212794161706e+02 4.270517556897755185e+02 2.919401544438110250e+02 2.476139677802768517e+02 5.163783720414710388e+02 5.645063715718875983e+02 8.543426775965556317e+02 8.667073412429720065e+02 3.473780266957877529e+02 8.565849541365314508e+02 8.470597439207015213e+02 8.663160465364167067e+02 8.658654261788185522e+02 2.744738404419906033e+02 2.661125822730683126e+02 8.671321108132598283e+02 8.723581043625388247e+02 5.782734539894182717e+02 6.832546292661459120e+02 6.915241713910074850e+02 6.928942057364271250e+02 7.938502106795988311e+02 7.824149030235180362e+02 8.367685459528007641e+02 3.478597098189799226e+02 8.881453334262889712e+02 8.521423243365238704e+02 4.998520905541629986e+02 4.903497249870325163e+02 3.223273307830865519e+02 5.039766076051878940e+02 8.678647950314338004e+02 5.737580899710636686e+02 7.523231951967661644e+02 5.516042246721434594e+02 6.784257491629617789e+02 5.090393194441595028e+02 6.382340604305371699e+02 7.633897457482346454e+02 7.157560285535676030e+02 7.974915352481274340e+02 6.475478914721153387e+02 5.480147073800837916e+02 7.125165928970473033e+02 3.474058904402151597e+02 4.995457118799236014e+02 5.879104375461882910e+02 6.265760614292878472e+02 7.628712104450756897e+02 3.531017508229207351e+02 4.097106069802627530e+02 6.613507185645373738e+02 4.042673865830769842e+02 4.877430614714537569e+02 4.547791282808775577e+02 7.972775245431776057e+02 6.698466267323040029e+02 5.451611676001176647e+02 5.770517310030591034e+02 6.469852355068662746e+02 1.090139428826309313e+03 5.622005103424060053e+02 6.512429290107490942e+02 1.016621216612797866e+03 5.893479380375529217e+02 5.702011983873321697e+02 2.847738051461300302e+02 6.988895556751961067e+02 3.776051218466177488e+02 4.754009836511945082e+02 3.768029455387477924e+02
3.058823529411764639e+02 3.352908466878865283e+02 2.728396767866099140e+02 3.868607850022013395e+02 3.837335609605450486e+02 2.602464325319398313e+02 2.198626694667520667e+02 4.655402583272472725e+02 5.098867523084973641e+02 7.768384411156932856e+02 7.882954043017471122e+02 3.104869092171405782e+02 7.789519416522325628e+02 7.699603812041120818e+02 7.879948820851190021e+02 7.875799694334327796e+02 2.443935493737208446e+02 2.368389038994099849e+02 7.886590712416323186e+02 7.935008330793210689e+02 5.193654545170765005e+02 6.195253115880277619e+02 6.271537244673472742e+02 6.284223231685136852e+02 7.173722794887081591e+02 7.114039942316757106e+02 7.614737168662727527e+02 3.098486906482187351e+02 8.090359254621812397e+02 7.752461757987717874e+02 4.495943259429805607e+02 4.414800860937538687e+02 2.875872093282170567e+02 4.538271474677607671e+02 7.904229538758524996e+02 5.150911951440078838e+02 6.832179542204728477e+02 4.948373152544059508e+02 6.147539840136093972e+02 4.562125719736788483e+02 5.785875103737383824e+02 6.934805955568061790e+02 6.449818882208475088e+02 7.206466924956984030e+02 5.828624795860065433e+02 4.932120805818783538e+02 6.418146617772463287e+02 3.110339546769366734e+02 4.497825610166281649e+02 5.309856172469909552e+02 5.676526359791541836e+02 6.927970741132196508e+02 3.157399110519093597e+02 3.667664222535439649e+02 5.959143112329927590e+02 3.627895511962553314e+02 4.388079119599788100e+02 4.090401707285942621e+02 7.224927943888711752e+02 6.066563381477250232e+02 4.919982623863199933e+02 5.219946710517939437e+02 5.864327938122206660e+02 9.989871565136744493e+02 5.048798466133196712e+02 5.876938666243044054e+02 9.249743036808957868e+02 5.295756116607440163e+02 5.122005773876535386e+02 2.539059245001352849e+02 6.336128615771976911e+02 3.380714537310527703e+02 4.257835143287072697e+02 3.372207463965583543e+02
3.064705882352941444e+02 3.001182724126243784e+02 2.428815410523675666e+02 3.471345123737635845e+02 3.442615923162561558e+02 2.316319844563025470e+02 1.949203697410576694e+02 4.190351295485385208e+02 4.598111183518361713e+02 7.052109789814991245e+02 7.158051391001932870e+02 2.770783689232990241e+02 7.071971110830636462e+02 6.987358397498480826e+02 7.155823432730269360e+02 7.152010068789234083e+02 2.172717386909527022e+02 2.104583542422884079e+02 7.161148560779217860e+02 7.205914978115620215e+02 4.657181727288843831e+02 5.608283620808025489e+02 5.678514543376779784e+02 5.690236342670286831e+02 6.472181740926156408e+02 6.457810693189165931e+02 6.918196486206180680e+02 2.755619945648300018e+02 7.357636241454893025e+02 7.041351117681205096e+02 4.037457807132365133e+02 3.968464807119266879e+02 2.561906820282798662e+02 4.080153559832028236e+02 7.187105917716737622e+02 4.616899918118998585e+02 6.194495303858369653e+02 4.432100095752836069e+02 5.561550540839036785e+02 4.082225934586335825e+02 5.236642306702151473e+02 6.289463939607026077e+02 5.802762655531380460e+02 6.501578902694139970e+02 5.238017713789397476e+02 4.431819430376768310e+02 5.772045074051159190e+02 2.780315007658580839e+02 4.043301602607886593e+02 4.788013118475478791e+02 5.134372490893094891e+02 6.281345786941893721e+02 2.818881037931830065e+02 3.278066286288739661e+02 5.360936978781833204e+02 3.250517540883701031e+02 3.941533900299864968e+02 3.673155524741004001e+02 6.536615369435528464e+02 5.485377246620259939e+02 4.433068988783070381e+02 4.714284284793881739e+02 5.306854183788032060e+02 9.139333804578967602e+02 4.526841849274463812e+02 5.294947738722605663e+02 8.402119904400406085e+02 4.751094584219957824e+02 4.593693837535352031e+02 2.260310541465988194e+02 5.735008894381139726e+02 3.022001690570642722e+02 3.807435712049632457e+02 3.013217738832921100e+02
3.070588235294117680e+02 2.682164658256670009e+02 2.158802357887289531e+02 3.109990251006911421e+02 3.083655363684407007e+02 2.058467159003066911e+02 1.725445206072156736e+02 3.765794328272170333e+02 4.139949749484166546e+02 6.391550718908769113e+02 6.489317109296831632e+02 2.468818900770610583e+02 6.410161185582277312e+02 6.330777183589109427e+02 6.487749691187484586e+02 6.484251244233462330e+02 1.928636258269579287e+02 1.867298078935150443e+02 6.491939727030681979e+02 6.533247484881270566e+02 4.169582584576339173e+02 5.068790762593263253e+02 5.133323295197337757e+02 5.144131650137293263e+02 5.829964511122866497e+02 5.852658871727617225e+02 6.275211163586554903e+02 2.446932347640915282e+02 6.680433402858384397e+02 6.385138368823961628e+02 3.620028593282075349e+02 3.561632878379140834e+02 2.278700807320090007e+02 3.662498563023647762e+02 6.524461292389551090e+02 4.131776000167531606e+02 5.607295941299217930e+02 3.963490988238807518e+02 5.023367665265182040e+02 3.647116380689686821e+02 4.731954714804444961e+02 5.694994833814447475e+02 5.212377479174958808e+02 5.856314734585652104e+02 4.699844121471444396e+02 3.975998739153154702e+02 5.182796992061507808e+02 2.481445272764225933e+02 3.628981737207981269e+02 4.310601687374380049e+02 4.636571610513902897e+02 5.685913535914652357e+02 2.512757475506440414e+02 2.925301356828404664e+02 4.815168275764315240e+02 2.907842490002612976e+02 3.534862423144660966e+02 3.293286820633851448e+02 5.904413799241608558e+02 4.951943570039638303e+02 3.988013964952497759e+02 4.250821433965630263e+02 4.794685498180061813e+02 8.347474377135881696e+02 4.052490852640886487e+02 4.763032808383844667e+02 7.619840158869426432e+02 4.255766781308942655e+02 4.113419711819965414e+02 2.009068491260203473e+02 5.182602749960966548e+02 2.697151864544903788e+02 3.399383861154687452e+02 2.688263852758995540e+02
3.076470588235293917e+02 2.393368171403516840e+02 1.915893732281046482e+02 2.781936773669469289e+02 2.757848541409811673e+02 1.826542556060774132e+02 1.525078029030196944e+02 3.378972157384088177e+02 3.721597716691395590e+02 5.783639148699653560e+02 5.873683072944820651e+02 2.196402439035736620e+02 5.801029039246428738e+02 5.726764973919803197e+02 5.872672297634665028e+02 5.869468461391818437e+02 1.709384491821611789e+02 1.654261798552614096e+02 5.875889905269827977e+02 5.913931324247209886e+02 3.727263408964389555e+02 4.573947481912521766e+02 4.633130812433517463e+02 4.643076585827599843e+02 5.243232436302831729e+02 5.295768148981917420e+02 5.682902962830554543e+02 2.169533474779320841e+02 6.055859082117669914e+02 5.780847760493672922e+02 3.240721346685119784e+02 3.191536672806259389e+02 2.023719316603378218e+02 3.282480850116287456e+02 5.913442214686306215e+02 3.691916652049183654e+02 5.067699640781615926e+02 3.538964594863656998e+02 4.530097076589925109e+02 3.253372735112188252e+02 4.269145883122659484e+02 5.148519602924699257e+02 4.674762453361580015e+02 5.266814341467236318e+02 4.210410450527633088e+02 3.561517704683553234e+02 4.646457352284103308e+02 2.211305300520920127e+02 3.252051469923330274e+02 3.874711217266335552e+02 4.180424444981458123e+02 5.138751775669363724e+02 2.236452923732608440e+02 2.606495749854800579e+02 4.318222220680541454e+02 2.597279544867313348e+02 3.165228401451179820e+02 2.948122547271416920e+02 5.324931354894209790e+02 4.463332255597307494e+02 3.582028171561578347e+02 3.826892462869524820e+02 4.325099353374465068e+02 7.611856667008958084e+02 3.622238457080054559e+02 4.277851761690434387e+02 6.899372468859202172e+02 3.806179387504029137e+02 3.677662235010931795e+02 1.783041723176046673e+02 4.675998804853473416e+02 2.403529211880995717e+02 3.030404099715125312e+02 2.394678546693193368e+02
3.082352941176470722e+02 2.132423139089376036e+02 1.697769704437406517e+02 2.484684326080052870e+02 2.462697363548255112e+02 1.618321313132908017e+02 1.345979755454413294e+02 3.027214901000655232e+02 3.340345041047586960e+02 5.225318485621719446e+02 5.308089106448909433e+02 1.951099283591937876e+02 5.241524253243918565e+02 5.172242317585091769e+02 5.307542940603756279e+02 5.304614036443006171e+02 1.512795384355326007e+02 1.463344538921045910e+02 5.309933111962807288e+02 5.344898844400659073e+02 3.326782731833089315e+02 4.120967796471690008e+02 4.175143490278399554e+02 4.184277220208873587e+02 4.708245474631489742e+02 4.784333164282912776e+02 5.138394449297417168e+02 1.920707159714677630e+02 5.481009401102504626e+02 5.225507971464575121e+02 2.896715294893483588e+02 2.855507810788441247e+02 1.794572097152478136e+02 2.937375603608962251e+02 5.351185534577775798e+02 3.293855548726070879e+02 4.572849776355808444e+02 3.155101325310820926e+02 4.078893224152512289e+02 2.897732929691367758e+02 3.845589991021448100e+02 4.647180958088726470e+02 4.186148587387232283e+02 4.729317098402477768e+02 3.766159083345535805e+02 3.185351928250672700e+02 4.159218631172988694e+02 1.967590524959440472e+02 2.909797601510801428e+02 3.477510557404986571e+02 3.763278942383602157e+02 4.636963824728532586e+02 1.987526832835337984e+02 2.318919441299445907e+02 3.866606931836006993e+02 2.316352727936994711e+02 2.829903548012798638e+02 2.635093281155722593e+02 4.794832404659821350e+02 4.016667744348229689e+02 3.212404690260049733e+02 3.439891636180773844e+02 3.895416190417833491e+02 6.929948154284124939e+02 3.232727078648458132e+02 3.836161925418309693e+02 6.237189269298062300e+02 3.398886928461976140e+02 3.283047984475066983e+02 1.580072674910007038e+02 4.212329455018058866e+02 2.138628859439144492e+02 2.697381013003044359e+02 2.129929408652971858e+02
3.088235294117646959e+02 1.897080137742020440e+02 1.502254571276874060e+02 2.215845932094086095e+02 2.195818153220646138e+02 1.431717659484522471e+02 1.186175892925051301e+02 2.707953383194492858e+02 2.993570331149182948e+02 4.713567369795154605e+02 4.789507229343026324e+02 1.730613847752438801e+02 4.728630493592444850e+02 4.664169056583376118e+02 4.789344586404673692e+02 4.786671640343625995e+02 1.336842289701446305e+02 1.292555633945121656e+02 4.791035959889165383e+02 4.823113719768512624e+02 2.964860547901414520e+02 3.707124993034782392e+02 3.756625235104127114e+02 3.764996775117267021e+02 4.221381104075638291e+02 4.315581421639902260e+02 4.638832570312920893e+02 1.697910997346187401e+02 4.952993571227697203e+02 4.716176117885960366e+02 2.585312322839553190e+02 2.550987603610500685e+02 1.589014216498788699e+02 2.624568840307573510e+02 4.834843009198020241e+02 2.934292365987612925e+02 4.119935510728857935e+02 2.808651012355975922e+02 3.666976840287154573e+02 2.577103348668251215e+02 3.458718767581559632e+02 4.188164325766522325e+02 3.742913559195839071e+02 4.240180765993629848e+02 3.363680868721036745e+02 2.844604112660883288e+02 3.717425212800981171e+02 1.748120465786942646e+02 2.599618096857201408e+02 3.116261767081969083e+02 3.382546560128023430e+02 4.177699433904891748e+02 1.763676333390187096e+02 2.059990122056330790e+02 3.456967086169474896e+02 2.062706795780335369e+02 2.526276622019989588e+02 2.351741520917076684e+02 4.310858398938762548e+02 3.609146159164473033e+02 2.876531347165898751e+02 3.087287479653272158e+02 3.503016435345068658e+02 6.299151709979644238e+02 2.880757398480670304e+02 3.434834774240565594e+02 5.629795379914085061e+02 3.030601595644341728e+02 2.926360515153830306e+02 1.398137813470295328e+02 3.788789354007325869e+02 1.900080739645381982e+02 2.397364504942023302e+02 1.891622422498887488e+02
3.094117647058823763e+02 1.685213366869288905e+02 1.327315428151723893e+02 1.973153237027744069e+02 1.954946727239303641e+02 1.264783337976635806e+02 1.043835792995812710e+02 2.418727668704434848e+02 2.678751424386371127e+02 4.245420304425053359e+02 4.314962666245513105e+02 1.532790562449964682e+02 4.259386246830609934e+02 4.199564565722550356e+02 4.315112475344762402e+02 4.312677281570129821e+02 1.179636392181024291e+02 1.140041475519958425e+02 4.316218664894236099e+02 4.345592116711422364e+02 2.638384661344202868e+02 3.329766787359704949e+02 3.374912994917971787e+02 3.382571161143301879e+02 3.779149658776421461e+02 3.886792076527909217e+02 4.181409175528006585e+02 1.498773833380980136e+02 4.468955939712026293e+02 4.249958425153665758e+02 2.303943593585606209e+02 2.275534275520685128e+02 1.404945121889334416e+02 2.341564955423849881e+02 4.361602883271292512e+02 2.610098610682808271e+02 3.706209379904448156e+02 2.496537775164725872e+02 3.291649706222618761e+02 2.288562459013554928e+02 3.106035596440489712e+02 3.768715853016639130e+02 3.341593244040225272e+02 3.795896917787821394e+02 2.999724435024691047e+02 2.536511823498551053e+02 3.317584439989561247e+02 1.550840405738215679e+02 2.319029514087360724e+02 2.788331105487756645e+02 3.035715763284529771e+02 3.758172622638965663e+02 1.562737044778091615e+02 1.827275153540905706e+02 3.086094396741942205e+02 1.834111076216497338e+02 2.251860118791981051e+02 2.095727719972853436e+02 3.869845313021969559e+02 3.238049695090524551e+02 2.571900432249233290e+02 2.766634487642639897e+02 3.145354746636569985e+02 5.716833800885913206e+02 2.563294468799876995e+02 3.070867410715240453e+02 5.073752802152045547e+02 2.698200269798610975e+02 2.604546812698808935e+02 1.235346321450728624e+02 3.402650915283674635e+02 1.685651557628580406e+02 2.127572523922901269e+02 1.677503564614758034e+02
3.100000000000000000e+02 1.494821911062777247e+02 1.171059514556598486e+02 1.754459785351920118e+02 1.737941464385160089e+02 1.115705001490840829e+02 9.172677461894348028e+01 2.157193401969299487e+02 2.393473713315957809e+02 3.817985109101849162e+02 3.881551732988448293e+02 1.355612880834341070e+02 3.830902320623379183e+02 3.775524914560515981e+02 3.881952070423950545e+02 3.879737187282197510e+02 1.039423421539820254e+02 1.004081943640795771e+02 3.882572904792090185e+02 3.909420729294484431e+02 2.344414476108231042e+02 2.986327967079899963e+02 3.027429600844473043e+02 3.034421948903313364e+02 3.378206318692655827e+02 3.495311918681484258e+02 3.763378504230135491e+02 1.321091974409411591e+02 4.026095140468768250e+02 3.824028001059103872e+02 2.050174075220680834e+02 2.026828026072262503e+02 1.240406433954481287e+02 2.085992106146925948e+02 3.928708451609961116e+02 2.318321012953128104e+02 3.329002068481229344e+02 2.215862539923990369e+02 2.950306816045128926e+02 2.029362223074365090e+02 2.785127152828855515e+02 3.386157562768569846e+02 2.978889952934327994e+02 3.393102940764960636e+02 2.671202642602503374e+02 2.258452933615300253e+02 2.956374464153822146e+02 1.373821714455416156e+02 2.065672204595698815e+02 2.491197600229926366e+02 2.720363181616552879e+02 3.375676641769642856e+02 1.382682459956901369e+02 1.618491757604733721e+02 2.750935252004608742e+02 1.628461594881531198e+02 2.004294787053236462e+02 1.864834296607162116e+02 3.468737905978875915e+02 2.900758240195713711e+02 2.296116122290648889e+02 2.475582466968951394e+02 2.819971742857861159e+02 5.180349900645146590e+02 2.277471313341122254e+02 2.741391424266979584e+02 4.565701918031384707e+02 2.398728821293833278e+02 2.314721147582894787e+02 1.089937647667758256e+02 3.051277140763691023e+02 1.493245015638452742e+02 1.885391767652342594e+02 1.485458762369225667e+02
3.105882352941176805e+02 1.324029523887362529e+02 1.031730496508843231e+02 1.557742630838182549e+02 1.542784824862500557e+02 9.828005152807429567e+01 8.049133593107104900e+01 1.921126134888836248e+02 2.135436124412552488e+02 3.428457532844917068e+02 3.486456781208171947e+02 1.197200980714536058e+02 3.440376609305067177e+02 3.389237140532661670e+02 3.487054035232923184e+02 3.485042872814289012e+02 9.145794523359415962e+01 8.830860119700410849e+01 3.487276786988785489e+02 3.511771913361969268e+02 2.080182535807568627e+02 2.674340484475553694e+02 2.711694157536378498e+02 2.718066730782386458e+02 3.015360109647079412e+02 3.138568749837962173e+02 3.382071962297156915e+02 1.162824121657809826e+02 3.621680261972356334e+02 3.435639662457522263e+02 1.821704975988332080e+02 1.802674277585234108e+02 1.093578611161702554e+02 1.855605607061508238e+02 3.533473773200529422e+02 2.056182589035094850e+02 2.985734525261542558e+02 1.963903394425643114e+02 2.640445999027546691e+02 1.796927478308945751e+02 2.493672762585956946e+02 3.037899850035849454e+02 2.651677992405041095e+02 3.028591038506869495e+02 2.375196578409966151e+02 2.007948832549625706e+02 2.630649367439378352e+02 1.215260725737830256e+02 1.837313618996541322e+02 2.222459268089266402e+02 2.434162350389364917e+02 3.027596290773937540e+02 1.221621905510071855e+02 1.431505659812332851e+02 2.448595760570375433e+02 1.443781526442697611e+02 1.781352268418918641e+02 1.656967915778245413e+02 3.104601128935649967e+02 2.594758547905109367e+02 2.046899743183341798e+02 2.211883786314439817e+02 2.524503363167935390e+02 4.687067071134125626e+02 2.020590265542779491e+02 2.443679095700136088e+02 4.102379255601840669e+02 2.129404142480308906e+02 2.054166746239647807e+02 9.602781117437643843e+01 2.732131845261191643e+02 1.320900666305043671e+02 1.668376539872445221e+02 1.313512458639998783e+02
3.111764705882353041e+02 1.171083204980305084e+02 9.077039346790061813e+01 1.381102508581651307e+02 1.367583349852533559e+02 8.645145048150541811e+01 7.053413567863935896e+01 1.708423864457332968e+02 1.902455340530971739e+02 3.074133099270773641e+02 3.126958451031841264e+02 1.055808458890574428e+02 3.085106001132504048e+02 3.037990785825970761e+02 3.127706477694891305e+02 3.125883273720820625e+02 8.036059340375975069e+01 7.755866899222645827e+01 3.127607027459721394e+02 3.149916017410989753e+02 1.843094044748638112e+02 2.391441317250552459e+02 2.425330113187841050e+02 2.431127256637500409e+02 2.687580146905052629e+02 2.814082170563517025e+02 3.034910240724584582e+02 1.022085403202256657e+02 3.253064297349748699e+02 3.082142133079746600e+02 1.616374547940446007e+02 1.601005098987142219e+02 9.627765760510693838e+01 1.648289560135607985e+02 3.173296807085346813e+02 1.821081820524400996e+02 2.673927692624560564e+02 1.738114080296514601e+02 2.359675290381657362e+02 1.588853723793569088e+02 2.229451596823023749e+02 2.721451485614678631e+02 2.357006708173605318e+02 2.699314511157167544e+02 2.108957281719738432e+02 1.782665793261568581e+02 2.337441846552758022e+02 1.073476571564423381e+02 1.631849842595619862e+02 1.979837409690730965e+02 2.174890377540054658e+02 2.711417737598587223e+02 1.077797512753389384e+02 1.264328365737022608e+02 2.176344484945721547e+02 1.278220375791487413e+02 1.580936036191053233e+02 1.470160177842256815e+02 2.774628825837092450e+02 2.317651138715080208e+02 1.822093257862967732e+02 1.973398540910767167e+02 2.256688116675221352e+02 4.234383595546167953e+02 1.790122519815381281e+02 2.175147512788398672e+02 3.680632125563058707e+02 1.887614235048954185e+02 1.820335519600066050e+02 8.448566369441422808e+01 2.442787600298186135e+02 1.166791533064459401e+02 1.474246090815416892e+02 1.159824926955782871e+02
3.117647058823529278e+02 1.034350718890723329e+02 7.974819711124612809e+01 1.222762694046020187e+02 1.210566409694106227e+02 7.594132468334525754e+01 6.172410330266428247e+01 1.517107985518694306e+02 1.692468129408340474e+02 2.752416492958929553e+02 2.800445315320882287e+02 9.298180948254642431e+01 2.762495851893903591e+02 2.719186931203118434e+02 2.801304714605728350e+02 2.799654563526439119e+02 7.051242280040216315e+01 6.802354011922767540e+01 2.800948655776043665e+02 2.821231201830031523e+02 1.630724800552163742e+02 2.135378198250537878e+02 2.166071204974879549e+02 2.171335445288279686e+02 2.391999427804902325e+02 2.519472163026098031e+02 2.719412996284675046e+02 8.971407421817259831e+01 2.917695172680392943e+02 2.760987706154000421e+02 1.432157435041035569e+02 1.419879253849372844e+02 8.464447396584148464e+01 1.462057030405800617e+02 2.845669916754050064e+02 1.610590171966210562e+02 2.391209912761605665e+02 1.536120923643126162e+02 2.105718239119579778e+02 1.402903438348565999e+02 1.990347917311516994e+02 2.434427411443924143e+02 2.092101362945308836e+02 2.402391538270769331e+02 1.869905497105587244e+02 1.580414711475018805e+02 2.073963682093364866e+02 9.469080289618044333e+01 1.447305644581893205e+02 1.761179027551707748e+02 1.940432730186990398e+02 2.424736086592942286e+02 9.495801663300231610e+01 1.115113382366002668e+02 1.931613204840550679e+02 1.130051964052219944e+02 1.401080882380765615e+02 1.302566965747788856e+02 2.476149961825432229e+02 2.067155187367339124e+02 1.619660933262759102e+02 1.758098014520452921e+02 2.014372271164485824e+02 3.819746116575942665e+02 1.583705928182945684e+02 1.933360503827639434e+02 3.297430254053514886e+02 1.670916442637590933e+02 1.610846144073770176e+02 7.422798778371220862e+01 2.180931519441395778e+02 1.029220667743797861e+02 1.300880609004159396e+02 1.022688623185041621e+02
3.123529411764706083e+02 9.123172438867246115e+01 6.996876440911968587e+01 1.081066837567833687e+02 1.070083911091888353e+02 6.661790863726770340e+01 5.394154587648225174e+01 1.345322924532500224e+02 1.503532262776683979e+02 2.460828631462967735e+02 2.504421300423716730e+02 8.177369504069380923e+01 2.470067162402963845e+02 2.430345029270133637e+02 2.505358685845896503e+02 2.503867522198397069e+02 6.178697045344319605e+01 5.957960277796293980e+01 2.504802386899356179e+02 2.523210936376607663e+02 1.440817657825504057e+02 1.904013597532570827e+02 1.931765652460864828e+02 1.936537562927276497e+02 2.125916561748476283e+02 2.252465562300754982e+02 2.433206387393306613e+02 7.863975754265793228e+01 2.613124342284868931e+02 2.469739724939011012e+02 1.267162662032960441e+02 1.257480949547697122e+02 7.431513369789938395e+01 1.295048849794404191e+02 2.548188281987989114e+02 1.422448204693461093e+02 2.135322375044821968e+02 1.355718513531269878e+02 1.876417368034797164e+02 1.237001298894580259e+02 1.774354663641362038e+02 2.174554442714969866e+02 1.854362167392461913e+02 2.135106883517333642e+02 1.655629800351412939e+02 1.399149401326083648e+02 1.837604384372172035e+02 8.341096694054024852e+01 1.281833275568954207e+02 1.564457723007354559e+02 1.728786283295999624e+02 2.165260860951844677e+02 8.354648486581723432e+01 9.821515662851415129e+01 1.711995959886424146e+02 9.976714303318419752e+01 1.239951165029845868e+02 1.152466632219667133e+02 2.206632814990307452e+02 1.841111581345610659e+02 1.437689710781845065e+02 1.564066618417796519e+02 1.795513374809082734e+02 3.440664138034233019e+02 1.399141533852263137e+02 1.716029049230747887e+02 2.949874720539912119e+02 1.477034362692475611e+02 1.423480688057207146e+02 6.512668909017902763e+01 1.944369223725298355e+02 9.066169919946695188e+01 1.146316248869248682e+02 9.005237194074655349e+01
3.129411764705882320e+02 8.035813905337899143e+01 6.130587338125494057e+01 9.544758588244404507e+01 9.446031658234005590e+01 5.836045027775482197e+01 4.707745546601186959e+01 1.191334567897894487e+02 1.333826119289551855e+02 2.197011707131449327e+02 2.236511010774585486e+02 7.181909335017358842e+01 2.205461709297016171e+02 2.169107651110219592e+02 2.237498313561245595e+02 2.236152938820885083e+02 5.406855828831873367e+01 5.211387000566041650e+01 2.236789884184608468e+02 2.253469401821525935e+02 1.271277809753040913e+02 1.695326986680815082e+02 1.720378527458602775e+02 1.724696677942451686e+02 1.886795571197990000e+02 2.010900610385812399e+02 2.174028561285472279e+02 6.883983340278106766e+01 2.337013306876840488e+02 2.206077986568242579e+02 1.119630617047543524e+02 1.112117499343112428e+02 6.515824142656214235e+01 1.145531340161786744e+02 2.278556139345184590e+02 1.254560595474733589e+02 1.904122750566670277e+02 1.194864259505984592e+02 1.669736022341376440e+02 1.089228424026554620e+02 1.579575431227812317e+02 1.939675160197545836e+02 1.641361698329596663e+02 1.894911695648175680e+02 1.463883355088383666e+02 1.236963734070567966e+02 1.625928319460950036e+02 7.337473557189781559e+01 1.133710072636156383e+02 1.387773184498251737e+02 1.538060927671205320e+02 1.930819682474695185e+02 7.340653363158611455e+01 8.638657285887369142e+01 1.515246585952449720e+02 8.795915208170254118e+01 1.095838053773061773e+02 1.018257244701676711e+02 1.963687163199692804e+02 1.637484366549382173e+02 1.274388246596015790e+02 1.389502383566420747e+02 1.598182218825788823e+02 3.094722157158939808e+02 1.234388905081603411e+02 1.521010012879313820e+02 2.635204531063731679e+02 1.303853471576090328e+02 1.256180189590242406e+02 5.706434421531428569e+01 1.731027053332248613e+02 7.975304024271100900e+01 1.008739264023514721e+02 7.918730088573792614e+01
3.135294117647058556e+02 7.068505614231604284e+01 5.364414027823599440e+01 8.415641822559014429e+01 8.327049630929884927e+01 5.105859546118318804e+01 4.103281495627688003e+01 1.053527751744588841e+02 1.181647106026576353e+02 1.958732413673999417e+02 1.994463084196347609e+02 6.299189645189270692e+01 1.966445286825878611e+02 1.933243377303016075e+02 1.995477005780483921e+02 1.994265022768203153e+02 4.725165971016097899e+01 4.552334430967150070e+01 1.994657206221211538e+02 2.009744998005099319e+02 1.120167208312442568e+02 1.507415653212585482e+02 1.529992770881396495e+02 1.533893678276789956e+02 1.672264109383450545e+02 1.792729885317650087e+02 1.939733297965477163e+02 6.018126112447415466e+01 2.087138239686004511e+02 1.967802223568620263e+02 9.879291877907276387e+01 9.822161246808052226e+01 5.705354959722367170e+01 1.011893155375655198e+02 2.034591137604825803e+02 1.104990213303750721e+02 1.695587163667876496e+02 1.051672138060400243e+02 1.483758780933003152e+02 9.578158728606958050e+01 1.404225114303619648e+02 1.727750108518239642e+02 1.450840947279373836e+02 1.679421676470263378e+02 1.292579410862290104e+02 1.092087799801651755e+02 1.436670414325714376e+02 6.445933126369011745e+01 1.001335278699592237e+02 1.229349538053424880e+02 1.366479758627736487e+02 1.719360290894469472e+02 6.441085185651120071e+01 7.588047459910814041e+01 1.339275044914259922e+02 7.744381626093836246e+01 9.671558236321165225e+01 8.984529845348289712e+01 1.745064773994304801e+02 1.454360785784891164e+02 1.128084865979362803e+02 1.232716287465761695e+02 1.420563347672043051e+02 2.779589553320317918e+02 1.087560607128907577e+02 1.346303701981621259e+02 2.350800884589116038e+02 1.149415760958858215e+02 1.107039158982035616e+02 4.993360933885954012e+01 1.538952827610009138e+02 7.006263949597314422e+01 8.864794762813507134e+01 6.953963213979552904e+01
3.141176470588235361e+02 6.209359854920383270e+01 4.687837095007985511e+01 7.410153206765654943e+01 7.330791367493331734e+01 4.461176139850447697e+01 3.571790937123765985e+01 9.304028524614831497e+01 1.045409113717085887e+02 1.743883391717176323e+02 1.776152053980525238e+02 5.517668780260383699e+01 1.750909352442290015e+02 1.720648132919754119e+02 1.777173400119646089e+02 1.776083254562980471e+02 4.124026182687126152e+01 3.971437914302510563e+01 1.776276501706445003e+02 1.789902179010994701e+02 9.856981538594453696e+01 1.338494279322122509e+02 1.358808872827936796e+02 1.362326970545717018e+02 1.480110305469920888e+02 1.596021643364503291e+02 1.728292084439760004e+02 5.254292740883356316e+01 1.861392864393299362e+02 1.752834110070065776e+02 8.705491305320416018e+01 8.663200083099026472e+01 4.989130926786741327e+01 8.926412906223579569e+01 1.814227018769252595e+02 9.719514567394507765e+01 1.507810733726718695e+02 9.244058024159279796e+01 1.316690584918917466e+02 8.411376739610358300e+01 1.246629410132496645e+02 1.536858618690105232e+02 1.280704303418136192e+02 1.486413909123641872e+02 1.139785925688920400e+02 9.628832436456458765e+01 1.267730833096162968e+02 5.655208476908611459e+01 8.832260043881311162e+01 1.087532637934413771e+02 1.212378238756822810e+02 1.528951132945183531e+02 5.644284226135913940e+01 6.656372495590781568e+01 1.182142696853311605e+02 6.809455957381101143e+01 8.524375501051757453e+01 7.916799952338858759e+01 1.548658478383597128e+02 1.289950119085582116e+02 9.972246465096945656e+01 1.092130612180013571e+02 1.260954493063266568e+02 2.493028409281702693e+02 9.569159203565681082e+01 1.190050342919121817e+02 2.094189553542334750e+02 1.011913589405471612e+02 9.742994796405621116e+01 4.363661690549520955e+01 1.366315297497040717e+02 6.146803341122364372e+01 7.780033390856073083e+01 6.098645978869906514e+01
3.147058823529411598e+02 5.447474292428820775e+01 4.091290831950116313e+01 6.516170709305916375e+01 6.445196887835315636e+01 3.892850794391900848e+01 3.105165174238919334e+01 8.205718324480582737e+01 9.236392818191953324e+01 1.550483489965488104e+02 1.579578570539383122e+02 4.826811883545664728e+01 1.556871182118232468e+02 1.529345055630653860e+02 1.580591800383712382e+02 1.579612708170145936e+02 3.594722911686798028e+01 3.460204523105392127e+01 1.579646352833328535e+02 1.591931805426344511e+02 8.662263585207024619e+01 1.186893415296266596e+02 1.205143477360688848e+02 1.208311118651639049e+02 1.308278521024454619e+02 1.418959938419276057e+02 1.537794795800109569e+02 4.581485881061528431e+01 1.657789788671496751e+02 1.559217651188716331e+02 7.660989259652561145e+01 7.630837747631019852e+01 4.357161536507257438e+01 7.863965696763000324e+01 1.615514915321239471e+02 8.538031197831864461e+01 1.339006978303331721e+02 8.114712019027560075e+01 1.166854865555946645e+02 7.377033912384807479e+01 1.105223247410403218e+02 1.365198265491027030e+02 1.129013628265772837e+02 1.313822561629591235e+02 1.003719423438754177e+02 8.478379858860699869e+01 1.117168820090489305e+02 4.954988615734475133e+01 7.780127034176867085e+01 9.607866558306301386e+01 1.074202270672307122e+02 1.357780643020388993e+02 4.939600696643318400e+01 5.831450861546345266e+01 1.042056790068269692e+02 5.979511469723809824e+01 7.503301932160050569e+01 6.966716437338811829e+01 1.372500000860432863e+02 1.142581488653900408e+02 8.803657935514591770e+01 9.662763754114408243e+01 1.117764895963680232e+02 2.232899504183863826e+02 8.408540260568419455e+01 1.050525647500955841e+02 1.863041552329420085e+02 8.896830387354927439e+01 8.563436180375639140e+01 3.808437002622515877e+01 1.211402520059837826e+02 5.385714903922222874e+01 6.819065986838123195e+01 5.341537481089686423e+01
3.152941176470588402e+02 4.772882513232077173e+01 3.566102663589897759e+01 5.722569958198176465e+01 5.659202155301644410e+01 3.392595280484442100e+01 2.696095980765826994e+01 7.227544587985788382e+01 8.149748944936129647e+01 1.376677927811907125e+02 1.402869928111364572e+02 4.217032667736019391e+01 1.382474239402432659e+02 1.357484598155945434e+02 1.403862651229340486e+02 1.402984597149901163e+02 3.129371396496603452e+01 3.010954226950615009e+01 1.402892176106756494e+02 1.413951707140780911e+02 7.602444815242388643e+01 1.051058138848024157e+02 1.067428102931286276e+02 1.070275584584145463e+02 1.154865347430701377e+02 1.259844830969863096e+02 1.366450462536852513e+02 3.989748934981982131e+01 1.474462058919477556e+02 1.385119875814211525e+02 6.732999642729434697e+01 6.712692592729915475e+01 3.800379628177961422e+01 6.918893567302092151e+01 1.436624627972255723e+02 7.490416758607040038e+01 1.187507241302260326e+02 7.114096887211051978e+01 1.032691845127818766e+02 6.461512201607060035e+01 9.785494512398146583e+01 1.211084615409816791e+02 9.939827118790935856e+01 1.159734875939120400e+02 8.827392250084078285e+01 7.455612997261090413e+01 9.831968588068724557e+01 4.335867177172983844e+01 6.844348545981821985e+01 8.476907906515407376e+01 9.505065458388574484e+01 1.204156797980070053e+02 4.317337388611585425e+01 5.102172015206267019e+01 9.173653153741592803e+01 5.243903255771065375e+01 6.595900217635409035e+01 6.122641297089678147e+01 1.214757982999904868e+02 1.010701857566558175e+02 7.761762168644808924e+01 8.537910166134284395e+01 9.895138423818725926e+01 1.997168404370809185e+02 7.379076579918150003e+01 9.261367311155643733e+01 1.655173900013018908e+02 7.811975236302249925e+01 7.516883775934229561e+01 3.319617914653104407e+01 1.072620378836903257e+02 4.712774600709643380e+01 5.969074977011790395e+01 4.672389152078910257e+01
3.158823529411764639e+02 4.176478487727873556e+01 3.104414188960781829e+01 5.019147391574857409e+01 4.962662085065474571e+01 2.952901324581051412e+01 2.338000388627452963e+01 6.357705264762539343e+01 7.181557561089501007e+01 1.220731073304470868e+02 1.244272829100722788e+02 3.679612768594666505e+01 1.225980946005134200e+02 1.203337055864353147e+02 1.245235364573955792e+02 1.244449072830281011e+02 2.720840855751367826e+01 2.616746103221226960e+01 1.244259015560821098e+02 1.254199443436969972e+02 6.663714305686126238e+01 9.295408561803668590e+01 9.442020141187983029e+01 9.467576391830597515e+01 1.018109212568532911e+02 1.117085725618891132e+02 1.212580599988788919e+02 3.470072728690391983e+01 1.309656615098812154e+02 1.228823831718974873e+02 5.909779828879372587e+01 5.897375493390200774e+01 3.310560676758264975e+01 6.079514636175216680e+01 1.275838229936744455e+02 6.562904473868033506e+01 1.051753699591390472e+02 6.228872159333419489e+01 9.127510796656252978e+01 5.652375476314564651e+01 8.652519354789031070e+01 1.072944200033633422e+02 8.739662050128191595e+01 1.022380666588934304e+02 7.753367892402070538e+01 6.547747097098910274e+01 8.641694466892380433e+01 3.789267663100905992e+01 6.013328778867151669e+01 7.469313083326431979e+01 8.399475630538296400e+01 1.066499905438327858e+02 3.768669342743175577e+01 4.458407709332833235e+01 8.065466821558715083e+01 4.592890462273280150e+01 5.790743640622768851e+01 5.373886874210147369e+01 1.073729248782075700e+02 8.928684103645962011e+01 6.834257924449538280e+01 7.534112779259942272e+01 8.748237065231325005e+01 1.783901271829023756e+02 6.467326534587759568e+01 8.154128058123251321e+01 1.468541473675793725e+02 6.850572359389616395e+01 6.589744315400380970e+01 2.889892719726564962e+01 9.484852023143200483e+01 4.118660386744802082e+01 5.218367086597056925e+01 4.081862169608145052e+01
3.164705882352941444e+02 3.649986919920256412e+01 2.699139757664837447e+01 4.396596301922165395e+01 4.346326008983889011e+01 2.567000579442954944e+01 2.024976263142531963e+01 5.585384564561393006e+01 6.320236026131865970e+01 1.081030134081431839e+02 1.102157256957362961e+02 3.206663668753638774e+01 1.085776393038166390e+02 1.065296065293566272e+02 1.103082269278068424e+02 1.102379152192838490e+02 2.362713557412228838e+01 2.271337229754350062e+01 1.102115429705702070e+02 1.111036292233615228e+02 5.833487732622376853e+01 8.210027988980864677e+01 8.341138009346427395e+01 8.364038994728591092e+01 8.963898201955738898e+01 9.892046745464345747e+01 1.074623339820909109e+02 3.014344892102267082e+01 1.161739335124957933e+02 1.088732637617296746e+02 5.180606538125196892e+01 5.174470507981231293e+01 2.880281559817128212e+01 5.335142447167931579e+01 1.131554802285059935e+02 5.742958193402653677e+01 9.303018300565317134e+01 5.446903075429816710e+01 8.056925335928775667e+01 4.938327472024023024e+01 7.640769439388266449e+01 9.493172318632562678e+01 7.674573457547543853e+01 9.001318052224112876e+01 6.801330177780988606e+01 5.743096599841480554e+01 7.585805735688626328e+01 3.307411233864073097e+01 5.276462048440721730e+01 6.573008813589672172e+01 7.412845139679913586e+01 9.433452117541139614e+01 3.285606619254894412e+01 3.890973450340636930e+01 7.082076398979747012e+01 4.017608046553930023e+01 5.077393655897714808e+01 4.710693732258351218e+01 9.478401280308872856e+01 7.877493149546862128e+01 6.009853849295028994e+01 6.639733306879125507e+01 7.724211442587161969e+01 1.591275266810156666e+02 5.661044094642169000e+01 7.170039770314268424e+01 1.301241790097579099e+02 5.999857436957361045e+01 5.769628743849490604e+01 2.512668574370258767e+01 8.376251264791119411e+01 3.594917226067371985e+01 4.556330997361543922e+01 3.561491063533695467e+01
3.170588235294117680e+02 3.185893044118828499e+01 2.343895266070880012e+01 3.846434362166971965e+01 3.801765105825921154e+01 2.228796262877362722e+01 1.751735810393345005e+01 4.900677990921892047e+01 5.555146532934118397e+01 9.560776010693464855e+01 9.750090513005166315e+01 2.791053065620352314e+01 9.603609014239619057e+01 9.418709364781405213e+01 9.758911696929492052e+01 9.752633308413173552e+01 2.049217796247166135e+01 1.969116746365314441e+01 9.749459618867813049e+01 9.829397408538852687e+01 5.100307060728572850e+01 7.242067520236945199e+01 7.359141561566130463e+01 7.379631612177243483e+01 7.882179843245151574e+01 8.748295190403858612e+01 9.511264233254085809e+01 2.615266051374379330e+01 1.029188135216037949e+02 9.633622132753237111e+01 4.535694711700323722e+01 4.534458932989134183e+01 2.502847487629039591e+01 4.676008508121802265e+01 1.002283685415406467e+02 5.019170855686992638e+01 8.218132312351744417e+01 4.757159805258852714e+01 7.102791432660515625e+01 4.309114978520046435e+01 6.738662277311360072e+01 8.388504810823323510e+01 6.730773383848877245e+01 7.914919338635321822e+01 5.958680944587220552e+01 5.030988618773923804e+01 6.650529457258927835e+01 2.883247793222318833e+01 4.624055442476289812e+01 5.776908004321613532e+01 6.533723208914864244e+01 8.333355372141284079e+01 2.860920756644700091e+01 3.391546814883441385e+01 6.210733957695732244e+01 3.509994068419209867e+01 4.446321583785950793e+01 4.124156765833085103e+01 8.356377534699880982e+01 6.941161551454153766e+01 5.278193372029280539e+01 5.844057567583924850e+01 6.811300972982517976e+01 1.417573688790601238e+02 4.949080860654966330e+01 6.296722412454414552e+01 1.151506496216737219e+02 5.248199892031770020e+01 5.045254019913441113e+01 2.182005220714364668e+01 7.387726725785331894e+01 3.133882198298700672e+01 3.973344468141429076e+01 3.103607782530863446e+01
3.176470588235293917e+02 2.777391412973283380e+01 2.032943412204720701e+01 3.360952421348121533e+01 3.321321034779298031e+01 1.932810559312455823e+01 1.513553239514535953e+01 4.294542324697439994e+01 4.876548675280510992e+01 8.444877174544240006e+01 8.614263924339869050e+01 2.426349307857299209e+01 8.483464607036144400e+01 8.316829884062568112e+01 8.622619313522837103e+01 8.617020917420680348e+01 1.775175959162023531e+01 1.705054425720125977e+01 8.613476928341904681e+01 8.685000811174288060e+01 4.453768851380550586e+01 6.380130519896333396e+01 6.484518868496408572e+01 6.502824079227259801e+01 6.922291631139067647e+01 7.726905749080907526e+01 8.407441723564964775e+01 2.266284940422488603e+01 9.105902397560610950e+01 8.513380313452098846e+01 3.966140856553686689e+01 3.968667137161880021e+01 2.172236093929234713e+01 4.093209312178894521e+01 8.866416657953794811e+01 4.381191700438617431e+01 7.250519195170463149e+01 4.149644477507073503e+01 6.253725335988384870e+01 3.755456886691620610e+01 5.935531995978933395e+01 7.402936381159400980e+01 5.895681786371839905e+01 6.950900029848254746e+01 5.213944844160418057e+01 4.401703224618030674e+01 5.823306504918070914e+01 2.510404909606434387e+01 4.047275933588253594e+01 5.070860057118244413e+01 5.751576040044006533e+01 7.352175756763443815e+01 2.488089465235774256e+01 2.952606685185567770e+01 5.439809547277635460e+01 3.062737215567578630e+01 3.888854177152495595e+01 3.606173526166450216e+01 7.357850281799406389e+01 6.108394633526118156e+01 4.629805717043020508e+01 5.137252694092273231e+01 5.998678348296331109e+01 1.261186112511986153e+02 4.321315995081323535e+01 5.522856001893495659e+01 1.017697465735417666e+02 4.585032057778466452e+01 4.406373161385531745e+01 1.892564070360898398e+01 6.507605547350141251e+01 2.728628894700949914e+01 3.460705618811431350e+01 2.701285129568153565e+01
3.182352941176470722e+02 2.418333135122515642e+01 1.761139349606704130e+01 2.933160689958951295e+01 2.898052009302517718e+01 1.674132387631917140e+01 1.306213786286591194e+01 3.758741116549454375e+01 4.275546355942599774e+01 7.449817375892486382e+01 7.601151542688864993e+01 2.106765547196127031e+01 7.484520579402241935e+01 7.334606685722216923e+01 7.609018211995164904e+01 7.604033031961046163e+01 1.535953298942039424e+01 1.474650252208304479e+01 7.600255257872314019e+01 7.664157133961148816e+01 3.884449536080461485e+01 5.613747063104434432e+01 5.706690690929426779e+01 5.723019696453054195e+01 6.071762379413598865e+01 6.816162926241064213e+01 7.422332013072146140e+01 1.961534392744893296e+01 8.046381419438638716e+01 7.513906272658175567e+01 3.463863111115108495e+01 3.469210773781820478e+01 1.883041765224523445e+01 3.578649514316104074e+01 7.833489717700722110e+01 3.819650495737916174e+01 6.388796326329713082e+01 3.615315729779574383e+01 5.499279308323247761e+01 3.268971272100014147e+01 5.221583081736120846e+01 6.524946852543085640e+01 5.157848920027778661e+01 6.096729785034401772e+01 4.556694608709727845e+01 3.846409782497678975e+01 5.092712608304142918e+01 2.183135706783046359e+01 3.538093702695966414e+01 4.445595305727798774e+01 5.056739049882101966e+01 6.478371023357895808e+01 2.161240819106900091e+01 2.567371606414568319e+01 4.758719249431334930e+01 2.669222392245741915e+01 3.397115862255126473e+01 3.149389625560929673e+01 6.470546889367116705e+01 5.368834904570169186e+01 4.056051903710180540e+01 4.510318065419737366e+01 5.276402122940300643e+01 1.120606746060193046e+02 3.768583207906029742e+01 4.838115854270024130e+01 8.983015714366288762e+01 4.000774759652884427e+01 3.843702103042159735e+01 1.639557717343533128e+01 5.725166372166638951e+01 2.372910904974044755e+01 3.010562918761569051e+01 2.348279355189163553e+01
3.188235294117646959e+02 2.103174768153456498e+01 1.523879080468839931e+01 2.556735939460872231e+01 2.525679928040014843e+01 1.448367975752805314e+01 1.125965998440668336e+01 3.285790378289414093e+01 3.744034201293870723e+01 6.563827884322149941e+01 6.698838010373268048e+01 1.827106139213615066e+01 6.594985554901107605e+01 6.460343391519452894e+01 6.706204564501560128e+01 6.701771483842981070e+01 1.327409531751411187e+01 1.273886734096016760e+01 6.697870901802174615e+01 6.754880670125135111e+01 3.383832264451582716e+01 4.933323022403161673e+01 5.015959680258934128e+01 5.030504497425305743e+01 5.319221664710643438e+01 6.005285312164502898e+01 6.544477234514961594e+01 1.695770687708934688e+01 7.101250501418803651e+01 6.623507023278770589e+01 3.021542178786932809e+01 3.028939506159161610e+01 1.630422586451863154e+01 3.124985636423070190e+01 6.912247375544336592e+01 3.326083567333051860e+01 5.622508259057116220e+01 3.146015252608636814e+01 4.829888815129529434e+01 2.842104934614255640e+01 4.587842150424307164e+01 5.743949444763603651e+01 4.506878133785505014e+01 5.340984663379015274e+01 3.977477148482292790e+01 3.357104058216106779e+01 4.448379964400268705e+01 1.896268760962012223e+01 3.089225926636735764e+01 3.892668939446419785e+01 4.440367418217923046e+01 5.701339148267456380e+01 1.875099735614730534e+01 2.229740213312619801e+01 4.157853588668476874e+01 2.323477780602332388e+01 2.963971739480971834e+01 2.747144889465952389e+01 5.683231223610104621e+01 4.713008052874744891e+01 3.549070456134151641e+01 3.955035064711428561e+01 4.635367294305647334e+01 9.944318722612969452e+01 3.282599291097616856e+01 4.233107436805514823e+01 7.919248429541556789e+01 3.486764558550546411e+01 3.348848167721171620e+01 1.418701918197032441e+01 5.030586781766380255e+01 2.061107242726725630e+01 2.615847491846840356e+01 2.038974867542156133e+01
3.194117647058823763e+02 1.826929452764341733e+01 1.317050963761758275e+01 2.225970607314408056e+01 2.198539457519740381e+01 1.251594271994173546e+01 9.694772799139785846e+00 2.868905385626223037e+01 3.274644531164084782e+01 5.776105316680225599e+01 5.896380774332669716e+01 1.582715970560574981e+01 5.804033748326554587e+01 5.683308422535606752e+01 5.903245279159708758e+01 5.899308421984990503e+01 1.145853491193763851e+01 1.099184318987596143e+01 5.895374096865381830e+01 5.946162872756372764e+01 2.944236513425159174e+01 4.330088441035973545e+01 4.403458788487117914e+01 4.416395702222094855e+01 4.654327047527253569e+01 5.284376530128614746e+01 5.763346310132011041e+01 1.464316742041246933e+01 6.259400631840217955e+01 5.831440017592598224e+01 2.632564124680454398e+01 2.641383281119050253e+01 1.410050475656516866e+01 2.725571273170415054e+01 6.091822272364593971e+01 2.892862802743240280e+01 4.942075368829802073e+01 2.734397534456972423e+01 4.236819195499751345e+01 2.468066006485387476e+01 4.026109106789430570e+01 5.050239699806075322e+01 3.933350498471857293e+01 4.673273884713644577e+01 3.467741796066282234e+01 2.926547134685347373e+01 3.880920860147062257e+01 1.645160273580528809e+01 2.694082249840504062e+01 3.404405603538580039e+01 3.894386218933787802e+01 5.011366186594057126e+01 1.624937211211875265e+01 1.934234666139630221e+01 3.628507617826348763e+01 2.020123914802249843e+01 2.582972375521429598e+01 2.393421246649582912e+01 4.985641212823144741e+01 4.132268594794802397e+01 3.101723976107411218e+01 3.463917062830673643e+01 4.067255339403542536e+01 8.813567670709660717e+01 2.855895448337181364e+01 3.699302378985445472e+01 6.972864298341404776e+01 3.035183380191813640e+01 2.914241064047292440e+01 1.226170494558487256e+01 4.414890002672609626e+01 1.788170444873120246e+01 2.270208573455921908e+01 1.768331694105651763e+01
3.200000000000000000e+02 1.585120431782270067e+01 1.136990383187542797e+01 1.935723928621867174e+01 1.911529236967464129e+01 1.080315501670102130e+01 8.337928452093969156e+00 2.501949119729189519e+01 2.860695582451304020e+01 5.076757171504220878e+01 5.183755854981065170e+01 1.369432732947701759e+01 5.101750774316199255e+01 4.993679925154818022e+01 5.190123937851472391e+01 5.186632387949676115e+01 9.880008793972718806e+00 9.473598824518781214e+00 5.182734717713719164e+01 5.227918040585776538e+01 2.558750835194172879e+01 3.796046046149713504e+01 3.861099757566009316e+01 3.872590188060028282e+01 4.067692843161989913e+01 4.644375216309560273e+01 5.069284410136405228e+01 1.263009117561407813e+01 5.510631729426066983e+01 5.127860742362606317e+01 2.290965426923487769e+01 2.300700544176555340e+01 1.218064354670285887e+01 2.374404210798662973e+01 5.362238869015698839e+01 2.513127810885130131e+01 4.338742033794580522e+01 2.373862838002446196e+01 3.712112713935360375e+01 2.140760004527382421e+01 3.528908497346697004e+01 4.434943867848772214e+01 3.428751822635743451e+01 4.084168178048694386e+01 3.019771142165797073e+01 2.548206616894824350e+01 3.381853844280007593e+01 1.425648914531257994e+01 2.346712032701994133e+01 2.973845209243151899e+01 3.411440982470785599e+01 4.399573766269421782e+01 1.406522459080934340e+01 1.675947096575756490e+01 3.162813328979404304e+01 1.754325299328816001e+01 2.248300684091997681e+01 2.082792682633813186e+01 4.368426754982689175e+01 3.618746067652458009e+01 2.707547186076634915e+01 3.030160106590059144e+01 3.564484473236792894e+01 7.801721256672243499e+01 2.481751646090595287e+01 3.228976136451056789e+01 6.132123775477067085e+01 2.638991268692321768e+01 2.533067025149372853e+01 1.058553179909447017e+01 3.869891838011956509e+01 1.549577444518732428e+01 1.967952530898686092e+01 1.531835795477400453e+01
3.205882352941176805e+02 1.373737136440510298e+01 9.804375098261147059e+00 1.681375404220137781e+01 1.660065370759075165e+01 9.314226780222083946e+00 7.162977710446144286e+00 2.179382480759996454e+01 2.496141075463427583e+01 4.456746966076086380e+01 4.551803019376208681e+01 1.183542140409482002e+01 4.479078851559370378e+01 4.382490287761868331e+01 4.557686293650026244e+01 4.554593723891362345e+01 8.509350529241775263e+00 8.155882739693401717e+00 4.550787283226762270e+01 4.590928435491526471e+01 2.221168807643941889e+01 3.323920072685388050e+01 3.381521882367340481e+01 3.391713308476100508e+01 3.550820624191270980e+01 4.077004651766497290e+01 4.453461694052661102e+01 1.088148726917706099e+01 4.845601482180454411e+01 4.503769581287195223e+01 1.991380423750007367e+01 2.001628415607948597e+01 1.051026560532167053e+01 2.066075585279967086e+01 4.714362892957502282e+01 2.180721461815036477e+01 3.804524776373517625e+01 2.058493722568234929e+01 3.248536147431444476e+01 1.854729405514000007e+01 3.089441278318032147e+01 3.889967194214089119e+01 2.985402449717238937e+01 3.565129907453593461e+01 2.626614722098307908e+01 2.216200244103833938e+01 2.943532761272406617e+01 1.234013242441867853e+01 2.041753773545269013e+01 2.594690348628304122e+01 2.984848774980293840e+01 3.857866464964504871e+01 1.216077988323328185e+01 1.450489207785165924e+01 2.753674561521613029e+01 1.521744326488064836e+01 1.954721087874051122e+01 1.810377378917261382e+01 3.823088372247499223e+01 3.165291986092053023e+01 2.360696457469678577e+01 2.647594695726546377e+01 3.120160431949417656e+01 6.897601246839957412e+01 2.154134126965729124e+01 2.815147603924492259e+01 5.386293305822797350e+01 2.291862257148448734e+01 2.199206011693526719e+01 9.128162901404607510e+00 3.388147947942514548e+01 1.341283301637795233e+01 1.703985145031859716e+01 1.325452370223517384e+01
3.211764705882353041e+02 1.189193796284557969e+01 8.444980378303833746e+00 1.458780652048431214e+01 1.440037325480153996e+01 8.021560310990603071e+00 6.146821467360797264e+00 1.896216631033696132e+01 2.175521603382799896e+01 3.907839389023989440e+01 3.992170942647972254e+01 1.021736151415940519e+01 3.927762156236791924e+01 3.841570846253199534e+01 3.997585662024601305e+01 3.994849988042317079e+01 7.320706860959176332e+00 7.013667083889218112e+00 3.991176025475668609e+01 4.026789280091399803e+01 1.925928443534887080e+01 2.907106151064664701e+01 2.958041740250018847e+01 2.967068597146363729e+01 3.096031962555246508e+01 3.574722408106605087e+01 3.907821850165497324e+01 9.364552533441612425e+00 4.255773665242535486e+01 3.950958641270688787e+01 1.728991310967411721e+01 1.739435308896094412e+01 9.058821927328910562e+00 1.795721440961428073e+01 4.139850350861736672e+01 1.890129010301717472e+01 3.332160864802440159e+01 1.782995181821640429e+01 2.839529583138698499e+01 1.605096777805513142e+01 2.701537509410906424e+01 3.407942528846711383e+01 2.596389937702318562e+01 3.108445492294645973e+01 2.282025776895508784e+01 1.925242155564100344e+01 2.559078890660835270e+01 1.066931722260914128e+01 1.774386886238031380e+01 2.261255386938868739e+01 2.608550487026341713e+01 3.378879731417193000e+01 1.050237611616099187e+01 1.253944938717240021e+01 2.394704700082061422e+01 1.318497921317120714e+01 1.697531083626897797e+01 1.571792139019965617e+01 3.341917129975546175e+01 2.765428053255050145e+01 2.055901381290030372e+01 2.310638812505096240e+01 2.728028159565752020e+01 6.090902008603656981e+01 1.867636362929687621e+01 2.451521016568044686e+01 4.725582188044067777e+01 1.988123512038368546e+01 1.907172243998892469e+01 7.862662909731836791e+00 2.962902265629399068e+01 1.159677752091143255e+01 1.473757535345355230e+01 1.145582011615933204e+01
3.217647058823529278e+02 1.028290667861203289e+01 7.266069840659038270e+00 1.264229704070761073e+01 1.247766378765475181e+01 6.900703057511712757e+00 5.269091322906059638e+00 1.647967504708632802e+01 1.893917982375334219e+01 3.422546290859794738e+01 3.497263078301650552e+01 8.810740723193836388e+00 3.440292843945968571e+01 3.363497458384163252e+01 3.502228927500866007e+01 3.499812037318604041e+01 6.291203401708025389e+00 6.024820268060768313e+00 3.496300681675518263e+01 3.527854543395026354e+01 1.668055106943806010e+01 2.539622449600435061e+01 2.584604195734841170e+01 2.592588739766183181e+01 2.696404008906245409e+01 3.130670768989400798e+01 3.425031134611150208e+01 8.050250383277319344e+00 3.733366652703874422e+01 3.461959155764610330e+01 1.499480891513839254e+01 1.509875849379715262e+01 7.799215660942152795e+00 1.558976667787843162e+01 3.631096741371671754e+01 1.636420743770213093e+01 2.915058008504585274e+01 1.542638384902822501e+01 2.479156588681962603e+01 1.387511599864176048e+01 2.359610372674491074e+01 2.982179926571294359e+01 2.255505205593676976e+01 2.707160524437287208e+01 1.980401386600901148e+01 1.670592026644725436e+01 2.222316512658777654e+01 9.214454803911683811e+00 1.540285879478394904e+01 1.968417861005917047e+01 2.277064483282722307e+01 2.955928841687129704e+01 9.060073200612869471e+00 1.082826401885016843e+01 2.080167501763996185e+01 1.141116668444518467e+01 1.472515494544207648e+01 1.363109362220905219e+01 2.917936262549300253e+01 2.413295967947969700e+01 1.788418330857255256e+01 2.014252792139506809e+01 2.382424950863771329e+01 5.372146290602807994e+01 1.617423354174653838e+01 2.132430459367590103e+01 4.141080155827974352e+01 1.722698041794506807e+01 1.652058218516998878e+01 6.765160453456076084e+00 2.588036743645403348e+01 1.001544715651817974e+01 1.273215618774411695e+01 9.890198723887817067e+00
3.223529411764706083e+02 8.881779258605394745e+00 6.244953456790921287e+00 1.094408000848942564e+01 1.079966689859579887e+01 5.930028540128582826e+00 4.511858429005772386e+00 1.430612903329196683e+01 1.646906888536087621e+01 2.994073957590021351e+01 3.060184831159896390e+01 7.589466464034912541e+00 3.009858462373928845e+01 2.941537616721749870e+01 3.064723946090593287e+01 3.062591368169099582e+01 5.400637768788408621e+00 5.169806882983269070e+00 3.059263524154091840e+01 3.087183876994289378e+01 1.443108169933263341e+01 2.216062593143044523e+01 2.255735076843962617e+01 2.262788250486188701e+01 2.345707953965278136e+01 2.738628388864580288e+01 2.998428533931627271e+01 6.912924962786737737e+00 3.271302796650577704e+01 3.029990108381743497e+01 1.298988158289407657e+01 1.309148534885409809e+01 6.707456037364531554e+00 1.351931674823483220e+01 3.181187213240097478e+01 1.415198490279679788e+01 2.547245511345837699e+01 1.333208289405408742e+01 2.162056480364309152e+01 1.198100671804337303e+01 2.058611898195364276e+01 2.606617732953650446e+01 1.957182104079829088e+01 2.355018060254121082e+01 1.716726022386183459e+01 1.448007171406045046e+01 1.927712177442196761e+01 7.949236503469717441e+00 1.335577221226840194e+01 1.711572106464870657e+01 1.985442081355973443e+01 2.582959395673182712e+01 7.807291399710415192e+00 9.340328584209792950e+00 1.804921135544130451e+01 9.865067367911416696e+00 1.275903427671267565e+01 1.180816648878053421e+01 2.544845135393535784e+01 2.103609326822502013e+01 1.553986597527002900e+01 1.753896104773872722e+01 2.078235263172843261e+01 4.732640019445883439e+01 1.399179653143896118e+01 1.852787257343232952e+01 3.624696307915782256e+01 1.491050954823067443e+01 1.429482303366935803e+01 5.814538268224834106e+00 2.258022941203799405e+01 8.640246182152905519e+00 1.098753098586060872e+01 8.529177854593680053e+00
3.229411764705882320e+02 7.663221230669787332e+00 5.361594932321231965e+00 9.463598423015062266e+00 9.337088964264694368e+00 5.090443535025373833e+00 3.859368283242060826e+00 1.240551969898224982e+01 1.430518839483688431e+01 2.616271938043122347e+01 2.674692068610362838e+01 6.530428772978418728e+00 2.630290783485747852e+01 2.569598949850902869e+01 2.678828256394345786e+01 2.676948861443229433e+01 4.631198724319482984e+00 4.431413220143031850e+00 2.673817863370983972e+01 2.698491066535697058e+01 1.247131116727261002e+01 1.931550485810002726e+01 1.966495774526882911e+01 1.972718046736942199e+01 2.038350727602659873e+01 2.392963322329805109e+01 2.621977095428828619e+01 5.929947214094569041e+00 2.863158786692602575e+01 2.648908123966002748e+01 1.124066729747130999e+01 1.133855876620167713e+01 5.762340085056078642e+00 1.171091620091677754e+01 2.783847723246412542e+01 1.222545640317214932e+01 2.223327083715266284e+01 1.150954812807613692e+01 1.883398380066639888e+01 1.033422155576927537e+01 1.793990425053288007e+01 2.275775197689610962e+01 1.696440548307235474e+01 2.046399894752058302e+01 1.486518681877310222e+01 1.253697628570271405e+01 1.670317495192546886e+01 6.850313140480159824e+00 1.156798837972666227e+01 1.486585423540077322e+01 1.729224964020575328e+01 2.254499436553720315e+01 6.720476682428169646e+00 8.048128385384785588e+00 1.564365622920528232e+01 8.519144103229979947e+00 1.104327877556703363e+01 1.021778885424509653e+01 2.216965409041110036e+01 1.831607578779495782e+01 1.348786712788843012e+01 1.525486221802588815e+01 1.810847441901894328e+01 4.164426429186150358e+01 1.209060790632117310e+01 1.608030162333928459e+01 3.169099586311786965e+01 1.289139285940829005e+01 1.235539754111151467e+01 4.992148476711562921e+00 1.967875579199063552e+01 7.445795830540297366e+00 9.471679186175032683e+00 7.347491890393648362e+00
3.235294117647058556e+02 6.604751298232472756e+00 4.598331921706854786e+00 8.174544323097810761e+00 8.063862511477537964e+00 4.365120404325522507e+00 3.297800188997074500e+00 1.074567180325163918e+01 1.241198491045828867e+01 2.283583641632992567e+01 2.335141599694151182e+01 5.613195368977921262e+00 2.296016484153049220e+01 2.242179828525571850e+01 2.338899601427606001e+01 2.337245339817750533e+01 3.967209949443080585e+00 3.794497185676741324e+00 2.334318405569927179e+01 2.356094212550613420e+01 1.076605294999588125e+01 1.681697094536291104e+01 1.712439825137845872e+01 1.717921987875684309e+01 1.769319868333129975e+01 2.088587748465115368e+01 2.290216944774950747e+01 5.081392020439452040e+00 2.503117563990225847e+01 2.313159162639705357e+01 9.716460129936846712e+00 9.809671827869360428e+00 4.945161233570145143e+00 1.013338282712994953e+01 2.433397703621095332e+01 1.054980845621095042e+01 1.938435554447576692e+01 9.925476269711632327e+00 1.638837627972173294e+01 8.904230780330294692e+00 1.561650050018712221e+01 1.984706990920002667e+01 1.468833311365830596e+01 1.776271167061509715e+01 1.285783367117372755e+01 1.084284184077796453e+01 1.445715614467255961e+01 5.896999101961948320e+00 1.000862245046842425e+01 1.289756631032032530e+01 1.504404546167749324e+01 1.965613567767095660e+01 5.778793338596259765e+00 6.927291423401428005e+00 1.354393478621379110e+01 7.348931368954058740e+00 9.547881146324687762e+00 8.832029391276897456e+00 1.929189851242946929e+01 1.593012214881585287e+01 1.169401405799650639e+01 1.325359609640665326e+01 1.576112407514899338e+01 3.660240114047844173e+01 1.043648126035481027e+01 1.394078548664282380e+01 2.767661312952034791e+01 1.113365245372643386e+01 1.066757230694838476e+01 4.281552265934496226e+00 1.713108192057168822e+01 6.409612287504905304e+00 8.156220586826455232e+00 6.322768016567132499e+00
3.241176470588235361e+02 5.686455247977977301e+00 3.939621044713702336e+00 7.053543712029877177e+00 6.956832804244270640e+00 3.739253292658725414e+00 2.815049717148580211e+00 9.297888765694425572e+00 1.075767478482100969e+01 1.990999235871514372e+01 2.036443658723447570e+01 4.819732585686413273e+00 2.002009956435118454e+01 1.954322050005380262e+01 2.039848604063575266e+01 2.038394266659508247e+01 3.394897247330382228e+00 3.245761137689819442e+00 2.035673642478952416e+01 2.054868096096519992e+01 9.284070331401766296e+00 1.462559611543305493e+01 1.489571737284576436e+01 1.494395667262786986e+01 1.534131746808059837e+01 1.820914692724864281e+01 1.998220205514159886e+01 4.349744514319677791e+00 2.185921900091556580e+01 2.017732195486782842e+01 8.389952286457587505e+00 8.477838857081094304e+00 4.239443398482629632e+00 8.758945809029652807e+00 2.124704523351487140e+01 9.094151364596228859e+00 1.688189797316712060e+01 8.550343993349668992e+00 1.424474425775045816e+01 7.664001059916191849e+00 1.357912205743500955e+01 1.728959806336889571e+01 1.270396286468661096e+01 1.540128373464955835e+01 1.110963147018100372e+01 9.367593270875754996e+00 1.249971448607887758e+01 5.071000508565340681e+00 8.650172134087656062e+00 1.117777324785910587e+01 1.307383700495093848e+01 1.711859214672833573e+01 4.963842112410766561e+00 5.956267095823117863e+00 1.171343788014316800e+01 6.332731578070373679e+00 8.246147068367625010e+00 7.626048627652838974e+00 1.676933854375580779e+01 1.383985452996849475e+01 1.012778897007540557e+01 1.150235029230164763e+01 1.370304552000082765e+01 3.213461674107412591e+01 8.999071639116746013e+00 1.207288599352848912e+01 2.414400143545841360e+01 9.605329977636372973e+00 9.200506635395097277e+00 3.668282670384610089e+00 1.489691153930940715e+01 5.511811454748266392e+00 7.016045364779755822e+00 5.435229526172764558e+00
3.247058823529411598e+02 4.890723370537051196e+00 3.371806302379454223e+00 6.079866101745722951e+00 5.995468607671911698e+00 3.199836705129331715e+00 2.400532598195802780e+00 8.036622877824502353e+00 9.313896876764149013e+00 1.734010670218256323e+01 1.774016669294900339e+01 4.134150576841786773e+00 1.743748442357416906e+01 1.701565964415330257e+01 1.777093644257911365e+01 1.775816572810253646e+01 2.902177563403445681e+00 2.773546303912354460e+00 1.773300650992249317e+01 1.790198760207861284e+01 7.997681840254141861e+00 1.270602846749122428e+01 1.294308135435903218e+01 1.298547557432670629e+01 1.328783268156281139e+01 1.585816890780102639e+01 1.741547944224974387e+01 3.719633805052429132e+00 1.906830119055973682e+01 1.758115058959857180e+01 7.236901106810556428e+00 7.319074896250047146e+00 3.630699207559312303e+00 7.562917124011284464e+00 1.853139887350242887e+01 7.831125253472666081e+00 1.468653785210855212e+01 7.358024695671712578e+00 1.236814946241693569e+01 6.589636791562843321e+00 1.179479487075760602e+01 1.504531287800636896e+01 1.097602414359492151e+01 1.333950763576120302e+01 9.588975582015926591e+00 8.084512057949716279e+00 1.079585374638679163e+01 4.356166356296395037e+00 7.468192057441414455e+00 9.676956000722608309e+00 1.134940584533114993e+01 1.489245174218856782e+01 4.259402779192315691e+00 5.116032203930727107e+00 1.011959508710710409e+01 5.451335383190038186e+00 7.114371510345556260e+00 6.577796109784899592e+00 1.456089791654039800e+01 1.201091337899514144e+01 8.761988917857015835e+00 9.971791801962631041e+00 1.190084909116860601e+01 2.818073212575816555e+01 7.751491096613515985e+00 1.044412529955933877e+01 2.103929469281291631e+01 8.278087473120454121e+00 7.926864799965080977e+00 3.139629124200400856e+00 1.294012064890021563e+01 4.734838329767769416e+00 6.028975422150373298e+00 4.667424375685265581e+00
3.252941176470588402e+02 4.202009926532892514e+00 2.882909221240052222e+00 5.235157039516833422e+00 5.161596113508923445e+00 2.735465003039848852e+00 2.045008246243517291e+00 6.939170041437321856e+00 8.055388997331496270e+00 1.508569186989712030e+01 1.543744463345614193e+01 3.542471500064557688e+00 1.517169458720529107e+01 1.479907961504475722e+01 1.546518108497951616e+01 1.545398007611071733e+01 2.478468213420653932e+00 2.367647026402828203e+00 1.543082158552030592e+01 1.557940449427549368e+01 6.882398505907724839e+00 1.102662963275358088e+01 1.123441242993279232e+01 1.127162381875327490e+01 1.149706741705243473e+01 1.379587773388668559e+01 1.516209432038962213e+01 3.177592104639028747e+00 1.661573815608002747e+01 1.530252597630161659e+01 6.235822195032574733e+00 6.312098917658232722e+00 3.106210554129787749e+00 6.523387472351546812e+00 1.614538424720243981e+01 6.736537699114821365e+00 1.276298111546081948e+01 6.325436578735990523e+00 1.072734866563510359e+01 5.660051129616815224e+00 1.023401601483595869e+01 1.307831096812101279e+01 9.473190106244485875e+00 1.154155011466887970e+01 8.267833116111686920e+00 6.969902407576999082e+00 9.314505244264109862e+00 3.738261192547554845e+00 6.440991207721658007e+00 8.368823801632910175e+00 9.841948356864044456e+00 1.294192567725027310e+01 3.651199650522348961e+00 4.389822340555092239e+00 8.733480468517756279e+00 4.687765183377639033e+00 6.131540612672078616e+00 5.667730985730600857e+00 1.262984169212996655e+01 1.041259288820739748e+01 7.572408078153949340e+00 8.635745231664717636e+00 1.032466584340776450e+01 2.468615034881965897e+01 6.669955321996321906e+00 9.025606673120107004e+00 1.831407664274376046e+01 7.126840334717690517e+00 6.822458753844005130e+00 2.684442194739957710e+00 1.122838583796152179e+01 4.063220035383269035e+00 5.175454741507716783e+00 4.003977448985722276e+00
3.258823529411764639e+02 3.606614246456603112e+00 2.462439674793458710e+00 4.503193655159203779e+00 4.439155779198656226e+00 2.336151642838774745e+00 1.740421783378384601e+00 5.985388630996354209e+00 6.959689924245237691e+00 1.311045437496349564e+01 1.341935968461910633e+01 3.032419541258764450e+00 1.318630946047812813e+01 1.285760641809972427e+01 1.344430255242917660e+01 1.343448961895037996e+01 2.114515375858285751e+00 2.019143844139242194e+00 1.341326280279051453e+01 1.354375244910808362e+01 5.916592462879970427e+00 9.559137270686333565e+00 9.741048468359529977e+00 9.773670950830478432e+00 9.937282689464320029e+00 1.198904909888318926e+01 1.318623694715190275e+01 2.711837928304452028e+00 1.446318073309853069e+01 1.330507322336123366e+01 5.367708415677537204e+00 5.438061940695094520e+00 2.654830594944234345e+00 5.620947356023416219e+00 1.405158617573269275e+01 5.789033416190990877e+00 1.107963886715845447e+01 5.432222254541502870e+00 9.294454449951295771e+00 4.856667022445901871e+00 8.870436972718994895e+00 1.135644628024881087e+01 8.167685303107774075e+00 9.975534018291785543e+00 7.121382181788150412e+00 6.002785874954462919e+00 8.028135065093772837e+00 3.204758798013001453e+00 5.549356327291173230e+00 7.230002856881306172e+00 8.525761029842945149e+00 1.123498194950768969e+01 3.126689092430769090e+00 3.762888283090664476e+00 7.529449286816204179e+00 4.027041217965193987e+00 5.279058248368687423e+00 4.878566186515032044e+00 1.094337826440018446e+01 9.017503477696445557e+00 6.537546178136648400e+00 7.470895421076252596e+00 8.947825196305259965e+00 2.160144111409152856e+01 5.733461261788054486e+00 7.791665122999108739e+00 1.592491244100298431e+01 6.129421761859254580e+00 5.865922280204435069e+00 2.292957592313609183e+00 9.732837403450192326e+00 3.483341443018993289e+00 4.438268080970616758e+00 3.431365815737360769e+00
3.264705882352941444e+02 3.092480739750475216e+00 2.101224804828609294e+00 3.869659966402688944e+00 3.813978948970170979e+00 1.993165743407204094e+00 1.479762167454898636e+00 5.157439569430704474e+00 6.006861859037077700e+00 1.138191791570854505e+01 1.165287250800930785e+01 2.593230240482267135e+00 1.144873486239497495e+01 1.115915211837984877e+01 1.167525211234761784e+01 1.166666496588068291e+01 1.802239292481834010e+00 1.720252951588914669e+00 1.164728427429554181e+01 1.176174799311020180e+01 5.081193132633677223e+00 8.278348045334364969e+00 8.437423190592246769e+00 8.465988429996086140e+00 8.580289727957278956e+00 1.040795472224982987e+01 1.145583205317070252e+01 2.312080377976310164e+00 1.257623632317645601e+01 1.155622210190506749e+01 4.615771318593085759e+00 4.680296071486238496e+00 2.266804382516642402e+00 4.838429816506009118e+00 1.221645661324870780e+01 4.969791388027996248e+00 9.608287812778828041e+00 4.660455476050445967e+00 8.044616818533270930e+00 4.163144074081767343e+00 7.680567093079135432e+00 9.850986907334359444e+00 7.034923276424214222e+00 8.613148572416076121e+00 6.127679766165591957e+00 5.164619730068965353e+00 6.912381629609981815e+00 2.744654009188628230e+00 4.776296409041805191e+00 6.239747269355559567e+00 7.377945955873662420e+00 9.743001675635392544e+00 2.674866330099046952e+00 3.222273816767807553e+00 6.484803092128312407e+00 3.455967330573782359e+00 4.540494384261783978e+00 4.195033110609237781e+00 9.472285654351972894e+00 7.801254318593863424e+00 5.638337544991869343e+00 6.456509883801022198e+00 7.746553711949274224e+00 1.888193709784304630e+01 4.923491387584012280e+00 6.719543862787455524e+00 1.383290556123639803e+01 5.266274593754034505e+00 5.038411881513688684e+00 1.956636925461853638e+00 8.427735092034334130e+00 2.983240758127041481e+00 3.802284389579366763e+00 2.937713982100157217e+00
3.270588235294117680e+02 2.649018446617004141e+00 1.791256021238303964e+00 3.321943613388335326e+00 3.273585856499257041e+00 1.698886076445756510e+00 1.256936102204089467e+00 4.439549814629599744e+00 5.179237340570254311e+00 9.871074540622595705e+00 1.010846254259685040e+01 2.215479281632410036e+00 9.929854329073672048e+00 9.675067541017661199e+00 1.012849848991198165e+01 1.012099245126129787e+01 1.534596151774594297e+00 1.464192038067543056e+00 1.010336088410232058e+01 1.020364923172194160e+01 4.359412326884634759e+00 7.161826606796606320e+00 7.300772471657713147e+00 7.325755574549025262e+00 7.401096071346960237e+00 9.026042919467293757e+00 9.942201713492238468e+00 1.969344406793465785e+00 1.092411762079525595e+01 1.002686220662431715e+01 3.965206708246889367e+00 4.024086784992326749e+00 1.933608402456430841e+00 4.160676719789329958e+00 1.060997123382342799e+01 4.262251217137559500e+00 8.323757095915873094e+00 3.994376432150156031e+00 6.955731925082689671e+00 3.565132454467846657e+00 6.643500538260889599e+00 8.536298766319053044e+00 6.053177062015212329e+00 7.429293816828398178e+00 5.267360150609021296e+00 4.439041447384044048e+00 5.945726370204505784e+00 2.348293546309400348e+00 4.106810791211766620e+00 5.379675138402875589e+00 6.378140507487811028e+00 8.440461079567656455e+00 2.286091986410680565e+00 2.756615960378705932e+00 5.579485008530014944e+00 2.962937543635299154e+00 3.901356915470413966e+00 3.603668297777717022e+00 8.190569467792920832e+00 6.742163783671478505e+00 4.857904201383554721e+00 5.574184742079439481e+00 6.699697603577638993e+00 1.648735454414293500e+01 4.223746234533984456e+00 5.789098999995881734e+00 1.200328700398925896e+01 4.520172512677107513e+00 4.323336115577456340e+00 1.668025433265279966e+00 7.290169307507797569e+00 2.552425552896908645e+00 3.254225808847732271e+00 2.512609870228302178e+00
3.276470588235293917e+02 2.266937481646254415e+00 1.525551596862378956e+00 2.848950537137552974e+00 2.807001515887102006e+00 1.446669833960351870e+00 1.066655531561173653e+00 3.817795510334695219e+00 4.461186360499724834e+00 8.552059448414127019e+00 8.759798973315641391e+00 1.890928138145262283e+00 8.603703260873027503e+00 8.379817524715349464e+00 8.777699248338974414e+00 8.771145418484906031e+00 1.305454248893278546e+00 1.245060077062130288e+00 8.755158679294714474e+00 8.842925929809986485e+00 3.736494242445946856e+00 6.189635251797995785e+00 6.310861453133894905e+00 6.332686251279784351e+00 6.377579505837142726e+00 7.819639823865328410e+00 8.619750523259121167e+00 1.675814059959142899e+00 9.479313213656601178e+00 8.691020886779588395e+00 3.402980775299081273e+00 3.456464727789304803e+00 1.647806209688158496e+00 3.574325036652404197e+00 9.205305873008867934e+00 3.651864305759569884e+00 7.203636600333407358e+00 3.420151361626315722e+00 6.008171413431265151e+00 3.050049757651061011e+00 5.740663217502891769e+00 7.389551111464013999e+00 5.203277452563064287e+00 6.401752984325534079e+00 4.523359386843748275e+00 3.811635322370353851e+00 5.109192318516496911e+00 2.007222828246586044e+00 3.527677110584511055e+00 4.633525847139938314e+00 5.508266995637010055e+00 7.304635837089890060e+00 1.951935397954874363e+00 2.355964245987905326e+00 4.795800693667570336e+00 2.537760313153201164e+00 3.348883298408702025e+00 3.092618743160561845e+00 7.075144865083009549e+00 5.820990538541652271e+00 4.181329127191591333e+00 4.807610212923397519e+00 5.788465892926124567e+00 1.438143069052421907e+01 3.619901159158878556e+00 4.982528465920657013e+00 1.040503173208465348e+01 3.875966059430278943e+00 3.706109375729405020e+00 1.420624043952890769e+00 6.299784281621888304e+00 2.181706301642081680e+00 2.782458534163576580e+00 2.146938339742014978e+00
3.282352941176470722e+02 1.938101546621362026e+00 1.298033911898729853e+00 2.440937303463782015e+00 2.404589154735909506e+00 1.230735481570686574e+00 9.043377606177819272e-01 3.279904684041967222e+00 3.838903546175341130e+00 7.401849225167611124e+00 7.583436415376350048e+00 1.612385533406948346e+00 7.447166829618796946e+00 7.250681217188119199e+00 7.599396534126797498e+00 7.593680354775775854e+00 1.109483658888288593e+00 1.057730182330851365e+00 7.579230069412293602e+00 7.655952234881187479e+00 3.199489341213472837e+00 5.344085186489558659e+00 5.449733402760132073e+00 5.468777348261740556e+00 5.490190013558035709e+00 6.767673662157907444e+00 7.465673113366100289e+00 1.424692691414061851e+00 8.217281612735417795e+00 7.525564239922476695e+00 2.917636233238741994e+00 2.966016573259036004e+00 1.402919284291127777e+00 3.067612739444831593e+00 7.978537145921966278e+00 3.125869034863350215e+00 6.228007631617108686e+00 2.925655745787412609e+00 5.184533922013875085e+00 2.606880037316812171e+00 4.955580081014269389e+00 6.390444012007713503e+00 4.468338501593174250e+00 5.510892940395134332e+00 3.880665184733053774e+00 3.269720654825324591e+00 4.386070232763777277e+00 1.714048272827289887e+00 3.027258760985815034e+00 3.986938305440760555e+00 4.752302684408532762e+00 6.315327972345768259e+00 1.665034080426969876e+00 2.011618244858706106e+00 4.118164664715186163e+00 2.171499802975509930e+00 2.871851657236236477e+00 2.651465533243227757e+00 6.105544825458840030e+00 5.020686912023941240e+00 3.595449449389549468e+00 4.142355839348978996e+00 4.996194006993390779e+00 1.253158197587447908e+01 3.099386389495283556e+00 4.284124880381855682e+00 9.010502773289218226e+00 3.320352763248032968e+00 3.173929089417291571e+00 1.208775160189393238e+00 5.438523302189279818e+00 1.863046729687069636e+00 2.376804601476695922e+00 1.832731623434362245e+00
3.288235294117647527e+02 1.655395294293842801e+00 1.103419909791883979e+00 2.089359618600728385e+00 2.057899880724779251e+00 1.046058290069380226e+00 7.660168655244412594e-01 2.815077976466134224e+00 3.300214342035066917e+00 6.399983884189705208e+00 6.558533121125936560e+00 1.373583464462280856e+00 6.439701493518089848e+00 6.267475322796361326e+00 6.572735837983033846e+00 6.567755597868507600e+00 9.420578724458330555e-01 8.977543938941880963e-01 6.554732229172990365e+00 6.621724204586767470e+00 2.737050375483486953e+00 4.609508372698668310e+00 4.701479083377543944e+00 4.718077781695381390e+00 4.721677898789045535e+00 5.851419731955622261e+00 6.459684059406095358e+00 1.210078375632676062e+00 7.116167349338427428e+00 6.509921525034717327e+00 2.499116925603332096e+00 2.542713796023245543e+00 1.193311742090593208e+00 2.630202894816028980e+00 6.908364441377083942e+00 2.673088076941674274e+00 5.379195003273866682e+00 2.500278910236396701e+00 4.469417328912459908e+00 2.225993078737388498e+00 4.273661484777061759e+00 5.520957567536993515e+00 3.833508561887065014e+00 4.739391164188492489e+00 3.326090498441811594e+00 2.802159993856204956e+00 3.761670263191753794e+00 1.462313651453622354e+00 2.595330404897722154e+00 3.427248988270818586e+00 4.096069020343959366e+00 5.454614491739400606e+00 1.418967732469728737e+00 1.715981662470540403e+00 3.532870134735237144e+00 1.856332867581817148e+00 2.460409834515226546e+00 2.271064222500094765e+00 5.263652570839729705e+00 4.326173049541140792e+00 3.088668301420340878e+00 3.565674225446052947e+00 4.308127052473862406e+00 1.090858262431034653e+01 2.651188677622388301e+00 3.680050687653132702e+00 7.795122021717466154e+00 2.841669630022762849e+00 2.715574698554613864e+00 1.027560737822855730e+00 4.690395006625439400e+00 1.589429370462591029e+00 2.028372877878937164e+00 1.563035095609184522e+00
3.294117647058823195e+02 1.412605243287012424e+00 9.371236463934576877e-01 1.786735862550782539e+00 1.759537181058036692e+00 8.882773326809112469e-01 6.482653810671186179e-01 2.413826405630421057e+00 2.834398905108207689e+00 5.528310937595441565e+00 5.666592123079336574e+00 1.169066439031497540e+00 5.563078606194006070e+00 5.412299679407848174e+00 5.679207364628824806e+00 5.674872913653983275e+00 7.991666358686112526e-01 7.612790645308447068e-01 5.663167779633803356e+00 5.721599045939002259e+00 2.339248752442406598e+00 3.972048617521471758e+00 4.052025714769385445e+00 4.066477071057342130e+00 4.056846686525156009e+00 5.054265944845011127e+00 5.583768885889043077e+00 1.026853300157137827e+00 6.156539113477468739e+00 5.625830802612133752e+00 2.138609672499360848e+00 2.177757847487578502e+00 1.014087656418781735e+00 2.253024636927607904e+00 5.975853651858360926e+00 2.283746127228430289e+00 4.641539561259482305e+00 2.134748650075164900e+00 3.849210525168145214e+00 1.898982315792667075e+00 3.682007944590981463e+00 4.765121617797321463e+00 3.285744910651098749e+00 4.071987355197659753e+00 2.848068916613990975e+00 2.399185972803233202e+00 3.223097333405114284e+00 1.246389395514899689e+00 2.222920328000612677e+00 2.943308458472034594e+00 3.527039189430378308e+00 4.706616687939160215e+00 1.208145696220818133e+00 1.462431806818743629e+00 3.027880769704166752e+00 1.585420623865094969e+00 2.105921120072264507e+00 1.943400938030338310e+00 4.533456990292394906e+00 3.724130752974004643e+00 2.650784144159746170e+00 3.066322295301139977e+00 3.711221673555548328e+00 9.486264906456934654e+00 2.265672735121939674e+00 3.158134212858849654e+00 6.737067615654418695e+00 2.429706246967855865e+00 2.321226712928557756e+00 8.727116239626606653e-01 4.041259554549782251e+00 1.354735290846809548e+00 1.729407520686575328e+00 1.331787210052645110e+00
3.300000000000000000e+02 1.204313268886377353e+00 7.951698202687832451e-01 1.526524439881324247e+00 1.503035236085899173e+00 7.536130534478503451e-01 5.481251573577955449e-01 2.067824712456534098e+00 2.432032483534448897e+00 4.770750727260300472e+00 4.891223524262894529e+00 9.940928203866928881e-01 4.801149283792827127e+00 4.669304134011444063e+00 4.902408542837708438e+00 4.898640068474101383e+00 6.773385375662809293e-01 6.449700281620819320e-01 4.888147019853469999e+00 4.939056119749694496e+00 1.997409794688018936e+00 3.419471117642605584e+00 3.488944312643719847e+00 3.501512362626132635e+00 3.482328915891248933e+00 4.361497919195878481e+00 4.821955466557167114e+00 8.705856493012062991e-01 5.321148780966839631e+00 4.857105738302530007e+00 1.828401904604046946e+00 1.863440685486883019e+00 8.609997847601876808e-01 1.928129846446309248e+00 5.164201377569447970e+00 1.949306350046374092e+00 4.001190020547436887e+00 1.820973981825959154e+00 3.311903791637087036e+00 1.618519828319674447e+00 3.169231982858474073e+00 4.108804826036087654e+00 2.813610457522285557e+00 3.495258280042648824e+00 2.436470426254790489e+00 2.052245352083769792e+00 2.759048599760022924e+00 1.061373690569702655e+00 1.902168343524286653e+00 2.525315108716192913e+00 3.034162758385372083e+00 4.057289069424591332e+00 1.027706547801887638e+00 1.245202963402325169e+00 2.592642753970695768e+00 1.352793134792123375e+00 1.800825425532074142e+00 1.661462818237816386e+00 3.900829762904401310e+00 3.202815744691256405e+00 2.272836306440730425e+00 2.634398841660249069e+00 3.193965306139377347e+00 8.241238180495058074e+00 1.934421026128341659e+00 2.707685123422178819e+00 5.816995660370624321e+00 2.075536822076367027e+00 1.982304182343505694e+00 7.405270090546078876e-01 3.478633658077071367e+00 1.153636573453773240e+00 1.473152710743343086e+00 1.133712231681836435e+00
3.305882352941176805e+02 1.025801340238462478e+00 6.741170825639363207e-01 1.303013798184059047e+00 1.282749869933678122e+00 6.387941368307877843e-01 4.630464490133839872e-01 1.769779290334627442e+00 2.084841192668505983e+00 4.113081824318945756e+00 4.217927083216464368e+00 8.445470332779438927e-01 4.139629351132140478e+00 4.024475543404646416e+00 4.227826741644066466e+00 4.224553715557579636e+00 5.735726558148795950e-01 5.459463995821588478e-01 4.215170349511584647e+00 4.259478124803361077e+00 1.703965071223114025e+00 2.940989152971703824e+00 3.001274401480972465e+00 3.012192813856104046e+00 2.986383501846685995e+00 3.760102375506437333e+00 4.160104532292684176e+00 7.374427982007982774e-01 4.594710178390261746e+00 4.189422026093643225e+00 1.561753864389689550e+00 1.593019335649003665e+00 7.303686107605984468e-01 1.648564234913286963e+00 4.458518564406802831e+00 1.662324012532149897e+00 3.445913103119723431e+00 1.551904606457779279e+00 2.846916342290346069e+00 1.378226820786075946e+00 2.725296150115410043e+00 3.539522292614850407e+00 2.407090551311290128e+00 2.997414116517927773e+00 2.082435801376414819e+00 1.753858826211006194e+00 2.359631194392933562e+00 9.030043019522759895e-01 1.626197995278279240e+00 2.164664955530521961e+00 2.607706336306140571e+00 3.494226846073046566e+00 8.734288223893174052e-01 1.059282442895953302e+00 2.217915587737581795e+00 1.153246393224033772e+00 1.538514518691300292e+00 1.419121827394735469e+00 3.353322821702647616e+00 2.751887300980553785e+00 1.946965600254458639e+00 2.261197448674027832e+00 2.746211986518265924e+00 7.152629241242848934e+00 1.650090278909523089e+00 2.319327923499623800e+00 5.017785644606964190e+00 1.771369640635215292e+00 1.691319108517727932e+00 6.278031228744066494e-01 2.991513240360587744e+00 9.815004837680663119e-01 1.253731789606188363e+00 9.642247580951250896e-01
3.311764705882353041e+02 8.729667586434661786e-01 5.709902661509917987e-01 1.111224080968093553e+00 1.093760996948318631e+00 5.409929220610446565e-01 3.908343688154436446e-01 1.513309482927606364e+00 1.785571992510510464e+00 3.542745472691727127e+00 3.633893917531678674e+00 7.168617361965571311e-01 3.565903269017648203e+00 3.465443634733738953e+00 3.642641148948089658e+00 3.639801322194064159e+00 4.852781866667268407e-01 4.617222146134743466e-01 3.631429847036440783e+00 3.669951569826624738e+00 1.452320523372105265e+00 2.527106821482985488e+00 2.579364934819273092e+00 2.588840165207775268e+00 2.558712735036933861e+00 3.238588034521050485e+00 3.585718601501305614e+00 6.241146484175974507e-01 3.963696860400726329e+00 3.610122567965740270e+00 1.332784233063202262e+00 1.360603397881561483e+00 6.190106910508907934e-01 1.408251665543360565e+00 3.845632797680136772e+00 1.416315787528775738e+00 2.964920810838010734e+00 1.321405500107036390e+00 2.444940167305339696e+00 1.172558318622870299e+00 2.341366158340698167e+00 3.046260353265475285e+00 2.057428598816575693e+00 2.568114713460361465e+00 1.778228097185232670e+00 1.497495472586849674e+00 2.016198573531965188e+00 7.675801888650187754e-01 1.389001966920859976e+00 1.853816205455924626e+00 2.239109345537713569e+00 3.006490751800576788e+00 7.416517018159530794e-01 9.003181694610421504e-01 1.895620195631290139e+00 9.822502919519011666e-01 1.313220324997908417e+00 1.211030555831278388e+00 2.879984790658107752e+00 2.362253910563043569e+00 1.666288861006949507e+00 1.939073427286088558e+00 2.359033344481116679e+00 6.201841519122793578e+00 1.406283280224254417e+00 1.984852042280621509e+00 4.324308011959564269e+00 1.510412486627136008e+00 1.441746377268631196e+00 5.317701355185990852e-01 2.570212581929123274e+00 8.343042497360813048e-01 1.066039913171149101e+00 8.193447573445146181e-01
3.317647058823529278e+02 7.422466688254001355e-01 4.832205791673555573e-01 9.468193496913596130e-01 9.317855940960922956e-01 4.577684008389914516e-01 3.296018868968642046e-01 1.292841103717678131e+00 1.527875733842672057e+00 3.048667673316885818e+00 3.127826078014283251e+00 6.079488573160641840e-01 3.068845766787449580e+00 2.981304619946980594e+00 3.135542415577507569e+00 3.133080912658564809e+00 4.102212826121879874e-01 3.901550453057487933e-01 3.125628794440547864e+00 3.159085203213114923e+00 1.236738832325791071e+00 2.169476775467134910e+00 2.214730228918982302e+00 2.222944434650168777e+00 2.190297760445985897e+00 2.786822669908695538e+00 3.087767792444040982e+00 5.277460898327753780e-01 3.416157615437714234e+00 3.108040161285814396e+00 1.136367763330144998e+00 1.161054420176879542e+00 5.241753721302667701e-01 1.201890672912736990e+00 3.313907886966431793e+00 1.205643225655434581e+00 2.548713681262667397e+00 1.124145357451235006e+00 2.097798810148434168e+00 9.967006474471911126e-01 2.009677926995235620e+00 2.619317580752114516e+00 1.756978691931724734e+00 2.198304232683642390e+00 1.517099862133811428e+00 1.277460310372966701e+00 1.721204052331703371e+00 6.518918866065299689e-01 1.185339476900698186e+00 1.586167495478450595e+00 1.920853594926095864e+00 2.584448155706147610e+00 6.292047507421443253e-01 7.645366588764743732e-01 1.618702763977299064e+00 8.358667274955799975e-01 1.119915059017530412e+00 1.032529266465932016e+00 2.471194990484608667e+00 2.025933919745783296e+00 1.424786187245852709e+00 1.661324061414907627e+00 2.024583954398172736e+00 5.372333008232826224e+00 1.197434554593410860e+00 1.697077212652182920e+00 3.723212673384859617e+00 1.286752500982482506e+00 1.227907647732104923e+00 4.500364958747140043e-01 2.206218756253447655e+00 7.085594176840180891e-01 9.056485432778423883e-01 6.956222691340642195e-01
3.323529411764706083e+02 6.305511259554146264e-01 4.085929187721032974e-01 8.060293658530629513e-01 7.931002108375102555e-01 3.870160332311284312e-01 2.777286664532023219e-01 1.103511164347890539e+00 1.306202257341781303e+00 2.621097885892075485e+00 2.689772904586051006e+00 5.151386700467207591e-01 2.638660179456050692e+00 2.562461345747908403e+00 2.696569047518381446e+00 2.694437574163398796e+00 3.464782960157830605e-01 3.294008535027950213e-01 2.687817910850248460e+00 2.716845267282911092e+00 1.052234817219625418e+00 1.860771766911664349e+00 1.899919948742464282e+00 1.907033619188570173e+00 1.873250732594658574e+00 2.395885400392419484e+00 2.656531853877757587e+00 4.458775748485976353e-01 2.941548590795633356e+00 2.673336509198745770e+00 9.680441960747502295e-01 9.898959285990803769e-01 4.434889924843333775e-01 1.024861952533833609e+00 2.853079949414915717e+00 1.025409225372366784e+00 2.188939006448370250e+00 9.554973556319372729e-01 1.798319960682724483e+00 8.464804888589575471e-01 1.723417703067220419e+00 2.250160800627841962e+00 1.499073818327248064e+00 1.880062655111696568e+00 1.293174529847184839e+00 1.088794061154123360e+00 1.468069870160120916e+00 5.531598598292291058e-01 1.010644712218653041e+00 1.355948658271419083e+00 1.646345683494452095e+00 2.219629228000140397e+00 5.333458001922309899e-01 6.486703577104030449e-01 1.381013062271283509e+00 7.106767674876762753e-01 9.542221167077858945e-01 8.795629011477033021e-01 2.118513781347000080e+00 1.735929990727617556e+00 1.217199956126126192e+00 1.422080682040699040e+00 1.735979767570261512e+00 4.649412086500322339e+00 1.018708748745521975e+00 1.449732881211766022e+00 3.202736963644122969e+00 1.095249263449838972e+00 1.044868091803416554e+00 3.805398981800273694e-01 1.892060334953330702e+00 6.012448331186175388e-01 7.687209359592417357e-01 5.900707014420701890e-01
3.329411764705882320e+02 5.352037909783661229e-01 3.451995640348994310e-01 6.855801117525430755e-01 6.744721126129086253e-01 3.269236298270913332e-01 2.338250673802250712e-01 9.410828482994253452e-01 1.115706424552379339e+00 2.251463157461971232e+00 2.310982886785140078e+00 4.361260473438566820e-01 2.266732065155604658e+00 2.200478721529126158e+00 2.316959351339312967e+00 2.315115462052145912e+00 2.923947656419025320e-01 2.778743921768495606e-01 2.309247175124516716e+00 2.334406354567048147e+00 8.944824504150461486e-01 1.594568999903087203e+00 1.628401926621250162e+00 1.634556257816732083e+00 1.600682394499173933e+00 2.057933117540723611e+00 2.283456913433429492e+00 3.763929495045851281e-01 2.530581044147936609e+00 2.297356532864252898e+00 8.239370607857274820e-01 8.432333953631091505e-01 3.749057878891707829e-01 8.731459589288719236e-01 2.454108602363793246e+00 8.713661279404742999e-01 1.878262755476243884e+00 8.114513870965552877e-01 1.540220975481471299e+00 7.182843697043004294e-01 1.476614075804982606e+00 1.931295054896017493e+00 1.277908357498011904e+00 1.606472837097892903e+00 1.101340848012296370e+00 9.271838565616600247e-01 1.251070442451721165e+00 4.689800019155352384e-01 8.609451813517849939e-01 1.158122913866238335e+00 1.409811339411870090e+00 1.904597108447122489e+00 4.517061144398585859e-01 5.498934522712861650e-01 1.177195848967822700e+00 6.037160794097286010e-01 8.123368117970379831e-01 7.486072836957292642e-01 1.814547885715024345e+00 1.486116188026028961e+00 1.038944542673449600e+00 1.216212022179453234e+00 1.487188748063424271e+00 4.020050334279052784e+00 8.659102882698231918e-01 1.237350310345328053e+00 2.752531735689419445e+00 9.314397236898896981e-01 8.883446679639533938e-01 3.215041806804174174e-01 1.621189120136655504e+00 5.097474040531716488e-01 6.519373099257381732e-01 5.001079059590131104e-01
3.335294117647058556e+02 4.538895175646950886e-01 2.913995403669198403e-01 5.826321532781614243e-01 5.730982392662347102e-01 2.759326600190004641e-01 1.967007291891983978e-01 8.018697759558830462e-01 9.521642454448731030e-01 1.932236423000211811e+00 1.983769952933297498e+00 3.689231550959627404e-01 1.945497176967171615e+00 1.887953383247569006e+00 1.989017749211958952e+00 1.987424152411780165e+00 2.465494776189186554e-01 2.342145467522013247e-01 1.982232074231260244e+00 2.004016841456595532e+00 7.597325729288868512e-01 1.365246209346923534e+00 1.394456903810145532e+00 1.399775953235224968e+00 1.366583769764642797e+00 1.766079878208267173e+00 1.961026151013949725e+00 3.174737309289291654e-01 2.175083596301672806e+00 1.972496786747483632e+00 7.006816658777408335e-01 7.176829912844086001e-01 3.166647702798821573e-01 7.432496263515436796e-01 2.109042441203937912e+00 7.398342651019000904e-01 1.610254299793998811e+00 6.885362266972250289e-01 1.318005977833393905e+00 6.089875263236623759e-01 1.264041032335728287e+00 1.656146453370706206e+00 1.088433436778128760e+00 1.371501567097136443e+00 9.371589898937354723e-01 7.888838427943696274e-01 1.065228492081800260e+00 3.972755463827093436e-01 7.327891335904133108e-01 9.882995345836763645e-01 1.206200540818242128e+00 1.632831014177581919e+00 3.822420952738261879e-01 4.657652265367396849e-01 1.002594283298584799e+00 5.124177769364448576e-01 6.909559221703541754e-01 6.366036124883494018e-01 1.552829515745178135e+00 1.271136796767224908e+00 8.860257108461505604e-01 1.039237604343325572e+00 1.272932659476529782e+00 3.472711427583545785e+00 7.354034434695064792e-01 1.055166424175164375e+00 2.363504336106034831e+00 7.914539749064023466e-01 7.546248198387376371e-01 2.714015022443269087e-01 1.387873915746681952e+00 4.318098373937064860e-01 5.524288299532555957e-01 4.235042174644565449e-01
3.341176470588235361e+02 3.846081031494512636e-01 2.457830197257448168e-01 4.947260773899946340e-01 4.865511660446299458e-01 2.327043542032429524e-01 1.653371918606706681e-01 6.826686089017467429e-01 8.118980376403416299e-01 1.656817986057414815e+00 1.701393048983579792e+00 3.118178731800094750e-01 1.668322534170293414e+00 1.618396422248890909e+00 1.705994314770351794e+00 1.704618357126567618e+00 2.077230422311054925e-01 1.972540335574234360e-01 1.700033135078294011e+00 1.718877541919482832e+00 6.447400633272463155e-01 1.167888492009918622e+00 1.193084105361401859e+00 1.197676705603238023e+00 1.165720512423304545e+00 1.514288434719816889e+00 1.682643176232148319e+00 2.675591095146727660e-01 1.867877759241011404e+00 1.692086851059457109e+00 5.953612487727687475e-01 6.103083930145871694e-01 2.672519183971808210e-01 6.321412946052813453e-01 1.810897540439768250e+00 6.276300708825071073e-01 1.379282782545110830e+00 5.837509036950884189e-01 1.126873808528888743e+00 5.158911784284516688e-01 1.081131039038008668e+00 1.418956838145559951e+00 9.262639394573671803e-01 1.169893564187645341e+00 7.967773258999554242e-01 6.706448253663742642e-01 9.062228207497572408e-01 3.362547162916884047e-01 6.231811506254379962e-01 8.426559920924553415e-01 1.031102559839333077e+00 1.398621140739214175e+00 3.231928167471407320e-01 3.941801842668058997e-01 8.531640158516412553e-01 4.345619216710188693e-01 5.872152674738227995e-01 5.409003768363706000e-01 1.327708113476171237e+00 1.086315723554665880e+00 7.549688863079239143e-01 8.872503637372747276e-01 1.088599070880290842e+00 2.997195105319113928e+00 6.240415874013129915e-01 8.990381482406862856e-01 2.027677051762724947e+00 6.719406589733482038e-01 6.404945574574965050e-01 2.289192084504380886e-01 1.187105358609869210e+00 3.654846005297988643e-01 4.677194266613663443e-01 3.583367143836084234e-01
3.347058823529412166e+02 3.256335578893357341e-01 2.071401963680858938e-01 4.197342751576311204e-01 4.127313787866380701e-01 1.960900805098730604e-01 1.388640755624348244e-01 5.806993064260690396e-01 6.917099075258515972e-01 1.419429084828947474e+00 1.457947934597577877e+00 2.633373260200879695e-01 1.429399628892211727e+00 1.386127986509747778e+00 1.461976608611829098e+00 1.460789669221626452e+00 1.748704604583543043e-01 1.659929746458723709e-01 1.456747627340811313e+00 1.473032796720184612e+00 5.466995438979826982e-01 9.982049999283526542e-01 1.019916726453475642e+00 1.023878244372486979e+00 9.935389753100121180e-01 1.297272720194448503e+00 1.442527150286602833e+00 2.253110122746113941e-01 1.602665895462978884e+00 1.450282748695363999e+00 5.054505031020316563e-01 5.185648033998503381e-01 2.253670927444040573e-01 5.371930778982410004e-01 1.553548131017281619e+00 5.320025721672133612e-01 1.180424255205719808e+00 4.945041808904605540e-01 9.626357095899140681e-01 4.366672997896667296e-01 9.238973430134561626e-01 1.214689288874764017e+00 7.875960540400390730e-01 9.970770331582787804e-01 6.768586594498245956e-01 5.696519418531406087e-01 7.703065741766194074e-01 2.843734924469620284e-01 5.295250832552131914e-01 7.178686990611806706e-01 8.806701017025170275e-01 1.196974500381970952e+00 2.730427549044271429e-01 3.333242138630294615e-01 7.253971083713005585e-01 3.682309890141134412e-01 4.986344584385419276e-01 4.592019985410002447e-01 1.134253535072455632e+00 9.275755606312787727e-01 6.427554170235584285e-01 7.568477053054357695e-01 9.301626471549385711e-01 2.584495252708414625e+00 5.291047695447953503e-01 7.653662842716110193e-01 1.738059841870971622e+00 5.700010852152160856e-01 5.431749509272005838e-01 1.929308572208224826e-01 1.014510751954072587e+00 3.090934560887103055e-01 3.956746176421032657e-01 3.029490206807548547e-01
3.352941176470588402e+02 2.754782055975699695e-01 1.744340515652289259e-01 3.558182998175286049e-01 3.498250626016074505e-01 1.651054188431259340e-01 1.165383503900005724e-01 4.935520138168082438e-01 5.888224487403856955e-01 1.215015952998874882e+00 1.248269660314457852e+00 2.222158630687476599e-01 1.223648203320252703e+00 1.186182646603310298e+00 1.251792137711940756e+00 1.250769194649390847e+00 1.470971614247316150e-01 1.395758138163246675e-01 1.247212145221544999e+00 1.261272214434263406e+00 4.631885771625230963e-01 8.524542155415414380e-01 8.711462419456199591e-01 8.745601336348329813e-01 8.460823753811349546e-01 1.110410108208456759e+00 1.235618269665674562e+00 1.895835692419676199e-01 1.373930051613155401e+00 1.241970920112043464e+00 4.287655719915994812e-01 4.402493128266704581e-01 1.898950501435689719e-01 4.561297421176152556e-01 1.331627799963316150e+00 4.505773291801794533e-01 1.009378180619203258e+00 4.185611578757363338e-01 8.216416121159246799e-01 3.693099594681390485e-01 7.888643287801181403e-01 1.038943195590457114e+00 6.691340930819589250e-01 8.490795339814367626e-01 5.745148963252787455e-01 4.834694339403973751e-01 6.542346734717294776e-01 2.403028514052999165e-01 4.495734507331038410e-01 6.110513052126129718e-01 7.515513851723496508e-01 1.023530260238641354e+00 2.304890417845429362e-01 2.816360169186864493e-01 6.162544256741600002e-01 3.117705660618566021e-01 4.230679576720490220e-01 3.895233518324926481e-01 9.681694584531445047e-01 7.913652634170894595e-01 5.467658318036585641e-01 6.450698980135403104e-01 7.941147137945563372e-01 2.226670493829095321e+00 4.482445540787109994e-01 6.510278286486573807e-01 1.488535700448591514e+00 4.831309802739621184e-01 4.602659930130507671e-01 1.624708692083611239e-01 8.662778053128719069e-01 2.611918506548368546e-01 3.344564655189407598e-01 2.559159668095658535e-01
3.358823529411764639e+02 2.328616949099648892e-01 1.467769450591589753e-01 3.013919886613142807e-01 2.962676120159205007e-01 1.389078984688717211e-01 9.772658818788712565e-02 4.191410269892233420e-01 5.008272705133609559e-01 1.039166332560323980e+00 1.067847606757869494e+00 1.873674966961945410e-01 1.046632399152547688e+00 1.014226666377684660e+00 1.070923354430819430e+00 1.070042541413620540e+00 1.236384365585393719e-01 1.172715299267981376e-01 1.066917505353525586e+00 1.079045106093568185e+00 3.921185662330195498e-01 7.273789975465037028e-01 7.434564430152605929e-01 7.463956366177969537e-01 7.199180260471865767e-01 9.496649118509040699e-01 1.057495262681302561e+00 1.593969075007200253e-01 1.176843651080060171e+00 1.062684412090444397e+00 3.634207740997350555e-01 3.734579126793399761e-01 1.598805320992129075e-01 3.869844246048980141e-01 1.140443394342880890e+00 3.813079980860915597e-01 8.623947277550521040e-01 3.539971673612907765e-01 7.007160488244105201e-01 3.120933394683893525e-01 6.730069440553779758e-01 8.878802803656125064e-01 5.680270426031777120e-01 7.224548655956717358e-01 4.872504515011612525e-01 4.099928362933119574e-01 5.552009853139635576e-01 2.029005217046468412e-01 3.813836225413899661e-01 5.197011514828712153e-01 6.408310550908471459e-01 8.744860114044749055e-01 1.944132740870214426e-01 2.377738682829119710e-01 5.231070818598922978e-01 2.637553974400672074e-01 3.586627290368240573e-01 3.301504087434271595e-01 8.257179432629830895e-01 6.745971868197726540e-01 4.647306352317066014e-01 5.493465669618282643e-01 6.774018936704245819e-01 1.916730795834539203e+00 3.794363454322502993e-01 5.533172154557769451e-01 1.273760562345430003e+00 4.091701049451046401e-01 3.896980812330407828e-01 1.367127382618687492e-01 7.390882010915365008e-01 2.205382189205852828e-01 2.824847247683887064e-01 2.160131244660568051e-01
3.364705882352941444e+02 1.966828337368907165e-01 1.234096041274667377e-01 2.550877491045716039e-01 2.507102857322165423e-01 1.167769965804963533e-01 8.188914298504966494e-02 3.556624056415770285e-01 4.256373733110355717e-01 8.880306270372548827e-01 9.127452530592786717e-01 1.578610034850732868e-01 8.944816524765182297e-01 8.664802941204964304e-01 9.154274097766558205e-01 9.146696621979916175e-01 1.038410145938015033e-01 9.845591216286284086e-02 9.119285887181423078e-01 9.223796372736350335e-01 3.316899372530446310e-01 6.201457625838043830e-01 6.339617560326357149e-01 6.364899099043072050e-01 6.120699250347900744e-01 8.115162464442771117e-01 9.042974552940209465e-01 1.339136456893692539e-01 1.007187723566541848e+00 9.085238183949589930e-01 3.077889780765687977e-01 3.165460365670353937e-01 1.345058475064045134e-01 3.280579735110066286e-01 9.758933189575811351e-01 3.224321603929918290e-01 7.362064794288355474e-01 2.991558091496250293e-01 5.970983036575475689e-01 2.635335941167997187e-01 5.736940614201971878e-01 7.581549826956966998e-01 4.818102198247124490e-01 6.142153830033484363e-01 4.129103457597833038e-01 3.474051273624072511e-01 4.707805661962672916e-01 1.711853912337918948e-01 3.232775851446692550e-01 4.416497150661015114e-01 5.459750737266354514e-01 7.465285285715853592e-01 1.638560235167442480e-01 2.005854910375263755e-01 4.436825796850802361e-01 2.229584572720330615e-01 3.038194205676768567e-01 2.796042001489899009e-01 7.036490844097770259e-01 5.745884257502128500e-01 3.946848685949424507e-01 4.674469777431665696e-01 5.773688396509623066e-01 1.648527793459620749e+00 3.209358884761948638e-01 4.698920954741971356e-01 1.089068861260368948e+00 3.462562343338124737e-01 3.296877139975915583e-01 1.149494701721857776e-01 6.300555730020139800e-01 1.860661625038745048e-01 2.384016063176055689e-01 1.821892246784196645e-01
3.370588235294117680e+02 1.659959110891123524e-01 1.036834653502380632e-01 2.157282018417103209e-01 2.119921584217077659e-01 9.809735766023384984e-02 6.856689901405380039e-02 3.015582847543405998e-01 3.614470654984376363e-01 7.582556108028727371e-01 7.795327460174545919e-01 1.328990245561947892e-01 7.638241630564346352e-01 7.396522521783809312e-01 7.818686886624981458e-01 7.812173861364238858e-01 8.714760024660071769e-02 8.259669797929398982e-02 7.788168346653786545e-01 7.878148912594656883e-01 2.803544544177900555e-01 5.282933496110165938e-01 5.401553352148291687e-01 5.423279444330679766e-01 5.199620126422235256e-01 6.928973741695123589e-01 7.726592124159241681e-01 1.124191813567346904e-01 8.612805278067360293e-01 7.760906970108523151e-01 2.604682580610952480e-01 2.680953584867761808e-01 1.130720566075870265e-01 2.778847370771936887e-01 8.343989036850630869e-01 2.724341820913037115e-01 6.279709596396645388e-01 2.526136565143854984e-01 5.083920494872934404e-01 2.223567963755986865e-01 4.886408330968437519e-01 6.468559460808088746e-01 4.083561644190506490e-01 5.217750022889925399e-01 3.496365281406182968e-01 2.941398413716854732e-01 3.988810659856862340e-01 1.443159930946143199e-01 2.738080961335576657e-01 3.750209146866397836e-01 4.647843347584602047e-01 6.367754831879005595e-01 1.379954267984230265e-01 1.690827503966975676e-01 3.760194898687720388e-01 1.883249412474849172e-01 2.571597192552446121e-01 2.366104990458942903e-01 5.991417735024009428e-01 4.890114521957680260e-01 3.349298619508345176e-01 3.974381884874500503e-01 4.917100193744095016e-01 1.416662796333266972e+00 2.712426881895693698e-01 3.987276966433471181e-01 9.303940190612373096e-01 2.927864388112872973e-01 2.787002288353422341e-01 9.657714742217725357e-02 5.366732662873362480e-01 1.568610656889505295e-01 2.010421668425732833e-01 1.535429750637750390e-01
3.376470588235293917e+02 1.399895821001709562e-01 8.704509686897528298e-02 1.823007900145215132e-01 1.791150134548346040e-01 8.234396777136251955e-02 5.736963470621054412e-02 2.554847512372382390e-01 3.066957269455327650e-01 6.469237438186949962e-01 6.652250187092688671e-01 1.117995103941277907e-01 6.517259278845293213e-01 6.308798589112318833e-01 6.672569024717055486e-01 6.666975767769729444e-01 7.308325104366568403e-02 6.924047874170832784e-02 6.645984098674340146e-01 6.723385166322535245e-01 2.367815033250757484e-01 4.496864321781910423e-01 4.598617611738261557e-01 4.617271458871802237e-01 4.413668263136660830e-01 5.911401240619719166e-01 6.596497891993856610e-01 9.430429447288463107e-02 7.359127862247931695e-01 6.624265810128008303e-01 2.202520011748194950e-01 2.268839637081818683e-01 9.498232526291119915e-02 2.352018141085679692e-01 7.128412779133354027e-01 2.300120140579912098e-01 5.352181297686448014e-01 2.131487585731014212e-01 4.325195438955950489e-01 1.874703686561862981e-01 4.158653011054154192e-01 5.514524931603852487e-01 3.458304516989810784e-01 4.428976472709666989e-01 2.958286577464694367e-01 2.488479363660131005e-01 3.376990260054354431e-01 1.215713672989301303e-01 2.317282612643975503e-01 3.181934191663889355e-01 3.953524923762791188e-01 5.427222037393512055e-01 1.161281760207188291e-01 1.424191317621504582e-01 3.184266659309513137e-01 1.589490344048830051e-01 2.174970497219677890e-01 2.000726319691295274e-01 5.097498136400211433e-01 4.158492519328260695e-01 2.839987244495100760e-01 3.376471221646367149e-01 4.184258315495364977e-01 1.216401028124780570e+00 2.290672842354608829e-01 3.380756415790735492e-01 7.941955872385151327e-01 2.473824237678993732e-01 2.354164618135158871e-01 8.108042414367602757e-02 4.567667885014086715e-01 1.321392991167319175e-01 1.694079382934320088e-01 1.293024581135570061e-01
3.382352941176470722e+02 1.179685433919711035e-01 7.302273976938986055e-02 1.539356731226926289e-01 1.512214930247595401e-01 6.906936784153641651e-02 4.796602910989984647e-02 2.162837702870847034e-01 2.600361032345226975e-01 5.514995845871687452e-01 5.672272544192296095e-01 9.397967510058158336e-02 5.556369608011191286e-01 5.376761745900442424e-01 5.689925041509801273e-01 5.685125788376117484e-01 6.124363072129438562e-02 5.800142415794157930e-02 5.666796330777743584e-01 5.733317585025544671e-01 1.998287748415872589e-01 3.824745605136103399e-01 3.911954524669324362e-01 3.927956365384298043e-01 3.743605591459845394e-01 5.039258722292830894e-01 5.627202031078506472e-01 7.905015364501757902e-02 6.282904642084696789e-01 5.649591032913964250e-01 1.861028535302708953e-01 1.918603370349953041e-01 7.972755120345391411e-02 1.989222314621439669e-01 6.085055898612485858e-01 1.940483290679312633e-01 4.558041394947151548e-01 1.797132793393479977e-01 3.676813851325868021e-01 1.579382901282003482e-01 3.536502695065426582e-01 4.697474669614160603e-01 2.926531259104817040e-01 3.756521093087221708e-01 2.501099110299703776e-01 2.103689299072038776e-01 2.856817453900817316e-01 1.023344793565246907e-01 1.959650195644301041e-01 2.697676652645326634e-01 3.360289213311831169e-01 4.621947818524456131e-01 9.765307171453914414e-02 1.198702411662488226e-01 2.694476560748405580e-01 1.340537278348287176e-01 1.838110484749983231e-01 1.690477953494453622e-01 4.333545892856768278e-01 3.533559448689980731e-01 2.406261673900488840e-01 2.866273075953576499e-01 3.557840571468147695e-01 1.043595174260632419e+00 1.933028037872877025e-01 2.864279475372112915e-01 6.773948546193903075e-01 2.088603703445320037e-01 1.987037498178579609e-01 6.802000008288774935e-02 3.884520149423783542e-01 1.112301909583966603e-01 1.426440808741447352e-01 1.088072781247920728e-01
3.388235294117647527e+02 9.933758656092572803e-02 6.121468482371932723e-02 1.298864454167637239e-01 1.275760431670474315e-01 5.789260153384490765e-02 4.007506258787533332e-02 1.829586154430090095e-01 2.203064648522444213e-01 4.697823980264843602e-01 4.832865654739296191e-01 7.894208692644880121e-02 4.733436871824397429e-01 4.578832792245600691e-01 4.848183463012145089e-01 4.844068978762376965e-01 5.128487700101863611e-02 4.855155481905543136e-02 4.828086739285839535e-01 4.885207577701265458e-01 1.685166991997550656e-01 3.250560443577960590e-01 3.325239752233272172e-01 3.338954618707308808e-01 3.172835700604670905e-01 4.292421703845114567e-01 4.796561791603185521e-01 6.621537451172841704e-02 5.359839811381612584e-01 4.814543042307949938e-01 1.571299789753984044e-01 1.621206172458917738e-01 6.687393238137655238e-02 1.681114945370798530e-01 5.190315333304933443e-01 1.635853797936464571e-01 3.878704636501746905e-01 1.514096762642130611e-01 3.123210535868517490e-01 1.329595458331108704e-01 3.005096845613423051e-01 3.998355523986545368e-01 2.474649374770576393e-01 3.183724030229626023e-01 2.112970904769803371e-01 1.777056595017643403e-01 2.414939320405717071e-01 8.607781321775573313e-02 1.655959407855307486e-01 2.285369129505213370e-01 2.853860900050990135e-01 3.933086365515529592e-01 8.205674844280161362e-02 1.008168541398280771e-01 2.278295486331864683e-01 1.129732361776905614e-01 1.552252651075552992e-01 1.427263723235245030e-01 3.681233494099081516e-01 3.000220997997948835e-01 2.037220454319366436e-01 2.431296419110693385e-01 3.022858614459879023e-01 8.946171153274364851e-01 1.630001601130162403e-01 2.424854568389666898e-01 5.773178658976256816e-01 1.762046241832734561e-01 1.675906407805962950e-01 5.702179768170778651e-02 3.300983357257447071e-01 9.356036856846278171e-02 1.200195114678211661e-01 9.149305935868770612e-02
3.394117647058823195e+02 8.358773294488532069e-02 5.127922153662749921e-02 1.095133096916031390e-01 1.075482838750017739e-01 4.848966346676063938e-02 3.345861926009566223e-02 1.546523359355054805e-01 1.865061750447358779e-01 3.998641796034431706e-01 4.114492098443488510e-01 6.626261008713638101e-02 4.029267896196486176e-01 3.896309025385061298e-01 4.127768547193621518e-01 4.124244056346890175e-01 4.291485462017680108e-02 4.061235124839505245e-02 4.110327582905746735e-01 4.159334220310567654e-01 1.420061671404415360e-01 2.760460900037725041e-01 2.824356654454960869e-01 2.836101258857806062e-01 2.687057092399333658e-01 3.653443310154231294e-01 4.085364374365058615e-01 5.542484110861174013e-02 4.568831542127823608e-01 4.099743636524983414e-01 1.325691931245853161e-01 1.368887091721005256e-01 5.605221014298877868e-02 1.419670693663909744e-01 4.423694467663235041e-01 1.378030820104722276e-01 3.298077828050481886e-01 1.274699640553384472e-01 2.650936490936728340e-01 1.118493754189291978e-01 2.551589813508406412e-01 3.400664105172709339e-01 2.090977937847601498e-01 2.696229404692297438e-01 1.783745046609917506e-01 1.500022306359041491e-01 2.039885066214900400e-01 7.235085653406757300e-02 1.398289478728505508e-01 1.934618319650056317e-01 2.421908012810890520e-01 3.344318827115106418e-01 6.890130340224003003e-02 8.473020997055512316e-02 1.924957048797658332e-01 9.513768639975807295e-02 1.309876810184048002e-01 1.204138720030212412e-01 3.124724285661387713e-01 2.545441915233471186e-01 1.723481471737887682e-01 2.060766629937571814e-01 2.566358225235375046e-01 7.662967949747376828e-01 1.373464298688817364e-01 2.051301534515846681e-01 4.916449061313697411e-01 1.485447447436318014e-01 1.412448430359465046e-01 4.776760532827813155e-02 2.802961444555990833e-01 7.864015766401888374e-02 1.009096558229263807e-01 7.687799486718736863e-02
3.400000000000000000e+02 7.028419150032894080e-02 4.292597001125446343e-02 9.226842704069493362e-02 9.059854450292018080e-02 4.058526325992942163e-02 2.791513487957535816e-02 1.306289495058820249e-01 1.577742891047602403e-01 3.400925945635869252e-01 3.500227909230628209e-01 5.557997382928755309e-02 3.427239812033402444e-01 3.312999128938319271e-01 3.511721978351352580e-01 3.508705354192160897e-01 3.588562194198254701e-02 3.394753103287583007e-02 3.496603786043843143e-01 3.538613229205154198e-01 1.195791432934185244e-01 2.342487598498400325e-01 2.397111323670834959e-01 2.407160185359949189e-01 2.273959265917098183e-01 3.107215183449847928e-01 3.476958270712678933e-01 4.636007577710554023e-02 3.891573047765545246e-01 3.488402555101972613e-01 1.117656480700493088e-01 1.154989363012698944e-01 4.694838343598815855e-02 1.198004893166133705e-01 3.767414675157836346e-01 1.159999657335800960e-01 2.802241304572055669e-01 1.072376976560510259e-01 2.248384133730342571e-01 9.402301453554311184e-02 2.164890017237583730e-01 2.890121719722397731e-01 1.765489514680683159e-01 2.281680186390443732e-01 1.504711816370357114e-01 1.265247861896560688e-01 1.721811329138847324e-01 6.076925910988401069e-02 1.179846226174454671e-01 1.636482522449442534e-01 2.053789196449808396e-01 2.841530385836604777e-01 5.781358552365697956e-02 7.115925624546159955e-02 1.625219555345157607e-01 8.005981154953442647e-02 1.104537273595080915e-01 1.015151891867574624e-01 2.650349188656822008e-01 2.157977503811076281e-01 1.456978954219426137e-01 1.745399882888970244e-01 2.177155736943956199e-01 6.558676884484025971e-01 1.156460502296885462e-01 1.734009485291167219e-01 4.183658621304873204e-01 1.251355315121756573e-01 1.189540415917609145e-01 3.998700695080571743e-02 2.378282445274632895e-01 6.605179745576121586e-02 8.478147349546270861e-02 6.455118771228442187e-02
3.405882352941176805e+02 5.905592641723085567e-02 3.590841404363016853e-02 7.768318939970320081e-02 7.626528755258944747e-02 3.394573247199605959e-02 2.327415144176260900e-02 1.102570377434786975e-01 1.333708444613902477e-01 2.890383134473158422e-01 2.975429402103163534e-01 4.658676374701418987e-02 2.912971891687673454e-01 2.814901600282154748e-01 2.985369309866867105e-01 2.982789467159714936e-01 2.998695243797931675e-02 2.835684040357767249e-02 2.972279751103243384e-01 3.008260974691259748e-01 1.006218293723181306e-01 1.986323496774881070e-01 2.032982306576906206e-01 2.041573078319036949e-01 1.922956940414321803e-01 2.640668646817986298e-01 2.956927967207461649e-01 3.875095431423324771e-02 3.312200367115623600e-01 2.965988188924092994e-01 9.415878021571105760e-02 9.738092660972293146e-02 3.929570610577236278e-02 1.010217569200853455e-01 3.206072291762431248e-01 9.757663715769369916e-02 2.379168742902285361e-01 9.015235020300556290e-02 1.905546081296129457e-01 7.898159485175468286e-02 1.835430909185285786e-01 2.454388141092504194e-01 1.489585176784891940e-01 1.929451279060589441e-01 1.268410281221675762e-01 1.066447611953151992e-01 1.452280139520456259e-01 5.100544870473403686e-02 9.948078958209141676e-02 1.383277112029320799e-01 1.740331952634669721e-01 2.412526095890935030e-01 4.847594110046093974e-02 5.971962142773024756e-02 1.371158395801697905e-01 6.732340449526401371e-02 9.307150999066693409e-02 8.552091178043334796e-02 2.246322862733063919e-01 1.828138254010940322e-01 1.230786189934184177e-01 1.477205504412324732e-01 1.845606541538072631e-01 5.609182686540095109e-01 9.730449327439626150e-02 1.464725343456568518e-01 3.557408513675167638e-01 1.053396628480439273e-01 1.001092355301503034e-01 3.345043093366598802e-02 2.016447358444280191e-01 5.543924041354075793e-02 7.118051417759850563e-02 5.416257083886939078e-02
3.411764705882353041e+02 4.958662933596542227e-02 3.001748141076110085e-02 6.535717221712522562e-02 6.415420285849655901e-02 2.837292597492815580e-02 1.939165484438282183e-02 9.299545180307210168e-02 1.126605349282728402e-01 2.454662845673024896e-01 2.527439943510609854e-01 3.902165391186254023e-02 2.474036900400320149e-01 2.389921910204685085e-01 2.536026479915840515e-01 2.533821934907610762e-01 2.504077151285302033e-02 2.367072514190821098e-02 2.524706177253565054e-01 2.555498845129752228e-01 8.461007296985730008e-02 1.683078040275320653e-01 1.722901046301850980e-01 1.730239250377827998e-01 1.624957905420157667e-01 2.242511790742073019e-01 2.512807564165597807e-01 3.236858771265996304e-02 2.816981706114358164e-01 2.519937665231620216e-01 7.926922661064675357e-02 8.204647963491229490e-02 3.286779847183284725e-02 8.512579222061524009e-02 2.726336267744594033e-01 8.202144902673433324e-02 2.018481016973918130e-01 7.573578279194985441e-02 1.613803908798305542e-01 6.629996330351112244e-02 1.554970231070753606e-01 2.082810167673831980e-01 1.255898738349567889e-01 1.630416538967200124e-01 1.068455935785366517e-01 8.982433770342708457e-02 1.224065863666797815e-01 4.278052423076226379e-02 8.381912239104544193e-02 1.168404829561997538e-01 1.473638428060501659e-01 2.046781311996839769e-01 4.061823019385397970e-02 5.008408604633435290e-02 1.155985487022497121e-01 5.657331816299158989e-02 7.836897548014011561e-02 7.199543691226448217e-02 1.902495120177736254e-01 1.547583777316210163e-01 1.038960913910709216e-01 1.249313219367898797e-01 1.563402361865708079e-01 4.793488987838605553e-01 8.181410771041942864e-02 1.236369440572749612e-01 3.022655691973569203e-01 8.861264520640788067e-02 8.419028480810979154e-02 2.796317192137736524e-02 1.708410014962070678e-01 4.649934123739094677e-02 5.971971693629866962e-02 4.541420082791768065e-02
3.417647058823529278e+02 4.160690993293590656e-02 2.507602357195315435e-02 5.494855250232522775e-02 5.392874898417591295e-02 2.369898047427150892e-02 1.614608472881538456e-02 7.838088227976372502e-02 9.509846542883171328e-02 2.083104576867899072e-01 2.145331962663722947e-01 3.266271041236140649e-02 2.099707139783298926e-01 2.027623846928033879e-01 2.152741499885268417e-01 2.150859139396534558e-01 2.089638034266156838e-02 1.974575886031943589e-02 2.142962156298041376e-01 2.169293089324328405e-01 7.109671631039149453e-02 1.425097883875133808e-01 1.459059458247128072e-01 1.465322633816771025e-01 1.372160487838484377e-01 1.902998320090183160e-01 2.133828604081774716e-01 2.701921028745142214e-02 2.394043673905193181e-01 2.139401685642073059e-01 6.668747292490997958e-02 6.907814458841270155e-02 2.747272090951994108e-02 7.168063984269532063e-02 2.316681654625113440e-01 6.889808474648159708e-02 1.711229992348950180e-01 6.358053708770654289e-02 1.365743075762210768e-01 5.561613989169035543e-02 1.316414113411642495e-01 1.766200725774569047e-01 1.058126333381922690e-01 1.376745255838444648e-01 8.993908211315376766e-02 7.560380261814496350e-02 1.030987169110025581e-01 3.585725413424320496e-02 7.057349055179615305e-02 9.862076799925310888e-02 1.246915348067116486e-01 1.735222455733242408e-01 3.401094025608104171e-02 4.197435374979451017e-02 9.738920985760861349e-02 4.750680494856376890e-02 6.594276181711133944e-02 6.056664263688549266e-02 1.610133160844690048e-01 1.309142363908473439e-01 8.764105749938072565e-02 1.055822120066666481e-01 1.323393502664399757e-01 4.093335355118025154e-01 6.874185236628080342e-02 1.042874912884106803e-01 2.566407750373121965e-01 7.448974514955976345e-02 7.075338515597016931e-02 2.336025172428067911e-02 1.446384197101030777e-01 3.897424655795705961e-02 5.006973821704785443e-02 3.805274162676824945e-02
3.423529411764706083e+02 3.488755791529633138e-02 2.093408128124162396e-02 4.616581727023200826e-02 4.530196913768158584e-02 1.978181871817367640e-02 1.343492719685748793e-02 6.601705188430108395e-02 8.021775522183306750e-02 1.766516213283059467e-01 1.819680614225930027e-01 2.732163102858851250e-02 1.780731726378369795e-01 1.719011576527724461e-01 1.826067829174742863e-01 1.824461805016488192e-01 1.742636572156446712e-02 1.646072841284645927e-02 1.817628826070662451e-01 1.840126519952090811e-01 5.970065480388219575e-02 1.205801535289093146e-01 1.234741636960975525e-01 1.240083000481843750e-01 1.157877051326401258e-01 1.613724748592381686e-01 1.810698756174853041e-01 2.253894176951895534e-02 2.033130629504570630e-01 1.815020663494414377e-01 5.606401779819925046e-02 5.811931990050874658e-02 2.294788700401397333e-02 6.031724817072042777e-02 1.967155447309178462e-01 5.783482782706276387e-02 1.449709307702101158e-01 5.333972023489236963e-02 1.154991292602024489e-01 4.662222732727862307e-02 1.113663317201301489e-01 1.496645321029275166e-01 8.908786165116504285e-02 1.161725105100044619e-01 7.565536600548468382e-02 6.359058975166879957e-02 8.677613463264069460e-02 3.003404327888206313e-02 5.937986037172311021e-02 8.318380913759132467e-02 1.054325486056007372e-01 1.470035094630519068e-01 2.845926077797477152e-02 3.515396301252761424e-02 8.199124760238875320e-02 3.986603518225906306e-02 5.544854164721387674e-02 5.091695073445541564e-02 1.361731322830254387e-01 1.106653551961540582e-01 7.387752050051869801e-02 8.916690496771596808e-02 1.119433616935170545e-01 3.492858177049792401e-01 5.771868931163924576e-02 8.790479483138843864e-02 2.177455149820243796e-01 6.257469744317636917e-02 5.942023262583110560e-02 1.950201105364940748e-02 1.223675005814481853e-01 3.264483672497631161e-02 4.195061300422840700e-02 3.186299119128804119e-02
3.429411764705882320e+02 2.923373563089873284e-02 1.746482876346429347e-02 3.876059998847077026e-02 3.802942304333015167e-02 1.650130014238069404e-02 1.117180882219931566e-02 5.556535392966126946e-02 6.761876688703126470e-02 1.496980029269611157e-01 1.542365607826394758e-01 2.283879907991699307e-02 1.509141552274541886e-01 1.456338829681105562e-01 1.547865950793369805e-01 1.546496750803859344e-01 1.452310075134619766e-02 1.371328766234825372e-02 1.540591289422416355e-01 1.559798637766268148e-01 5.009739474503707019e-02 1.019535001466356089e-01 1.044176993222206834e-01 1.048728632393048366e-01 9.763806787362866446e-02 1.367452946452520912e-01 1.535407772072875932e-01 1.878930557971902893e-02 1.725393559960636813e-01 1.538728546632404937e-01 4.710086911520896397e-02 4.886568170078391116e-02 1.915570222863507630e-02 5.072061839612829193e-02 1.669171198728242322e-01 4.851530278736522483e-02 1.227288843342919933e-01 4.471828633241026196e-02 9.760775920219932900e-02 3.905658061278502458e-02 9.414791562668876901e-02 1.267332797501336261e-01 7.495525586069633206e-02 9.796081302924521117e-02 6.359674747100922676e-02 5.344980107576537132e-02 7.298781266383007338e-02 2.513974223774919498e-02 4.992755103996261018e-02 7.011469744269059612e-02 8.908582758222777231e-02 1.244496153248916687e-01 2.379799214920703954e-02 2.942218803228683136e-02 6.898056962068710440e-02 3.343164391547635145e-02 4.659266845267608093e-02 4.277559467405404880e-02 1.150845219819308235e-01 9.348308835579059728e-02 6.223257379161804131e-02 7.525140393357360180e-02 9.462443104837661711e-02 2.978291138328202359e-01 4.843042760047565343e-02 7.404465973250240474e-02 1.846136712617324760e-01 5.252994330809744594e-02 4.986866824221836830e-02 1.627033301106920946e-02 1.034531805743073990e-01 2.732508483380862579e-02 3.512457787296086043e-02 2.666231449201134432e-02
3.435294117647058556e+02 2.447997979932043863e-02 1.456110287807855196e-02 3.252149606289032879e-02 3.190308537363936020e-02 1.375592576890546925e-02 9.284019764119060686e-03 4.673673982046552822e-02 5.695975826172758327e-02 1.267682954205087142e-01 1.306397814463768348e-01 1.907903872061122302e-02 1.278078737908881490e-01 1.232942194046903889e-01 1.311129681508877987e-01 1.309963258217081428e-01 1.209575428976498827e-02 1.141709853668719347e-02 1.304865207325730248e-01 1.321250720409828661e-01 4.201090646914733967e-02 8.614459655834363905e-02 8.824121855151970117e-02 8.862878504651611200e-02 8.227720095746418605e-02 1.157954889517562730e-01 1.301057764301072894e-01 1.565339668128312017e-02 1.463205037842651157e-01 1.303581194084153239e-01 3.954419546771906907e-02 4.105777035815268150e-02 1.597982893341159255e-02 4.262214648785075249e-02 1.415329054480613247e-01 4.067049051339647475e-02 1.038270204046208289e-01 3.746552404100442907e-02 8.243095398555992659e-02 3.269706712982112934e-02 7.953665778681992538e-02 1.072407485586430037e-01 6.302205782129019496e-02 8.254770726777480028e-02 5.342423810633769449e-02 4.489600939731083762e-02 6.134904229125744818e-02 2.102918451958793802e-02 4.195167032151191078e-02 5.905865673157491280e-02 7.522169735691972003e-02 1.052827365796062536e-01 1.988717458430337010e-02 2.460879761685293154e-02 5.799533680847906991e-02 2.801716884365692412e-02 3.912495735128763280e-02 3.591194138801028640e-02 9.719472501240895845e-02 7.891424437145841408e-02 5.238758279310917754e-02 6.346406824562840499e-02 7.992970832240486878e-02 2.537700743647168244e-01 4.060982574706092224e-02 6.232756326470687003e-02 1.564134241139511494e-01 4.406820694970604857e-02 4.182460621311745452e-02 1.356541172929644906e-02 8.740199962106509624e-02 2.285720538560918544e-02 2.938989797794610073e-02 2.229585888554403567e-02
3.441176470588235361e+02 2.048590193528480527e-02 1.213243543215996451e-02 2.726873046590891012e-02 2.674608640999600120e-02 1.146002239872247544e-02 7.710405954512582725e-03 3.928470063431227510e-02 4.794877572421440970e-02 1.072768347118382010e-01 1.105767673496353132e-01 1.592797539874973509e-02 1.081647578743287624e-01 1.043095437605159187e-01 1.109834444590208358e-01 1.108841501054012579e-01 1.006773796227495438e-02 9.499391838873681715e-03 1.104445358810271921e-01 1.118412917683698216e-01 3.520660426717956565e-02 7.273742258507094605e-02 7.451995654959353566e-02 7.484971269490611756e-02 6.928636707395380290e-02 9.798770780315158024e-02 1.101714644467313015e-01 1.303260906080464486e-02 1.239997271036286930e-01 1.103606368312316094e-01 3.317798530291871800e-02 3.447458516708211407e-02 1.332199051391456252e-02 3.579300662121223664e-02 1.199258187351101568e-01 3.407185278709508325e-02 8.777606749954806886e-02 3.136859109687368391e-02 6.956663962446396621e-02 2.735527341442335961e-02 6.714724008671399402e-02 9.068402099268105254e-02 5.295345905145808912e-02 6.951293497401168919e-02 4.484916463094106714e-02 3.768618016891734507e-02 5.153199383215718160e-02 1.757935461355587120e-02 3.522657972404379806e-02 4.971261972247539157e-02 6.347206076484315784e-02 8.900673978339322667e-02 1.660833919297993039e-02 2.056955356849256636e-02 4.872711754192078637e-02 2.346426181516770779e-02 3.283245298187017353e-02 3.012972664844017906e-02 8.203007720274473058e-02 6.657069605721165073e-02 4.407054745449701799e-02 5.348696472718734995e-02 6.747106307430542071e-02 2.160753169297123522e-01 3.402978788818778605e-02 5.242954931408504854e-02 1.324293072028460694e-01 3.694523355370053774e-02 3.505507737920411648e-02 1.130298817356144465e-02 7.379093589356883198e-02 1.910748939770648067e-02 2.457556445038875867e-02 1.863244787061568014e-02
3.447058823529412166e+02 1.713249669464689609e-02 1.010251941675077529e-02 2.284956579652733244e-02 2.240818387774634601e-02 9.541338154577578071e-03 6.399576542032681462e-03 3.299920354004020479e-02 4.033663679433870108e-02 9.072066420280719412e-02 9.353130356945892065e-02 1.328892178352584531e-02 9.147845413798960656e-02 8.818825325919488201e-02 9.388048525273035017e-02 9.379602092888250642e-02 8.374528949683057027e-03 7.898887583574869253e-03 9.341734152310091077e-02 9.460708633455068572e-02 2.948530659567923096e-02 6.137564145106783053e-02 6.289001734050959913e-02 6.317037524181084995e-02 5.830802154539855425e-02 8.286222300987505784e-02 9.322785531903005074e-02 1.084384393904572023e-02 1.050120473554504719e-01 9.336727096692307160e-02 2.781858116781688733e-02 2.892805847341401240e-02 1.109924071348755530e-02 3.003844116146773754e-02 1.015479173883552383e-01 2.852541762607800277e-02 7.415634049907603165e-02 2.624695939313666584e-02 5.867062873758425307e-02 2.287153076194738469e-02 5.664968510052442729e-02 7.663157997926256515e-02 4.446431667386815945e-02 5.849766037108025674e-02 3.762592864464163467e-02 3.161356621158171315e-02 4.325756713267941284e-02 1.468610201264262602e-02 2.956025592238092914e-02 4.181793677991184344e-02 5.352187625424229683e-02 7.519605619272426433e-02 1.386129806498944371e-02 1.718235193587528548e-02 4.091325030598708806e-02 1.963857265525624854e-02 2.753405673399936596e-02 2.526208748668295687e-02 6.918508749197334329e-02 5.612035827179195219e-02 3.704949507922516289e-02 4.504836472516005053e-02 5.691615565120521775e-02 1.838509054910989204e-01 2.849750879310964172e-02 4.407435318029270105e-02 1.120465343790980756e-01 3.095353773548051995e-02 2.936224294392229123e-02 9.411991579670479779e-03 6.225770429901728714e-02 1.596273259986912343e-02 2.053674500079548382e-02 1.556106076950239218e-02
3.452941176470588402e+02 1.431897668021084313e-02 8.407048907379966601e-03 1.913435616926954450e-02 1.876187207416174160e-02 7.938994197863750990e-03 5.308382456153037596e-03 2.770146265946837882e-02 3.391086674326114492e-02 7.666828944071374385e-02 7.906040811541321933e-02 1.108021544288802576e-02 7.731451238788428215e-02 7.450871999294202130e-02 7.935994062610453315e-02 7.928814304733068641e-02 6.961816853977400091e-03 6.564026484448312777e-03 7.896229699673971980e-02 7.997495968891560336e-02 2.467804855786684057e-02 5.175433592517435233e-02 5.303995600426723162e-02 5.327813890437028965e-02 4.903716175404218558e-02 7.002464179198640559e-02 7.883709359073651224e-02 9.017132475691226612e-03 8.887194754584515355e-02 7.893757843858509315e-02 2.330997900623641567e-02 2.425829784206242137e-02 9.241634072407569830e-03 2.519284418405580428e-02 8.592840169397832073e-02 2.386670273000362011e-02 6.260819749066758033e-02 2.194764863012149333e-02 4.944857304142188936e-02 1.911065367130724071e-02 4.776168376065536431e-02 6.471354250584093748e-02 3.731201450778985629e-02 4.919578540745269540e-02 3.154577460372764292e-02 2.650245459866369321e-02 3.628837089947882510e-02 1.226132718580209315e-02 2.478943574428563515e-02 3.515407599407166517e-02 4.510177212284129794e-02 6.348600134434975728e-02 1.156139864754904441e-02 1.434391955467447660e-02 3.433026170500327184e-02 1.642621685702541634e-02 2.307590478049791061e-02 2.116728994704448683e-02 5.831296267227283753e-02 4.727937178466694312e-02 3.112677810295892342e-02 3.791625358454767808e-02 4.798069490465246834e-02 1.563243398196820788e-01 2.384944755966547300e-02 3.702660376274270748e-02 9.473736516584108092e-02 2.591703083268977192e-02 2.457825186779912657e-02 7.832527724591682380e-03 5.249233724150430963e-02 1.332717745422809692e-02 1.715088870874759835e-02 1.298782033151905588e-02
3.458823529411764639e+02 1.196005306809632199e-02 6.991874765566150757e-03 1.601314686603356324e-02 1.569903063965672266e-02 6.601734641682905323e-03 4.400622661686714836e-03 2.323941852146335293e-02 2.849044505873181421e-02 6.474984642662588719e-02 6.678427530410796509e-02 9.232939212294417192e-03 6.530050352160789162e-02 6.290964947372343352e-02 6.704098136125402618e-02 6.697999423160749810e-02 5.783923259969524049e-03 5.451461822861882259e-03 6.669989907505148585e-02 6.756120653947744747e-02 2.064161609817282902e-02 4.361281438183271103e-02 4.470344900833451984e-02 4.490565376317176560e-02 4.121382723762864742e-02 5.913691693766218865e-02 6.662358465803218388e-02 7.493607578222552523e-03 7.516256468144390246e-02 6.669384236444574066e-02 1.951977457244890093e-02 2.032947829376671733e-02 7.690235373765346924e-03 2.111551518547718706e-02 7.266310801326929247e-02 1.995634684680399826e-02 5.282371944899597049e-02 1.834112878213380038e-02 4.164896395030404097e-02 1.595827824323261049e-02 4.024191758501927813e-02 5.461313154309042905e-02 3.129029354643218797e-02 4.134642135949382485e-02 2.643141000256547107e-02 2.220363188286203840e-02 3.042265876831407728e-02 1.023056901851544971e-02 2.077542443847462533e-02 2.953316544879886277e-02 3.798162500930301472e-02 5.356433921801961873e-02 9.637173243511865800e-03 1.196698076135750688e-02 2.878817872599874483e-02 1.373073680330161653e-02 1.932738081168662234e-02 1.772504418215073430e-02 4.911736600203295278e-02 3.980530869738380800e-02 2.613413680308832032e-02 3.189269495080045147e-02 4.042170163528740340e-02 1.328286727947024515e-01 1.994699960304352482e-02 3.108594009895415330e-02 8.004917613026756029e-02 2.168639357231092607e-02 2.056081255571818797e-02 6.514161418385651728e-03 4.422985923559704519e-02 1.111988994471799046e-02 1.431438155670498522e-02 1.083340964282125674e-02
3.464705882352941444e+02 9.983623151045646973e-03 5.811443332983612375e-03 1.339277599162424712e-02 1.312806799405938536e-02 5.486446369048324744e-03 3.645953299060633850e-03 1.948387352439586231e-02 2.392130677035131381e-02 5.464863916317305725e-02 5.637761654793645855e-02 7.688988120488501887e-03 5.511750740633597490e-02 5.308177685277134378e-02 5.659742055343287143e-02 5.654565239325611697e-02 4.802465775751542550e-03 4.524785411943043831e-03 5.630512691994048191e-02 5.703717357508621133e-02 1.725474098509652970e-02 3.672843060521100572e-02 3.765299738708085403e-02 3.782453506332716930e-02 3.461667541937578363e-02 4.990960751500787135e-02 5.626548866541788291e-02 6.223788906490407974e-03 6.352636999304143994e-02 5.631248747300205554e-02 1.633570507520520215e-02 1.702633538356523521e-02 6.395433368941137037e-03 1.768703374766032385e-02 6.140545658124880318e-02 1.667638921396078985e-02 4.453955154337009559e-02 1.531783293149700798e-02 3.505712221922907545e-02 1.331774956582689601e-02 3.388432376650935690e-02 4.605934068176385093e-02 2.622398060226935682e-02 3.472743999274760518e-02 2.213241476839679714e-02 1.859051455469301964e-02 2.548914952589865709e-02 8.530954106014504781e-03 1.740051694326935627e-02 2.479532017446828968e-02 3.196504632347263453e-02 4.516402231510946441e-02 8.028342538986859428e-03 9.977850821736173811e-03 2.412567022392454741e-02 1.147051556183209704e-02 1.617771438698902345e-02 1.483336226853611099e-02 4.134534194159820986e-02 3.349134055255616887e-02 2.192847571087868513e-02 2.680900069827613086e-02 3.403172332504046660e-02 1.127887369041272597e-01 1.667281067495889751e-02 2.608197715008745560e-02 6.759418707461742337e-02 1.813513192437387136e-02 1.718942047762563388e-02 5.414462723387731755e-03 3.724399431960716267e-02 9.272531218594818117e-03 1.193970613525254659e-02 9.030878916884246474e-03
3.470588235294117680e+02 8.328777291362965754e-03 4.827460093506739242e-03 1.119437052567434469e-02 1.097145366289925365e-02 4.556891886439442228e-03 3.018958313604326940e-03 1.632514026157465617e-02 2.007243162780857071e-02 4.609371771469852191e-02 4.756206136529390199e-02 6.399409167845435467e-03 4.649264715422211924e-02 4.476058927851165464e-02 4.775010130437792877e-02 4.770618894835203239e-02 3.985216083310809398e-03 3.753439084535949762e-03 4.749984619504891981e-02 4.812158960585471990e-02 1.441481680932702944e-02 3.091118353292314144e-02 3.169442249772683878e-02 3.183984112421402168e-02 2.905739350694663478e-02 4.209509153472832527e-02 4.748725258797704962e-02 5.166116399423511737e-03 5.365697569814041612e-02 4.751654507503502711e-02 1.366265844536209036e-02 1.425112828142320598e-02 5.315496411949873802e-03 1.480611935319583843e-02 5.185848951647786809e-02 1.392705912199400202e-02 3.753063511192328977e-02 1.278515109930279323e-02 2.948995159869503488e-02 1.110744127368008816e-02 2.851308533236762699e-02 3.882050798213265014e-02 2.196441865917709083e-02 2.914986359706510724e-02 1.852126649495654601e-02 1.555580003382444482e-02 2.134253917235792719e-02 7.109433019518608156e-03 1.456489816934201063e-02 2.080457994983894374e-02 2.688457087512475391e-02 3.805683679273601933e-02 6.684102470341913779e-03 8.314365664889907664e-03 2.020583419179375340e-02 9.576546067581598320e-03 1.353303762797562586e-02 1.240583944137758389e-02 3.478113715494846742e-02 2.816115190843903118e-02 1.838819571892811103e-02 2.252152246901849633e-02 2.863378099950843886e-02 9.570893395624407995e-02 1.392759417388411171e-02 2.186993440712689182e-02 5.704044313430392532e-02 1.515616979600932154e-02 1.436209973783575400e-02 4.497762478600087280e-03 3.134166841339902643e-02 7.727440427064969676e-03 9.952995626543670316e-03 7.523758905855098579e-03
3.476470588235293917e+02 6.944105708281869682e-03 4.007759665676147512e-03 9.351212524605809553e-03 9.163616956465394162e-03 3.782638147561212874e-03 2.498366351328920078e-03 1.367017753022517317e-02 1.683249686574733381e-02 3.885348565488547928e-02 4.009961300462430711e-02 5.322994677656442408e-03 3.919265941950052234e-02 3.772006063380747148e-02 4.026033923074566478e-02 4.022311579924932323e-02 3.305135549613307400e-03 3.111795794175077363e-03 4.004626824887265457e-02 4.057395955087560874e-02 1.203510144899200968e-02 2.599907952325621746e-02 2.666213786178029191e-02 2.678532852071878814e-02 2.437591317587937609e-02 3.548172090841333198e-02 4.005317370205556393e-02 4.285711320633953623e-03 4.529206712918011635e-02 4.006916222344694689e-02 1.142012361034181779e-02 1.192104875020377416e-02 4.415350296307912412e-03 1.238695159604692037e-02 4.376800606747684175e-02 1.162404408472756875e-02 3.160481710630713703e-02 1.066487266069771588e-02 2.479143482387637445e-02 9.258477710005813890e-03 2.397832876201732438e-02 3.269878793718875021e-02 1.838556448512305291e-02 2.445306207629082199e-02 1.548994946218117987e-02 1.300860931803821986e-02 1.785966986991157843e-02 5.921283776600601810e-03 1.218399873685847672e-02 1.744543244037308205e-02 2.259752748269888006e-02 3.204793525310410673e-02 5.561670712238162007e-03 6.924125553599656292e-03 1.691260152424626031e-02 7.990532878277381221e-03 1.131387594213787741e-02 1.036933762758344459e-02 2.924089796390230006e-02 2.366457524308561433e-02 1.541005617902567806e-02 1.890804536689270204e-02 2.407703104295759455e-02 8.116264833066573481e-02 1.162742237023934103e-02 1.832689810640206890e-02 4.810404316214779430e-02 1.265894716471172715e-02 1.199262894094653940e-02 3.734099939002755164e-03 2.635828861069943949e-02 6.436007975889806131e-03 8.291958511974218543e-03 6.264461080258978964e-03
3.482352941176470722e+02 5.786252227164667694e-03 3.325346227917152023e-03 7.806912732129584441e-03 7.649147774839317945e-03 3.138147005590891884e-03 2.066388735750188371e-03 1.144013087754562098e-02 1.410699685772649412e-02 3.273016101910711934e-02 3.378697348110308585e-02 4.425084730864153187e-03 3.301832138695257046e-02 3.176722297986649124e-02 3.392423631215409768e-02 3.389270406683855125e-02 2.739557393300047147e-03 2.578380809386741565e-03 3.374127822086123163e-02 3.418883664755122814e-02 1.004232566306674339e-02 2.185412444885875827e-02 2.241506301262106288e-02 2.251935159232334657e-02 2.043629108733758040e-02 2.988875671313117807e-02 3.376181702798264350e-02 3.553325214926754318e-03 3.820726457925614078e-02 3.376797170773505191e-02 9.540005938532509361e-03 9.965998297887000007e-03 3.665539591211556918e-03 1.035687105551171688e-02 3.691660149770779886e-02 9.696153416922301260e-03 2.659818336069837141e-02 8.891002277203172155e-03 2.082874444370887146e-02 7.712789489416626426e-03 2.015240758296404575e-02 2.752536420344006349e-02 1.538063858528171401e-02 2.050061764268603856e-02 1.294704748447582376e-02 1.087203779174771706e-02 1.493624226129292888e-02 4.928835013181274982e-03 1.018622616036391100e-02 1.461982197554441594e-02 1.898247337698891202e-02 2.697110554611544322e-02 4.625049214069277062e-03 5.762997057760344856e-03 1.414764903725584250e-02 6.663270225323957192e-03 9.452996657805133249e-03 8.661999495571039154e-03 2.456809007704829906e-02 1.987382425501866418e-02 1.290647832953499725e-02 1.586467972696108120e-02 2.023301790172745557e-02 6.878298346558009424e-02 9.701409176517459751e-03 1.534860667744176316e-02 4.054240104659750932e-02 1.056693563693942434e-02 1.000816799605607106e-02 3.098329181240392846e-03 2.215366404679300349e-02 5.357287821083927051e-03 6.904106985430627855e-03 5.212913338458190736e-03
3.488235294117647527e+02 4.818682120378567704e-03 2.757580332169944255e-03 6.513850703834375179e-03 6.381260505158681089e-03 2.602004638623140256e-03 1.708160536176467174e-03 9.568225054705992855e-03 1.181576999220167352e-02 2.755498625934939966e-02 2.845063699599493720e-02 3.676549807437001251e-03 2.779963163590043126e-02 2.673747550167539927e-02 2.856776388080479318e-02 2.854107016399901400e-02 2.269494495372029793e-03 2.135212759121953713e-03 2.841153109358167742e-02 2.879086773433206167e-02 8.374650501060629595e-03 1.835886943309327987e-02 1.883309961330942306e-02 1.892132677360985546e-02 1.712317014288336492e-02 2.516198951180468810e-02 2.844118441076854548e-02 2.944450082665409172e-03 3.221080727515638481e-02 2.844022290475855391e-02 7.964759474982773674e-03 8.326686743954456876e-03 3.041346963641854140e-03 8.654412153512740929e-03 3.111850486516465689e-02 8.083324832797672208e-03 2.237103037636589686e-02 7.407896851586471230e-03 1.748889318147807057e-02 6.421457571390891406e-03 1.692669903726158956e-02 2.315631581783248946e-02 1.285925648055832697e-02 1.717677283793602946e-02 1.081525701296203769e-02 9.081059667651273509e-03 1.248400119823071808e-02 4.100379868736186637e-03 8.511023582535571369e-03 1.224458158312497283e-02 1.593612443444606536e-02 2.268468542490838930e-02 3.843972369876288205e-03 4.793838715756555506e-03 1.182775461690399772e-02 5.553258291178421804e-03 7.893570782544113637e-03 7.231551937074929062e-03 2.062955336565841513e-02 1.668025104438464884e-02 1.080323127387708415e-02 1.330318799324147795e-02 1.699244523378372687e-02 5.825469336564526035e-02 8.089732336404326790e-03 1.284669501105261541e-02 3.414841459801406381e-02 8.815517564628868111e-03 8.347230990358394873e-03 2.569361778361264805e-03 1.860849128984863946e-02 4.456816888771760778e-03 5.745249561906428520e-03 4.335399712670909463e-03
3.494117647058823195e+02 4.010633201965274792e-03 2.285490500161441608e-03 5.431843400689876679e-03 5.320483253774242922e-03 2.156269217158452399e-03 1.411269375852084850e-03 7.997960008296615270e-03 9.890877685489626175e-03 2.318409299796570996e-02 2.394265173938346994e-02 3.052927382118729004e-03 2.339164892260939960e-02 2.249053434238465141e-02 2.404251431960722010e-02 2.401993149874999053e-02 1.879054156855223916e-03 1.767246806390686525e-03 2.390921544068540239e-02 2.423051490490433016e-02 6.979925823676366367e-03 1.541343631631981841e-02 1.581409807225943667e-02 1.588868760554685081e-02 1.433874325968371652e-02 2.116995856075084420e-02 2.394453961436076792e-02 2.438565706189418317e-03 2.713895338495440901e-02 2.393857400262112967e-02 6.645792162479658392e-03 6.953006126155978316e-03 2.522046963548750347e-03 7.227620702284462059e-03 2.621511400149703283e-02 6.734925364698588282e-03 1.880439044587323486e-02 6.168678889853380573e-03 1.467585103950269122e-02 5.343303879338208787e-03 1.420884745989125196e-02 1.946905051901876710e-02 1.074497328409457740e-02 1.438338314346220698e-02 9.029260907600013264e-03 7.580738193418659621e-03 1.042832786361931954e-02 3.409252547409353726e-03 7.107210607458193212e-03 1.024923012878145578e-02 1.337071386864851011e-02 1.906803918220490238e-02 3.193014022495084449e-03 3.985417835920966774e-03 9.882535959257225319e-03 4.625524246256921754e-03 6.587601371577131264e-03 6.033856415850380808e-03 1.731210692779261776e-02 1.399155723498128265e-02 9.037449506074789196e-03 1.114868949346285373e-02 1.426239643538695923e-02 4.930715422904070888e-02 6.741946773473679599e-03 1.074633164110463078e-02 2.874542775641095518e-02 7.350175949538698128e-03 6.957958192813223919e-03 2.129525696087219717e-03 1.562132754319025402e-02 3.705611382703844891e-03 4.778209021911708834e-03 3.603574413719561661e-03
3.500000000000000000e+02 3.336223900000000013e-03 1.893190909999999940e-03 4.527010340000000091e-03 4.433540799999999976e-03 1.785919300000000064e-03 1.165358360000000098e-03 6.681567939999999949e-03 8.274787480000000278e-03 1.949493459999999956e-02 2.013696250000000104e-02 2.533689919999999787e-03 1.967090269999999946e-02 1.890694160000000110e-02 2.022203700000000173e-02 2.020294409999999832e-02 1.554943760000000036e-03 1.461904489999999975e-03 2.010839949999999876e-02 2.038036210000000042e-02 5.814206940000000295e-03 1.293295960000000015e-02 1.327124690000000030e-02 1.333426549999999940e-02 1.200015070000000003e-02 1.780069059999999856e-02 2.014680400000000079e-02 2.018503689999999896e-03 2.285200550000000136e-02 2.013746190000000047e-02 5.542105149999999696e-03 5.802642529999999833e-03 2.090274479999999855e-03 6.032617070000000255e-03 2.207113750000000083e-02 5.608304449999999657e-03 1.579703920000000150e-02 5.133886520000000356e-03 1.230806800000000013e-02 4.443693250000000164e-03 1.192039280000000041e-02 1.635923150000000159e-02 8.973185959999999475e-03 1.203730450000000014e-02 7.533914109999999623e-03 6.324696759999999876e-03 8.706183819999999476e-03 2.833044150000000108e-03 5.931565599999999959e-03 8.574086050000000528e-03 1.121172240000000049e-02 1.601852310000000112e-02 2.650829999999999853e-03 3.311490700000000072e-03 8.252516999999999145e-03 3.850618770000000055e-03 5.494583320000000388e-03 5.031672709999999819e-03 1.451963120000000079e-02 1.172939869999999919e-02 7.555935659999999700e-03 9.337690200000000121e-03 1.196394570000000081e-02 4.170825449999999990e-02 5.615548209999999749e-03 8.984197790000000503e-03 2.418288260000000037e-02 6.124951600000000211e-03 5.796643290000000337e-03 1.764022940000000003e-03 1.310598840000000084e-02 3.079314459999999993e-03 3.971733239999999769e-03 2.993624830000000004e-03
