3.000000000000000000e+02 2.786580279950187833e+04 2.455389723757254615e+04 2.769414289169066251e+04 2.772657391183248183e+04 3.180587807322362642e+04 3.980311022091862105e+04 2.779169075665578930e+04 2.669119800633987325e+04 2.810411637526661798e+04 2.800356887631392965e+04 3.553658430296629376e+04 2.830813242562654341e+04 2.826069140907154724e+04 2.648464296939151245e+04 2.643065455827133337e+04 2.483770302019359588e+04 2.526330520999500732e+04 2.826553048596556982e+04 2.820561361732227306e+04 4.599229131192063505e+04 2.114011398846667726e+04 2.141183302577124778e+04 2.124165609589381347e+04 3.410676315120595245e+04 2.097001274994471896e+04 3.161145566041402708e+04 6.992739679970190628e+04 2.100919482378716202e+04 2.262528458431108447e+04 2.852957822050801769e+04 2.631004469810875889e+04 3.633968160630058992e+04 2.810891005773176948e+04 3.083722390737194291e+04 3.943225529634788836e+04 2.247253630752279423e+04 3.953331339208025747e+04 2.429970246227339157e+04 5.393931492234175676e+04 2.056750108714269300e+04 2.219290666875933312e+04 6.122824432327061368e+04 5.885023427002333483e+04 3.952547385762267368e+04 4.057868019780570467e+04 3.108975993839102739e+04 2.606804725842211337e+04 2.444608907812997859e+04 2.337357533035488086e+04 2.059502261034863841e+04 2.722888809465635131e+04 2.024343153281712512e+04 3.025214409854912810e+04 3.484291160183848115e+04 2.829365062598881195e+04 2.866341444147471339e+04 2.720252649006971478e+04 3.513674491441617283e+04 2.462979535743541783e+04 2.468880730223124556e+04 2.150984321810754045e+04 1.924122764608721991e+04 1.949824514015852037e+04 5.486552634033758659e+04 3.897361745433392207e+04 3.951283424455524073e+04 4.038210327412596962e+04 5.454715180991144007e+04 3.364008438198568911e+04 2.273424351270466286e+04 3.000218503503636020e+04 4.332951206581805309e+04 3.303825987845117197e+04
3.008823529411764639e+02 2.876649684853488725e+04 2.494191221908832449e+04 2.883269836679248328e+04 2.887403152574252090e+04 3.391987561924045440e+04 4.137755353066498355e+04 2.931457070806148113e+04 2.833617597265003860e+04 2.845675673232957706e+04 2.836011410632795742e+04 3.743607581788111565e+04 2.866679478263842248e+04 2.868670513011277944e+04 2.708589272391077247e+04 2.703788718753630019e+04 2.564949295045445979e+04 2.608526797173064915e+04 2.865975184920082029e+04 2.859537544638226245e+04 4.845461330424460903e+04 2.269420511751650702e+04 2.298806362036291466e+04 2.280189091733688838e+04 3.586142444230042747e+04 2.258244412663936237e+04 3.257578872060178765e+04 7.039599143306884798e+04 2.200367735550328871e+04 2.331152451972907875e+04 3.007635165283322203e+04 2.832339281633482460e+04 3.756317083891053335e+04 2.864601067461857383e+04 3.182073776970887775e+04 4.084261471052712295e+04 2.397132915739501550e+04 4.090372499048665486e+04 2.577919502739695599e+04 5.260981241064672940e+04 2.213822505471837576e+04 2.365102016323236239e+04 6.260809562197211926e+04 6.126059796940554224e+04 4.091402901554504933e+04 4.168658123320565210e+04 3.272909721123861891e+04 2.652628897395420427e+04 2.541463437505145703e+04 2.436972420203428555e+04 2.122835658179908933e+04 2.875868776608985354e+04 2.127270888463373194e+04 3.150361151022876948e+04 3.612079607630158716e+04 2.986574324014271770e+04 2.928048155363648038e+04 2.885384483900872146e+04 3.677757084109170682e+04 2.592826899463178052e+04 2.569424578372744509e+04 2.217179268496679288e+04 1.988896801077969576e+04 2.076343481684177459e+04 5.539548781801276346e+04 4.059765595253412175e+04 4.161144515102622245e+04 4.177986605619027978e+04 5.509317569317528250e+04 3.537007898465178005e+04 2.344712926409958891e+04 3.130406920478020038e+04 4.317765932006580260e+04 3.492550618761256192e+04
3.017647058823529278e+02 2.960407815569076047e+04 2.538125804721334862e+04 2.993556537593397661e+04 2.998411355024125805e+04 3.592169649024518003e+04 4.273479209251201974e+04 3.074886202496226178e+04 2.992102754427144828e+04 2.875960203125872795e+04 2.867208215962940449e+04 3.921828354136441340e+04 2.897006453693755975e+04 2.904975871401050244e+04 2.762417293060100201e+04 2.758257596358801675e+04 2.650971265146362930e+04 2.694895280984155761e+04 2.899580943560966625e+04 2.892950394832049278e+04 5.068770046959357569e+04 2.433314066780190115e+04 2.464324301225322051e+04 2.444527119360278812e+04 3.754814111259493802e+04 2.428619912309428400e+04 3.337128455988015776e+04 7.031498651044316648e+04 2.306398361292809932e+04 2.406565418794459401e+04 3.153393020926836107e+04 3.037549234221268125e+04 3.879341693489825411e+04 2.913648039933183827e+04 3.265807535131638360e+04 4.207522047791496152e+04 2.552425712488845602e+04 4.208501306219775142e+04 2.727410882719455549e+04 5.111892244197665423e+04 2.377335083462134935e+04 2.517132152392068019e+04 6.344069691598086501e+04 6.320451491738781624e+04 4.209606882768696232e+04 4.261436570810911508e+04 3.427287179945923708e+04 2.705918906139583851e+04 2.665388622561590091e+04 2.541622092641636482e+04 2.203827146248401550e+04 3.030569816444435128e+04 2.240691969183617766e+04 3.264159971862140083e+04 3.723597257376106427e+04 3.131896501762218395e+04 2.986506040977506564e+04 3.042049942948366515e+04 3.827853673682462977e+04 2.722326300482574879e+04 2.662462665907852715e+04 2.298185817842183314e+04 2.074448834942675967e+04 2.214978497592173517e+04 5.540916705576830282e+04 4.206992706820621243e+04 4.352691864406484819e+04 4.295922396619361098e+04 5.512737069615376822e+04 3.691773532664234517e+04 2.422925451751895525e+04 3.277335843551935250e+04 4.289493344029076979e+04 3.668187152999835962e+04
3.026470588235293917e+02 3.034009033452818039e+04 2.582429627923264343e+04 3.095707293555914657e+04 3.101088376253695606e+04 3.773984287463896180e+04 4.381801416425433854e+04 3.204014380355541653e+04 3.138840515056802906e+04 2.897230986532942916e+04 2.889843552391271805e+04 4.081636896092555253e+04 2.917842397577884549e+04 2.931037225980278163e+04 2.806018561818518356e+04 2.802520936820748466e+04 2.736698587164338824e+04 2.780343128215306933e+04 2.923427545426916913e+04 2.916823108155204318e+04 5.260278819552289497e+04 2.599561315395749625e+04 2.631555265597233301e+04 2.611021928497222689e+04 3.907711073618785304e+04 2.602009838487926027e+04 3.395648152119831502e+04 6.965502685671181825e+04 2.413405548191665730e+04 2.483951635320066271e+04 3.283364966980477038e+04 3.238895573993096332e+04 3.995554157623370702e+04 2.953442132369512547e+04 3.330594161096401513e+04 4.305217315464455896e+04 2.706925042508148545e+04 4.300184101055704377e+04 2.872471854929089750e+04 4.944590960005384113e+04 2.542333493039289897e+04 2.669224806127137344e+04 6.368516654410688352e+04 6.460563500349366223e+04 4.299900600027446490e+04 4.330217587489366997e+04 3.564740358045792527e+04 2.763172250991472174e+04 2.810527418492612560e+04 2.645275251871164801e+04 2.296715554775508281e+04 3.179765328333123034e+04 2.358970469084374054e+04 3.360052385649393545e+04 3.812104427349400794e+04 3.260145512843379402e+04 3.036711467300679215e+04 3.184835341406930820e+04 3.958290814818305080e+04 2.845671229970338391e+04 2.744126489624571695e+04 2.388529864431470196e+04 2.175133073145128947e+04 2.360895472962753774e+04 5.489744851252599619e+04 4.331442292709893081e+04 4.517714583860927814e+04 4.384810614003719093e+04 5.463961095485348778e+04 3.822094743325810850e+04 2.502618024066813814e+04 3.433492108364188607e+04 4.243212033329250698e+04 3.824230138462696050e+04
3.035294117647058556e+02 3.093929380605741972e+04 2.622808837733455584e+04 3.185368614205193444e+04 3.191069032042422623e+04 3.931104254350032716e+04 4.458162066327351204e+04 3.314106523713906790e+04 3.268681753675113578e+04 2.906021923489826077e+04 2.900371733814934851e+04 4.217095495353670412e+04 2.925806428264369970e+04 2.943508355538424439e+04 2.836105408014867862e+04 2.833271520041200711e+04 2.817445913567463504e+04 2.860220525618787360e+04 2.934150388844872577e+04 2.927753419755877621e+04 5.412540903043805156e+04 2.762059298887459227e+04 2.794366718710266650e+04 2.773552616753138864e+04 4.037140665014029946e+04 2.772291980704239177e+04 3.429814371737353940e+04 6.841282968988303037e+04 2.516126977593385163e+04 2.558780328199915675e+04 3.391750813854610169e+04 3.429073785481283267e+04 4.098044478690820688e+04 2.980038865887952852e+04 3.372836075506568886e+04 4.371260505969284714e+04 2.854584636872671763e+04 4.359612730093475693e+04 3.007403470631167147e+04 4.758179233703870705e+04 2.703835201451637840e+04 2.815358661023074092e+04 6.332510459082716989e+04 6.541039298516981944e+04 4.356766253057996073e+04 4.370192064880887483e+04 3.679069462455582834e+04 2.820945146724547885e+04 2.970582030225437848e+04 2.742321307436635834e+04 2.395738038696113654e+04 3.316855234134869534e+04 2.476686549053568160e+04 3.432763988476170925e+04 3.872373385559981398e+04 3.366910505705152173e+04 3.074266819268418476e+04 3.308989222361631982e+04 4.064443573935882887e+04 2.957447102380452270e+04 2.810968147252558629e+04 2.482733572162768905e+04 2.285159742535162877e+04 2.509103858299707281e+04 5.387213668529022107e+04 4.426836186722839193e+04 4.649325949163492623e+04 4.439220153867486806e+04 5.364065605156686797e+04 3.922985336721455678e+04 2.578875171277191839e+04 3.591343668159137451e+04 4.175469930972766451e+04 3.955067560263045016e+04
3.044117647058823195e+02 3.137092676595891317e+04 2.655523740807866125e+04 3.258567764760424325e+04 3.264381999029410144e+04 4.058203540657939448e+04 4.499253468941244500e+04 3.401248242242988636e+04 3.377198617478121741e+04 2.899551909272015837e+04 2.895924945216128981e+04 4.323213801161085576e+04 2.918201725986608653e+04 2.939746345788513645e+04 2.850089550092690843e+04 2.847903678121518897e+04 2.889058449351063609e+04 2.930403186273723986e+04 2.929070491266823956e+04 2.923023543815471930e+04 5.519749424366783205e+04 2.914933629651782394e+04 2.946877680396513460e+04 2.926236446744914065e+04 4.136858329290707479e+04 2.933535052024279867e+04 3.437254154036651016e+04 6.660924243523816403e+04 2.609760334249832522e+04 2.626884983516498687e+04 3.473925976881595125e+04 3.601403672574566735e+04 4.180724943174276268e+04 2.990258480482368032e+04 3.389815371254786442e+04 4.401348621658026241e+04 2.989726559619255204e+04 4.382772052083671588e+04 3.126978432279242770e+04 4.552929686663214670e+04 2.856960178913483469e+04 2.949854190994457895e+04 6.236754623767290468e+04 6.558889925250298984e+04 4.376483460254886450e+04 4.377882693539249885e+04 3.765340309062795859e+04 2.875891288458208146e+04 3.138990146749443738e+04 2.827734759898875564e+04 2.495305061267425117e+04 3.436032061405259446e+04 2.588758088502094688e+04 3.478371700000760757e+04 3.900745468346815323e+04 3.448655284693721478e+04 3.095526304849056760e+04 3.410534231161999924e+04 4.142766738486591930e+04 3.052822512253909736e+04 2.860066696183621389e+04 2.575494182532120976e+04 2.398769956277656456e+04 2.654607070268140887e+04 5.236361241369538766e+04 4.488377140666036576e+04 4.742154175116262195e+04 4.455547794896620326e+04 5.215985700163725414e+04 3.990771683472696895e+04 2.647387884527596907e+04 3.743584941660397453e+04 4.084315730531248118e+04 4.056132534359466808e+04
3.052941176470588402e+02 3.160985639495782743e+04 2.677452849283370233e+04 3.311872789764378831e+04 3.317607584110320749e+04 4.151104399747853313e+04 4.503095283457957703e+04 3.462430435545012733e+04 3.460796365792141296e+04 2.875809614692014293e+04 2.874401314588442619e+04 4.396108830378059065e+04 2.893097566959562755e+04 2.917883391365693024e+04 2.846119559154537274e+04 2.844551098537547296e+04 2.947975546943099107e+04 2.987360232166071000e+04 2.906272005302857724e+04 2.900679700644778131e+04 5.577878419178463082e+04 3.052737787203685730e+04 3.083658537821491336e+04 3.063628144845470888e+04 4.202175103764010419e+04 3.080195642954052528e+04 3.416622733159909694e+04 6.428621845452906564e+04 2.690076140278572348e+04 2.684546902206614322e+04 3.526511836711965589e+04 3.750009934333754063e+04 4.238528538341214880e+04 2.981768965237584780e+04 3.379793847787009145e+04 4.392969380912139604e+04 3.107237865290088666e+04 4.367433735273106868e+04 3.226621256842413277e+04 4.330202028806985618e+04 2.997073870095286111e+04 3.067570819506267435e+04 6.084090549774917599e+04 6.513474529717552650e+04 4.357112645046971738e+04 4.351226091949455440e+04 3.819946104510884470e+04 2.924819536970985064e+04 3.309114130006671621e+04 2.897217531940105255e+04 2.590167811802135839e+04 3.532421421934207319e+04 2.690559369458448418e+04 3.494321462662032718e+04 3.895125829413070460e+04 3.502786169661437452e+04 3.097703773447913773e+04 3.486352267813312210e+04 4.190796792621355416e+04 3.127713699417462703e+04 2.889121839579859079e+04 2.661856157663040358e+04 2.510410525355908612e+04 2.792559379809612801e+04 5.041786216907267954e+04 4.512834864531819039e+04 4.792466239702483290e+04 4.431995333440970717e+04 5.024222959962504683e+04 4.023132396346145833e+04 2.704511753437613152e+04 3.883372354075846670e+04 3.969240802435153455e+04 4.124015392477665591e+04
3.061764705882353041e+02 3.163751987155898314e+04 2.686135429040020608e+04 3.342532095045144524e+04 3.348014927744277520e+04 4.206881728505544743e+04 4.469049206846058951e+04 3.495600470938353101e+04 3.516795042095181998e+04 2.833600267504918520e+04 2.834515011402664459e+04 4.433113889278314309e+04 2.849373814903379025e+04 2.876863185781866196e+04 2.823095098275880082e+04 2.822101176351627146e+04 2.991278578078065402e+04 3.028206216438366755e+04 2.864643998967540756e+04 2.859575609848658132e+04 5.584747079824328102e+04 3.170639081654916299e+04 3.199916352346205167e+04 3.180905581915715447e+04 4.230007029028700344e+04 3.207305329994146814e+04 3.367626582417459576e+04 6.150299673547025304e+04 2.753518978485250045e+04 2.728577137558968752e+04 3.547402412339119473e+04 3.869981695602567925e+04 4.267554343404810788e+04 2.953128534985017177e+04 3.342059548905068368e+04 4.345336954022778809e+04 3.202744808523598840e+04 4.313079643265786581e+04 3.302559846790582378e+04 4.092295379309701821e+04 3.119933303755388260e+04 3.164082391753532283e+04 5.879208674871100084e+04 6.406377298755021911e+04 4.298408994327455002e+04 4.289580566370995075e+04 3.840628501138461434e+04 2.964765951500278970e+04 3.474437790775355097e+04 2.947311028833704768e+04 2.675570905634839437e+04 3.602189579744063667e+04 2.778030738510861920e+04 3.479396708486996067e+04 3.854918619068289263e+04 3.527685456496779079e+04 3.078936890284406036e+04 3.534238823925003089e+04 4.207125897414878273e+04 3.178912801166653662e+04 2.896526297764860647e+04 2.737367980803668252e+04 2.614901447271179859e+04 2.918421060056580973e+04 4.809308130688192614e+04 4.498559336204969441e+04 4.798219195870620752e+04 4.368476320954755647e+04 4.794509446990471042e+04 4.019086652084033267e+04 2.747305167299582536e+04 4.004540806602749217e+04 3.831046101414454461e+04 4.156528703389332804e+04
3.070588235294117680e+02 3.144257564605824882e+04 2.679791678585650880e+04 3.348582760358781525e+04 3.353667864002921851e+04 4.223916916472336015e+04 4.397773061615227198e+04 3.499677620234545611e+04 3.543476516815382638e+04 2.772551566465774522e+04 2.775805552862583863e+04 4.432830238251631090e+04 2.786725382868409361e+04 2.816439440306682809e+04 2.780655858357988109e+04 2.780184060450651668e+04 3.016722361389000071e+04 3.050735793071453008e+04 2.803883640789877973e+04 2.799376798490271904e+04 5.540004521945602028e+04 3.264580247626306664e+04 3.291654709559110051e+04 3.274030484781633641e+04 4.218863808446751500e+04 3.310636556865074817e+04 3.290992128212733223e+04 5.833179578629652679e+04 2.797289440229197498e+04 2.756389606615083540e+04 3.535745062132577004e+04 3.957500186635256978e+04 4.265155280788630625e+04 2.903785768288568579e+04 3.276918651866617438e+04 4.259262973352077825e+04 3.272754018631199870e+04 4.220761844061753072e+04 3.351939984948757774e+04 3.842254788939079299e+04 3.221826532604821841e+04 3.235820946306638143e+04 5.628298223693361797e+04 6.241191985881492292e+04 4.201674305205757264e+04 4.193663483787838049e+04 3.826454921794949769e+04 2.993073530128016864e+04 3.628763649392526713e+04 2.975471854853572586e+04 2.747384050791939808e+04 3.642612307960681210e+04 2.847773402465266190e+04 3.433640204854008334e+04 3.780908117033497547e+04 3.522708725545944617e+04 3.038305475220930748e+04 3.552924028975162219e+04 4.191349688455463183e+04 3.204173548929273966e+04 2.881410477306331813e+04 2.798215557992345930e+04 2.707588622146552370e+04 3.028103865832731753e+04 4.545606499021005584e+04 4.445424736133609986e+04 4.759037231162496028e+04 4.266460112650107476e+04 4.533449677345497912e+04 3.978931963854716741e+04 2.773547682692880699e+04 4.101792043637580355e+04 3.671652163774294604e+04 4.152721525306481635e+04
3.079411764705882320e+02 3.102122344610069558e+04 2.657321200158364081e+04 3.328920190294226632e+04 3.333492164446078095e+04 4.201897535156255617e+04 4.291120608786415687e+04 3.474532902258352260e+04 3.540094707644903247e+04 2.693081042940861516e+04 2.698608261455621323e+04 4.395120792344601068e+04 2.705628514680754961e+04 2.737138608466574442e+04 2.719145867683998222e+04 2.719136906347072727e+04 3.022749178246568044e+04 3.053440267118651536e+04 2.724462707829123246e+04 2.720527961251692250e+04 5.445039273668751412e+04 3.331406303598958766e+04 3.355797679623575095e+04 3.339874161492606800e+04 4.168779109787986090e+04 3.386836558213865646e+04 3.188386578576093962e+04 5.485338813934946666e+04 2.819400152095616431e+04 2.766058860854037994e+04 3.491876885604058043e+04 4.009925051087656175e+04 4.229967842204579210e+04 2.834040789865270926e+04 3.185637272527693494e+04 4.136974496643443126e+04 3.314752609932769701e+04 4.092911792466340557e+04 3.372896802016915171e+04 3.583655520722344227e+04 3.299694975500081637e+04 3.280180163865159557e+04 5.338664634088114690e+04 6.023234835074155853e+04 4.069559555442794226e+04 4.065428792483585130e+04 3.777752719660850562e+04 3.007472214717138195e+04 3.766400443606569024e+04 2.980107572119700126e+04 2.802206002452575558e+04 3.652101202515224577e+04 2.897122949862935639e+04 3.358235812434488616e+04 3.675096481875087193e+04 3.488147802939324174e+04 2.975806261523138528e+04 3.542060388377772324e+04 4.143992742037552671e+04 3.202250888569349263e+04 2.843656067584268749e+04 2.841325194394612117e+04 2.784473596328569329e+04 3.118097864463303267e+04 4.257864713232909708e+04 4.354713071669702185e+04 4.676119809520377021e+04 4.128766826521822804e+04 4.248166208454391017e+04 3.904137031908571953e+04 2.781738756651166113e+04 4.170845485654770164e+04 3.493874378430882643e+04 4.112843345947245689e+04
3.088235294117646959e+02 3.037712356601811553e+04 2.618278158153311961e+04 3.283322147500154097e+04 3.287297376917454676e+04 4.141759797518455161e+04 4.151984045327208878e+04 3.420931931028338295e+04 3.506847772077980335e+04 2.596320337151483909e+04 2.603981478468115165e+04 4.321043623969067994e+04 2.607264429504044529e+04 2.640181905771460879e+04 2.639548160402139911e+04 2.639938498879435792e+04 3.008485181260864920e+04 3.035504942196379852e+04 2.627552562808229050e+04 2.624178332820706783e+04 5.302810206315164396e+04 3.368955209045847732e+04 3.390276617268823611e+04 3.376306581741496484e+04 4.081180863322774530e+04 3.433528005879127886e+04 3.062287858718238567e+04 5.115248883897571795e+04 2.818702798923821319e+04 2.756356993634360333e+04 3.417215138764244330e+04 4.025837186677918362e+04 4.161881128169120348e+04 2.744964147475134450e+04 3.070330370752599265e+04 3.981878420074182213e+04 3.327265087150831096e+04 3.933097928319319908e+04 3.364581504371176561e+04 3.320358532635573647e+04 3.351237262999709492e+04 3.295576757219983119e+04 5.018309715809307090e+04 5.759183518272598303e+04 3.905817444713832083e+04 3.907883061894322600e+04 3.695996944978756801e+04 3.006152347593726518e+04 3.882344879287230287e+04 2.960571192399607025e+04 2.837441426754392160e+04 3.630186173724183027e+04 2.924200977790951947e+04 3.255349201644797358e+04 3.540497114668819268e+04 3.425157782345808664e+04 2.892281381464735387e+04 3.502176604946740554e+04 4.066409610490134219e+04 3.172893415042199558e+04 2.783872864810049577e+04 2.864435389753295021e+04 2.842321316235092672e+04 3.185581557103858358e+04 3.953408778138116031e+04 4.228938017804990523e+04 4.552079225792323996e+04 3.959312106138130912e+04 3.945939499946357682e+04 3.797188181185429858e+04 2.771077644230709120e+04 4.208550586345010379e+04 3.301164970888004609e+04 4.038256324877187581e+04
3.097058823529411598e+02 2.952103396790688566e+04 2.562830631598452601e+04 3.212431818552305049e+04 3.215758003795557306e+04 4.045583967592566478e+04 3.984116693102454155e+04 3.340451293328931206e+04 3.444815904386808688e+04 2.484022232277789590e+04 2.493615720876897467e+04 4.212741776856481010e+04 2.493426356584218956e+04 2.527392359361240960e+04 2.543408254089254478e+04 2.544132455067413684e+04 2.973718235017985717e+04 2.996787300392812176e+04 2.514933146354112978e+04 2.512090662693134436e+04 5.117634687125780329e+04 3.376092717736355553e+04 3.394060687246224552e+04 3.382229584148035065e+04 3.958722645664315496e+04 3.449353797810579272e+04 2.915839345379847873e+04 4.731404281368325610e+04 2.794878932753735353e+04 2.726763910953588493e+04 3.314119644840251567e+04 4.005023758932763303e+04 4.061959327073530585e+04 2.638297529748356465e+04 2.933829618363079862e+04 3.798316859869556356e+04 3.309856018622869306e+04 3.745777781011165644e+04 3.327139325318799092e+04 3.056316406742272375e+04 3.374969847410040529e+04 3.281457803834636434e+04 4.675568459627507400e+04 5.456719122342776973e+04 3.715052016864043253e+04 3.724886069592723652e+04 3.583669912888414547e+04 2.987821844638788389e+04 3.972416274068753410e+04 2.917115666165358198e+04 2.851335238156629202e+04 3.577454202601211728e+04 2.927930536839954584e+04 3.127955507538791790e+04 3.380922339129298780e+04 3.335661952142910013e+04 2.789322767987464613e+04 3.434604183479984204e+04 3.960677909140466363e+04 3.116792269444876365e+04 2.703349848499221480e+04 2.866125067358912202e+04 2.878723190207267180e+04 3.228488808002878795e+04 3.639427193320170045e+04 4.071644517446067766e+04 4.390740507644406898e+04 3.762851020620825147e+04 3.633927384788293421e+04 3.661417868920879118e+04 2.741424215859512333e+04 4.212940056483347871e+04 3.097382640035586519e+04 3.931312894155341928e+04
3.105882352941176805e+02 2.847007446139146487e+04 2.491700271277817956e+04 3.117697386346741769e+04 3.120351393735648526e+04 3.916444468474746100e+04 3.791916525660886691e+04 3.235366714398789554e+04 3.355868934181989607e+04 2.358434311332600555e+04 2.369709039414002837e+04 4.073287727470364916e+04 2.366393170142374947e+04 2.401069813301939939e+04 2.432732161230643396e+04 2.433725058469966098e+04 2.918860135872608589e+04 2.937777893543519531e+04 2.388869037527433466e+04 2.386517146090573442e+04 4.894920393539938959e+04 3.352711969676626177e+04 3.367151520904686186e+04 3.357574586186470697e+04 3.805072094968148303e+04 3.433988671167782013e+04 2.752669387592524436e+04 4.341951197534484527e+04 2.748402566886612840e+04 2.677452627299743835e+04 3.185722309541895083e+04 3.948423676603479544e+04 3.932314769945989974e+04 2.516322862574867395e+04 2.779513658658410350e+04 3.591290918360355863e+04 3.263093733564305148e+04 3.536020365520460473e+04 3.261649151657365655e+04 2.795362205902954520e+04 3.370265468499367125e+04 3.238269682742954683e+04 4.318732004414342373e+04 5.124126631336058199e+04 3.502439817948338896e+04 3.520911673608359706e+04 3.444085612109177600e+04 2.951746575265172942e+04 4.033380417699631653e+04 2.850814800366924464e+04 2.842981335559512081e+04 3.495452457578347094e+04 2.908029922239225561e+04 2.979640963371787802e+04 3.200745183871006520e+04 3.222230266265250611e+04 2.669141729677673356e+04 3.341378950234127115e+04 3.829473957084575522e+04 3.035492147376284629e+04 2.603973026219339226e+04 2.845812451717667500e+04 2.892137414632153741e+04 3.245558308522129664e+04 3.322693638824969094e+04 3.887170731816831540e+04 4.196892604788052267e+04 3.544693716166284139e+04 3.318887114995497541e+04 3.500803374907415855e+04 2.693245475517305749e+04 4.183244597375187732e+04 2.886549546828380699e+04 3.795195727978731156e+04
3.114705882352941444e+02 2.724675496520006345e+04 2.406089537831517737e+04 3.001276181859743883e+04 3.003260798146780144e+04 3.758227081558639475e+04 3.580205618664752546e+04 3.108523340249498142e+04 3.242548212988105297e+04 2.222164601589657104e+04 2.234833593020157787e+04 3.906499989275134430e+04 2.228795594012071160e+04 2.263859159595407982e+04 2.309877172145913210e+04 2.311075757628486826e+04 2.844892126013986126e+04 2.859543644871979268e+04 2.251978051115903509e+04 2.250067604844371817e+04 4.640875450133899722e+04 3.299682722534304048e+04 3.310527504307919298e+04 3.303249976549441635e+04 3.624677420593047282e+04 3.388099385005037038e+04 2.576709266238805139e+04 3.954405639033156331e+04 2.680470402965107132e+04 2.609246308941056850e+04 3.035741608735239424e+04 3.858023490889967798e+04 3.775947006565415359e+04 2.381723092371934035e+04 2.611131306378029331e+04 3.366192824086375913e+04 3.188467878504787586e+04 3.309239983227931953e+04 3.170023845684419575e+04 2.541049078830235521e+04 3.337348312262542458e+04 3.167380762116226470e+04 3.955736223027315282e+04 4.769921897892580455e+04 3.273464602385447142e+04 3.300811019550687342e+04 3.281197294605860952e+04 2.897766090784532207e+04 4.063024218289219425e+04 2.763454104206455668e+04 2.812293440193725110e+04 3.386557890251502977e+04 2.864973102091522378e+04 2.814404069998574778e+04 3.004669709549779509e+04 3.087944178935492528e+04 2.534425678073514428e+04 3.225123540061852691e+04 3.675944262619478104e+04 2.931270268662950912e+04 2.488122686113666350e+04 2.803715609746580594e+04 2.881887415694575611e+04 3.236342445483561096e+04 3.009364179005251572e+04 3.680404745349565928e+04 3.976022866572990461e+04 3.310436503674448613e+04 3.006971024695686356e+04 3.319761474041546899e+04 2.627547086449441485e+04 4.119852290672100207e+04 2.672646775801632612e+04 3.633737444329846767e+04
3.123529411764706083e+02 2.587781176905072061e+04 2.307598575098091897e+04 2.865910687585561027e+04 2.867250391562954974e+04 3.575424519121225603e+04 3.354010832405443216e+04 2.963194215588377483e+04 3.107930746565818117e+04 2.078042311463765509e+04 2.091796566560705105e+04 3.716742061953841039e+04 2.083477479615370612e+04 2.118614140026106179e+04 2.177436855822533107e+04 2.178781824599540414e+04 2.753296511446518343e+04 2.763656480810122957e+04 2.107094680050445822e+04 2.105572353830971770e+04 4.362207986037990486e+04 3.218761680160963806e+04 3.226049442401015040e+04 3.221049720818189235e+04 3.422522354243120208e+04 3.313265196843143349e+04 2.392012827845381616e+04 3.575438422555573197e+04 2.592907051447622143e+04 2.523551015734380417e+04 2.868289507809963106e+04 3.736716606780666189e+04 3.596556538317856030e+04 2.237438025885658499e+04 2.432622373484759009e+04 3.128550463352732550e+04 3.088272218804778458e+04 3.070944459693847239e+04 3.054881462152731547e+04 2.296524335107264778e+04 3.277254316681338969e+04 3.070969041048365034e+04 3.593903006602304959e+04 4.402506476193109847e+04 3.033668088183027794e+04 3.069582031744974302e+04 3.099395508453219736e+04 2.826285026832605217e+04 4.060190146288503456e+04 2.657400553937399673e+04 2.759946179003427096e+04 3.253823462498654771e+04 2.799924092898004892e+04 2.636460527752858616e+04 2.797512664327688981e+04 2.936253053907396679e+04 2.388186543395890112e+04 3.088917566584977612e+04 3.503574684701552178e+04 2.806992904684196401e+04 2.358554507758299587e+04 2.740783115446291413e+04 2.848126871336584009e+04 3.201184511557381120e+04 2.704827941555455982e+04 3.456542944685386465e+04 3.734044523602630943e+04 3.065710373671201523e+04 2.703575364500693104e+04 3.122945106508423487e+04 2.545794248795665044e+04 4.024223575228842674e+04 2.459441421021464339e+04 3.451228466625616420e+04
3.132352941176470722e+02 2.439293231207821736e+04 2.198136014071035606e+04 2.714785299074898649e+04 2.715521613969105601e+04 3.372922514533515641e+04 3.118358109976561536e+04 2.802934388371927707e+04 2.955482817443663225e+04 1.928982545218312953e+04 1.943504443881556654e+04 3.508716187376873131e+04 1.933361398930312134e+04 1.968265376008255407e+04 2.038126813552304156e+04 2.039563809998869692e+04 2.645976978020316164e+04 2.652110140020079052e+04 1.957137384596991615e+04 1.955948878571172463e+04 4.065831969507950998e+04 3.112469586943462127e+04 3.116333443213677310e+04 3.113528898505276811e+04 3.203882828043901463e+04 3.211863286597145270e+04 2.202588749609200750e+04 3.210732305509372600e+04 2.488050811988654823e+04 2.422267881724930703e+04 2.687681050134880570e+04 3.588133864370604715e+04 3.398344795145969692e+04 2.086524048031273560e+04 2.247947316235344260e+04 2.883796740537984078e+04 2.965460397681108589e+04 2.826510081888952118e+04 2.919395768876750299e+04 2.064443276647349194e+04 3.191758410363487201e+04 2.951882091761167248e+04 3.239743938873938168e+04 4.029867501128251752e+04 2.788428668456300875e+04 2.832158309078263119e+04 2.903306892976986273e+04 2.738240174881971689e+04 4.024767352349028806e+04 2.535459419881589929e+04 2.687290207155011376e+04 3.100809583496932464e+04 2.714648570792031751e+04 2.450061594783839973e+04 2.584006940547544946e+04 2.770829393393953433e+04 2.233610709149808463e+04 2.936161805428268781e+04 3.316061766027833073e+04 2.665958531311875777e+04 2.218272362828583937e+04 2.658599587250597324e+04 2.791773686480370088e+04 3.141165448951741928e+04 2.413614291222173051e+04 3.220862793073026114e+04 3.477032828561942733e+04 2.815958955562523261e+04 2.413245231107929794e+04 2.915052070751295832e+04 2.449824791266066677e+04 3.898766774361651915e+04 2.250352299900901198e+04 3.252224177059719295e+04
3.141176470588235361e+02 2.282344735990733534e+04 2.079827243605175317e+04 2.551373447726959421e+04 2.551560164974304644e+04 3.155788345520379153e+04 2.878089853812622459e+04 2.631437474163070146e+04 2.788910807369083341e+04 1.777862207929779470e+04 1.792837768778680402e+04 3.287263077825668006e+04 1.781325450027404077e+04 1.815699435520760744e+04 1.894676667565164462e+04 1.896157166841900835e+04 2.525170448733363810e+04 2.527228257282157210e+04 1.804986489381753199e+04 1.804079117407944796e+04 3.758593985808774596e+04 2.983943770028003564e+04 2.984600023039802181e+04 2.983854994452092433e+04 2.974097027960872219e+04 3.086927481024527515e+04 2.012253297865893546e+04 2.864907347607656266e+04 2.368626840827309934e+04 2.307690032717199938e+04 2.498255586092941303e+04 3.416455964099452831e+04 3.185811530537565341e+04 1.932024544367855924e+04 2.060934122895220207e+04 2.637072109311808890e+04 2.823484090243017999e+04 2.580990929429777680e+04 2.767135258386538044e+04 1.846921530086164421e+04 3.083273871222768867e+04 2.813478675218892022e+04 2.898827666093620064e+04 3.659332734359466849e+04 2.542775640912381277e+04 2.593226396029886018e+04 2.697603449258060573e+04 2.635045641797497228e+04 3.957640882283798419e+04 2.400726370331160069e+04 2.596246941220576628e+04 2.931410251324440469e+04 2.611407994385909114e+04 2.259332689141463561e+04 2.368633628215027056e+04 2.595429150838845089e+04 2.073917818825725044e+04 2.770442731645304593e+04 3.117190410259232522e+04 2.511736914780560983e+04 2.070400116605026415e+04 2.559272769455811067e+04 2.714417677110532168e+04 3.058023967056856054e+04 2.139352157443735268e+04 2.978519712349252950e+04 3.210982482641510069e+04 2.566253220175384558e+04 2.139631784870442061e+04 2.700653963611032304e+04 2.341758140675704999e+04 3.746682446790665563e+04 2.048355218392836468e+04 3.041360787941402305e+04
3.150000000000000000e+02 2.120106272490471383e+04 1.954924039763380279e+04 2.379284420939905613e+04 2.378982901701578521e+04 2.929072260364116300e+04 2.637711996089385502e+04 2.452400989768286672e+04 2.612016193045374894e+04 1.627412384542455766e+04 1.642542002232947198e+04 3.057176988394969521e+04 1.630096676359898993e+04 1.663654046023228875e+04 1.749732904488075656e+04 1.751214823310304200e+04 2.393354028123166790e+04 2.391567681148824704e+04 1.653378107129238560e+04 1.652702697822923801e+04 3.447032233611258562e+04 2.836775268129387405e+04 2.834508716809717953e+04 2.835644103449010436e+04 2.738358701865068724e+04 2.941989037538819321e+04 1.824508932041751177e+04 2.541506851989923598e+04 2.237615083521246561e+04 2.182390447558522283e+04 2.304216972421550963e+04 3.226218492757698550e+04 2.963559611257076904e+04 1.776856406159074322e+04 1.875148769253109276e+04 2.393065930670958551e+04 2.666123427725781221e+04 2.338967695557547631e+04 2.601899682035087972e+04 1.645521978582361044e+04 2.954730262181392754e+04 2.659461664166095579e+04 2.575708132503936213e+04 3.297386024420039757e+04 2.301243315243226243e+04 2.357077339827545802e+04 2.486830105958036074e+04 2.518519612614369544e+04 3.860603132112834282e+04 2.256443039212917574e+04 2.489189418456865315e+04 2.749682490291932118e+04 2.492842289925008663e+04 2.068137559529029022e+04 2.155487084680376574e+04 2.413762941396942915e+04 1.912234751637016598e+04 2.595402882081741336e+04 2.910720909782157469e+04 2.348012599462139769e+04 1.918059366544481964e+04 2.445309015796602762e+04 2.618208238892129157e+04 2.954055384367361330e+04 1.884775103637642678e+04 2.734374749977888132e+04 2.941596103579582268e+04 2.321147256997507066e+04 1.885495090417964093e+04 2.484051104130884050e+04 2.223903438963416556e+04 3.571786296342593414e+04 1.855926217058954717e+04 2.823187965727990377e+04
3.158823529411764639e+02 1.955669396434010923e+04 1.825718783735370380e+04 2.202118035999661151e+04 2.201392950954522894e+04 2.697630615472555291e+04 2.401274817969349897e+04 2.269405508477867261e+04 2.428561090964937830e+04 1.480130894376378274e+04 1.495138174197589251e+04 2.823044057365668777e+04 1.482164602911393013e+04 1.514632897768427756e+04 1.605775991842574513e+04 1.607223964165932921e+04 2.253150542356029109e+04 2.247820804126361327e+04 1.504817575478990511e+04 1.504329839609861119e+04 3.137176503889724700e+04 2.674840422495537496e+04 2.669988028159012902e+04 2.672791898369033152e+04 2.501541322489429876e+04 2.780909370774644412e+04 1.642452055958477285e+04 2.243033991656382568e+04 2.098119943713331304e+04 2.049106952054466092e+04 2.109498295878233330e+04 3.022119878968279590e+04 2.736116184889510259e+04 1.623716246206417054e+04 1.693793129555377891e+04 2.155899030369775210e+04 2.497319015406224571e+04 2.104437908994067402e+04 2.427562671941742883e+04 1.461270863346132137e+04 2.809437515380953118e+04 2.493711566199566005e+04 2.273907780205252857e+04 2.949544354017638034e+04 2.067767003344581099e+04 2.127495829980519193e+04 2.275256872534571085e+04 2.390797751144991707e+04 3.736233492390518950e+04 2.105862473655325084e+04 2.368815880677570385e+04 2.559687221647105616e+04 2.361847336065664422e+04 1.879971023228159902e+04 1.948174993957810511e+04 2.229382349179180528e+04 1.751489299050286354e+04 2.414622210005643501e+04 2.700288407605784960e+04 2.178440183788999639e+04 1.764258779961634355e+04 2.319484434579007939e+04 2.505728735527398021e+04 2.831995251940540766e+04 1.651763651196866704e+04 2.492857581877068151e+04 2.674111006294027175e+04 2.084576615851334282e+04 1.652744539600850112e+04 2.269157181910721556e+04 2.098670388179208385e+04 3.378320807607061579e+04 1.675018934104242726e+04 2.602024434178595766e+04
3.167647058823529278e+02 1.791945181414316903e+04 1.694466023610790580e+04 2.023334356852825294e+04 2.022249920046256011e+04 2.465977210050493886e+04 2.172289056062413147e+04 2.085811503160924622e+04 2.242149292952819451e+04 1.338216685968426827e+04 1.352855179956609027e+04 2.589108620212749884e+04 1.339716758315312291e+04 1.370841841780196773e+04 1.465054152009400968e+04 1.466439598061812103e+04 2.107236331000647988e+04 2.098720669231735155e+04 1.361514410756106918e+04 1.361175706080808595e+04 2.834393937281547915e+04 2.502135709533310728e+04 2.495069706591341310e+04 2.499308259008963432e+04 2.268057832513460744e+04 2.607713501820487727e+04 1.468710547051945468e+04 1.971027722533099586e+04 1.953247823260176665e+04 1.910630379410511159e+04 1.917654618996783029e+04 2.808841664676717483e+04 2.507776984277338124e+04 1.475008317271145279e+04 1.519632002697681310e+04 1.929047458921331054e+04 2.321013934354535741e+04 1.880746964238278451e+04 2.247927489166935629e+04 1.294696310097932474e+04 2.650943986545864027e+04 2.320129031531561850e+04 1.995947286615908524e+04 2.620293617354158414e+04 1.845619503893871297e+04 1.907686930229141217e+04 2.066759940546110010e+04 2.254238447836877822e+04 3.587753872206970118e+04 1.952130270749698320e+04 2.238022631926928443e+04 2.365347809212866559e+04 2.221453427858935174e+04 1.697881514628578952e+04 1.749753164558225035e+04 2.045584666109418686e+04 1.594326156839095711e+04 2.231513998735789210e+04 2.489316562978134607e+04 2.006517245258446201e+04 1.611799531652277619e+04 2.184718167610802629e+04 2.379864815347401236e+04 2.694894313092903394e+04 1.441416008146300737e+04 2.257866255531363277e+04 2.413167890214333602e+04 1.859797882175647101e+04 1.442507964189314589e+04 2.059415018022247386e+04 1.968485614712557799e+04 3.170765833260562067e+04 1.507070582872156047e+04 2.381840510311651087e+04
3.176470588235293917e+02 1.631581237469396910e+04 1.563313800443127911e+04 1.846143194880948431e+04 1.844760113014938543e+04 2.238166522307732157e+04 1.953676095779754178e+04 1.904676298700635016e+04 2.056126418711755468e+04 1.203526370066253912e+04 1.217584157990576023e+04 2.359170628233114257e+04 1.204596133731961345e+04 1.234146541346983759e+04 1.329534655787662450e+04 1.330835548221192948e+04 1.958254496143256620e+04 1.946952461657379172e+04 1.225338717929374434e+04 1.225116441196116284e+04 2.543282102272965494e+04 2.322623868597519686e+04 2.313735163902608474e+04 2.319163406026158918e+04 2.041758185676222638e+04 2.426432720644841538e+04 1.305409961132970420e+04 1.726166368299836540e+04 1.805997705567557568e+04 1.769701030747229379e+04 1.731785124399937195e+04 2.590888360680369078e+04 2.282478530352848611e+04 1.332794536422286910e+04 1.354948863795846228e+04 1.715304771090829308e+04 2.141012501491178045e+04 1.670557009053736328e+04 2.066601429439038111e+04 1.145882746004159162e+04 2.482895920148721052e+04 2.142493179522581704e+04 1.743412192608382611e+04 2.313077141975863924e+04 1.637385143942475770e+04 1.700238678737308874e+04 1.864733400734799579e+04 2.111325300678565327e+04 3.418868642840380926e+04 1.798184936592978920e+04 2.099782110107319750e+04 2.170330875433329857e+04 2.074710208217463514e+04 1.524422501039835697e+04 1.562692736982727729e+04 1.865337721331673310e+04 1.443046061738039134e+04 2.049237938666165064e+04 2.280946710267627350e+04 1.835478739035729086e+04 1.463199668064331127e+04 2.043953549801006375e+04 2.243673245061194757e+04 2.545991248460936913e+04 1.254138049010857867e+04 2.032702970256404296e+04 2.162722120884744800e+04 1.649365995595776258e+04 1.255220165394191281e+04 1.857743013988996609e+04 1.835717172885097898e+04 2.953657263981842334e+04 1.353030519338757404e+04 2.166169444905976343e+04
3.185294117647058556e+02 1.476899051747432532e+04 1.434246068496474254e+04 1.673416942945226401e+04 1.671790068764451280e+04 2.017710756441711055e+04 1.747749689126719022e+04 1.728692249470560637e+04 1.873501355290822175e+04 1.077551482291224784e+04 1.090853765227204713e+04 2.136514600149511534e+04 1.078279389551528766e+04 1.106050395129333992e+04 1.200872475018600198e+04 1.202072981248572432e+04 1.808736622690324657e+04 1.795074229234244922e+04 1.097798207953900419e+04 1.097665726961927248e+04 2.267608128002749436e+04 2.140097638156139510e+04 2.129780291406558172e+04 2.136152084944096350e+04 1.825864370682589652e+04 2.240962999414001752e+04 1.154165818934560230e+04 1.508387925955583341e+04 1.659168465958104935e+04 1.628917756977405952e+04 1.554484161121226680e+04 2.372452757914187532e+04 2.063700858658146171e+04 1.198765518771897405e+04 1.201528125985603037e+04 1.516778623491711187e+04 1.960860781587595557e+04 1.475849144360511127e+04 1.886892759451680104e+04 1.014534532351859161e+04 2.308905167311563127e+04 1.964340992974673281e+04 1.517046336596991205e+04 2.030329153357759424e+04 1.444966468301559507e+04 1.507116417921973334e+04 1.672031970026654017e+04 1.964572150138309007e+04 3.233597816531550779e+04 1.646679745358345099e+04 1.957031042728372631e+04 1.977952392616463112e+04 1.924582714904329259e+04 1.361630834424797649e+04 1.388876168390193743e+04 1.691225580167200314e+04 1.299567713730489049e+04 1.870632031022282172e+04 2.077983296727751440e+04 1.668215416662425923e+04 1.320638846809913957e+04 1.900051760991383708e+04 2.100257458851581760e+04 2.388589221394044216e+04 1.089744172499532033e+04 1.820043282244535658e+04 1.925996026210043783e+04 1.455144298151744624e+04 1.090722871996974936e+04 1.666510027914822058e+04 1.702609009897285068e+04 2.731421882290254871e+04 1.213404983605575035e+04 1.958047827213743949e+04
3.194117647058823195e+02 1.329852005205562455e+04 1.309037251813018156e+04 1.507628062181970381e+04 1.505804817162224026e+04 1.807529884692811174e+04 1.556224888566542177e+04 1.560146093139002369e+04 1.696889908131549237e+04 9.614142991569318838e+03 9.738240624341253351e+03 1.923868950833605049e+04 9.618734927598537979e+03 9.876905184270584869e+03 1.080395261364492762e+04 1.081485260024861782e+04 1.661035277773689450e+04 1.645449295148409146e+04 9.800333570799590234e+03 9.799697477583758882e+03 2.010290133465639155e+04 1.958065810089990555e+04 1.946703277500883269e+04 1.953780095954225180e+04 1.622940684811899519e+04 2.054944556801854924e+04 1.016098010244970465e+04 1.317017556862660422e+04 1.515285308903695113e+04 1.490662432504512071e+04 1.387819524787987757e+04 2.157309839203205775e+04 1.854401410052680149e+04 1.074230802848007806e+04 1.060660775802744683e+04 1.334916132017210475e+04 1.783752148813171152e+04 1.297953212521455316e+04 1.711732236737821586e+04 9.000434252900002321e+03 2.132430770598332674e+04 1.788870998307949048e+04 1.316862426614623473e+04 1.773543755158133717e+04 1.269617709665034636e+04 1.329684065440109225e+04 1.490942933400601032e+04 1.816434971827561094e+04 3.036112050480593825e+04 1.499926786082384751e+04 1.812572719222605883e+04 1.791109849950391072e+04 1.773861947479895753e+04 1.211028669576732318e+04 1.229617405015984150e+04 1.525414555976620431e+04 1.165410546259566036e+04 1.698163566474334584e+04 1.882855309862190188e+04 1.507216631669045819e+04 1.185923444427324830e+04 1.755701461042337542e+04 1.952654838060785187e+04 2.225941475160311165e+04 9.475618380594478367e+03 1.621934657954624709e+04 1.705468049279584011e+04 1.278341393032659835e+04 9.483684775003897812e+03 1.487535480248642671e+04 1.571226774969405960e+04 2.508234477804619382e+04 1.088312059939234314e+04 1.759983239273672370e+04
3.202941176470588402e+02 1.192003331555234035e+04 1.189219304123561233e+04 1.350811000265102666e+04 1.348830441216354666e+04 1.609932399682838150e+04 1.380249314158652305e+04 1.400898298716351201e+04 1.528480005663582597e+04 8.558791271486450569e+03 8.672962427672609920e+03 1.723392891295608933e+04 8.561277109042022857e+03 8.798488711977079220e+03 9.691027721289376132e+03 9.700771702783087676e+03 1.517268938176327174e+04 1.500191981135640890e+04 8.728280604897949161e+03 8.728175822552109821e+03 1.773415365927339008e+04 1.779664414984770337e+04 1.767617930882588189e+04 1.775176295516626851e+04 1.434895242865797263e+04 1.871665654011636434e+04 8.918629405121002492e+03 1.150894106458461101e+04 1.376546077449106633e+04 1.357041751916915564e+04 1.233334607200879145e+04 1.948740881219563380e+04 1.656978792196407812e+04 9.601253274438544395e+03 9.331690374889660234e+03 1.170551961145206405e+04 1.612459090621828545e+04 1.137599113073948502e+04 1.543619657769972400e+04 8.015550681457436440e+03 1.956678647705274852e+04 1.618872819028148297e+04 1.142260931910459112e+04 1.543370048282033167e+04 1.111998903727190373e+04 1.168746526909832937e+04 1.323184362791429157e+04 1.669234280949990716e+04 2.830577015465071236e+04 1.359862489264540636e+04 1.668995970073986246e+04 1.612240270430447526e+04 1.625092391487544410e+04 1.073644912019004187e+04 1.085701083212561207e+04 1.369638210311401053e+04 1.041695913291481156e+04 1.533898838751728181e+04 1.697593244997453075e+04 1.354536953257292589e+04 1.060470960124616613e+04 1.613346322725102254e+04 1.803739483762955570e+04 2.061150354907338988e+04 8.265337145080304253e+03 1.439819438673457080e+04 1.502893677107258918e+04 1.119568171589283156e+04 8.271218791456376493e+03 1.322110500179419978e+04 1.443415599795739945e+04 2.287901583383334946e+04 9.775415061229281491e+03 1.573946706170019388e+04
3.211764705882353041e+02 1.064522024848246474e+04 1.076060792599366141e+04 1.204546935737682361e+04 1.202439587363139617e+04 1.426623097466825311e+04 1.220451197969539498e+04 1.252380339321559950e+04 1.370017203464854356e+04 7.613757868050827710e+03 7.717347930733277281e+03 1.536687171455371572e+04 7.614576562675921195e+03 7.829753019895327270e+03 8.676782723921278375e+03 8.685363832190707399e+03 1.379280355691692057e+04 1.361127429214934818e+04 7.766322987686339729e+03 7.766637449784427190e+03 1.558288324673420357e+04 1.607593975741732720e+04 1.595193445778538990e+04 1.603030620807986816e+04 1.263007719786931739e+04 1.693992303036679368e+04 7.816987239996230528e+03 1.008489745239410695e+04 1.244787445318056052e+04 1.229846633090564501e+04 1.092070559576795677e+04 1.749487140673235263e+04 1.473263854563145469e+04 8.570291848054683214e+03 8.194457000160553434e+03 1.023972629194159163e+04 1.449290947463203520e+04 9.949831406970290118e+03 1.384594435991731916e+04 7.180312818867682836e+03 1.784522224963503686e+04 1.456682456818295032e+04 9.921499247413679768e+03 1.339723920945488680e+04 9.722441629098218982e+03 1.024607309163411810e+04 1.169925582725405002e+04 1.525090724533456523e+04 2.621013586280741220e+04 1.228032884818855564e+04 1.528612417252531668e+04 1.443301894215562788e+04 1.480517619085901788e+04 9.500519343346220921e+03 9.574353546263660974e+03 1.225199212510364850e+04 9.291633317465244545e+03 1.379490115952129418e+04 1.523820407877384605e+04 1.211784295905776708e+04 9.453114965348484475e+03 1.475131433171014214e+04 1.656143137904727337e+04 1.897082603669748642e+04 7.253131249411964745e+03 1.274576799362787642e+04 1.319351610846210860e+04 9.789087955911170866e+03 7.256556604190099279e+03 1.171035474059985063e+04 1.320769913356242978e+04 2.073773952776788792e+04 8.806151806726114955e+03 1.401386083063018123e+04
3.220588235294117680e+02 9.481944193843071844e+03 9.705574001339888127e+03 1.069968758783896919e+04 1.067756831018847151e+04 1.258733166757816070e+04 1.076999134006777240e+04 1.115607456866766370e+04 1.222808001736066763e+04 6.780318034559565604e+03 6.872987213030311977e+03 1.364824180706115112e+04 6.779779269958819896e+03 6.972191347641522043e+03 7.765095005131734979e+03 7.772543079528883027e+03 1.248608642402537771e+04 1.229765701758940304e+04 6.915936241572258041e+03 6.916595994126574624e+03 1.365501665726057581e+04 1.444082357366770702e+04 1.431619737196735150e+04 1.439557845830099541e+04 1.107977624495097734e+04 1.524323736290525994e+04 6.854788783472879913e+03 8.880182034876017497e+03 1.121469310945464349e+04 1.110528939630483546e+04 9.646042608726624167e+03 1.561731019855168961e+04 1.304534296077762519e+04 7.651972753402620583e+03 7.195035258963597698e+03 8.949912463951679456e+03 1.296075919710168819e+04 8.698436948504127940e+03 1.236228007729979072e+04 6.483057280152397652e+03 1.618445122286539117e+04 1.304161604395510221e+04 8.650598943944663915e+03 1.161908124240871257e+04 8.500384110450919252e+03 8.971359176103525897e+03 1.031825519043422537e+04 1.385875281308572812e+04 2.411178697877256491e+04 1.105595990692001942e+04 1.393412225731658873e+04 1.285776897932067186e+04 1.342043881921800130e+04 8.404133004040115338e+03 8.447136918642810997e+03 1.092985519022633343e+04 8.281985677702494286e+03 1.236178166708983736e+04 1.362757037237501027e+04 1.080127026320376353e+04 8.411038219486210437e+03 1.342868203183240257e+04 1.512195436273712767e+04 1.736303126768887887e+04 6.423496559720243567e+03 1.126578397791331372e+04 1.155308914604281563e+04 8.559996007609684966e+03 6.424357473386412494e+03 1.034669501116911670e+04 1.204614860036393111e+04 1.868688309034775375e+04 7.968446746994196474e+03 1.243256365925073442e+04
3.229411764705882320e+02 8.434482445910736715e+03 8.734326683641174895e+03 9.477828358722734265e+03 9.454810488821240142e+03 1.106867597840982489e+04 9.496684354742988944e+03 9.912039315382036875e+03 1.087738320993970592e+04 6.057101481960597084e+03 6.138786459967641349e+03 1.208392718278080065e+04 6.055401762855887682e+03 6.224662465945352778e+03 6.957164348937680188e+03 6.963538956893630711e+03 1.126474682552936429e+04 1.107289625038041413e+04 6.175942540893512160e+03 6.176904285900840478e+03 1.195022712699576550e+04 1.290871289163417714e+04 1.278596506764329934e+04 1.286484924817670799e+04 9.699874792345175592e+03 1.364572095934728713e+04 6.027703968210641506e+03 7.875293419028545941e+03 1.007675529341504989e+04 1.000193876968268887e+04 8.510976157560053252e+03 1.387101660594259920e+04 1.151548471430796599e+04 6.845957295242014879e+03 6.330305849749637673e+03 7.830272157379185046e+03 1.154164449873492413e+04 7.615409317046292017e+03 1.099635175189828260e+04 5.911318362238338523e+03 1.460505907373620175e+04 1.162698584768737055e+04 7.592493450241305254e+03 1.008733548489438363e+04 7.446973755874538256e+03 7.858397573945172553e+03 9.090841643082496375e+03 1.253174666646742844e+04 2.204469961214992873e+04 9.933384420457936358e+03 1.265037784481117706e+04 1.140691649116264489e+04 1.211220952901825513e+04 7.445382385665418042e+03 7.470809197387412496e+03 9.734981281248663436e+03 7.388700180731855653e+03 1.104807806992536462e+04 1.215235417362433873e+04 9.603164618697457627e+03 7.481628330295495289e+03 1.218016763706648271e+04 1.373883501158567924e+04 1.581027704802776134e+04 5.759633288386136883e+03 9.957526579364597637e+03 1.010698447744822988e+04 7.501108618745000967e+03 5.757957007889995111e+03 9.129874433433034937e+03 1.095998480152902084e+04 1.674937074048337672e+04 7.253839640470136146e+03 1.100062707611617225e+04
3.238235294117646959e+02 7.503863353907320743e+03 7.851475408842587058e+03 8.383039486026507802e+03 8.359205971982368283e+03 9.711648435803544999e+03 8.379100419311123915e+03 8.794378692545666127e+03 9.653039202352209031e+03 5.440497111428468997e+03 5.511369161248821001e+03 1.067552997586431957e+04 5.437737710984843034e+03 5.583788463093195787e+03 6.251834839337267113e+03 6.257218449585639974e+03 1.013778906115470454e+04 9.945551720992447372e+03 5.542910075140552181e+03 5.544153811077418140e+03 1.046289002360594168e+04 1.149223715575903952e+04 1.137342865171152516e+04 1.145059179916795256e+04 8.487753291829496447e+03 1.216163886331253343e+04 5.328926996633627823e+03 7.049888320407811989e+03 9.041283682657802274e+03 8.996063040423210623e+03 7.513540426865208246e+03 1.226700671821350625e+04 1.014593753211055264e+04 6.149422647938961745e+03 5.594478384287469453e+03 6.871863169423235377e+03 1.024450595824813900e+04 6.691361802092361359e+03 9.755009273828851292e+03 5.452226268347309087e+03 1.312323644614776640e+04 1.033227368392539029e+04 6.727984253536465076e+03 8.786358308695431333e+03 6.552466377523354822e+03 6.899365487930052041e+03 8.015026878153464168e+03 1.128271538824387972e+04 2.003855685345503662e+04 8.917031096103290110e+03 1.144773872338318142e+04 1.008650528819761530e+04 1.089238574897238323e+04 6.619394954723150477e+03 6.637999577025584585e+03 8.668875180942841325e+03 6.609704085251688412e+03 9.858542890043290754e+03 1.081724185393215703e+04 8.527213331363374891e+03 6.664954337417189890e+03 1.101683803508292658e+04 1.242830076975457268e+04 1.433094483188549020e+04 5.244067465237082615e+03 8.816532434458502394e+03 8.850030575116019463e+03 6.602271251845491861e+03 5.239990922553253768e+03 8.056405775900279878e+03 9.956934392505390861e+03 1.494263429704390910e+04 6.652757242172940096e+03 9.719120247239938180e+03
3.247058823529411598e+02 6.688267431947722798e+03 7.059171344982321898e+03 7.414996180615759840e+03 7.390378817674376478e+03 8.513638023237806919e+03 7.409182240889022978e+03 7.802625019642297957e+03 8.556496290243994736e+03 4.925061145144445618e+03 4.985483194138304498e+03 9.420974912428036987e+03 4.921266959398310064e+03 5.044356419296661443e+03 5.645938475690390078e+03 5.650430170964837998e+03 9.111100563594020059e+03 8.921028291946038735e+03 5.011557165301909663e+03 5.013079394179550036e+03 9.183067931822361061e+03 1.019948405754809028e+04 1.008623939179139961e+04 1.016073537408204902e+04 7.437115531632484817e+03 1.080059692833295230e+04 4.749746160315494308e+03 6.383430717371638821e+03 8.112136783848941377e+03 8.092083346787627306e+03 6.648784058545858898e+03 1.081143686118325968e+04 8.935447304032320972e+03 5.557480055222905321e+03 4.979659264014783730e+03 6.063376025313204991e+03 9.074074537780643368e+03 5.914675395238654346e+03 8.641189246467954945e+03 5.092827438984307264e+03 1.175081891795961565e+04 9.162609246952706599e+03 6.036891432736969364e+03 7.697830994076965908e+03 5.804964057797878013e+03 6.084236933072375905e+03 7.085480631525604622e+03 1.012138484227177469e+04 1.811830016713748410e+04 8.008244804442795612e+03 1.033552224840886083e+04 8.898796820516479784e+03 9.769360992973561224e+03 5.918913613538943537e+03 5.939161667413129180e+03 7.729959770340034083e+03 5.940609541907874700e+03 8.794575801330949616e+03 9.623594538326007751e+03 7.573705388244527967e+03 5.958417714120569144e+03 9.946336732596941147e+03 1.120288229924740699e+04 1.293952865696565823e+04 4.859155277861366812e+03 7.835280490279237711e+03 7.773412133839137823e+03 5.851228445103880404e+03 4.852901844322188481e+03 7.120177038389175323e+03 9.042069078945440197e+03 1.327878217242359824e+04 6.154908080851661907e+03 8.585694475450136451e+03
3.255882352941176805e+02 5.983466573184491608e+03 6.357331792080576633e+03 6.570402720577294531e+03 6.544996443389853084e+03 7.468739807486297650e+03 6.576947079903990016e+03 6.933613956676712405e+03 7.586144451864699477e+03 4.503911470476989962e+03 4.554396424000277875e+03 8.315141102045161460e+03 4.499049885337403794e+03 4.599707155449732454e+03 5.134643438310719830e+03 5.138353227438908107e+03 8.187633008664148292e+03 8.001782201745969360e+03 4.575143928910993054e+03 4.576951488419053021e+03 8.097479680077126432e+03 9.034380960797907392e+03 8.927907308969752194e+03 8.999053305249506593e+03 6.538759983564887989e+03 9.567885918716374363e+03 4.280074032792464095e+03 5.855703926012325610e+03 7.290141086075573185e+03 7.291458983867542884e+03 5.909373022924945872e+03 9.506133296374737256e+03 7.879272405309295209e+03 5.063588692903675110e+03 4.476389343108730827e+03 5.391844842451850127e+03 8.031328233159216325e+03 5.272193337989184329e+03 7.654382442643808645e+03 4.820335732114963321e+03 1.049548509728632962e+04 8.119352394825528791e+03 5.498719904871936706e+03 6.801721510035445135e+03 5.191098107023713055e+03 5.401423177326859332e+03 6.294187256392318886e+03 9.054440797424400444e+03 1.630392104407212537e+04 7.205690373922119761e+03 9.319682701278392415e+03 7.842768717970135185e+03 8.748233240821306026e+03 5.334856492562462336e+03 5.363172723921516081e+03 6.914034127384769818e+03 5.375158214778801266e+03 7.854623874320343020e+03 8.569812351524411497e+03 6.740010697745601647e+03 5.357192482456552170e+03 8.973101490439337795e+03 1.007150643915950059e+04 1.164667996849586052e+04 4.587480282185129909e+03 7.003858399841931714e+03 6.865502871410695661e+03 5.234311640745981094e+03 4.579339331236616090e+03 6.313040664525507964e+03 8.217971250006541595e+03 1.176494689377615578e+04 5.749610428795680491e+03 7.595164487670360359e+03
3.264705882352941444e+02 5.383276069477115925e+03 5.743904644856759660e+03 5.843520490703806900e+03 5.817297727483144627e+03 6.568451593779833274e+03 5.871071318662440717e+03 6.181950933528860332e+03 6.737796432329385425e+03 4.169094931146652925e+03 4.210266647540594931e+03 7.350486333305953849e+03 4.163093839241849309e+03 4.242097675591106054e+03 4.711792158946977906e+03 4.714835924129336490e+03 7.367657286802125782e+03 7.187598131735880997e+03 4.225838143213714829e+03 4.227942854088753847e+03 7.190413751639696784e+03 7.997171998874934616e+03 7.898290631423961713e+03 7.965643953236633934e+03 5.781318888896043063e+03 8.464933486295818511e+03 3.908923948700369692e+03 5.447200040446704406e+03 6.573475374039435337e+03 6.593015981594286131e+03 5.286170825786278328e+03 8.349191662348830505e+03 6.969841715963175375e+03 4.659949992839107836e+03 4.074134607589156076e+03 4.843281954641990524e+03 7.114012937648750267e+03 4.749837700995904015e+03 6.791148618327069016e+03 4.622324384811898199e+03 9.361079130911375614e+03 7.200600456042072437e+03 5.093194684342408436e+03 6.077113895943788521e+03 4.696632006944774730e+03 4.838342965733188066e+03 5.631083193703206234e+03 8.085690738341037104e+03 1.461046746863436783e+04 6.505779476289801096e+03 8.403072788135157680e+03 6.914643905615046606e+03 7.831095206249226976e+03 4.856837658245233797e+03 4.897873169449761917e+03 6.214743427768050424e+03 4.905650527771133056e+03 7.034614458781960820e+03 7.651728740235877922e+03 6.021080997262790333e+03 4.854669609673850573e+03 8.098662663034154320e+03 9.039704859041119562e+03 1.045938460509513970e+04 4.412156727285404486e+03 6.310583999194675926e+03 6.112642387712488016e+03 4.737043508457260941e+03 4.402465672870014714e+03 5.625361538821697650e+03 7.484951293926639664e+03 1.040376489392472831e+04 5.426058771887045623e+03 6.740079975344423474e+03
3.273529411764706083e+02 4.879999685141046939e+03 5.215158226291619940e+03 5.226695511131912099e+03 5.199619977758752611e+03 5.802337254053253673e+03 5.279407795819778585e+03 5.540472345626360948e+03 6.005175861288919805e+03 3.911919893062210576e+03 3.944478153383836798e+03 6.517639921956013495e+03 3.904684362154723658e+03 3.963030056496555062e+03 4.370219587970022076e+03 4.372714760847710750e+03 6.649073384109476137e+03 6.475917784078691511e+03 3.955047416154439361e+03 3.957461686316211853e+03 6.444560454931766799e+03 7.084954296247493403e+03 6.994141834402832501e+03 7.057471015513838211e+03 5.151941176187749079e+03 7.489826035889778723e+03 3.624825458560405423e+03 5.139405022131676560e+03 5.958083109212449017e+03 5.993315728675182982e+03 4.768777593261293077e+03 7.335609034310969946e+03 6.197401381834536551e+03 4.337872509285412889e+03 3.761720633736246782e+03 4.403227057219242852e+03 6.317194508063236754e+03 4.333140031943701615e+03 6.045649965781287392e+03 4.486870760912264814e+03 8.348025262519930038e+03 6.401731109406428914e+03 4.800677259033540395e+03 5.502901683529054935e+03 4.306977942536091177e+03 4.381914586139517269e+03 5.084653890205887365e+03 7.216304864568984158e+03 1.304823375019752893e+04 5.903099931907714563e+03 7.585775474117378508e+03 6.108421281308827929e+03 7.017383727715192435e+03 4.473637792588035154e+03 4.530539212407229570e+03 5.624042637456106604e+03 4.523347105787219334e+03 6.328401180353575910e+03 6.863020776194446626e+03 5.409948664776624355e+03 4.442887828196586270e+03 7.321996602473775965e+03 8.109913840343272568e+03 9.381243658326271543e+03 4.317054496303783708e+03 5.742568219202591536e+03 5.499837083569450442e+03 4.344653268658885281e+03 4.306183191244757836e+03 5.046510968608499752e+03 6.841302022489158844e+03 9.193947986676917935e+03 5.173537116057434105e+03 6.011267221619790689e+03
3.282352941176470722e+02 4.464852453854178748e+03 4.765983015272575358e+03 4.710864162769084032e+03 4.682903260156591386e+03 5.158636208856824851e+03 4.789430460771483922e+03 5.000686069821394995e+03 5.380392775223332137e+03 3.723250492392633078e+03 3.747940485401564729e+03 5.805947855651164900e+03 3.714677571526064639e+03 3.753542842723626109e+03 4.102045018137981970e+03 4.104107067721727617e+03 6.027756317011728243e+03 5.862200523263880314e+03 3.753713892260469038e+03 3.756447177949832621e+03 5.841746030819866974e+03 6.292241183224813540e+03 6.209676248194023174e+03 6.268928591478425005e+03 4.636902218083391745e+03 6.637867577898299714e+03 3.416176540734311857e+03 4.914998344126169286e+03 5.438092300946420437e+03 5.487042785143650690e+03 4.346015433380692230e+03 6.457915660412525540e+03 5.550624906886291683e+03 4.088101430421704663e+03 3.527706284498452987e+03 4.057207816131044638e+03 5.633813544224386533e+03 4.007684286390261150e+03 5.410178376620274321e+03 4.402664864701241640e+03 7.453801965085210213e+03 5.715951168827651600e+03 4.602478044741092162e+03 5.058348689918437231e+03 4.007626248197857421e+03 4.018967546615456740e+03 4.642474810745652576e+03 6.445114762406965383e+03 1.162309759536762795e+04 5.390830675401868575e+03 6.865481165848516866e+03 5.416386977202635535e+03 6.304264276027931373e+03 4.173618030499250381e+03 4.248285661179500494e+03 5.132639547413677974e+03 4.218833931040335301e+03 5.728205993300858609e+03 6.195619803695135488e+03 4.898204734962717339e+03 4.112937100487466523e+03 6.639911754982616912e+03 7.281836769378868667e+03 8.412832702448711643e+03 4.286961302901957424e+03 5.286212094942588010e+03 5.011373011948419844e+03 4.042502685186311282e+03 4.275298334386347051e+03 4.565299449993757662e+03 6.283576971183966634e+03 8.130905071666144067e+03 4.981588376910373881e+03 5.398326817770082926e+03
3.291176470588235361e+02 4.128349641501091355e+03 4.390193758741750571e+03 4.286021048630335827e+03 4.257156408481545441e+03 4.624805455783437537e+03 4.388605642753144821e+03 4.553179611605585706e+03 4.854391708523829948e+03 3.593761704960185853e+03 3.611348382571765342e+03 5.203958962788566168e+03 3.583753105893895281e+03 3.604464199297282903e+03 3.898934369569061801e+03 3.900673882101961681e+03 5.497920537248355686e+03 5.340298205846941528e+03 3.612570399484710379e+03 3.615626608826400116e+03 5.363560508369202580e+03 5.611523884135304797e+03 5.537136418508885981e+03 5.592404146648164897e+03 4.222131362153667396e+03 5.902145451582880014e+03 3.271534356367387318e+03 4.757984628667895777e+03 5.006226282820929555e+03 5.067394459783075945e+03 4.006352347462232501e+03 5.706780640467220110e+03 5.017169584411090000e+03 3.901109507635344471e+03 3.360696756588480639e+03 3.791113936961329728e+03 5.055219833296907382e+03 3.759464829637248840e+03 4.875657185541535000e+03 4.359091285069559490e+03 6.673446563050319128e+03 5.134828475257527316e+03 4.481081447834387291e+03 4.723526982507136381e+03 3.784491516986801344e+03 3.736576292363581160e+03 4.291687540463417463e+03 5.768948578761229328e+03 1.033696780950299944e+04 4.961130199817284847e+03 6.237888801464094286e+03 4.829589925201867118e+03 5.687030167369296578e+03 3.945074811900383338e+03 4.038400553314358149e+03 4.730406140161934673e+03 3.982346696732538476e+03 5.225043394457045906e+03 5.640110932317696097e+03 4.476442107883656718e+03 3.855325463849354037e+03 6.047447197979027806e+03 6.552844382014082839e+03 7.552111600305421234e+03 4.307696406463075618e+03 4.927635239872060993e+03 4.631335909878910570e+03 3.816427005049066793e+03 4.295637079697056834e+03 4.170345325434056576e+03 5.806880991526341859e+03 7.207379663020744374e+03 4.840148955254937391e+03 4.890078476937972482e+03
3.300000000000000000e+02 3.860654823003080764e+03 4.080822097398430742e+03 3.941638356275860133e+03 3.911874246065905481e+03 4.187986627794764900e+03 4.064693300834266211e+03 4.187988380836443866e+03 4.417361395575828283e+03 3.514157063286982066e+03 3.525404320999482479e+03 4.699846593753651177e+03 3.502629544918086140e+03 3.506628334201480357e+03 3.752331734010503624e+03 3.753852211069516216e+03 5.052487478714733697e+03 4.902828892352719777e+03 3.522359619406426191e+03 3.525735344025827089e+03 4.991878222674711651e+03 5.033809507792375371e+03 4.967329973703333053e+03 5.018816872712405711e+03 3.893653609926197987e+03 5.274079170470817189e+03 3.179848601437796333e+03 4.653773099678036488e+03 4.654192476733798685e+03 4.726458197538392596e+03 3.738262025709213958e+03 5.071572150907612922e+03 4.584167998264303606e+03 3.767349391138561714e+03 3.249598887534465575e+03 3.591490346633996069e+03 4.571669289154030594e+03 3.575165675394156096e+03 4.432103189599639336e+03 4.346292414611234562e+03 6.000064433743825248e+03 4.648788818841624561e+03 4.420299661735160953e+03 4.479644951444814978e+03 3.624181999179500508e+03 3.522321798922308517e+03 4.019406540305696581e+03 5.182984044188417101e+03 9.188304921532628214e+03 4.605490228511908754e+03 5.697111990689004415e+03 4.338270614404956177e+03 5.159499022096120825e+03 3.776536186731445468e+03 3.888615589694476512e+03 4.406750811922004686e+03 3.804052545057451425e+03 4.809116377891862612e+03 5.186111666944082572e+03 4.134654724187909778e+03 3.660303643889928026e+03 5.538267123961330981e+03 5.918390881749740402e+03 6.794861268947131975e+03 4.366188321189873022e+03 4.653037078125190419e+03 4.344039427847866136e+03 3.652998211173427535e+03 4.354123974624952098e+03 3.850380377610576943e+03 5.405162804251582202e+03 6.414073714319216378e+03 4.739656508219794887e+03 4.474948615033229544e+03
3.308823529411764639e+02 3.651882869328387642e+03 3.830392345370744351e+03 3.667030527798692674e+03 3.636399780118410945e+03 3.835396211434627276e+03 3.805983594073103632e+03 3.894919403349994809e+03 4.059099250056029177e+03 3.475351879241943152e+03 3.481006264441060466e+03 4.281764103937573964e+03 3.462245319375363579e+03 3.451058039597640345e+03 3.653660947252645201e+03 3.655057155260444688e+03 4.683442934395505290e+03 4.541536696419760119e+03 3.474018955170957270e+03 3.477702475403348672e+03 4.709274850042503203e+03 4.549118452543434614e+03 4.490124905672868408e+03 4.538114714835545783e+03 3.637947074857958796e+03 4.743933621214526283e+03 3.130643714499908583e+03 4.589217519921767234e+03 4.373040426171579384e+03 4.455566376890186802e+03 3.530520003583187190e+03 4.540859151343462145e+03 4.238648759096065078e+03 3.677468298490472989e+03 3.183823694457346846e+03 3.445757284116415576e+03 4.172771389924207142e+03 3.442368926019435548e+03 4.069039523304348677e+03 4.355218353651671350e+03 5.425322062480074237e+03 4.247565652588054036e+03 4.405370165920749969e+03 4.309280673760153149e+03 3.514201057913795012e+03 3.364488746354968043e+03 3.813056621033986175e+03 4.681103098356164992e+03 8.172682031298621951e+03 4.315049917569777790e+03 5.236074807051523749e+03 3.932236941859294802e+03 4.714392801559671170e+03 3.657002726706864451e+03 3.787318286244752017e+03 4.150946991521524978e+03 3.674289518666886124e+03 4.470176510761360987e+03 4.822622761321489634e+03 3.862587557082201783e+03 3.518144885266937763e+03 5.105037798847974045e+03 5.372427102591638686e+03 6.135125724070285287e+03 4.450526211850802611e+03 4.448994631508820930e+03 4.134366886485185205e+03 3.539719418358412895e+03 4.438834705131835108e+03 3.594495611558322253e+03 5.071501394514302774e+03 5.740235010613630038e+03 4.671137384459642817e+03 4.141299830725037282e+03
3.317647058823529278e+02 3.492356546186603282e+03 3.631174379576950741e+03 3.451661787974536310e+03 3.420229427868309813e+03 3.554640685768089043e+03 3.601475613965976663e+03 3.663829151544607157e+03 3.769327087171036965e+03 3.468625599077421157e+03 3.469404134007795619e+03 3.938135898970715516e+03 3.453908782253303798e+03 3.429116805050035509e+03 3.594498888420760977e+03 3.595855713519923938e+03 4.382173850480950932e+03 4.247627674479618690e+03 3.458834655091302920e+03 3.462805607069044072e+03 4.499348814941006822e+03 4.146929704065865735e+03 4.094891072959980193e+03 4.139718815275956331e+03 3.442220972780089596e+03 4.301283458871977018e+03 3.114156392004961162e+03 4.552626897499058032e+03 4.153483176866087888e+03 4.245620974285089687e+03 3.372439277030993253e+03 4.102847118101935848e+03 3.967885532466302720e+03 3.622487383180719007e+03 3.153442305548427612e+03 3.342366293710126229e+03 3.847880126738312356e+03 3.349701561987125388e+03 3.775854000015324800e+03 4.377666985333875346e+03 4.939907351590800317e+03 3.920594888996834470e+03 4.423009533539819131e+03 4.196535788363487882e+03 3.443089536080750804e+03 3.252207104493558290e+03 3.660643599617944346e+03 4.256234846613878290e+03 7.283354912112724378e+03 4.080868489932810917e+03 4.846884986079503506e+03 3.601184622960039178e+03 4.343691046076671228e+03 3.576137187372751214e+03 3.723712592575501276e+03 3.952415935845604508e+03 3.583765731789536403e+03 4.197843298577754467e+03 4.538346648102176914e+03 3.650035385444437452e+03 3.419380093938711980e+03 4.739777288647678688e+03 4.907795773560244015e+03 5.565641874156570339e+03 4.549992395656201552e+03 4.302702158742971733e+03 3.988034430300917847e+03 3.465160034360023928e+03 4.539029616289153637e+03 3.392332629993847149e+03 4.798379325883553975e+03 5.174191419052868696e+03 4.626278252683968276e+03 3.877704220746538795e+03
3.326470588235293917e+02 3.372817552576992057e+03 3.475409849511168886e+03 3.285397325260255457e+03 3.253261749181609503e+03 3.333961441487444517e+03 3.441005911911204294e+03 3.484855560207309736e+03 3.537957001919643062e+03 3.485746996182307612e+03 3.482328598188678370e+03 3.657888003030613618e+03 3.469421213266284667e+03 3.432634047542628650e+03 3.566722811660285060e+03 3.568114565805476104e+03 4.139776483324663786e+03 4.012074327889754841e+03 3.468568613300436937e+03 3.472798279826145063e+03 4.346956629234888169e+03 3.816567079063433994e+03 3.770881707104681027e+03 3.812908529721818468e+03 3.294621353645608906e+03 3.935420351843154549e+03 3.121435056778821945e+03 4.533754156878080721e+03 3.986178905647885585e+03 4.087383581707320900e+03 3.254050175861739262e+03 3.745745236545863918e+03 3.759676474259178576e+03 3.593948577937950631e+03 3.149301319009166491e+03 3.270901447991418991e+03 3.586425188836362850e+03 3.286929514646713869e+03 3.542101115278544057e+03 4.406315732984529859e+03 4.533945969334447000e+03 3.657351159759375605e+03 4.461433855782383034e+03 4.127124235667533867e+03 3.400518257285965774e+03 3.175546732168381368e+03 3.550963224924838414e+03 3.900676514970028165e+03 6.511817746149936283e+03 3.894156280451826660e+03 4.521175647709799705e+03 3.334962855977844356e+03 4.038949985316560287e+03 3.524407940599203357e+03 3.687934576443778496e+03 3.800963647734787628e+03 3.523720742604712086e+03 3.981880199347113830e+03 4.321970250991924331e+03 3.487090939129318031e+03 3.354989877900262400e+03 4.434170791144161740e+03 4.516597788765603582e+03 5.078243121446678742e+03 4.655080597620427397e+03 4.202158725056347066e+03 3.891784888755448264e+03 3.419040975595854434e+03 4.645172972902325455e+03 3.234226440780823850e+03 4.577937932982121310e+03 4.703821413438957279e+03 4.597485005834989352e+03 3.673164209731046867e+03
3.335294117647058556e+02 3.284593956617778076e+03 3.355509017600490097e+03 3.158700600433915042e+03 3.125992661484056953e+03 3.162416175500518420e+03 3.315333956524729274e+03 3.348606356376194981e+03 3.355308640048857797e+03 3.519075403852331874e+03 3.512095247309113802e+03 3.430623467498699938e+03 3.501176068509307697e+03 3.454006723456054715e+03 3.562633921913866288e+03 3.564123977795166411e+03 3.947330217262409860e+03 3.825883836063581384e+03 3.495561190507330593e+03 3.500013228764217729e+03 4.238373075818019061e+03 3.547523609791110175e+03 3.507552347577468026e+03 3.547144384632028505e+03 3.184372870086632247e+03 3.635698811349697280e+03 3.144407447975916057e+03 4.523767755116187800e+03 3.861971909552832585e+03 3.971728129845563217e+03 3.166230340287605031e+03 3.458065696828623913e+03 3.602558871386428109e+03 3.584031498762100000e+03 3.163103814904443880e+03 3.222134561222061620e+03 3.378183663869377597e+03 3.245007845998909488e+03 3.357748432194964607e+03 4.434745121355302217e+03 4.197366072767445075e+03 3.447625125300292439e+03 4.510353739846685130e+03 4.088408848803543606e+03 3.377338944874908975e+03 3.125573366735976833e+03 3.473754080403972239e+03 3.606385213794496394e+03 5.848324505843505904e+03 3.746465705969184455e+03 4.250409325906506638e+03 3.123787996293904598e+03 3.791583161971501795e+03 3.493191354466434404e+03 3.671129700992801645e+03 3.686973038949016427e+03 3.486052341957607950e+03 3.812426540946240493e+03 4.162411176085733132e+03 3.364344573730211323e+03 3.316556189008699675e+03 4.179847360744663092e+03 4.190521653783488546e+03 4.664226620295211433e+03 4.757502721462920817e+03 4.136309720917449340e+03 3.833522159879890751e+03 3.392278661524993367e+03 4.748940666148652781e+03 3.111306165455412156e+03 4.402210321640056463e+03 4.316955344955013970e+03 4.577930159460141113e+03 3.517285681015028786e+03
3.344117647058823195e+02 3.219727262197646269e+03 3.264217111474555168e+03 3.062781194851610053e+03 3.029661340010861750e+03 3.030004426649914421e+03 3.216191553623491927e+03 3.246306600884200634e+03 3.212280482708399177e+03 3.561640850320428854e+03 3.551687130430154866e+03 3.246748853074095678e+03 3.542237347150559344e+03 3.486279896633233875e+03 3.575059314398168681e+03 3.576700084873443302e+03 3.796133760913536662e+03 3.680327177975781979e+03 3.532812689552989013e+03 3.537444282727969039e+03 4.161386992071797977e+03 3.329724207727490466e+03 3.294818006572841114e+03 3.332329259701772571e+03 3.101865492060085217e+03 3.391820111967471803e+03 3.175921609758298018e+03 4.515209404988280767e+03 3.772093398267089924e+03 3.889855513547367991e+03 3.100790790850397570e+03 3.228859087504315085e+03 3.485965215380402242e+03 3.585643168446132222e+03 3.187461313133313979e+03 3.188042602877697846e+03 3.213494488543284206e+03 3.216094501950535687e+03 3.213369965000589218e+03 4.457453231667486762e+03 3.920207833896822194e+03 3.281743964212237188e+03 4.560949248337537028e+03 4.069396885152346385e+03 3.365600991444140163e+03 3.094373431741831155e+03 3.419800999453165787e+03 3.365235341714354490e+03 5.282362313223293313e+03 3.629844517160236592e+03 4.026140649509156901e+03 2.958409626890918844e+03 3.593101535125742430e+03 3.474838090725332222e+03 3.665497364719974485e+03 3.601553697708107848e+03 3.463411714979856697e+03 3.680186062974383276e+03 4.049026749832396490e+03 3.273039103453944335e+03 3.296377091906138958e+03 3.968615738800010149e+03 3.921131307524380190e+03 4.314677326946919493e+03 4.850185078821764364e+03 4.095147908230727808e+03 3.802395440523120214e+03 3.376995219648420516e+03 4.843217604666955594e+03 3.015559876594899833e+03 4.263329441625570325e+03 4.001706133074256286e+03 4.561588995229790271e+03 3.400408614060030231e+03
3.352941176470588402e+02 3.171062611073881271e+03 3.194749974643916175e+03 2.989698030017739256e+03 2.956351930524810996e+03 2.927745165669045946e+03 3.136302390200089576e+03 3.169908839422329493e+03 3.100478599289115209e+03 3.607204962471279941e+03 3.594817549540191067e+03 3.097558139069840763e+03 3.586398978029787941e+03 3.523208490079099647e+03 3.597434084730492941e+03 3.599267162118613669e+03 3.677901925880346880e+03 3.567128183328331488e+03 3.574045575542163988e+03 3.578808805814977404e+03 4.105343178529954457e+03 3.153729465774591063e+03 3.123251473576609897e+03 3.159010694091685309e+03 3.038694669499681822e+03 3.194055927004815658e+03 3.209764570766214547e+03 4.501939657333320611e+03 3.708323554486938519e+03 3.833470652809506191e+03 3.050524372781165766e+03 3.047891277591823382e+03 3.400328018145962233e+03 3.592482824672429615e+03 3.215921173759006706e+03 3.161794425764713651e+03 3.083419953827605241e+03 3.193534827442411824e+03 3.100290784079392324e+03 4.469859690231061904e+03 3.692877168910834371e+03 3.150738683173013669e+03 4.605828939408411316e+03 4.060703491798356936e+03 3.358540264914213822e+03 3.075053742176618471e+03 3.380995561226558948e+03 3.169239366422030344e+03 4.803067445591863361e+03 3.536954043361190088e+03 3.840236224639843840e+03 2.830233919534960478e+03 3.435312731112916026e+03 3.462708029172064926e+03 3.664307647896117487e+03 3.536652256414097792e+03 3.449269979227021395e+03 3.576573754680684033e+03 3.971787110879048669e+03 3.205183688162407179e+03 3.287548214130890301e+03 3.792659008595719115e+03 3.700110327803166001e+03 4.020745373815509538e+03 4.927253952400386879e+03 4.069779295539821760e+03 3.788841941622936702e+03 3.366501673982467764e+03 4.922084423741958744e+03 2.939869235482904060e+03 4.153709363347820727e+03 3.746731655096290069e+03 4.543263877197021429e+03 3.313700687985148306e+03
3.361764705882353041e+02 3.132305981113316648e+03 3.140899597304571216e+03 2.932423378094576947e+03 2.899056311339406420e+03 2.847714263386842958e+03 3.069377132390357929e+03 3.112169833446237135e+03 3.012307183639381492e+03 3.650304309745292358e+03 3.635974792519435141e+03 2.975280371660659057e+03 3.628226898598933985e+03 3.559301531384481223e+03 3.623864821945076073e+03 3.625921370873953038e+03 3.584923118415713816e+03 3.478612987551352035e+03 3.613748925362971022e+03 3.618592358926372071e+03 4.061139640147853243e+03 3.010884889162773106e+03 2.984227383649157218e+03 3.018528724450224217e+03 2.987663343577701198e+03 3.033415901280225626e+03 3.240662343845660416e+03 4.479072315667200201e+03 3.663117370081677564e+03 3.794923140908589176e+03 3.009222127674413059e+03 2.905768335759570618e+03 3.337140359051290943e+03 3.599083648650303985e+03 3.242973374034467724e+03 3.137713057613179899e+03 2.979859239114823595e+03 3.171822379257245757e+03 3.010687306519051162e+03 4.468297632952937420e+03 3.506345425906482433e+03 3.046463361671560051e+03 4.638974973232082448e+03 4.054490458735471748e+03 3.350545524498844770e+03 3.061721631098689159e+03 3.350359861679500227e+03 3.010731034549438391e+03 4.399579458006590357e+03 3.461155767058082802e+03 3.685051744287422480e+03 2.731409752659883907e+03 3.310480793887147684e+03 3.451178087032757503e+03 3.661894637615191641e+03 3.485126551790283429e+03 3.437958830658008083e+03 3.493823671948993706e+03 3.921413252612809174e+03 3.153631363810154198e+03 3.284014446141147346e+03 3.644688863483719160e+03 3.519462287783946522e+03 3.773875498988336403e+03 4.984009796366352930e+03 4.052458102002692613e+03 3.784595491424700413e+03 3.355259241436914635e+03 4.980792883682967840e+03 2.878019250898407790e+03 4.066198564341985730e+03 3.541433204103718253e+03 4.518595784888488197e+03 3.249218606984931284e+03
3.370588235294117680e+02 3.098052179690373578e+03 3.097111091750699870e+03 2.884873020963218096e+03 2.851703495922549791e+03 2.783048977043813920e+03 3.010088598772255864e+03 3.066697524810269442e+03 2.941025030196625266e+03 3.686276995372361398e+03 3.670449718038807987e+03 2.873096794279649203e+03 3.663084669005197611e+03 3.589849942061908678e+03 3.649175600996069988e+03 3.651476856046253943e+03 3.510178721782603134e+03 3.407821596963781303e+03 3.647206113434348481e+03 3.652076464724173547e+03 4.021188873081404836e+03 2.893421013914523883e+03 2.870017720561405895e+03 2.903114705538674571e+03 2.942752896746019360e+03 2.901764001444929363e+03 3.264263856479086826e+03 4.442898329344278864e+03 3.629696633640149685e+03 3.767313488361259260e+03 2.971663165012600530e+03 2.794016533453746433e+03 3.288979582476095857e+03 3.600833428608073064e+03 3.264039473846179135e+03 3.111218641057023888e+03 2.895619695218283596e+03 3.146541084094261350e+03 2.937648715198128230e+03 4.449992512069840814e+03 3.352298320516972581e+03 2.961671443060668935e+03 4.655676042923531895e+03 4.044385855063030704e+03 3.337106433623871453e+03 3.049449340019260035e+03 3.322039349932030291e+03 2.882511759614240873e+03 4.061332273930315750e+03 3.396569015744197714e+03 3.553567821732109678e+03 2.654882863934146826e+03 3.211448603250305041e+03 3.435626734507572110e+03 3.653629685254355991e+03 3.440787362363995726e+03 3.424687905772953854e+03 3.425060779349992117e+03 3.889482266647987672e+03 3.112124229715729598e+03 3.280595512766496540e+03 3.518061533866088212e+03 3.371668849016132754e+03 3.565989510726915341e+03 5.016888975843709886e+03 4.036594803176953519e+03 3.782667387109449464e+03 3.338823400450364716e+03 5.015729035178655977e+03 2.824687424851894320e+03 3.994204933630715004e+03 3.376096254452555513e+03 4.484062194949845434e+03 3.199942082408234910e+03
3.379411764705882888e+02 3.063787471438145531e+03 3.058532575235499280e+03 2.841907720656359743e+03 2.809160630854947613e+03 2.727926014047550780e+03 2.954031001557897525e+03 3.027971975793674119e+03 2.880772428912576288e+03 3.711273315831855143e+03 3.694347023807608366e+03 2.785132987973891431e+03 3.687143385985810710e+03 3.610938634990128321e+03 3.668937027651503740e+03 3.671494939046165655e+03 3.447426440429503145e+03 3.348584023884504404e+03 3.670506464908954058e+03 3.675350235985918971e+03 3.979350298365662184e+03 2.794510429410092911e+03 2.773844733219400950e+03 2.805947155850199579e+03 2.899069895228228233e+03 2.791889687376396978e+03 3.277111011133683860e+03 4.390799604354235271e+03 3.602111088729528092e+03 3.744567122914469110e+03 2.933582651758701104e+03 2.705124304882781871e+03 3.249500578580171805e+03 3.593975546627782023e+03 3.275446336795389470e+03 3.078756493219192180e+03 2.824451554125263556e+03 3.114292834188675897e+03 2.875204417994694722e+03 4.413026970338525643e+03 3.223238767992436806e+03 2.890054905135581066e+03 4.652448946548791355e+03 4.025389002514320509e+03 3.314747096306675758e+03 3.034226322911158150e+03 3.291270080470387711e+03 2.777961827312397872e+03 3.778283773631969780e+03 3.338103066429061982e+03 3.439486942899913174e+03 2.594422959040076876e+03 3.131725920532555392e+03 3.412398649785955968e+03 3.635877752431601493e+03 3.398411231030510407e+03 3.405541048656382372e+03 3.364340137437774047e+03 3.868501477888074533e+03 3.075310902198703388e+03 3.272988509140829137e+03 3.406858034307681919e+03 3.249808170694161163e+03 3.389624132336457478e+03 5.023412399957598609e+03 4.016740371816229526e+03 3.777304874005495549e+03 3.313774212583437020e+03 5.024363165772215325e+03 2.775416350719736329e+03 3.931792487080861520e+03 3.241980494100540909e+03 4.436960495048430857e+03 3.159784124865085687e+03
3.388235294117646959e+02 3.025870427561548695e+03 3.021040833748601017e+03 2.799311024370659197e+03 2.767210763014946224e+03 2.677519028284042633e+03 2.897666796177459219e+03 2.991343892944574691e+03 2.826573041194022153e+03 3.722250809482740351e+03 3.704580738327603285e+03 2.706431023858864137e+03 3.697376318699327385e+03 3.619443286726727365e+03 3.679479108519426063e+03 3.682297037066644407e+03 3.391250893883367553e+03 3.295564434916381288e+03 3.680541354004101777e+03 3.685306436103032866e+03 3.930840535523102517e+03 2.708288325144707414e+03 2.689898078262358013e+03 2.721171379294526560e+03 2.852774243816908893e+03 2.697540494551038137e+03 3.276596452326284634e+03 4.321154158230917346e+03 3.575271719628148276e+03 3.721478911225347929e+03 2.891622464148861127e+03 2.632553130791883632e+03 3.213404795995214045e+03 3.575592043056358762e+03 3.274386535520532107e+03 3.037714195757419475e+03 2.761051975642954403e+03 3.072614284960004625e+03 2.818323154267825885e+03 4.356292120203127524e+03 3.112549516573292749e+03 2.826252218259157871e+03 4.626949662777633421e+03 3.993764319791934668e+03 3.280948154587389581e+03 3.012901925474069685e+03 3.254325275808942934e+03 2.691119589425522463e+03 3.541089420726361823e+03 3.281466622068497600e+03 3.337295295108900063e+03 2.544628460595512934e+03 3.065546758400374983e+03 3.378752870727676964e+03 3.605939713992315319e+03 3.353728288467958009e+03 3.377454022838518540e+03 3.306657517518341592e+03 3.851954074705888161e+03 3.038739990189663331e+03 3.257750498168545619e+03 3.305932506213160195e+03 3.147637755331993503e+03 3.238028679556786301e+03 5.002120721492506163e+03 3.988549982164017365e+03 3.763931368861007286e+03 3.277636279591487892e+03 5.005186433408311132e+03 2.726573192136229409e+03 3.873750884864099589e+03 3.131367083340207500e+03 4.375377361165497859e+03 3.123581750638528774e+03
3.397058823529411598e+02 2.981493988629899832e+03 2.981244192100684359e+03 2.753747011170506539e+03 2.722510832838680926e+03 2.627939473380886284e+03 2.838262913983242925e+03 2.953013435723054954e+03 2.774313490567175904e+03 3.716954767037399506e+03 3.698854922397422797e+03 2.632904404430763407e+03 3.691539118698212860e+03 3.613012774833420281e+03 3.677888548859513321e+03 3.680962108088596779e+03 3.337083661445256439e+03 3.244275735310418440e+03 3.674985752318780669e+03 3.679622863413716004e+03 3.872126027254187647e+03 2.629841060910267515e+03 2.613320502711244444e+03 2.643887123894510296e+03 2.800993109483134049e+03 2.613420437990418122e+03 3.260910835901393057e+03 4.233232376005636979e+03 3.544958747567090995e+03 3.693730344939160204e+03 2.843267556141081059e+03 2.570721791767054583e+03 3.176389696634746542e+03 3.543570158689140044e+03 3.258867156131213505e+03 2.986330118212867092e+03 2.701042647431097521e+03 3.019885045922242625e+03 2.762887245640092715e+03 4.279424910613129214e+03 3.014518666612528250e+03 2.765828912308426879e+03 4.577874702484936279e+03 3.946926395231792867e+03 3.234059611688338009e+03 2.983120462321261130e+03 3.208444779933267910e+03 2.616729661565189872e+03 3.341220031007466787e+03 3.223156602679149728e+03 3.242291025187352261e+03 2.500912037167779999e+03 3.007898424702246302e+03 3.332796920554129429e+03 3.561982373736754198e+03 3.303387931807058976e+03 3.338175478453395954e+03 3.247934050139234841e+03 3.834318131551134684e+03 2.998832827400037786e+03 3.232263940055993316e+03 3.210930148949973045e+03 3.059643356361826591e+03 3.105223696011648371e+03 4.952496387338919703e+03 3.948728397680718899e+03 3.739072152014554376e+03 3.228790191308612521e+03 4.957634162264953375e+03 2.675297768822313628e+03 3.815637718301650693e+03 3.037568195979310076e+03 4.298143277576287801e+03 3.087069182911888220e+03
3.405882352941176805e+02 2.928632816002597792e+03 2.936466680598660332e+03 2.702703333921569538e+03 2.672535254341958989e+03 2.576166724037341282e+03 2.773820607624239983e+03 2.909993388357502681e+03 2.720706414048429451e+03 3.693884156746405552e+03 3.675629664221885832e+03 2.561282040424584011e+03 3.668135812856342000e+03 3.590037377866963652e+03 3.661990954995359971e+03 3.665308803200322473e+03 3.281198341855439594e+03 3.191070180413070375e+03 3.652265213594237593e+03 3.656729197055276472e+03 3.800804165714546798e+03 2.555171393712698773e+03 2.540170829764901100e+03 2.570113109843432085e+03 2.741725964482260679e+03 2.535163345523843418e+03 3.228980412810146845e+03 4.127087997520156932e+03 3.507807904802337816e+03 3.657882963528260916e+03 2.786772555627121619e+03 2.514971993027903409e+03 3.135084192874991459e+03 3.496554461291132156e+03 3.227648473773886053e+03 2.923597205335537183e+03 2.640927824939105449e+03 2.955231250306772381e+03 2.705648444229575489e+03 4.182734528410408529e+03 2.924337724842762782e+03 2.705238147195584588e+03 4.504853962529478849e+03 3.883319211339491176e+03 3.173207458243788551e+03 2.943250709864137207e+03 3.151752344767394334e+03 2.550266834692396969e+03 3.171038793050629465e+03 3.160430581426544904e+03 3.150586563300164926e+03 2.459471981110491924e+03 2.954528076700285965e+03 3.273410351115951926e+03 3.502959351519622032e+03 3.244907147595294191e+03 3.286213964949628007e+03 3.184980391473446616e+03 3.811062093140643356e+03 2.952839934811510375e+03 3.194687649833122578e+03 3.118281991040244520e+03 2.981061930694398598e+03 2.986030503750083426e+03 4.874873296371648394e+03 3.894960136252686880e+03 3.700268349597029555e+03 3.166378761294177366e+03 4.881996802953961378e+03 2.619443368901973827e+03 3.753797150156275620e+03 2.954909548297663150e+03 4.204775035001529432e+03 3.046837608959408044e+03
3.414705882352941444e+02 2.865978301692897276e+03 2.884715303510347439e+03 2.644422087368435314e+03 2.615507566372976726e+03 2.519969289827820376e+03 2.702999628429144195e+03 2.860058608797343368e+03 2.663238658534235583e+03 3.652244798436748624e+03 3.634074314378329746e+03 2.489042214942415285e+03 3.626372153265157522e+03 3.549604378768772222e+03 3.630319177990070330e+03 3.633863952987648645e+03 3.220682869095938713e+03 3.133108232628618680e+03 3.611510286079003890e+03 3.615761117014197680e+03 3.715475883223620258e+03 2.481143225416441965e+03 2.467366942941151137e+03 2.496731131204613121e+03 2.673743441018293197e+03 2.459283774451274439e+03 3.180397026901003755e+03 4.003444418595828211e+03 3.461277456983460979e+03 3.611350303022070875e+03 2.721080806644888526e+03 2.461517432091923638e+03 3.086973056007969262e+03 3.433886363694718057e+03 3.180174353424817127e+03 2.849163761552706546e+03 2.578035596926555627e+03 2.878425844706579483e+03 2.644167913962660350e+03 4.067118801219283796e+03 2.838073857085648797e+03 2.641763618806098293e+03 4.408336962114559356e+03 3.802291543503845787e+03 3.098196031789078461e+03 2.892311261979794381e+03 3.083163407420747717e+03 2.487936045697742884e+03 3.023836119549244813e+03 3.091264092146345774e+03 3.059085929241447047e+03 2.417250868585417720e+03 2.901928388371163692e+03 3.200160057511747254e+03 3.428524526451781185e+03 3.176603950456345046e+03 3.220773102346158794e+03 3.115442650291152859e+03 3.778618665270970723e+03 2.898783462566900198e+03 3.143895846996233558e+03 3.025177255844306274e+03 2.907879495412636516e+03 2.876071695707020353e+03 4.770336444685445713e+03 3.825826922681058932e+03 3.645982118742333569e+03 3.090209581760939727e+03 4.779320508727613742e+03 2.557510943332075385e+03 3.685355133603782633e+03 2.878688645599196207e+03 4.095406801437809008e+03 3.000282822979486355e+03
3.423529411764706083e+02 2.792864560808974147e+03 2.824633664706459058e+03 2.577822249866572747e+03 2.550323821863961257e+03 2.457821016584041445e+03 2.625039370480223170e+03 2.801684903173114435e+03 2.600108654012093211e+03 3.591891049154728535e+03 3.574009076897328214e+03 2.414340272351501881e+03 3.566097626803529693e+03 3.491442305506496723e+03 3.582069072121090812e+03 3.585818299809606287e+03 3.153393541052683304e+03 3.068310225101559354e+03 3.552499281611609604e+03 3.556502889675445203e+03 3.615613891883100678e+03 2.405411843137291726e+03 2.392614823549119592e+03 2.421415829860523900e+03 2.596483488563388164e+03 2.383112019615697136e+03 3.115341833889972804e+03 3.863579286440110536e+03 3.403599084338523880e+03 3.552351693980083382e+03 2.645738717092358002e+03 2.407381478995374437e+03 3.030314108688603483e+03 3.355533449709513661e+03 3.116496022053999695e+03 2.763233707869344016e+03 2.510447103509971839e+03 2.789788448659162441e+03 2.576744654817991886e+03 3.933973727932885140e+03 2.752622945925860222e+03 2.573450022797099791e+03 4.289474208798395011e+03 3.703970517869842752e+03 3.009408240826179735e+03 2.829893125436984064e+03 3.002286886922359827e+03 2.426653339143987523e+03 2.893832486580225577e+03 3.014296060969742939e+03 2.965442585623606192e+03 2.371884819800809510e+03 2.847306727853239408e+03 3.113210139166545559e+03 3.338940567091237881e+03 3.097519649980891700e+03 3.141677488302733764e+03 3.037734415598896703e+03 3.734340218252592422e+03 2.835389043896752355e+03 3.079407901960591971e+03 2.929518571039127892e+03 2.836809294407315065e+03 2.771749237332829125e+03 4.640613332526912018e+03 3.740714972263393065e+03 3.575495273663100306e+03 3.000656203743050355e+03 4.651299489797327624e+03 2.488579171548100021e+03 3.608194537286367904e+03 2.805115877994512630e+03 3.970712422402682932e+03 2.945543355354911000e+03
3.432352941176470722e+02 2.709188103535853315e+03 2.755444960002347671e+03 2.502416693611831306e+03 2.476470591046639584e+03 2.388814491197060761e+03 2.539678753229923132e+03 2.733979757533651082e+03 2.530155640177719306e+03 3.513257637738100129e+03 3.495836835037616311e+03 2.335932383978679354e+03 3.487737830505131569e+03 3.415855536087917244e+03 3.517044273833830175e+03 3.520971275739658267e+03 3.077894658712351884e+03 2.995294379527821548e+03 3.475591323407068558e+03 3.479320122693486155e+03 3.501429820079181809e+03 2.326344027160750102e+03 2.314327725813342568e+03 2.342554291683169595e+03 2.509947585376676216e+03 2.304717480050118411e+03 3.034504515680811437e+03 3.709209776296026575e+03 3.333715681799800677e+03 3.479850931649372342e+03 2.560808127738407165e+03 2.350326579091334679e+03 2.964050943996103342e+03 3.262010939362126464e+03 3.037190976546902675e+03 2.666468346807488160e+03 2.436917413149027198e+03 2.690086607124420880e+03 2.502335995286619436e+03 3.785098690554963923e+03 2.665647769455746129e+03 2.499024466104617204e+03 4.149996140428136641e+03 3.589135658065002644e+03 2.907705861065417594e+03 2.756081178510980862e+03 2.909323950299785338e+03 2.364010900304013376e+03 2.776154734384782387e+03 2.928764900181234225e+03 2.868001921451201724e+03 2.321645576959669597e+03 2.788540908923223014e+03 3.013228858062218478e+03 3.234984717790265222e+03 3.007333215804183055e+03 3.049291888743347499e+03 2.950958189374272024e+03 3.676438233751843200e+03 2.762009858620684554e+03 3.001311189863994969e+03 2.829863406476933051e+03 2.765254125136519178e+03 2.670204407436312977e+03 4.487960241576384760e+03 3.639714999588210958e+03 3.488803755707841901e+03 2.898559785136061691e+03 4.500162869599659643e+03 2.412231999844612346e+03 3.520912573959417387e+03 2.731242963506187607e+03 3.831821487461254492e+03 2.881431281407597453e+03
3.441176470588235361e+02 2.615323910433762649e+03 2.676887022691330003e+03 2.418226291594897702e+03 2.393940230003237502e+03 2.312573899702462768e+03 2.447076565869054321e+03 2.656607524789648323e+03 2.452783613459407206e+03 3.417283955030084599e+03 3.400467311726646130e+03 2.253097580298080629e+03 3.392219268774485499e+03 3.323651182787843936e+03 3.435591756663857268e+03 3.439666620934828643e+03 2.993387378279447148e+03 2.913304914640754760e+03 3.381651811366290531e+03 3.385085009335274663e+03 3.373743066519605691e+03 2.242931784275603604e+03 2.231539415326516064e+03 2.259159439105327692e+03 2.414599202125761622e+03 2.222824505133310595e+03 2.938999872114457503e+03 3.542381160705839648e+03 3.251208897154297574e+03 3.393483036996981355e+03 2.466778665502257809e+03 2.288778239766113529e+03 2.887723713170164956e+03 3.154297877401022106e+03 2.943279038725962891e+03 2.559891467704560455e+03 2.356791120138765564e+03 2.580440422134184701e+03 2.420472989954704644e+03 3.622600617794637856e+03 2.575505463049992613e+03 2.417812324182667453e+03 3.992092197869817937e+03 3.459095432326933860e+03 2.794331925089659308e+03 2.671375703387404428e+03 2.804966386305497963e+03 2.298229465832597725e+03 2.666791832809202333e+03 2.834437812688283429e+03 2.765732053630495102e+03 2.265377365112608459e+03 2.724124768612693970e+03 2.901295203053426576e+03 3.117854207269402195e+03 2.906270840912251060e+03 2.944436324026507464e+03 2.854819795103563138e+03 3.603909810212300272e+03 2.678545601090378113e+03 2.910179480891605635e+03 2.725355564615810181e+03 2.691256381986199358e+03 2.569263720685984936e+03 4.315046279258964205e+03 3.523517809319623666e+03 3.386510236611419259e+03 2.785133246603687894e+03 4.328559099185007653e+03 2.328485355213986168e+03 3.422763737709332872e+03 2.654883080105274075e+03 3.680232061259694092e+03 2.807357609258391221e+03
3.450000000000000000e+02 2.512040462938954533e+03 2.589142243592119939e+03 2.325693786137798270e+03 2.303145790041894543e+03 2.229169303777372534e+03 2.347733834883782492e+03 2.569711196002692304e+03 2.367882351931578341e+03 3.305332989639214702e+03 3.289236071909075235e+03 2.165559842987572210e+03 3.280889049066088774e+03 3.216060776740273013e+03 3.338530521838521508e+03 3.342721029682669268e+03 2.899631233972324026e+03 2.822133455558888272e+03 3.271972511178522382e+03 3.275096137073091086e+03 3.233854231071619779e+03 2.154703231714545382e+03 2.143814779770778841e+03 2.170780510902889546e+03 2.311266653348513046e+03 2.136724349357545179e+03 2.830283770557027765e+03 3.365361068851464552e+03 3.156219469958850368e+03 3.293472234250820748e+03 2.364482321629716353e+03 2.221746142156047881e+03 2.801379988434582629e+03 3.033750690775407293e+03 2.836137500038993494e+03 2.444799511846520545e+03 2.269915804831418882e+03 2.462232249375817901e+03 2.331173806000718287e+03 3.448799843085977500e+03 2.481167986571526853e+03 2.329650406745445707e+03 3.818292596545520610e+03 3.315568313849168590e+03 2.670816942928532626e+03 2.576615373231575177e+03 2.690297035317396421e+03 2.228101195133694091e+03 2.562535277011752896e+03 2.731535854751499755e+03 2.658147005298041222e+03 2.202430418223802008e+03 2.653106363277348919e+03 2.778807322773705437e+03 2.989073268832454232e+03 2.795013469571274072e+03 2.828299638917071661e+03 2.749538690208607022e+03 3.516454129236849440e+03 2.585358818192442868e+03 2.806989361338971321e+03 2.615649934307249168e+03 2.613439137495993691e+03 2.467374633898273260e+03 4.124838482338884205e+03 3.393308126300486038e+03 3.269716895142018984e+03 2.661869542061206630e+03 4.139441208862239364e+03 2.237714398558670382e+03 3.313591134773510021e+03 2.574525959532982142e+03 3.517722898462259309e+03 2.723254195080114187e+03
3.458823529411764639e+02 2.400415853797631371e+03 2.492764914805470198e+03 2.225599285113902624e+03 2.204837572756901409e+03 2.139033656789071301e+03 2.242419550764253472e+03 2.473832975633294154e+03 2.275747758661471835e+03 3.179107444331708848e+03 3.163820537811810027e+03 2.073412047568077469e+03 3.155431609148768075e+03 3.094658799445715886e+03 3.227075517814375416e+03 3.231348001775362718e+03 2.796861552903926167e+03 2.722036830127857684e+03 3.148188664024588888e+03 3.150995368026699452e+03 3.083425083745003121e+03 2.061633388970048600e+03 2.051160581633764650e+03 2.077413618728318852e+03 2.201051895236219025e+03 2.046186165657974243e+03 2.710070252665301723e+03 3.180541558215417808e+03 3.049362995309508733e+03 3.180544176635175063e+03 2.255011732094270428e+03 2.148744212677682754e+03 2.705487578362632121e+03 2.902016513102530553e+03 2.717417291441510315e+03 2.322678040941544623e+03 2.176555568708220108e+03 2.337022869478532812e+03 2.234857255660551345e+03 3.266140329449303408e+03 2.382138696458300274e+03 2.234800052474948188e+03 3.631355283917357156e+03 3.160570233337030004e+03 2.538890788534894455e+03 2.472902986822795810e+03 2.566694366146846733e+03 2.152925804121223337e+03 2.460908457494588220e+03 2.620656945558302141e+03 2.545225405210530425e+03 2.132592728199023895e+03 2.575021302709492829e+03 2.647394849235824495e+03 2.850403822583586589e+03 2.674605003479130573e+03 2.702353820182565869e+03 2.635757152575672990e+03 3.414381694420423173e+03 2.483190983480600153e+03 2.693036675600870694e+03 2.500833746553982564e+03 2.530941280877108056e+03 2.363534461027275029e+03 3.920490813870157581e+03 3.250659281634831132e+03 3.139920522625288868e+03 2.530455567099390464e+03 3.935955697485488145e+03 2.140582784225422074e+03 3.193749492204140552e+03 2.489250957977793405e+03 3.346267677414612535e+03 2.629494152328781638e+03
3.467647058823529278e+02 2.281757170381132710e+03 2.388608342231778352e+03 2.118979415959911876e+03 2.100023252551015048e+03 2.042884181428503325e+03 2.132101096129457346e+03 2.369835719280853482e+03 2.177003513874655255e+03 3.040565496100833116e+03 3.026155701041876910e+03 1.977043001001249650e+03 3.017785167103859749e+03 2.961280706488923897e+03 3.102759163169808289e+03 3.107079388806579118e+03 2.685705639334365515e+03 2.613654105005825841e+03 3.012195636281095631e+03 3.014684390807965883e+03 2.924367266186527104e+03 1.964057487419070185e+03 1.953938851176236085e+03 1.979414721026952748e+03 2.085246654206659059e+03 1.951369764581552317e+03 2.580251781417689472e+03 2.990350941842850716e+03 2.931644000307079750e+03 3.055835414571184174e+03 2.139643761311324397e+03 2.069711721413561463e+03 2.600850842077074049e+03 2.760948871035530374e+03 2.588962113141274585e+03 2.195125813846770143e+03 2.077307085861429186e+03 2.206475412609039267e+03 2.132259014092765483e+03 3.077106753848315748e+03 2.278367971516047874e+03 2.133862351421425956e+03 3.434160636586330838e+03 2.996310269407799751e+03 2.400401596346669521e+03 2.361535164346280908e+03 2.435743099931049528e+03 2.072442748483566447e+03 2.360089301961922502e+03 2.502699299953174432e+03 2.427327957636327938e+03 2.056021774078357339e+03 2.489823809222341424e+03 2.508836951581737139e+03 2.703761732495897832e+03 2.546363496732255044e+03 2.568271493013739018e+03 2.514450983692847331e+03 3.298519392597899241e+03 2.373080318823551806e+03 2.569855241661775835e+03 2.381347079631304041e+03 2.443349503996683325e+03 2.257215671788301734e+03 3.705240063727984307e+03 3.097431493553645396e+03 2.998911950718986645e+03 2.392693261593541138e+03 3.721338056107080774e+03 2.037975093843402419e+03 3.064023047037734614e+03 2.398640479555285765e+03 3.167953865261170904e+03 2.526812471151094542e+03
3.476470588235293917e+02 2.157524886032641007e+03 2.277753790204120833e+03 2.007051771831811266e+03 1.989893102453214851e+03 1.941649227093472518e+03 2.017880378929056633e+03 2.258826994570237275e+03 2.072525909122948633e+03 2.891838537632905172e+03 2.878351960714247070e+03 1.877069005528280741e+03 2.870060222047691241e+03 2.817942732399108536e+03 2.967352961477251938e+03 2.971686951925783433e+03 2.567100412784773198e+03 2.497925212112055760e+03 2.866067551549226209e+03 2.868243054137144100e+03 2.758741323018589810e+03 1.862588749779857380e+03 1.852784951135570509e+03 1.877417169353760528e+03 1.965256992543565957e+03 1.852742213823480597e+03 2.442824380077249771e+03 2.797176696346804874e+03 2.804370695588134367e+03 2.920803046411332161e+03 2.019769758572364481e+03 1.984936703772400961e+03 2.488531738818508529e+03 2.612527775656123140e+03 2.452732348815450223e+03 2.063787446702377565e+03 1.973019847129395885e+03 2.072288004197983810e+03 2.024352055380136335e+03 2.884150293593427250e+03 2.170170339705439346e+03 2.027697563144064134e+03 3.229615699234498152e+03 2.825096040313687809e+03 2.257243053220845013e+03 2.243937062310355486e+03 2.299152400633177422e+03 1.986761663039581208e+03 2.258829353871162766e+03 2.378787182400019447e+03 2.305116452614646278e+03 1.973177359877488698e+03 2.397817455590292866e+03 2.364987772647239126e+03 2.551140061604752191e+03 2.411797467933227836e+03 2.427848431990327299e+03 2.386843968746629344e+03 3.170114114574723317e+03 2.256283427420454700e+03 2.439139708010903178e+03 2.257905223017198750e+03 2.350629250077356573e+03 2.148290089354562497e+03 3.482310991703676336e+03 2.935675802489136004e+03 2.848681635871851540e+03 2.250428873546569775e+03 3.498817541657566835e+03 1.930933740996907318e+03 2.925541285188628990e+03 2.302695776634926460e+03 2.984908373670839410e+03 2.416228632103596283e+03
3.485294117647058556e+02 2.029263727939950058e+03 2.161443180540816684e+03 1.891145809450539673e+03 1.875751603332143532e+03 1.836401377328940043e+03 1.900936498052592242e+03 2.142087438576735622e+03 1.963373285091108073e+03 2.735153318018796199e+03 2.722617147263381867e+03 1.774270781502575119e+03 2.714462258849622685e+03 2.666765597933793288e+03 2.822791341264597577e+03 2.827106035447497106e+03 2.442213538369717753e+03 2.376013392138989275e+03 2.711979931667726760e+03 2.713851947109875709e+03 2.588667158855309481e+03 1.758042226120676787e+03 1.748531734302786390e+03 1.772255311378444731e+03 1.842536968671563272e+03 1.751000017792830704e+03 2.299819132017765241e+03 2.603300522926447229e+03 2.669072726730690647e+03 2.777136980184452568e+03 1.896833204628382646e+03 1.894983202294336252e+03 2.369776857502327857e+03 2.458786184720381698e+03 2.310735225904130402e+03 1.930295125620836188e+03 1.864722234762838525e+03 1.936135677664658488e+03 1.912273027336814266e+03 2.689624662333611013e+03 2.058145019739165491e+03 1.917350123126447443e+03 3.020569917992177125e+03 2.649250076838388395e+03 2.111290889138713283e+03 2.121603110386916342e+03 2.158682927026081416e+03 1.896293415665184511e+03 2.156372175085719391e+03 2.250200799462737450e+03 2.179476482364934327e+03 1.884757043058342788e+03 2.299587398580819354e+03 2.217710221926235590e+03 2.394540679525199266e+03 2.272528979631342281e+03 2.282932933268752549e+03 2.254328019330799179e+03 3.030737583436682144e+03 2.134202204406748933e+03 2.302674186056860890e+03 2.131424880716578627e+03 2.253056918678989405e+03 2.036954439587837669e+03 3.254832807607849190e+03 2.767545746469641472e+03 2.691332854214003873e+03 2.105491252516243549e+03 3.271532813307283504e+03 1.820601045349672859e+03 2.779695295366946993e+03 2.201756647816179793e+03 2.799231431926261394e+03 2.298972794556980716e+03
3.494117647058823195e+02 1.898541198182636208e+03 2.041016895298945428e+03 1.772641257849428484e+03 1.758956349721251627e+03 1.728297727496943480e+03 1.782475458043714298e+03 2.021004619463817107e+03 1.850721191098131840e+03 2.572760101940348704e+03 2.561184733584618698e+03 1.669536555770808491e+03 2.553220514219311553e+03 2.509903984290606786e+03 2.671099616881670045e+03 2.675363559169818927e+03 2.312369922622465765e+03 2.249233029884589541e+03 2.552138297171849445e+03 2.553720934509383369e+03 2.416246880158163094e+03 1.651365950243475481e+03 1.642141037917168205e+03 1.664895483488996888e+03 1.718531933055589661e+03 1.646998230709016298e+03 2.153241233207641926e+03 2.410845772692498940e+03 2.527423809942767548e+03 2.626676976781255689e+03 1.772275579368415492e+03 1.800623220249847691e+03 2.245951089986643638e+03 2.301744291460918248e+03 2.164962489071042000e+03 1.796219804264938375e+03 1.753554470861257641e+03 1.799621991651707503e+03 1.797255672609617022e+03 2.495733087068171244e+03 1.943101513285052761e+03 1.803980521663638228e+03 2.809743258810422503e+03 2.471037789623990648e+03 1.964349065635752368e+03 1.996044299931369551e+03 2.016083387335240332e+03 1.801683387387754465e+03 2.052373267913669679e+03 2.118311716170224827e+03 2.051445767399477973e+03 1.791635258408391792e+03 2.195935823212030755e+03 2.068819060395554516e+03 2.235915034945188836e+03 2.130224691239103777e+03 2.135363090885135989e+03 2.118390448327478680e+03 2.882194828707514716e+03 2.008317359456605345e+03 2.162267816446987581e+03 2.002955997912568137e+03 2.151154743793613761e+03 1.923658979055991722e+03 3.025768095410291608e+03 2.595218254643968066e+03 2.529003985350279436e+03 1.959639714770753926e+03 3.042460238623294572e+03 1.708167498239002498e+03 2.628057421470398367e+03 2.096426298372749898e+03 2.612939989872615115e+03 2.176416875242563037e+03
3.502941176470588402e+02 1.766894427716945984e+03 1.917857903105905962e+03 1.652914723058713662e+03 1.640865079855969498e+03 1.618527595963591239e+03 1.663687408937555574e+03 1.897013661679456618e+03 1.735804492638170586e+03 2.406868612846939868e+03 2.396249713149154559e+03 1.563811872113069285e+03 2.388524422125530236e+03 2.349483385078401170e+03 2.514327892431072542e+03 2.518511791661683674e+03 2.178985023757228646e+03 2.118984277037697211e+03 2.388714346523366657e+03 2.390025253206437355e+03 2.243500256549185451e+03 1.543580150761582900e+03 1.534643342311999731e+03 1.556374971702172161e+03 1.594631501903245407e+03 1.541687279338502094e+03 2.005017569376967685e+03 2.221737433999557197e+03 2.381171003257695247e+03 2.471336589951885344e+03 1.647490720749944785e+03 1.702774446273118201e+03 2.118478746717315971e+03 2.143352781304147356e+03 2.017336522832091305e+03 1.663031891564999569e+03 1.640709413510848208e+03 1.664240287264033896e+03 1.680572213422568893e+03 2.304486868392566521e+03 1.825991646872685124e+03 1.688805059106470253e+03 2.599667527085513939e+03 2.292607831608760534e+03 1.818106133383596671e+03 1.868742799919239133e+03 1.873037236692364786e+03 1.703748639345389165e+03 1.946823458809366002e+03 1.984525125730956461e+03 1.922149523459809416e+03 1.694806915198114211e+03 2.087821648932911557e+03 1.920033735721597395e+03 2.077114710394813756e+03 1.986536071353272064e+03 1.986913144152751102e+03 1.980549709133314764e+03 2.726438347443350267e+03 1.880129568196339505e+03 2.019698498309531942e+03 1.873620492791563038e+03 2.045629823425148970e+03 1.809040874305312173e+03 2.797855274097547863e+03 2.420824925124264610e+03 2.363800689775285718e+03 1.814521649367569353e+03 2.814355433299135257e+03 1.594826533092626278e+03 2.472306076296714764e+03 1.987502343307777210e+03 2.427921346758628715e+03 2.050011702500053616e+03
3.511764705882353041e+02 1.635786047144448048e+03 1.793343072953942738e+03 1.533294881962740874e+03 1.522790989527461988e+03 1.508268182030401704e+03 1.545711436212416174e+03 1.771545251941978904e+03 1.619866811783497269e+03 2.239592872830819488e+03 2.229913407197393099e+03 1.458056416373994125e+03 2.222468848315319065e+03 2.187545396951883959e+03 2.354492311937833620e+03 2.358569449904194698e+03 2.043505912280688108e+03 1.986695445128502570e+03 2.223790825297156061e+03 2.224850364530365368e+03 2.072313012714643719e+03 1.435725062420269069e+03 1.427086058047907727e+03 1.447749808379439173e+03 1.472132120916093299e+03 1.436058296165948605e+03 1.856953354532934327e+03 2.037674218549952911e+03 2.232071694380116696e+03 2.313035113799764531e+03 1.523787810717715956e+03 1.602444313685529096e+03 1.988792419014314191e+03 1.985445692092983791e+03 1.869665572467496759e+03 1.532071231244636010e+03 1.527381572593679493e+03 1.531344452937580854e+03 1.563483098044615417e+03 2.117675251483829015e+03 1.707848862289455155e+03 1.573043803221283497e+03 2.392641049255472808e+03 2.115944607237423952e+03 1.674101497949770419e+03 1.741113950044222292e+03 1.731119641839242377e+03 1.603420253553703105e+03 1.839977186260392045e+03 1.850229672169685728e+03 1.792743819249668832e+03 1.595336542469266078e+03 1.976305689586313974e+03 1.772941030292677624e+03 1.919851921688715720e+03 1.843049043258278061e+03 1.839249263537645447e+03 1.842300108636164396e+03 2.565489699470329015e+03 1.751108882988570258e+03 1.876665248480018590e+03 1.744558739914405123e+03 1.937318281370107798e+03 1.693863425338299294e+03 2.573564790226701462e+03 2.246394483016204504e+03 2.197738661029753530e+03 1.671639841299415139e+03 2.589708623473407897e+03 1.481736311999512736e+03 2.314157687683623408e+03 1.875914670843969134e+03 2.245897125754461740e+03 1.921231202109809146e+03
3.520588235294117680e+02 1.506568921887179613e+03 1.668802060036584862e+03 1.415026278513449370e+03 1.405966668589564279e+03 1.398647983786755731e+03 1.429607790543275769e+03 1.645981598404060378e+03 1.504117760014155238e+03 2.072905523643779361e+03 2.064137754104433043e+03 1.353207996188496281e+03 2.057008818950656860e+03 2.026002315100110536e+03 2.193524426348759789e+03 2.197471053386629592e+03 1.907360820807350819e+03 1.853773741372363702e+03 2.059315770019796219e+03 2.060146219090760951e+03 1.904397482592582719e+03 1.328817509792896772e+03 1.320490485295172448e+03 1.340051121068795965e+03 1.352208870057104832e+03 1.331096996146767424e+03 1.710698016271282086e+03 1.860111773819058726e+03 2.081839261544673718e+03 2.153638935284356194e+03 1.402362845470574030e+03 1.500680885571276804e+03 1.858289789403924033e+03 1.829703265461891078e+03 1.723608195848004698e+03 1.404525835139248102e+03 1.414724728012370861e+03 1.402128549969381083e+03 1.447195443230564706e+03 1.936846202041062270e+03 1.589735466544693054e+03 1.457877244203024020e+03 2.190696435565252614e+03 1.942832818731948691e+03 1.533701239630846658e+03 1.614475784902614350e+03 1.591764450067259304e+03 1.501691639735271792e+03 1.732286668206170816e+03 1.716755329950266969e+03 1.664367533363756820e+03 1.494313241195752653e+03 1.862501780436881972e+03 1.628967314786792713e+03 1.765669790461406365e+03 1.701243413944376243e+03 1.693894952550068865e+03 1.705066029737304916e+03 2.401369925311712450e+03 1.622652829969888444e+03 1.734749547998769913e+03 1.616884432368579382e+03 1.827135278221158160e+03 1.578962038532747101e+03 2.355068624114195245e+03 2.073806516005145568e+03 2.032697182814136568e+03 1.532329017078929382e+03 2.370713283979616335e+03 1.369988575218096685e+03 2.155306973217979703e+03 1.762670517980416662e+03 2.068397459644225819e+03 1.791524194109991868e+03
3.529411764705882888e+02 1.380459757115895854e+03 1.545484040607556153e+03 1.299241536348340333e+03 1.291516266098287588e+03 1.290717932313365964e+03 1.316337309785864818e+03 1.521620522668646345e+03 1.389698145118630919e+03 1.908602125735119898e+03 1.900709514464804897e+03 1.250153485216164881e+03 1.893924005265822416e+03 1.866601162279045411e+03 2.033229484898733745e+03 2.037025046877232171e+03 1.771917341418089563e+03 1.721564624574100890e+03 1.897066439790365393e+03 1.897691234160051636e+03 1.741264931174918047e+03 1.223816031434221486e+03 1.215817401354360527e+03 1.234250299011057677e+03 1.235895771274834942e+03 1.227746154686531099e+03 1.567720149839189844e+03 1.690256098029129362e+03 1.932097835464958962e+03 1.994912550041169652e+03 1.284278086660754070e+03 1.398530840904904835e+03 1.728298348852896652e+03 1.677624463988580601e+03 1.580646891548090707e+03 1.281418775988595144e+03 1.303817947012252034e+03 1.277614676032050511e+03 1.332830093377402363e+03 1.763297180407755604e+03 1.472697985307137060e+03 1.344411419422184053e+03 1.995580587815645458e+03 1.774833367089838930e+03 1.398082922743247309e+03 1.490025815348307560e+03 1.456240780271187305e+03 1.399573559690712727e+03 1.624342715577906574e+03 1.585339529966098098e+03 1.538103007961386993e+03 1.392812058533345862e+03 1.747534542533356444e+03 1.489359880954702476e+03 1.615922039291083820e+03 1.562461901164927667e+03 1.552205793576282304e+03 1.570165650997585544e+03 2.236039645131598263e+03 1.496053039562699951e+03 1.595385744350967798e+03 1.491647815204089511e+03 1.716031351107307728e+03 1.465197360230182767e+03 2.144222553999830780e+03 1.904756508843934398e+03 1.870383419264431723e+03 1.397741103934618650e+03 2.159247586261556535e+03 1.260584348899164979e+03 1.997376217868471031e+03 1.648807099715060986e+03 1.896744812059101832e+03 1.662274103964542292e+03
3.538235294117646959e+02 1.258521091987041245e+03 1.424532132268121131e+03 1.186941722490818165e+03 1.180435590241786258e+03 1.185429947710110355e+03 1.206747513336430529e+03 1.399647538500023984e+03 1.277652913843503029e+03 1.748275232446460222e+03 1.741214232579841564e+03 1.149706615272983981e+03 1.734793005802358266e+03 1.710897309421187856e+03 1.875253691347420727e+03 1.878880982135145814e+03 1.638449384230212218e+03 1.591319635063281794e+03 1.738623028827735425e+03 1.739066046837252316e+03 1.584208723816395377e+03 1.121594324254119556e+03 1.113940893850255407e+03 1.131232290801289992e+03 1.124074052708580211e+03 1.126876421876022732e+03 1.429291267012445360e+03 1.529065849983824592e+03 1.784346317895309539e+03 1.838479727989129515e+03 1.170449018203158857e+03 1.297004604851696968e+03 1.600047883710078167e+03 1.530509023812028545e+03 1.442070574385526925e+03 1.163602295364167730e+03 1.195639737925832833e+03 1.158648196811348271e+03 1.221396850167416460e+03 1.598074868558809385e+03 1.357730860728666585e+03 1.233651321985764753e+03 1.808746031764540703e+03 1.613269676689410517e+03 1.268228531812691244e+03 1.368824924625844233e+03 1.325638430942952027e+03 1.298056155353862096e+03 1.516822759094230378e+03 1.457101344057511824e+03 1.414945405422596878e+03 1.291861816802721023e+03 1.632503708447282634e+03 1.355176673433877568e+03 1.471761256058866365e+03 1.427888228221572490e+03 1.415353190964362511e+03 1.438783773418759210e+03 2.071349392398643431e+03 1.372470376974631108e+03 1.459839949437291352e+03 1.369807333519572694e+03 1.604955244895375245e+03 1.353415935576198081e+03 1.942560029356732684e+03 1.740731651296519431e+03 1.712306976456756047e+03 1.268838302403702301e+03 1.956867493348599055e+03 1.154416513880419416e+03 1.841874209342482800e+03 1.535351721108287393e+03 1.732046569331590717e+03 1.534766811913713354e+03
3.547058823529411598e+02 1.141651076529861029e+03 1.306965378083921905e+03 1.078984111841317826e+03 1.073579727978873507e+03 1.083622350631326071e+03 1.101564857783358775e+03 1.281115843512593074e+03 1.168911547870886125e+03 1.593297909628849311e+03 1.587019641673628939e+03 1.052592165298965938e+03 1.580976932059464843e+03 1.560237327215587356e+03 1.721060564261371383e+03 1.724505780169237823e+03 1.508112576036791324e+03 1.464172723913480695e+03 1.585351618172060626e+03 1.585636567828564694e+03 1.434297267009911593e+03 1.022922385510961362e+03 1.015629873390427406e+03 1.031776805701691273e+03 1.017467308883599571e+03 1.029264892959274675e+03 1.296477614310401123e+03 1.377262178780288650e+03 1.639931606505575928e+03 1.685794596296069358e+03 1.061638148469814496e+03 1.197048550521330526e+03 1.474650332024029694e+03 1.389448139009571833e+03 1.308965193541770759e+03 1.051758440099583368e+03 1.091050022611532086e+03 1.045899475682810362e+03 1.113777552439735700e+03 1.441982640451662974e+03 1.245748110530037366e+03 1.126482147577906517e+03 1.631352497125332548e+03 1.459223465467971209e+03 1.144924626713125463e+03 1.251787631495813230e+03 1.200861465654039421e+03 1.198078228140426290e+03 1.410446167136278973e+03 1.333023591120901074e+03 1.295780354755446751e+03 1.192419431270786845e+03 1.518455374847095754e+03 1.227283551979279537e+03 1.334135146868707352e+03 1.298533925267073755e+03 1.284316274697737072e+03 1.311953486403742318e+03 1.909000507081011619e+03 1.252918080836587933e+03 1.329197347502704133e+03 1.252209218787056216e+03 1.494823292045076414e+03 1.244418362612669625e+03 1.751296429164108986e+03 1.582996724523786725e+03 1.559764176434088768e+03 1.146393259245380250e+03 1.764810393388813054e+03 1.052258563487144556e+03 1.690164786586605032e+03 1.423289427011800626e+03 1.575195495145377890e+03 1.410166463304355148e+03
3.555882352941176805e+02 1.030580097916950990e+03 1.193667405658040252e+03 9.760765593801974092e+02 9.716570432583865795e+02 9.860114981267479379e+02 1.001392383121482681e+03 1.166933404430179962e+03 1.064275335727086485e+03 1.444815907103949712e+03 1.439267675980079730e+03 9.594358577567220436e+02 1.433611577284162422e+03 1.415750179997857003e+03 1.571915613324718834e+03 1.575168334062891745e+03 1.381927563199519682e+03 1.341124117046565061e+03 1.438395731367330200e+03 1.438545621644914718e+03 1.292375125732476363e+03 9.284545763353730763e+02 9.215365159538424678e+02 9.365463881812698901e+02 9.166426178668647253e+02 9.355808209228739543e+02 1.170139140358813620e+03 1.235344509921329973e+03 1.500030177619743426e+03 1.538122031105415090e+03 9.584545105555957889e+02 1.099523949662837822e+03 1.353086352337210656e+03 1.255322883938316409e+03 1.182211665803735286e+03 9.464048930483029380e+02 9.907789289287566135e+02 9.398707790183780162e+02 1.010716124886837179e+03 1.295594240188759841e+03 1.137562567555565010e+03 1.023657569191289781e+03 1.464276689923960021e+03 1.313538506902994413e+03 1.028768520287386764e+03 1.139678143461979289e+03 1.082628584931918795e+03 1.100503351577254080e+03 1.305936909104834285e+03 1.213941910412644802e+03 1.181369116650442265e+03 1.095350508731946547e+03 1.406359532978768129e+03 1.106357953514188239e+03 1.203789425016151881e+03 1.175232539337610660e+03 1.159881012227711608e+03 1.190545571328190817e+03 1.750515943634877203e+03 1.138252014632660803e+03 1.204356626155351023e+03 1.139574333364702625e+03 1.386495107449157558e+03 1.138934544568478714e+03 1.571341818012275326e+03 1.432588894948560892e+03 1.413830978258661162e+03 1.030994979543707359e+03 1.584007279197008984e+03 9.547590662929208065e+02 1.543444514943188324e+03 1.313537585931590911e+03 1.426876663377425075e+03 1.289498732818758981e+03
3.564705882352941444e+02 9.258735153600789545e+02 1.085381560691997720e+03 8.787778922942599138e+02 8.752292359812387303e+02 8.931891168796032616e+02 9.067120672103044399e+02 1.057856704287662978e+03 9.644108864160720032e+02 1.303747578803941451e+03 1.298874331824499222e+03 8.707596622751883615e+02 1.293607366607279801e+03 1.278346212949665642e+03 1.428879084857846919e+03 1.431932124282546056e+03 1.260770533202045954e+03 1.223031463877807710e+03 1.298675690190192199e+03 1.298712346532088077e+03 1.159071452889670354e+03 8.387239785227726543e+02 8.321908870623751682e+02 8.460807890376568139e+02 8.220167232734755771e+02 8.463777804673453602e+02 1.050934750894544550e+03 1.103611068321091352e+03 1.365637872237506826e+03 1.396526929423646607e+03 8.613584010251847758e+02 1.005192229560549436e+03 1.236198265958543971e+03 1.128809400998779211e+03 1.062490248893607031e+03 8.479053165547023809e+02 8.954218905517579969e+02 8.409076955642784696e+02 9.128148898003416889e+02 1.159272558171156334e+03 1.033872146792129342e+03 9.257944505513285094e+02 1.308129430050041492e+03 1.176831228140087433e+03 9.201794500013864990e+02 1.033111671052348356e+03 9.714796060427140674e+02 1.006102837994742799e+03 1.203993425062339384e+03 1.100540382369330928e+03 1.072340643601379952e+03 1.001415869518207842e+03 1.297094019315797141e+03 9.928980062483361735e+02 1.081276560103289739e+03 1.058640668392020416e+03 1.042645593264797981e+03 1.075265156751531549e+03 1.597221022556180287e+03 1.029167661561213436e+03 1.086031132803220316e+03 1.032491621030040506e+03 1.280755199695192914e+03 1.037605856060956057e+03 1.403321098578920783e+03 1.290320459668894955e+03 1.275363667589782381e+03 9.230596566952443709e+02 1.415102417760168692e+03 8.624412268172453651e+02 1.402729178697510406e+03 1.206927309351935264e+03 1.287579906954212447e+03 1.173641173486973457e+03
3.573529411764706083e+02 8.279393951508900500e+02 9.827115027199733959e+02 7.875031462413726331e+02 7.847161890998299896e+02 8.056243683160465707e+02 8.178911222020655032e+02 9.544903848294818545e+02 8.698492333684553159e+02 1.170790696070014064e+03 1.166536185035966128e+03 7.869815849240402486e+02 1.161656013267983099e+03 1.148722765184287482e+03 1.292805642466174504e+03 1.295654933063252656e+03 1.145370309913711253e+03 1.110607252385073934e+03 1.166894611750607510e+03 1.166838357506683451e+03 1.034814044279456311e+03 7.541420071390630255e+02 7.480008560003726643e+02 7.607966738499250141e+02 7.338661972566015947e+02 7.620912848464391800e+02 9.393327915062338889e+02 9.821826601499437857e+02 1.237566669407819745e+03 1.261871176841558963e+03 7.706701345329303194e+02 9.147061730024361168e+02 1.124688446446357602e+03 1.010389717278794933e+03 9.502901845283291777e+02 7.564830451637910755e+02 8.054401498369709316e+02 7.492138622995137212e+02 8.205362608416789953e+02 1.033191988391882660e+03 9.352525113507531387e+02 8.333729748817280552e+02 1.163278131244177985e+03 1.049506758907097719e+03 8.194138063549289654e+02 9.325599374370274290e+02 8.677867468459514839e+02 9.155448496129047271e+02 1.105265283539171151e+03 9.933528403346969071e+02 9.691897092069916653e+02 9.112635550014666705e+02 1.191434036549502935e+03 8.872360152771257162e+02 9.669690819761552802e+02 9.492446398494715822e+02 9.330309808534408376e+02 9.666543523793562827e+02 1.450233081166414195e+03 9.262025889452889942e+02 9.747554666097806830e+02 9.314173295596334583e+02 1.178300268290888198e+03 9.409734810240917113e+02 1.247599554383050645e+03 1.156788259858731635e+03 1.145006064006347287e+03 8.228454094497392362e+02 1.258478556239996351e+03 7.757068527864498719e+02 1.268848062665752877e+03 1.104191067231723537e+03 1.157616492727213654e+03 1.063319884016318156e+03
3.582352941176470722e+02 7.370403265322578363e+02 8.861264504238298514e+02 7.025328619035648217e+02 7.004048882649451571e+02 7.236700203179594837e+02 7.351914753786506935e+02 8.572917902155526235e+02 7.809894940641327139e+02 1.046434716397794546e+03 1.042742563348789417e+03 7.084193679177094509e+02 1.038242641688478443e+03 1.027375302981253981e+03 1.164350239993776540e+03 1.166994572878176541e+03 1.036310957982477930e+03 1.004421724273911764e+03 1.043550073141873781e+03 1.043419452625147414e+03 9.198478495557117185e+02 6.750024765191467395e+02 6.692563851077214849e+02 6.809917661391210686e+02 6.523406400952482045e+02 6.830411230306920061e+02 8.356256194301683990e+02 8.710285265379404791e+02 1.116447582716559509e+03 1.134817478390872793e+03 6.865820446624072702e+02 8.286061817037883657e+02 1.019122513489380026e+03 9.003669512783424125e+02 8.459236971006309886e+02 6.722372884367873667e+02 7.211657059407336874e+02 6.648680614574594756e+02 7.342088921663795418e+02 9.173632468303512724e+02 8.421551322058469395e+02 7.467414301961827050e+02 1.029873272572345741e+03 9.317790527374218073e+02 7.265830603707923956e+02 8.383603615238548628e+02 7.717696290409880930e+02 8.293891726870126604e+02 1.010336188804662129e+03 8.927687817781717285e+02 8.722799849037465947e+02 8.254257298365483848e+02 1.090046922442277037e+03 7.895551694579407922e+02 8.610765259174235098e+02 8.473717497701860566e+02 8.312954879844835432e+02 8.650999640816830834e+02 1.310459038645659803e+03 8.297436420947730085e+02 8.708966829684653703e+02 8.366789426442785498e+02 1.079731315935275234e+03 8.494724044160196854e+02 1.104312293725152358e+03 1.032388337120661618e+03 1.023202182058441736e+03 7.304697097217629107e+02 1.114286136446100500e+03 6.948439034170584137e+02 1.142445179702808673e+03 1.005955791905875230e+03 1.037138729112689816e+03 9.591117612441971687e+02
3.591176470588235361e+02 6.533082722143545880e+02 7.959703571676352567e+02 6.240254882530902023e+02 6.224614593989720106e+02 6.475718573545337904e+02 6.587816678797145187e+02 7.665796628742706389e+02 6.981064553395501662e+02 9.309774199236028380e+02 9.277920282276620583e+02 6.352973634848832489e+02 9.236623360491114454e+02 9.146129714442081422e+02 1.043978941674422003e+03 1.046419692076228785e+03 9.340390058189281035e+02 9.049102955440704363e+02 9.289501008541764122e+02 9.287616801094522998e+02 8.142565538892221184e+02 6.014891919274290331e+02 5.961373128751366721e+02 6.068525359997576061e+02 5.774780474169898525e+02 6.094374417757892388e+02 7.399472115120344142e+02 7.699932204173205719e+02 1.002738756814698945e+03 1.015838762099728797e+03 6.091728429559810820e+02 7.473211565290982890e+02 9.199365088782467410e+02 7.988838664699660512e+02 7.495430494729628208e+02 5.951609475056968677e+02 6.428098562491870780e+02 5.878428782758948046e+02 6.540373297052386761e+02 8.116594980992193769e+02 7.549101553560766433e+02 6.661246342787497952e+02 9.078775152343437185e+02 8.236938208348543640e+02 6.416736672068211647e+02 7.507279478425424486e+02 6.835130356437468890e+02 7.480868784522889428e+02 9.197128719937342112e+02 7.990431981785836797e+02 7.818512241877170936e+02 7.443198371505017121e+02 9.934914437623997401e+02 6.999085707007667452e+02 7.636647851880218241e+02 7.532050161947009883e+02 7.375523372009296281e+02 7.708452579152850603e+02 1.178600020855107232e+03 7.400378998373216746e+02 7.746689886657588886e+02 7.484830891365826346e+02 9.855503355549077469e+02 7.634301364461823596e+02 9.733962568618195519e+02 9.173347677294329969e+02 9.102128589914713075e+02 6.459287446111216013e+02 9.824750776482529773e+02 6.200369441538558704e+02 1.023986289647581202e+03 9.127410045842799491e+02 9.261617626181728156e+02 8.614513393140658764e+02
3.600000000000000000e+02 5.767615891688004695e+02 7.124740847689092789e+02 5.520320389325619317e+02 5.509454792595522576e+02 5.774805921149952610e+02 5.887505102125869598e+02 6.825460515648468345e+02 6.213611466563116892e+02 8.245448762097125837e+02 8.218121230083409046e+02 5.677559131143975719e+02 8.180398394257451855e+02 8.105773698902953583e+02 9.319837755414620233e+02 9.342246186462134574e+02 8.388745697351641866e+02 8.123846986548028326e+02 8.232324558877771778e+02 8.230007485627602364e+02 7.179862615575065092e+02 5.336862390336891622e+02 5.287238003249657368e+02 5.384646007270541759e+02 5.092215425456923867e+02 5.413897649355161548e+02 6.522928434547777670e+02 6.788235260362708914e+02 8.967375577075871433e+02 9.052320472008381103e+02 5.384235692134484452e+02 6.711731433680378132e+02 8.274473536814166437e+02 7.059436294819737441e+02 6.611598688410987279e+02 5.251593321035616100e+02 5.704744745351115398e+02 5.180241313620302890e+02 5.801143387989249049e+02 7.158428074959246032e+02 6.737330278206936782e+02 5.916351921369135880e+02 7.970960813095716730e+02 7.251532415187717788e+02 5.645679913927331199e+02 6.697692712513386368e+02 6.029864551060097710e+02 6.719842043203791491e+02 8.338190479092479563e+02 7.123092746323900428e+02 6.980296354711625781e+02 6.682533356851154167e+02 9.022209719357493896e+02 6.182396494943976677e+02 6.746771015538630536e+02 6.668004860213893608e+02 6.517892152983783944e+02 6.840047341830834284e+02 1.055161641190974251e+03 6.572064162510504275e+02 6.861509969257589319e+02 6.669263631500333531e+02 8.961606853638046459e+02 6.830695550708080646e+02 8.546232618135663870e+02 8.116812779186784610e+02 8.061356069028486218e+02 5.691178096394578461e+02 8.628278644039301071e+02 5.513797744693301865e+02 9.137706335029170077e+02 8.249611435519719862e+02 8.245862334394441859e+02 7.706415618472595952e+02
3.608823529411764639e+02 5.073233524568447024e+02 6.357698344830156429e+02 4.865122238757175523e+02 4.858257959672944821e+02 5.134655774068205574e+02 5.251218622877946700e+02 6.052706092141742147e+02 5.508136512970480680e+02 7.271134765501319634e+02 7.247812638299334367e+02 5.058625896281663472e+02 7.213514387790759201e+02 7.152636285438463801e+02 8.285005551255127330e+02 8.305471443483593248e+02 7.510251921089409279e+02 7.270468658839121190e+02 7.263861609741359189e+02 7.261235559916636930e+02 6.308701416807407441e+02 4.715901774137551001e+02 4.670086494808599014e+02 4.758250355668095608e+02 4.474367643089507283e+02 4.789181573057771288e+02 5.725399164026819108e+02 5.971947167370084344e+02 7.985958602098914980e+02 8.031357930100898557e+02 4.742344170582999823e+02 6.003850957582618548e+02 7.418657544577805538e+02 6.214318729409604884e+02 5.806657059617418781e+02 4.620691285734621943e+02 5.041652254699097853e+02 4.552304500650740806e+02 5.124350820152882307e+02 6.295902134897312408e+02 5.987341610251606880e+02 5.232867638391185210e+02 6.972073901971975829e+02 6.359413756683599104e+02 4.950655045773660845e+02 5.954978270801947247e+02 5.300645784835760423e+02 6.013298688582980276e+02 7.529939478624331741e+02 6.325931973276277631e+02 6.208405445039752522e+02 5.974313578935089026e+02 8.165899098552281430e+02 5.444031879139940884e+02 5.939557918827118783e+02 5.881061740558944848e+02 5.738889290735851318e+02 6.045810271498861539e+02 9.404690331281954059e+02 5.812599457904678957e+02 6.053046460943278362e+02 5.920083301348556688e+02 8.118706393918012054e+02 6.085150158720894069e+02 7.476331937243073753e+02 7.153447299752222079e+02 7.109262568514343457e+02 4.998520296231852740e+02 7.549926557273997787e+02 4.888895623335156415e+02 8.119463482260530327e+02 7.429314134348423977e+02 7.322213662845350655e+02 6.868674315552063945e+02
3.617647058823529278e+02 4.448402635485115866e+02 5.659070915992741675e+02 4.273513348510575156e+02 4.269971547100581120e+02 4.555296607487352389e+02 4.678699864988521995e+02 5.347365081366062896e+02 4.864374249520019475e+02 6.385331633697975349e+02 6.365518070852242545e+02 4.496247113242189926e+02 6.334479816752788111e+02 6.285426876160000802e+02 7.335286597075720465e+02 7.353883122100344281e+02 6.706017994088570049e+02 6.490048010377519176e+02 6.382741987276112923e+02 6.379909763341139524e+02 5.526532410502940138e+02 4.151234560129227589e+02 4.109108043011494260e+02 4.188559036351260829e+02 3.919293435380354254e+02 4.219658039784529819e+02 5.004691336677797722e+02 5.247355452536303346e+02 7.083373674404723488e+02 7.095494499074537771e+02 4.164418518382813090e+02 5.350910453234466786e+02 6.633109522281311001e+02 5.451391799868431463e+02 5.078530501587807748e+02 4.056770995100824848e+02 4.438059944297763195e+02 3.992324703550846721e+02 4.509124224967392252e+02 5.525187241727649052e+02 5.299308146948632157e+02 4.610086097289619715e+02 6.077930603925898367e+02 5.557494769225451137e+02 4.329036784812362271e+02 5.278501667605465855e+02 4.645480411830893104e+02 5.362850881684234992e+02 6.774946530785670120e+02 5.598302942521097521e+02 5.502225785878596298e+02 5.319666181540823118e+02 7.368627120797614225e+02 4.781862943483801018e+02 5.212640131242192183e+02 5.169818086690497694e+02 5.036503958039132840e+02 5.324830746143187525e+02 8.346852570260174389e+02 5.121158587486459055e+02 5.319949766881767346e+02 5.236459081240643627e+02 7.328995432699372259e+02 5.398009998851398450e+02 6.519662392470937675e+02 6.281293778969444475e+02 6.244217161580654647e+02 4.378868119658417299e+02 6.585156270811813783e+02 4.325218760606441606e+02 7.185284129463299223e+02 6.668765123689717029e+02 6.488075865099639259e+02 6.102118415185867661e+02
3.626470588235293917e+02 3.891015079924754332e+02 5.028694200927578208e+02 3.743773197886310982e+02 3.742970310244862162e+02 4.036246019563322989e+02 4.169349771348074114e+02 4.708472679257847062e+02 4.281344891262745591e+02 5.585509627360625018e+02 5.568734294596506516e+02 3.990026049091764548e+02 5.540782058621119859e+02 5.501840132067220566e+02 6.469519810412049310e+02 6.486333592818266425e+02 5.976359207318686231e+02 5.782896798869008990e+02 5.586566183811939936e+02 5.583609943330022816e+02 4.830167540742447159e+02 3.641484347107411281e+02 3.602894248235634791e+02 3.674183863854808578e+02 3.424619882180938930e+02 3.704123945276000427e+02 4.357853726451748457e+02 4.610515278324546102e+02 6.258763086639115727e+02 6.243544623644270359e+02 3.648355066959231863e+02 4.753480379284429205e+02 5.918266232256274861e+02 4.767833051193759957e+02 4.424361275913909139e+02 3.557380994764834554e+02 3.892539067092964729e+02 3.497712375136405853e+02 3.953927120213055559e+02 4.842087949004293250e+02 4.672604713920013637e+02 4.046607640603068035e+02 5.283665293167288155e+02 4.842005200241939065e+02 3.777780550133336419e+02 4.667022907768360369e+02 4.061838352421528384e+02 4.769355792835575585e+02 6.075015724621509889e+02 4.938818287212941414e+02 4.860426852451677746e+02 4.718909560636146239e+02 6.632248794821833826e+02 4.193287699639175230e+02 4.563069973089995415e+02 4.532187261540931331e+02 4.408093258125679199e+02 4.675448398438779236e+02 7.378321854556998005e+02 4.496155784627536036e+02 4.660100793782800110e+02 4.616884870681123516e+02 6.593859431501950894e+02 4.768826033363504280e+02 5.670935196022900300e+02 5.497511466818450572e+02 5.463628967076941763e+02 3.829375588827396086e+02 5.728717122366430203e+02 3.821860698369284250e+02 6.334182689388278504e+02 5.969415545800117116e+02 5.740382597893030834e+02 5.406727694469728931e+02
3.635294117647058556e+02 3.398570417456646169e+02 4.465915294709453747e+02 3.273775082474881515e+02 3.275221948132094667e+02 3.576665567325861730e+02 3.722378682069535785e+02 4.134438913329291836e+02 3.757509180433771689e+02 4.868340926359685454e+02 4.854161081960014030e+02 3.539231561971770361e+02 4.829116682374107086e+02 4.798780165500045314e+02 5.685602114748719487e+02 5.700730150861784296e+02 5.320975002868644879e+02 5.148734992713472138e+02 4.872132824958068795e+02 4.869114868219550090e+02 4.216011802649912283e+02 3.184814983067675485e+02 3.149580415463778991e+02 3.213270173578728759e+02 2.987708118162915980e+02 3.240877723797141243e+02 3.781377071446789273e+02 4.057462235460488955e+02 5.510366642158322747e+02 5.473357792058199038e+02 3.191744710848595332e+02 4.211492376418793242e+02 5.273973645533337731e+02 4.160305506164381768e+02 3.840709261503907896e+02 3.119920951847031461e+02 3.403144074167357189e+02 3.065755086060568146e+02 3.456715574036076077e+02 4.242259559812740122e+02 4.105950912106066539e+02 3.540493124830847478e+02 4.583997719948667395e+02 4.208724176422150549e+02 3.293611468497790611e+02 4.118858712523024792e+02 3.546849022621668155e+02 4.233049117064416578e+02 5.431264070074532810e+02 4.345518884998369913e+02 4.281114095347542161e+02 4.171679383667736261e+02 5.957953592679774601e+02 3.675424527670738257e+02 3.987523024457065048e+02 3.965593121883550225e+02 3.850580766574668132e+02 4.095439622562181512e+02 6.498128173950018436e+02 3.935419615263362516e+02 4.070806380188176945e+02 4.059332043715989471e+02 5.913972014144142122e+02 4.196472333069820593e+02 4.924455537095049635e+02 4.798612318869107867e+02 4.764171780228656417e+02 3.346982743884570368e+02 4.974932184904290580e+02 3.377605716095400226e+02 5.564242340776263518e+02 5.332045536633465872e+02 5.075801402964123668e+02 4.781811815752804478e+02
3.644117647058823195e+02 2.968349195160535032e+02 3.969761097725474883e+02 2.861146333060062261e+02 2.864445763171811450e+02 3.175511965811178925e+02 3.336950570839376269e+02 3.623217962106891150e+02 3.290921712771709622e+02 4.229920972957675076e+02 4.217921225775394873e+02 3.142932462422743356e+02 4.195606969221269082e+02 4.172576048678550364e+02 4.980698617738135567e+02 4.994245426605883154e+02 4.739127290008321438e+02 4.586867155468285659e+02 4.235657056252050552e+02 4.232620761905077984e+02 3.680279615865806591e+02 2.779068632021898111e+02 2.746983628105079447e+02 2.803635800106686702e+02 2.605806380675419405e+02 2.827854131079605509e+02 3.271381854001783154e+02 3.584403145528221444e+02 4.835713255771012768e+02 4.782032116220472062e+02 2.792026514368426433e+02 3.724376525312470108e+02 4.699652765847250180e+02 3.625158654015672823e+02 3.323740126873533427e+02 2.741799535496546127e+02 2.967559807409807604e+02 2.693777366936764679e+02 3.015091179424194934e+02 3.721403749454089507e+02 3.597556661820792101e+02 3.089413224472085631e+02 3.973477506341842513e+02 3.653195545454593685e+02 2.873198919111813439e+02 3.632039490968441555e+02 3.097485783604802805e+02 3.753685919116788341e+02 4.844219818219116860e+02 3.816038995071180580e+02 3.761979360646681698e+02 3.677060364446520566e+02 5.346398218609319883e+02 3.225292125677875106e+02 3.482487426083693549e+02 3.467155488292092400e+02 3.360642963031706358e+02 3.582198312503012971e+02 5.704341844958137244e+02 3.436361730489971933e+02 3.548986011271355778e+02 3.561399353696466505e+02 5.289401149031673413e+02 3.679269582437208328e+02 4.274381661412112408e+02 4.180685061402844553e+02 4.141998808728073413e+02 2.928588065313938387e+02 4.317959142282183507e+02 2.991076678259500454e+02 4.872819811953121985e+02 4.756899273454711192e+02 4.490922534446634131e+02 4.226190475065038754e+02
3.652941176470588402e+02 2.597573375277491436e+02 3.539100226991964178e+02 2.503418116854758182e+02 2.508261579439182185e+02 2.831681087859229820e+02 3.012317758562625158e+02 3.172471235111168539e+02 2.879378856940394371e+02 3.665975435232961672e+02 3.655766495902636848e+02 2.800127458157427895e+02 3.636009253340892542e+02 3.619184271966008737e+02 4.351444800667350705e+02 4.363519782378162972e+02 4.229813811722679588e+02 4.096353560266126124e+02 3.672975326123026321e+02 3.669946182978789011e+02 3.219193101272448985e+02 2.421897501221121161e+02 2.392734420000864475e+02 2.442903811363592865e+02 2.276191164592995619e+02 2.462753963482367112e+02 2.823790627861087614e+02 3.187883831648921955e+02 4.231806691560408353e+02 4.166120510567982365e+02 2.446629893924898340e+02 3.291200438438734750e+02 4.194461747631352750e+02 3.158613374253914685e+02 2.869398721263314656e+02 2.420578751405154492e+02 2.583241605457390619e+02 2.379286036774131503e+02 2.626446125352525200e+02 3.275442561450473704e+02 3.145266382230433351e+02 2.690790893154803598e+02 3.446703680301162080e+02 3.170923795607983493e+02 2.513315181700910443e+02 3.204458245302075170e+02 2.710736351158827233e+02 3.330683813935797275e+02 4.313933728877037765e+02 3.347763907230435052e+02 3.300445411193435916e+02 3.233719258447690663e+02 4.797843424709373039e+02 2.839973709770590062e+02 3.044437625498913462e+02 3.033863175360441460e+02 2.934880606826050666e+02 3.132906998731068597e+02 4.994301306080702716e+02 2.996136826012393612e+02 3.091346523546864091e+02 3.120456196382917824e+02 4.719721301578362045e+02 3.215110365357979276e+02 3.714956392700257766e+02 3.639603384619258009e+02 3.592943348630955143e+02 2.571205551532687537e+02 3.752023657642171202e+02 2.660874688994384201e+02 4.256745171042801985e+02 4.243824838271092972e+02 3.982430379813509376e+02 3.738369443231626406e+02
3.661764705882353041e+02 2.283551899406806740e+02 3.172794941565265958e+02 2.198162822705215831e+02 2.204326526724458688e+02 2.544141968359334385e+02 2.747943678708858215e+02 2.779721085672932759e+02 2.520558363604787928e+02 3.172049939389031010e+02 3.163266423930285214e+02 2.509867945864996273e+02 3.145901270823734421e+02 3.134374999754101623e+02 3.794136872872759341e+02 3.804851915133301645e+02 3.791932398879682182e+02 3.676172099254602017e+02 3.179733447349312883e+02 3.176720116137477703e+02 2.829160281664918557e+02 2.110886918249768200e+02 2.084399569790099065e+02 2.128626379394087280e+02 1.996295205934545436e+02 2.143166078437186570e+02 2.434483281465857942e+02 2.864933621916985658e+02 3.695301614472050460e+02 3.621825172816366489e+02 2.153103938594190083e+02 2.910806030415685086e+02 3.757450894167330375e+02 2.756928954542533461e+02 2.473565453624356678e+02 2.154103619624721659e+02 2.247546158508555436e+02 2.120100187810139971e+02 2.288098081149187806e+02 2.900670474122976543e+02 2.746697952180941797e+02 2.341934431788636175e+02 2.998518218970298221e+02 2.757549381160237658e+02 2.210977203904617170e+02 2.834009393264013852e+02 2.383757557725864729e+02 2.963263848780186436e+02 3.840098047149835452e+02 2.937977374225165477e+02 2.893801640615179167e+02 2.840035704806628587e+02 4.312290749576381472e+02 2.516764116787437331e+02 2.669991300032455683e+02 2.662732037498455497e+02 2.569973373915399861e+02 2.744695279340299976e+02 4.364833503191928799e+02 2.611791304360045274e+02 2.694542250650765709e+02 2.733776769767326300e+02 4.204127977042296607e+02 2.801582443947747265e+02 3.240709876488742225e+02 3.171215537792837154e+02 3.112702882389338015e+02 2.272105479125558531e+02 3.271624133113702442e+02 2.385708151988531824e+02 3.712511630561409106e+02 3.792414593180887437e+02 3.547256469500405842e+02 3.316708522302816391e+02
3.670588235294117680e+02 2.023810110900922439e+02 2.869840478262677834e+02 1.943117651343451087e+02 1.950458268651429421e+02 2.312058517181334025e+02 2.543611788958108662e+02 2.442492638033549213e+02 2.212148471525426316e+02 2.743680604795471822e+02 2.735978053061478477e+02 2.271371467338268531e+02 2.720851389494567343e+02 2.713900242140454111e+02 3.304907402205120661e+02 3.314374850888891046e+02 3.424432739564741723e+02 3.325367504968687626e+02 2.751556157043394819e+02 2.748551426259580239e+02 2.506932352397909085e+02 1.843668176539391936e+02 1.819594589625631045e+02 1.858398395739048681e+02 1.763822134223315174e+02 1.866680088870966188e+02 2.099434287855142429e+02 2.613186660884012440e+02 3.222667040209306606e+02 3.145177199971208211e+02 1.909232893093443124e+02 2.581940865644282326e+02 3.387707275196805199e+02 2.416550862529675499e+02 2.132195009764587326e+02 1.940616974823879843e+02 1.957851163083681172e+02 1.914465509937484171e+02 1.997413174897265549e+02 2.593884851726080001e+02 2.399373704307625133e+02 2.040159524540760572e+02 2.624173647408338184e+02 2.409002746449115477e+02 1.963571240534071194e+02 2.518716021613266776e+02 2.114013623355880611e+02 2.650585420362619402e+02 3.422168732341797863e+02 2.583996991607429550e+02 2.539329086504879172e+02 2.494227953349825384e+02 3.889615499502477292e+02 2.253298826327216489e+02 2.356048529570346091e+02 2.350946400752833085e+02 2.262816737406736820e+02 2.414783658233840242e+02 3.812462411673685097e+02 2.280398855398148612e+02 2.355318992546895345e+02 2.398663143228885417e+02 3.741551680690375292e+02 2.436086941563330015e+02 2.846633667779616417e+02 2.771513983726501351e+02 2.697004856367919956e+02 2.028938444599779416e+02 2.871707717908767563e+02 2.164509062761345319e+02 3.236452159518406688e+02 3.402142079406451671e+02 3.182713732099192612e+02 2.959577993201986601e+02
3.679411764705882888e+02 1.816201997614535060e+02 2.629489437814619350e+02 1.736293371043313698e+02 1.744743662502120571e+02 2.134897141193773678e+02 2.399519274196777303e+02 2.158442151254871249e+02 1.951965074504145434e+02 2.376544477113058349e+02 2.369595753677413654e+02 2.084123957207411308e+02 2.356567942534089468e+02 2.353642685791429869e+02 2.879884323571411073e+02 2.888215169259139543e+02 3.126452925351010208e+02 3.043185226438476434e+02 2.384196893547044453e+02 2.381178590089559748e+02 2.249739539201429466e+02 1.618020137051180996e+02 1.596084917017591920e+02 1.629959729635414760e+02 1.576847468336652298e+02 1.630988441078524147e+02 1.814831905233292275e+02 2.430980576556153778e+02 2.810335171840104067e+02 2.732199130744491526e+02 1.713137404877107883e+02 2.303381353940626468e+02 3.084486383982227835e+02 2.134238902984541539e+02 1.841436931724628607e+02 1.778859169349697709e+02 1.711663091879043748e+02 1.761153050379431306e+02 1.751916172420762337e+02 2.352495319052707146e+02 2.100841398884529383e+02 1.782899111511979413e+02 2.319475126049504752e+02 2.121637398268622690e+02 1.768960621696263331e+02 2.256844457474553280e+02 1.899397546133412504e+02 2.391872025144017471e+02 3.059486802628672422e+02 2.283295987413296473e+02 2.234413338994953904e+02 2.194471216878115740e+02 3.529692850547365310e+02 2.047664717888989969e+02 2.099913337935875290e+02 2.095982973403249616e+02 2.010640608686501025e+02 2.140611327060196913e+02 3.333601903270364915e+02 1.999181829789222320e+02 2.070641124977714753e+02 2.112555977553039952e+02 3.330768638413752001e+02 2.115949185437196718e+02 2.528326807661061082e+02 2.436783962308925311e+02 2.341753293188206726e+02 1.839842730395232024e+02 2.547818297540251251e+02 1.996535104693942628e+02 2.824900193363637300e+02 3.072491862739759654e+02 2.886611843120094250e+02 2.665500794640859112e+02
3.688235294117646959e+02 1.659005404200588600e+02 2.451359914888687115e+02 1.576068023440292052e+02 1.585632714232587261e+02 2.012519154729592401e+02 2.316354163361726535e+02 1.925470910954567216e+02 1.738056231168587544e+02 2.066589953722637176e+02 2.060081156581257176e+02 1.947969652118612771e+02 2.049028795955233022e+02 2.049745383277391966e+02 2.515332617628249068e+02 2.522635046933158947e+02 2.897438758452323100e+02 2.829188057234228495e+02 2.073668173081828456e+02 2.070599869151275527e+02 2.055405956828270746e+02 1.431959410573831235e+02 1.411875610780717807e+02 1.441285889231824058e+02 1.433906537496440308e+02 1.433977599560946601e+02 1.577179922268589394e+02 2.317433107482281400e+02 2.454834940558968128e+02 2.379049582752209915e+02 1.563361660251169383e+02 2.074046072817652089e+02 2.847329107433206445e+02 1.907176165790604614e+02 1.597739009361931437e+02 1.668153043686552621e+02 1.506712599335389768e+02 1.659542486967343109e+02 1.549387693843979150e+02 2.174613345171573826e+02 1.848783750290252215e+02 1.567800963139128783e+02 2.080898632833001898e+02 1.892342949831358112e+02 1.625577083600250319e+02 2.047005774606722355e+02 1.738335851327142052e+02 2.186525713373753774e+02 2.751395664819187346e+02 2.033611176477590163e+02 1.976645164090790274e+02 1.939007259205104958e+02 3.232514531312099848e+02 1.898492701142730539e+02 1.899397782090680948e+02 1.895716778177046251e+02 1.811110187195824892e+02 1.919947353933164038e+02 2.924731094753014418e+02 1.765618208001175446e+02 1.837801599051057622e+02 1.873132685560098025e+02 2.970506770207935006e+02 1.838520885110955874e+02 2.282115251151515736e+02 2.163731532923515033e+02 2.043156669337203937e+02 1.703535236667276251e+02 2.296217802324882484e+02 1.881456596220013751e+02 2.474333451852502606e+02 2.803080000762031432e+02 2.657354174113020235e+02 2.433278857592596864e+02
3.697058823529411598e+02 1.551000066513649926e+02 2.335525819619540755e+02 1.461265646725094882e+02 1.472017384406566123e+02 1.945256719234095328e+02 2.295355026798611391e+02 1.741824236695212278e+02 1.568793348247986899e+02 1.810147804310983872e+02 1.803773818835668976e+02 1.863187359953674616e+02 1.794591591962546886e+02 1.798722674804980102e+02 2.207778441678117360e+02 2.214156614200310287e+02 2.737244223069602072e+02 2.683353780002430540e+02 1.816352769072115336e+02 1.813184367361288025e+02 1.922443802308435750e+02 1.283818858757219346e+02 1.265289372204383653e+02 1.290667121266847062e+02 1.334069648556873062e+02 1.273808175289875919e+02 1.383383120722675983e+02 2.272497221974558386e+02 2.152909713786678481e+02 2.082149668471434723e+02 1.458946353729069472e+02 1.893097492675463229e+02 2.676162115373024903e+02 1.733059156075488545e+02 1.397934112829523485e+02 1.608473996129094985e+02 1.341037733665027361e+02 1.609690195997155229e+02 1.387948348648162096e+02 2.059122464202314688e+02 1.641115982143270458e+02 1.392812688569519253e+02 1.905686352238259076e+02 1.718639011053917329e+02 1.532496387482275964e+02 1.888243753770763362e+02 1.629876867843357786e+02 2.034228018776626072e+02 2.497351556376917756e+02 1.833036649052651512e+02 1.763908244519864184e+02 1.726244149221398345e+02 2.998294015402000241e+02 1.805032175653557829e+02 1.752909191705851129e+02 1.748509325712641953e+02 1.662409337847928157e+02 1.750985146457131805e+02 2.582550473684680128e+02 1.577534095813545321e+02 1.654515240010648540e+02 1.678392562496956373e+02 2.659545141109562110e+02 1.601272684159497430e+02 2.105146175517239726e+02 1.949591224881459652e+02 1.797837451908307287e+02 1.619386481146251811e+02 2.113982222475265758e+02 1.819427372371260390e+02 2.181499942650895036e+02 2.593762496376799618e+02 2.494016569125437002e+02 2.262101946546115130e+02
3.705882352941176805e+02 1.491528246024462874e+02 2.282588082234523768e+02 1.391219431674620637e+02 1.403295178991368459e+02 1.933971383045922039e+02 2.338351885315935021e+02 1.606174468972394322e+02 1.442948405906803657e+02 1.604022712576255287e+02 1.597482626343849859e+02 1.830551821742685661e+02 1.590084757572276430e+02 1.597552034154356306e+02 1.954114673930998265e+02 1.959667859696188543e+02 2.646211209249698300e+02 2.606152105963415693e+02 1.609095833985654451e+02 1.605763957886008484e+02 1.850126891731343619e+02 1.172314181354979183e+02 1.155032668262549720e+02 1.176775316129652538e+02 1.277004449657304264e+02 1.148983502844989886e+02 1.230816582560582617e+02 2.296994908118863350e+02 1.901618256195705783e+02 1.838290126613192967e+02 1.399487354375114023e+02 1.760030361276213284e+02 2.571379845285599686e+02 1.610169313050299706e+02 1.239311025953269620e+02 1.600505191443344870e+02 1.213054436717672502e+02 1.612381837452486764e+02 1.266129596070573342e+02 2.005729760132832382e+02 1.476069956630611841e+02 1.256254084168852785e+02 1.791920214241004885e+02 1.598750491535968479e+02 1.489498085188651544e+02 1.780108425496837299e+02 1.573762389025244488e+02 1.935025548375606377e+02 2.297023785374908016e+02 1.680102536683550056e+02 1.594453746919368200e+02 1.554844577761628841e+02 2.827557108902501000e+02 1.767207401520291796e+02 1.659520448138096356e+02 1.653278427217710487e+02 1.563306524636442134e+02 1.632419383691728854e+02 2.304116919877624809e+02 1.433181359247802789e+02 1.518994817683988288e+02 1.526728459512158338e+02 2.396804631366267984e+02 1.401875873610070755e+02 1.995457801441556853e+02 1.792213311121848278e+02 1.602923414167532314e+02 1.587479447424268812e+02 1.999073123819008799e+02 1.811138600199456619e+02 1.943525088855878380e+02 2.444729122381135085e+02 2.396407617946368305e+02 2.151637377744294213e+02
3.714705882352941444e+02 1.480539269616515980e+02 2.293726880594640249e+02 1.365820515246599314e+02 1.379418227385605746e+02 1.980095195898856275e+02 2.447788421143517894e+02 1.517689228894872429e+02 1.359758229289792268e+02 1.445568117519101463e+02 1.438560505909230471e+02 1.851380148768083416e+02 1.432881915599366494e+02 1.443749642620644522e+02 1.751690286488085633e+02 1.756512188962913399e+02 2.625228736178656845e+02 2.598601015674278756e+02 1.449280391498380425e+02 1.445708651728709810e+02 1.838545074274647391e+02 1.096599724811024430e+02 1.080251188151718651e+02 1.098720288406140071e+02 1.263026735233658968e+02 1.058407979351887747e+02 1.117381601885651605e+02 2.392630741798727740e+02 1.698421009075829886e+02 1.644721656644344705e+02 1.385181099069271511e+02 1.674746981710278533e+02 2.533908013645133792e+02 1.537427794672420305e+02 1.119671746938278432e+02 1.645678375376350573e+02 1.121615903938855041e+02 1.669170215886237258e+02 1.182932562489855712e+02 2.014999948188449821e+02 1.352266049715436509e+02 1.156877995893233475e+02 1.738576075240436296e+02 1.531666414333522823e+02 1.497110948466066134e+02 1.722716081900592826e+02 1.570483967728249866e+02 1.889399837494787846e+02 2.150384187038365837e+02 1.573840167415172573e+02 1.466962878264232018e+02 1.423803623436894554e+02 2.721217978103003929e+02 1.785656684743688629e+02 1.619024820953264054e+02 1.609551045640004645e+02 1.513205054455248728e+02 1.563506865692822316e+02 2.086959180276298582e+02 1.331301942029632244e+02 1.430011940361488882e+02 1.416986325353080360e+02 2.181430415771727667e+02 1.238274402430733119e+02 1.952027613589206965e+02 1.690132902663636685e+02 1.456123116097053583e+02 1.608653404075043909e+02 1.950387483874800978e+02 1.857855885230358695e+02 1.758001757436751973e+02 2.356582203664185045e+02 2.365111729242077843e+02 2.102101117845459726e+02
3.723529411764706083e+02 1.518617833920912403e+02 2.370733854423666571e+02 1.385552249334203054e+02 1.400927826543981496e+02 2.085653605148505108e+02 2.626724510889567910e+02 1.476084481491512577e+02 1.318975332582016335e+02 1.332744698396603553e+02 1.324963043326459626e+02 1.927562314731908089e+02 1.320960077251457108e+02 1.335429814739625556e+02 1.598383351481064949e+02 1.602561670909200302e+02 2.675770522446865129e+02 2.662301436284551528e+02 1.334886845359779386e+02 1.330985925984028313e+02 1.888639651754275235e+02 1.056313434080459217e+02 1.040574423718220061e+02 1.056095047212718328e+02 1.293139445881668621e+02 1.001435092338551698e+02 1.041548673532380036e+02 2.561984994703440179e+02 1.541251437804666296e+02 1.499228187592825066e+02 1.416856422860728912e+02 1.637618091503007633e+02 2.565247354606764816e+02 1.514433823023670698e+02 1.037375894464916826e+02 1.746199850892050165e+02 1.066060680354013357e+02 1.782397780141212991e+02 1.137874914360898089e+02 2.088372094387279105e+02 1.268772300088637053e+02 1.093919883154079571e+02 1.745559244117306150e+02 1.517182808557120381e+02 1.556643810428215602e+02 1.716795071317642112e+02 1.621323482741368878e+02 1.898320363568774951e+02 2.057783485259711824e+02 1.513833276584288967e+02 1.380597348981217465e+02 1.332515005741074958e+02 2.680638375965681917e+02 1.861754275372939276e+02 1.631975434228347979e+02 1.617499241859731285e+02 1.512177582956580579e+02 1.544110992124585948e+02 1.929173015556855262e+02 1.271178830604886514e+02 1.386942571639022219e+02 1.348512325013557529e+02 2.012864480320729967e+02 1.108746692883609057e+02 1.974799461339976290e+02 1.642621021398567507e+02 1.355786128557950008e+02 1.684532400884887124e+02 1.967786291352572903e+02 1.961438862866330624e+02 1.623062974351467744e+02 2.330398517195772286e+02 2.401514503776349443e+02 2.114309096732441446e+02
3.732352941176470722e+02 1.606996564438292125e+02 2.516024170499383956e+02 1.451510218777580405e+02 1.468974780890824547e+02 2.253270012829004827e+02 2.878818719790873502e+02 1.481662668083515371e+02 1.320905753366857027e+02 1.264164187080892816e+02 1.255292457469269181e+02 2.061575194217272156e+02 1.252943353637822099e+02 1.271349835722744643e+02 1.492658757980038899e+02 1.496274931081425734e+02 2.799910713653146104e+02 2.799450040937725248e+02 1.264537771703971032e+02 1.260205490997111610e+02 2.002220108045107736e+02 1.051611483153440929e+02 1.036150064209923300e+02 1.049010781203906788e+02 1.369060065395572394e+02 9.779056770826288414e+01 1.002388995119206783e+02 2.808486618033692821e+02 1.428573541863995047e+02 1.400184450315696267e+02 1.495993013931416442e+02 1.649529190107104455e+02 2.667497065574800672e+02 1.541487484079096930e+02 9.913736266554973042e+01 1.905061378618609922e+02 1.046250155915568314e+02 1.955203787628818475e+02 1.131026324116127313e+02 2.228159206240592312e+02 1.225151132885131204e+02 1.067136587745756060e+02 1.813722329080209477e+02 1.555930485935221839e+02 1.670201990929502642e+02 1.763717219295124607e+02 1.728378324872924168e+02 1.963280088440347697e+02 2.020013433696051379e+02 1.500255757906710414e+02 1.335038242427116870e+02 1.280826011222318357e+02 2.707669183781658830e+02 1.997615126409865240e+02 1.699709561251440277e+02 1.677959549659290417e+02 1.560985776102648401e+02 1.574730455978142061e+02 1.829496729396665842e+02 1.252674320918673203e+02 1.389798206989162850e+02 1.321188125209671398e+02 1.890907977688079882e+02 1.011957919609040317e+02 2.064690927950952926e+02 1.649718641841297995e+02 1.300949160706906014e+02 1.817538549520319577e+02 2.052103473370231370e+02 2.124343277395205121e+02 1.537438221731563885e+02 2.367773322128128655e+02 2.507810572185786668e+02 2.189708785236310007e+02
3.741176470588235361e+02 1.747553250010718671e+02 2.732628331378439270e+02 1.565408401633448250e+02 1.585325549438912844e+02 2.486151843369970891e+02 3.208290881209850340e+02 1.535336343093553353e+02 1.366434020218248975e+02 1.239119593690254106e+02 1.228828196038086702e+02 2.256479939890366211e+02 1.228133076588772781e+02 1.250941221262330174e+02 1.433611562559244703e+02 1.436740724417096260e+02 3.000317710596119696e+02 3.012830212308374485e+02 1.237529301390019754e+02 1.232650565028958454e+02 2.181962683216669916e+02 1.083192713747254174e+02 1.067668351146339347e+02 1.078121711733515298e+02 1.493236342832126411e+02 9.881767020363699316e+01 9.995955473487803999e+01 3.136366186324522687e+02 1.359426161327329510e+02 1.346598789041330235e+02 1.624726666273096782e+02 1.711911776874480040e+02 2.843357728850174340e+02 1.619597694697010581e+02 9.812281539743038650e+01 2.126035738514741524e+02 1.062595919553854031e+02 2.191515574869655154e+02 1.163032859833257930e+02 2.437530894805915409e+02 1.221493899334801512e+02 1.076834847006817455e+02 1.944866358970878082e+02 1.649388300518773747e+02 1.840689495366887343e+02 1.865514863080001362e+02 1.894571085644881521e+02 2.086313330368014931e+02 2.038353726038797618e+02 1.533896100547598280e+02 1.330513616235573977e+02 1.269081016100564057e+02 2.804673484191914667e+02 2.196082816437568397e+02 1.824358196208042955e+02 1.792436341616242146e+02 1.661085382026907951e+02 1.656512464280490633e+02 1.787367623593504220e+02 1.276256080774538617e+02 1.439243064426053991e+02 1.335454588188901823e+02 1.815772558989810364e+02 9.470030543686681312e+01 2.223581685708811619e+02 1.712254569244755089e+02 1.291369150643634782e+02 2.010889956951123736e+02 2.205135775571780812e+02 2.349605428642764764e+02 1.500493954055474148e+02 2.470845877051800699e+02 2.686993629368994903e+02 2.330390959317195438e+02
3.750000000000000000e+02 1.942792926635756885e+02 3.024163453456004049e+02 1.729571374504376990e+02 1.752354565717271839e+02 2.788057975318171202e+02 3.619864198553293022e+02 1.638637357858948178e+02 1.457035476738080320e+02 1.257602928365060819e+02 1.245545071988754700e+02 2.515902104442809275e+02 1.246525680319034421e+02 1.274328444482612213e+02 1.420996958726489652e+02 1.423707928178907878e+02 3.280226201954619114e+02 3.305781208183307740e+02 1.253850145959554823e+02 1.248296868610822372e+02 2.431390717312930576e+02 1.152313339054645525e+02 1.136376701447732955e+02 1.144640190216958047e+02 1.668850042237938283e+02 1.033141034005404464e+02 1.033494555889444371e+02 3.550588723157109143e+02 1.333455061259305126e+02 1.338142164363596009e+02 1.805841024747605275e+02 1.826759554440150737e+02 3.096113272744042320e+02 1.750475705793970178e+02 1.007128778085539835e+02 2.413656153948018073e+02 1.116077220063191646e+02 2.496023417579852151e+02 1.235130681531598356e+02 2.720478730710692048e+02 1.258443719177324454e+02 1.123889893589999929e+02 2.141725430710402520e+02 1.799882359673156884e+02 2.071796482081301178e+02 2.024883085496530555e+02 2.123643423439971230e+02 2.269995685466407735e+02 2.114602961622072144e+02 1.616168833384826655e+02 1.367815168045889607e+02 1.298153646362420091e+02 2.974530466676824858e+02 2.460700391246090817e+02 2.008840577140408925e+02 1.963089504283038025e+02 1.814617198700417475e+02 1.791250876244638732e+02 1.802960109865754532e+02 1.343011427487510332e+02 1.536597910744538638e+02 1.392324259989080133e+02 1.788120500014274228e+02 9.134414055810704269e+01 2.454283625158196003e+02 1.831847454409130762e+02 1.327544246540079484e+02 2.268582877626359675e+02 2.429614318400594755e+02 2.640808988707852905e+02 1.512259409704375344e+02 2.642305995337757167e+02 2.942828601044451489e+02 2.539081624028314366e+02
3.758823529411764639e+02 2.195814969395953540e+02 3.394784470011887834e+02 1.946912732485732818e+02 1.973022443773971020e+02 3.163247631617696811e+02 4.118687536948795014e+02 1.793711778622611064e+02 1.594775810615429918e+02 1.320311204565238938e+02 1.306119912432203023e+02 2.843994331440991914e+02 1.308818820880466944e+02 1.342335721791884566e+02 1.455247204788100532e+02 1.457602706464289213e+02 3.643387771615713291e+02 3.682145839514734575e+02 1.314188771525199115e+02 1.307819947245085928e+02 2.754836600378204707e+02 1.260791595852777220e+02 1.244084540715435452e+02 1.250341850023992976e+02 1.899807993869219445e+02 1.114238104424712219e+02 1.105047856890880524e+02 4.056766482809827608e+02 1.350933246513356210e+02 1.375164242917846309e+02 2.042745679059983956e+02 1.996629028569384161e+02 3.429592219081775397e+02 1.936514610354516037e+02 1.069894957258812127e+02 2.773178988997798342e+02 1.208248726543427125e+02 2.874138360234230731e+02 1.349148960903204397e+02 3.081764137761579150e+02 1.337206525012970530e+02 1.209754181717521675e+02 2.407934947425821690e+02 2.010570880579334414e+02 2.367971562509345347e+02 2.245166672682270530e+02 2.420133719563844465e+02 2.517425919706847992e+02 2.251092913573476437e+02 1.749112853101997587e+02 1.448304027928575408e+02 1.369467546998069452e+02 3.220619708465922031e+02 2.795664185575465694e+02 2.256843596288338460e+02 2.192706490471121867e+02 2.024383834982861288e+02 1.981369271760107154e+02 1.877206077360882546e+02 1.454649786471659070e+02 1.683830717190870416e+02 1.493382483681589861e+02 1.809093049138144806e+02 9.113228271765723321e+01 2.760492776644547916e+02 2.010892543999715372e+02 1.410722959115997241e+02 2.595357647488357316e+02 2.729158193952713987e+02 3.002034135147945335e+02 1.573437991164514926e+02 2.885381019930606499e+02 3.279805325862170093e+02 2.819114237361943651e+02
3.767647058823529278e+02 2.510265554351288131e+02 3.849115384360144958e+02 2.220899725143937928e+02 2.250840312327851223e+02 3.616411180138628652e+02 4.710238275880338392e+02 2.003300680190187961e+02 1.782297914507329608e+02 1.428641177118279302e+02 1.411927003333775588e+02 3.245381702570839479e+02 1.416406423864953581e+02 1.456482354776204318e+02 1.537476285038523258e+02 1.539533118838915584e+02 4.094000616734878122e+02 4.146197573562935190e+02 1.419929549840926768e+02 1.412591342097473728e+02 3.157385602806477323e+02 1.411002557114127001e+02 1.393158253120587631e+02 1.397560892502366130e+02 2.190720080218971759e+02 1.233455534757797949e+02 1.215846585275396734e+02 4.661052002959074798e+02 1.412769862628023816e+02 1.458696924426265866e+02 2.339440336708594828e+02 2.224624665634592589e+02 3.848108243226981813e+02 2.180754878170501172e+02 1.170971846749113610e+02 3.210529248043739017e+02 1.341238488110673472e+02 3.331932407457730392e+02 1.507502190689187671e+02 3.526848509918534091e+02 1.459550594433761148e+02 1.336456384326658338e+02 2.747983673580993127e+02 2.285414842407366223e+02 2.734378604625458138e+02 2.530331765224228207e+02 2.789338023595879577e+02 2.832190041261427496e+02 2.450685777418208033e+02 1.935376658815414714e+02 1.573905690883818238e+02 1.485005541368386730e+02 3.546785683207879174e+02 3.205760654662804541e+02 2.572785670544464551e+02 2.484659247694594342e+02 2.293812529070594337e+02 2.229889420291836757e+02 2.011797804846996485e+02 1.613493683776731871e+02 1.883534287452552860e+02 1.640777411041607650e+02 1.880326426859491846e+02 9.412060361446638979e+01 3.146723571701013498e+02 2.252533117306308839e+02 1.542901923588048021e+02 2.996647974488881800e+02 3.108210210899711115e+02 3.437789607404211552e+02 1.685404841033933110e+02 3.203803325548393559e+02 3.703073754926059564e+02 3.174382605823028598e+02
3.776470588235293917e+02 2.890275542244656322e+02 4.392161452191994613e+02 2.555504147365735719e+02 2.589820276878682535e+02 4.152583340485303438e+02 5.400206887641862750e+02 2.270706800023345977e+02 2.022796062073992687e+02 1.584673321244135877e+02 1.565022877053205548e+02 3.725089770650737933e+02 1.571363017981208827e+02 1.618967048287340731e+02 1.669472433648717811e+02 1.671281826270721069e+02 4.636619539725073196e+02 4.702547875729935640e+02 1.573138004296334032e+02 1.564664070001951757e+02 3.644801154286932956e+02 1.605862671841159681e+02 1.586506205591869332e+02 1.589175290661199540e+02 2.546863267059289342e+02 1.393321529359233182e+02 1.368096136875203968e+02 5.370012142550287990e+02 1.520508227908940739e+02 1.590446007856906192e+02 2.700464941280024505e+02 2.514368383474549375e+02 4.356380897912631553e+02 2.486836207762302706e+02 1.312417391089707621e+02 3.732228208082962624e+02 1.517736101759876703e+02 3.876060764517972075e+02 1.713171567358322704e+02 4.061805397132584403e+02 1.627794627790555637e+02 1.506590560642578964e+02 3.167149142352178046e+02 2.629133978843796626e+02 3.176837385234882731e+02 2.884921607508098873e+02 3.237253811148150362e+02 3.218307852520167671e+02 2.716754098869209315e+02 2.178190522661839736e+02 1.747094120425219046e+02 1.647307127752787608e+02 3.957282771749087829e+02 3.696286351536665507e+02 2.961764933388583358e+02 2.842846102143636244e+02 2.626904021425861515e+02 2.540385153493348582e+02 2.209174243639681947e+02 1.822457990924181104e+02 2.138891088913780436e+02 1.837198708080290999e+02 2.003955373442821326e+02 1.004169219408295248e+02 3.618225486275011349e+02 2.560616894362952394e+02 1.726812339613984193e+02 3.478513190277285503e+02 3.571955219977484717e+02 3.952928019639614945e+02 1.850191116233370963e+02 3.601758625634233795e+02 4.218360496428906004e+02 3.609274962869505430e+02
3.785294117647058556e+02 3.340384182582969856e+02 5.029203061355439672e+02 2.955139484756747379e+02 2.994411952736274429e+02 4.777039547562289385e+02 6.194364267869684682e+02 2.599747256172091738e+02 2.319977086368398034e+02 1.791144967357982125e+02 1.768120406318727476e+02 4.288455749964655297e+02 1.776417269293903018e+02 1.832641072524378956e+02 1.853678840140529474e+02 1.855286691028409791e+02 5.276047192308104741e+02 5.356035119001272733e+02 1.776535355288861240e+02 1.766747348612104531e+02 4.223431824537198622e+02 1.848803935697182226e+02 1.827553254246875838e+02 1.828581587658775049e+02 2.974130849502558362e+02 1.596887882488745447e+02 1.564592474294888405e+02 6.190483537343695843e+02 1.676312826465418766e+02 1.772771155943392216e+02 3.130835389028968052e+02 2.869953420548857821e+02 4.959437049028673528e+02 2.858935694544506418e+02 1.496880976497832307e+02 4.345302827902440299e+02 1.740970667222740644e+02 4.513665537285403957e+02 1.969675356442423322e+02 4.693214752846095053e+02 1.844784265380260422e+02 1.723295098841748256e+02 3.671416302164666376e+02 3.047147629333582586e+02 3.701747636412179645e+02 3.313996366899953046e+02 3.770505992153265993e+02 3.680162536965818276e+02 3.053143431236374568e+02 2.481325271792931630e+02 1.970864674395813552e+02 1.859454025484727708e+02 4.456701045178899676e+02 4.272951225010363601e+02 3.429491033896638896e+02 3.271619028774475169e+02 3.028167314901574514e+02 2.916921837383388834e+02 2.472490601630095455e+02 2.085017396190524437e+02 2.453625137110934418e+02 2.085844874640355044e+02 2.182603705234980680e+02 1.101812956603005773e+02 4.180882158962378412e+02 2.939637279519120057e+02 1.965894951562235633e+02 4.047552909562907644e+02 4.126220860186942900e+02 4.552545229520293901e+02 2.070455042921060169e+02 4.083815171245910847e+02 4.831866637107939937e+02 4.128589643868432404e+02
3.794117647058823195e+02 3.865449045246195396e+02 5.765672511883188918e+02 3.424584523952736390e+02 3.469425280000780276e+02 5.495176705800948866e+02 7.098413755826943543e+02 2.994692246292032110e+02 2.678008701114208066e+02 2.051412634596094335e+02 2.024552241198771014e+02 4.941023421759447842e+02 2.034914901210116795e+02 2.100970320544862489e+02 2.093162388916321675e+02 2.094609616407310568e+02 6.017208300868002198e+02 6.111596569124264988e+02 2.033462138923557632e+02 2.022170605401579735e+02 4.900099886576213635e+02 2.143737097307731290e+02 2.120204623269143269e+02 2.119658881659539702e+02 3.478966385589606602e+02 1.847702996402601343e+02 1.808689301825613427e+02 7.129410944244866641e+02 1.882945454999069739e+02 2.008654097106651477e+02 3.635964738342120768e+02 3.295882823780183344e+02 5.662494386366279286e+02 3.301692354085012653e+02 1.727573250794909541e+02 5.057176742286695799e+02 2.014678311070567531e+02 5.252261087217290196e+02 2.281027773498076385e+02 5.428039134145309390e+02 2.113857014757671209e+02 1.990221272109941140e+02 4.267379167984908008e+02 3.545500119332357372e+02 4.315996014810117458e+02 3.823056709537422648e+02 4.396254749084349669e+02 4.222413812666603121e+02 3.464117654614796038e+02 2.849037678941456875e+02 2.248695901719059691e+02 2.125043598704328360e+02 5.049873597625781940e+02 4.941765721823313129e+02 3.982200559418508305e+02 3.775696501909441167e+02 3.502540582107022828e+02 3.363981827057253327e+02 2.805571817769173322e+02 2.405161847943253406e+02 2.831941065647799292e+02 2.390378918327658937e+02 2.419361533942920914e+02 1.236255328327657566e+02 4.841093298722248051e+02 3.394659476566436069e+02 2.264262989797026648e+02 4.710804122142159258e+02 4.777361188751581835e+02 5.241864770668964866e+02 2.349440052155548528e+02 4.654834883286571880e+02 5.550147277803287125e+02 4.737433463306904855e+02
3.802941176470588402e+02 4.470543105410288263e+02 6.607016099102514772e+02 3.968894016757616896e+02 4.019940431735281550e+02 6.312380250787184650e+02 8.117830819438219123e+02 3.460190388919950806e+02 3.101455067196514506e+02 2.369403551545879054e+02 2.338223435315482561e+02 5.688423438809492154e+02 2.350770729750662440e+02 2.427986229240537739e+02 2.391570579687113138e+02 2.392893445141805273e+02 6.865009292993578356e+02 6.974126352603728947e+02 2.347831134513804727e+02 2.334836678756710171e+02 5.681972562827991169e+02 2.495004013505547391e+02 2.468798863318777421e+02 2.466721973084766262e+02 4.068281930729767737e+02 2.149774890304259714e+02 2.104256028728365777e+02 8.193670875865670951e+02 2.143730378575237978e+02 2.301655507964505887e+02 4.221570607094694196e+02 3.796993040821521959e+02 6.470829095788254790e+02 3.820118650477096480e+02 2.008227030998742180e+02 5.875543661209379707e+02 2.343058983790583909e+02 6.099601714175697680e+02 2.651686460273345460e+02 6.273483335666902576e+02 2.438795734142155993e+02 2.311491162355966367e+02 4.962125723723705164e+02 4.130770513834892768e+02 5.026846561336751051e+02 4.417951831999816932e+02 5.122085604710953248e+02 4.849896389949899458e+02 3.954287844116383326e+02 3.286002706148926791e+02 2.584499981052502449e+02 2.448149933604768194e+02 5.741767157890827775e+02 5.708913045919225624e+02 4.626556198543239020e+02 4.360063243753457982e+02 4.055298717527728627e+02 3.886376400542148417e+02 3.212850214240731361e+02 2.787339997449990392e+02 3.278450661079812107e+02 2.754872655455882864e+02 2.717749387760505897e+02 1.410119169428463692e+02 5.605640292219799221e+02 3.931231842438011768e+02 2.626653243336241985e+02 5.475621227062835032e+02 5.532123929135337903e+02 6.026109394054045652e+02 2.690920274206757767e+02 5.319867647322892026e+02 6.379973946112002068e+02 5.441104285065324575e+02
3.811764705882353041e+02 5.160839788943997064e+02 7.558543005569346178e+02 4.593296844247630020e+02 4.651205039321323511e+02 7.233879267808473514e+02 9.257692469026073923e+02 4.001180829133621160e+02 3.595199683755469096e+02 2.749556000184368827e+02 2.713553040500125348e+02 6.536240038409198405e+02 2.728409688446666905e+02 2.818225251325311547e+02 2.753076508106593110e+02 2.754306908557961719e+02 7.824185421792176385e+02 7.948321068379456165e+02 2.724068989785433246e+02 2.709163853814459344e+02 6.576416368463845856e+02 2.907318605192476753e+02 2.878049627112158646e+02 2.874463193700711940e+02 4.749360030828723325e+02 2.507523557146201654e+02 2.455625995155794783e+02 9.389882189393235876e+02 2.462508453275857789e+02 2.655860154372910529e+02 4.893568620030516172e+02 4.378363080156676119e+02 7.389629286800966383e+02 4.419499153496830104e+02 2.343048679617669450e+02 6.808223391947960863e+02 2.730722212550981567e+02 7.063532163508309623e+02 3.086488191216691916e+02 7.236837756398665533e+02 2.823770520611487882e+02 2.691644485938991238e+02 5.763106201964118327e+02 4.809966513434755484e+02 5.841814348528696428e+02 5.104772018409741463e+02 5.955881582828446881e+02 5.567504552242871796e+02 4.528525031602063677e+02 3.797232508003046973e+02 2.982561748655787142e+02 2.833272458947262180e+02 6.537357128710367533e+02 6.580607374673488721e+02 5.369529693924876028e+02 5.029857106591064166e+02 4.691947660367891899e+02 4.489144884341749844e+02 3.699287538309665706e+02 3.236390475045587891e+02 3.798086995844824401e+02 3.183739311458957104e+02 3.081668737480254094e+02 1.626510957579552610e+02 6.481536085735978077e+02 4.555282449893531975e+02 3.058364398320355235e+02 6.349539225548855939e+02 6.397501972388984086e+02 6.910361069995461776e+02 3.099133343163252903e+02 6.084030118463682584e+02 7.328180768250831534e+02 6.244959091054932969e+02
3.820588235294117680e+02 5.941487088022231546e+02 8.625263557734554070e+02 5.303082507569079098e+02 5.368519636892056042e+02 8.264591852398175433e+02 1.052249989882247064e+03 4.622792809711410200e+02 4.164355856988337337e+02 3.196748377416217295e+02 3.155404395505730122e+02 7.489866101136975658e+02 3.172696534365521757e+02 3.276656659716113609e+02 3.182311677884530354e+02 3.183477402159983285e+02 8.899138173873545838e+02 9.038516289652579871e+02 3.167046591692759989e+02 3.150016715108026801e+02 7.590835690210338953e+02 3.385696376354683252e+02 3.352975891279377265e+02 3.347882807482033627e+02 5.529739719182628050e+02 2.925722583975903603e+02 2.867534537981680387e+02 1.072420651453224309e+03 2.843579736887971308e+02 3.075810357397126040e+02 5.657952939046679148e+02 5.045210150334809214e+02 8.423836754262780460e+02 5.105276987486296889e+02 2.736659649178244536e+02 7.863001712381261541e+02 3.182621514157276010e+02 8.151822343363138543e+02 3.590572717583349345e+02 8.325307181804364518e+02 3.273269149467602119e+02 3.135574180971843248e+02 6.677985151807553166e+02 5.590402551531147992e+02 6.768523137281820254e+02 5.889726544997148494e+02 6.905678083302511823e+02 6.380064700962701636e+02 5.191858018703061362e+02 4.387982579012172550e+02 3.447466360518814099e+02 3.285271928834354185e+02 7.441489198834046874e+02 7.562939686399548691e+02 6.218269097009316511e+02 5.790244567515990184e+02 5.418106464396239517e+02 5.177441553840473034e+02 4.270281905322157741e+02 3.757460950008557461e+02 4.396006421054914313e+02 3.681654810648299758e+02 3.515339401521754326e+02 1.888991094383816574e+02 7.475860429151815651e+02 5.273001514148039632e+02 3.565182356826095429e+02 7.340121162586484616e+02 7.380570229476936674e+02 7.899411710215537141e+02 3.578701002903982840e+02 6.952370798297898773e+02 8.401495986790320103e+02 7.154269296153223650e+02
3.829411764705882888e+02 6.817472112403692108e+02 9.811719595208207920e+02 6.103476872111974671e+02 6.177112535819310324e+02 9.408963259637937426e+02 1.191599721546172759e+03 5.330233252631046525e+02 4.814165277854747842e+02 3.716216597544832325e+02 3.669003983192172313e+02 8.554348597681724868e+02 3.688854059342771166e+02 3.808598554687038131e+02 3.684286645649917773e+02 3.685411618550098751e+02 1.009376587413036873e+03 1.024851669150677026e+03 3.681997734115951744e+02 3.662625220663512096e+02 8.732497081080783801e+02 3.935372363929932362e+02 3.898820788620893723e+02 3.892207918079422484e+02 6.417086301426951422e+02 3.409429430887769286e+02 3.345046498696040089e+02 1.220214172700139216e+03 3.291634709613033465e+02 3.566427703731934571e+02 6.520664525003066956e+02 5.802772579059499094e+02 9.577979617334405020e+02 5.882928808691420954e+02 3.194027646913312424e+02 9.047455472134688534e+02 3.703977261385407473e+02 9.371987668225356174e+02 4.169294789281353815e+02 9.545826633987073819e+02 3.792016111005459607e+02 3.648450479144091787e+02 7.714478034901467254e+02 6.479562235484762596e+02 7.814547807622047912e+02 6.779007794108974849e+02 7.979501234919880517e+02 7.292197620678480234e+02 5.949357023141348009e+02 5.063645491025742444e+02 3.984015488451551050e+02 3.809293781051014207e+02 8.458729614067838156e+02 8.661712992337912738e+02 7.179950970200342226e+02 6.646285875687674434e+02 6.239377672649363831e+02 5.956411514647976446e+02 4.931559854481866410e+02 4.355915157584457802e+02 5.077479143278906122e+02 4.253467697625742403e+02 4.023223690740995266e+02 2.201534971819040436e+02 8.595581897464807071e+02 6.090710052849477734e+02 4.153292125744325176e+02 8.454790767620568204e+02 8.488308987240371835e+02 8.997606957170669375e+02 4.134537345946802702e+02 7.929723319753406940e+02 9.606360857651358174e+02 8.174065467701766465e+02
3.838235294117646959e+02 7.793479860165531363e+02 1.112181250336082712e+03 6.999510399872531252e+02 7.082007014147606014e+02 1.067080239704644328e+03 1.344099409200420041e+03 6.128665158080762012e+02 5.549886762560528268e+02 4.313461171795473774e+02 4.259849645800443341e+02 9.734229274731866326e+02 4.282370847578041548e+02 4.419623231644955581e+02 4.264300573397793528e+02 4.265405026476645389e+02 1.141129331108904807e+03 1.158142586009460274e+03 4.274427323717742979e+02 4.252493431821741865e+02 1.000834380686534018e+03 4.561709007502165605e+02 4.520960246699881964e+02 4.512801164954208275e+02 7.419047914938184931e+02 3.963905736196404064e+02 3.893474193895957569e+02 1.382831477783529408e+03 3.811674793108021504e+02 4.132923994433027133e+02 7.487450469824585753e+02 6.656183159593776963e+02 1.085600147026810191e+03 6.757831238059665111e+02 3.720388262308616163e+02 1.036876755192117344e+03 4.300189303423514957e+02 1.073109994447027020e+03 4.828125914449524316e+02 1.090486939924093122e+03 4.384881834366101998e+02 4.235634674413363996e+02 8.880175978686924054e+02 7.484948064498017857e+02 8.987245382590275540e+02 7.778645135783289106e+02 9.185193618850929624e+02 8.308174667396182258e+02 6.806006729142770837e+02 5.829634361527265582e+02 4.597133810362099098e+02 4.410680129875060516e+02 9.593209068156960484e+02 9.882271685041118872e+02 8.261621126122167880e+02 7.602793610996807274e+02 7.161209427360580548e+02 6.831058481214377025e+02 5.689055804551660458e+02 5.037229542160933988e+02 5.847770467562413614e+02 4.904099679513367960e+02 4.609939136316620534e+02 2.568485196333377303e+02 9.847371106534062619e+02 7.014717592513220552e+02 4.829177459781150219e+02 9.700654927914099517e+02 9.727418447001979303e+02 1.020868822343056422e+03 4.771746709025386508e+02 9.020552754927831529e+02 1.094874093737891826e+03 9.308976141666643116e+02
3.847058823529412166e+02 8.873745021665398554e+02 1.255862845312418813e+03 7.995877658560360715e+02 8.087880022078370530e+02 1.205311531287229400e+03 1.509918969932506116e+03 7.023075441227861120e+02 6.376673999141869444e+02 4.994142122377499504e+02 4.933606950963362578e+02 1.103337969324239111e+03 4.958897033268233940e+02 5.115450273090418705e+02 4.927838248393952654e+02 4.928938909455717976e+02 1.285409982868352245e+03 1.303947529391637772e+03 4.950007447123198858e+02 4.925296032016227628e+02 1.142479889112272531e+03 5.270092322312714259e+02 5.224799978662035755e+02 5.215057804714247141e+02 8.543096606581368633e+02 4.594525755501469462e+02 4.518283857136621577e+02 1.560627313257950391e+03 4.408920832659307507e+02 4.780700204241954339e+02 8.563713125221422615e+02 7.610331848063275402e+02 1.226108627147668358e+03 7.735117393141010780e+02 4.321155410805277484e+02 1.183353014334112004e+03 4.976737587493810224e+02 1.223558741205792558e+03 5.572544330855395174e+02 1.240824534693990927e+03 5.056780853647234153e+02 4.902580921518141395e+02 1.018235667779135611e+03 8.613916095331969700e+02 1.029357273374580927e+03 8.894346958241699213e+02 1.053022535679011298e+03 9.431767219159993374e+02 7.766567617379221247e+02 6.691254917520903973e+02 5.291764388136408570e+02 5.094869136975430024e+02 1.084845953759534723e+03 1.122932379192317512e+03 9.470021854880233150e+02 8.664183427658350638e+02 8.188747696223229013e+02 7.806103439555346313e+02 6.548777453761352945e+02 5.806878113555341088e+02 6.712011577008332779e+02 5.638435455611613634e+02 5.280158662179898101e+02 2.994493469421723830e+02 1.123740347703948601e+03 8.051167515691582821e+02 5.599506160919836475e+02 1.108431393871604541e+03 1.110412240809947434e+03 1.153563222828969629e+03 5.495509771526610621e+02 1.022879387008086610e+03 1.243392846403941576e+03 1.056305971854907284e+03
3.855882352941176805e+02 1.006190193740910217e+03 1.412426685242511894e+03 9.096792616867895731e+02 9.198916675509908600e+02 1.355794378641486446e+03 1.689100770301168495e+03 8.018136230187303681e+02 7.299445523685111539e+02 5.763963838081234599e+02 5.695995133396855863e+02 1.245483670702326890e+03 5.724129856664795852e+02 5.901829406010048160e+02 5.680456588753626193e+02 5.681566764767321729e+02 1.442355344011880561e+03 1.462385954131368180e+03 5.714463118543848168e+02 5.686764547953422380e+02 1.298756301581345042e+03 6.065818905275364159e+02 6.015663156709667874e+02 6.004293478178451551e+02 9.796358316315282764e+02 5.306675067413433453e+02 5.224992532351703858e+02 1.753828328915700922e+03 5.088711080995004750e+02 5.515235024009107292e+02 9.754353564781579280e+02 8.669722080908869657e+02 1.379548604384218606e+03 8.819527612792996933e+02 5.001821865233129643e+02 1.344754252627746837e+03 5.739073136450239190e+02 1.389103010801877417e+03 6.407915842154677648e+02 1.406089727100449636e+03 5.812561164808927288e+02 5.654728320550136687e+02 1.162778691503570599e+03 9.873500067019833750e+02 1.173989653771277062e+03 1.013133598997626109e+03 1.202149613519045488e+03 1.066609479380492303e+03 8.835430093600041346e+02 7.653569458536537695e+02 6.072755335890105926e+02 5.867283891431400207e+02 1.222725032497225357e+03 1.270676252130386274e+03 1.081141092839754492e+03 9.834321994091906163e+02 9.326683293684195633e+02 8.885838488101860548e+02 7.516660327297836375e+02 6.670208149660529671e+02 7.675063345248802307e+02 6.461204508994106845e+02 6.038500644043774628e+02 3.484452739830907717e+02 1.277115767121902081e+03 9.205873983297769882e+02 6.471003250043875141e+02 1.261166590641988478e+03 1.262396734855293516e+03 1.298049398590579813e+03 6.310960396324446720e+02 1.155768782593474270e+03 1.406634290987495660e+03 1.193963582097103654e+03
3.864705882352940876e+02 1.136083558732533675e+03 1.581967854652375308e+03 1.030584231425789085e+03 1.041866326574707045e+03 1.518621072927710429e+03 1.881544647309529637e+03 9.118061627309506321e+02 8.322748907581859612e+02 6.628550698557496617e+02 6.552663931619938467e+02 1.400064279665728691e+03 6.583690165159597427e+02 6.784414182871921639e+02 6.527661502939000684e+02 6.528791127314277674e+02 1.611985431222816715e+03 1.633458223798994140e+03 6.573448817610617425e+02 6.542564314131935816e+02 1.470141137034417170e+03 6.953974987932773502e+02 6.898670135283178979e+02 6.885623914824019494e+02 1.118543409840852974e+03 6.105640130145440025e+02 6.019055911930780667e+02 1.962514124544073411e+03 5.856389549703060311e+02 6.341964283246635432e+02 1.106361225833882145e+03 9.838323226584810755e+02 1.546035563136339988e+03 1.001525697788612206e+03 5.767850849078132569e+02 1.521560814863673386e+03 6.592500248213792702e+02 1.570195542729268709e+03 7.339366808585423314e+02 1.586669839722797860e+03 6.656886276318780347e+02 6.497384101384795940e+02 1.322251919398556765e+03 1.127022730360990181e+03 1.333179914639052640e+03 1.149418061243431566e+03 1.366513160977916186e+03 1.201347542327964902e+03 1.001646417649607542e+03 8.721254781331600725e+02 6.944739315740457641e+02 6.733211990265062923e+02 1.373142744673981497e+03 1.431749087899173446e+03 1.229137528499877590e+03 1.111637501085308941e+03 1.057909626298566764e+03 1.007397840658468908e+03 8.598413240295120659e+02 7.632308477034100633e+02 8.741375026407843052e+02 7.376856644216203449e+02 6.889410526192928046e+02 4.043419840781630228e+02 1.445321344051994174e+03 1.048415304314618197e+03 7.450312986515909870e+02 1.428770852925544659e+03 1.429162104238276697e+03 1.454425824633451157e+03 7.223054773713131453e+02 1.300962035482223655e+03 1.584933384136011227e+03 1.344111956424607570e+03
3.873529411764706083e+02 1.277253618046807787e+03 1.764451394932945277e+03 1.162584096635896685e+03 1.174988133018302278e+03 1.693757820521923122e+03 2.086994690735186396e+03 1.032646208538081737e+03 9.450620753284299553e+02 7.593314517102105583e+02 7.509061941255963575e+02 1.567169344728926035e+03 7.542990489649589563e+02 7.768627439483118451e+02 7.474776162019262529e+02 7.475931866059870572e+02 1.794189215660735726e+03 1.817031610040058467e+03 7.532416523913917672e+02 7.498162849525803040e+02 1.656999204023972879e+03 7.939308665387861765e+02 7.878611167623267875e+02 7.863837707644291868e+02 1.271621472048469741e+03 6.996489928858264875e+02 6.905747993264818660e+02 2.186599852780898800e+03 6.717185427393278587e+02 7.266151848420246324e+02 1.249490942176518729e+03 1.111942152599623796e+03 1.725559787771099309e+03 1.132580158899467733e+03 6.624559024363513799e+02 1.714133299952074594e+03 7.542051042389003896e+02 1.767163733646673791e+03 8.371650800333425195e+02 1.782825518505412447e+03 7.594111070119336091e+02 7.435599082814418352e+02 1.497168669329262002e+03 1.280992865925910337e+03 1.507388188639389000e+03 1.298662494870150795e+03 1.546627713578469638e+03 1.347528023220000478e+03 1.131286712247532932e+03 9.898455840353060466e+02 7.912007062113339089e+02 7.697677161956786449e+02 1.536175918217766821e+03 1.606325226506404078e+03 1.391464160697814350e+03 1.251265746773854062e+03 1.194929979183053320e+03 1.137351231820024623e+03 9.799356476806595992e+02 8.697871529593362538e+02 9.914839877776400954e+02 8.389432553376080932e+02 7.837035330057541387e+02 4.676528550374532642e+02 1.628705190936064582e+03 1.189064982155165126e+03 8.543850679350740620e+02 1.611634252678283474e+03 1.611067192246232253e+03 1.622670115829190308e+03 8.236434108052989131e+02 1.458596530747921861e+03 1.778498953233849988e+03 1.506886189256341595e+03
3.882352941176470722e+02 1.429796087161044852e+03 1.959698860337335191e+03 1.305868876242718443e+03 1.319440537912448690e+03 1.881032056568137023e+03 2.305028412581836164e+03 1.164619945639561820e+03 1.068644555301989840e+03 8.663315468888399664e+02 8.570298347289632375e+02 1.746759636388251010e+03 8.607096682601778639e+02 8.859520325901690967e+02 8.526802475637664429e+02 8.527987578485756330e+02 1.988712067187634830e+03 2.012828074416413529e+03 8.596477141515516678e+02 8.558691645616635242e+02 1.859563140732541569e+03 9.026097638059799237e+02 8.959814417093182328e+02 8.943264351404080799e+02 1.439369262665835777e+03 7.983951049785310943e+02 7.890034028708603273e+02 2.425821027230772870e+03 7.676085046848407956e+02 8.292753924668160153e+02 1.405068833540270361e+03 1.251547306123989983e+03 1.917972355475569657e+03 1.275380713331923744e+03 7.576992418750827483e+02 1.922693174488304521e+03 8.592354328163676200e+02 1.980190282482077464e+03 9.509010921886227834e+02 1.994671982606160100e+03 8.628153606795634687e+02 8.474037170821475229e+02 1.687929866567842282e+03 1.449754575537314849e+03 1.696957261147513464e+03 1.461142127596483078e+03 1.742889292098213673e+03 1.505179766215859217e+03 1.272701252440466988e+03 1.118863816296045570e+03 8.978377166854307916e+02 8.765304742455765563e+02 1.711779237579596838e+03 1.794447194869098439e+03 1.568488896326436134e+03 1.402449066166781222e+03 1.343968753947335017e+03 1.278655826466782401e+03 1.112425534202548306e+03 9.871051702766109202e+02 1.119865040148619528e+03 9.502431860630322262e+02 8.885093374333788461e+02 5.388893728408104380e+02 1.827486270279879363e+03 1.342916606549598328e+03 9.757646212564153529e+02 1.810017901379668729e+03 1.808343719241334156e+03 1.802626679585373495e+03 9.355283133152081518e+02 1.628693658543211768e+03 1.987395616580276965e+03 1.682299985196435273e+03
3.891176470588235361e+02 1.593690641514457184e+03 2.167376848574780979e+03 1.460523699705794343e+03 1.475300916127004484e+03 2.080121663671242914e+03 2.535048591241972645e+03 1.307924560673600126e+03 1.203281557088337422e+03 9.843118636763546192e+02 9.741000008462328879e+02 1.938654671952551098e+03 9.780585115587937253e+02 1.006162721875832403e+03 9.688277758266225419e+02 9.689492254129942239e+02 2.195145476289900216e+03 2.220414396010910423e+03 9.770257288968025478e+02 9.728803086090136958e+02 2.077915050268322375e+03 1.021801449312208547e+03 1.014601155687177084e+03 1.012763970680068496e+03 1.622177468436221261e+03 9.072278385805918788e+02 8.976438585298441240e+02 2.679720779436330758e+03 8.737698235450519633e+02 9.426278652556496809e+02 1.573226617721029697e+03 1.402796109521896142e+03 2.122973083420210969e+03 1.430092248141162599e+03 8.629796956625153825e+02 2.147304553690971261e+03 9.747500799120873580e+02 2.209295265394359831e+03 1.075504056623324232e+03 2.222161866893462047e+03 9.762365041635380294e+02 9.616841041675411361e+02 1.894804310701889790e+03 1.633694010561424648e+03 1.902093916273894592e+03 1.637016928600496385e+03 1.955555612222292893e+03 1.674210913766106387e+03 1.426030465726565581e+03 1.259444159079571818e+03 1.014706440114037946e+03 9.940183406135530504e+02 1.899772366263672893e+03 1.996011298460072567e+03 1.760456609165620193e+03 1.565206793067233548e+03 1.505158702686265315e+03 1.431422537738122628e+03 1.257715211318253296e+03 1.115532270658274456e+03 1.259515633785175169e+03 1.071868118772669504e+03 1.003674169404102827e+03 6.185507459179650596e+02 2.041736353483327321e+03 1.510248978514450073e+03 1.109718169243725697e+03 2.024035897401724014e+03 2.021077982990301280e+03 1.993996270405348469e+03 1.058318685894731516e+03 1.811145431400699863e+03 2.211527324205665991e+03 1.870232225638386126e+03
3.900000000000000000e+02 1.768789561009561794e+03 2.386987876371055336e+03 1.626516509386477537e+03 1.642528251769866984e+03 2.290546613640514806e+03 2.776278074394539999e+03 1.462654820501784343e+03 1.349139646014780055e+03 1.113664852547731471e+03 1.102516626271314635e+03 2.142522192087040821e+03 1.106739766541940071e+03 1.137881874700830849e+03 1.096312909533212633e+03 1.096436958626933347e+03 2.412919130958423011e+03 2.439194731980993311e+03 1.105775375224396839e+03 1.101252513104855552e+03 2.311969821584488727e+03 1.151799258219940157e+03 1.144020328721643637e+03 1.141997160237976232e+03 1.820309968335149279e+03 1.026512351537193354e+03 1.016891081398516917e+03 2.947640313733784296e+03 9.906121079748206739e+02 1.067064324056052328e+03 1.753969490266884577e+03 1.565726340989547452e+03 2.340100717436705054e+03 1.596766274946835210e+03 9.787085637396968423e+02 2.387857593458073552e+03 1.101090709460225753e+03 2.454320029975363923e+03 1.211254517585275607e+03 2.465069935095464643e+03 1.099940029055248715e+03 1.086749641511322807e+03 2.117909898303087630e+03 1.833070763514343525e+03 2.122851519437924253e+03 1.826316501869602007e+03 2.184727337694966081e+03 1.854398110000044653e+03 1.591304094363639933e+03 1.411753943286038293e+03 1.142054938388503160e+03 1.122572564539481846e+03 2.099828921458810782e+03 2.210755162352576463e+03 1.967471886663876603e+03 1.739433431832520228e+03 1.678512357553727270e+03 1.595648472735305631e+03 1.416119928020385714e+03 1.255333616920949453e+03 1.410572838666294274e+03 1.204020496835409176e+03 1.129444358193450853e+03 7.071128274225441146e+02 2.271363489506092719e+03 1.691223302852554980e+03 1.256722585933448045e+03 2.253638544530583204e+03 2.249194318710401603e+03 2.196327695316061636e+03 1.192298818304121596e+03 2.005702673799399918e+03 2.450622873315037396e+03 2.070415182448794894e+03
3.908823529411765207e+02 1.954808134589916335e+03 2.617864125640323437e+03 1.803687112601388890e+03 1.820952220595713925e+03 2.511663140508093420e+03 3.027758001408658401e+03 1.628790676724175000e+03 1.506279876650150527e+03 1.254704425284664467e+03 1.242602426039012016e+03 2.357869937206576196e+03 1.247069719062947797e+03 1.281415581968713695e+03 1.235452793342852601e+03 1.235578767857624143e+03 2.641296045424679960e+03 2.668406174548450053e+03 1.246218848754094324e+03 1.241311612967743713e+03 2.561460429872416171e+03 1.292809463606612553e+03 1.284452793335043225e+03 1.282240838286155167e+03 2.033886603605996697e+03 1.156540344642337459e+03 1.147068950917536540e+03 3.228712658714224744e+03 1.118479761081865718e+03 1.202903151583462886e+03 1.947163672013424957e+03 1.740253050361192891e+03 2.568725856051325536e+03 1.775328441730574468e+03 1.105230463073255578e+03 2.644054195941632315e+03 1.238518140468947649e+03 2.714913318019773669e+03 1.358340790686072978e+03 2.722980276071413755e+03 1.234109216048424059e+03 1.222869751292318824e+03 2.357196482260871107e+03 2.048000258611544268e+03 2.359114275517258648e+03 2.028926480727990111e+03 2.430331017614439588e+03 2.045377614210983666e+03 1.768428708364481736e+03 1.575850555988848100e+03 1.280045196262695981e+03 1.262452984846737763e+03 2.311467736111016166e+03 2.438247513707081907e+03 2.189483188611381138e+03 1.924888233847443416e+03 1.863909840821439047e+03 1.771205489491337858e+03 1.587849848233254988e+03 1.406678574549676568e+03 1.573063054441133772e+03 1.346810187015392330e+03 1.265984006866496429e+03 8.050164992651789362e+02 2.516097698059131289e+03 1.885868011448985499e+03 1.417166813791589675e+03 2.498597716591483277e+03 2.492440519673458766e+03 2.409012087499623249e+03 1.337664961748869928e+03 2.211965411835994018e+03 2.704223939426548441e+03 2.282425098017734854e+03
3.917647058823529278e+02 2.151317135893097202e+03 2.859164118254386267e+03 1.991738000668213999e+03 2.010264185198037239e+03 2.742660862722246293e+03 3.288349500094029736e+03 1.806186207902858314e+03 1.674646241013658710e+03 1.407651833816517410e+03 1.394588725828901033e+03 2.584040091075876262e+03 1.399272714870374784e+03 1.436974799883944115e+03 1.386474798495924688e+03 1.386601682513603919e+03 2.879370568042091236e+03 2.907117406127242248e+03 1.398586688334447217e+03 1.393292320612924414e+03 2.825925922839057876e+03 1.444938770937198342e+03 1.436013602072571530e+03 1.433611300839327214e+03 2.262867280879257123e+03 1.297517255783390738e+03 1.288417058748187628e+03 3.521860262883305495e+03 1.257638309796527437e+03 1.350375395532862058e+03 2.152525800610397710e+03 1.926158013211801517e+03 2.808046737166938328e+03 1.965567643556492385e+03 1.242810088105191653e+03 2.915396211876114648e+03 1.387199381575913094e+03 2.990520286267764277e+03 1.516846250167025346e+03 2.995276399590424717e+03 1.378833164875646617e+03 1.370221698238492991e+03 2.612430658625173692e+03 2.278437678353604497e+03 2.610583556680641323e+03 2.244576736024632282e+03 2.692104032978325449e+03 2.246638660133245139e+03 1.957176783473826390e+03 1.751669238203418445e+03 1.428741195880118767e+03 1.413824699495437699e+03 2.534046606504045940e+03 2.677880668034859355e+03 2.426268887091774104e+03 2.121186744134460241e+03 2.061088300000107211e+03 1.957830341096188249e+03 1.772994735445681499e+03 1.569627856810353251e+03 1.746890595569715060e+03 1.500242984747151013e+03 1.413362666650921255e+03 9.126556976250075195e+02 2.775479026214276018e+03 2.094065057512370004e+03 1.591335591959220210e+03 2.758494528312652619e+03 2.750375763855185596e+03 2.631279954178044136e+03 1.494512154200087252e+03 2.429375562138194709e+03 2.971675974731118913e+03 2.505675139688581112e+03
3.926470588235293917e+02 2.357737681667842935e+03 3.109872687606125965e+03 2.190227227065445277e+03 2.210010119726323410e+03 2.982563080417708534e+03 3.556739021198235150e+03 1.994560314326150547e+03 1.854055433080737657e+03 1.572622249052671123e+03 1.558601978340374444e+03 2.820206611667132620e+03 1.563467667355347885e+03 1.604661855278474604e+03 1.549502965681249634e+03 1.549629390371427689e+03 3.126069874897987575e+03 3.154230667376835299e+03 1.563004260405873538e+03 1.557324639486558681e+03 3.104702205861955463e+03 1.608182815360772111e+03 1.598707403747435819e+03 1.596114676813152300e+03 2.507037916909303021e+03 1.449550040188738876e+03 1.441077984937864358e+03 3.825796515788027136e+03 1.408261133815248741e+03 1.509611501785953351e+03 2.369614479598693379e+03 2.123081035788037298e+03 3.057088361103699754e+03 2.167127035993921254e+03 1.391619449214711722e+03 3.201176784866959679e+03 1.547195391363985436e+03 3.280374598154076466e+03 1.686737669534428278e+03 3.281134556394616993e+03 1.534095725119020472e+03 1.528878264626132932e+03 2.883183142475519617e+03 2.524163654969619984e+03 2.876766814492639242e+03 2.472831800009290873e+03 2.969582203773813944e+03 2.457519322194935285e+03 2.157177684443175167e+03 1.939012530959977539e+03 1.588097999556944615e+03 1.576745527303345398e+03 2.766758995462983876e+03 2.928865952735595783e+03 2.677425584255866852e+03 2.327794718886009377e+03 2.269633529546842055e+03 2.155116892527850723e+03 1.971509965720482342e+03 1.744121817035547565e+03 1.931827740548819747e+03 1.664210331770766743e+03 1.571544032113139565e+03 1.030365284127606401e+03 3.048848731234883417e+03 2.315538145145811086e+03 1.779393897390153370e+03 3.032709838946323543e+03 3.022361396584373779e+03 2.862201209119069517e+03 1.662822115578430157e+03 2.657212444417083134e+03 3.252122462494319734e+03 2.739411268285709411e+03
3.935294117647059124e+02 2.573338607711651548e+03 3.368804378696524964e+03 2.398563664899985724e+03 2.419586066656559979e+03 3.230230200382593921e+03 3.831447338747571848e+03 2.193489375852719149e+03 2.044188412085891969e+03 1.749612348691429133e+03 1.734651252551416064e+03 3.065375708388617113e+03 1.739655716024318053e+03 1.784458090262512542e+03 1.724545403620527395e+03 1.724669656913665676e+03 3.380158716382403782e+03 3.408487118092677065e+03 1.739479201822736513e+03 1.733421363226782432e+03 3.396916323405152525e+03 1.782415750465625024e+03 1.772417973708708359e+03 1.769636482916203249e+03 2.765998708719681872e+03 1.612635875579701178e+03 1.605085419553337488e+03 4.139031430169015948e+03 1.570417030999436747e+03 1.680628809406435039e+03 2.597824247701674722e+03 2.330513509596388758e+03 3.314704842536583328e+03 2.379497338163336281e+03 1.551725785131537577e+03 3.500475074776903966e+03 1.718449933823251286e+03 3.583494106292217566e+03 1.867854908056399836e+03 3.579520688324473667e+03 1.699765750737131384e+03 1.698796533834546153e+03 3.168818937452275804e+03 2.784772398635865557e+03 3.156969408002271848e+03 2.713083859166628372e+03 3.262090317070601941e+03 2.677205118675994072e+03 2.367910944528875461e+03 2.137541452432456026e+03 1.757952039054420084e+03 1.751154519529763320e+03 3.008633727830560929e+03 3.190232398349124196e+03 2.942359139875552955e+03 2.544024455102318825e+03 2.488973901009273050e+03 2.362510562373744960e+03 2.183204134326549593e+03 1.929970248638915791e+03 2.127506658666084149e+03 1.838480452286895570e+03 1.740375884117682972e+03 1.158409006689463695e+03 3.335343589340982362e+03 2.549843143414988845e+03 1.981372389638500181e+03 3.320418065663418020e+03 3.307555024532553489e+03 3.100688342439593271e+03 1.842452435595057068e+03 2.894591118666505736e+03 3.544502631981119521e+03 2.982711111078140675e+03
3.944117647058823195e+02 2.797236689844339708e+03 3.634610315208700740e+03 2.616004725328059067e+03 2.638235993618779503e+03 3.484366646332914115e+03 4.110842235938611338e+03 2.402402152073017078e+03 2.244583912129939108e+03 1.938489183368863451e+03 1.922616994665755101e+03 3.318389535057053763e+03 1.927709047088979332e+03 1.976212767686138250e+03 1.911482962626951348e+03 1.911602993849654013e+03 3.640247666093790485e+03 3.668475648674483637e+03 1.927890219185834894e+03 1.921466671455089909e+03 3.701484267380843903e+03 1.967381563611178990e+03 1.956899376519804264e+03 1.953932690003184916e+03 3.039155035351973311e+03 1.786652056212933530e+03 1.780353435715288924e+03 4.459881551562839377e+03 1.744058768851178229e+03 1.863320475772812870e+03 2.836382388104907022e+03 2.547794342161379973e+03 3.579585351974511468e+03 2.602012578578158355e+03 1.723080612366119794e+03 3.812154744644741186e+03 1.900779838810377896e+03 3.898680370540811964e+03 2.059902280433809210e+03 3.889191174145184505e+03 1.875588707027910687e+03 1.879807919337026078e+03 3.468490811722590024e+03 3.059662448495580065e+03 3.450289773181621968e+03 2.964548601432003125e+03 3.568736059938517883e+03 2.904730448658245678e+03 2.588701930237829401e+03 2.346768781858377224e+03 1.938013177033163629e+03 1.936862011656255845e+03 3.258537947731891563e+03 3.460828798782481954e+03 3.220278711907441448e+03 2.769033967537148328e+03 2.718376963502516446e+03 2.579305265967417654e+03 2.407728642318823859e+03 2.126843852447939298e+03 2.333413567970813347e+03 2.022691300480934387e+03 1.919581535909340118e+03 1.296967779713425671e+03 3.633893886847766225e+03 2.796361133384677032e+03 2.197154350085418173e+03 3.620584361595848804e+03 3.604908094366803653e+03 3.345502829701414612e+03 2.033127415061843521e+03 3.140463956986519406e+03 3.847553083494737621e+03 3.234486038217157784e+03
3.952941176470587834e+02 3.028399702387776415e+03 3.905788514426785241e+03 2.841656886950311218e+03 2.865052565626605428e+03 3.743530928417485029e+03 4.393154569143740446e+03 2.620577222909301781e+03 2.454634371188226851e+03 2.138980773087908346e+03 2.122241414401445581e+03 3.577933222393665801e+03 2.127361463404688038e+03 2.179633845195511640e+03 2.110059566016730969e+03 2.110172995495890973e+03 3.904804701314299564e+03 3.932645018152170451e+03 2.127977460861209238e+03 2.121206585476145392e+03 4.017112638159193011e+03 2.162687089351490613e+03 2.151768848721989798e+03 2.148622618725849406e+03 3.325711424505302148e+03 1.971347429963921741e+03 1.966667225272910173e+03 4.786483935066324193e+03 1.929012993487869380e+03 2.057445806514654123e+03 3.084348590985932333e+03 2.774108625911731451e+03 3.850263472778414325e+03 2.833848571269899367e+03 1.905510034042494908e+03 4.134866403329869172e+03 2.093866934532437881e+03 4.224522225248007999e+03 2.262441861464414615e+03 4.208697608540342117e+03 2.061180169279201436e+03 2.071609965911585732e+03 3.781136467155918126e+03 3.348030563960146083e+03 3.755618125477970352e+03 3.226264150300169604e+03 3.888407657280446529e+03 3.138983088066141136e+03 2.818720305217246732e+03 2.566054813050231587e+03 2.127858416286206648e+03 2.133541240595524414e+03 3.515183324413695118e+03 3.739329351471324571e+03 3.510194172221500594e+03 3.001829020566432064e+03 2.956948817909476929e+03 2.804643146806486129e+03 2.644569593317586168e+03 2.334267847441818503e+03 2.548885221998684756e+03 2.216345433386236436e+03 2.108753107884831479e+03 1.446128576108063726e+03 3.943225157849109564e+03 3.054294326760275453e+03 2.426464355310376959e+03 3.931965759233912650e+03 3.913167307994445764e+03 3.595264659041432878e+03 2.234430879438391912e+03 3.393625365268417681e+03 4.159813270424023358e+03 3.493486571223552801e+03
3.961764705882353041e+02 3.265652474224703838e+03 4.180697596998708832e+03 3.074479078999811918e+03 3.098980717864653343e+03 4.006149028524604091e+03 4.676497610786412224e+03 2.847143101804585058e+03 2.673584204012082409e+03 2.350668581386973074e+03 2.333120821724521647e+03 3.842545181037741713e+03 2.338200824219663446e+03 2.394280602716734393e+03 2.319874420938143885e+03 2.319978521253740382e+03 4.172170044745550513e+03 4.199319194307538055e+03 2.339334834102767672e+03 2.332241078516377456e+03 4.342304430866682196e+03 2.367797164813548079e+03 2.356501836229409946e+03 2.353183911173086472e+03 3.624668816772133596e+03 2.166335596062526747e+03 2.163675540837770313e+03 5.116814153903807892e+03 2.124971905989055813e+03 2.262622547429872156e+03 3.340617873719097588e+03 3.008489067603738931e+03 4.125129938220551594e+03 3.074024306891748893e+03 2.098706725129820370e+03 4.467054088565454549e+03 2.297251902034581235e+03 4.559403411435888302e+03 2.474889018836719515e+03 4.536395685665053861e+03 2.256021328078410079e+03 2.273759986842307626e+03 4.105479397065446392e+03 3.648868941033087594e+03 4.071639056156272090e+03 3.497093237827272787e+03 4.219775438644305723e+03 3.378711646043785549e+03 3.056981402000576963e+03 2.794605624755357439e+03 2.326927883748068780e+03 2.340722090192240103e+03 3.777135565898263849e+03 4.024242807007355623e+03 3.810917036056756842e+03 3.241268101440656665e+03 3.203636618019508205e+03 3.037517057122548522e+03 2.893042338974122231e+03 2.551617822403931768e+03 2.773108016708724790e+03 2.418807212861093831e+03 2.307346946235204996e+03 1.605874186537251944e+03 4.261863916803499706e+03 3.322665094042470628e+03 2.668859192987461938e+03 4.253116083980640724e+03 4.230879896377294244e+03 3.848464968544747535e+03 2.445801096062145916e+03 3.652719793238158218e+03 4.479635060211531709e+03 3.758311072787965713e+03
3.970588235294117112e+02 3.507685883725494023e+03 4.457573672302697560e+03 3.313288943934237068e+03 3.338824145463553123e+03 4.270530684835738612e+03 4.958889244793461330e+03 3.081081098816714075e+03 2.900530805655882432e+03 2.572982303994643189e+03 2.554700115251837815e+03 4.110630584431551142e+03 2.559663732362522751e+03 2.619558651246555655e+03 2.540376401380921834e+03 2.540468165596384551e+03 4.440573977503104288e+03 4.466715672712683045e+03 2.561404532846769143e+03 2.554018611122626680e+03 4.675368709272018350e+03 2.582032138725856839e+03 2.570429198830331643e+03 2.566949738094407621e+03 3.934825443225171966e+03 2.371090129092555799e+03 2.370885164791404350e+03 5.448707989104274930e+03 2.331486713901660096e+03 2.478321232878643968e+03 3.603926481669680015e+03 3.249820412815404325e+03 4.402448657953350448e+03 3.321406287824710944e+03 2.302223863230876759e+03 4.806965978922846261e+03 2.510330399881514950e+03 4.901514429902579650e+03 2.696510391974773938e+03 4.870458052805541229e+03 2.459456612818047233e+03 2.485670885390758485e+03 4.440033886982450895e+03 3.960966039463433845e+03 4.396837890412868546e+03 3.775728842622923366e+03 4.561297503617839538e+03 3.622535978424496989e+03 3.302350476578889356e+03 3.031474216639507176e+03 2.534523012010531147e+03 2.557787062790158416e+03 4.042827143752313987e+03 4.313925137204703788e+03 4.121065169229526873e+03 3.486070460475087202e+03 3.457234009741757745e+03 3.276776038763632641e+03 3.152288900388441107e+03 2.778118199107959299e+03 3.005119856750523923e+03 2.629302300281030057e+03 2.514681187224770383e+03 1.776074135646940704e+03 4.588147284641778242e+03 3.600318217774986351e+03 2.923721207528753894e+03 4.582394952215645390e+03 4.556402917770915337e+03 4.103481657640008962e+03 2.666528217812032381e+03 3.916252927580593678e+03 4.805196116810281637e+03 4.027417759948199546e+03
3.979411764705882888e+02 3.753068649765104055e+03 4.734550013959274111e+03 3.556771954086013920e+03 3.583254649311620597e+03 4.534888507413775187e+03 5.238276567192344373e+03 3.321231056934801472e+03 3.134428246669414420e+03 2.805196955428801175e+03 2.786269666090142891e+03 4.380477844205102883e+03 2.791032582095388079e+03 2.854717330729823971e+03 2.770860869700981766e+03 2.770936976159106962e+03 4.708157309815384906e+03 4.732966306525345317e+03 2.793473918272865831e+03 2.785832865902705180e+03 5.014434370436126301e+03 2.804567713792368522e+03 2.792737022060963227e+03 2.789108518969176203e+03 4.254781373402670397e+03 2.584942061326141356e+03 2.587657582806416940e+03 5.779886412580009164e+03 2.547963392197317717e+03 2.703861887854965971e+03 3.872861155709058494e+03 3.496846717767133669e+03 4.680375590139909946e+03 3.574715881566496591e+03 2.515471079651926175e+03 5.152668940099525571e+03 2.732351502187952974e+03 5.248868343586803348e+03 2.926424366023946732e+03 5.208891100775019368e+03 2.670693800977733645e+03 2.706609384294267784e+03 4.783113902424535809e+03 4.282911180053083626e+03 4.729511079463137321e+03 4.060703073991678139e+03 4.911229478477504927e+03 3.868960375672633290e+03 3.553550006510707590e+03 3.275564360904601017e+03 2.749807134688025144e+03 2.783969589046420879e+03 4.310572913873942525e+03 4.606595480946149110e+03 4.439071174183865878e+03 3.734826977750984042e+03 3.716389676953661819e+03 3.521133592005455739e+03 3.421278300432176820e+03 3.012843179303123179e+03 3.243814752220498121e+03 2.846919713793909068e+03 2.729935856378869630e+03 1.956476943294795547e+03 4.920236584977294115e+03 3.885926602845555863e+03 3.190254359830641988e+03 4.917980588059082038e+03 4.887916364064051777e+03 4.358597532778098866e+03 2.895754165394433585e+03 4.182605925212015791e+03 5.134517123275240920e+03 4.299139652777211268e+03
3.988235294117646959e+02 4.000261999112150988e+03 5.009679569341804381e+03 3.803493468436263811e+03 3.830824510973146516e+03 4.797359540535428096e+03 5.512562720441223064e+03 3.566300101047161661e+03 3.374093936842692074e+03 3.046432834161582832e+03 3.026965012794853919e+03 4.650277948508965892e+03 3.031435403281086110e+03 3.098850003006052248e+03 3.010469173229887019e+03 3.010526063950575917e+03 4.972994304029180057e+03 4.996140619787935066e+03 3.034675272518959446e+03 3.026822354074580289e+03 5.357467893562349673e+03 3.034437665497433045e+03 3.022469019645334811e+03 3.018706326086661193e+03 4.582947000813683189e+03 2.807079883743023856e+03 2.813208193627295259e+03 6.107983692961000997e+03 2.773660850222415775e+03 2.938413427446493642e+03 4.145871542001782473e+03 3.748181713681680776e+03 4.956980549528023403e+03 3.832539789374246993e+03 2.737712986529769751e+03 5.502067400998387711e+03 2.962418904775573537e+03 5.599320725485504227e+03 3.163604512241179691e+03 5.549555631354696743e+03 2.888806623051427323e+03 2.935696820315202331e+03 5.132846409626892637e+03 4.613103088311861029e+03 5.067780636911719739e+03 4.350399598551289273e+03 5.267638583319838290e+03 4.116389589556885767e+03 3.809170132537569316e+03 3.525637649574259285e+03 2.971808826744055295e+03 3.018355243643509311e+03 4.578588796595991880e+03 4.900355348140681599e+03 4.763194728143591419e+03 3.986013994007298606e+03 3.979619091761603158e+03 3.769179018283855839e+03 3.698810416174008878e+03 3.254720811740604404e+03 3.487950515187175824e+03 3.070616628024413330e+03 2.952155562448143428e+03 2.146704193600023700e+03 5.256134811531300329e+03 4.178000443387890300e+03 3.467483488870802375e+03 5.257886863913927300e+03 5.223440346740359018e+03 4.612021048744721156e+03 3.132475470397275330e+03 4.450052619311208218e+03 5.465482720993482872e+03 4.571702709782914098e+03
3.997058823529412166e+02 4.247636550859055205e+03 5.280959210656445975e+03 4.051913279139881524e+03 4.079981171212868048e+03 5.056028693887868940e+03 5.779634872574722976e+03 3.814873887490358811e+03 3.618217805608572689e+03 3.295658028818527328e+03 3.275769084765679054e+03 4.918145957506924788e+03 3.279848281547788247e+03 3.350896943049303900e+03 3.258190795979589893e+03 3.258224669339328102e+03 5.233117297883251013e+03 5.254270671121648775e+03 3.283987998755260833e+03 3.275972589763833639e+03 5.702294455946215749e+03 3.270538987611378616e+03 3.258531519190142717e+03 3.254651783390565015e+03 4.917555149125829303e+03 3.036551922589406786e+03 3.046607918567618526e+03 6.430577540029285046e+03 3.007691529916607124e+03 3.180995544883009188e+03 4.421285405356473348e+03 4.002321733607675924e+03 5.230270857470408373e+03 4.093343169734875119e+03 2.968069945132132489e+03 5.852925359300223136e+03 3.199494495094033482e+03 5.950592786899611383e+03 3.406885497525234314e+03 5.890190587258960477e+03 3.112739826718096083e+03 3.171912532441783242e+03 5.487188182578895066e+03 4.949762022156374769e+03 5.409611958071313893e+03 4.643069092545711101e+03 5.628421436502557299e+03 4.363146990358071889e+03 4.067681636278206042e+03 3.780323133687713380e+03 3.199427598739022869e+03 3.259885364938048497e+03 4.845012564516211569e+03 5.193210439183644667e+03 5.091538316638796459e+03 4.238009539366907120e+03 4.245318852805193274e+03 4.019391169847865513e+03 3.983522756015831874e+03 3.502539498228892171e+03 3.736158925141216059e+03 3.299225476105144025e+03 3.180254685623646765e+03 2.346246335137402184e+03 5.593707461048191362e+03 4.474899576834982327e+03 3.754256478255973889e+03 5.599983438318658955e+03 5.560855419654159050e+03 4.861908674896345474e+03 3.375548598126935758e+03 4.716779173634836297e+03 5.795865352357984193e+03 4.843246215426605886e+03
4.005882352941176805e+02 4.493491592531728202e+03 5.546355929039882540e+03 4.300402568123991841e+03 4.329084508538991940e+03 5.308953776732776532e+03 6.037393189147839621e+03 4.065430661214058546e+03 3.865374279234348705e+03 3.551693842703289647e+03 3.531517326635475456e+03 5.182144640862622509e+03 3.535100653843531745e+03 3.609651161729250816e+03 3.512868334276662608e+03 3.512875198632787033e+03 5.486542708274877441e+03 5.505377242743351417e+03 3.540243847326710693e+03 3.532121087325123881e+03 6.046622403032170951e+03 3.511639774785481677e+03 3.499701161110939665e+03 3.495723748306066227e+03 5.256676880830717892e+03 3.272271398281814072e+03 3.286787563503587080e+03 6.745221175153817057e+03 3.249024692628432149e+03 3.430483391616361587e+03 4.697326655216113068e+03 4.257661391780726262e+03 5.498217060745808340e+03 4.355485543864268948e+03 3.205521607312502965e+03 6.202891931031859713e+03 3.442404818725976384e+03 6.300297846095613750e+03 3.654971875896993424e+03 6.228439919388300950e+03 3.341316828007803906e+03 3.414099900560643619e+03 5.843946480775777673e+03 5.290945747665099589e+03 5.752835326271007943e+03 4.936847600049131870e+03 5.991325620392310157e+03 4.607494827017174430e+03 4.327451787833184426e+03 4.038129855293948822e+03 3.431442280357482105e+03 3.507363555435284525e+03 5.107926832908057804e+03 5.483094864509986110e+03 5.422066469287941800e+03 4.489111967722917143e+03 4.511783882111741150e+03 4.270154918166747848e+03 4.273900572705749255e+03 3.754957536485422679e+03 3.986958766555133934e+03 3.531463866857749963e+03 3.413025187523348905e+03 2.554460573621432104e+03 5.930706609145732727e+03 4.774849098989122467e+03 4.049249776597947402e+03 5.942019513162411386e+03 5.897926409369901194e+03 5.106389020551129761e+03 3.623698181099307476e+03 4.980905885397976817e+03 6.123352010634464023e+03 5.111845432777785390e+03
4.014705882352940876e+02 4.736075968827191900e+03 5.803833927290406791e+03 4.547263056110625257e+03 4.576426138886826266e+03 5.554191550650133649e+03 6.283780100676630354e+03 4.316357628656041925e+03 4.114036675063130133e+03 3.813223036382022656e+03 3.792905674746563818e+03 5.440309555756966802e+03 3.795883451745776256e+03 3.873767098344276292e+03 3.773205343517935944e+03 3.773181071459254781e+03 5.731297966854340302e+03 5.747496781836616719e+03 3.802134899490622047e+03 3.793965343146788200e+03 6.388070525785023165e+03 3.756389768150749205e+03 3.744635202413948718e+03 3.740581553471402913e+03 5.598240763862897438e+03 3.513024140042445651e+03 3.532544745059817615e+03 7.049476440031892707e+03 3.496492426171984789e+03 3.685615144515016254e+03 4.972135779793921756e+03 4.512511505342290548e+03 5.758779740057951130e+03 4.617239121279344545e+03 3.448912958178310419e+03 6.549529588046518256e+03 3.689850142167502327e+03 6.645970486753638397e+03 3.906449522457663988e+03 6.561881763603855688e+03 3.573249828748182608e+03 3.660975121031420713e+03 6.200803093284404895e+03 5.634568880149341567e+03 6.095170440093063917e+03 5.229777727351132853e+03 6.353974708647974694e+03 4.847656158536526164e+03 4.586762527100549050e+03 4.297461990282533407e+03 3.666521832421924955e+03 3.759464902748324221e+03 5.365383608648561676e+03 5.767897331882782964e+03 5.752628119650556982e+03 4.737560536579669133e+03 4.777226870412756398e+03 4.519779642334080563e+03 4.568290130789276191e+03 4.010515205427893306e+03 4.238771249989323223e+03 3.765946748220428162e+03 3.649146969799327508e+03 2.770571020256513748e+03 6.264797671378571977e+03 5.075957933158310880e+03 4.350977180071415205e+03 6.281650320632944386e+03 6.232328854793642677e+03 5.343587817914370135e+03 3.875527937526824644e+03 5.240510886088344705e+03 6.445573248209943813e+03 5.375536091644303269e+03
4.023529411764706083e+02 4.973610590798667545e+03 6.051382443073950526e+03 4.790747842169334035e+03 4.820250494881536724e+03 5.789824293821688116e+03 6.516809175003774726e+03 4.565969511653959671e+03 4.362594020851407549e+03 4.078800917731043228e+03 4.058501325548691966e+03 5.690675226675123668e+03 4.060760001178920902e+03 4.141772101353751168e+03 4.037776952463544148e+03 4.037717301032966589e+03 5.965448642614527671e+03 5.978708610791728461e+03 4.068224398317948726e+03 4.060073458981202748e+03 6.724197735784204269e+03 4.003333282619929378e+03 3.991884298313075760e+03 3.987777787043612989e+03 5.940055317099495369e+03 3.757478722799785373e+03 3.782553554579117190e+03 7.340947390156414258e+03 3.748798282579526131e+03 3.945002174075841594e+03 5.243792411834849190e+03 4.765119106545784234e+03 6.009937136618130353e+03 4.876809164494165998e+03 3.696963118095240588e+03 6.890344693628421737e+03 3.940416092005864357e+03 6.985097854202467715e+03 4.159799540617620551e+03 6.888059672982426491e+03 3.807152231207364366e+03 3.911138527050187349e+03 6.555341354383767793e+03 5.978425561517192364e+03 6.434253619252530370e+03 5.519831948015093985e+03 6.713896157261812732e+03 5.081837977547534138e+03 4.843830707069202617e+03 4.556636332721305735e+03 3.903238578553490697e+03 4.014747851459451795e+03 5.615430013712049913e+03 6.045488768804949359e+03 6.080981651809501273e+03 4.981557584190923990e+03 5.039799804780878731e+03 4.766519760500045777e+03 4.864914915776332236e+03 4.267649493265957062e+03 4.489937744465297328e+03 4.001200913261180176e+03 3.887200608029149862e+03 2.993671118469538669e+03 6.593588568952286550e+03 5.376240066058384400e+03 4.657801848272644747e+03 6.616466070813494298e+03 6.561677865734357511e+03 5.571653562424563461e+03 4.129534074695348863e+03 5.493655134560943225e+03 6.760133882588245797e+03 5.632340090022345066e+03
4.032352941176470722e+02 5.204311725556211059e+03 6.287043463284987411e+03 5.029083594741222441e+03 5.058777189921422178e+03 6.013986305750281645e+03 6.734593084128372539e+03 4.812528851802559984e+03 4.609369634448566103e+03 4.346868905069926768e+03 4.326756081460644054e+03 5.931301730336182118e+03 4.328179556047623919e+03 4.412080550951110126e+03 4.305043043441259215e+03 4.304943734514788048e+03 6.187125330171858877e+03 6.197161555374599629e+03 4.336960118554830842e+03 4.328897443105484854e+03 7.052534328586400079e+03 4.250924508906814481e+03 4.239907655324835105e+03 4.235773296216828385e+03 6.279834195933760384e+03 4.004199155794992748e+03 4.035376616213113266e+03 7.617313564406242222e+03 4.004528508769410109e+03 4.207141858065405359e+03 5.510339383036917752e+03 5.013689095976622411e+03 6.249712867013092364e+03 5.132356149905691382e+03 3.948276502772981075e+03 7.222819764240462973e+03 4.192587727236607861e+03 7.315152369323575840e+03 4.413414560880559293e+03 7.204514923536030437e+03 4.041553305767018173e+03 4.163088284549976379e+03 6.905075522554108829e+03 6.320214688116198886e+03 6.767667196451403470e+03 5.804937829227339535e+03 7.068551616850086248e+03 5.308255117874744428e+03 5.096830039845478495e+03 4.813901856217664317e+03 4.140083478580424526e+03 4.271668433199255560e+03 5.856134474234954723e+03 6.313750687039053446e+03 6.404822244169878104e+03 5.219291870358262713e+03 5.297617100079139163e+03 5.008596582649942320e+03 5.161894517716185874e+03 4.524710989146179600e+03 4.738739318679796270e+03 4.235681475906956621e+03 4.125682288689568850e+03 3.222728428893350156e+03 6.914660406667431744e+03 5.673638036297923463e+03 4.967951355092219274e+03 6.944022648792129985e+03 6.883558639178236263e+03 5.788783037078553207e+03 4.384121102110493666e+03 5.738408179037295668e+03 7.064644741886290831e+03 5.880291923900370421e+03
4.041176470588235361e+02 5.426414941492752405e+03 6.508938858483482363e+03 5.260493715151681499e+03 5.290224305306934184e+03 6.224889808055697358e+03 6.935369974475852359e+03 5.054267751233877789e+03 4.852641514728832590e+03 4.615770696535152638e+03 4.596022230655025851e+03 6.160301285197691868e+03 4.596493222360360051e+03 4.683010374057803347e+03 4.573364034505643758e+03 4.573220792593800070e+03 6.394549614871843914e+03 6.401099853201513724e+03 4.606690345422607606e+03 4.598789091174838177e+03 7.370614527667046787e+03 4.497544772350867788e+03 4.487090090475096986e+03 4.482954351497255630e+03 6.615223703842413670e+03 4.251659675953424085e+03 4.289479596502179447e+03 7.876362276237261540e+03 4.262165699529212361e+03 4.470432808282414953e+03 5.769808040741002515e+03 5.256407085994989757e+03 6.476203201372840340e+03 5.382019121604518659e+03 4.201356525468853761e+03 7.544446709207189997e+03 4.444765721224825938e+03 7.633625412182373111e+03 4.665616900557454755e+03 7.508819545978120004e+03 4.274914618322525712e+03 4.415236440117567327e+03 7.247482148285565017e+03 6.657567710640390942e+03 7.092970452287481748e+03 6.083004576619858199e+03 7.415369147423049981e+03 5.525154361365716795e+03 5.343914312757689913e+03 5.067460912709976583e+03 4.375483345989169720e+03 4.528596847359978710e+03 6.085613052058966787e+03 6.570603956394839770e+03 6.721810970570051722e+03 5.448962541782305379e+03 5.548779883383677770e+03 5.244221351608963232e+03 5.457265905726514575e+03 4.779982885383342364e+03 4.983417945207000230e+03 4.467790037672421931e+03 4.363020630132496080e+03 3.456591806228001587e+03 7.225599343873629550e+03 5.966048281558665622e+03 5.279535609060583738e+03 7.261873603496217584e+03 7.195558173312408144e+03 5.993246350131075815e+03 4.637619708047323911e+03 5.972874218115395706e+03 7.356754894210207567e+03 6.117465345108923430e+03
4.050000000000000000e+02 5.638199055682893231e+03 6.715296522210801413e+03 5.483222032356732598e+03 5.512832182611819007e+03 6.420849803803536815e+03 7.117527988923034172e+03 5.289410637370658151e+03 5.090663997563476187e+03 4.883770561798040944e+03 4.864570619766493110e+03 6.375864316753157254e+03 4.863972219326765298e+03 4.952801867120769202e+03 4.841018799766454322e+03 4.840827418620513527e+03 6.586058889479075333e+03 6.588887500524871939e+03 4.875681997484975000e+03 4.868017997522942096e+03 7.676009521824091280e+03 4.741521639750199938e+03 4.731761069908691752e+03 4.727651558709198071e+03 6.943832258678676226e+03 4.498261719010201887e+03 4.543247819816107949e+03 8.116019462813686914e+03 4.520104815949986914e+03 4.733192366096533078e+03 6.020244339847477022e+03 5.491463176956581265e+03 6.687603499050271239e+03 5.623940042582425122e+03 4.454621418805254507e+03 7.852760574704294413e+03 4.695284748948407469e+03 7.938061296985037188e+03 4.914678689393391323e+03 7.798609394749827516e+03 4.505648324882790803e+03 4.665926884973201595e+03 7.580032796575529574e+03 6.988078246511027828e+03 7.407731710980147000e+03 6.351950548803129095e+03 7.751776725713888482e+03 5.730838471393503823e+03 5.583241515274001358e+03 5.315491913225741882e+03 4.607819664073817876e+03 4.783836057822855764e+03 6.302055333841126412e+03 6.814037305794914573e+03 7.029605126999544154e+03 5.668803495654751714e+03 5.791401041991030070e+03 5.471618861867380474e+03 5.749006853239314296e+03 5.031701637609783575e+03 5.222198825512666190e+03 4.695894369904497580e+03 4.597595284333820928e+03 3.694000891500771104e+03 7.524029001131681071e+03 6.251347943378109449e+03 5.590567493416729121e+03 7.567602853046865675e+03 7.495297582420061190e+03 6.183411006352907862e+03 4.888306434565133713e+03 6.195218071300489100e+03 7.634183792146523047e+03 6.341999833085462342e+03
4.058823529411765207e+02 5.838009616690229450e+03 6.904474723140059723e+03 5.695556421947598210e+03 5.724887186301321890e+03 6.600307280140908006e+03 7.279627070398776596e+03 5.516197618909641278e+03 5.321690221979200032e+03 5.149073554381266149e+03 5.130610730004689685e+03 6.576284334634694460e+03 5.128827946886251993e+03 5.219638261729443911e+03 5.106224546848907266e+03 5.105980947703552374e+03 6.760129078763710822e+03 6.759030695521948473e+03 5.142140736141798698e+03 5.134791585967424908e+03 7.966360298099841202e+03 4.981149400612872341e+03 4.972215067047892262e+03 4.968160192248072235e+03 7.263261023209023733e+03 4.742352524029884989e+03 4.795004752029051815e+03 8.334378203071622920e+03 4.776671068869937699e+03 4.993675967241953003e+03 6.259734973546744186e+03 5.717075978470503287e+03 6.882232998466889512e+03 5.856288443854959951e+03 4.706422042986431734e+03 8.145372983643756015e+03 4.942433194254023874e+03 8.226090662598766357e+03 5.158843157880979561e+03 8.071616470052201294e+03 4.732136588745101108e+03 4.913454934031432458e+03 7.900227465691412363e+03 7.309332873017609927e+03 7.709560733034951227e+03 6.609730923805443126e+03 8.075236335264915397e+03 5.923689425363787450e+03 5.812998256889997720e+03 5.556172770051858606e+03 4.835448615314891867e+03 5.035641962413719739e+03 6.503749257667864185e+03 7.042134876192629235e+03 7.325889180317685714e+03 5.877107285436023631e+03 6.023630461053057843e+03 5.689051282165289194e+03 6.035060818619907877e+03 5.278078949407925393e+03 5.453313508858866953e+03 4.918349045467631186e+03 4.827756805570970755e+03 3.933597834031088951e+03 7.807642571516377757e+03 6.527422470805006014e+03 5.898985657089056986e+03 7.858857211393307807e+03 7.780464202045535785e+03 6.357764352211615915e+03 5.134424827248132715e+03 6.403690289519737235e+03 7.894752418410849714e+03 6.552126095619038097e+03
4.067647058823529278e+02 6.024281504761695032e+03 7.074984359833923008e+03 5.895851991143592386e+03 5.924744836226511325e+03 6.761850358507276724e+03 7.420417917200556076e+03 5.732907859750608623e+03 5.543995015165904988e+03 5.409847191460354225e+03 5.392312159131270164e+03 6.759981268040931354e+03 5.389233503250099602e+03 5.481667809089443836e+03 5.367158229112354093e+03 5.366858516889523344e+03 6.915395188971185235e+03 6.910197882452815975e+03 5.404232487633318669e+03 5.397276621763440744e+03 8.239409677752066273e+03 5.214710469453367296e+03 5.206732929429965225e+03 5.202761578607429328e+03 7.571135243880125927e+03 4.982245095412613409e+03 5.043032015488878642e+03 8.529724411882538334e+03 5.030139528639798300e+03 5.250097960866105495e+03 6.486433175606365694e+03 5.931516496183723575e+03 7.058557671550806845e+03 6.077285960878772130e+03 4.955061237807946782e+03 8.420004595835995133e+03 5.184474313104426983e+03 8.495462761055025112e+03 5.396346925977800311e+03 8.325699776527028007e+03 4.952751967679512745e+03 5.156088300733167671e+03 8.205627863099667593e+03 7.618942708734752159e+03 7.996140844601256504e+03 6.854365254582474336e+03 8.383277887377798834e+03 6.102190519336680154e+03 6.031424021946935682e+03 5.787704769932452109e+03 5.056721981955764022e+03 5.282244895395379899e+03 6.689104459479479374e+03 7.253102444374227161e+03 7.608405684990301779e+03 6.072248410641043847e+03 6.243679924336398471e+03 5.894841516357506407e+03 6.313363019805853583e+03 5.517324564668203493e+03 5.675023174535645012e+03 5.133516652891577905e+03 5.051847398563986644e+03 4.173941038421053236e+03 8.074234160702839290e+03 6.792193545835454643e+03 6.202679189973081520e+03 8.133378268625097917e+03 8.048842980225242172e+03 6.514934123000476575e+03 5.374207531596239278e+03 6.596650979150852436e+03 8.136413077738458014e+03 6.746190194916007385e+03
4.076470588235293917e+02 6.195560069068817029e+03 7.225508673873076077e+03 6.082553309857544264e+03 6.110852125463259654e+03 6.904232864903555310e+03 7.538857593923765307e+03 5.937882592683527946e+03 5.755897789739112341e+03 5.664244256650173156e+03 5.647827321406773081e+03 6.925522632101899035e+03 5.643346457705883950e+03 5.737026888927140135e+03 5.621979091520296606e+03 5.621619615405796139e+03 7.050669109973472587e+03 7.041236996882643325e+03 5.660106249267256317e+03 5.653621887581039118e+03 8.493032847084270543e+03 5.440497497332609782e+03 5.433603958113568297e+03 5.429745132429745354e+03 7.865135608960807986e+03 5.216239259548190603e+03 5.285590514325759614e+03 8.700559366774648879e+03 5.278756050769114154e+03 5.500653759282450665e+03 6.698583663058392631e+03 6.133131364069548908e+03 7.215210601250548279e+03 6.285230225255495498e+03 5.198814471369791136e+03 8.674515945688450302e+03 5.419668148470831511e+03 8.744075930934566713e+03 5.625442791328169733e+03 8.558874382829339083e+03 5.165878411169986975e+03 5.392088838646121985e+03 8.493890190925589195e+03 7.914574931780814950e+03 8.265260101213527378e+03 7.083964074310137221e+03 8.673532416407697383e+03 6.264946835157104033e+03 6.236834869239648469e+03 6.008336421032252474e+03 5.270008434874633167e+03 5.521871949493503962e+03 6.856673603665693008e+03 7.445291624014196714e+03 7.874985559582486530e+03 6.252705279706966394e+03 6.449847236452501420e+03 6.087395915920970765e+03 6.581867042030723496e+03 5.747669495286269012e+03 5.885641811315303130e+03 5.339789279283233554e+03 5.268222263291123454e+03 4.413520682645232228e+03 8.321728655994760629e+03 7.043646759653835943e+03 6.499513631100655402e+03 8.389032993487797285e+03 8.298346419728934052e+03 6.653706574885884038e+03 5.605898994638321710e+03 6.772591969300386154e+03 8.357277002896295016e+03 6.922675889989620373e+03
4.085294117647059124e+02 6.350520631517638321e+03 7.354920018860922028e+03 6.254215352076866111e+03 6.281768353400702836e+03 7.026390308152838770e+03 7.634121668923080506e+03 6.129547406442618922e+03 5.955784909677851829e+03 5.910426327282104467e+03 5.895314925034946100e+03 7.071642365980182149e+03 5.889332263733412219e+03 5.983863866111601965e+03 5.868852053646964123e+03 5.868429480985783812e+03 7.164954383553684238e+03 7.151189748920659440e+03 5.907917581113345477e+03 5.901981735790898711e+03 8.725265966531731465e+03 5.656835667585759438e+03 5.651148206246234622e+03 5.647430646201371928e+03 8.143029159176884605e+03 5.442643286505712240e+03 5.520942416700191643e+03 8.845618505587694017e+03 5.520759139598322690e+03 5.743542614143507308e+03 6.894546261108976068e+03 6.320365114792467466e+03 7.351009568519967615e+03 6.478517781867150006e+03 5.435951464314897748e+03 8.906936234697021064e+03 5.646293976391832985e+03 8.970005790380177132e+03 5.844422654396585131e+03 8.769337907648656255e+03 5.369932326012427438e+03 5.619734940150911825e+03 8.762796596154474173e+03 8.193983895289022257e+03 8.514841124153384953e+03 7.296754381058589388e+03 8.943763971196303828e+03 6.410703786128032334e+03 6.427646051711873952e+03 6.216386814800578577e+03 5.473714984452549288e+03 5.752769822292569188e+03 7.005171444503680505e+03 7.617221751887304890e+03 8.123577243367046322e+03 6.417080663973308219e+03 6.640539149347158855e+03 6.265225660341436196e+03 6.838571715245614541e+03 5.967389336900025228e+03 6.083558801809548640e+03 5.535609828872714388e+03 5.475271062942933895e+03 4.650775967378137466e+03 8.548209582962936111e+03 7.279858584867514764e+03 6.787358068084882689e+03 8.623842382948108934e+03 8.527042684161993748e+03 6.773042021013153317e+03 5.827778449447948333e+03 6.930156846589853558e+03 8.555639554927118297e+03 7.080224737368309434e+03
4.094117647058823195e+02 6.487985675393389101e+03 7.462293358798499867e+03 6.409522533163140906e+03 6.436184141183116481e+03 7.127452444606321478e+03 7.705612550855550580e+03 6.306433135011066952e+03 6.142131124351320977e+03 6.146587378927619284e+03 6.132963575789885908e+03 7.197256751880914635e+03 6.125387825349371269e+03 6.220362915229976352e+03 6.105971203930070260e+03 6.105482542544411444e+03 7.257457752768545106e+03 7.239302409828461350e+03 6.145852287033670109e+03 6.140539706177489279e+03 8.934331907669660723e+03 5.862104569469142007e+03 5.857738404742600324e+03 5.854190232386825301e+03 8.402698870117907063e+03 5.659795661813838706e+03 5.747373369327077853e+03 8.963886183128985067e+03 5.754402277289316771e+03 5.976990693106751678e+03 7.072817565862330412e+03 6.491780778400518102e+03 7.464971421502944395e+03 6.655665307403873157e+03 5.664758072189430095e+03 9.115489119859823404e+03 5.862672588795123374e+03 9.171530360434508111e+03 6.051639923946153431e+03 8.955493826005658775e+03 5.563383340004865204e+03 5.837343754668315341e+03 9.010284639341880393e+03 8.455040806000375596e+03 8.742968563051983438e+03 7.491103039358355090e+03 9.191899206664866142e+03 6.538363162321344134e+03 6.602392938456859156e+03 6.410267912814319061e+03 5.666307877107700733e+03 5.973227570903202832e+03 7.133491002480373936e+03 7.767598888638891367e+03 8.352273900031568701e+03 6.564119920937576353e+03 6.814292401691057421e+03 6.426966483605234316e+03 7.081547309422101534e+03 6.174826934952516240e+03 6.267260239834210552e+03 5.719492548252907909e+03 5.671438981126250837e+03 4.884113373057837634e+03 8.751944289377914174e+03 7.499021890021677791e+03 7.064112289794782555e+03 8.836007523816988396e+03 8.733180974871364015e+03 6.872087208915099836e+03 6.038182373111626475e+03 7.068158290591009063e+03 8.730002075399273963e+03 7.217653423413674318e+03
4.102941176470587834e+02 6.606939582907838485e+03 7.546916344958151967e+03 6.547305638245658884e+03 6.572938219325491445e+03 7.206752784144478028e+03 7.752964032958861935e+03 6.467195048148481874e+03 6.313519562459706322e+03 6.370977191264442808e+03 6.359015210653480608e+03 7.301477170310936344e+03 6.349764787737562983e+03 6.444767583759409717e+03 6.331583108965762221e+03 6.331025791483171815e+03 7.327597146370054361e+03 7.305033324383321997e+03 6.372149817205183354e+03 6.367531982216982215e+03 9.118663007699669834e+03 6.054759440491253372e+03 6.051821271441697718e+03 6.048469634840894287e+03 8.642171472748472297e+03 5.866086581754348117e+03 5.963214551429132371e+03 9.054606198894231056e+03 5.977976191280572493e+03 6.199273980978314285e+03 7.232050435247867426e+03 6.646078523770097490e+03 7.556323096232243188e+03 6.815328962125096041e+03 5.883558290483897508e+03 9.298615363320188408e+03 6.067188178831263940e+03 9.347151783245608385e+03 6.245531108902363485e+03 9.115971409755207787e+03 5.744774359393763007e+03 6.043293137377844687e+03 9.234474168619322882e+03 8.695761790102440500e+03 8.947914010605009025e+03 7.665538020291188332e+03 9.416054492147304700e+03 6.646996659912032555e+03 6.759750154845475663e+03 6.588505375435968745e+03 5.846332703188568303e+03 6.181598851890669721e+03 7.240716821593101486e+03 7.895331612193693218e+03 8.559338347262995740e+03 6.692726968775935347e+03 6.969792679995865910e+03 6.571396264306192279e+03 7.308960854016621852e+03 6.368414120460306549e+03 6.435348834521288154e+03 5.890042559094321405e+03 5.855247110265194351e+03 5.111925934009289449e+03 8.931406103339777474e+03 7.699469644262992915e+03 7.327733934258923910e+03 9.023932744257575905e+03 8.915213952901325683e+03 6.950184704664508899e+03 6.235526301192747269e+03 7.185592636985667923e+03 8.879090454457507803e+03 7.333968150557621811e+03
4.111764705882353041e+02 6.706540769251745587e+03 7.608295946145170092e+03 6.666556359580122262e+03 6.691031879912393379e+03 7.263834614348373179e+03 7.776042178255165709e+03 6.610630159910185284e+03 6.468660152001528331e+03 6.581924106423002740e+03 6.571787911364409410e+03 7.383619786583271889e+03 6.560792325878827796e+03 6.655403637645551498e+03 6.544009610037941457e+03 6.543381533890761602e+03 7.375006364394525917e+03 7.348056823991740202e+03 6.585126202819001264e+03 6.581270325590828179e+03 9.276920437416325512e+03 6.233351358598099978e+03 6.231937831286661094e+03 6.228808524316196781e+03 8.859643095437008014e+03 6.059978934467093495e+03 6.166864343225861376e+03 9.117288185254366908e+03 6.189831004640230276e+03 6.408740586515088580e+03 7.371070862925223082e+03 6.782112230804415049e+03 7.624509201167909850e+03 6.956321459868101556e+03 6.090735923080245811e+03 9.454991916708746430e+03 6.258309441280562169e+03 9.495614456260604129e+03 6.424636274376418442e+03 9.249641966696812233e+03 5.912740574187311722e+03 6.236042726380665954e+03 9.433691459788715292e+03 8.914333619217499290e+03 9.128157895364514843e+03 7.818767032680648299e+03 9.614559902937255174e+03 6.735856501465423207e+03 6.898548307637025573e+03 6.749757714493999629e+03 6.012433402771833244e+03 6.376323409384542174e+03 7.326135023852695667e+03 7.999543548295713663e+03 8.743225222950321040e+03 6.801977548641054454e+03 7.105891211579913033e+03 6.697450421037112392e+03 7.519100062019485449e+03 6.546692213317926871e+03 6.586561948119245244e+03 6.045974057524546879e+03 6.025311706252091426e+03 5.332613047726134937e+03 9.085293090030218082e+03 7.879696452680334914e+03 7.576264987920128078e+03 9.186245367399684255e+03 9.071816893606197482e+03 7.006878954874190640e+03 6.418325519645525674e+03 7.281651449393234543e+03 9.001869891995942453e+03 7.428375952406142460e+03
4.120588235294117112e+02 6.786130895774110286e+03 7.646161402066313713e+03 6.766439211230283036e+03 6.789640632280057616e+03 7.298453718024708905e+03 7.774942426442260512e+03 6.735692162009892854e+03 6.606405958473207647e+03 6.777856638935873889e+03 6.769697675642801187e+03 7.443211776559363898e+03 6.756898729598491627e+03 6.850700736176600003e+03 6.741669534794411447e+03 6.740969075437434185e+03 7.399536163870957353e+03 7.368263782055551928e+03 6.783195811825728015e+03 6.780163901358459043e+03 9.408009664390401667e+03 6.396545944993474222e+03 6.396742240798649618e+03 6.393859390744096345e+03 9.053502246252250188e+03 6.240028146164590908e+03 6.356809035907923317e+03 9.151709565391431170e+03 6.388397491781910503e+03 6.603832231234256142e+03 7.488892125252082224e+03 6.898903421614425497e+03 7.669195996582169755e+03 7.077626620199125682e+03 6.284755431076054265e+03 9.583547095976718992e+03 6.434609336730142786e+03 9.615919088705697504e+03 6.587617826209359009e+03 9.355630979353025396e+03 6.066027105040586321e+03 6.414153954995930690e+03 9.606489858409129738e+03 9.109136806693462859e+03 9.282407972034829072e+03 7.949693163688762979e+03 9.785979773940647647e+03 6.804383167964443601e+03 7.017788372880512725e+03 6.892833266517166521e+03 6.163369750721678429e+03 6.555947276989806596e+03 7.389240044986325302e+03 8.079582315417527752e+03 8.902600155219392036e+03 6.891129748894556542e+03 7.221618605107453732e+03 6.804234675638029330e+03 7.710395439403810997e+03 6.708330805994236471e+03 6.719787484734148165e+03 6.186126759453939485e+03 6.180362067804711842e+03 5.544600579659071627e+03 9.212543144173529072e+03 8.038377488020139026e+03 7.807857095654914701e+03 9.321811917590639496e+03 9.201903080732943636e+03 7.041919128823366918e+03 6.585214242081175144e+03 7.355729793614048504e+03 9.097555742333719536e+03 7.500292667754481954e+03
4.129411764705882888e+02 6.845241130146409887e+03 7.660463788615423255e+03 6.846300706700701085e+03 6.868123284694614995e+03 7.310577598778410902e+03 7.749983224217276074e+03 6.841503956703703807e+03 6.725767365749688906e+03 6.957323969389703961e+03 6.951279075840514452e+03 7.479994201045624322e+03 6.936631894408271364e+03 7.029212880438712091e+03 6.923099274332639652e+03 6.922325339864649322e+03 7.401251984044789424e+03 7.365758611266377557e+03 6.964892009728109770e+03 6.962740027638679749e+03 9.511092188832108150e+03 6.543140536553801212e+03 6.545019128017601361e+03 6.542404886931975852e+03 9.222349831462624934e+03 6.404901025065028989e+03 6.531642561177602147e+03 9.157913291442819173e+03 6.572207538083033796e+03 6.783104446828314394e+03 7.584725894944750507e+03 6.995652672276238263e+03 7.690271928429328909e+03 7.178411200430721692e+03 6.464181981214492225e+03 9.683471770318290510e+03 6.594783667877581138e+03 9.707332692004731143e+03 6.733277670125502482e+03 9.433326280359373413e+03 6.203505107530957503e+03 6.576308690055989246e+03 9.751666984083094576e+03 9.278765726815368907e+03 9.409614221543684835e+03 8.057427516908277539e+03 9.929129580743443512e+03 6.852210063415915101e+03 7.116653213336002409e+03 7.016704893523248757e+03 6.298033155102453748e+03 6.719141609443807283e+03 7.429738076590254423e+03 8.135024919558192778e+03 9.036355472540604751e+03 6.959631546840462761e+03 7.316195854804072042e+03 6.891035122083987517e+03 7.881440358936079065e+03 6.852144699900955857e+03 6.834077469238689446e+03 6.309480499694393984e+03 6.319256794708902817e+03 5.746361058258950834e+03 9.312345231411851273e+03 8.174384650127309214e+03 8.020795683084551456e+03 9.429750405056858654e+03 9.304635497800962185e+03 7.055258615878046839e+03 6.734963148424374594e+03 7.407431312130061997e+03 9.165620385336313120e+03 7.549347558417606706e+03
4.138235294117646959e+02 6.883595002625789675e+03 7.651372008954069315e+03 6.905674889011514097e+03 6.926027219168506235e+03 7.300381538554296640e+03 7.701696668601206511e+03 6.927366609316481117e+03 6.825922706278058286e+03 7.119012847848995079e+03 7.115202366291638100e+03 7.493921245479684330e+03 7.098676228450365670e+03 7.189635243748167341e+03 7.086969888567866292e+03 7.086121973242998138e+03 7.380428411540692650e+03 7.340853308075936184e+03 7.128884315104265625e+03 7.127661364604728988e+03 9.585592172490298253e+03 6.672077908593833854e+03 6.675697520826774053e+03 6.673371783276022143e+03 9.365014379206608282e+03 6.553391278516741295e+03 6.690083001753469944e+03 9.136201710665649443e+03 6.739911415888926058e+03 6.945243508280549577e+03 7.657989366480523131e+03 7.071747234904859397e+03 7.687844520619527430e+03 7.258032962091993795e+03 6.627698320488009813e+03 9.754225526620497476e+03 6.737666123654727016e+03 9.769393597306816446e+03 6.860570794787669911e+03 9.482381411912570911e+03 6.324184629158050484e+03 6.721324527339618726e+03 9.868276659765278964e+03 9.422043932538115769e+03 9.508978771849544501e+03 8.141297536439949909e+03 1.004308752035987709e+04 6.879164767345263499e+03 7.194515474126979825e+03 7.120521047369042208e+03 6.415459246256215010e+03 6.864718082868007514e+03 7.447546884589743058e+03 8.165679024129209211e+03 9.143621284481338080e+03 7.007124828629972399e+03 7.389041510071135235e+03 6.957324678952496470e+03 8.031007035326386358e+03 6.977107255609476852e+03 6.928658016472511918e+03 6.415166568125674530e+03 6.440996769763039083e+03 5.936431540411765127e+03 9.384145833958142248e+03 8.286798393833078080e+03 8.213520000757573143e+03 9.509437732431944823e+03 9.379433642448448154e+03 7.047051474776601935e+03 6.866493376100032037e+03 7.436569562855414006e+03 9.205795452689495505e+03 7.575384230355009095e+03
4.147058823529412166e+02 6.901109168595808114e+03 7.619265828625347240e+03 6.944287322118581869e+03 6.963092166091178115e+03 7.268241699649976908e+03 7.630815743268691222e+03 6.992767165902105262e+03 6.906228286680496240e+03 7.261765582084525704e+03 7.260291686367797411e+03 7.485156893121716166e+03 7.241870755510632989e+03 7.330821950651297811e+03 7.232105359315574788e+03 7.231183525711712718e+03 7.337540720101473198e+03 7.294058323274761278e+03 7.273996601237004143e+03 7.273744297190842190e+03 9.631200820760863280e+03 6.782460302701161709e+03 6.787865053954760697e+03 6.785845196681302696e+03 9.480566485268313045e+03 6.684436052145570102e+03 6.830990160213272247e+03 9.087126529885525088e+03 6.890296452988824967e+03 7.089084516675077793e+03 7.708310785504200794e+03 7.126767401976496330e+03 7.662234389807012121e+03 7.316047416466486538e+03 6.774122970262767922e+03 9.795540263157112349e+03 6.862244074477750473e+03 9.801913738323119105e+03 6.968618978789929315e+03 9.502716127966203203e+03 6.427227711806517618e+03 6.848170818358422366e+03 9.955639373150906977e+03 9.538038572678020500e+03 9.579964007379696341e+03 8.200853775047087765e+03 1.012720454668943239e+04 6.885268131133207135e+03 7.250944077508356713e+03 7.203616031870832558e+03 6.514840466340291641e+03 6.991644961543149293e+03 7.442793030597816141e+03 8.171581679843317033e+03 9.223774997939073728e+03 7.033447443054798896e+03 7.439777312601571793e+03 7.002768037185771391e+03 8.158062650609505909e+03 7.082363770885583108e+03 7.002938434942348977e+03 6.502478657641825521e+03 6.544738338137819483e+03 6.113434124965985575e+03 9.427652971988047284e+03 8.374918513201973838e+03 8.384644605256726209e+03 9.560514896980543199e+03 9.425978032040518883e+03 7.017645991724183659e+03 6.978890833996814763e+03 7.443167063924254762e+03 9.218071210062771570e+03 7.578459023286080992e+03
4.155882352941176805e+02 6.897890280768269804e+03 7.564725542091123316e+03 6.962054790037528619e+03 6.979249674414770197e+03 7.214725062085536592e+03 7.538259120489971792e+03 7.037381906045928190e+03 6.966223574072219890e+03 7.384592670215171893e+03 7.385538070770639024e+03 7.454067737681123617e+03 7.365221727823836773e+03 7.451798576468103420e+03 7.357495536283000547e+03 7.356500420676110480e+03 7.273253355039707458e+03 7.226070621138070237e+03 7.399220073928997408e+03 7.399971929473548698e+03 9.647874801694539201e+03 6.873558555534798870e+03 6.880777346648895218e+03 6.879078063853528874e+03 9.568326711626405086e+03 6.797127549807832111e+03 6.953378324851962134e+03 9.011475150941199900e+03 7.022300735630969029e+03 7.213624229588996968e+03 7.735530080272676969e+03 7.160488230622109768e+03 7.613965764029888305e+03 7.352209790289620287e+03 6.902423542106267632e+03 9.807417975916552678e+03 6.967669353122097164e+03 9.804975222497132563e+03 7.056719509691131861e+03 9.494511564635124159e+03 6.511956848477759195e+03 6.955979780582724743e+03 1.001334605134193771e+04 9.626068387224087928e+03 9.622294496342878119e+03 8.235871396269498291e+03 1.018110735298017607e+04 6.870729562602200531e+03 7.285706066291681964e+03 7.265515449470940439e+03 6.595534019437390270e+03 7.099058057357623511e+03 7.415805289746183917e+03 8.152993559053254103e+03 9.276444686736027506e+03 7.038631182433969116e+03 7.468229109540436184e+03 7.027222249546539388e+03 8.261779612855667438e+03 7.167239752884738664e+03 7.056515671404285968e+03 6.570879370145829853e+03 6.629801743362156230e+03 6.276092197229947487e+03 9.442834565840859796e+03 8.438269375467509235e+03 8.532974684367025475e+03 9.582886192799835044e+03 9.444208924489712444e+03 6.967575190891855527e+03 7.071415436331438286e+03 7.427450156673827223e+03 9.202690828558488647e+03 7.558835354901614664e+03
4.164705882352940876e+02 6.874229398179646523e+03 7.488519156101185217e+03 6.959082487662697531e+03 6.974620092089459831e+03 7.140577008693728203e+03 7.425113772891910230e+03 7.061077296608684264e+03 7.005634356642421153e+03 7.486683894843617963e+03 7.490110679480663748e+03 7.401213266633383682e+03 7.467913833983219774e+03 7.551772878438612679e+03 7.462307460105775135e+03 7.461240300801046942e+03 7.188406067999165316e+03 7.137759410220969585e+03 7.503724527253783890e+03 7.505505556740187785e+03 9.635831386198193286e+03 6.944819404253874382e+03 6.953865512408319773e+03 6.952498636126688325e+03 9.627870553522796399e+03 6.890723066367634601e+03 7.056427366413180607e+03 8.910254007235376775e+03 7.135025373927465807e+03 7.318032395568488937e+03 7.739696853660100714e+03 7.172878887513194059e+03 7.543754330647532697e+03 7.366474559420239530e+03 7.011728664961442519e+03 9.790125085919486082e+03 7.053267351018547743e+03 9.778923420565712149e+03 7.124351987954056312e+03 9.458202039442054229e+03 6.577861685939687050e+03 7.044055829824528701e+03 1.004125862236189096e+04 9.685708639582209798e+03 9.635955678662503487e+03 8.246348826783045297e+03 1.020469844182115048e+04 6.835939955311570884e+03 7.298765973576372744e+03 7.305939311704563806e+03 6.657068012985957466e+03 7.186270034513257997e+03 7.367105497485710657e+03 8.110390390520867186e+03 9.301509551107392326e+03 7.022897199975944204e+03 7.474425236486508766e+03 7.030734835470570943e+03 8.341543627749495499e+03 7.231247223496519837e+03 7.089176411289340649e+03 6.620004700741674242e+03 6.695677839751720967e+03 6.423246213976551189e+03 9.429913497275623740e+03 8.476602340912149884e+03 8.657519546092838937e+03 9.576715211975710190e+03 9.434321857974569866e+03 6.897545053891151838e+03 7.143508449839988316e+03 7.389841387287247926e+03 9.160141446178335173e+03 7.516975487103090927e+03
4.173529411764706083e+02 6.830593803761837989e+03 7.391587124660852169e+03 6.935658597915606151e+03 6.949506853893649350e+03 7.046706622284910736e+03 7.292615685389040664e+03 7.063907935998055109e+03 7.024372874031878382e+03 7.567416318597394820e+03 7.573365261550396099e+03 7.327333556368085738e+03 7.549318292755005132e+03 7.630142551270439071e+03 7.545893823746187991e+03 7.544756444025636483e+03 7.083998037920373463e+03 7.030149879166710889e+03 7.586866771280770081e+03 7.589693164165844792e+03 9.595539760930072589e+03 6.995869967363821161e+03 7.006740903911025271e+03 7.005715281420514657e+03 9.659029397432042970e+03 6.964652491199091855e+03 7.139491302989054930e+03 8.784669267470304476e+03 7.227744186627664931e+03 7.401660229507961049e+03 7.721065290682332488e+03 7.164098988774902864e+03 7.452492717467459443e+03 7.358991976804045407e+03 7.101337247359781031e+03 9.744182929446184062e+03 7.118543246326717963e+03 9.724356379263890631e+03 7.171182202756194783e+03 9.394463314235930739e+03 6.624603068921715021e+03 7.111882195458035312e+03 1.003950644567745258e+04 9.716792025868335259e+03 9.621188601513866161e+03 8.232503152111374220e+03 1.019815196470573028e+04 6.781462087811481069e+03 7.290282190590400205e+03 7.324802110563928181e+03 6.699144839180271447e+03 7.252776732740561783e+03 7.297396782134047498e+03 8.044451388753165702e+03 9.299096400434429597e+03 6.986648835790721932e+03 7.458591829539821447e+03 7.013539099280325900e+03 8.396958262121592270e+03 7.274088023993750539e+03 7.100896276031225170e+03 6.649665794562068186e+03 6.742031983512640181e+03 6.553867527662754583e+03 9.389358948239720121e+03 8.489894679404660565e+03 8.757502859045174773e+03 9.542416955981425417e+03 9.396759364121200633e+03 6.808420467433591512e+03 7.194796937128497120e+03 7.330949129310674834e+03 9.091141850374800924e+03 7.453529463997967468e+03
4.182352941176470722e+02 6.767616477519505679e+03 7.275025224653632904e+03 6.892246163300373155e+03 6.904388190307096011e+03 6.934170176326491855e+03 7.142129324175954025e+03 7.046111863728445314e+03 7.022535206066238061e+03 7.626359539087921803e+03 7.634849639651110920e+03 7.233334707768278349e+03 7.608998189738942528e+03 7.686500112952492600e+03 7.607798571379557870e+03 7.606593364329879478e+03 6.961170116619572582e+03 6.904405246906342654e+03 7.648196096612377005e+03 7.652075029180338788e+03 9.527708843774578781e+03 7.026519428157097536e+03 7.039197026702605399e+03 7.038518454518025464e+03 9.661887681008900472e+03 7.018522951823489166e+03 7.202104011760340654e+03 8.636105319172385862e+03 7.299910595850816208e+03 7.464046127445593811e+03 7.680086070814762024e+03 7.134492349312648003e+03 7.341233926066532149e+03 7.330101699896767059e+03 7.170725154693161130e+03 9.670354783265393053e+03 7.163185567084695322e+03 9.642110700896826529e+03 7.197063144413550617e+03 9.304197620423916305e+03 6.652014442976035753e+03 7.159124779004149786e+03 1.000847848204703587e+04 9.719405791031784247e+03 9.578481055378901146e+03 8.194762330664272667e+03 1.016190498901540923e+04 6.708018821046705852e+03 7.260600598426764918e+03 7.322210024048521518e+03 6.721641900169848668e+03 7.298260782545975417e+03 7.207549502103815030e+03 7.956045078331120749e+03 9.269572627058907528e+03 6.930461788807364428e+03 7.421145367864160107e+03 6.976046801876165773e+03 8.427846252523944713e+03 7.295654238358635666e+03 7.091836263126977428e+03 6.659848084442157415e+03 6.768705368020335300e+03 6.667070244235590508e+03 9.321874356956235715e+03 8.478345232473327997e+03 8.832369435684395285e+03 9.480646457894457853e+03 9.332199292121504186e+03 6.701209498200275448e+03 7.225095374564448321e+03 7.251554779641720415e+03 8.996627105075329382e+03 7.369321709603554154e+03
4.191176470588235361e+02 6.686083492682614633e+03 7.140065781745395725e+03 6.829472721697276938e+03 6.839906484317112700e+03 6.804153130036295806e+03 6.975126062352102053e+03 7.008103209788297136e+03 7.000396057931036012e+03 7.663277937092128923e+03 7.674306286092341907e+03 7.120272444553479545e+03 7.646710823480746512e+03 7.720634753760008607e+03 7.647759498069419351e+03 7.646489412491345320e+03 6.821185939855598917e+03 6.761807584672614212e+03 7.687456815372373967e+03 7.692386409777542212e+03 9.433271996065164785e+03 7.036758088908568425e+03 7.051208773041613313e+03 7.050879979808817552e+03 9.636776327547528126e+03 7.052120871365449602e+03 7.243982330983366410e+03 8.466101550024694006e+03 7.351161838809812252e+03 7.504918444453794109e+03 7.617395771654434611e+03 7.084578041986000244e+03 7.211172957647725525e+03 7.280323953188759333e+03 7.219549098266684268e+03 9.569629716517747511e+03 7.187066835759505011e+03 9.533244489724022060e+03 7.202033225627479624e+03 9.188515936205552862e+03 6.660100689816008526e+03 7.185633172752985047e+03 9.948812828652648022e+03 9.693885139496811462e+03 9.508555276985849559e+03 8.133754541209961644e+03 1.009664596160332803e+04 6.616479309639955318e+03 7.210245587859741136e+03 7.298455347047573014e+03 6.724609773558852794e+03 7.322592328467653715e+03 7.098585312367892584e+03 7.846212849630133860e+03 9.213535796980511805e+03 6.855072246094579896e+03 7.362682620947156465e+03 6.918838450861641832e+03 8.434247486265212501e+03 7.296025813041829679e+03 7.062336480893334738e+03 6.650707845980975435e+03 6.775713612454781469e+03 6.762120866196274619e+03 9.228382296158624740e+03 8.442366860115484087e+03 8.881788730564621801e+03 9.392284275792057088e+03 9.241540053856118902e+03 6.577046094241757601e+03 7.234404444363392940e+03 7.152597914007665167e+03 8.877730524373217122e+03 7.265335545681004987e+03
4.200000000000000000e+02 6.586919636737559813e+03 6.988057787980955254e+03 6.748117878124535309e+03 6.756855703053655816e+03 6.657951051631044720e+03 6.793162191535087914e+03 6.950462596390725594e+03 6.958401043046378618e+03 7.678130025310547353e+03 7.691672034978022566e+03 6.989334157843253706e+03 7.662407173953107304e+03 7.732531310300032601e+03 7.665708067264341480e+03 7.664376557724502163e+03 6.665411930322984517e+03 6.603737803114977396e+03 7.704587931253430725e+03 7.710557373774738153e+03 9.313368960739657268e+03 7.026753667300518828e+03 7.042928991543022676e+03 7.042949655523462752e+03 9.584262898280569061e+03 7.065411351519129312e+03 7.265026316846367990e+03 8.276327971693815925e+03 7.381320416545703665e+03 7.524195493313613952e+03 7.533803790246009157e+03 7.015039283929860176e+03 7.063627306977105945e+03 7.210348209734842385e+03 7.247647862569793688e+03 9.443203765936816126e+03 7.190241671122104890e+03 9.399017620955522943e+03 7.186311936505874655e+03 9.048717826914507896e+03 6.649034489937517719e+03 7.191439070091119902e+03 9.861381621568714763e+03 9.640803195221800706e+03 9.412352685196006860e+03 8.050294985037574406e+03 1.000329961109363830e+04 6.507843688845316137e+03 7.139908811268332101e+03 7.254008427554432274e+03 6.708267858616346530e+03 7.325826980061553513e+03 6.971659643834986127e+03 7.716150624381079069e+03 9.131800253920027899e+03 6.761363008325453848e+03 7.283968342864170154e+03 6.842651414762850436e+03 8.416413943520094108e+03 7.275465451123098319e+03 7.012907530384291931e+03 6.622566413038401151e+03 6.763242912244831132e+03 6.838445528978754737e+03 9.110006749530846719e+03 8.382575989759217919e+03 8.905654964141467644e+03 9.278419170478984597e+03 9.125883162865842678e+03 6.437171766130703872e+03 7.222907161489874852e+03 7.035159719728400887e+03 8.735763545508811148e+03 7.142695978437223857e+03
4.208823529411765207e+02 6.471172601985075744e+03 6.820446230526083127e+03 6.649099139029203798e+03 6.656167021658387057e+03 6.496949792273446292e+03 6.597856751183442611e+03 6.873925348946605482e+03 6.897156761979018484e+03 7.671065000014298676e+03 7.687074904443761625e+03 6.841819883535456029e+03 7.656228618831931271e+03 7.722366420365962767e+03 7.661766351822619981e+03 7.660377353222854254e+03 6.495296932320451560e+03 6.431655145178207931e+03 7.699719981598732375e+03 7.706709679880483236e+03 9.169325592827355649e+03 6.996845246610580034e+03 7.014682624513343399e+03 7.015049434435935837e+03 9.505138460644622683e+03 7.058534929030368403e+03 7.265316852553668468e+03 8.068560026543863387e+03 7.390392767424199519e+03 7.521982788342548702e+03 7.430277331817660524e+03 6.926710392451066582e+03 6.900016472327131851e+03 7.121019919572464460e+03 7.255040860752749722e+03 9.292458842415029721e+03 7.172942153217360101e+03 9.240869958146582576e+03 7.150292836440920837e+03 8.886269436804772340e+03 6.619150346332642584e+03 7.176751988671585423e+03 9.747274238372006948e+03 9.560957873211982587e+03 9.291015961091141435e+03 7.945370407533255275e+03 9.883008840238051562e+03 6.383226501438872219e+03 7.050435858713277412e+03 7.189507163712154579e+03 6.672997731089831177e+03 7.308201222540013077e+03 6.828042960314453012e+03 7.567189105456140169e+03 9.025381053223360141e+03 6.650348053864484427e+03 7.185920910473165350e+03 6.748366263103271194e+03 8.374801648231326908e+03 7.234411086871161388e+03 6.944219662443495508e+03 6.575902073117083091e+03 6.731643872659780754e+03 6.895634894248384626e+03 8.968053062037146447e+03 8.299779633045094670e+03 8.904083953604525959e+03 9.140328404237734503e+03 8.986513521208284146e+03 6.282916608556737629e+03 7.190962415079570746e+03 6.900445021687063672e+03 8.572193782901438681e+03 7.002651207341716145e+03
4.217647058823529278e+02 6.339996167006172982e+03 6.638751086663613933e+03 6.533456373586248446e+03 6.538893096122338648e+03 6.322605471171823410e+03 6.390869761617882432e+03 6.779368029892694722e+03 6.817418895509660615e+03 7.642416703738159413e+03 7.660828358919101447e+03 6.679122505671109138e+03 7.628500929121893932e+03 7.690502008820896663e+03 7.636241313820993128e+03 7.634799216088735193e+03 6.312351618625565607e+03 6.247076666322758683e+03 7.673169158438541672e+03 7.681151120031792743e+03 9.002631669651002085e+03 6.947534884265024630e+03 6.966958494007362788e+03 6.967665259031586174e+03 9.400401827403798961e+03 7.031801976567564452e+03 7.245110802880447409e+03 7.844653275417226723e+03 7.378565342965982381e+03 7.498567616658908264e+03 7.307924697021466272e+03 6.820561909295009173e+03 6.721841090151998287e+03 7.013325468872462807e+03 7.241924045576162825e+03 9.118939830676055863e+03 7.135570872336862521e+03 9.060397788925658460e+03 7.094534430715145390e+03 8.702780004173240741e+03 6.570936471056804294e+03 7.141952600280365914e+03 9.607777353816030882e+03 9.455355926893404103e+03 9.145868974809563952e+03 7.820121855849159147e+03 9.737113893527674009e+03 6.243839172850951400e+03 6.942811282463520001e+03 7.105744610557150736e+03 6.619334314277391059e+03 7.270125209438998354e+03 6.669101353890480823e+03 7.400772906523542588e+03 8.895475508328454453e+03 6.523155888049730493e+03 7.069596378119382280e+03 6.636991555894039266e+03 8.310059949342299660e+03 7.173466008271737337e+03 6.857090024955183253e+03 6.511340092568351793e+03 6.681423025952301032e+03 6.933446512777741191e+03 8.803986250406596810e+03 8.194960012758212542e+03 8.877406875593322184e+03 8.979456183572016016e+03 8.824877838702759618e+03 6.115679879342946151e+03 7.139096254452432731e+03 6.749763417474431662e+03 8.388621801407112798e+03 6.846553161062665822e+03
4.226470588235293917e+02 6.194632527127679168e+03 6.444546328658743732e+03 6.402335137129128270e+03 6.406191292060352680e+03 6.136424378776438061e+03 6.173881059274926884e+03 6.667793390434438152e+03 6.720078648718194927e+03 7.592695024209910116e+03 7.613422996706338381e+03 6.502707656269500148e+03 7.579725868048897610e+03 7.637476362201729899e+03 7.589616698125801122e+03 7.588126261194664949e+03 6.118128150288442157e+03 6.051557037762159780e+03 7.625429033083609283e+03 7.634367288630234725e+03 8.814917348071499873e+03 6.879477190914562016e+03 6.900399025137510762e+03 6.901436824350861571e+03 9.271241359355006352e+03 6.985684738399236267e+03 7.204833685621337281e+03 7.606518239356302729e+03 7.346198290147299303e+03 7.454411250464459044e+03 7.167977238710406709e+03 6.697684581543476270e+03 6.530661920866697074e+03 6.888375706206627001e+03 7.208663547687147911e+03 8.924330419210498803e+03 7.078691707341976326e+03 8.859329272589089669e+03 7.019748853065126241e+03 8.499977471766969757e+03 6.505024762720287981e+03 7.087583833280973522e+03 9.444353208624361287e+03 9.325194616846200006e+03 8.978394885813801011e+03 7.675825828881687812e+03 9.567130335850504707e+03 6.090972005350859035e+03 6.818142225909569788e+03 7.003654691340636418e+03 6.547955274103751435e+03 7.212173463655539308e+03 6.496276601045322423e+03 7.218439133926732211e+03 8.743443049333869567e+03 6.381012033035525747e+03 6.936171250619974671e+03 6.509647437293799157e+03 8.223018414998514345e+03 7.093386978815496150e+03 6.752468304051055384e+03 6.429640931930976876e+03 6.613232548367552226e+03 6.951804826230651088e+03 8.619407814560903716e+03 8.069257402138644466e+03 8.826161130453476289e+03 8.797390653093603760e+03 8.642561747772944727e+03 5.936910759608791523e+03 7.067991025298598288e+03 6.584509729954631439e+03 8.186757218238887617e+03 6.675837548147605048e+03
4.235294117647059124e+02 6.036394339307827067e+03 6.239439368465426014e+03 6.256969344536508288e+03 6.259306226159551443e+03 5.939943389398060390e+03 5.948570129313617144e+03 6.540314253059770635e+03 6.606147766721855078e+03 7.522575196616333415e+03 7.545516063062707872e+03 6.314093630313973335e+03 7.510570558346217695e+03 7.563992975196308180e+03 7.522542552911620078e+03 7.521008890614080883e+03 5.914200436806176185e+03 5.846668839366090651e+03 7.557160006270692975e+03 7.567011165536610861e+03 8.607928794352648765e+03 6.793467105859508592e+03 6.815788208795299397e+03 6.817145545330916320e+03 9.119014795810900978e+03 6.920807480797396238e+03 7.145070280422193719e+03 7.356095877570322955e+03 7.293816793341698940e+03 7.390138905629671171e+03 7.011770449707031730e+03 6.559272203506112419e+03 6.328079178233556377e+03 6.747388517958675948e+03 7.155786998751739702e+03 8.710428042576542794e+03 7.003018652275858585e+03 8.639499028955046015e+03 6.926788926062413339e+03 8.279683591847273419e+03 6.422179085808680611e+03 7.014339977146479214e+03 9.258616264945987496e+03 9.171841465013090783e+03 8.790213049476369633e+03 7.513874435354807247e+03 9.374724822551708712e+03 5.925975923910691563e+03 6.677641047117006565e+03 6.884296593897302046e+03 6.459668653950676344e+03 7.135073447325122288e+03 6.311066282809746554e+03 7.021795697453426328e+03 8.570783524947941260e+03 6.225220881634129000e+03 6.786924252043118031e+03 6.367548431928846185e+03 8.114671649619772325e+03 6.995070640362499944e+03 6.631421123197991619e+03 6.331687017303840548e+03 6.527858235442905425e+03 6.950798772589700093e+03 8.416031900253992717e+03 7.923951350743956027e+03 8.751078561639642430e+03 8.595839846226632289e+03 8.441265973671967004e+03 5.748089358727566832e+03 6.978472698621630116e+03 6.406144364559791029e+03 7.968394287781153253e+03 6.492003672516212646e+03
4.244117647058823195e+02 5.866646653178337147e+03 6.025051184348340030e+03 6.098663479820864268e+03 6.099551862996296222e+03 5.734711004752969529e+03 5.716597218581921879e+03 6.398136518012218403e+03 6.476742565832423679e+03 7.432885115724545358e+03 7.457918985951975628e+03 6.114831653314226969e+03 7.421854903402503624e+03 7.470907504073292330e+03 7.435822931178823637e+03 7.434251437851936316e+03 5.702145190650298900e+03 5.633983941597158264e+03 7.469176758291441729e+03 7.479890636018441910e+03 8.383503352600997459e+03 6.690426184984145948e+03 6.714037975843114509e+03 6.715701015471483515e+03 8.945227609058134476e+03 6.837934714949454246e+03 7.066553274676277397e+03 7.095334068298159764e+03 7.222100426187496851e+03 7.306527742023570681e+03 6.840724432099676051e+03 6.406603868099840838e+03 6.115712449261813163e+03 6.591670630938843715e+03 7.083972955337741951e+03 8.479118581031310896e+03 6.909402970779942734e+03 8.402822625163706107e+03 6.816633632648859930e+03 8.043789029444919834e+03 6.323282160772682801e+03 6.923053993461579921e+03 9.052308836624777541e+03 8.996812376479600061e+03 8.583055020005038386e+03 7.335754853662909227e+03 9.161690158979321495e+03 5.750244338959351808e+03 6.522607288929332753e+03 6.748838044034207087e+03 6.355399244901195743e+03 7.039692456243292327e+03 6.115004113376160603e+03 6.812499780015135912e+03 8.379114582201387748e+03 6.057147505756980536e+03 6.623217590830092377e+03 6.211985700631689724e+03 7.986162398912611025e+03 6.879538510010195751e+03 6.495115424599966900e+03 6.218468322710513348e+03 6.426206034837294283e+03 6.930677138937366180e+03 8.195660910351871280e+03 7.760440826129824018e+03 8.653071393855680071e+03 8.376607222287637342e+03 8.222782086245042592e+03 5.550708400561709823e+03 6.871496689766285272e+03 6.216173628870509674e+03 7.735387710008919385e+03 6.296594472382481399e+03
4.252941176470587834e+02 5.686789076898870917e+03 5.802997458308394016e+03 5.928774774473502475e+03 5.928293643685921779e+03 5.522269427754260505e+03 5.479585925369452525e+03 6.242541738990150407e+03 6.333067201030218712e+03 7.324590970883019509e+03 7.351583210286481517e+03 5.906486801103412290e+03 7.314537330336768719e+03 7.359213049301903993e+03 7.330401802414346093e+03 7.328798090083173520e+03 5.483524188885491640e+03 5.415055965324898352e+03 7.362434085495559884e+03 7.373954423566219702e+03 8.143544698836793941e+03 6.571387719150852718e+03 6.596173416924569210e+03 6.598126183330083222e+03 8.751510226365018752e+03 6.737958002557168584e+03 6.970150281971949880e+03 6.826165528411916966e+03 7.131870718730420776e+03 7.204493239126225490e+03 6.656324197237961016e+03 6.241025955872580198e+03 5.895181551697987743e+03 6.422599122032037485e+03 6.994038523248815181e+03 8.232351049032231458e+03 6.798818907435245819e+03 8.151271284650107191e+03 6.690372512056652340e+03 7.794228778812312157e+03 6.209321355283127559e+03 6.814683518494379314e+03 8.827276047167812067e+03 8.801748793530694456e+03 8.358740240578867088e+03 7.143028430998726435e+03 8.929919705107035043e+03 5.565195466344515808e+03 6.354409293380307645e+03 6.598537836252173292e+03 6.236173939599679215e+03 6.927023125632024858e+03 5.909640978334401552e+03 6.592236863020674718e+03 8.170148485052256547e+03 5.878199410490823539e+03 6.446477983162779310e+03 6.044309147576568648e+03 7.838763292327478666e+03 6.747920837139549803e+03 6.344801283729652823e+03 6.091067166481835557e+03 6.309287550836182163e+03 6.891841866745824518e+03 7.960161243357459171e+03 7.580223613307131927e+03 8.533216160447607763e+03 8.141567066754545522e+03 7.988968221244059350e+03 5.346255890405916944e+03 6.748132441018859936e+03 6.016130651268305883e+03 7.489628846859821351e+03 6.091177084636492509e+03
4.261764705882353041e+02 5.498238519629149778e+03 5.574870970152302107e+03 5.748695584183798019e+03 5.746930836892220213e+03 5.304137841450148699e+03 5.239107491163469604e+03 6.074869489131454429e+03 6.176396533018391892e+03 7.198781615009757843e+03 7.227584686473507645e+03 5.690619955609116914e+03 7.189699280095752329e+03 7.230024226482284575e+03 7.207347649171771991e+03 7.205717489321379617e+03 5.259867826537472865e+03 5.191404143878917239e+03 7.238011323266358886e+03 7.250276553214915111e+03 7.889998521382015497e+03 6.437480933052242108e+03 6.463316999434097852e+03 6.465541656259812044e+03 8.539594658599009563e+03 6.621881537644843775e+03 6.856849527832819149e+03 6.550487190041076246e+03 7.024077285528217544e+03 7.085074150103395368e+03 6.460100110344075802e+03 6.063933980924514799e+03 5.668088568936696902e+03 6.241602840914159060e+03 6.886925630059105060e+03 7.972112860962462946e+03 6.672348324946497996e+03 7.886847208630403657e+03 6.549189219246776702e+03 7.532958503997509069e+03 6.081373664958789050e+03 6.690295623475846696e+03 8.585440727538894862e+03 8.588394094591158137e+03 8.119151698478798608e+03 6.937309907372124144e+03 8.681381807285235482e+03 5.372255269808056255e+03 6.174465809527899182e+03 6.434727942853744935e+03 6.103106244304011852e+03 6.798167701988746558e+03 5.696526797328860994e+03 6.362700484664711439e+03 7.945668770824936473e+03 5.689808897441530462e+03 6.258177768472000935e+03 5.865909663851710320e+03 7.673857582929042110e+03 6.601439709143596701e+03 6.181794361657290210e+03 5.950642338502715575e+03 6.178204615967955760e+03 6.834839432999854580e+03 7.711439406368322125e+03 7.384875318930756293e+03 8.392735974599831025e+03 7.892640279135958735e+03 7.741725228006098405e+03 5.136198867102294571e+03 6.609547132789545685e+03 5.807556944468017718e+03 7.233022893341088093e+03 5.877324154303728392e+03
4.270588235294117112e+02 5.302412640859298335e+03 5.342225478071671205e+03 5.559836315871450097e+03 5.556879438054813363e+03 5.081797060024945495e+03 4.996666875016137965e+03 5.896499833750202924e+03 6.008058868644675385e+03 7.056651883038459346e+03 7.087107322301187196e+03 5.468770830712873249e+03 7.048528577229370967e+03 7.084560174798594744e+03 7.067836968572351907e+03 7.066186246798137290e+03 5.032660231677152296e+03 4.964498740959649695e+03 7.097095765973394009e+03 7.110039783555604117e+03 7.624828896266125412e+03 6.289914571980365508e+03 6.316672264724942579e+03 6.319149369004970140e+03 8.311290843849501471e+03 6.490806779687043672e+03 6.727744468000249071e+03 6.270141611543677755e+03 6.899782687995367269e+03 6.949416453702094259e+03 6.253608805392852446e+03 5.876754937061288729e+03 5.436001270450197808e+03 6.050144208086258004e+03 6.763686096822157197e+03 7.700405964974166636e+03 6.531164534095801173e+03 7.611559893482664847e+03 6.394344548636498985e+03 7.261931862635424295e+03 5.940590097945176240e+03 6.551050766758713507e+03 8.328778520163590656e+03 8.358569879421291262e+03 7.866212133036327032e+03 6.720247028992534069e+03 8.418094502621350330e+03 5.172841373192967694e+03 5.984227966587864103e+03 6.258795509673197557e+03 5.957380349622254471e+03 6.654321627106695814e+03 5.477193524250651535e+03 6.125573264850020678e+03 7.707507268762189597e+03 5.493415945646896944e+03 6.059816435131841899e+03 5.678201728878194444e+03 7.492919330114306831e+03 6.441391701498835573e+03 6.007458405499598484e+03 5.798413000883420864e+03 6.034133495796906573e+03 6.760350521500457035e+03 7.451419002819603520e+03 7.176028480698614658e+03 8.232981606517781984e+03 7.631770821625000281e+03 7.482973560878225726e+03 4.921968551446262609e+03 6.456988749622929390e+03 5.591984985842513197e+03 6.967467119420623021e+03 5.656596267722337871e+03
4.279411764705882888e+02 5.100714389638716966e+03 5.106561166116654022e+03 5.363609023534465450e+03 5.359555768394750885e+03 4.856675794627620235e+03 4.753690755617764808e+03 5.708836323515946788e+03 5.829418923973213168e+03 6.899485248962253536e+03 6.931425673277703027e+03 5.242442448092052473e+03 6.892302141866384773e+03 6.924126966211732906e+03 6.913137119494726903e+03 6.911471772251311450e+03 4.803325979888594702e+03 4.735748149842601379e+03 6.940965293748117801e+03 6.954518380685497505e+03 7.349995888268585077e+03 6.129960263703316741e+03 6.157507119711119230e+03 6.160215898940910847e+03 8.068463235687157066e+03 6.345916447249339399e+03 6.584017674229565273e+03 5.986900228978264749e+03 6.760146514450485483e+03 6.798756529461626997e+03 6.038414780709176739e+03 5.680930009499449625e+03 5.200438152306795018e+03 5.849701529814592504e+03 6.625465882467678966e+03 7.419224229513965838e+03 6.376515660470124203e+03 7.327403843951681665e+03 6.227159224149866532e+03 6.983079333766675518e+03 5.788179915904939662e+03 6.398186259230472388e+03 8.059293597767923529e+03 8.114152344814651769e+03 7.601860959311055012e+03 6.493500824750210995e+03 8.142100921801514232e+03 4.968348058866643441e+03 5.785161735076791047e+03 6.072165107945656018e+03 5.800235106457862457e+03 6.496756560399194314e+03 5.253139512887192723e+03 5.882509066078525393e+03 7.457521598491259283e+03 5.290452068765812328e+03 5.852902842341076393e+03 5.482606795701519331e+03 7.297493245702975400e+03 6.269130385298350120e+03 5.823188009027925546e+03 5.635642605120280678e+03 5.878308675315683104e+03 6.669178282489301637e+03 7.182018799638032760e+03 6.955351873006704409e+03 8.055411631997724726e+03 7.360903336891825347e+03 7.214631236271979105e+03 4.704946915211188752e+03 6.291768963003065437e+03 5.370922028657046212e+03 6.694830630944992663e+03 5.430525592344874894e+03
4.288235294117646959e+02 4.894517695763822303e+03 4.869311934166822539e+03 5.161412157977499191e+03 5.156361235838165157e+03 4.630138597244321318e+03 4.511517545089114719e+03 5.513289521427785076e+03 5.641861258646134047e+03 6.728636150077730235e+03 6.761887349978125712e+03 5.013087220196660382e+03 6.722368436485388884e+03 6.750099786454087734e+03 6.744588764555917805e+03 6.742914696314280263e+03 4.573218697387188513e+03 4.506487821410613833e+03 6.770970766360357629e+03 6.785060362972594703e+03 7.067434647255721757e+03 5.958935859595704642e+03 5.987137259662412362e+03 5.990055864587257020e+03 7.813007933210003102e+03 6.188458284103989172e+03 6.426924315545313220e+03 5.702448992159211230e+03 6.606408841531901089e+03 6.634404010320205998e+03 5.816073132177087246e+03 5.477898328906179813e+03 4.962855145056051697e+03 5.641752176756740482e+03 6.473488838568314350e+03 7.130532382539729042e+03 6.209707825995338681e+03 7.036337913638635655e+03 6.048996869448003963e+03 6.698288754223785872e+03 5.625394824034284284e+03 6.232999512743731430e+03 7.778995617544195738e+03 7.857049333005035805e+03 7.328032479322134350e+03 6.258726989952681834e+03 7.855445953163458398e+03 4.760132632161559741e+03 5.578731327661394062e+03 5.876281438451384929e+03 5.632948053256048297e+03 6.326803260234511072e+03 5.025815405621076934e+03 5.635116999150201082e+03 7.197573799958934615e+03 5.082325418308227199e+03 5.638938460596496043e+03 5.280537534053003583e+03 7.089174718754004061e+03 6.086048973960180774e+03 5.630392013197752021e+03 5.463623094634022891e+03 5.712006900429335474e+03 6.562235462790887141e+03 6.905132315810705222e+03 6.724530756955461584e+03 7.861572090272646165e+03 7.081962072662076935e+03 6.938593340440807879e+03 4.486455000937408840e+03 6.115245998024483924e+03 5.145835372269377331e+03 6.416935925424696507e+03 5.200601097454547016e+03
4.297058823529412166e+02 4.685154474587634468e+03 4.631834383493963287e+03 4.954616219877344520e+03 4.948668078461074401e+03 4.403475470810886691e+03 4.271389239319451008e+03 5.311261531393245605e+03 5.446774329966516234e+03 6.545512191942010759e+03 6.579895181197210150e+03 4.782094493680060623e+03 6.540129635559163034e+03 6.563904875719500524e+03 6.563588079127591300e+03 6.561911138635795396e+03 4.343611279841000396e+03 4.277970886744621566e+03 6.588518144397097785e+03 6.603069770083022377e+03 6.779036014697703649e+03 5.778189039739766486e+03 5.806909619409721927e+03 5.810015463325624296e+03 7.546830641301786272e+03 6.019728642244181174e+03 6.257775372578095812e+03 5.418375940821396398e+03 6.439873416701854694e+03 6.457724332937930740e+03 5.588113313542833566e+03 5.269081565044501986e+03 4.724634111906875660e+03 5.427756753311175999e+03 6.309040124199264028e+03 6.836246577886384330e+03 6.032088397686736243e+03 6.740266329658650648e+03 5.861247185168615943e+03 6.409387580734564835e+03 5.453513496689322892e+03 6.056831262954208796e+03 7.489877725247016315e+03 7.589178132669316255e+03 7.046635329334255403e+03 6.017558362139914607e+03 7.560154126233434908e+03 4.549503126270076791e+03 5.366383538220915398e+03 5.672592732944515774e+03 5.456819733361675389e+03 6.145834481432812936e+03 4.796611556460708925e+03 5.384946796576527049e+03 6.929510033982360255e+03 4.870406981880211788e+03 5.419401592500902552e+03 5.073383136370052853e+03 6.869590192012062289e+03 5.893563432179472329e+03 5.430477530601762737e+03 5.283659540494642897e+03 5.536531311271990489e+03 6.440530475238761028e+03 6.622608920942485383e+03 6.485247759888358814e+03 7.653075955820149829e+03 6.796831384227935814e+03 6.656712932132565584e+03 4.267742742897210519e+03 5.928807756511118896e+03 4.918139043725122065e+03 6.135542102429744773e+03 4.968255222932809374e+03
4.305882352941176805e+02 4.473903082749416171e+03 4.395398702388355559e+03 4.744550946693301739e+03 4.737806574409259156e+03 4.177893297766467185e+03 4.034445312159153673e+03 5.104131514404811242e+03 5.245535496592459822e+03 6.351556623230345394e+03 6.386889667870138510e+03 4.550780041779718886e+03 6.347024192113226491e+03 6.367001973947925762e+03 6.371569332463282080e+03 6.369895236151858626e+03 4.115688082557815505e+03 4.051360654818794501e+03 6.395050926328735841e+03 6.409988981815299667e+03 6.486629181274314760e+03 5.589081454669750201e+03 5.618186528335480034e+03 5.621456511403676814e+03 7.271825899420518908e+03 5.841056373665604042e+03 6.077921136298441525e+03 5.136161186397267556e+03 6.261890825313812456e+03 6.270121620795933268e+03 5.356024434771026790e+03 5.055869858035775906e+03 4.487073178390847715e+03 5.209144529255749148e+03 6.133449715475402627e+03 6.538217036863453359e+03 5.845029604117064082e+03 6.441021896641761487e+03 5.665309867877912438e+03 6.118127313115888683e+03 5.273826528794183105e+03 5.871049229913163799e+03 7.193896346683656702e+03 7.312444579378028720e+03 6.759533698814684612e+03 5.771588897088967315e+03 7.258209266089419543e+03 4.337707566897414836e+03 5.149533389135427569e+03 5.462535167930796888e+03 5.273158716189519509e+03 5.955248355105448354e+03 4.566847198750489042e+03 5.133476237892878089e+03 6.655141896447970794e+03 4.656018319717228223e+03 5.195733032983640442e+03 4.862495966650154514e+03 6.640378228520095035e+03 5.693096136547493188e+03 5.224835099906845244e+03 5.097055549025147229e+03 5.353196300021709249e+03 6.305152913314912439e+03 6.336236882144884476e+03 6.239165178639722399e+03 7.431582805797734181e+03 6.507338121716734349e+03 6.370783908195137883e+03 4.049980545976770372e+03 5.733855552274088950e+03 4.689182168635427843e+03 5.852330278492889192e+03 4.734852308448022995e+03
4.314705882352940876e+02 4.261978339311421223e+03 4.161181441775864187e+03 4.532493803144145204e+03 4.525053622038266440e+03 3.954509030038666424e+03 3.801718407432945241e+03 4.893242504994585943e+03 5.039497168647997569e+03 6.148231300669930533e+03 6.184331926682119047e+03 4.320377153486115276e+03 6.144509831163728450e+03 6.160867190290577128e+03 6.169987795161559916e+03 6.168322099328723198e+03 3.890538817517517600e+03 3.827724922076662097e+03 6.192033035868114894e+03 6.207281634326998756e+03 6.191966194346116026e+03 5.392973595088784350e+03 5.422330512292829553e+03 5.425741285966015312e+03 6.989857676051380622e+03 5.653787189412048974e+03 5.888734942014925764e+03 4.857169122547534243e+03 6.073842025005596952e+03 6.073021954010375339e+03 5.121242024704371943e+03 4.839609029476444448e+03 4.251378942666187868e+03 4.987300291864913561e+03 5.948076176100715202e+03 6.238212717174923455e+03 5.649912789467676703e+03 6.140351243627611439e+03 5.462579262204155384e+03 5.826169991495099566e+03 5.087622251596676506e+03 5.677032260714492622e+03 6.892952710396901239e+03 7.028723611595574766e+03 6.468530351166703440e+03 5.522359249195206758e+03 6.951535997116509861e+03 4.125924791391345934e+03 4.929551088458070808e+03 5.247518372824564722e+03 5.083267331279508653e+03 5.756452252863890862e+03 4.337761410406154937e+03 4.882100342843831640e+03 6.376229317206074484e+03 4.440420770378275847e+03 4.969323199847534852e+03 4.649179526658318537e+03 6.403171575368499362e+03 5.486060591482031668e+03 5.014825024292010312e+03 4.905099619010721653e+03 5.163312950127371550e+03 6.157258652187788357e+03 6.047728347687211681e+03 5.987908618982638473e+03 7.198779023977366705e+03 6.215235966302739143e+03 6.082525810939783696e+03 3.834252662363629497e+03 5.531788579238474085e+03 4.460239108630972623e+03 5.568890970151870533e+03 4.501678795194907252e+03
4.323529411764706083e+02 4.050523084913654202e+03 3.930260027044372691e+03 4.319659970837977198e+03 4.311622827710772071e+03 3.734344607934898249e+03 3.574131826695524524e+03 4.679889568027703717e+03 4.829974055997154210e+03 5.937000425001308940e+03 5.973687267162418721e+03 4.092029543505033416e+03 5.934047245515060240e+03 5.946976645564454884e+03 5.960303442329956852e+03 5.958651485956286706e+03 3.669154193741458585e+03 3.608031947831651451e+03 5.980932409777269640e+03 5.996416159860988955e+03 5.896708753575411720e+03 5.191210625345290282e+03 5.220689945247871947e+03 5.224218213940584974e+03 6.702741665907708921e+03 5.459268638826551978e+03 5.691597651211613993e+03 4.582642669672394732e+03 5.877122275454697046e+03 5.867857239775702510e+03 4.885136420237227867e+03 4.621589293054135851e+03 4.018660467784920911e+03 4.763552554406354830e+03 5.754291009983540789e+03 5.937908124578352727e+03 5.448113453980174199e+03 5.839902284329616123e+03 5.254430059382893887e+03 5.535076848890599649e+03 4.896173270446296556e+03 5.476155312812364173e+03 6.588876363340153148e+03 6.739841405128370752e+03 6.175351662286604551e+03 5.271343967562664147e+03 6.641983278303443512e+03 3.915256881201280521e+03 4.707750535848342224e+03 5.028912285509049980e+03 4.888428341578369327e+03 5.550847619992307045e+03 4.110505700002923732e+03 4.632122453072219287e+03 6.094465353853148372e+03 4.224806270950820362e+03 4.741500745691699194e+03 4.434677956607621127e+03 6.159580387466197863e+03 5.273847077650806568e+03 4.801764833848586932e+03 4.709052479052429590e+03 4.968175546405374917e+03 5.998054839982900376e+03 5.758706448319509946e+03 5.733052148259223031e+03 6.956358689446866265e+03 5.922191773120202015e+03 5.793570678561111890e+03 3.621552077253893458e+03 5.323989376480880310e+03 4.232501247946771400e+03 5.286713657355338000e+03 4.269935111630457868e+03
4.332352941176470722e+02 3.840601323885759030e+03 3.703609032571286662e+03 4.107193906344988136e+03 4.098656159011387899e+03 3.518323511340908681e+03 3.352498650258200541e+03 4.465309386952106252e+03 4.618231850247042530e+03 5.719315162408864126e+03 5.756409739738484859e+03 3.866786035842235378e+03 5.717084762583151132e+03 5.726791189168465280e+03 5.743965477801689303e+03 5.742332334228023683e+03 3.452423268218879457e+03 3.393148074389954672e+03 5.763205505368341619e+03 5.778850263967427054e+03 5.602416993613514023e+03 4.985109231289955460e+03 5.014585910493616211e+03 5.018208630595005161e+03 6.412229377362723426e+03 5.258836024399285634e+03 5.487882852926124542e+03 4.313699668632882094e+03 5.673125943338013712e+03 5.656050049123471581e+03 4.649002818323439897e+03 4.403035459598580928e+03 3.789925029166194690e+03 4.539163477933613649e+03 5.553463664473109930e+03 5.638872388052784117e+03 5.240987233521864255e+03 5.541213901894306218e+03 5.042204152413526572e+03 5.246299122484399959e+03 4.700724226146574438e+03 5.269775339125885694e+03 6.283410742715329434e+03 6.447559410589776235e+03 5.881634601800834389e+03 5.019940510831295796e+03 6.331310057301215238e+03 3.706723136018453715e+03 4.485379292297285247e+03 4.808035312263193191e+03 4.689892816630570451e+03 5.339815658678594446e+03 3.886138417953934550e+03 4.384747230883570410e+03 5.811462915682871426e+03 4.010289711159432045e+03 4.513522833932566755e+03 4.220167018608742183e+03 5.911176771664829175e+03 5.057809583495201878e+03 4.586918373607300964e+03 4.510135656710976946e+03 4.769049068222739152e+03 5.828784895681137641e+03 5.470694391365952470e+03 5.476105205894922619e+03 6.706005581247040027e+03 5.629774119798686115e+03 5.505451987010837001e+03 3.412777086987105122e+03 5.111810444902467680e+03 4.007070487929181581e+03 5.007178468030332624e+03 4.040729355204104195e+03
4.341176470588235361e+02 3.633192895024646532e+03 3.482098171323972110e+03 3.896162454104738572e+03 3.887217129333663706e+03 3.307268920990662536e+03 3.137522397262784580e+03 4.250671375143030673e+03 4.405477339661093538e+03 5.496599421293071828e+03 5.533927802892725595e+03 3.645596836487552537e+03 5.495044116466505329e+03 5.501742128168931231e+03 5.522398036981912810e+03 5.520788480534843075e+03 3.241132286643358384e+03 3.183836942826828363e+03 5.540282976714588585e+03 5.556016472251133564e+03 5.310540559248169302e+03 4.775945812683804434e+03 4.805300186342262350e+03 4.808994798235356939e+03 6.119994129099382008e+03 5.053799302391241326e+03 5.278943125621804029e+03 4.051331220562090493e+03 5.463232123795764892e+03 5.438999448278100317e+03 4.414053083153399712e+03 4.185098700633606313e+03 3.566075586624476273e+03 4.315320276108247526e+03 5.346947568515544845e+03 5.342560458595359705e+03 5.029857150127164459e+03 5.245707824681378952e+03 4.827198784972988506e+03 4.961171055436268034e+03 4.502480595586739582e+03 5.059218404249926607e+03 5.978200953798169394e+03 6.153560297920816083e+03 5.588915978172001815e+03 4.769460095018104766e+03 6.021173199133193521e+03 3.501255667882810030e+03 4.263610195195751658e+03 4.586144073463613495e+03 4.488869088679327433e+03 5.124704331358192576e+03 3.665620753004857306e+03 4.141075506438734010e+03 5.528743409570017320e+03 3.797902897271653728e+03 4.286567029424063549e+03 4.006746662182413274e+03 5.659480928228814264e+03 4.839254045507835144e+03 4.371486201790208725e+03 4.309521351084460548e+03 4.567157913157107032e+03 5.650713987728092434e+03 5.185106855532337249e+03 5.218501208300683174e+03 6.449376403371299602e+03 5.339443965640970418e+03 5.219595725670564207e+03 3.208729429184012133e+03 4.896562057296177045e+03 3.784954459959928954e+03 4.731549860744453326e+03 3.815072697823618000e+03
4.350000000000000000e+02 3.429189712432182660e+03 3.266491698304868351e+03 3.687549462579040210e+03 3.678285587248945831e+03 3.101903280076802730e+03 2.929799046309380174e+03 4.037070290113814735e+03 4.192849946969391567e+03 5.270236943213271843e+03 5.307631196670527061e+03 3.429311444290779491e+03 5.269307474901553178e+03 5.273218435744533963e+03 5.296987061330107281e+03 5.295405555842696231e+03 3.035964989287016124e+03 2.980760036530759862e+03 5.313556531534799433e+03 5.329309036692154223e+03 5.022411692271969514e+03 4.564945909547399424e+03 4.594064563177737909e+03 4.597809192354126935e+03 5.827619112828285324e+03 4.845431243947036819e+03 5.066097421464622130e+03 3.796401760563491280e+03 5.248791457555640591e+03 5.218068099541220363e+03 4.181409263778303284e+03 3.968849938102376655e+03 3.347909767447040394e+03 4.093128281233538473e+03 5.136067216975054180e+03 5.050306568426256490e+03 4.816002009004166212e+03 4.954682724147895897e+03 4.610656114400143451e+03 4.680904935811737232e+03 4.302598833564713459e+03 4.845767924952306203e+03 5.674783679781633509e+03 5.859435926505055249e+03 5.298623689690967694e+03 4.521120298119252766e+03 5.713117547991875654e+03 3.299696432994790939e+03 4.043534578166771098e+03 4.364424639500894045e+03 4.286513169153804483e+03 4.906816556970348756e+03 3.449814431130343564e+03 3.902100809128869059e+03 5.247727555700970697e+03 3.588590036837414118e+03 4.061724903345390885e+03 3.795435138139260744e+03 5.405948843692784976e+03 4.619428057967957102e+03 4.156597584841242679e+03 4.108323635895602820e+03 4.363675926790989251e+03 5.465114975591014627e+03 4.903243289572835238e+03 4.961588030163027724e+03 6.188085417994590898e+03 5.052547393955011103e+03 4.937313538359632730e+03 3.010113739916566374e+03 4.679501542728084132e+03 3.567063334125084566e+03 4.460972437040393743e+03 3.593876356301633223e+03
4.358823529411765207e+02 3.229393376139982593e+03 3.057449324077598703e+03 3.482251914551563914e+03 3.472753881761808316e+03 2.902849282390545341e+03 2.729820228845281235e+03 3.825520380581566769e+03 3.981414768377770088e+03 5.041559702706996177e+03 5.078859236306694584e+03 3.218678003288870059e+03 5.041205846564118474e+03 5.042555224177286618e+03 5.069068604904541644e+03 5.067519278285390101e+03 2.837504216336852096e+03 2.784478523189005955e+03 5.084367202083184566e+03 5.100072038773818349e+03 4.739240489557987530e+03 4.353275030406013684e+03 4.382051576664341155e+03 4.385825200131111160e+03 5.536587404716947276e+03 4.634956769826585514e+03 4.850619753483782915e+03 3.549650800629432524e+03 5.031114090376078821e+03 4.994570636423525684e+03 3.952098675950362122e+03 3.755274715942206512e+03 3.136120346797991260e+03 3.873605602202950195e+03 4.922106416293519032e+03 4.763319665361532316e+03 4.600646201278914305e+03 4.669310281093040430e+03 4.393754171694837169e+03 4.406588139138131737e+03 4.102177800367392592e+03 4.630654327700496651e+03 5.374579269288070464e+03 5.566677356256454914e+03 5.012070048139117716e+03 4.276039450162284083e+03 5.408568267395051407e+03 3.102795658457614536e+03 3.826157041759728600e+03 4.143985318109091168e+03 4.083920362985639258e+03 4.687399820799357258e+03 3.239480731832469246e+03 3.668707681401470836e+03 4.969728025433591029e+03 3.383204813694331278e+03 3.839997139912947205e+03 3.587164598087457307e+03 5.151961691549322495e+03 4.399512067593240317e+03 3.943303955884952757e+03 3.907591009197775293e+03 4.159717755066777499e+03 5.273255071078047877e+03 4.626283321069618978e+03 4.706620209709736628e+03 5.923690657354108225e+03 4.770310437855849159e+03 4.659797905562861160e+03 2.817538359226534794e+03 4.461823913024448302e+03 3.354208139902426410e+03 4.196468547459572619e+03 3.377950172661031957e+03
4.367647058823529278e+02 3.034514181951514274e+03 2.855528337853576886e+03 3.281077456843058371e+03 3.271424554489433831e+03 2.710631928714499281e+03 2.537977474173008886e+03 3.616951005981114122e+03 3.772157095341833610e+03 4.811837778803312176e+03 4.848890488222408749e+03 3.014343997985854912e+03 4.812008937178141423e+03 4.811023729062765597e+03 4.839918532673786103e+03 4.838405129644947920e+03 2.646234618267789756e+03 2.595456202965074226e+03 4.853995052726754693e+03 4.869589103651478581e+03 4.462111991236427457e+03 4.142030927500502912e+03 4.170366592198173748e+03 4.174149204960674069e+03 5.248274076239028545e+03 4.423543643680172863e+03 4.633729128575819232e+03 3.311696030881412753e+03 4.811458977785455318e+03 4.769763454317067954e+03 3.727050702056183582e+03 3.545269530173631210e+03 2.931296926083859944e+03 3.657679273093368465e+03 4.706297905138430906e+03 4.482680859567096377e+03 4.384950941064279505e+03 4.390633241140191785e+03 4.177599302576617447e+03 4.139181960892984534e+03 3.902251499904299635e+03 4.415046102721953503e+03 5.078885900903072979e+03 5.276666904993915523e+03 4.730447154504204264e+03 4.035232729832362111e+03 5.108825226484302220e+03 2.911211598863981180e+03 3.612391673075541348e+03 3.925850983832304337e+03 3.882118381811965264e+03 4.467637221681933624e+03 3.035280984635311597e+03 3.441671412378921104e+03 4.695944150562157120e+03 3.182508698082439423e+03 3.622290264901934734e+03 3.382778142567247869e+03 4.898816934873108039e+03 4.180611959324634881e+03 3.732573875365562344e+03 3.708300387396825045e+03 3.956331572207244790e+03 5.076383395308233958e+03 4.355284037732574689e+03 4.454753010370135598e+03 5.657681757192299301e+03 4.493835813944800066e+03 4.388119176474931919e+03 2.631517300811236055e+03 4.244653979723860175e+03 3.147100462225889714e+03 3.938937659115905717e+03 3.168002552572116656e+03
4.376470588235293917e+02 2.845171368003179396e+03 2.661186833800492423e+03 3.084743260338467735e+03 3.075009313847624071e+03 2.525681736143990747e+03 2.354567383572089057e+03 3.412203677750185761e+03 3.565978357532378595e+03 4.582270766140347405e+03 4.618934026986180470e+03 2.816858212313217791e+03 4.582916465787031484e+03 4.579822910372503429e+03 4.610743696959794761e+03 4.609269587630740716e+03 2.462546420157395914e+03 2.414063453226492129e+03 4.623650395808975190e+03 4.639074490089722531e+03 4.191985198224418127e+03 3.932237262283338168e+03 3.960041394026175112e+03 3.963814167525220910e+03 4.963940227538038926e+03 4.212294611888950385e+03 4.416581004000942812e+03 3.083037830481398487e+03 4.591024643976429616e+03 4.544835959841196200e+03 3.507094999145178917e+03 3.339639717068555001e+03 2.733928930143480102e+03 3.446182887463389761e+03 4.489814345392710493e+03 4.209342743792482906e+03 4.170006847064461908e+03 4.119565280804498798e+03 3.963220068563216500e+03 3.879522208959748696e+03 3.703783294075184585e+03 4.200042233472028784e+03 4.788875806702525551e+03 4.990672160630548206e+03 4.454824155156185952e+03 3.799609928426611987e+03 4.815059489565137483e+03 2.725511510217168961e+03 3.403059857692529931e+03 3.710958926190292004e+03 3.682061745440368668e+03 4.248639971536248595e+03 2.837778246930615751e+03 3.221659279847378002e+03 4.427458455819887604e+03 2.987170668608323467e+03 3.409414796748637400e+03 3.183028283059084060e+03 4.647721169201313387e+03 3.963753298265155991e+03 3.525289472053657846e+03 3.511352415424308674e+03 3.754493235547577115e+03 4.875719593686253575e+03 4.091179049607570050e+03 4.207038198535585252e+03 5.391469540454966591e+03 4.224101566514499609e+03 4.123224483470298765e+03 2.452473207994067707e+03 4.029039977284531233e+03 2.946353511065219664e+03 3.689157418035960745e+03 2.964641691617031483e+03
4.385294117647059124e+02 2.661894462070776626e+03 2.474787914777712558e+03 2.893876208481890444e+03 2.884129253028073890e+03 2.348338803663225917e+03 2.179797359245904772e+03 3.212030465530309357e+03 3.363693500474537359e+03 4.353980681993109101e+03 4.390122110338295897e+03 2.626673731553592006e+03 4.355051074693806186e+03 4.350072441561906999e+03 4.382674664920414216e+03 4.381242834949702228e+03 2.286739962151503732e+03 2.240581894546230615e+03 4.394466527255209257e+03 4.409665772122571980e+03 3.929693672282890020e+03 3.724838760066190389e+03 3.752029161426077280e+03 3.755774489679695307e+03 4.684728958005262939e+03 4.002240914231133956e+03 4.200260102375914357e+03 2.864064702187883540e+03 4.370941220207628248e+03 4.320903327161579909e+03 3.292961216489294202e+03 3.139098521122005423e+03 2.544409435554786796e+03 3.239855664243385036e+03 4.273760658126297130e+03 3.944130343249398720e+03 3.956828085279978950e+03 3.856892506855814645e+03 3.751562703113178941e+03 3.628321285170971350e+03 3.507661310753456746e+03 3.986666148778473598e+03 4.505593373799621077e+03 4.709841994750249796e+03 4.186146267963610626e+03 3.569974679062258474e+03 4.528311698577483185e+03 2.546173574282151094e+03 3.198889354717495735e+03 3.500156079417180081e+03 3.484627593416758828e+03 4.031441334175352040e+03 2.647440108776726447e+03 3.009232950897106093e+03 4.165234946134606616e+03 2.797768150406545374e+03 3.202084812653036806e+03 2.988576622073472663e+03 4.399784668522656830e+03 3.749876901850273043e+03 3.322244231711981683e+03 3.317568147863873037e+03 3.555101707334452840e+03 4.672443500323000080e+03 3.834779213905053439e+03 3.964421442960118839e+03 5.126377382152985774e+03 3.961961295414252163e+03 3.865938233924828637e+03 2.280741181418598444e+03 3.815948601526018592e+03 2.752484234918017137e+03 3.447786040961716026e+03 2.768378049651144920e+03
4.394117647058823195e+02 2.485125590919603383e+03 2.296604629862826187e+03 2.709013988938462262e+03 2.699316118225674927e+03 2.178857534396481697e+03 2.013792001376106327e+03 3.017093558860654412e+03 3.166029488775708614e+03 4.128006295585249973e+03 4.163504372353286271e+03 2.444151768518104291e+03 4.129452585036149685e+03 4.122807244008719863e+03 4.156759865942000943e+03 4.155372893659936381e+03 2.119030928485559798e+03 2.075209797045422874e+03 4.167493895842630991e+03 4.182417919475923554e+03 3.675947683300544213e+03 3.520697539383475032e+03 3.547200728307213467e+03 3.550902361871805169e+03 4.411663083456206550e+03 3.794337025551867100e+03 3.985774543622332658e+03 2.655059536321629366e+03 4.152264005898784490e+03 4.099000622276439572e+03 3.085279794678072903e+03 2.944267451445867209e+03 2.363039864731777470e+03 3.039342585395047536e+03 4.059167709803843991e+03 3.687743482430304539e+03 3.746347770875790957e+03 3.603276319172432522e+03 3.543487667377716207e+03 3.386171570066429467e+03 3.314695181568802582e+03 3.775860901030629520e+03 4.229954908842901204e+03 4.435204177911290572e+03 3.925235345767031959e+03 3.347025019544545103e+03 4.249492132553895317e+03 2.373589877770046314e+03 3.000514513928904307e+03 3.294197607166533999e+03 3.290612682131350084e+03 3.816992028132497126e+03 2.464642299359499248e+03 2.804852012088353149e+03 3.910118945488300596e+03 2.614788876203426753e+03 3.000918597602416867e+03 2.799994693170473056e+03 4.156017480396548308e+03 3.539835837192829786e+03 3.124141999687059069e+03 3.127686899522364911e+03 3.358975859155669241e+03 4.467685977686223850e+03 3.586774691816537143e+03 3.727741148504716421e+03 4.863634154545370620e+03 3.708145962404975307e+03 3.616964037931168605e+03 2.116573377157702907e+03 3.606261379811873667e+03 2.565916469661726751e+03 3.215366029587456524e+03 2.579627626101583701e+03
4.402941176470587834e+02 2.315222714180514686e+03 2.126825542058080373e+03 2.530607339075701930e+03 2.521014617859482769e+03 2.017412093590595759e+03 1.856599803805801457e+03 2.827966062972861891e+03 2.973625155048254328e+03 3.905298932021040855e+03 3.940043477988202085e+03 2.269566353516540403e+03 3.907073781450761544e+03 3.898973479693437184e+03 3.933961169354669437e+03 3.932621261474922449e+03 1.959556127029479740e+03 1.918067874986866173e+03 3.943695750089079866e+03 3.958298902999116308e+03 3.431337593029611980e+03 3.320590935422138500e+03 3.346342211486171891e+03 3.349985311236438520e+03 4.145644478625408738e+03 3.589456909056814311e+03 3.774051467268770466e+03 2.456206730125741160e+03 3.935968362421669553e+03 3.880078367195392275e+03 2.884584073980594439e+03 2.755677657083862414e+03 2.190035391866145346e+03 2.845195846225247806e+03 3.846987495180700535e+03 3.440760623934038904e+03 3.539414732144236950e+03 3.359257603887240293e+03 3.339767830627161857e+03 3.153550012089518987e+03 3.125614017292080007e+03 3.568485866184182669e+03 3.962750021109640784e+03 4.167664862906124654e+03 3.672792004042161352e+03 3.131355267734277277e+03 3.979382406490910853e+03 2.208070021565175921e+03 2.808477788146100920e+03 3.093746729131265965e+03 3.100731721501794254e+03 3.606156889354670966e+03 2.289673215320905911e+03 2.608878408831481465e+03 3.662838447185555651e+03 2.438633780537545590e+03 2.806440588645739354e+03 2.617765796897966084e+03 3.917327076904015030e+03 3.334393709369809585e+03 2.931597233255310130e+03 2.942365303920241786e+03 3.166852406841461743e+03 4.262520981798294997e+03 3.347738456405152647e+03 3.497728870286390247e+03 4.604368941974297741e+03 3.463266956915744231e+03 3.376888005574331601e+03 1.960144102016418401e+03 3.400772445778677593e+03 2.386984919396550595e+03 2.992328894429715547e+03 2.398716233364410073e+03
4.411764705882353041e+02 2.152463526438661120e+03 1.965560842590817629e+03 2.359023114555977372e+03 2.349585556548306613e+03 1.864102190956223694e+03 1.708200121439500435e+03 2.645133754681494338e+03 2.787032126962130405e+03 3.686719756039353797e+03 3.720612169226116293e+03 2.103109639920143763e+03 3.688777595222611581e+03 3.679425980333099233e+03 3.715150989076588303e+03 3.713859933885104965e+03 1.808379664559480716e+03 1.769205588045017294e+03 3.723945233126444691e+03 3.738186700335782916e+03 3.196338530427327896e+03 3.125210396252923601e+03 3.150153871582010197e+03 3.153725045153685187e+03 3.887455072413483776e+03 3.388391477309832226e+03 3.565933953922266028e+03 2.267599660364217925e+03 3.722946012917854205e+03 3.664999560412198662e+03 2.691313343648193495e+03 2.573772408085827919e+03 2.025530901567199635e+03 2.657877241450938982e+03 3.638089565069984474e+03 3.203643726004037035e+03 3.336791672802929497e+03 3.125262066588969446e+03 3.141087643343311356e+03 2.930823707034447125e+03 2.941065485609594816e+03 3.365314592814097068e+03 3.704644531656409981e+03 3.908009520768639959e+03 3.429398998323959404e+03 2.923458984892140506e+03 3.718638652210234341e+03 2.049845589453544108e+03 2.623232153129135895e+03 2.899375713908622856e+03 2.915616753276670806e+03 3.399712995753182440e+03 2.122739026330183151e+03 2.421581671496611307e+03 3.424006804390147863e+03 2.269620647051456672e+03 2.619084175236853753e+03 2.442287837426919850e+03 3.684517484645764853e+03 3.134224271101793875e+03 2.745136326258964800e+03 2.762177520115152220e+03 2.979385145490567083e+03 4.057958940969509968e+03 3.118130786366865777e+03 3.275010860348374990e+03 4.349607430984223356e+03 3.227820482705107224e+03 3.146183194586608352e+03 1.811555434633410869e+03 3.200187562648192397e+03 2.215939914631323063e+03 2.779000928209940412e+03 2.225884447399782402e+03
4.420588235294117112e+02 1.997050065509974957e+03 1.812848772865318097e+03 2.194548100447325396e+03 2.185309763564979676e+03 1.718959289673678541e+03 1.568510327315780614e+03 2.468997804624147648e+03 2.606716648352215543e+03 3.473038279773048089e+03 3.505991671242487428e+03 1.944897674104546468e+03 3.475335611083689400e+03 3.464926941287314094e+03 3.501110575586974392e+03 3.499869817105030052e+03 1.665499361878342597e+03 1.628607570884959159e+03 3.509023798876229648e+03 3.522867615673969794e+03 2.971315972049642824e+03 2.935161629137897762e+03 2.959250115411166917e+03 2.962737410328861642e+03 3.637759130669511251e+03 3.191847248580259929e+03 3.362179177960876132e+03 2.089248602586729248e+03 3.514002661486706074e+03 3.454537951047828756e+03 2.505816767479628197e+03 2.398910297161426115e+03 1.869587284328118130e+03 2.477761450760935986e+03 3.433258744842357373e+03 2.976744141095642135e+03 3.139154419808648072e+03 2.901606386995099001e+03 2.948043643713969232e+03 2.718256321241209662e+03 2.761616067106442188e+03 3.167034040671391722e+03 3.456184543559272242e+03 3.656905251641117502e+03 3.195525755057912647e+03 2.723732911746719310e+03 3.467795842560672099e+03 1.899074977404636684e+03 2.445144368058207419e+03 2.711567866666691316e+03 2.735817643137635969e+03 3.198348934105732042e+03 1.963969340578865058e+03 2.243144841200735300e+03 3.194126552825433464e+03 2.107988494668327348e+03 2.439195400828933089e+03 2.273876887571055704e+03 3.458289757895735420e+03 2.939912037767125639e+03 2.565199875759137285e+03 2.587616360818010435e+03 2.797145195149850224e+03 3.854941303302323831e+03 2.898304850202935086e+03 3.060110848354073823e+03 4.100269788837386841e+03 3.002192853858897251e+03 2.925214986913385928e+03 1.670843140538424223e+03 3.005124255937480939e+03 2.052952706367991141e+03 2.575609591448849187e+03 2.061293115352325458e+03
4.429411764705882888e+02 1.849115656658597118e+03 1.668664179830237345e+03 2.037395515190657306e+03 2.028394601696774544e+03 1.581954770457973837e+03 1.437394573020643747e+03 2.299880463805213822e+03 2.433064687968902035e+03 3.264934904210601417e+03 3.296874122137820450e+03 1.794978454755295161e+03 3.267430550279310864e+03 3.256148704416713372e+03 3.292532421258726117e+03 3.291343017680860157e+03 1.530855096190326776e+03 1.496201976264376526e+03 3.299623595961761566e+03 3.313038716475547062e+03 2.756534970178060121e+03 2.750968143478467937e+03 2.774162963941670114e+03 2.777555900799579376e+03 3.397110016098221877e+03 3.000448780978976629e+03 3.163460504609998679e+03 1.921091014410921616e+03 3.309859556735846127e+03 3.249380260771217309e+03 2.328360396907591621e+03 2.231371521448063504e+03 1.722199932380881364e+03 2.305142364813232234e+03 3.233196825161188372e+03 2.760312155189199075e+03 2.947094916882186226e+03 2.688507995147642305e+03 2.761148330537569564e+03 2.516017721135027841e+03 2.587754438595666670e+03 2.974247303757870213e+03 3.217804759739029123e+03 3.414907621297462811e+03 2.971536826302167810e+03 2.532484219744765596e+03 3.227276472064080281e+03 1.755850665664213466e+03 2.274501373738087750e+03 2.530722838836880783e+03 2.561805890918744353e+03 3.002667794866610166e+03 1.813425127759460793e+03 2.073672939339629465e+03 2.973597183598102674e+03 1.953904454777915134e+03 2.267039702437453798e+03 2.112773570527687752e+03 3.239246521764549925e+03 2.751956579163773313e+03 2.392148100880532638e+03 2.419097572820538062e+03 2.620624576108224574e+03 3.654339133425934506e+03 2.688515763285322009e+03 2.853456538011113480e+03 3.857173266555471400e+03 2.786669540807883095e+03 2.714250108793742584e+03 1.537984559548592415e+03 2.816115597352377790e+03 1.898123253719145850e+03 2.382293102680773700e+03 1.905031340271717681e+03
4.438235294117646959e+02 1.708721729665562407e+03 1.532916918631128055e+03 1.887700790631639165e+03 1.878969874570448155e+03 1.452998462722055365e+03 1.314663251891894333e+03 2.138019379948618734e+03 2.266375333658761065e+03 3.062989712600336588e+03 3.093851062637137602e+03 1.653329677295447027e+03 3.065644961109631822e+03 3.053662568014422959e+03 3.090008799901167095e+03 3.088871468423041733e+03 1.404327673649901953e+03 1.371859415202213313e+03 3.096336094070999934e+03 3.109296211687546020e+03 2.552154691385530441e+03 2.573062578445675626e+03 2.595333240219495110e+03 2.598622784544772912e+03 3.165940704324918897e+03 2.814728248675201485e+03 2.970356266974864866e+03 1.762990013691354534e+03 3.111141500240698406e+03 3.050114815009069389e+03 2.159122080603871382e+03 2.071352721592376383e+03 1.583297019641047427e+03 2.140227740886622087e+03 3.038510884694551351e+03 2.554491675457539714e+03 2.761111411944503743e+03 2.486080185201612494e+03 2.580821644993372956e+03 2.324179850373805948e+03 2.419883404045297539e+03 2.787463692463774805e+03 2.989820712573212859e+03 3.182451148658794864e+03 2.757685123697851850e+03 2.349924810378853635e+03 2.997382911171223896e+03 1.620196457453918811e+03 2.111504921460137211e+03 2.357149775913069334e+03 2.393966669938590712e+03 2.813177233368653106e+03 1.671096361304917991e+03 1.913189942453451295e+03 2.762707932825081571e+03 1.807460149704491414e+03 2.102796866107451933e+03 1.959138428045275077e+03 3.027881975290849823e+03 2.570764101019022746e+03 2.226254546117722839e+03 2.256952842922778927e+03 2.450228020555985495e+03 3.456938270467740494e+03 2.488915274547695844e+03 2.655372171310376416e+03 3.621018641410079454e+03 2.581429412864252754e+03 2.513451150652645083e+03 1.412897149770355554e+03 2.633601300125086254e+03 1.751477292935429659e+03 2.199096648301690038e+03 1.757113677168474396e+03
4.447058823529412166e+02 1.575877314077741175e+03 1.405472123840597533e+03 1.745541591172070184e+03 1.737107822334834509e+03 1.331957922218412705e+03 1.200092093892873208e+03 1.983588098597524549e+03 2.106881145621159703e+03 2.867703863777663173e+03 2.897434931852819318e+03 1.519879157503866963e+03 2.870482630684382457e+03 2.857960504015944480e+03 2.894053096714100775e+03 2.892968211582928234e+03 1.285757923183489766e+03 1.255411865803411047e+03 2.899673457208212767e+03 2.912156996203489143e+03 2.358256068207414501e+03 2.401806790815003751e+03 2.423130701589430373e+03 2.426309241241993732e+03 2.944591890181924100e+03 2.635145260829074232e+03 2.783369926335025411e+03 1.614758149329884645e+03 2.918397093008955835e+03 2.857252487171098892e+03 1.998213823381295470e+03 1.918987703506280923e+03 1.452759946943599289e+03 1.983160513208238399e+03 2.849733139253789432e+03 2.359348231318246235e+03 2.581628797455218773e+03 2.294359933867636300e+03 2.407411648455628892e+03 2.142743382478302919e+03 2.258338943585508332e+03 2.607119009062684654e+03 2.772457917890528734e+03 2.959877544285694967e+03 2.554139811029202974e+03 2.176195154148840174e+03 2.778326954006461165e+03 1.492086710304248527e+03 1.956292808667710915e+03 2.191088594453613041e+03 2.232618272968411475e+03 2.630310145387255034e+03 1.536922375612620044e+03 1.761661446364838866e+03 2.561664806877433421e+03 1.668691747828670714e+03 1.946582621646874486e+03 1.813072278303655139e+03 2.824606084527958046e+03 2.396668507891078661e+03 2.067726778387682316e+03 2.101449057132002054e+03 2.286292426002541561e+03 3.263456448167266899e+03 2.299578805929563714e+03 2.466103176034964690e+03 3.392414981558429645e+03 2.386572310188511892e+03 2.322903712645892028e+03 1.295457074146616833e+03 2.457948450217294067e+03 1.612987107423032057e+03 2.025998201434955263e+03 1.617501157687186833e+03
4.455882352941176805e+02 1.450535094845070034e+03 1.286147317480358424e+03 1.610933010235104803e+03 1.602818432244180713e+03 1.218655703879445127e+03 1.093420035310140747e+03 1.836690036186326552e+03 1.954741447016723441e+03 2.679488816323707397e+03 2.708048059476217531e+03 1.394501494618398738e+03 2.682357737015557177e+03 2.669444477519296470e+03 2.705088826621391945e+03 2.704056463241007805e+03 1.174944234693308772e+03 1.146650302290642685e+03 2.710057649930402931e+03 2.722047525745691928e+03 2.174835440589917653e+03 2.237483412871891232e+03 2.257845433351931661e+03 2.260906699827336070e+03 2.733302393489079350e+03 2.462076897255472886e+03 2.602919403007717847e+03 1.476154254930727575e+03 2.732087333020654569e+03 2.671215770354388042e+03 1.845676152097820250e+03 1.774341891256792906e+03 1.330420364771246795e+03 1.834013013985931366e+03 2.667309949302741188e+03 2.174862743643462181e+03 2.408989117115220324e+03 2.113302046305152999e+03 2.241186133881364185e+03 1.971632479122658197e+03 2.103382281582187716e+03 2.433565875481445801e+03 2.565843544075850787e+03 2.747426081012978557e+03 2.360978902927246509e+03 2.011358037206067593e+03 2.570221656524637638e+03 1.371442789585003084e+03 1.808933116060706197e+03 2.032702968440491077e+03 2.078004268226826753e+03 2.454415023145597388e+03 1.410788476648112919e+03 1.618990513645206192e+03 2.370582919072421646e+03 1.537575575528132276e+03 1.798443092788022796e+03 1.674611026374293260e+03 2.629734701646921621e+03 2.229923139028023797e+03 1.916699856787351791e+03 1.952781293462206577e+03 2.129078777169617297e+03 3.074529427205082357e+03 2.120499329828686768e+03 2.285808495483183833e+03 3.171866653565552951e+03 2.202112507884158276e+03 2.142610044887514505e+03 1.185496660396876223e+03 2.289442837366971617e+03 1.482567679547861644e+03 1.862903558820052467e+03 1.486097516966724925e+03
4.464705882352940876e+02 1.332599651387771701e+03 1.174721305462443752e+03 1.483835874695956136e+03 1.476057722701155853e+03 1.112877865680577997e+03 9.943576517817580225e+02 1.697366696309411282e+03 1.810050177185937628e+03 2.498673288732109540e+03 2.526029565965140137e+03 1.277026896995420657e+03 2.501601781167902573e+03 2.488433538701241559e+03 2.523456512369162283e+03 2.522476441649601384e+03 1.071650970668147920e+03 1.045332980864157662e+03 2.527827332026281510e+03 2.539310785340649545e+03 2.001816121764013587e+03 2.080302943870509353e+03 2.099694927631021528e+03 2.102633976489707493e+03 2.532219898956600900e+03 2.295824192567029513e+03 2.429343473347403688e+03 1.346893969011241552e+03 2.552591741437317978e+03 2.492345464596151487e+03 1.701487253616940961e+03 1.637420784156761783e+03 1.216069149703881749e+03 1.692795597521643003e+03 2.491607826850105539e+03 2.000943260897250411e+03 2.243458495556450998e+03 1.942790855484208805e+03 2.082340103331921000e+03 1.810706156803496924e+03 1.955206665248298577e+03 2.267080592099008300e+03 2.370018157384623919e+03 2.545244438657152841e+03 2.178200682283235892e+03 1.855408288193382987e+03 2.373093241650561595e+03 1.258141259251834299e+03 1.669432796601647397e+03 1.882088542771293305e+03 1.930300564920795296e+03 2.285763017589952597e+03 1.292534723280354001e+03 1.485027449096392274e+03 2.189497327934045188e+03 1.414036592959705558e+03 1.658363710308189866e+03 1.543734092277068612e+03 2.443498315387147159e+03 2.070708446987208845e+03 1.773244464829900835e+03 1.811080031266750211e+03 1.978779164539811063e+03 2.890714529599460093e+03 1.951598625174814288e+03 2.114570222220363576e+03 2.959781224390487296e+03 2.027990161247622609e+03 1.972500421979290195e+03 1.082812480539365879e+03 2.128296344056489488e+03 1.360085585578744030e+03 1.709657468427561071e+03 1.362758212633150379e+03
4.473529411764706083e+02 1.221933248073421282e+03 1.070940335871889829e+03 1.364162473415031627e+03 1.356733519607384096e+03 1.014379799019140819e+03 9.025930106308868517e+02 1.565603125190180663e+03 1.672841169297534407e+03 2.325507504319238251e+03 2.351639478064398190e+03 1.167247411513234056e+03 2.328467754051795509e+03 2.315168184137371099e+03 2.349417738916137750e+03 2.348489480778051075e+03 9.756143220806583258e+02 9.511912722106852698e+02 2.353241968952551360e+03 2.364210348498109397e+03 1.839056343275123027e+03 1.930408307528221030e+03 1.948828626831068505e+03 1.951641758031610152e+03 2.341408088338625475e+03 2.136615957110483578e+03 2.262905431675535965e+03 1.226656942062207463e+03 2.380211851243704132e+03 2.320904666221908883e+03 1.565569333254381036e+03 1.508175640821383467e+03 1.109462621178726295e+03 1.559462535273833964e+03 2.322916916133588984e+03 1.837433099112086666e+03 2.085231369128825008e+03 1.782648452396635093e+03 1.931000511788671247e+03 1.659766187923594089e+03 1.813941698814616984e+03 2.107867298241807021e+03 2.184943623583583758e+03 2.353395823613439461e+03 2.005731359978823548e+03 1.708279438080705859e+03 2.186889224991629362e+03 1.152019663525670239e+03 1.537743545334491273e+03 1.739278469927628976e+03 1.789619931153841208e+03 2.124552233244621675e+03 1.181962136026225608e+03 1.359576577075538353e+03 2.018370444966019932e+03 1.297954205460158391e+03 1.526275177449603689e+03 1.420370062041763504e+03 2.266047655345851126e+03 1.919136975061368958e+03 1.637372308790096895e+03 1.676415962040258364e+03 1.835521155246561875e+03 2.712491706835030527e+03 1.792735081398592911e+03 1.952400160887888433e+03 2.756474063014277363e+03 1.864079163241404331e+03 1.812440859301873843e+03 9.871711182595003038e+02 1.974651608633426122e+03 1.245365202418155150e+03 1.566051213457752510e+03 1.247296771259626212e+03
4.482352941176470722e+02 1.118361418980086682e+03 9.745239695364078898e+02 1.251782214864589832e+03 1.244711101330194651e+03 9.228918257501023845e+02 8.177970426494442790e+02 1.441333620879724776e+03 1.543093555268591217e+03 2.160167780757874880e+03 2.185063368875164542e+03 1.064922868933997734e+03 2.163134749274038313e+03 2.149815111516402794e+03 2.183159753713141981e+03 2.182282574797120560e+03 8.865478379241611719e+02 8.639350504606670711e+02 2.186486484256608946e+03 2.196934969665535391e+03 1.686357131053472813e+03 1.787879743811259686e+03 1.805332742387837015e+03 1.808017403998462669e+03 2.160854043780495886e+03 1.984613110055446441e+03 2.103797346131830182e+03 1.115093750649508820e+03 2.215175224308750785e+03 2.157083127474748380e+03 1.437794870835249412e+03 1.386509332411479363e+03 1.010328542395314344e+03 1.433918003544914654e+03 2.161455014327327262e+03 1.684118806183843390e+03 1.934435175720777579e+03 1.632642568261858742e+03 1.787231448075039680e+03 1.518564832385924092e+03 1.679658041998423414e+03 1.956062565347765258e+03 2.010511160406818817e+03 2.171866480016156856e+03 1.843432978209400289e+03 1.569850389874510029e+03 2.011486639459084927e+03 1.052882035685996243e+03 1.413767675569205267e+03 1.604249022061486585e+03 1.656016777507654297e+03 1.970912500082137740e+03 1.078838630453167070e+03 1.242402871818072072e+03 1.857099404088132360e+03 1.189168021145126659e+03 1.402059625179342220e+03 1.304402423995950812e+03 2.097459635653092846e+03 1.775258622185531522e+03 1.509041706034213576e+03 1.548804881573613557e+03 1.699372654849578794e+03 2.540265473687185022e+03 1.643711415477991295e+03 1.799246457418502587e+03 2.562173602296492390e+03 1.710194987198384297e+03 1.662240838947663633e+03 8.983145017390111207e+02 1.828587092485187213e+03 1.138194675363301712e+03 1.431830111885226643e+03 1.139490816439743867e+03
4.491176470588235361e+02 1.021678412949160929e+03 8.851705921475920604e+02 1.146527229477546143e+03 1.139818860754509160e+03 8.381244555876180584e+02 7.396285567968058103e+02 1.324447327963821408e+03 1.420737306401585329e+03 2.002761739418068828e+03 2.026417416752149620e+03 9.697865557906869753e+02 2.005713108640609335e+03 1.992472498082372340e+03 2.024800516941724936e+03 2.023973474059916953e+03 8.041475752414218050e+02 7.832578082385682592e+02 2.027676365865462685e+03 2.037603693849075853e+03 1.543470025163125683e+03 1.652739954192874620e+03 1.669235424871914120e+03 1.671790156065943165e+03 1.990475804045356426e+03 1.839913427324167515e+03 1.952144759611103154e+03 1.011832384386274271e+03 2.057639972556114571e+03 2.001002287023241024e+03 1.317992826501008039e+03 1.272282089723603121e+03 9.183717183499294379e+02 1.316021908249900889e+03 2.007372038356610574e+03 1.540738034101905441e+03 1.791135393968169637e+03 1.492494486335701822e+03 1.651039427268335658e+03 1.386812342250130996e+03 1.552372280336664744e+03 1.811740414733667876e+03 1.846549392208927657e+03 2.000573248547410458e+03 1.691111098269332615e+03 1.439952052960004494e+03 1.846700212299042278e+03 9.605042846951025695e+02 1.297363965985648974e+03 1.476925408571660228e+03 1.529492197320858168e+03 1.824910529869159291e+03 9.829046859602980248e+02 1.133238258139205755e+03 1.705523613926510279e+03 1.087483458166738274e+03 1.285556570338034817e+03 1.195675238240778754e+03 1.937743639959924167e+03 1.639066149418371651e+03 1.388163210023547663e+03 1.428212886269481260e+03 1.570346824138400962e+03 2.374367514523673890e+03 1.504282262637242866e+03 1.655000353892215799e+03 2.377027139912081566e+03 1.566102365971253448e+03 1.521660907534373564e+03 8.159650348389689043e+02 1.690122427293965529e+03 1.038331761032871327e+03 1.306700753291738238e+03 1.039088007292850989e+03
4.500000000000000000e+02 9.316524492954317793e+02 8.025625532304640046e+02 1.048197772839441996e+03 1.041853673864552547e+03 7.597732367727312521e+02 6.677387641474620068e+02 1.214793845783702636e+03 1.305658768675343254e+03 1.853333695597212227e+03 1.875753783668382766e+03 8.815505526380587753e+02 1.856249776020352328e+03 1.843175471219884912e+03 1.874394035710871776e+03 1.873615987512055653e+03 7.280968602674917065e+02 7.088413034787508877e+02 1.876863041809613151e+03 1.886271224432693089e+03 1.410104539626542191e+03 1.524959406702951355e+03 1.540512024919124769e+03 1.542936351541927479e+03 1.830129939887923456e+03 1.702556501259830384e+03 1.808011675469563215e+03 9.164841222519827397e+02 1.907699692513970376e+03 1.852720396726128001e+03 1.205954761077034846e+03 1.165317147985120073e+03 8.332792824735860222e+02 1.205595789337142378e+03 1.860754899515392481e+03 1.406987058781269525e+03 1.655340754007764417e+03 1.361886408407504859e+03 1.522378908205474772e+03 1.264184040495833642e+03 1.432051963121006338e+03 1.674917478713316086e+03 1.692832275538556132e+03 1.839371211214633604e+03 1.548522386323566707e+03 1.318373835305604416e+03 1.692290417580219128e+03 8.746392586160045539e+02 1.188353447295233991e+03 1.357187509625624216e+03 1.409999109093337893e+03 1.686555238586677888e+03 8.938787386185998685e+02 1.031787620692041401e+03 1.563432049798321032e+03 9.926771193089558665e+02 1.176568793568168303e+03 1.093998640846983335e+03 1.786847935389341728e+03 1.510500763496628906e+03 1.274605220490694364e+03 1.314561527861040531e+03 1.448407270612369075e+03 2.215059915475376783e+03 1.374161382564444239e+03 1.519502870579145338e+03 2.201106960446620178e+03 1.431522713213451425e+03 1.390419950473093195e+03 7.398303050846338920e+02 1.559223834024605594e+03 9.455092906855221599e+02 1.190337765226112879e+03 9.458115228202560729e+02
4.508823529411765207e+02 8.480305625543479664e+02 7.263708492632034677e+02 9.565673985123306693e+02 9.505860518342479963e+02 6.875232175962095198e+02 6.017753336043496120e+02 1.112188599169758163e+03 1.197706048918490751e+03 1.711870198299277718e+03 1.733066182588045422e+03 7.999106973480542138e+02 1.714733849008302741e+03 1.701901764084017941e+03 1.731935901928954991e+03 1.731205525033501999e+03 6.580706199309595377e+02 6.403597975535400337e+02 1.734039435890292907e+03 1.742933453196761548e+03 1.285935258303379442e+03 1.404461653818039395e+03 1.419090428349368722e+03 1.421384792573370078e+03 1.679619006821038511e+03 1.572528880000548497e+03 1.671405741284623218e+03 8.286490179441426562e+02 1.765388568558261341e+03 1.712237973716536089e+03 1.101440543752155918e+03 1.065406160522769596e+03 7.547254838345700136e+02 1.102428322746484582e+03 1.721632525405640990e+03 1.282527932814694623e+03 1.527008616893155022e+03 1.240468594307148123e+03 1.401157810472281653e+03 1.150327098929075191e+03 1.318620660473957969e+03 1.545558342522454268e+03 1.549086755652982447e+03 1.688061180615140984e+03 1.415381872891844978e+03 1.204869829099314757e+03 1.547971224139777632e+03 7.950215080091554682e+02 1.086524889273073995e+03 1.244875527826341795e+03 1.297447382627130310e+03 1.555803161320933214e+03 8.114621390599435244e+02 9.377344920393903749e+02 1.430570345277611978e+03 9.045018968908469787e+02 1.074867946890115036e+03 9.991540707159788326e+02 1.644666117836481362e+03 1.389457719299334258e+03 1.168199448429911172e+03 1.207732925565926735e+03 1.333473151894641205e+03 2.062538859125417275e+03 1.253028639096598454e+03 1.392551363083169463e+03 2.034416743968905621e+03 1.306141224498785050e+03 1.268202150508426485e+03 6.696074101204470708e+02 1.435809618821291451e+03 8.594402944188437914e+02 1.082390299283994182e+03 8.593653039686123520e+02
4.517647058823529278e+02 7.705432359435336593e+02 6.562593961662033735e+02 8.713878422178344181e+02 8.657650920378320052e+02 6.210529889593935877e+02 5.413860021530917948e+02 1.016418107236287824e+03 1.096694310731033738e+03 1.578305725165635522e+03 1.598295509874386426e+03 7.245511427115285414e+02 1.581102229244738055e+03 1.568577461435667601e+03 1.597368905883324260e+03 1.596684758463896287e+03 5.937392889839989039e+02 5.774838686334886688e+02 1.599145646937963193e+03 1.607533164986204156e+03 1.170608474299359841e+03 1.291128661479793891e+03 1.304856397468198338e+03 1.307022058818786036e+03 1.538698805896247450e+03 1.449769302243413676e+03 1.542283520192096603e+03 7.479207851239723368e+02 1.630686688780877830e+03 1.579503277781589759e+03 1.004183979401944043e+03 9.723144295685557381e+02 6.823761078995239586e+02 1.006280741701814236e+03 1.589981144675141422e+03 1.166995221868234694e+03 1.406050297042157354e+03 1.127865909093425216e+03 1.287242881780550761e+03 1.044866728558504519e+03 1.211963005795563276e+03 1.423580876950441507e+03 1.415000142364505109e+03 1.546397012209117293e+03 1.291369964953605859e+03 1.099164786292715007e+03 1.413417560160153698e+03 7.213716927014685325e+02 9.916401511336015346e+02 1.139795489762497255e+03 1.191708920117508569e+03 1.432563958857864009e+03 7.353437593920135669e+02 8.507461827146908036e+02 1.306647616173646611e+03 8.226917684637555794e+02 9.801999129605096641e+02 9.108993203953151578e+02 1.511043444337148230e+03 1.275791832203668037e+03 1.068746182539319307e+03 1.107574827498736340e+03 1.225424360034725623e+03 1.916938679501060278e+03 1.140536524932882230e+03 1.273905826872374064e+03 1.876898072823749089e+03 1.189613615294542797e+03 1.154663542322707144e+03 6.049868920349412065e+02 1.319755672468562807e+03 7.798228017032292883e+02 9.824879584286348972e+02 7.794388114058986048e+02
4.526470588235293917e+02 6.989086333560153435e+02 5.918888658496770176e+02 7.923936254633590579e+02 7.871229959558000928e+02 5.600383248806480196e+02 4.862217271333402664e+02 9.272448986826448163e+02 1.002410869915213425e+03 1.452528360671315113e+03 1.471335531625765043e+03 6.551485229371838841e+02 1.455245277791328363e+03 1.443082704023102679e+03 1.470588717106789318e+03 1.469949219361587438e+03 5.347722916556805330e+02 5.198838040153035536e+02 1.472074663979598881e+03 1.479965684342895202e+03 1.063748510668846848e+03 1.184806051320020515e+03 1.197658804093343406e+03 1.199697730119542712e+03 1.407085444309588411e+03 1.334173872880312501e+03 1.420555885100800651e+03 6.738911887409658448e+02 1.503525411245897658e+03 1.454417883686266350e+03 9.138979006398232059e+02 8.857857955064333737e+02 6.158924486819695403e+02 9.168918459479671128e+02 1.465729490083754172e+03 1.060002294655187370e+03 1.292336481145886182e+03 1.023684044680288707e+03 1.180465143437542565e+03 9.474120552677838987e+02 1.111929639019983597e+03 1.308861600184482086e+03 1.290227116568945803e+03 1.414092691700067917e+03 1.176138947376837905e+03 1.000959698851764074e+03 1.288272366343182284e+03 6.534006452926353177e+02 9.034391137465848942e+02 1.041724558801719468e+03 1.092622675649591656e+03 1.316705849039989289e+03 6.652041979365916404e+02 7.704786456978790739e+02 1.191342959129623750e+03 7.469662552153959041e+02 8.922898543026009293e+02 8.289732515456702231e+02 1.385783147099899907e+03 1.169322887119539018e+03 9.760194088169687348e+02 1.013905486005829175e+03 1.124106504303179690e+03 1.778336341396080115e+03 1.036316260622557593e+03 1.163294948409989274e+03 1.728436972784835234e+03 1.081572363953733884e+03 1.049438209930340918e+03 5.456562737055650132e+02 1.210900785389241491e+03 7.063442147007024232e+02 8.902463281043583265e+02 7.057114603255541851e+02
4.535294117647059124e+02 6.328364943739859427e+02 5.329200896892049286e+02 7.193063012791415076e+02 7.143793348933605785e+02 5.041553947505185533e+02 4.359394128464728055e+02 8.444122172333908338e+02 9.146199634025929299e+02 1.334385380410229118e+03 1.352038522155802866e+03 5.913756900907877707e+02 1.337012437492917343e+03 1.325257333269647688e+03 1.351449449742609204e+03 1.350852925479190844e+03 4.808411120080983778e+02 4.672325713293150784e+02 1.352677913474606612e+03 1.360084531333500308e+03 9.649634282035777915e+02 1.085308139093491491e+03 1.097314691488523522e+03 1.099229502417738104e+03 1.284461976721754809e+03 1.225601290071608446e+03 1.306093272816789977e+03 6.061539140764351714e+02 1.383792729712354912e+03 1.336842153741109314e+03 8.302791009665792217e+02 8.055472570538983064e+02 5.549348520266657943e+02 8.339827968526640234e+02 1.348764126732901332e+03 9.611470954438907484e+02 1.185702369743957433e+03 9.275151451967179810e+02 1.080624971110383058e+03 8.575613432207993583e+02 1.018341994163836034e+03 1.201240912044823290e+03 1.174396281030462433e+03 1.290829030890650074e+03 1.069319181599570129e+03 9.099370839435736116e+02 1.172153249423295847e+03 5.908130590494205308e+02 8.216444346708276498e+02 9.504159939203869953e+02 9.999994262340143223e+02 1.208060960128500028e+03 6.007195671740728358e+02 6.965808022570628282e+02 1.084311513011343777e+03 6.770345282896900017e+02 8.108469141611842588e+02 7.531001709174167900e+02 1.268652448281602801e+03 1.069840833267426433e+03 8.897715825046867621e+02 9.265183343745495677e+02 1.029335787965792861e+03 1.646755944401641955e+03 9.399834081656250646e+02 1.060421891949201381e+03 1.588870449003547947e+03 9.816325767348188265e+02 9.521439074901793447e+02 4.913032003414018050e+02 1.109051934307531610e+03 6.386852981385186467e+02 8.052719613133966732e+02 6.378566088971865611e+02
4.544117647058823195e+02 5.720316530140099758e+02 4.790170346591772841e+02 6.518383547944013117e+02 6.472449289310561653e+02 4.530835837478787198e+02 3.902042183326134932e+02 7.676483693628523497e+02 8.330673465489475120e+02 1.223688709564384681e+03 1.240220650310838664e+03 5.329050495778660661e+02 1.226217629476058619e+03 1.214906362832769901e+03 1.239769116103346050e+03 1.239213820983881760e+03 4.316219495665859540e+02 4.192083890912530251e+02 1.240770803606983236e+03 1.247706869125770027e+03 8.738503552340270062e+02 9.924227979123600107e+02 1.003614202758363831e+03 1.005408070884063363e+03 1.170484762537353845e+03 1.123877785528064351e+03 1.198730874742109108e+03 5.443079271757362676e+02 1.271338558765423159e+03 1.226600593570450428e+03 7.530127242747237233e+02 7.313132184156937683e+02 4.991658238182427567e+02 7.572614792034430593e+02 1.238934641938516961e+03 8.700174601732414885e+02 1.085952816609565843e+03 8.389429249520939038e+02 9.874970603773065250e+02 7.749068170360003478e+02 9.309968815590975737e+02 1.100528159669599745e+03 1.067116317040303329e+03 1.176260011075170041e+03 9.705247480850929378e+02 8.257657719769684945e+02 1.064658580420517637e+03 5.333108005935690699e+02 7.459658515379460368e+02 8.656039475466535578e+02 9.136263894036238753e+02 1.106430458699561086e+03 5.415648789293495611e+02 6.286984556043778412e+02 9.851901167721740649e+02 6.125991411683114620e+02 7.355685458408634076e+02 6.829938789778071850e+02 1.159388353564172121e+03 9.771107538023626375e+02 8.097381288228027643e+02 8.451864390739659711e+02 9.409036992592605202e+02 1.522173539975971835e+03 8.511430507143052182e+02 9.649695922157152381e+02 1.457992772628870398e+03 8.893973025039588265e+02 8.623872951660388253e+02 4.416181815860798565e+02 1.013989193570317411e+03 5.765237631736395088e+02 7.271668992338537691e+02 5.755451423586482633e+02
4.552941176470587834e+02 5.161971918544221580e+02 4.298493879561618769e+02 5.896967526685731400e+02 5.854253753746410212e+02 4.065079221963310374e+02 3.486914837037935513e+02 6.966707525920161288e+02 7.574844936515080462e+02 1.120220196189058242e+03 1.135667379431539075e+03 4.794114900515155000e+02 1.122644530731324721e+03 1.111805281930973933e+03 1.135334936911271598e+03 1.134819055192218002e+03 3.867979954279236381e+02 3.754969193066172011e+02 1.136137979826622313e+03 1.142618866734600942e+03 7.900002362858147080e+02 9.059161474943572330e+02 9.163252186400179653e+02 9.180017822375689320e+02 1.064789298504761064e+03 1.028802021162066922e+03 1.098273658315216608e+03 4.879603668034916382e+02 1.165979879875224015e+03 1.123487048810152601e+03 6.817763578463230942e+02 6.627894007055190286e+02 4.482527443424503986e+02 6.864265502851678775e+02 1.136058642228062581e+03 7.861958535208560761e+02 9.928671501934595653e+02 7.575473056576706767e+02 9.008351316471532755e+02 6.990389231934170766e+02 8.496708897533019353e+02 1.006506511242178476e+03 9.679815750796284419e+02 1.070018744403680103e+03 8.793586488995631498e+02 7.481053610561250480e+02 9.653731631285432968e+02 4.805958577854344185e+02 6.761041775938042520e+02 7.870078270932669966e+02 8.332715715676218906e+02 1.011589485246077288e+03 4.874170247842386630e+02 5.664777640148129194e+02 8.936025172883574896e+02 5.533593945142623625e+02 6.661444802403888161e+02 6.183613623262598367e+02 1.057703144434082787e+03 8.908775668517355371e+02 7.356416262523724754e+02 7.696666473849567183e+02 8.585813961540533228e+02 1.404521876714622067e+03 7.693944304748379182e+02 8.766057991488071366e+02 1.335561656103762743e+03 8.044623783147019367e+02 7.797686355683285910e+02 3.962969715277833416e+02 9.254705598483134281e+02 5.195374475235072396e+02 6.555326867172744869e+02 5.184486546680865331e+02
4.561764705882353041e+02 4.650372386404596341e+02 3.850947383482574651e+02 5.325861241367800858e+02 5.286242095028413814e+02 3.641211512895155238e+02 3.110882885816023986e+02 6.311895304187720512e+02 6.875925144435719858e+02 1.023736600614543477e+03 1.038138436920836057e+03 4.305749192498840330e+02 1.026051591540856862e+03 1.015705050964960151e+03 1.037908319268842206e+03 1.037430008885294228e+03 3.460613406315805491e+02 3.357930938856275134e+02 1.038538420647973680e+03 1.044580700612588998e+03 7.130021144528634522e+02 8.255368429482890633e+02 8.351977540009984295e+02 8.367610314681238606e+02 9.669957382742657046e+02 9.401496568664321103e+02 1.004501188698828742e+03 4.367289704414792482e+02 1.067505695862151015e+03 1.027269655556696080e+03 6.162436951113112400e+02 5.996763794045833720e+02 4.018701768669532726e+02 6.211711019664160176e+02 1.039926638721266045e+03 7.092636393400698580e+02 9.062037424130463705e+02 6.829085118477222522e+02 8.203762882880555480e+02 6.295501139399723343e+02 7.741244522859157087e+02 9.189376012094868429e+02 8.765772533916010616e+02 9.717229159898231501e+02 7.954175293923830168e+02 6.766102255484139505e+02 8.738733976526965535e+02 4.323729237006469930e+02 6.117549070847001076e+02 7.143363717948677731e+02 7.586878518903399709e+02 9.232918754256005514e+02 4.379573748939770326e+02 5.095682856252451529e+02 8.091641164766416523e+02 4.990143364001615396e+02 6.022603033270198694e+02 5.589061179687810181e+02 9.632895301060684687e+02 8.108703931662766990e+02 6.671956370306364761e+02 6.997034783747819802e+02 7.821239079464074848e+02 1.293695174709047933e+03 6.943351156397354771e+02 7.949876228281010526e+02 1.221304157005809884e+03 7.264207830238486849e+02 7.038860117150751421e+02 3.550425837872610373e+02 8.432363476253683530e+02 4.674071190299773662e+02 5.899739040870025519e+02 4.662422247224280341e+02
4.570588235294117112e+02 4.182594000672416996e+02 3.444404038825616112e+02 4.802115933736822626e+02 4.765457131048910924e+02 3.256254353481501767e+02 2.770946891770461207e+02 5.709109632126500173e+02 6.231057143270519418e+02 9.339743725401128813e+02 9.473726161785054956e+02 3.860824392303631498e+02 9.361767841093776497e+02 9.263368815769550793e+02 9.472296985178278419e+02 9.467870755758218593e+02 3.091145445547008421e+02 2.998026105030410804e+02 9.477101734114426108e+02 9.533314052578321025e+02 6.424469092227420788e+02 7.510201531830273325e+02 7.599680184348322882e+02 7.614223460669236374e+02 8.767138318693365591e+02 8.576777642270424167e+02 9.171721677252394329e+02 3.902440813049561257e+02 9.756817315417447389e+02 9.376955417684181384e+02 5.560878079168387558e+02 5.416727637058967275e+02 3.597018148964714328e+02 5.611859505991691321e+02 9.503066998212453882e+02 6.388048354514586435e+02 8.257043705974657541e+02 6.146106704452756730e+02 7.458450972044553282e+02 5.660381391707564944e+02 7.041056771257294713e+02 8.375658431675863085e+02 7.924839909680399614e+02 8.809798138996476382e+02 7.182958836028265068e+02 6.109330993359122886e+02 7.897318741926036409e+02 3.883516308225875946e+02 5.526114578697987554e+02 6.472913548409441091e+02 6.896167535850864851e+02 8.412745400311822550e+02 3.928739969122316325e+02 4.576256096486710021e+02 7.314862396082949090e+02 4.492653978911949935e+02 5.436006531483535582e+02 5.043311211940751946e+02 8.758254152598527753e+02 7.368066302362509532e+02 6.041082010573262551e+02 6.350326792360680201e+02 7.112739739343517158e+02 1.189553861805916767e+03 6.255646798091268010e+02 7.197656991107651265e+02 1.114922212043234595e+03 6.548664911681307785e+02 6.343390604709902618e+02 3.175669797809695751e+02 7.670133796027905646e+02 4.198188802094280163e+02 5.301012311428410158e+02 4.186068174990688817e+02
4.579411764705882888e+02 3.755768675065353364e+02 3.075849161497445152e+02 4.322812505207419917e+02 4.288973656366375167e+02 2.907337557305834821e+02 2.464246361266704639e+02 5.155403724262586138e+02 5.637348226089280843e+02 8.506540751744954605e+02 8.630922616816228583e+02 3.456301542903027553e+02 8.527420348303115816e+02 8.434166212819893644e+02 8.630229366591076996e+02 8.626141303634225324e+02 2.756718795312758061e+02 2.672431093129221722e+02 8.633748730496531607e+02 8.685933548809388185e+02 5.779307170768328206e+02 6.820917011093395104e+02 6.903622049948185122e+02 6.917121642990832697e+02 7.935474663547582850e+02 7.811288575589238690e+02 8.360287531353683335e+02 3.481502508899631039e+02 8.902549442867780272e+02 8.544952492221536886e+02 5.009840286883865019e+02 4.884780197167067399e+02 3.214420754029198406e+02 5.061625562565502037e+02 8.669487420446644137e+02 5.744093713604625009e+02 7.510982040115385416e+02 5.522449264433807912e+02 6.769573371876975898e+02 5.081088714037828140e+02 6.393538551681551780e+02 7.621225020687890037e+02 7.152820109001613673e+02 7.973908729086772382e+02 6.475897987267388771e+02 5.507282551925688949e+02 7.125214966928750755e+02 3.482484572934374114e+02 4.983680511219036475e+02 5.855709370583223290e+02 6.257919131524225804e+02 7.652615373626176734e+02 3.518635273162604449e+02 4.103135897781440917e+02 6.601799491100940713e+02 4.038186752913209148e+02 4.898520389111151303e+02 4.543414402729774793e+02 7.949782929268159251e+02 6.683956681222033467e+02 5.460849680808740914e+02 5.753844764234145259e+02 6.457656046070849243e+02 1.091929089428695079e+03 5.626879095279590501e+02 6.505879274134579191e+02 1.016097863592619206e+03 5.893978444618990125e+02 5.707322348575694377e+02 2.835924324215958450e+02 6.965187963397775093e+02 3.764662382893433232e+02 4.755340662709114099e+02 3.752313192193649343e+02
4.588235294117646959e+02 3.367101822614150137e+02 2.742391836871888131e+02 3.885082908987181440e+02 3.853919605976704474e+02 2.591710033505045772e+02 2.188066319816560394e+02 4.647847608511606836e+02 5.091898556657926633e+02 7.734844612349079398e+02 7.850073848413250062e+02 3.089246587007750691e+02 7.754573093446392704e+02 7.666488555219559657e+02 7.849994928824260114e+02 7.846226328994140431e+02 2.454602922936867913e+02 2.378450674661541484e+02 7.852418530230855822e+02 7.900764001166870685e+02 5.190576317885471553e+02 6.184708534161385387e+02 6.260999195776784063e+02 6.273502674101883940e+02 7.170987009426274881e+02 7.102346684954536613e+02 7.608004927244825240e+02 3.101074839715794838e+02 8.109576278115702053e+02 7.773867759897348151e+02 4.506124530468002831e+02 4.397949202557862236e+02 2.867973658993191748e+02 4.557955777955544363e+02 7.895886426895555132e+02 5.156758828644846062e+02 6.821054855687748386e+02 4.954120808747118758e+02 6.134233857648016510e+02 4.553786833588591207e+02 5.796026540151409563e+02 6.923294025971650854e+02 6.445547415554591453e+02 7.205557297974208950e+02 5.829002006050274076e+02 4.956542678923857466e+02 6.418190789769230378e+02 3.117883083198834697e+02 4.487222150678631465e+02 5.288726404510819066e+02 5.669422292728091861e+02 6.949678356667343451e+02 3.146327044792374750e+02 3.673062028691817318e+02 5.948593818972929057e+02 3.623868776838684767e+02 4.407052961763245094e+02 4.086465027555262282e+02 7.204092309811197765e+02 6.053422563832128844e+02 4.928319759011267820e+02 5.204864908325815804e+02 5.853273102269762376e+02 1.000627174208098609e+03 5.053175517052836199e+02 5.871027808668064836e+02 9.244981301683537822e+02 5.296204565197073180e+02 5.126775970586996891e+02 2.528526059409688287e+02 6.314635325517875799e+02 3.370518064935983489e+02 4.259027071522884853e+02 3.358142154577260499e+02
4.597058823529412166e+02 3.013887172932458611e+02 2.441273803575074623e+02 3.486128378539115147e+02 3.457494040650372540e+02 2.306748001717746774e+02 1.939841343249145780e+02 4.183551024690697773e+02 4.591826634585169700e+02 7.021662488145900625e+02 7.128194801506720069e+02 2.756842173094960913e+02 7.040243943351885036e+02 6.957306439849228354e+02 7.128622144102972698e+02 7.125154509353785670e+02 2.182200987813649817e+02 2.113524452263480384e+02 7.130119681237591749e+02 7.174817124468538623e+02 4.654421462097103586e+02 5.598738085883867370e+02 5.668972949103010706e+02 5.680529095776729491e+02 6.469713496584728318e+02 6.447196071533383019e+02 6.912080061179727863e+02 2.757921507877165936e+02 7.375112828611144096e+02 7.060793609666578732e+02 4.046600816671729035e+02 3.953316850230123123e+02 2.554870675411922889e+02 4.097850822020393480e+02 7.179519747768788420e+02 4.622140630239932193e+02 6.184408944452361538e+02 4.437248088182120114e+02 5.549512897154465918e+02 4.074764233765508834e+02 5.245830102927307053e+02 6.279023291863152281e+02 5.798919709294704035e+02 6.500758249292080109e+02 5.238356701754529468e+02 4.453764012835073913e+02 5.772084799344363546e+02 2.787058132388249305e+02 4.033769666843617756e+02 4.768959945887978620e+02 5.127946919302728475e+02 6.301027313362371842e+02 2.808996055066410236e+02 3.282890710027591581e+02 5.351446671903862580e+02 3.246909671501562116e+02 3.958576902526802996e+02 3.669620410606146379e+02 6.517764728042217257e+02 5.473495339561013679e+02 4.440581026537555545e+02 4.700663474675644693e+02 5.296850240903715985e+02 9.154337670324374585e+02 4.530766390408804227e+02 5.289622231055390102e+02 8.397794522674419113e+02 4.751496910463189352e+02 4.597972009839554062e+02 2.250933733738378635e+02 5.715554710599283226e+02 3.012887121307003326e+02 3.808501556538333261e+02 3.000649757743045711e+02
4.605882352941176805e+02 2.693518656576608805e+02 2.169875742946920809e+02 3.123234620710966283e+02 3.096982144198868241e+02 2.049960853523348305e+02 1.717157601709348569e+02 3.759683045615077503e+02 4.134291400699213455e+02 6.363955363949727371e+02 6.462249843874415092e+02 2.456396755148391833e+02 6.381403113157443840e+02 6.303549118736224273e+02 6.463087937910796654e+02 6.459903096931594746e+02 1.937054479917472065e+02 1.875230928091512510e+02 6.463810494111619391e+02 6.505052595712445509e+02 4.167111314539506566e+02 5.060163467251023803e+02 5.124697784462565551e+02 5.135356029407114420e+02 5.827741184044202782e+02 5.843038930463511633e+02 6.269663206265789768e+02 2.448976086317917975e+02 6.696301430665756698e+02 6.402768934257966293e+02 3.628226315134248239e+02 3.548037832424595877e+02 2.272442473122187039e+02 3.678384287999422213e+02 6.517574560380380717e+02 4.136466040896421532e+02 5.598165705609399083e+02 3.968094679760275199e+02 5.012494886251193407e+02 3.640449995298742465e+02 4.740257026304799410e+02 5.685541017790422984e+02 5.208925522305232789e+02 5.855575528818429802e+02 4.700148280541492909e+02 3.995686281392495403e+02 5.182832661937159173e+02 2.487463545877727142e+02 3.620426545394694813e+02 4.293448301222218220e+02 4.630769027449304076e+02 5.703729376890664753e+02 2.503945977514529488e+02 2.929606606346889066e+02 4.806644126951853195e+02 2.904614968304289846e+02 3.550146997543710086e+02 3.290117299303028062e+02 5.887386334562976344e+02 4.941217136744438676e+02 3.994771836637392539e+02 4.238539690190837632e+02 4.785647043703780810e+02 8.361178262725742343e+02 4.056004155639682835e+02 4.758242285596684837e+02 7.615917491997338402e+02 4.256127162822892274e+02 4.117250598009270561e+02 2.000733951080528357e+02 5.165022427369610796e+02 2.689017065155626369e+02 3.400335476580422096e+02 2.677051238099091393e+02
4.614705882352940876e+02 2.403499651654281308e+02 1.925721139124150909e+02 2.793784077438340319e+02 2.769767266996863668e+02 1.818994644072894857e+02 1.517752822038839895e+02 3.373488625292370671e+02 3.716511157883684859e+02 5.758668436230564112e+02 5.849183647821741943e+02 2.185350988100687744e+02 5.775003732146120683e+02 5.702134707569924785e+02 5.850348625732430037e+02 5.847428802964063834e+02 1.716845710828625897e+02 1.661289604916722453e+02 5.850429983834803807e+02 5.888409156498388484e+02 3.725054297089284887e+02 4.566162430646596704e+02 4.625345773901499342e+02 4.635155738909053298e+02 5.241232866559071226e+02 5.287063561937884515e+02 5.677878669306052188e+02 2.171345523026906505e+02 6.070243559056133336e+02 5.796809766129915715e+02 3.248060109783649523e+02 3.179354314557233465e+02 2.018161275948262698e+02 3.296718285896989187e+02 5.907200428604709259e+02 3.696107401852361249e+02 5.059448017769439616e+02 3.543075188614767512e+02 4.520291952293176791e+02 3.247426054446576131e+02 4.276636187023872253e+02 5.139972947755233008e+02 4.671666538214659568e+02 5.266149544623642669e+02 4.210682934995791697e+02 3.579152903991820267e+02 4.646489330877203088e+02 2.216668400556028757e+02 3.244384877423438525e+02 3.859292391165310505e+02 4.175192721609864748e+02 5.154853178550896473e+02 2.228610344183284724e+02 2.610331804064969106e+02 4.310577800647878917e+02 2.594396728442022777e+02 3.178914696156297168e+02 2.945285218551312596e+02 5.309575032700390693e+02 4.453664206046992149e+02 3.588098081809343398e+02 3.815835561631380415e+02 4.316946115032975513e+02 7.624352903400056221e+02 3.625378753190465204e+02 4.273549220189813695e+02 6.895820696216054557e+02 3.806501697621818607e+02 3.681087294071758151e+02 1.775644846021815226e+02 4.660136974141727819e+02 2.396279999032592229e+02 3.031252423826093718e+02 2.384690461725166699e+02
4.623529411764706083e+02 2.141450000540394853e+02 1.706478263419786856e+02 2.495265734744857582e+02 2.473340520223038084e+02 1.611633844051980589e+02 1.339514787653051542e+02 3.022302214768097315e+02 3.335779565991863933e+02 5.202758308173873729e+02 5.285948801959478942e+02 1.941282103620205248e+02 5.218009067017193274e+02 5.149996999962344262e+02 5.287367483634691325e+02 5.284695387529239952e+02 1.519398520045439795e+02 1.469561270762766014e+02 5.286925451486429210e+02 5.321832393775900982e+02 3.324810980864835415e+02 4.113953735738255659e+02 4.168128006756893456e+02 4.177139061143557228e+02 4.706449928595293954e+02 4.776469216473403776e+02 5.133851559473492898e+02 1.922311382049162489e+02 5.494028438089850397e+02 5.239936579726719401e+02 2.903275040403932508e+02 2.844608102408620880e+02 1.789643397504650579e+02 2.950116179549307844e+02 5.345537224451674092e+02 3.297594453424883341e+02 4.565403906426732874e+02 3.158766052511557518e+02 4.070064703596555660e+02 2.892436305614728553e+02 3.852337157446276024e+02 4.639466536042511962e+02 4.183376262393853153e+02 4.728720146458732643e+02 3.766402817268063359e+02 3.201124506363886439e+02 4.159247256413651144e+02 1.972362541212367546e+02 2.902937859988608125e+02 3.463672331132185604e+02 3.758569268844049702e+02 4.651492960586570575e+02 1.980557163509561747e+02 2.322332261249287910e+02 3.859761992896665106e+02 2.313781722552465396e+02 2.842139914282543032e+02 2.632557217700364163e+02 4.781004810211915128e+02 4.007967217348170266e+02 3.217848256620698635e+02 3.429952882357542308e+02 3.888072947164421294e+02 6.941324914783849636e+02 3.235529688245223383e+02 3.832303622973847155e+02 6.233978386233712854e+02 3.399174748749541095e+02 3.286105533678771735e+02 1.573517806686812150e+02 4.198040474319483337e+02 2.132178604674256519e+02 2.698136111422682006e+02 2.121045579136992956e+02
4.632352941176470722e+02 1.905110757579315930e+02 1.509960252731867172e+02 2.225282451335591531e+02 2.205307925263002176e+02 1.425801301917067860e+02 1.180478490014581467e+02 2.703558807410201439e+02 2.989478816512037724e+02 4.693216664531562969e+02 4.769529955736194324e+02 1.721906065580162704e+02 4.707416315897636991e+02 4.644108913253834316e+02 4.771138946523108757e+02 4.768697847850186236e+02 1.342677415272709709e+02 1.298046802697697331e+02 4.770276653407146341e+02 4.802299085500105775e+02 2.963103304604820210e+02 3.700815310161472098e+02 3.750312986781800078e+02 3.758573886688768084e+02 4.219771229622729720e+02 4.308487955112781833e+02 4.634731346574083659e+02 1.699329134784768200e+02 4.964758412662582145e+02 4.729198365298792623e+02 2.591166881904791239e+02 2.541250273870050194e+02 1.584650070968291402e+02 2.635952647860029288e+02 4.829739711555660051e+02 2.937623125136666431e+02 4.113227111046815594e+02 2.811913329059582907e+02 3.659039888141591632e+02 2.572392787682093740e+02 3.464787160514096627e+02 4.181211881379531405e+02 3.740434771691827223e+02 4.239645554650296617e+02 3.363898555524911558e+02 2.858689445025389091e+02 3.717450797460242597e+02 1.752360199173661499e+02 2.593489592184484991e+02 3.103861075665623162e+02 3.378313366085320126e+02 4.190789543049074268e+02 1.757491641629534058e+02 2.063021868330673954e+02 3.450847320436404289e+02 2.060417321384720140e+02 2.537200120122402609e+02 2.349478160534561368e+02 4.298426514656381414e+02 3.601328367012517333e+02 2.881405760836035483e+02 3.078367492190697021e+02 3.496412904289306880e+02 6.309492904264473054e+02 2.883254868303640706e+02 3.431380115219357094e+02 5.626897181082078987e+02 3.030858229254712910e+02 2.929085876257441896e+02 1.392337694720824572e+02 3.775937097673652829e+02 1.894349962761430675e+02 2.398035617456397688e+02 1.883732559574249024e+02
4.641176470588235361e+02 1.692347123441071233e+02 1.334123774777029325e+02 1.981556212237507282e+02 1.963395513753162902e+02 1.259556811317485625e+02 1.038822073606392848e+02 2.414802460052588629e+02 2.675090193993484604e+02 4.227090812043272763e+02 4.296964741657847640e+02 1.525078150802811479e+02 4.240277251789252091e+02 4.181502641701982270e+02 4.298709524529169244e+02 4.296483322164454535e+02 1.184785336472885291e+02 1.144884717818209339e+02 4.297516716739613685e+02 4.326838275160324088e+02 2.636820917054646998e+02 3.324099384037216396e+02 3.369242136767987290e+02 3.376800670863859750e+02 3.777708434606914238e+02 3.880403405619713340e+02 4.177712362954918035e+02 1.500025646516596680e+02 4.479571046970217481e+02 4.261693358012665271e+02 2.309160980221740829e+02 2.266848373850087341e+02 1.401086512633149255e+02 2.351721261625775412e+02 4.356999102390496432e+02 2.613061372651944794e+02 3.700174641333951513e+02 2.499437564719058571e+02 3.284525127211562676e+02 2.284379307775596146e+02 3.111485199521855520e+02 3.762459702239843864e+02 3.339380235522529574e+02 3.795417785599247509e+02 2.999918567717123778e+02 2.549071607073209975e+02 3.317607272800644296e+02 1.554601673899592811e+02 2.313562486762321839e+02 2.777235364451555597e+02 3.031916621521630191e+02 3.769948216021541043e+02 1.557256987711720626e+02 1.829964406547918259e+02 3.080631175860278290e+02 1.832075328642687566e+02 2.261597053193576130e+02 2.093710752101027026e+02 3.858685245873634813e+02 3.231035737104744499e+02 2.576258634933091685e+02 2.758640951238049865e+02 3.139425443107393221e+02 5.726219015242947989e+02 2.565516714447783784e+02 3.067778819704737998e+02 5.071140852082252195e+02 2.698428755416047693e+02 2.606972464133133940e+02 1.230221536741026398e+02 3.391108510106989229e+02 1.680567514178058275e+02 2.128168111510745177e+02 1.670506780774879587e+02
4.650000000000000000e+02 1.501149712518120225e+02 1.177066360361965138e+02 1.761931421031175091e+02 1.745452408927670831e+02 1.111094518619198084e+02 9.128619544831438759e+01 2.153692621655452228e+02 2.390202391233693788e+02 3.801501057131656580e+02 3.865361587077011336e+02 1.348791959071019164e+02 3.813715644156518465e+02 3.759286744376489082e+02 3.867195683574667555e+02 3.865168903454411975e+02 1.043960356247393406e+02 1.008347588562321278e+02 3.865749920878605508e+02 3.892549229410965381e+02 2.343024965014808458e+02 2.981245111116638782e+02 3.022342618215732273e+02 3.029245383072221216e+02 3.376917999086211921e+02 3.489566718758736670e+02 3.760051275444797056e+02 1.322195383245593518e+02 4.035658320854543604e+02 3.834586860040612919e+02 2.054816789049857846e+02 2.019091456607430928e+02 1.236999721695563466e+02 2.095039890435615177e+02 3.924561601626782590e+02 2.320952573806318640e+02 3.323581528210976330e+02 2.218436318342956213e+02 2.943921053329233359e+02 2.025652851259278577e+02 2.790013715477114715e+02 3.380536467142509309e+02 2.976917148838867888e+02 3.392674650726664822e+02 2.671375514401855753e+02 2.269635881680345619e+02 2.956394810987693518e+02 1.377153657476391402e+02 2.060802457873249693e+02 2.481284256942607271e+02 2.716958697734696102e+02 3.386253749169146090e+02 1.377833801132155429e+02 1.620873738133635413e+02 2.746065353361456118e+02 1.626654105262138614e+02 2.012961260923426323e+02 1.863039544924032782e+02 3.458734573894561777e+02 2.894474891146399500e+02 2.300006995862932229e+02 2.468429856601694041e+02 2.814655818344648992e+02 5.188854379871866058e+02 2.279445764879960450e+02 2.738634210830179541e+02 4.563351510770215782e+02 2.398931947444423258e+02 2.316876880254301341e+02 1.085416084999611712e+02 3.040926658733159798e+02 1.488741283845104704e+02 1.885919559736411202e+02 1.479262987850207196e+02
4.658823529411765207e+02 1.329634336000839028e+02 1.037022666523883885e+02 1.564376516363658993e+02 1.549452351635695777e+02 9.787392401888632776e+01 8.010472246794097373e+01 1.918008454039402864e+02 2.132517479707501877e+02 3.413655256077443028e+02 3.471914596006830607e+02 1.191177126622324636e+02 3.424941958454193696e+02 3.374660356947943001e+02 3.473798766416307444e+02 3.471956652988635028e+02 9.185714609494758065e+01 8.868376294498690982e+01 3.472166600377984196e+02 3.496616507096652526e+02 2.078949632350716286e+02 2.669788644331233058e+02 2.707137704388376278e+02 2.713429850474747127e+02 3.014210165806823625e+02 3.133409924125064094e+02 3.379081849247085643e+02 1.163795341245908901e+02 3.630282836025942288e+02 3.445126108386386363e+02 1.825830310986078189e+02 1.795793321463227414e+02 1.090575153952954111e+02 1.863654112690921636e+02 3.529744103294738693e+02 2.058516592638743532e+02 2.980872919910049745e+02 1.966184516149764647e+02 2.634730911499006538e+02 1.793642962583612643e+02 2.498047962540087497e+02 3.032856869845244319e+02 2.649921888187263335e+02 3.028208758512478198e+02 2.375350293631707927e+02 2.017891385345272965e+02 2.630667472515874579e+02 1.218208109271921842e+02 1.832982219298648943e+02 2.213615328238196867e+02 2.431116041517256008e+02 3.037082747740159903e+02 1.217338038446140018e+02 1.433612447562322814e+02 2.444261084515576101e+02 1.442179020046532685e+02 1.789054749594870373e+02 1.655373218619385511e+02 3.095647913950324437e+02 2.589138026566799340e+02 2.050368308236261043e+02 2.205493070950325318e+02 2.519744425642639385e+02 4.694761737544533275e+02 2.022342014310953573e+02 2.441221312839517736e+02 4.100267365211922765e+02 2.129584462016173063e+02 2.056079820895560317e+02 9.562944364598959623e+01 2.722863961619153770e+02 1.316916737154089105e+02 1.668843581230981385e+02 1.308033863590348460e+02
4.667647058823529278e+02 1.176040572789455609e+02 9.123599214387795087e+01 1.386984145130514037e+02 1.373493700066898100e+02 8.609420288455140735e+01 7.019534832791822510e+01 1.705651365424465666e+02 1.899855126392399143e+02 3.060860609090184994e+02 3.113915751292698815e+02 1.050496037489878063e+02 3.071265210012977036e+02 3.024924679099806326e+02 3.115817189556302651e+02 3.114145686220005018e+02 8.071135591034804690e+01 7.788816176465535079e+01 3.114055270963185649e+02 3.136322236772045926e+02 1.842001661276936488e+02 2.387370983409603298e+02 2.421254836857725081e+02 2.426979880130606375e+02 2.686555205893621974e+02 2.809456699346423534e+02 3.032227055739350590e+02 1.022939074325880995e+02 3.260791298207736872e+02 3.090652505953642049e+02 1.620034902722162258e+02 1.594893930698832492e+02 9.601323598733650044e+01 1.655438852948572617e+02 3.169947312982734502e+02 1.823148957734047428e+02 2.669573795431047074e+02 1.740132942220909342e+02 2.354567914283236973e+02 1.585949535896850477e+02 2.233363215324565658e+02 2.716933816613768613e+02 2.355445753400607032e+02 2.698973793667998393e+02 2.109093766775380914e+02 1.791492835348946073e+02 2.337457933669510908e+02 1.076080084621914494e+02 1.628002816244388100e+02 1.971958946776017854e+02 2.172168542717309379e+02 2.719913502940702301e+02 1.074017995349019401e+02 1.266189113890766151e+02 2.172491767208056501e+02 1.276801631822557823e+02 1.587771927245439372e+02 1.468745267967526331e+02 2.766627202680143114e+02 2.312630861317056485e+02 1.825180878054162292e+02 1.967696872280146465e+02 2.252434037270961369e+02 4.241335100340161262e+02 1.791674464793823347e+02 2.172959811356209059e+02 3.678737349109808292e+02 1.887774079633919087e+02 1.822030823921339788e+02 8.413517830264123631e+01 2.434501224465363123e+02 1.163272407899484051e+02 1.474658787756851552e+02 1.154987354956815153e+02
4.676470588235293917e+02 1.038729277913193698e+02 8.015725840957196624e+01 1.227970016246850804e+02 1.215798172293209376e+02 7.562750859806047288e+01 6.142763202300965730e+01 1.514645961595535368e+02 1.690154918973389613e+02 2.740533005892484084e+02 2.788764518199613462e+02 9.251396083741461496e+01 2.750102395048344874e+02 2.707491969254627406e+02 2.790656170958499160e+02 2.789141953974020112e+02 7.082019944922899413e+01 6.831252476927544137e+01 2.788812292805256448e+02 2.809055893710525993e+02 1.629758286213221936e+02 2.131743694622963403e+02 2.162431560750762571e+02 2.167631260076087756e+02 2.391087210056055881e+02 2.515330938543563661e+02 2.717008744578496362e+02 8.978900564162277931e+01 2.924625571566794520e+02 2.768611311388272043e+02 1.435400621670223984e+02 1.414459457814802192e+02 8.441200228642601644e+01 1.468398558088688333e+02 2.842666241022104145e+02 1.612418376954599069e+02 2.387316358668940666e+02 1.537905165591081982e+02 2.101160537875656473e+02 1.400339139863067714e+02 1.993840023511478421e+02 2.430386208687405372e+02 2.090715844782720865e+02 2.402088299500618973e+02 1.870026511484099103e+02 1.588240287758739839e+02 2.073977955858421751e+02 9.492045741209022935e+01 1.443893674413354518e+02 1.754170682518583249e+02 1.938004314747086880e+02 2.432333583846607610e+02 9.462502692687246508e+01 1.116754526572432553e+02 1.928193727588492266e+02 1.128797677676898843e+02 1.407139088466364285e+02 1.301313350737671328e+02 2.469009107994640715e+02 2.062677510683455182e+02 1.622405522637614013e+02 1.753018405844604217e+02 2.010574981006722624e+02 3.826016919168964705e+02 1.585078920497876140e+02 1.931415984879457994e+02 3.295732748574994275e+02 1.671057937091753445e+02 1.612346347959581294e+02 7.392005594945632652e+01 2.173533406654900091e+02 1.026116465964415596e+02 1.301244774425028652e+02 1.018423039877559120e+02
4.685294117647059124e+02 9.161792172465376893e+01 7.032766297534411137e+01 1.085670726228752159e+02 1.074708543783311256e+02 6.634262016435795317e+01 5.368245553292821626e+01 1.343139680326109158e+02 1.501477283742743793e+02 2.450204067465873550e+02 2.493975234210868450e+02 8.136224130957641876e+01 2.458985636027882435e+02 2.419892348620806501e+02 2.495835115918127372e+02 2.494465583086533229e+02 6.205666175016204278e+01 5.983271501865797859e+01 2.493949210115332278e+02 2.512321764810239131e+02 1.439963699561070598e+02 1.900772886196609761e+02 1.928519711302887742e+02 1.933233930677941146e+02 2.125105817900609111e+02 2.248763213189674843e+02 2.431055172911717364e+02 7.870543942166898432e+01 2.619331294335934786e+02 2.476559139818648703e+02 1.270032210366326666e+02 1.252681041235325665e+02 7.411103101841514729e+01 1.300665995979156548e+02 2.545498605556336429e+02 1.424062846918073717e+02 2.131845476953087939e+02 1.357293213674726928e+02 1.872355974820218023e+02 1.234740244801500211e+02 1.777467805252522055e+02 2.170944634773691746e+02 1.853134094746473295e+02 2.134837382407105792e+02 1.655736947483667052e+02 1.406077424880837725e+02 1.837617031427422774e+02 8.361326436169782994e+01 1.278811400471429636e+02 1.558232200582331188e+02 1.726622739445529078e+02 2.172045336808319007e+02 8.325351202962839636e+01 9.835970267860224681e+01 1.708965264493929226e+02 9.965640779918106773e+01 1.245312653970368331e+02 1.151357476600513365e+02 2.200269209104742743e+02 1.837123539008774458e+02 1.440125941620352137e+02 1.559547617614794603e+02 1.792128655225443765e+02 3.446312609115050805e+02 1.400354518241229016e+02 1.714303116074781883e+02 2.948356135426151354e+02 1.477159439067497999e+02 1.424806395834982879e+02 6.485651362884752302e+01 1.937773572881971234e+02 9.038825715006613848e+01 1.146637145911605273e+02 8.967676798234886348e+01
4.694117647058823195e+02 8.069830689968812010e+01 6.162033641654360849e+01 9.585406404304652028e+01 9.486855023876744042e+01 5.811928450795107892e+01 4.685133450627562723e+01 1.189401222189432588e+02 1.332003089092224286e+02 2.187526165883764975e+02 2.227182411780444227e+02 7.145772733983316982e+01 2.195567289215913718e+02 2.159778527342491543e+02 2.228992955924688601e+02 2.227756259066374298e+02 5.430455981850170133e+01 5.233526554724173252e+01 2.227097991420318408e+02 2.243744327061472745e+02 1.270524336066655451e+02 1.692441468745853399e+02 1.717487779577056699e+02 1.721754435212024532e+02 1.886076019013696907e+02 2.007595318518603449e+02 2.172106487699003878e+02 6.889733014180048087e+01 2.342564412624001022e+02 2.212169381923507672e+02 1.122166072257479783e+02 1.107872455290482065e+02 6.497928767897634827e+01 1.150499968951987597e+02 2.276151066376943959e+02 1.255984665969576355e+02 1.901022309693900070e+02 1.196252123503251568e+02 1.666121978534708319e+02 1.087237476743821816e+02 1.582346828683957938e+02 1.936455257007437751e+02 1.640274687690269104e+02 1.894672512865030853e+02 1.463978092996074736e+02 1.243088679624067510e+02 1.625939509685269968e+02 7.355269202467000866e+01 1.131037392574565246e+02 1.382250751409703753e+02 1.536136073056342468e+02 1.936869576837080160e+02 7.314911860824207679e+01 8.651371044454707260e+01 1.512564190101840040e+02 8.786152297238972153e+01 1.100576404580671266e+02 1.017277254732054388e+02 1.958024177012655684e+02 1.633937402292636989e+02 1.276547755653444511e+02 1.385487744870690108e+02 1.595169487915002264e+02 3.099802702060602542e+02 1.235459057339699172e+02 1.519480224318583339e+02 2.633847937058108641e+02 1.303963882863500316e+02 1.257350088035159672e+02 5.682761506884739333e+01 1.725155097576753747e+02 7.951249947426514098e+01 1.009021648090795793e+02 7.885701459753934728e+01
4.702941176470587834e+02 7.098427640280610262e+01 5.391930313426240673e+01 8.451481121999297841e+01 8.363037038566088199e+01 5.084760350655876238e+01 4.083572742500225417e+01 1.051818044488802570e+02 1.180032069166130242e+02 1.950275637120987255e+02 1.986144079138410916e+02 6.267494549593083519e+01 1.957623172295812992e+02 1.924928683144128740e+02 1.987891638931156706e+02 1.986776624076635471e+02 4.745790645254998452e+01 4.571674129715624701e+01 1.986014461585789661e+02 2.001071740508448897e+02 1.119503296369594523e+02 1.504849968274074001e+02 1.527421927723237900e+02 1.531276935531092249e+02 1.671626371353680724e+02 1.789783197901094240e+02 1.938018366435673272e+02 6.023152600861602224e+01 2.092095817397126893e+02 1.973235694822589892e+02 9.901663990397361204e+01 9.784669248611758974e+01 5.689685496754486138e+01 1.016282141764071696e+02 2.032443575798167501e+02 1.106244504219932310e+02 1.692826276678075033e+02 1.052893680914998100e+02 1.480547273752935382e+02 9.560651281374987320e+01 1.406688856039533562e+02 1.724882005538906071e+02 1.449880111193414223e+02 1.679209693636562690e+02 1.292663062520105939e+02 1.097495378185477364e+02 1.436680302008982721e+02 6.461566510020014675e+01 9.989746673833367652e+01 1.224457527878799397e+02 1.364769634646392262e+02 1.724747613314987689e+02 6.418498203102159039e+01 7.599215005990608063e+01 1.336904166232337730e+02 7.735785851100082766e+01 9.713377587019077453e+01 8.975882964419727728e+01 1.740032262749161305e+02 1.451210486566653231e+02 1.129996457274411767e+02 1.229154645124580156e+02 1.417885445816632171e+02 2.784152751178936001e+02 1.088503466739015124e+02 1.344949628052141577e+02 2.349590700577048210e+02 1.149513094344912076e+02 1.108070160275686646e+02 4.972646176049480005e+01 1.533732422254489620e+02 6.985132565687682416e+01 8.867276352358634028e+01 6.924958579735465491e+01
4.711764705882353041e+02 6.235644990384766118e+01 4.711882939278530102e+01 7.441710478947565832e+01 7.362473198260963159e+01 4.442741001392168698e+01 3.554635022804434641e+01 9.288929572508929766e+01 1.043980282513558393e+02 1.736354220251282641e+02 1.768743635136394232e+02 5.489905996606080407e+01 1.743054202411108804e+02 1.713247790494786500e+02 1.770417866385916170e+02 1.769414121130500064e+02 4.142026967632687473e+01 3.988309788296138692e+01 1.768579989146069522e+02 1.782177675463551623e+02 9.851139403903260927e+01 1.336216105681731676e+02 1.356525669551373880e+02 1.360002911671670063e+02 1.479545847606116240e+02 1.593398282798211198e+02 1.726764089537342386e+02 5.258681256708665330e+01 1.865814229292961954e+02 1.757674014018980984e+02 8.725205292215822794e+01 8.630131935075004890e+01 4.975428536145395952e+01 8.965130338649619546e+01 1.812312056793304293e+02 9.730547333755531270e+01 1.505355598931240309e+02 9.254795223169817575e+01 1.313840686871384378e+02 8.396001996038852155e+01 1.248816646968497110e+02 1.534307399774203020e+02 1.279856142281728637e+02 1.486226288446139847e+02 1.139859689034723687e+02 9.676510531409496707e+01 1.267739558076385151e+02 5.668924108481519397e+01 8.811438313619765950e+01 1.083204966615087415e+02 1.210860969963185028e+02 1.533741840718604692e+02 5.624491389134374941e+01 6.666168869030168764e+01 1.180049984885687309e+02 6.801897890901645383e+01 8.561234489009649451e+01 7.909180674814892598e+01 1.544192374137703041e+02 1.287155950754630567e+02 9.989144891921151270e+01 1.088975158922417705e+02 1.258577469621914844e+02 2.497121165309742423e+02 9.577455176803958636e+01 1.188853424171212936e+02 2.093111472135795736e+02 1.011999279005664931e+02 9.752068585799489142e+01 4.345559214779940760e+01 1.361680509749707539e+02 6.128264150734415949e+01 7.782211314881985231e+01 6.073208830257479462e+01
4.720588235294117112e+02 5.470534254003406005e+01 4.112276745106766640e+01 6.543920820102013636e+01 6.473051402721779368e+01 3.876764174825297005e+01 3.090250542106322484e+01 8.192401754409328873e+01 9.223768816623609723e+01 1.543789317606112661e+02 1.572990069495530463e+02 4.802525225601262804e+01 1.549886550530650595e+02 1.522767489359687829e+02 1.574583528337958285e+02 1.573681315105104375e+02 3.610413363506871320e+01 3.474904522428351328e+01 1.572801828372991793e+02 1.585061663013935913e+02 8.657129547905429945e+01 1.184873272709708374e+02 1.203118477677332550e+02 1.206249802807891740e+02 1.307779593277615220e+02 1.416627611935723223e+02 1.536435220859972617e+02 4.585312451880777473e+01 1.661727535358578507e+02 1.563522943765960065e+02 7.678337923447051594e+01 7.601710211691693075e+01 4.345194817224743389e+01 7.898074869553302335e+01 1.613809698937835719e+02 8.547722844756749794e+01 1.336826702929259909e+02 8.124137455101408989e+01 1.164329277960756173e+02 7.363549793397818632e+01 1.107162384240063346e+02 1.362932006510670817e+02 1.128265926023553760e+02 1.313656726072226490e+02 1.003784380990197036e+02 8.520361376607762338e+01 1.117176508848675525e+02 4.967005997337346912e+01 7.761785669023741718e+01 9.569633509403308835e+01 1.072857926531651174e+02 1.362035017250166788e+02 4.922278976547967488e+01 5.840033174274643102e+01 1.040212067999511447e+02 5.972874589244316468e+01 7.535745847327636682e+01 6.960011538067104198e+01 1.368541911852747432e+02 1.140106536352651858e+02 8.818576135704486774e+01 9.634845482211274259e+01 1.115657799023209691e+02 2.236565211672967450e+02 8.415830036365956346e+01 1.049469058715194905e+02 1.862082465103082143e+02 8.897583777606456579e+01 8.571411430105540319e+01 3.792637854241871764e+01 1.207293224380975687e+02 5.369471209673550760e+01 6.820974899941012382e+01 5.319258194306299004e+01
4.729411764705882888e+02 4.793086828365185426e+01 3.584394670646064895e+01 5.746940398672691686e+01 5.683659799234558108e+01 3.378575891496949168e+01 2.683146177007665045e+01 7.215815437610488914e+01 8.138610132920244666e+01 1.370734156457869517e+02 1.397018487618528866e+02 4.195814183889982729e+01 1.376272009356335388e+02 1.351646187223236382e+02 1.398526176174077591e+02 1.397716436725504252e+02 3.143030655440664134e+01 3.023745674619039647e+01 1.396813518224191171e+02 1.407849655796845525e+02 7.597938921969401349e+01 1.049269193633956121e+02 1.065634506062536246e+02 1.068449750161224756e+02 1.154424925641794459e+02 1.257774039970905875e+02 1.365242374296468597e+02 3.993081272400985426e+01 1.477964347397083316e+02 1.388944451740712509e+02 6.748246831187276484e+01 6.687069692431502688e+01 3.789942081634578841e+01 6.948903583310539034e+01 1.435108234757138632e+02 7.498919242689798637e+01 1.185573649578082609e+02 7.122360084374858502e+01 1.030456645360694665e+02 6.449701519922247428e+01 9.802663363040470301e+01 1.209074188451754139e+02 9.933244354073512739e+01 1.159588489901666577e+02 8.827963531033354627e+01 7.492530185938657894e+01 9.832036255217978749e+01 4.346382997590519182e+01 6.828213244438775575e+01 8.443175336195514546e+01 9.493170045923497469e+01 1.207929818069691805e+02 4.302197762058212760e+01 5.109681027415921761e+01 9.157413309118081202e+01 5.238082854037206459e+01 6.624420571601595498e+01 6.116748751659882544e+01 1.211254798876856711e+02 1.008512570478163326e+02 7.774914828915365206e+01 8.513241892816202494e+01 9.876485113148645212e+01 2.000447116719249436e+02 7.385473863155175422e+01 9.252052491615656038e+01 1.654321822317445196e+02 7.812636760210911291e+01 7.523884356522366090e+01 3.305846612726818989e+01 1.068981857177921029e+02 4.698560541687595560e+01 5.970745945653843023e+01 4.652900849666103511e+01
4.738235294117646959e+02 4.194158136737478060e+01 3.120338005980500995e+01 5.040522199337898002e+01 4.984109458531719383e+01 2.940698904623341292e+01 2.326770578369441722e+01 6.347387724690357658e+01 7.171742041605938311e+01 1.215460598457098200e+02 1.239082905055091430e+02 3.661098374677712997e+01 1.220480795908239742e+02 1.198161618710586964e+02 1.240501876266566654e+02 1.239776208057276818e+02 2.732716937282309644e+01 2.627862835095672622e+01 1.238867706792375714e+02 1.248786819097435199e+02 6.659764788633623311e+01 9.279587384933309124e+01 9.426154737524433358e+01 9.451425199499266228e+01 1.017720944377912957e+02 1.115249585964563579e+02 1.211508549146565628e+02 3.472971019632355194e+01 1.312767441356990901e+02 1.232216844938848226e+02 5.923162798081629177e+01 5.874864725579442393e+01 3.301468392721611167e+01 6.105883929135733013e+01 1.274491550791984764e+02 6.570354124887330727e+01 1.050041152353016969e+02 6.236107146387188038e+01 9.107754845173305114e+01 5.642043776007183453e+01 8.667700377271353318e+01 1.071163089193832718e+02 8.733874108528787872e+01 1.022251617909036980e+02 7.753869665887394547e+01 6.580168899992294484e+01 8.641753942146321776e+01 3.798457810455532524e+01 5.999152576034104101e+01 7.439590083890803385e+01 8.388963843168997414e+01 1.069841601130375750e+02 3.755453732939977129e+01 4.464969275248746783e+01 8.051188766143900466e+01 4.587792643622429267e+01 5.815782536407837711e+01 5.368714944151312096e+01 1.070632770890177454e+02 8.909343629938146591e+01 6.845838886467909390e+01 7.512344741203662579e+01 8.731745776622346966e+01 1.786829867684321584e+02 6.472933377029065127e+01 8.145926868313307523e+01 1.467785473702284662e+02 6.851152470981915599e+01 6.595881437862715302e+01 2.877904115518832029e+01 9.452677695597765251e+01 4.106238217873565333e+01 5.219827903856993601e+01 4.064836925825635916e+01
4.747058823529412166e+02 3.665437852506963168e+01 2.712984755456758279e+01 4.415319880546733344e+01 4.365109733444709406e+01 2.556392836198478591e+01 2.015249960573523325e+01 5.576320377612409374e+01 6.311597732915606684e+01 1.076362814429430159e+02 1.097560104043082276e+02 3.190528972491020809e+01 1.080905246221710883e+02 1.060714329204558481e+02 1.098889144696868811e+02 1.098239755210096718e+02 2.373026464460826546e+01 2.280986559882843778e+01 1.097340021603303910e+02 1.106241502938005539e+02 5.830030282580712964e+01 8.196054175587305224e+01 8.327122415286125090e+01 8.349770379713457658e+01 8.960479711575906947e+01 9.875787313518060273e+01 1.073673257944760451e+02 3.016862547838035979e+01 1.164498813595850493e+02 1.091738832759853750e+02 5.192338260765416891e+01 5.154719128033656261e+01 2.872371015176143061e+01 5.358283099476049927e+01 1.130360417901932664e+02 5.749477111145107955e+01 9.287870402064507402e+01 5.453229786284229164e+01 8.039486602716712582e+01 4.929300945111629062e+01 7.654175325928157747e+01 9.477413444929220532e+01 7.669490883122797698e+01 9.000181872471941347e+01 6.801770338391968096e+01 5.771534098039134619e+01 7.585857943935943126e+01 3.315432730178600451e+01 5.264022982016447827e+01 6.546852521140833403e+01 7.403568102001433715e+01 9.463010231925258608e+01 3.274084967661344336e+01 3.896699907055877787e+01 7.069539210323181067e+01 4.013148755104532484e+01 5.099348060819693984e+01 4.706160071788539767e+01 9.451066959179513560e+01 7.860429666583009123e+01 6.020037820965629294e+01 6.620549366910202593e+01 7.709650543140584489e+01 1.593887632329423241e+02 5.665951931313391299e+01 7.162828348463092709e+01 1.300571915404672438e+02 6.000365509375600226e+01 5.775002081013344224e+01 2.502244869426379381e+01 8.347837510848427200e+01 3.584074703322409050e+01 4.557606485817741770e+01 3.546636261687460490e+01
4.755882352941176805e+02 3.199379398930802054e+01 2.355918068794139941e+01 3.862814991912522800e+01 3.818195375438857297e+01 2.219586098005246555e+01 1.743321927781000369e+01 4.892724973361170981e+01 5.547553939198877515e+01 9.519497607467738476e+01 9.709422399032729345e+01 2.777009561807912164e+01 9.560524093945157631e+01 9.378200400012879356e+01 9.721815340856191767e+01 9.716012495396786619e+01 2.058162339097868454e+01 1.977482152107158342e+01 9.707215723844210231e+01 9.786977651535009670e+01 5.097284159566822126e+01 7.229741216295734318e+01 7.346776013730854515e+01 7.367042344896034933e+01 7.879173879169800898e+01 8.733915728381673205e+01 9.502855259202858917e+01 2.617450386547373853e+01 1.031632764922557612e+02 9.660222371494432991e+01 4.545966001752986330e+01 4.517150529907599577e+01 2.495973546163226686e+01 4.696290232180748347e+01 1.001225749928878344e+02 5.024868191585887445e+01 8.204750909655126634e+01 4.762685362455262350e+01 7.087417865204029965e+01 4.301238558301089654e+01 6.750485398323810671e+01 8.374579709351731083e+01 6.726315851847554939e+01 7.913920288159442862e+01 5.959066571600699547e+01 5.055900045426393774e+01 6.650575228598047772e+01 2.890240561876558090e+01 4.613154400785222720e+01 5.753919674431991638e+01 6.525546375946288435e+01 8.359466520911668397e+01 2.850888352903240275e+01 3.396538251156915322e+01 6.199739280579753853e+01 3.506098196457912053e+01 4.465547263583349746e+01 4.120187599604181372e+01 8.332278965720485076e+01 6.926126261695362984e+01 5.287137511604340290e+01 5.827172544615391558e+01 6.798460999682546912e+01 1.419900891819447679e+02 4.953371461487621019e+01 6.290389348347993348e+01 1.150913704726894622e+02 5.248644313524767568e+01 5.049952736618513427e+01 2.172953259465890952e+01 7.362666225220928595e+01 3.124430189584658635e+01 3.974456756731702711e+01 3.090662789057051896e+01
4.764705882352940876e+02 2.789148520177996105e+01 2.043371215009623754e+01 3.375265551905065564e+01 3.335674946383080197e+01 1.924823510838083962e+01 1.506283388024354153e+01 4.287572968512516525e+01 4.869883567011354586e+01 8.408416635698655739e+01 8.578333399736334286e+01 2.414140852856202812e+01 8.445405019647138545e+01 8.281059997201786871e+01 8.589842323007695768e+01 8.584664291105933387e+01 1.782924348568901607e+01 1.712298014546362523e+01 8.576155186524798069e+01 8.647519813249188303e+01 4.451129146972584039e+01 6.369271269045785289e+01 6.473622947071270062e+01 6.491730599964657245e+01 6.919651731974958864e+01 7.714205131951639771e+01 8.400008646584562655e+01 2.268177797901997295e+01 9.127531639820620057e+01 8.536887354312555942e+01 3.975122365609513508e+01 3.953518407916998001e+01 2.166270159586093058e+01 4.110963202403881667e+01 8.857057933496405155e+01 4.386164856662037437e+01 7.238713335472269250e+01 4.154464390850387190e+01 6.240189521365157077e+01 3.748592470996263870e+01 5.945946008461282162e+01 7.390647344832704846e+01 5.891777303375744879e+01 6.950022661466482532e+01 5.214282274205872625e+01 4.423498683781492957e+01 5.823346583010945210e+01 2.516493418786320291e+01 4.037734628460375319e+01 5.050681338029634304e+01 5.744378049690107702e+01 7.375212546391672674e+01 2.479364470655354324e+01 2.956952120747292057e+01 5.430179614631509821e+01 3.059337770499600495e+01 3.905669394794227856e+01 3.602702876769073015e+01 7.336631319185408984e+01 6.095163204935979451e+01 4.637651134139832010e+01 5.122409816682568362e+01 5.987370248713860832e+01 1.263256577113222647e+02 4.325062355778736389e+01 5.517301270554379755e+01 1.017173558665066651e+02 4.585420321722290282e+01 4.410476879279108431e+01 1.884712844095362172e+01 6.485530576464674368e+01 2.720399158387439797e+01 3.461674400505255278e+01 2.690018203818283737e+01
4.773529411764706083e+02 2.428570295695611847e+01 1.770172957585095830e+01 2.945652003901401272e+01 2.910576658903280034e+01 1.667214287705272113e+01 1.299939821155134290e+01 3.752641280121745382e+01 4.269702678126542850e+01 7.417652982009387586e+01 7.569446760344138170e+01 2.096165114562560206e+01 7.450942580535310356e+01 7.303061246527971662e+01 7.580094203112771822e+01 7.575480141339843954e+01 1.542657515589599626e+01 1.480915014163888088e+01 7.567323752166564077e+01 7.631081689990092798e+01 3.882147261555311957e+01 5.604192229185562013e+01 5.697101752336357094e+01 5.713256522852051233e+01 6.069446839810223082e+01 6.804959285566197025e+01 7.415769878379335012e+01 1.963172714991487311e+01 8.065493982429997288e+01 7.534653578093625015e+01 3.471707189032969865e+01 3.455968510628053991e+01 1.877870088230188017e+01 3.594171552340355191e+01 7.825221273468450534e+01 3.823986238134550320e+01 6.378393590900149945e+01 3.619515007232273263e+01 5.487376446998611357e+01 3.262996079625270340e+01 5.230744456233241380e+01 6.514115298022429101e+01 5.154433075323590430e+01 6.095960233187167177e+01 4.556989503594788005e+01 3.865455652490398819e+01 5.092747658186627291e+01 2.188430486827721921e+01 3.529752776125672398e+01 4.427904732955823874e+01 5.050410635116786295e+01 6.498669894776175227e+01 2.153661986150142482e+01 2.571150080505091751e+01 4.750295030644607408e+01 2.666259723797355718e+01 3.411804827155176412e+01 3.146358593603676823e+01 6.451886779770462965e+01 5.357205440534870178e+01 4.062925068799606265e+01 4.497286567448664130e+01 5.266455585179091514e+01 1.122446424257373820e+02 3.771850377451079339e+01 4.833249815098152880e+01 8.978391289522369334e+01 4.001113548252526186e+01 3.847281797392003710e+01 1.632756077812633322e+01 5.705745575974991368e+01 2.365754039123150676e+01 3.011405688581316298e+01 2.338484798957286515e+01
4.782352941176470722e+02 2.112077816934844421e+01 1.531695682929190205e+01 2.567624190983537602e+01 2.536595279458642338e+01 1.442382813248031681e+01 1.120557793852580453e+01 3.280458065366796205e+01 3.738916977010200071e+01 6.535488727138857712e+01 6.670896822774227530e+01 1.817912844995766974e+01 6.565398300080504157e+01 6.432558074815160865e+01 6.680712403055505888e+01 6.676606555287240496e+01 1.333203484683534157e+01 1.279298591675759056e+01 6.668849379982053449e+01 6.725729300539329358e+01 3.381826700795735974e+01 4.924926298838739314e+01 5.007531375302303900e+01 5.021922718678716535e+01 5.317193115561355654e+01 5.995414500740926655e+01 6.538691217244927145e+01 1.697187037509596053e+01 7.118118095758104857e+01 6.641795769251540094e+01 3.028384600518271341e+01 3.017377794700489702e+01 1.625944714962723481e+01 3.138539952283499801e+01 6.904951325654909056e+01 3.329859054533561391e+01 5.613353253494378947e+01 3.149669426111612935e+01 4.819434809524215524e+01 2.836909990219332300e+01 4.595891613470736559e+01 5.734414363020277960e+01 4.503893401963055965e+01 5.340310504486262744e+01 3.977734558242561036e+01 3.373727083562253881e+01 4.448410579753441851e+01 1.900867799846178485e+01 3.081943189410556982e+01 3.877178653309860579e+01 4.434810381048425398e+01 5.719203322780001741e+01 1.868524314888720284e+01 2.233021785646880630e+01 4.150493064455056924e+01 2.320898866867070964e+01 2.976787810111802202e+01 2.744500985428529560e+01 5.666841617078021187e+01 4.702799179170268218e+01 3.555084518030518836e+01 3.943607925746569975e+01 4.626629170337796637e+01 9.960644116353296340e+01 3.285445137361167411e+01 4.228849897872702002e+01 7.915171628348294064e+01 3.487059820381690400e+01 3.351966997571870621e+01 1.412816490104074063e+01 5.013522124734051033e+01 2.054890798569457289e+01 2.616579765966740467e+01 2.030470404915974569e+01
4.791176470588235361e+02 1.834663114376824211e+01 1.323806659781987172e+01 2.235450244002597486e+01 2.208040990370359680e+01 1.246422247183430976e+01 9.648207170147864886e+00 2.864249610452502637e+01 3.270168853437267131e+01 5.751167131344029571e+01 5.871786675942706069e+01 1.574752353488942624e+01 5.777994961112268868e+01 5.658865058655997871e+01 5.880805390818886735e+01 5.877156715482038862e+01 1.150854977923349409e+01 1.103853987674206039e+01 5.869829751392914119e+01 5.920501606518682536e+01 2.942491493786191015e+01 4.322718448155561077e+01 4.396059667315689978e+01 4.408861561124973605e+01 4.652552063932879634e+01 5.275690667356799679e+01 5.758250896058788015e+01 1.465539775758541374e+01 6.274268580897399517e+01 5.847541717940945460e+01 2.638525687658706786e+01 2.631300903655683854e+01 1.406177844802633281e+01 2.737393168831770751e+01 6.085392201655237443e+01 2.896146534576988785e+01 4.934028297032460131e+01 2.737573603935870992e+01 4.227648853633429127e+01 2.463554749515674658e+01 4.033172997722868303e+01 5.041856191433767975e+01 3.930745591919184534e+01 4.672684006750053953e+01 3.467966217364090653e+01 2.941038215816008616e+01 3.880947570042247463e+01 1.649150296633368384e+01 2.687731049365675773e+01 3.390858287398174298e+01 3.889512467076953328e+01 5.027068448421020008e+01 1.619239036537162590e+01 1.937081334520974352e+01 3.622084179014649408e+01 2.017881704711276214e+01 2.594141023344244701e+01 2.391117772916997097e+01 4.971263353739280433e+01 4.123317664124258641e+01 3.106979988962902084e+01 3.453908893249978007e+01 4.059588162450159388e+01 8.828036732567659328e+01 2.858371364116959867e+01 3.695581725978446741e+01 6.969274692362135681e+01 3.035440401791028009e+01 2.916955138133178238e+01 1.221083775372897584e+01 4.399913900046943382e+01 1.782777197259564517e+01 2.270844090240901281e+01 1.760956070675377561e+01
4.800000000000000000e+02 1.591830480203949882e+01 1.142822474430961854e+01 1.943967505392940964e+01 1.919790384073952083e+01 1.075851260578150637e+01 8.297879975349291115e+00 2.497888855964031762e+01 2.856785676699882259e+01 5.054838403690000348e+01 5.162134150687774792e+01 1.362542275010166470e+01 5.078862657436815908e+01 4.972202587207189595e+01 5.170394823411944429e+01 5.167156756219918634e+01 9.923133620450395043e+00 9.513845548450774459e+00 5.160278201154162758e+01 5.205356432414842516e+01 2.557234289078605727e+01 3.789585015911316646e+01 3.854611960976609453e+01 3.865983750871751568e+01 4.066141579576220977e+01 4.636741315570289856e+01 5.064802620970401392e+01 1.264064014149143489e+01 5.523721128322247864e+01 5.142019728263548473e+01 2.296153423860697274e+01 2.291918580761984359e+01 1.214719003773294226e+01 2.384702954040395895e+01 5.356578891848931079e+01 2.515980499843390916e+01 4.331677356295838877e+01 2.376620137628589902e+01 3.704078067878095482e+01 2.136847014175581094e+01 3.535100039637391944e+01 4.427581764030772149e+01 3.426481092351745872e+01 4.083652659192772916e+01 3.019966572217824918e+01 2.560824308385498682e+01 3.381877119416267163e+01 1.429106554573286125e+01 2.341179744876691160e+01 2.962011242886745421e+01 3.407171627594729557e+01 4.413359080786853639e+01 1.401590200424320365e+01 1.678413635768235679e+01 3.157214294887195649e+01 1.752378108940917656e+01 2.258022227691813200e+01 2.080788163681553371e+01 4.355828851972241722e+01 3.610907481076815628e+01 2.712135248366823603e+01 3.021405175180693448e+01 3.557765068884229009e+01 7.814529190030597761e+01 2.483903198261396028e+01 3.225728524185921486e+01 6.128966979755674060e+01 2.639214740447313545e+01 2.535426106440596072e+01 1.054161814451285650e+01 3.856764467412799036e+01 1.544903810152945489e+01 1.968503434844156175e+01 1.525446584645375836e+01
4.808823529411765207e+02 1.379552368212558378e+01 9.854665769844812573e+00 1.688535798884215922e+01 1.667239754469706270e+01 9.275737141036092481e+00 7.128572720299383825e+00 2.175845691112346358e+01 2.492729430962477721e+01 4.437505076290938177e+01 4.532817221919045636e+01 1.177587012310288372e+01 4.458984243896081523e+01 4.363641617740478296e+01 4.540361251787152952e+01 4.537491376265128196e+01 8.546492628262368996e+00 8.190531405660214759e+00 4.531068961648018956e+01 4.571115820301745458e+01 2.219852343031088537e+01 3.318262620735042390e+01 3.375839919326350014e+01 3.385927222197437914e+01 3.549466476044591445e+01 4.070303330859907476e+01 4.449524357979542799e+01 1.089057575768091723e+01 4.857111235314425102e+01 4.516205334347681344e+01 1.995889996641924924e+01 1.993988035107083689e+01 1.048139970321079417e+01 2.075036983635455812e+01 4.709386765069802294e+01 2.183196831362300472e+01 3.798329952997821124e+01 2.060884713272960767e+01 3.241504885132124514e+01 1.851339236482755268e+01 3.094861766320106611e+01 3.883509763557820804e+01 2.983425332651698980e+01 3.564679903533202321e+01 2.626784708308405669e+01 2.227173973916111294e+01 2.943553019725092668e+01 1.237006106631375424e+01 2.036940413642371794e+01 2.584365171612259715e+01 2.981113292308162244e+01 3.869954432011083156e+01 1.211813562148074475e+01 1.452623934161120545e+01 2.748799813567257289e+01 1.520055286296656227e+01 1.963173207431729850e+01 1.808635037593681005e+01 3.812063145293995348e+01 3.158435629001289868e+01 2.364696765379355625e+01 2.639945096689543647e+01 3.114278622188393086e+01 6.908924904067427519e+01 2.156001651453798473e+01 2.812316208623112601e+01 5.383520461004425783e+01 2.292056333758542408e+01 2.201254163479060821e+01 9.090295083183427494e+00 3.376654739464953536e+01 1.337237897037420886e+01 1.704462154576610544e+01 1.319923974384358800e+01
4.817647058823529278e+02 1.194227828930722879e+01 8.488298155487061791e+00 1.464993092837073974e+01 1.446260803478919321e+01 7.988412421261588570e+00 6.117297247043746999e+00 1.893139374337786407e+01 2.172548171150069152e+01 3.890967393483850145e+01 3.975519398457998221e+01 1.016595168716751019e+01 3.910140934962309700e+01 3.825048618899379704e+01 3.982389719510972270e+01 3.979849459461271977e+01 7.352660700261947291e+00 7.043463270985251157e+00 3.973882469963268704e+01 4.009411264377369122e+01 1.924786964941154110e+01 2.902158133952496044e+01 2.953071349840859483e+01 2.962006932613454424e+01 3.094851253530416457e+01 3.568846682167934858e+01 3.904366918029086264e+01 9.372374040341329149e+00 4.265882400849604039e+01 3.961867979577211685e+01 1.732906691606260807e+01 1.732795741089514507e+01 9.033942340418411376e+00 1.803510204956407748e+01 4.135480635327908772e+01 1.892274524007656211e+01 3.326735181107390815e+01 1.785066174245564241e+01 2.833383591115144284e+01 1.602162900011835589e+01 2.706277412316133635e+01 3.402285269689151193e+01 2.594670448632108517e+01 3.108053132776055705e+01 2.282173462397502561e+01 1.934775178266945872e+01 2.559096503163530656e+01 1.069519362036906074e+01 1.770203833992422204e+01 2.252257063797031833e+01 2.605285934650984103e+01 3.389466875147222424e+01 1.046554738647191130e+01 1.255790405288401779e+01 2.390465425756493545e+01 1.317034471812926455e+01 1.704871126073198440e+01 1.570279416630966551e+01 3.332279530391545563e+01 2.759437843730253448e+01 2.059385200017555917e+01 2.303962767842844173e+01 2.722885557754737462e+01 6.100901323456275804e+01 1.869255508452008741e+01 2.449055346535077859e+01 4.723149474979229012e+01 1.988291867824337800e+01 1.908948420589752359e+01 7.830044967565695124e+00 2.952851567120363541e+01 1.156180082568885936e+01 1.474170095522122637e+01 1.140803846103987418e+01
4.826470588235293917e+02 1.032643573815312088e+01 7.303340500909972555e+00 1.269613619847682529e+01 1.253158910220999900e+01 6.872186941574497610e+00 5.243782988547817325e+00 1.645293116693027713e+01 1.891329436827896160e+01 3.407769535735516797e+01 3.482675819472511591e+01 8.766408470132201813e+00 3.424858568900099698e+01 3.349031378730333586e+01 3.488915974660307029e+01 3.486670359733657421e+01 6.318663605490655755e+00 6.050415533678197733e+00 3.481151394964919632e+01 3.512629730899515579e+01 1.667066467304985267e+01 2.535299905230744599e+01 2.580261291544509206e+01 2.588165918378932417e+01 2.695375702812521013e+01 3.125524925093982276e+01 3.422003041061282147e+01 8.056974152392776034e+00 3.742234515372376080e+01 3.471518274742984289e+01 1.502876535204629782e+01 1.504112528955863581e+01 7.777795517661752811e+00 1.565738574777481773e+01 3.627264027991189721e+01 1.638278269430795930e+01 2.910311484163383611e+01 1.544430197041661401e+01 2.473790602445568609e+01 1.384975435367536711e+01 2.363750357412360970e+01 2.977229442661336023e+01 2.254011471355204321e+01 2.706818816594845956e+01 1.980529551924674792e+01 1.678864124586750251e+01 2.222331807441481999e+01 9.236802709854671889e+00 1.536654711813431717e+01 1.960584840453031674e+01 2.274214779473073733e+01 2.965190740941041980e+01 9.028302200958320256e+00 1.084420028417758175e+01 2.076485043275905795e+01 1.139850100943740863e+01 1.478882580464443741e+01 1.361797480069207289e+01 2.909521361717922616e+01 2.408068513735494065e+01 1.791448887351357300e+01 2.008433084813444225e+01 2.377933845153468795e+01 5.380965638227176839e+01 1.618825577776306446e+01 2.130285721526845677e+01 4.138948342350574450e+01 1.722843921152922420e+01 1.653596803797804071e+01 6.737095456274802885e+00 2.579257656546590738e+01 9.985239864873129534e+00 1.273572039723720550e+01 9.848947197636670481e+00
4.835294117647059124e+02 8.919377139281023048e+00 6.276986391187587166e+00 1.099068704899209514e+01 1.084634033427675526e+01 5.905523590420140856e+00 4.490187211919923094e+00 1.428291247108093565e+01 1.644655949720612398e+01 2.981147120669461614e+01 3.047420647542477568e+01 7.551279192564033238e+00 2.996355256240592269e+01 2.928886345850144934e+01 3.053074072173537701e+01 3.051091439634668490e+01 5.424210780886159711e+00 5.191769792134578232e+00 3.046007896439488860e+01 3.073860823261489728e+01 1.442252854104182269e+01 2.212290761271311368e+01 2.251944770638598214e+01 2.258928051558282135e+01 2.344813390025105448e+01 2.734126940067506339e+01 2.995777602668030326e+01 6.918698809435340102e+00 3.279073119392053570e+01 3.038356479728948401e+01 1.301929776938270500e+01 1.304151407147935515e+01 6.689034355537072152e+00 1.357795544673019350e+01 3.177829390617383964e+01 1.416804903249976988e+01 2.543097887941351942e+01 1.334756843376730195e+01 2.157376838368444538e+01 1.195910722272717486e+01 2.062223774950042099e+01 2.602290690491539493e+01 1.955885937749700432e+01 2.354720801138962116e+01 1.716837123473261784e+01 1.455177118951741733e+01 1.927725444651759190e+01 7.968515863282572553e+00 1.332428646743512957e+01 1.704761164653420735e+01 1.982957337548765864e+01 2.591052658700732891e+01 7.779913535662084101e+00 9.354075012466420702e+00 1.801725937483633544e+01 9.854117765543328744e+00 1.281420372457583490e+01 1.179680208670743369e+01 2.537506174718951613e+01 2.099052686624203545e+01 1.556619898742488850e+01 1.748828636526299007e+01 2.074317584983001694e+01 4.740409502097794814e+01 1.400392670583926424e+01 1.850923776672746257e+01 3.622830327027592290e+01 1.491177218133259075e+01 1.430813600536496999e+01 5.790416889089375907e+00 2.250363320436973424e+01 8.614186593118054347e+00 1.099060680912256771e+01 8.493603078566508202e+00
4.844117647058823195e+02 7.695660775652018337e+00 5.389096757618127675e+00 9.503900606086146396e+00 9.377441507090631845e+00 5.069408043895575311e+00 3.840831086385048998e+00 1.238538752208865468e+01 1.428563652829514119e+01 2.604976251627412864e+01 2.663535794559911807e+01 6.497570171182297294e+00 2.618490441693343840e+01 2.558547351437023210e+01 2.668645280080571780e+01 2.666897007714420553e+01 4.651413244908008338e+00 4.450239208889892772e+00 2.662232351398991526e+01 2.686845455908541425e+01 1.246391954544696112e+01 1.928262905538996819e+01 1.963191476417523162e+01 1.969352692470527799e+01 2.037573378036362470e+01 2.389030038827843683e+01 2.619658987469989242e+01 5.934900053314270174e+00 2.869959645365522505e+01 2.656222256431954776e+01 1.126612230742357390e+01 1.129527855368776734e+01 5.746514115368112741e+00 1.176171114113262384e+01 2.780909302387080118e+01 1.223933370158527190e+01 2.219706889513677694e+01 1.152291674920177122e+01 1.879321876858840312e+01 1.031533213827650641e+01 1.797138018005051308e+01 2.271997361074207333e+01 1.695317061062393194e+01 2.046141590567152946e+01 1.486614884672176196e+01 1.259905433621869797e+01 1.670328990919159295e+01 6.866927270890150758e+00 1.154071726979554136e+01 1.480669782135361601e+01 1.727060871171569900e+01 2.261563526311206473e+01 6.696909956442867795e+00 8.059973045688904492e+00 1.561596273112163580e+01 8.509688390776942057e+00 1.109102937947565160e+01 1.020795506157495147e+01 2.210572005493059677e+01 1.827640123126786875e+01 1.351072293445189665e+01 1.521078689932950567e+01 1.807433816088964207e+01 4.171263086680829701e+01 1.210108984702600665e+01 1.606412851379225515e+01 3.167468145013934588e+01 1.289248451220008285e+01 1.236690429829581284e+01 4.971438748701322297e+00 1.961200190551436151e+01 7.423338787625850088e+00 9.474330665501950577e+00 7.316845867680690674e+00
4.852941176470587834e+02 6.632710183912150725e+00 4.621918657149683085e+00 8.209356871896350327e+00 8.098712490764741645e+00 4.347082201772598964e+00 3.281960298422617051e+00 1.072823329430153905e+01 1.239502061288546564e+01 2.273724328278993667e+01 2.325401607554489303e+01 5.584951932311466472e+00 2.285715805814542989e+01 2.232536428336627310e+01 2.330008789122954838e+01 2.328469061467008316e+01 3.984526253915384508e+00 3.810617361725216146e+00 2.324203926907628315e+01 2.345926250073624786e+01 1.075967201768621351e+01 1.678834775258788525e+01 1.709562416624885017e+01 1.714991302423675279e+01 1.768645116926941085e+01 2.085154763239033571e+01 2.288192148237865098e+01 5.085636125281491893e+00 2.509063217034831084e+01 2.319546229217206701e+01 9.738463502423332585e+00 9.772227502827098178e+00 4.931579603469069539e+00 1.017733537208863304e+01 2.430829191510336429e+01 1.056178370156629853e+01 1.935279242797792421e+01 9.937004952653785139e+00 1.635290461890983948e+01 8.887955173006778509e+00 1.564389997016962397e+01 1.981412333907875833e+01 1.467860559632187289e+01 1.776046959527075231e+01 1.285866578956467521e+01 1.089653122062654411e+01 1.445725564402857444e+01 5.911301150625608791e+00 9.985027488914221649e+00 1.284624239964894876e+01 1.502521811880534308e+01 1.971772482852779262e+01 5.758528817886407580e+00 6.937486515971929890e+00 1.351995836235508719e+01 7.340774518819290329e+00 9.589165723254764018e+00 8.823529279687036819e+00 1.923626350252493822e+01 1.589561582001985940e+01 1.171383009851649604e+01 1.321530296324484866e+01 1.573141280369552142e+01 3.666249058719891707e+01 1.044552915759019918e+01 1.392676424155152226e+01 2.766236530655189085e+01 1.113459525974400144e+01 1.067750716847313619e+01 4.263790417850644054e+00 1.707297020295073864e+01 6.390280446881701160e+00 8.158503819805654089e+00 6.296396066116343171e+00
4.861764705882353041e+02 5.710526851149664296e+00 3.959828981179800866e+00 7.083582308088029578e+00 6.986898480452292226e+00 3.723801391695512386e+00 2.801528558523300294e+00 9.282799777428179411e+00 1.074297154446750469e+01 1.982403148131631454e+01 2.027949550631794651e+01 4.795481548077495937e+00 1.993028287214113448e+01 1.945916698474626472e+01 2.032094568345047136e+01 2.030740164146919824e+01 3.409715488702965480e+00 3.259550116402763820e+00 2.026853175834170884e+01 2.046000105348966258e+01 9.278567755452446164e+00 1.460070273488558179e+01 1.487068813491950792e+01 1.491846306065090033e+01 1.533546687218874105e+01 1.817921678303570232e+01 1.996453565308388534e+01 4.353377528993259915e+00 2.191114118529195665e+01 2.023303532789383397e+01 8.408951720672579455e+00 8.445478248159258072e+00 4.227799985972366059e+00 8.796936869478546583e+00 2.122461844616126569e+01 9.104474271815002240e+00 1.685440955297464072e+01 8.560275426564782464e+00 1.421391236046261319e+01 7.649992407757530088e+00 1.360294690535540241e+01 1.726089695236917620e+01 1.269554951932679110e+01 1.539933972749280144e+01 1.111035045044615188e+01 9.413977814801192778e+00 1.249980051361634281e+01 5.083299254891572971e+00 8.629779669394324060e+00 1.113329299319997823e+01 1.305747534128328802e+01 1.717223033751685080e+01 4.946435384825283776e+00 5.965033104163429023e+00 1.169270193045872830e+01 6.325702645566916971e+00 8.281803009982567687e+00 7.618709174681265850e+00 1.672097822720315818e+01 1.380987594181349110e+01 1.014495097082746611e+01 1.146911696982699347e+01 1.367721392936936731e+01 3.218737151365286309e+01 9.006873375524030223e+00 1.206074342854046044e+01 2.413157218856505182e+01 9.606143364164777765e+00 9.209075197863352713e+00 3.653064946627437859e+00 1.484637853061633983e+01 5.495187444456222536e+00 7.018009419818757699e+00 5.412559454531858272e+00
4.870588235294117112e+02 4.911426523425727275e+00 3.389101683503280338e+00 6.105758142556205748e+00 6.021379510363355614e+00 3.186613861941993253e+00 2.389002435221140530e+00 8.023580722645132113e+00 9.301166945186858825e+00 1.726524123976893677e+01 1.766617157223772239e+01 4.113349123753277325e+00 1.735925418470244352e+01 1.694247692565754448e+01 1.770338413692759616e+01 1.769148440784938003e+01 2.914845153749148210e+00 2.785329170606456461e+00 1.765617032653062068e+01 1.782472976718574031e+01 7.992941693936093550e+00 1.268440227187918268e+01 1.292133312602395989e+01 1.296332302919434731e+01 1.328276520676350536e+01 1.583210303637125982e+01 1.740008229727322231e+01 3.722740535610553181e+00 1.911359411021054200e+01 1.762969544611416595e+01 7.253289403391773860e+00 7.291137384770638441e+00 3.620727679539548660e+00 7.595720528452614140e+00 1.851183851872252717e+01 7.840014480884712533e+00 1.466262408803533468e+01 7.366571220934471143e+00 1.234137934234170153e+01 6.577591917238182262e+00 1.181548908010469034e+01 1.502033732957702128e+01 1.096875514548957753e+01 1.333782387363389432e+01 9.589596150233742122e+00 8.124543301188582589e+00 1.079592804734078726e+01 4.366731408479445520e+00 7.450586067618736763e+00 9.638448020888519707e+00 1.133520227519706580e+01 1.493911470164255029e+01 4.244466312236752081e+00 5.123561614588221680e+00 1.010168066969396072e+01 5.445284744884398620e+00 7.145133709162472258e+00 6.571465514773358052e+00 1.451890641937548487e+01 1.198489647086242726e+01 8.776836508007720639e+00 9.942980666503713039e+00 1.187841481827556578e+01 2.822699588312998031e+01 7.758211244293065967e+00 1.043362089568936568e+01 2.102846373802475810e+01 8.278788467759087055e+00 7.934247201734517141e+00 3.126604498548673838e+00 1.289622542728998233e+01 4.720557724964405288e+00 6.030663159176709698e+00 4.647956781068363519e+00
4.879411764705882888e+02 4.219797653875781762e+00 2.897696848176742446e+00 5.257451757462755282e+00 5.183903229708103133e+00 2.724161105946658168e+00 2.035185726706441045e+00 6.927908876906123226e+00 8.044379153417656525e+00 1.502055978521269708e+01 1.537305428188508749e+01 3.524647148152721954e+00 1.510362942001183129e+01 1.473543019454111125e+01 1.540639360089774890e+01 1.539595089589523802e+01 2.489286372968862793e+00 2.377705509788837102e+00 1.536396064831977526e+01 1.551217000125807566e+01 6.878319376907771066e+00 1.100786184464841888e+01 1.121553527382349458e+01 1.125239501542999321e+01 1.149268287212419004e+01 1.377320162442467577e+01 1.514868940869979674e+01 3.180246108500623503e+00 1.665520550483711304e+01 1.534477912250065401e+01 6.249943502235004722e+00 6.288005116366374381e+00 3.097679507158333401e+00 6.551682019797627987e+00 1.612834239048720164e+01 6.744184443825585795e+00 1.274219943620109952e+01 6.332783727710661559e+00 1.070412996066160183e+01 5.649705399391780070e+00 1.025197180562855159e+01 1.305660068579459754e+01 9.466916377257145854e+00 1.154009329740511980e+01 8.268368184161978718e+00 7.004414553346211214e+00 9.314569350044138218e+00 3.747327633381056344e+00 6.425806806348512090e+00 8.335521335614698657e+00 9.829631341703944258e+00 1.298247699552302592e+01 3.638395972204722550e+00 4.396282967402882491e+00 8.718019848484345857e+00 4.682562059783279551e+00 6.158053098144116611e+00 5.662276254586390500e+00 1.259341907824142837e+01 1.039003811102872987e+01 7.585239869297092596e+00 8.610794287027870197e+00 1.030520283126327818e+01 2.472667711952524883e+01 6.675737833266462751e+00 9.016528974904153060e+00 1.830464862059813314e+01 7.127443840887643489e+00 6.828812606546516228e+00 2.673305893815784540e+00 1.119029712949349964e+01 4.050965078525139873e+00 5.176903545987856958e+00 3.987277058450946932e+00
4.888235294117646959e+02 3.621881576147923720e+00 2.475070540538010899e+00 4.522371194920721038e+00 4.458340690496206626e+00 2.326497848092861087e+00 1.732062243990906802e+00 5.975675301335114931e+00 6.950177646209137805e+00 1.305385032695662417e+01 1.336338686577580326e+01 3.017161574312450689e+00 1.312715137828947043e+01 1.280230708753841640e+01 1.339319699361531946e+01 1.338404355813399604e+01 2.123744933281513259e+00 2.027721780182359712e+00 1.335514384148267908e+01 1.348530301757337391e+01 5.913085757492743788e+00 9.542867216467200819e+00 9.724680608127593828e+00 9.756997577115422260e+00 9.933492987200827073e+00 1.196934285076857130e+01 1.317457890450984870e+01 2.714102922710003529e+00 1.449753511412917106e+01 1.334181102766770977e+01 5.379863839141718174e+00 5.417304410539056647e+00 2.647539239725608340e+00 5.645327658796635895e+00 1.403675437529438774e+01 5.795604634591367876e+00 1.106159813675835935e+01 5.438531913269045504e+00 9.274337158922145719e+00 4.847789758675132177e+00 8.886000336107617414e+00 1.133759433092972024e+01 8.162276159694695110e+00 9.974274869387874887e+00 7.121843055154394975e+00 6.032509249713422506e+00 8.028190317611031190e+00 3.212531330400840712e+00 5.536273922561703920e+00 7.201232156211100133e+00 8.515091198629633595e+00 1.127018485060676056e+01 3.115724717676398026e+00 3.768426233225559141e+00 7.516120127277901020e+00 4.022571456298443593e+00 5.301884641259638542e+00 4.873870962432968135e+00 1.091181916425761678e+01 8.997970611785778061e+00 6.548624348537122941e+00 7.449310034654236468e+00 8.930957664383470274e+00 2.163690377783979102e+01 5.738431880465839185e+00 7.783828488063174511e+00 1.591671435216423980e+01 6.129940805875668808e+00 5.871385296930652586e+00 2.283445349576992633e+00 9.699821864803892524e+00 3.472835440713954558e+00 4.439510519173675007e+00 3.417053759838465155e+00
4.897058823529412166e+02 3.105571666540410725e+00 2.112002850962000355e+00 3.886139505936955896e+00 3.830462003735390919e+00 1.984929286196813081e+00 1.472654620165944506e+00 5.149069868844883047e+00 5.998651875452453375e+00 1.133277677957936369e+01 1.160426779525653274e+01 2.580182104940861976e+00 1.139737210630402053e+01 1.111115767634929519e+01 1.163087120984173950e+01 1.162285702787298369e+01 1.810105809426064027e+00 1.727561108376578725e+00 1.159681720469038879e+01 1.171098898242403408e+01 5.078181560109463533e+00 8.264257948299475132e+00 8.423245808748749397e+00 8.451545894553616378e+00 8.577017531284360174e+00 1.039084729881035507e+01 1.144570387337841311e+01 2.314011484944346275e+00 1.260610864674606368e+01 1.158813100004810259e+01 4.626223945798552784e+00 4.662430996077891798e+00 2.260578721277599623e+00 4.859416026895411633e+00 1.220356183787828996e+01 4.975432672557382752e+00 9.592642850723253289e+00 4.665868708859155944e+00 8.027204726332472617e+00 4.155534466922911285e+00 7.694042805395729268e+00 9.834634053582449909e+00 7.030264317662521023e+00 8.612061388859693523e+00 6.128076330249470516e+00 5.190192844097828662e+00 6.912429203110095344e+00 2.751310644965105023e+00 4.765036464811235106e+00 6.214917140768960735e+00 7.368712593879767070e+00 9.773529710822916883e+00 2.665486364248104589e+00 3.227016129139774758e+00 6.473323238599064666e+00 3.452131424891033085e+00 4.560127262720294006e+00 4.190995731646760980e+00 9.444968969788702040e+00 7.784355976985650294e+00 5.647891965329979058e+00 6.437855324581033933e+00 7.731950695106304394e+00 1.891293520508715531e+01 4.927759803653250614e+00 6.712785536889022353e+00 1.382578443018519643e+01 5.266720545825952726e+00 5.043104226038858329e+00 1.948519895541656943e+00 8.399146695670111740e+00 2.974243094572450286e+00 3.803348792020544877e+00 2.925460923423057302e+00
4.905882352941176805e+02 2.660232132152620999e+00 1.800444109988291741e+00 3.336090618970176891e+00 3.287733468665876124e+00 1.691865685647330642e+00 1.250898826117814000e+00 4.432345134461220582e+00 5.172158527300168451e+00 9.828456431532876181e+00 1.006629964107485797e+01 2.204331843380037181e+00 9.885305765925467725e+00 9.633456004347852542e+00 1.008999723108291668e+01 1.008298846209991950e+01 1.541294444644211392e+00 1.470412370387693457e+00 1.005958355342388089e+01 1.015961435310268079e+01 4.356828546648371159e+00 7.149636876299909183e+00 7.288505001278816842e+00 7.313258216972765346e+00 7.398273574353609661e+00 9.011206927055321003e+00 9.933411744660885390e+00 1.970989252164331296e+00 1.095006566808647896e+01 1.005454825515522899e+01 3.974186101841582719e+00 4.008726514421802278e+00 1.928297846770431478e+00 4.178723243227591588e+00 1.059877214394769496e+01 4.267089362244080419e+00 8.310203706726444040e+00 3.999015997861288252e+00 6.940676659139931814e+00 3.558615923455086261e+00 6.655156696082864975e+00 8.522128323615223877e+00 6.049168275960232322e+00 7.428356063807057375e+00 5.267701037524252783e+00 4.461021790371148654e+00 5.945767290834909957e+00 2.353988885260150710e+00 4.097129134880883150e+00 5.358267536460975755e+00 6.370158383379913580e+00 8.466907825798044129e+00 2.278075337301771253e+00 2.760672950783911173e+00 5.569607812606581554e+00 2.959648869902899104e+00 3.918226194370168614e+00 3.600200059465261226e+00 8.166949065003437980e+00 6.727559544091798571e+00 4.866136141764137335e+00 5.558079452820618549e+00 6.687068013628716834e+00 1.651442151201881003e+01 4.227408007223829145e+00 5.783276489037064039e+00 1.199710775414131092e+01 4.520555284267265606e+00 4.327362499888630865e+00 1.661105696533601961e+00 7.265439739300766142e+00 2.544727258234871226e+00 3.255136789072820225e+00 2.502129899613752873e+00
4.914705882352940876e+02 2.276533762128799321e+00 1.533376778396452700e+00 2.861083229268807315e+00 2.819132668243581108e+00 1.440691688818475980e+00 1.061532205144694041e+00 3.811599838078161717e+00 4.455088955949352503e+00 8.515136152874847042e+00 8.723261414743459952e+00 1.881413716208320874e+00 8.565104243682883478e+00 8.343776734057280819e+00 8.744332755539927504e+00 8.738210059782190342e+00 1.311152370167715020e+00 1.250349470276682196e+00 8.717223037897957383e+00 8.804763390088453434e+00 3.734279659552664832e+00 6.179100231918980057e+00 6.300257327840103727e+00 6.321883018302810520e+00 6.375147339193360629e+00 7.806786780933944847e+00 8.612129742613452876e+00 1.677213741495399146e+00 9.501829418299045926e+00 8.715018426608473590e+00 3.410686982344327323e+00 3.443271117363960077e+00 1.643280594958852037e+00 3.589828317692776771e+00 9.195589442533750102e+00 3.656009591550613891e+00 7.191907078542111975e+00 3.424123950909269798e+00 5.995167085592270517e+00 3.044474721110661974e+00 5.750735328737257568e+00 7.377284294977344281e+00 5.199831522292828190e+00 6.400944931321331133e+00 4.523652124378705786e+00 3.830509003233943499e+00 5.109227481818244598e+00 2.012090965098835227e+00 3.519360740728649795e+00 4.615087433247872184e+00 5.501373502009316852e+00 7.327523668505897092e+00 1.945090537258244323e+00 2.359431585836337941e+00 4.787310830722902644e+00 2.534943559319822626e+00 3.363363708055885581e+00 3.089642348572244845e+00 7.054741183474513733e+00 5.808381657612592619e+00 4.188414580256095476e+00 4.793719759574263328e+00 5.777554064525175725e+00 1.440504040437919997e+01 3.623039428943219509e+00 4.977517180651566342e+00 1.039967525839612428e+01 3.876294279135630738e+00 3.709560928011994108e+00 1.414730641998936500e+00 6.278414277910450814e+00 2.175126122265573780e+00 2.783237448984334783e+00 2.137983566847375894e+00
4.923529411764706083e+02 1.946305816134005218e+00 1.304692061637822365e+00 2.451332408743244429e+00 2.414981182414874805e+00 1.225649652542035728e+00 8.999940738193801248e-01 3.274581922674507428e+00 3.833656657574058269e+00 7.369891932527995237e+00 7.551805523742188164e+00 1.604272630573507774e+00 7.413756411825342951e+00 7.219496733354020535e+00 7.570509099928605323e+00 7.565166338132000234e+00 1.114326396482275605e+00 1.062223741280125644e+00 7.546389664711142586e+00 7.622912199995886873e+00 3.197593035766277403e+00 5.334989328416768650e+00 5.440576228856645713e+00 5.459447898881711225e+00 5.488096263568925437e+00 6.756549722670339264e+00 7.459072660489689532e+00 1.425882630140713259e+00 8.236800114810328921e+00 7.546343735194223079e+00 2.924243355186437299e+00 2.954695043787269437e+00 1.399066238875696033e+00 3.080918206085433209e+00 7.970115600532009736e+00 3.129417255551457888e+00 6.217866704846545467e+00 2.929053966337202386e+00 5.173312308273895432e+00 2.602115048986316292e+00 4.964274747814706679e+00 6.379835735142424191e+00 4.465379293082109236e+00 5.510197335046983724e+00 3.880916329129085351e+00 3.285910992817118625e+00 4.386100419278882612e+00 1.718205370606331828e+00 3.020122109096947671e+00 3.971072888704957560e+00 4.746355266060530376e+00 6.335115976178489205e+00 1.659195297864308083e+00 2.014578800861967167e+00 4.110874400620558866e+00 2.169089575209437903e+00 2.884269405118986107e+00 2.648913712819306987e+00 6.087937328376955115e+00 5.009811573372306981e+00 3.601542102578545013e+00 4.130387481282389750e+00 4.986775689155333424e+00 1.255215482909308733e+01 3.102073399509726936e+00 4.279816029557856893e+00 9.005864198203628490e+00 3.320633933203152921e+00 3.176885014643587191e+00 1.203760604853068905e+00 5.420074850915126419e+00 1.857427649969256134e+00 2.377469958500342706e+00 1.825087391123462410e+00
4.932352941176471290e+02 1.662402826547098034e+00 1.109079804277546932e+00 2.098257476485245299e+00 2.066793604862091183e+00 1.041735611765989500e+00 7.623375573131254690e-01 2.810509554578807911e+00 3.295703716318741261e+00 6.372352119230328071e+00 6.531177152268777597e+00 1.366672121639253001e+00 6.410810893624707241e+00 6.240519513133214069e+00 6.547751028587430966e+00 6.543093894504369068e+00 9.461698204384931810e-01 9.015683271138220656e-01 6.526330919677195475e+00 6.593147485218698201e+00 2.735428153006274066e+00 4.601662795299772846e+00 4.693579199422808657e+00 4.710028986661909833e+00 4.719877230139651658e+00 5.841801827462739460e+00 6.453973008375409215e+00 1.211089063146790101e+00 7.133070375621644033e+00 6.527896640154017049e+00 2.504776291231280538e+00 2.533008048103655430e+00 1.190034372983580502e+00 2.641611139563774913e+00 6.901072490019951822e+00 2.676122339196153277e+00 5.370436179274622468e+00 2.503183045210056523e+00 4.459743542321050747e+00 2.221924295025672791e+00 4.281159711407880764e+00 5.511792657221700864e+00 3.830969776802401583e+00 4.738792940654047214e+00 3.326305752515089864e+00 2.816035160023842021e+00 3.761696152361353906e+00 1.465860214840840836e+00 2.589212008320856295e+00 3.413610770326689803e+00 4.090942866195460326e+00 5.471705596586369680e+00 1.413991831884299222e+00 1.718507121674263338e+00 3.526616000086523872e+00 1.854272455218694438e+00 2.471048527803753725e+00 2.268878507469925587e+00 5.248472967705823500e+00 4.316802101345489362e+00 3.093902190858020429e+00 3.555372052564881979e+00 4.300005808618547753e+00 1.092649103129375376e+01 2.653487123068017262e+00 3.676349397453191781e+00 7.791109120362140317e+00 2.841910264732737446e+00 2.718103751835645454e+00 1.023297943237395424e+00 4.674484341399812060e+00 1.584635539899146739e+00 2.028940695752318835e+00 1.556515754058586998e+00
4.941176470588234793e+02 1.418585009516242224e+00 9.419305389518849436e-01 1.794344950854011467e+00 1.767141456844487868e+00 8.846066604015598855e-01 6.451516530968385288e-01 2.409909150952038281e+00 2.830524940794066246e+00 5.504442598063995717e+00 5.642956484597871025e+00 1.163184147090411402e+00 5.538120822316688674e+00 5.389021898104620512e+00 5.657619107123932345e+00 5.653563955031018828e+00 8.026548840290379516e-01 7.645132091185844470e-01 5.638629571916933259e+00 5.696906907550507881e+00 2.337862303020568966e+00 3.965288023485297408e+00 4.045217105745146924e+00 4.059539872905590485e+00 4.055299559256537734e+00 5.045958311935238250e+00 5.578832237460155774e+00 1.027710953540316163e+00 6.171162735640117525e+00 5.641364777317469326e+00 2.143452652824164861e+00 2.169445166479999632e+00 1.011302517011318125e+00 2.262796908294133491e+00 5.969545988950978099e+00 2.286338441609503391e+00 4.633981845277251210e+00 2.137228212733769173e+00 3.840879139104910411e+00 1.895511259023506589e+00 3.688468102959963968e+00 4.757211411675293711e+00 3.283568888332295543e+00 4.071473373848845334e+00 2.848253234640000020e+00 2.411065774138473561e+00 3.223119515921883949e+00 1.249412275722305621e+00 2.217679874568268428e+00 2.931596008544509857e+00 3.522625165539530201e+00 4.721364069117241158e+00 1.203909086254839167e+00 1.464584109459209582e+00 3.022520602676165069e+00 1.583660907005416174e+00 2.115027021312984701e+00 1.941530572326487958e+00 4.520383164259899722e+00 3.716063892057679396e+00 2.655276018883756972e+00 3.057462881825015799e+00 3.704225655140998441e+00 9.501838322241171753e+00 2.267636957894672900e+00 3.154957851386968493e+00 6.733599396978379836e+00 2.429911996310617717e+00 2.323388504327262627e+00 8.690912147420111200e-01 4.027550873793634523e+00 1.350649314093922859e+00 1.729891646912286918e+00 1.326232391924611509e+00
4.950000000000000000e+02 1.209411304442027157e+00 7.992485732796335007e-01 1.533025377988315396e+00 1.509530975182508339e+00 7.504988610193462639e-01 5.454924197757905491e-01 2.064468963263317747e+00 2.428708460568556937e+00 4.750153134378571451e+00 4.870821986928364211e+00 9.890909282711283224e-01 4.779609763181491999e+00 4.649221905191509130e+00 4.883773115220837013e+00 4.880245838312488260e+00 6.802950234889216796e-01 6.477100566507805190e-01 4.866966936281079015e+00 4.917741124367213779e+00 1.996225949811894385e+00 3.413651033774678378e+00 3.483081847938597431e+00 3.495538964855896769e+00 3.481000887878215266e+00 4.354328980325705700e+00 4.817692342611151091e+00 8.713127840638181798e-01 5.333788101163629669e+00 4.870517118815843816e+00 1.832542405105689998e+00 1.856327778993966504e+00 8.586350932878930031e-01 1.936492918802856567e+00 5.158750433909323974e+00 1.951519036835212662e+00 3.994674971515803641e+00 1.823089087552141274e+00 3.304735373897898842e+00 1.615561415198871531e+00 3.174792465321226054e+00 4.101984120165328207e+00 2.811747111674069988e+00 3.494817095578378829e+00 2.436628106926226778e+00 2.062407243393133527e+00 2.759067588526299186e+00 1.063947850399653561e+00 1.897684051165986041e+00 2.515265999934297447e+00 3.030365560181509377e+00 4.070001893194231002e+00 1.024102684611847724e+00 1.247035564147626951e+00 2.588053075825521798e+00 1.351291619766279206e+00 1.808612107683692960e+00 1.659863795090215310e+00 3.889580341138541009e+00 3.195878107171429505e+00 2.276687731300235384e+00 2.626787368899110575e+00 3.187944366889651882e+00 8.254767660208209179e+00 1.936098070558555095e+00 2.704961810818355072e+00 5.814001091496030504e+00 2.075712580087029302e+00 1.984150330371207138e+00 7.374549624142539006e-01 3.466833505761738099e+00 1.150157124556307364e+00 1.473565101605507355e+00 1.128983574416582369e+00
4.958823529411765207e+02 1.030143708508873379e+00 6.775749063002700634e-01 1.308562881944568934e+00 1.288293591230174284e+00 6.361544162762052812e-01 4.608223588124340520e-01 1.766907221245024973e+00 2.081991699480328251e+00 4.095323699875866197e+00 4.200333898928414911e+00 8.402975979624303093e-01 4.121057624557648680e+00 4.007166660454273277e+00 4.211755588331042688e+00 4.208690657155404580e+00 5.760762184885718229e-01 5.482657456311155197e-01 4.196906238409532364e+00 4.241095916885222472e+00 1.702955148108173056e+00 2.935983465562742367e+00 2.996231367369347254e+00 3.007054169744778793e+00 2.985244608586876236e+00 3.753921942828336356e+00 4.156426555296122594e+00 7.380587287444925204e-01 4.605623989583002675e+00 4.200989806588422582e+00 1.565290528115341750e+00 1.586938649717003047e+00 7.283626910632821083e-01 1.655714719115113587e+00 4.453812486600220666e+00 1.664210941383875930e+00 3.440302199162765806e+00 1.553707181533010795e+00 2.840754362068354855e+00 1.375707627491313145e+00 2.730077738055222358e+00 3.533646608194245697e+00 2.405496427941195670e+00 2.997035771790023784e+00 2.082570570045150671e+00 1.762543227822543468e+00 2.359647434224689366e+00 9.051943669796351788e-01 1.622364292930384977e+00 2.156050999387910672e+00 2.604442840373692558e+00 3.505175410321374141e+00 8.703659655885090940e-01 1.060841419102011018e+00 2.213989277918697596e+00 1.151966362492924612e+00 1.545166981163695663e+00 1.417756037791580548e+00 3.343652329793868283e+00 2.745926422141509615e+00 1.950264822337593795e+00 2.254664253150708397e+00 2.741035106400332655e+00 7.164371572931700349e+00 1.651520823070950827e+00 2.316995209510293030e+00 5.015202506234882840e+00 1.771519641541656087e+00 1.692894258023659226e+00 6.251987067627635675e-01 2.981365488253873153e+00 9.785402094046578014e-01 1.254082756299388812e+00 9.602030246531073621e-01
4.967647058823529278e+02 8.766621555995219861e-01 5.739191100380202082e-01 1.115956398879651035e+00 1.098487956022360157e+00 5.387573502992938357e-01 3.889571254175090420e-01 1.510853623360525866e+00 1.783131530741922877e+00 3.527449760708754933e+00 3.618736764697333630e+00 7.132547641062133570e-01 3.549905464679786959e+00 3.450539094384791561e+00 3.628794449899129138e+00 3.626133989548226300e+00 4.873963566049305252e-01 4.636837507564976479e-01 3.615695052780829588e+00 3.654113523273368802e+00 1.451459747474756146e+00 2.522805579238752038e+00 2.575030834145858538e+00 2.584423738694971551e+00 2.557736939165671242e+00 3.233264808397127155e+00 3.582548443063197752e+00 6.246359244771634289e-01 3.973111826221174425e+00 3.620090793910151206e+00 1.335802384468637971e+00 1.355409862667603216e+00 6.173106101334693285e-01 1.414359817763572336e+00 3.841573636131315084e+00 1.417923468758049088e+00 2.960093096002792468e+00 1.322940344854005135e+00 2.439648240488216935e+00 1.170415056707605927e+00 2.345474133236006509e+00 3.041203494424572717e+00 2.056066043090157613e+00 2.567790556495398224e+00 1.778343178492375332e+00 1.504910466221927923e+00 2.016212449736741519e+00 7.694418084885483733e-01 1.385727445551978798e+00 1.846439224844090621e+00 2.236307141873617343e+00 3.015911078179572158e+00 7.390509484429864662e-01 9.016431934142380422e-01 1.892264435735417250e+00 9.811600561028769318e-01 1.318898626268005136e+00 1.209865037187248360e+00 2.871679336283853079e+00 2.357137018866467759e+00 1.669112463541445601e+00 1.933470932929236774e+00 2.354586334240159395e+00 6.212022961180482028e+00 1.407502456142324165e+00 1.982855734611376208e+00 4.322081873431590893e+00 1.510540389486114687e+00 1.443089096146044525e+00 5.295641084076644356e-01 2.561493957630215146e+00 8.317879295499904790e-01 1.066338337846288065e+00 8.159273111699529846e-01
4.976470588235293917e+02 7.453887083737448238e-01 4.856992162353435116e-01 9.508515248824676025e-01 9.358125363505526151e-01 4.558767418722483589e-01 3.280187534388760429e-01 1.290743029120633878e+00 1.525787482943220086e+00 3.035505129446700590e+00 3.114779759404293191e+00 6.048898928705763733e-01 3.055077924395765976e+00 2.968482314977073155e+00 3.123623340840194995e+00 3.121316298277765355e+00 4.120118398877374855e-01 3.918125423882464764e-01 3.112085609490148119e+00 3.145451852053659181e+00 1.236005829543223911e+00 2.165784234623684412e+00 2.211008823061584305e+00 2.219152207198268556e+00 2.189462464052776447e+00 2.782242004786205314e+00 3.085037875728544599e+00 5.281868764765932367e-01 3.424272011751289035e+00 3.116622043473532333e+00 1.138941120585642119e+00 1.156622579866901424e+00 5.227357515217966322e-01 1.207103754715354027e+00 3.310409974346674389e+00 1.207011769308148796e+00 2.544563667263591178e+00 1.125451079715006353e+00 2.093258250039124135e+00 9.948788271515833781e-01 2.013203948094487217e+00 2.614969456264752523e+00 1.755815112612506335e+00 2.198026754570217012e+00 1.517198044045939387e+00 1.283785778639992214e+00 1.721215898277942635e+00 6.534729262758461887e-01 1.182545082405544790e+00 1.579855582330911279e+00 1.918449682413943203e+00 2.592546083501043430e+00 6.269983155987244317e-01 7.656618493050508789e-01 1.615837222744012092e+00 8.349389681645654759e-01 1.124757517635508242e+00 1.031535540829279451e+00 2.464068426070078921e+00 2.021545532690845803e+00 1.427200552469116923e+00 1.656524058226111817e+00 2.020767414204066359e+00 5.381152662356231353e+00 1.198472669317695027e+00 1.695370340707367252e+00 3.721295976616839418e+00 1.286861464146713541e+00 1.229051215561817401e+00 4.481695374958231115e-01 2.198734864599882322e+00 7.064223527400376179e-01 9.059020683755268921e-01 6.927208632956698420e-01
4.985294117647059124e+02 6.332203418061101985e-01 4.106887598779400128e-01 8.094619653366212919e-01 7.965277898508341670e-01 3.854167477705630063e-01 2.763946888239325328e-01 1.101720342005470199e+00 1.304416982543824988e+00 2.609781363520572217e+00 2.678553727591424405e+00 5.125466907130301619e-01 2.626822289823299350e+00 2.551440445520656297e+00 2.686318633460958338e+00 2.684320050873219010e+00 3.479906242674694061e-01 3.308002483315634068e-01 2.676171737402526674e+00 2.705120447211970536e+00 1.051611168128426588e+00 1.857604654992604631e+00 1.896727517840354205e+00 1.903780319137206467e+00 1.872536345900029708e+00 2.391947313902946792e+00 2.654183195820723373e+00 4.462499828752360953e-01 2.948535648669985854e+00 2.680718093031106530e+00 9.702363768391755183e-01 9.861174143381136181e-01 4.422709728514339078e-01 1.029307189802006972e+00 2.850068452205752667e+00 1.026573182726714162e+00 2.185374805581581814e+00 9.566071891323764120e-01 1.794427604631827711e+00 8.449332486322176372e-01 1.726441474735032067e+00 2.246425484478027812e+00 1.498081039472530795e+00 1.879825346630131788e+00 1.293258220018919991e+00 1.094185330241461029e+00 1.468079973945748407e+00 5.545014437653238426e-01 1.008262154243986464e+00 1.350552866055925616e+00 1.644285312521092335e+00 2.226584057848954412e+00 5.314755140609638273e-01 6.496250243982468753e-01 1.378568296034232477e+00 7.098879611150458180e-01 9.583481270537070884e-01 8.787163932287119783e-01 2.112404297854234780e+00 1.732169782851265660e+00 1.219262557015656556e+00 1.417971916050826398e+00 1.732707274697979916e+00 4.657044935484963233e+00 1.019591917305225248e+00 1.448274781155278301e+00 3.201088205938860121e+00 1.095342009976620012e+00 1.045841192297490174e+00 3.789612436530790385e-01 1.885642125301874916e+00 5.994314364955033447e-01 7.689361298683217161e-01 5.876095459357059125e-01
4.994117647058823195e+02 5.374693875086650197e-01 3.469702345563555612e-01 6.884997596465787240e-01 6.773870109182700272e-01 3.255726671696532737e-01 2.327019661440740683e-01 9.395556211621782783e-01 1.114181513264169476e+00 2.241742523483279292e+00 2.301343661893757719e+00 4.339316290846692015e-01 2.256562766261271946e+00 2.191014673797679890e+00 2.308151940025747084e+00 2.306422280690058724e+00 2.936710270090620578e-01 2.790548869569541846e-01 2.299241328757938074e+00 2.324331988258981241e+00 8.939522995824104035e-01 1.591854976302233382e+00 1.625665726791608590e+00 1.631767789944128078e+00 1.600071955016866276e+00 2.054550518945709392e+00 2.281438093491102936e+00 3.767073222459111914e-01 2.536591931197524907e+00 2.303699965431345920e+00 8.258029042912801154e-01 8.400147040655219222e-01 3.738761284933035389e-01 8.769331430985854992e-01 2.451518229384940906e+00 8.723552286654923105e-01 1.875204421865302340e+00 8.123939076870002607e-01 1.536887259259910543e+00 7.169714528843494916e-01 1.479204825455702643e+00 1.928089062855147473e+00 1.277062048004081518e+00 1.606270062138218879e+00 1.101412123314040814e+00 9.317748970877666181e-01 1.251079052769102695e+00 4.701174236286609909e-01 8.589155345542576203e-01 1.153514339248933984e+00 1.408046986761422259e+00 1.910564838873212823e+00 4.501221145647615884e-01 5.507027461646668565e-01 1.175111894256857914e+00 6.030459926528397574e-01 8.158493169348920437e-01 7.478868099332310893e-01 1.809314995366909873e+00 1.482897103250431226e+00 1.040705081626400519e+00 1.212698065018258831e+00 1.484385250773497145e+00 4.026649972346232786e+00 8.666609883534976966e-01 1.236105818631122233e+00 2.751114742048716533e+00 9.315185987023514302e-01 8.891719959681235741e-01 3.201704334625786186e-01 1.615689754436805847e+00 5.082099700953750521e-01 6.521198117043939257e-01 4.980219807925135300e-01
5.002941176470587834e+02 4.558108987928545797e-01 2.928942484417992875e-01 5.851133815275146866e-01 5.755750252694175062e-01 2.747924098671084003e-01 1.957559424068518183e-01 8.005684693988004419e-01 9.508628582973833732e-01 1.923894042228750267e+00 1.975495549512801041e+00 3.670668759046825658e-01 1.936769042503947880e+00 1.879833476956912941e+00 1.981456935798825203e+00 1.979961440928191374e+00 2.476256308566592290e-01 2.352095612513319667e-01 1.973643167059595305e+00 1.995368304470273024e+00 7.592822870048312467e-01 1.362922502795097079e+00 1.392113801232892190e+00 1.397388008339401244e+00 1.366062606612457930e+00 1.763176995080753207e+00 1.959292394328160603e+00 3.177388928751646024e-01 2.180250070546422059e+00 1.977943220593601836e+00 7.022683918523757729e-01 7.149435362186645770e-01 3.157950668334217337e-01 7.464733980339053332e-01 2.106816294189278516e+00 7.406740620422870292e-01 1.607632358414772700e+00 6.893359783312902334e-01 1.315153232691403495e+00 6.078743878528026778e-01 1.266258818227042893e+00 1.653397214020163375e+00 1.087712609229867455e+00 1.371328451082208355e+00 9.372196398641216009e-01 7.927900774261935624e-01 1.065235823367923773e+00 3.982390625902841319e-01 7.310616099896365405e-01 9.843667463675435103e-01 1.204691003294048102e+00 1.637947211840875550e+00 3.809016851898209266e-01 4.664507065201683456e-01 1.000819420540663085e+00 5.118490255333104644e-01 6.939435822051630565e-01 6.359909331683564204e-01 1.548351382826961942e+00 1.268383380070726041e+00 8.875271218552447383e-01 1.036234972932697840e+00 1.270533056019153006e+00 3.478412510072961705e+00 7.360410007681297273e-01 1.054105167825314604e+00 2.362287612400448822e+00 7.915209958208675456e-01 7.553276126506518473e-01 2.702756039814570022e-01 1.383165997295491056e+00 4.305074686104574666e-01 5.525834755649883245e-01 4.217378024656173174e-01
5.011764705882353041e+02 3.862362059359189526e-01 2.470437419038635229e-01 4.968329441495090149e-01 4.886539174311598233e-01 2.317427385111078819e-01 1.645430494420339063e-01 6.815607467957593979e-01 8.107883617848858915e-01 1.649664717251500434e+00 1.694296453685037340e+00 3.102489257661351640e-01 1.660837895503978645e+00 1.611435854609467810e+00 1.699509352674233975e+00 1.698217572008352549e+00 2.086297236259216648e-01 1.980920285796832214e-01 1.692666981053314812e+00 1.711459552301138221e+00 6.443579323175329110e-01 1.165900696602951703e+00 1.191079369024001133e+00 1.195633531508886849e+00 1.165275950887489698e+00 1.511799417998051620e+00 1.681155539846692637e+00 2.677825815294468947e-01 1.872314527700239539e+00 1.696759020418217467e+00 5.967094718008465470e-01 6.079787956274247396e-01 2.665179247954327368e-01 6.348831448985001735e-01 1.808986092812047586e+00 6.283425031601320709e-01 1.377036926961148211e+00 5.844289446157506784e-01 1.124434757532889684e+00 5.149482062110283254e-01 1.083027905602509389e+00 1.416601338747315308e+00 9.256505105204435591e-01 1.169745895882839282e+00 7.968288908122245218e-01 6.739655880697782431e-01 9.062290577015887916e-01 3.370702380941223986e-01 6.217120238361434348e-01 8.393027702737116957e-01 1.029812154182096817e+00 1.403003481717390422e+00 3.220594750373609871e-01 3.947603104962561504e-01 8.516536850379426982e-01 4.340795853567299134e-01 5.897543579286399495e-01 5.403798041127294560e-01 1.323879197725814860e+00 1.083962648850566035e+00 7.562482155472111112e-01 8.846868635296492034e-01 1.086546954403211585e+00 3.002115541968440215e+00 6.245825996491156662e-01 8.981339212685339746e-01 2.026633210759756221e+00 6.719975594111811112e-01 6.410910591358435218e-01 2.279695462835922837e-01 1.183078483290483263e+00 3.643822733163356586e-01 4.678503589244318861e-01 3.568421097975881251e-01
5.020588235294118249e+02 3.270120127349479544e-01 2.082027036200847225e-01 4.215217778413755112e-01 4.145150996736402527e-01 1.952797677887036509e-01 1.381970879829976517e-01 5.797569242126051625e-01 6.907645009022440608e-01 1.413300736456835072e+00 1.451866761016714413e+00 2.620123140430291597e-01 1.422986876260437628e+00 1.380166383115676076e+00 1.456419226142324996e+00 1.455304452718770403e+00 1.756337450264957023e-01 1.666981631969522704e-01 1.450435616598286570e+00 1.466675774967063361e+00 5.463755205272829985e-01 9.965060129793531507e-01 1.018202962843318238e+00 1.022131561395505095e+00 9.931600772735857952e-01 1.295140409456072783e+00 1.441251802124012160e+00 2.254991976294088984e-01 1.606472706398731853e+00 1.454287251547830007e+00 5.065951190976667462e-01 5.165853988497041138e-01 2.247481336576318267e-01 5.395230997016494667e-01 1.551908322132072415e+00 5.326064562447806461e-01 1.178502196551550085e+00 4.950785595650274429e-01 9.605521421438819596e-01 4.358691370221195460e-01 9.255183398313011622e-01 1.212672878083413064e+00 7.870744595033941637e-01 9.969511783966257257e-01 6.769024636047894505e-01 5.724726285286225735e-01 7.703118757039404407e-01 2.850631862144940021e-01 5.282767472247758000e-01 7.150120493670998334e-01 8.795679594639096432e-01 1.200725015977035737e+00 2.720852746422320889e-01 3.338147766254446203e-01 7.241129595000118657e-01 3.678222758499627432e-01 5.007905297502284192e-01 4.587600538797356187e-01 1.130982513983216808e+00 9.255663339003540324e-01 6.438445954144492722e-01 7.546609727566155890e-01 9.284091989377187826e-01 2.588738168072074242e+00 5.295634764101324610e-01 7.645965006530834884e-01 1.737165094787130659e+00 5.700493533334861640e-01 5.436808174715742625e-01 1.921304912847858759e-01 1.011069348631192577e+00 3.081612085274793578e-01 3.957853818527974354e-01 3.016854354034523289e-01
5.029411764705882888e+02 2.766443454449395434e-01 1.753287955476452165e-01 3.573336065368717951e-01 3.513369182644837108e-01 1.644231455691646526e-01 1.159785970364584501e-01 4.927510577377297585e-01 5.880176653511411944e-01 1.209770153018730809e+00 1.243063065310466619e+00 2.210977584488555414e-01 1.218158518636863752e+00 1.181080988916848984e+00 1.247033725270416671e+00 1.246072598022984756e+00 1.477392195141366271e-01 1.401687742480174914e-01 1.241808040714849293e+00 1.255829066828042295e+00 4.629140499091242700e-01 8.510033025617432800e-01 8.696824570181408420e-01 8.730681795838991510e-01 8.457597116924797653e-01 1.108584941176949279e+00 1.234525851064119495e+00 1.897419141487874661e-01 1.377193546508463484e+00 1.245400234905944759e+00 4.297365314194287467e-01 4.385688449527799238e-01 1.893735131859525800e-01 4.581081597266786765e-01 1.330222233529566589e+00 4.510887862429890371e-01 1.007734632502151229e+00 4.190473268760359082e-01 8.198632179651919039e-01 3.686349158817793237e-01 7.902484074088795829e-01 1.037218527157165893e+00 6.686909513417014228e-01 8.489723600132809134e-01 5.745520771150901540e-01 4.858633795953767320e-01 6.542391761504017245e-01 2.408856602225037946e-01 4.485135977539095320e-01 6.086197191451445665e-01 7.506108326065172864e-01 1.026737317859344634e+00 2.296807848199543534e-01 2.820505086864596445e-01 6.151634888408369362e-01 3.114245204047340621e-01 4.248972830878780527e-01 3.891484672137755507e-01 9.653773995244758765e-01 7.896510825921138066e-01 5.476923514640842372e-01 6.432061210157735687e-01 7.926177293347306252e-01 2.230325975273522499e+00 4.486331592587434747e-01 6.503730433952221723e-01 1.487769407512687048e+00 4.831718921667415012e-01 4.606946452681373594e-01 1.617968653134615464e-01 8.633392348647087600e-01 2.604040776975894977e-01 3.345500924660275710e-01 2.548485540578379061e-01
5.038235294117646959e+02 2.338474327849718870e-01 1.475298243712502566e-01 3.026755126008711660e-01 2.975480058881918022e-01 1.383338825018413654e-01 9.725719090066170525e-02 4.184608280531900704e-01 5.001427560740662193e-01 1.034679758769884383e+00 1.063393561126348308e+00 1.864247356373931741e-01 1.041936865062947248e+00 1.009864574844895779e+00 1.066852474894164571e+00 1.066024567339562523e+00 1.241781006663345288e-01 1.177697349890417383e-01 1.062294607992427586e+00 1.074388378002051558e+00 3.918861614670526294e-01 7.261409678591984607e-01 7.422072149494524096e-01 7.451223245270226503e-01 7.196434766502238789e-01 9.481039596639645461e-01 1.056560323853800165e+00 1.595300397571323692e-01 1.179639006816048941e+00 1.065618683203063188e+00 3.642437572183420680e-01 3.720323930794913747e-01 1.594414284692847739e-01 3.886629312393730107e-01 1.139239627827434376e+00 3.817408264971612897e-01 8.609905095362966332e-01 3.544083437112654500e-01 6.991993908257346790e-01 3.115228793379273275e-01 6.741877485270779680e-01 8.864063796785055516e-01 5.676508601685248401e-01 7.223636746630378580e-01 4.872819848116966557e-01 4.120229554667331207e-01 5.552048064071193334e-01 2.033926182944632843e-01 3.804845245909356799e-01 5.176330795109755911e-01 6.400290669561606860e-01 8.772260642761758875e-01 1.937315241804317412e-01 2.381238068733820545e-01 5.221810409920494278e-01 2.634626455909169218e-01 3.602135693542493078e-01 3.298326657650221816e-01 8.233366936462364061e-01 6.731359379908443685e-01 4.655181425066609036e-01 5.477593599030496918e-01 6.761249243729128278e-01 1.919877455333555805e+00 3.797652974022808214e-01 5.527607047528182438e-01 1.273104834893338477e+00 4.092047537756215436e-01 3.900610125897200908e-01 1.361455909426979027e-01 7.365810807050395814e-01 2.198730601700780718e-01 2.825638028698846949e-01 2.151121444797089166e-01
5.047058823529412166e+02 1.975154211607308696e-01 1.240426227327232067e-01 2.561740793454149179e-01 2.517937923347279838e-01 1.162944332310426598e-01 8.149581561824147113e-02 3.550852223690242337e-01 4.250556259797722003e-01 8.841965777678898464e-01 9.089381470663814300e-01 1.570667077287174196e-01 8.904687162310007675e-01 8.627536455634956525e-01 9.119476138539803767e-01 9.112351080990052088e-01 1.042942657812221535e-01 9.887418276849861687e-02 9.079772501767758852e-01 9.183990148171121692e-01 3.314933479329136290e-01 6.190902483775372334e-01 6.328965116228026933e-01 6.354040912615180892e-01 6.118365048077794022e-01 8.101823674667472108e-01 9.034979597006121965e-01 1.340254936926386364e-01 1.009580095723535909e+00 9.110324231669288952e-01 3.084859804251940396e-01 3.153377542831816704e-01 1.341364341380625325e-01 3.294808924990881294e-01 9.748632391608954562e-01 3.227981579599278894e-01 7.350077307357016920e-01 2.995032859231351874e-01 5.958059200776403275e-01 2.630518939682298662e-01 5.747006194047651340e-01 7.568964288419218756e-01 4.814911354713060088e-01 6.141378544595450517e-01 4.129370680133866989e-01 3.491253374462164882e-01 4.707838062776923405e-01 1.716005688124154771e-01 3.225154700515301398e-01 4.398922369584347125e-01 5.452917960860864666e-01 7.488676484823547641e-01 1.632814288591548924e-01 2.008806984321387379e-01 4.428971416453943433e-01 2.227109874520642185e-01 3.051331210685805928e-01 2.793351037948587079e-01 7.016198635014557761e-01 5.733438064746513296e-01 3.953536801184596716e-01 4.660964001934534418e-01 5.762804425139608222e-01 1.651234149321653577e+00 3.212141235326345656e-01 4.694194913834139338e-01 1.088508212448016765e+00 3.462855555707137767e-01 3.299947568472975656e-01 1.144726068998492829e-01 6.279183109408038588e-01 1.855049738972027740e-01 2.384683438958032087e-01 1.814293224973231589e-01
5.055882352941176805e+02 1.666985962443713332e-01 1.042153004812911982e-01 2.166469134229288829e-01 2.129083350452008194e-01 9.769198510585133666e-02 6.823756063275637773e-02 3.010689038276605500e-01 3.609530513960713116e-01 7.549818618087389410e-01 7.762812760420473301e-01 1.322303278599182008e-01 7.603973988967691611e-01 7.364710788491398707e-01 7.788965868386419356e-01 7.782839408881068177e-01 8.752798706823554376e-02 8.294759382806966841e-02 7.754422623428046668e-01 7.844149965522845269e-01 2.801882911269053533e-01 5.273941720768730024e-01 5.392477135112530018e-01 5.414027611987842770e-01 5.197637188760311222e-01 6.917584675313611653e-01 7.719760991012550866e-01 1.125130766501032248e-01 8.633263267180398826e-01 7.782336290806964874e-01 2.610581004573224728e-01 2.670720164301521593e-01 1.127615100390610275e-01 2.790900346191385606e-01 8.335181747829726318e-01 2.727434262061432246e-01 6.269484484465741581e-01 2.529070734417968036e-01 5.072916652885022248e-01 2.219503612782054991e-01 4.894981634492837075e-01 6.457821510586924107e-01 4.080857258581338520e-01 5.217091419130884811e-01 3.496591555125561079e-01 2.955963032402170731e-01 3.988838112288548565e-01 1.446660040612415821e-01 2.731626035555201337e-01 3.735285757913286431e-01 4.642026658141615303e-01 6.387707106369182597e-01 1.375115176121011751e-01 1.693315943071467544e-01 3.753538337798759672e-01 1.881159124448178455e-01 2.582716654644375831e-01 2.363827806403721865e-01 5.974139363765706978e-01 4.879522016887543612e-01 3.354974158890132729e-01 3.962898847854831041e-01 4.907830975522894934e-01 1.418988503970858517e+00 2.714778417739328598e-01 3.983266676789677385e-01 9.299150554979056515e-01 2.928112321859205336e-01 2.789597863155733881e-01 9.617650099421705401e-02 5.348527738447289570e-01 1.563879617043209269e-01 2.010984461080362051e-01 1.529025549620333102e-01
5.064705882352940876e+02 1.405821786360596515e-01 8.749158696657016732e-02 1.830771458418790631e-01 1.798891033526726635e-01 8.200369372787598421e-02 5.709407867400161096e-02 2.550701402965090403e-01 3.062765451925077986e-01 6.441306672846517367e-01 6.624503319664708512e-01 1.112369783243063182e-01 6.488020729441056345e-01 6.281665052071356836e-01 6.647204721429698093e-01 6.641941495962253583e-01 7.340224899086955634e-02 6.953463331645276524e-02 6.617187399643723600e-01 6.694369718760984078e-01 2.366411652877203342e-01 4.489210469304374396e-01 4.590890565641145282e-01 4.609394634194605156e-01 4.411985057666596988e-01 5.901684745258279907e-01 6.590665882890700544e-01 9.438305976208122283e-02 7.376607992445031181e-01 6.642556651256559253e-01 2.207507719976306848e-01 2.260179289377132195e-01 9.472146120851719642e-02 2.362219786949590616e-01 7.120888561215681367e-01 2.302731041352607533e-01 5.343466459523240619e-01 2.133963360582476487e-01 4.315833812008891823e-01 1.871277007518634683e-01 4.165949452957241617e-01 5.505370699572150750e-01 3.456014215092939601e-01 4.428417430874122540e-01 2.958478028430090445e-01 2.500801309866512723e-01 3.377013501717642252e-01 1.218662155058156671e-01 2.311819703581301233e-01 3.169272166781451627e-01 3.948577160920138107e-01 5.444227312638049154e-01 1.157209488199173464e-01 1.426287340645162882e-01 3.178629647003831660e-01 1.587726110052354034e-01 2.184374964598245761e-01 1.998800782957002586e-01 5.082797698328785918e-01 4.149484784898180290e-01 2.844799732508365153e-01 3.366715706149144838e-01 4.176370576401087220e-01 1.218397969930380187e+00 2.292658738943464947e-01 3.377356147249478968e-01 7.937867381480819828e-01 2.474033722966453297e-01 2.356357085074096136e-01 8.074406525154241565e-02 4.552173532319309102e-01 1.317407577141710140e-01 1.694553619485021922e-01 1.287631440008769890e-01
5.073529411764706083e+02 1.184679216213940789e-01 7.339730343068576190e-02 1.545912317578924666e-01 1.518750341663188674e-01 6.878394908244674089e-02 4.773564018153704513e-02 2.159327762762285052e-01 2.596806943393116796e-01 5.491184993894334676e-01 5.648613212419903995e-01 9.350680558007931631e-02 5.531441922861423111e-01 5.353636809831419097e-01 5.668296043134707363e-01 5.663778330519284587e-01 6.151095041768907257e-02 5.824783181653663683e-02 5.642242400754472476e-01 5.708574874108733876e-01 1.997103383186518144e-01 3.818235727019533288e-01 3.905381276923550748e-01 3.921255476356546033e-01 3.742177922448764460e-01 5.030975756544000532e-01 5.622226983118324695e-01 7.911617829712934424e-02 6.297828420150665130e-01 5.665190614062941554e-01 1.865242920317190800e-01 1.911279903327420815e-01 7.950858359877963077e-02 1.997850369512607638e-01 6.078632969998857272e-01 1.942685962287442891e-01 4.550619637187129363e-01 1.799220206991381521e-01 3.668855607542216291e-01 1.576496024636488691e-01 3.542707561509962355e-01 4.689676758906489717e-01 2.924593130154531928e-01 3.756046931061806649e-01 2.501260973535446852e-01 2.114105920064243138e-01 2.856837115547551376e-01 1.025826721548206560e-01 1.955030391930279443e-01 2.686941657259382943e-01 3.356083873920148175e-01 4.636429904248542400e-01 9.731063124624242389e-02 1.200466576220830112e-01 2.689706609235798518e-01 1.339049366549400488e-01 1.846058385739600682e-01 1.688851005640679692e-01 4.321048581168392966e-01 3.525905385333938935e-01 2.410339194145936781e-01 2.857991657385096640e-01 3.551133691516837887e-01 1.045308424064764763e+00 1.934703874649989497e-01 2.861398664631288891e-01 6.770461341344866657e-01 2.088780567969546753e-01 1.988888054419806761e-01 6.773782183690266190e-02 3.871343156958756415e-01 1.108947128934958809e-01 1.426840123184958675e-01 1.083534483874369764e-01
5.082352941176471290e+02 9.975809720599380925e-02 6.152868011534384785e-02 1.304395867371536955e-01 1.281273946361430605e-01 5.765336907842487368e-02 3.988257530276183987e-02 1.826617028360489337e-01 2.200053571358632221e-01 4.677541246676820141e-01 4.812707530958966196e-01 7.854488075664757540e-02 4.712201131160478895e-01 4.559139671999268284e-01 4.829754160069433255e-01 4.825879661202086002e-01 5.150872816031593776e-02 4.875781656404007403e-02 4.807166893741706137e-01 4.864124971165157962e-01 1.684168210319648418e-01 3.245027852808678448e-01 3.319652359896803628e-01 3.333258536017898455e-01 3.171625701554002807e-01 4.285366304644429025e-01 4.792321118376469125e-01 6.627067923743376610e-02 5.372571034387879640e-01 4.827836899233896029e-01 1.574858070661223075e-01 1.615017895022535233e-01 6.669026657712900930e-02 1.688406615051839810e-01 5.184836825732797028e-01 1.637710680049462575e-01 3.872389027711474752e-01 1.515855422990559365e-01 3.116450533384373389e-01 1.327165155920418949e-01 3.010369349580849230e-01 3.991718166372631438e-01 2.473010509791667422e-01 3.183322168773722316e-01 2.113107649574078595e-01 1.785855862573475505e-01 2.414955940887950070e-01 8.628657856698357387e-02 1.652055544075118620e-01 2.276274849421539015e-01 2.850289346265648671e-01 3.945410021315788329e-01 8.176899967216408327e-02 1.009652291827717319e-01 2.274262287772834679e-01 1.128478430135842342e-01 1.558964516589302907e-01 1.425890097714783700e-01 3.670617355845513519e-01 2.993722202097512386e-01 2.040672617369443942e-01 2.424271762763414717e-01 3.017160228203515371e-01 8.960857907655591648e-01 1.631414729430382127e-01 2.422415718708099408e-01 5.770206646938114137e-01 1.762195453226634012e-01 1.677467203240466942e-01 5.678524503785863098e-02 3.289785826793151791e-01 9.327818392872647135e-02 1.200531094443577501e-01 9.111144636467014002e-02
5.091176470588234793e+02 8.394157213850148014e-02 5.154225375191825997e-02 1.099796888913301962e-01 1.080130804236151404e-01 4.828928723644605736e-02 3.329791186812532111e-02 1.544013598986129221e-01 1.862512644654025773e-01 3.981377763451299234e-01 4.097330346636338660e-01 6.592920215998998579e-02 4.011191287069181821e-01 3.879551374327618873e-01 4.112077743087850790e-01 4.108757657391910456e-01 4.310217182777817402e-02 4.078488484618258275e-02 4.092517749992319875e-01 4.141384193505690536e-01 1.419220015002268243e-01 2.755762479326502312e-01 2.819610894785110622e-01 2.831263017785412006e-01 2.686032350860478868e-01 3.647438191682604858e-01 4.081752475657174917e-01 5.547113331272261749e-02 4.579683883816600409e-01 4.111063798110929923e-01 1.328694021808280723e-01 1.363661936962583532e-01 5.589826564049707458e-02 1.425828374792462439e-01 4.419025147563849232e-01 1.379595043502302720e-01 3.292707641008537078e-01 1.276180235299555488e-01 2.645198697398715715e-01 1.116449314226478640e-01 2.556066630108609350e-01 3.395018928384698209e-01 2.089593163685017907e-01 2.695889076616176938e-01 1.783860484956552583e-01 1.507449811864379485e-01 2.039899105438652271e-01 7.252632976302578194e-02 1.394993062378105109e-01 1.926919799240446041e-01 2.418877040021677194e-01 3.354797680149662620e-01 6.865968688998283498e-02 8.485490983966328948e-02 1.921549354732667581e-01 9.503208957026169912e-02 1.315540654286190270e-01 1.202979834221187677e-01 3.115713038445061533e-01 2.539928218918569569e-01 1.726401989756650712e-01 2.054812531837757750e-01 2.561520387171655200e-01 7.675548094541957411e-01 1.374655022221927259e-01 2.049238393840575878e-01 4.913918090656717585e-01 1.485573236237368866e-01 1.413763863637232943e-01 4.756944333081810500e-02 2.793453294162583367e-01 7.840297342804775083e-02 1.009379042317442438e-01 7.655734057978609564e-02
5.100000000000000000e+02 7.058171484210598590e-02 4.314615496392677774e-02 9.266136626696248879e-02 9.099008855486287461e-02 4.041755077258751827e-02 2.778105377828127276e-02 1.304169595867624154e-01 1.575586483336054444e-01 3.386242535780682461e-01 3.485628283966044627e-01 5.530031681240901720e-02 3.411864097137408125e-01 3.298750237748730996e-01 3.498372939776774881e-01 3.495530282518593546e-01 3.604225755337078091e-02 3.409175045102275092e-02 3.481453186036207459e-01 3.523341986539659243e-01 1.195082699269149756e-01 2.338500585954385591e-01 2.393083463296324931e-01 2.403053695418227720e-01 2.273092064201943652e-01 3.102107893181895171e-01 3.473884268022639499e-01 4.639879686403901998e-02 3.900816697958028323e-01 3.498034689244621798e-01 1.120187465392350062e-01 1.150580673516064661e-01 4.681944212395009602e-02 1.203201120773671751e-01 3.763438074789778875e-01 1.161316390298784001e-01 2.797678477169774913e-01 1.073622568599310739e-01 2.243517640691067572e-01 9.385115447240006958e-02 2.168688361129142983e-01 2.885324054445582709e-01 1.764320298967796685e-01 2.281392184254645294e-01 1.504809196567163665e-01 1.271512859027091602e-01 1.721823179264584947e-01 6.091664337886496666e-02 1.177064781822961259e-01 1.629970388260791048e-01 2.051218917502104222e-01 2.850433837000651005e-01 5.761085036192085951e-02 7.126398335458619671e-02 1.622342477634301228e-01 7.997095021017411320e-02 1.109313239423808384e-01 1.014174890549961600e-01 2.642705969725988591e-01 2.153303096398556937e-01 1.459447871569358457e-01 1.740356962463610879e-01 2.173051583913749585e-01 6.569444136171318505e-01 1.157463094603626563e-01 1.732265467917157575e-01 4.181504888587411761e-01 1.251461280825447997e-01 1.190648251803191615e-01 3.982112245373298914e-02 2.370214882560083836e-01 6.585258059784436513e-02 8.480520701935886918e-02 6.428194792348711217e-02
5.108823529411765207e+02 5.930591885830357318e-02 3.609260306569297277e-02 7.801401515783855378e-02 7.659488688389939903e-02 3.380545684548617175e-02 2.316236176649908926e-02 1.100781081839103392e-01 1.331885575253693721e-01 2.877903980014570595e-01 2.963018737595329855e-01 4.635235709882321031e-02 2.899903350316084261e-01 2.802794978741676157e-01 2.974021085156355881e-01 2.971589192130670298e-01 3.011784120008210303e-02 2.847730887068233505e-02 2.959401019520126463e-01 2.995278520715171644e-01 1.005621918173029566e-01 1.982942690527232377e-01 2.029566291320237248e-01 2.038090260954823763e-01 1.922223597663564876e-01 2.636328213212925098e-01 2.954313726885314240e-01 3.878332007387044755e-02 3.320067833861070627e-01 2.974177838990278433e-01 9.437200711981184875e-02 9.700921559526774762e-02 3.918778247708994134e-02 1.014599287918232923e-01 3.202688202308871523e-01 9.768739785785382490e-02 2.375294795169957951e-01 9.025706435791021331e-02 1.901421640723380546e-01 7.883722826304047360e-02 1.838651210317925611e-01 2.450313803094729126e-01 1.488598681887949859e-01 1.929207736563348929e-01 1.268492368729672304e-01 1.071728230419943390e-01 1.452290134635511876e-01 5.112915271070635898e-02 9.924626725631467694e-02 1.377772570394714957e-01 1.738153959591673126e-01 2.420085335238915947e-01 4.830595029866911055e-02 5.980751249975061606e-02 1.368731074978941087e-01 6.724867976401228964e-02 9.347394670475595024e-02 8.543860484222755292e-02 2.239844796590087783e-01 1.824178313277478591e-01 1.232871813316285814e-01 1.472937468272274841e-01 1.842127391397126446e-01 5.618391172162180425e-01 9.738885131012005314e-02 1.463252164414740042e-01 3.555577172303018285e-01 1.053485830895363601e-01 1.002024686827238942e-01 3.331166316061068972e-02 2.009607205587293499e-01 5.527203177251482219e-02 7.120044028134014935e-02 5.393666145345558938e-02
5.117647058823529278e+02 4.979653684618056547e-02 3.017145341697863650e-02 6.563550574342350008e-02 6.443146113763992266e-02 2.825567913201575479e-02 1.929851345541443164e-02 9.284453503943630726e-02 1.125065541704224487e-01 2.444064902315327692e-01 2.516897865396006684e-01 3.882531198180805970e-02 2.462937564447189032e-01 2.379643085513351575e-01 2.526386333124240879e-01 2.524307517987388616e-01 2.515007090211556287e-02 2.377128556895773126e-02 2.513766758350422514e-01 2.544470331829044585e-01 8.455992542295352743e-02 1.680213370568693632e-01 1.720006059833638079e-01 1.727287552317166019e-01 1.624338208179831877e-01 2.238825802514422536e-01 2.510585973741841226e-01 3.239562276120587503e-02 2.823672880379670125e-01 2.526895686054854151e-01 7.944873543311671560e-02 8.173330146688430331e-02 3.277752875963006046e-02 8.549501691875294185e-02 2.723458551657286786e-01 8.211455280001224433e-02 2.015194369079330861e-01 7.582375175237837661e-02 1.610310926714692559e-01 6.617877684785512804e-02 1.557698458204233027e-01 2.079352657232097779e-01 1.255067004984644907e-01 1.630210741744946012e-01 1.068525082879623611e-01 9.026911159744739621e-02 1.224074288128943200e-01 4.288428024772564934e-02 8.362152187346869048e-02 1.163755339619464563e-01 1.471794196997461279e-01 2.053194552368529657e-01 4.047579406247583944e-02 5.015779622553411671e-02 1.153939080380585180e-01 5.651052534926738480e-02 7.870783914498463707e-02 7.192614714627158790e-02 1.897008602856185278e-01 1.544231547246279479e-01 1.040721480602270071e-01 1.245703624135130194e-01 1.560455194409133273e-01 4.801358365068409961e-01 8.188503637153571324e-02 1.235125935391244850e-01 3.021099639471518938e-01 8.862014899148318303e-02 8.426869241562900958e-02 2.784716782239306243e-02 1.702614780254525784e-01 4.635909595980476638e-02 5.973643473173159690e-02 4.522478045780842226e-02
5.126470588235293917e+02 4.178303811536707157e-02 2.520464880929230642e-02 5.518255932738652669e-02 5.416181543149284350e-02 2.360104800746059064e-02 1.606853236057593712e-02 7.825368262806309261e-02 9.496848793670137345e-02 2.074110826746562997e-01 2.136383676004836585e-01 3.249836423665879159e-02 2.090287169139459222e-01 2.018903231403358089e-01 2.144558326631920420e-01 2.142782735041190989e-01 2.098759005657424917e-02 1.982964483867456426e-02 2.133676814164158220e-01 2.159931285962617686e-01 7.105457799524830809e-02 1.422672307257648316e-01 1.456607804155697905e-01 1.462822869701057849e-01 1.371637197933805452e-01 1.899870385854579846e-01 2.131942071554140394e-01 2.704177740311486042e-02 2.399730243831769694e-01 2.145308975255417472e-01 6.683848978541960528e-02 6.881446762322586397e-02 2.739726849949813969e-02 7.199154752288741688e-02 2.314236339223535721e-01 6.897629199269733613e-02 1.708443634475601269e-01 6.365438743363792395e-02 1.362787006523655808e-01 5.551448187380030735e-02 1.318723788945280473e-01 1.763268793927444122e-01 1.057425577057928140e-01 1.376571477946056388e-01 8.994490268651865461e-02 7.597816215785903327e-02 1.030994264735037580e-01 3.594421907777640285e-02 7.040711612716468726e-02 9.822832159915742545e-02 1.245354856728018572e-01 1.740659479548785915e-01 3.389167393809633388e-02 4.203612860491721254e-02 9.721680464348528283e-02 4.745407539262039287e-02 6.622789513460475286e-02 6.050835215791951910e-02 1.605489772623031330e-01 1.306306623142192425e-01 8.778956927156303380e-02 1.052771571624742247e-01 1.320898775557521887e-01 4.100055303787095706e-01 6.880144804837952377e-02 1.041826018989860519e-01 2.565086572707631629e-01 7.449605299689297799e-02 7.081927878831863199e-02 2.326334265540792173e-02 1.441477801216852483e-01 3.885669749438173948e-02 5.008375462038178183e-02 3.789402553667510498e-02
5.135294117647058556e+02 3.503524208980740573e-02 2.104146079303156544e-02 4.636242147251504186e-02 4.549775281909414909e-02 1.970007333200056790e-02 1.337039697524164926e-02 6.590991675435002584e-02 8.010811620083517492e-02 1.758889325235059309e-01 1.812090635607585820e-01 2.718415910676386799e-02 1.772742783398472688e-01 1.711618272783248518e-01 1.819126434006272941e-01 1.817611011723671566e-01 1.750242931754268302e-02 1.653065858456863324e-02 1.809753136090026804e-01 1.832185268148480428e-01 5.966527082080645694e-02 1.203749210293113131e-01 1.232666903563613692e-01 1.237967483451867107e-01 1.157435480989363746e-01 1.611072289659479795e-01 1.809097904969995951e-01 2.255776685362064632e-02 2.037959922975310645e-01 1.820032276201301036e-01 5.619097735444197883e-02 5.789747367138885215e-02 2.288486181667050146e-02 6.057886826421182008e-02 1.965079065557259197e-01 5.790047700527884561e-02 1.447348778164332106e-01 5.340167562192337652e-02 1.152491382999698832e-01 4.653700884123736226e-02 1.115617262311648233e-01 1.494160857058534075e-01 8.902886219115188626e-02 1.161578467848818769e-01 7.566026218186153174e-02 6.390546470630531495e-02 8.677673185725373606e-02 3.010688513336260558e-02 5.923987452112040863e-02 8.285279177606617862e-02 1.053006017335417210e-01 1.474641199043382478e-01 2.835946255972838365e-02 3.520570010328134131e-02 8.184610094170144401e-02 3.982178639852789609e-02 5.568829846332663813e-02 5.086794730106468376e-02 1.357804289139418474e-01 1.104256423371967194e-01 7.400270933129789175e-02 8.890927827208171264e-02 1.117323374294681565e-01 3.498592334059986153e-01 5.776872847313275355e-02 8.781638269150872367e-02 2.176334203579498860e-01 6.257999631537537744e-02 5.947557153217641196e-02 1.942110774225399433e-02 1.219524079641347569e-01 3.254637760560362414e-02 4.196235655897660732e-02 3.173009224194853206e-02
5.144117647058823195e+02 2.935748634236240440e-02 1.755441305240331568e-02 3.892566793893194321e-02 3.819377661548889469e-02 1.643311100469205255e-02 1.111814873996703514e-02 5.547518023583858371e-02 6.752634775369180387e-02 1.490516856701221138e-01 1.535932323931383792e-01 2.272388304102654008e-02 1.502371051345483266e-01 1.450075256182705441e-01 1.541982078895835495e-01 1.540689707085398652e-01 1.458649201071705523e-02 1.377154587168824031e-02 1.533915988523978091e-01 1.553067169245059553e-01 5.006770251848597503e-02 1.017799709955850562e-01 1.042422465138115872e-01 1.046939555953707579e-01 9.760083242222064581e-02 1.365205281362316947e-01 1.534050307510132494e-01 1.880499887444947449e-02 1.729491885824093744e-01 1.542977264923377501e-01 4.720753120729328373e-02 4.867915737040337532e-02 1.910309208098818351e-02 5.094061405798102488e-02 1.667409346797978642e-01 4.857037323289031122e-02 1.225290476125359546e-01 4.477022771370980925e-02 9.739649304242295469e-02 3.898519100202058746e-02 9.431310007365792392e-02 1.265228997337514705e-01 7.490561588141241012e-02 9.794844805210617400e-02 6.360086325167324528e-02 5.371446293458582294e-02 7.298831499224490982e-02 2.520071389648797372e-02 4.980984866291156277e-02 6.983568662973142771e-02 8.897433832752955907e-02 1.248395569841213998e-01 2.371453962273339586e-02 2.946548950644319737e-02 6.885845537535563443e-02 3.339453690005196596e-02 4.679413290068623610e-02 4.273442663524002622e-02 1.147526350742090751e-01 9.328059410314078204e-02 6.233802972849548235e-02 7.503398278895323514e-02 9.444605467474705141e-02 2.983180540696086513e-01 4.847241431250715049e-02 7.397018772200961156e-02 1.845186327940599724e-01 5.253439158299660211e-02 4.991511164112262533e-02 1.620283618606060613e-02 1.031022487389442466e-01 2.724267045993556194e-02 3.513441056369792648e-02 2.655110730630450694e-02
5.152941176470587834e+02 2.458360716184632144e-02 1.463579276294886371e-02 3.265999383419213725e-02 3.204096245984806163e-02 1.369908147761971125e-02 9.239427051224408105e-03 4.666089355721709381e-02 5.688190751529317857e-02 1.262209765829451213e-01 1.300948763990272539e-01 1.898304034788745112e-02 1.272344860119436760e-01 1.227639428009146688e-01 1.306145710455444420e-01 1.305044389861582665e-01 1.214855052868345046e-02 1.146560183757499782e-02 1.299211295079281403e-01 1.315548729485808144e-01 4.198600702356941605e-02 8.599797482694697404e-02 8.809294704476522408e-02 8.847758895430794801e-02 8.224582355742503237e-02 1.156051573721987163e-01 1.299907490195224835e-01 1.566647078702691070e-02 1.466680587537194935e-01 1.307180626426557579e-01 3.963374512367168201e-02 4.090104946847843842e-02 1.593594115804090536e-02 4.280701582944279604e-02 1.413835139285030684e-01 4.071665619544966030e-02 1.036579611690346542e-01 3.750904116156055651e-02 8.225253711351283858e-02 3.263730176202139094e-02 7.967620648238435410e-02 1.070627265692558200e-01 6.298032073945951381e-02 8.253728778999681881e-02 5.342769555431592376e-02 4.511831632925131924e-02 6.134946451746323831e-02 2.108018680339711001e-02 4.185277079186251054e-02 5.882364175743645673e-02 7.512755880308719103e-02 1.056126220892519008e-01 1.981743613924278127e-02 2.464501508690316450e-02 5.789266939318776783e-02 2.798607155396443807e-02 3.929413177732421492e-02 3.587737905850297421e-02 9.691442966010993532e-02 7.874330777521172664e-02 5.247635594356816341e-02 6.328070382135798921e-02 7.977903294847434046e-02 2.541866837379899713e-01 4.064503239601463536e-02 6.226487597625458142e-02 1.563329030340862846e-01 4.407193867843237078e-02 4.186355806273411168e-02 1.350913616227525024e-02 8.710551628540369462e-02 2.278826644981907582e-02 2.939812531603150370e-02 2.220286396876435669e-02
5.161764705882353610e+02 2.057262177742675419e-02 1.219466768268752908e-02 2.738485853021300348e-02 2.686167624758153960e-02 1.141266558250465281e-02 7.673371574169373516e-03 3.922094784030943221e-02 4.788324089605699996e-02 1.068136697529461221e-01 1.101155461377211209e-01 1.584783196283458609e-02 1.076794955139833559e-01 1.038609184258450086e-01 1.105615653084028455e-01 1.104677838164330184e-01 1.011168219982629297e-02 9.539748139412789277e-03 1.099659855255002983e-01 1.113586293820506834e-01 3.518573766371513312e-02 7.261362042853687637e-02 7.439474084637510976e-02 7.472202298253705077e-02 6.925994388466917562e-02 9.782664664870947824e-02 1.100740610980633222e-01 1.304349421959662657e-02 1.242942635499878073e-01 1.106653632621293071e-01 3.325311838216437471e-02 3.434299283697363203e-02 1.328540235449127832e-02 3.594825524430365904e-02 1.197992340360027608e-01 3.411052825676427064e-02 8.763314367451159603e-02 3.140502648109783773e-02 6.941606679162107274e-02 2.730527205006830910e-02 6.726505129521689885e-02 9.053348353399882920e-02 5.291839001480845572e-02 6.950416079351023901e-02 4.485206712724360001e-02 3.787278693402575808e-02 5.153234849389929512e-02 1.762198999166270791e-02 3.514353434974030327e-02 4.951479588637994200e-02 6.339262666257561296e-02 8.928562723247132626e-02 1.655009865485787546e-02 2.059982636779504259e-02 4.864085737888715344e-02 2.343821796502870008e-02 3.297441892283091425e-02 3.010072923144231638e-02 8.179351447404203945e-02 6.642649689141837122e-02 4.414522700853158038e-02 5.333242678533162834e-02 6.734387347386350253e-02 2.164300435564308900e-01 3.405928997968157845e-02 5.237681716594444481e-02 1.323611330622257998e-01 3.694836210371574975e-02 3.508772467053573874e-02 1.125609817978551197e-02 7.354062373950422116e-02 1.904985986831128283e-02 2.458244407539288134e-02 1.855473285814222828e-02
5.170588235294118249e+02 1.720502107825591653e-02 1.015433939323837596e-02 2.294687417159355439e-02 2.250502639488723491e-02 9.501910011841164030e-03 6.368838296478021750e-03 3.294565110389004181e-02 4.028150599021755596e-02 9.032898008121836853e-02 9.314117983574717041e-02 1.322205704852090317e-02 9.106805197531059326e-02 8.780896404843220593e-02 9.352361924008195659e-02 9.344381999661675875e-02 8.411082571816400066e-03 7.932444456093557320e-03 9.301256910278016266e-02 9.419879990093162070e-02 2.946783094834656141e-02 6.127117752458092342e-02 6.278434339600823255e-02 6.306260987089909453e-02 5.828578508020844373e-02 8.272602342329239689e-02 9.314543193162096169e-02 1.085290098686174896e-02 1.052614823824553902e-01 9.362507552530148491e-02 2.788157762877669504e-02 2.881763769230322181e-02 1.106875722176341170e-02 3.016872992676878501e-02 1.014407310225576564e-01 2.855779725421710158e-02 7.403559337352591530e-02 2.627744587712737417e-02 5.854363966922501022e-02 2.282972501103073398e-02 5.674907813384546390e-02 7.650436988019830575e-02 4.443486966931056020e-02 5.849027657943918490e-02 3.762836367592693743e-02 3.177010384178460822e-02 4.325786484683696170e-02 1.472172035713874803e-02 2.949056869916986956e-02 4.165152863799449767e-02 5.345489462244072676e-02 7.543167021869499889e-02 1.381269058857351358e-02 1.720763969375807209e-02 4.084082279887018413e-02 1.961677507868484285e-02 2.765311266540963070e-02 2.523777477735295385e-02 6.898556783201593989e-02 5.599879564247303709e-02 3.711227713969017517e-02 4.491820812306235311e-02 5.680886309108969939e-02 1.841527299306980336e-01 2.852221468059703419e-02 4.403002445078030985e-02 1.119888532180269985e-01 3.095615890420813643e-02 2.938958841770986444e-02 9.372946309581941735e-03 6.204651494502267522e-02 1.591458787780498235e-02 2.054249400831052730e-02 1.549615635994049806e-02
5.179411764705882888e+02 1.437959101884821005e-02 8.450172118486625611e-03 1.921584275528367969e-02 1.884295615161351092e-02 7.906187500147555600e-03 5.282885399815280027e-03 2.765650761053259701e-02 3.386451847259479286e-02 7.633727608332985248e-02 7.873064320859841925e-02 1.102446406743711436e-02 7.696765428504905027e-02 7.418826514135692940e-02 7.905827126944468819e-02 7.899041871282180827e-02 6.992204189650353709e-03 6.591912461729320695e-03 7.862015752327433660e-02 7.962981967548483919e-02 2.466342212442328152e-02 5.166624786561702098e-02 5.295083309414957973e-02 5.318724917341777908e-02 4.901846084268828702e-02 6.990954317525954753e-02 7.876739317480667413e-02 9.024663808707113904e-03 8.908304500779000434e-02 7.915553990771469206e-02 2.336276552982374452e-02 2.416570192175012191e-02 9.216252401395841343e-03 2.530211565205175983e-02 8.583770211771003800e-02 2.389379418124084817e-02 6.250625395053460709e-02 2.197314135969805765e-02 4.934154456112660458e-02 1.907572224337872671e-02 4.784548261345471232e-02 6.460611660975150439e-02 3.728730419753581438e-02 4.918957573296924013e-02 3.154781614663887401e-02 2.663368406570959177e-02 3.628862064911796137e-02 1.229106470068755397e-02 2.473099555552893403e-02 3.501418567659345116e-02 4.504532809463179105e-02 6.368492390927679714e-02 1.152085623846759235e-02 1.436502991059549969e-02 3.426948786662995655e-02 1.640798479272095878e-02 2.317568387822076595e-02 2.114691814810569850e-02 5.814479662794555526e-02 4.717695966682206032e-02 3.117952384902559007e-02 3.780670353222338742e-02 4.789024656852392675e-02 1.565809744343982512e-01 2.387012381498871891e-02 3.698936345890253830e-02 9.468859470400196876e-02 2.591922550624537261e-02 2.460114194276268387e-02 7.800034797033724571e-03 5.231427377282620722e-02 1.328698175141966240e-02 1.715568988769910694e-02 1.293364877960153161e-02
5.188235294117646390e+02 1.201068173561197459e-02 7.027738966566165167e-03 1.608134130381939919e-02 1.576687788911520713e-02 6.574453967662754680e-03 4.379485728819021428e-03 2.320170465742792815e-02 2.845150524431078187e-02 6.447029063885606481e-02 6.650571475975448898e-02 9.186482619062089072e-03 6.500754417837259491e-02 6.263908111105631615e-02 6.678613981834084778e-02 6.672848658532762323e-02 5.809169258456019051e-03 5.474621287757892862e-03 6.641089192555348075e-02 6.726963933106529236e-02 2.062938201807495986e-02 4.353858353485844102e-02 4.462833391095759328e-02 4.482904705612774515e-02 4.119810984898044509e-02 5.903971433625287285e-02 6.656468228910852880e-02 7.499866425435429071e-03 7.534109825773119273e-02 6.687799658041497508e-02 1.956397800292824715e-02 2.025187900109304967e-02 7.669114539198694687e-03 2.120710164254816996e-02 7.258641028611677315e-02 1.997899959461102437e-02 5.273770775738920169e-02 1.836243245081504993e-02 4.155881725749611261e-02 1.592910888806905317e-02 4.031252285395819229e-02 5.452247254990100211e-02 3.126957119005844415e-02 4.134120246081384592e-02 2.643312055995352197e-02 2.231357531327821803e-02 3.042286814800942291e-02 1.025538131619054688e-02 2.072644713458610122e-02 2.941564269297027023e-02 3.793409171266710900e-02 5.373217394567774557e-02 9.603378524530319441e-03 1.198459290868567929e-02 2.873721587155034923e-02 1.371549655181924024e-02 1.941095147261681989e-02 1.770798526542187792e-02 4.897571871165466717e-02 3.971908619060516427e-02 2.617842229069132151e-02 3.180054854719522456e-02 4.034550274584117885e-02 1.330467350315291397e-01 1.996429263494839401e-02 3.105467474548661774e-02 8.000796709640319027e-02 2.168822999234010576e-02 2.057996113243202446e-02 6.487137680658230758e-03 4.407982358133898798e-02 1.108635157588049903e-02 1.431838869061483055e-02 1.078822403056086537e-02
5.197058823529412166e+02 1.002588529929893633e-02 5.841252615705831708e-03 1.344981117895020437e-02 1.318480419140423410e-02 5.463774455858172625e-03 3.628441170379374716e-03 1.945225430995972324e-02 2.388861190565021164e-02 5.441269507666275651e-02 5.614246269665927602e-02 7.650300094337122818e-03 5.487023230254928913e-02 5.285347722636772605e-02 5.638227790961382324e-02 5.633332535294917343e-02 4.823427852563863180e-03 4.544008074073121323e-03 5.606115977095874753e-02 5.679102389335668327e-02 1.724451427208302870e-02 3.666591726963708969e-02 3.758972914620694467e-02 3.776000837624752388e-02 3.460347393388256421e-02 4.982757172520466821e-02 5.621574396040981969e-02 6.228987169564654917e-03 6.367726412624959142e-02 5.646797681958951043e-02 1.637269803327879789e-02 1.696134445958357578e-02 6.377868641273787623e-03 1.776374950617352205e-02 6.134064158669124550e-02 1.669531883274366635e-02 4.446702877905053808e-02 1.533562496835190643e-02 3.498124317387474314e-02 1.329340670369019879e-02 3.394377450668743107e-02 4.598288116892674388e-02 2.620661346981103743e-02 3.472305656646515470e-02 2.213384710839265065e-02 1.868256728501630631e-02 2.548932495140627391e-02 8.551644311115441308e-03 1.735949586055153537e-02 2.469665095565462543e-02 3.192504266310365602e-02 4.530553608124070208e-02 8.000189513904680527e-03 9.992535509687138287e-03 2.408296126938619733e-02 1.145778401324344838e-02 1.624766604266332168e-02 1.481908636105466227e-02 4.122610803099169968e-02 3.341879476823628875e-02 2.196563451397320899e-02 2.673154242721329302e-02 3.396757017409716972e-02 1.129738999690999418e-01 1.668726515194230223e-02 2.605574464009690824e-02 6.755938982519131553e-02 1.813666762091251800e-02 1.720542922902787777e-02 5.392001041633261507e-03 3.711765597842354297e-02 9.244564613479468868e-03 1.194304850816172228e-02 8.993211570709440730e-03
5.205882352941176805e+02 8.364034233208602828e-03 4.852222121541537037e-03 1.124204346692200471e-02 1.101886951760207463e-02 4.538061217100246118e-03 3.004457747612320449e-03 1.629864716662071666e-02 2.004499728060726502e-02 4.589470928031972458e-02 4.736367763441413914e-02 6.367209806217742282e-03 4.628406598487579127e-02 4.456807828114065645e-02 4.756858979814123506e-02 4.752705379909118177e-02 4.002610981999749074e-03 3.769384833250075464e-03 4.729403186327935105e-02 4.791391602725767612e-02 1.440627329111955970e-02 3.085857139675303104e-02 3.164116643624863279e-02 3.178552401318004289e-02 2.904631212046670380e-02 4.202590036606757701e-02 4.744526878177585810e-02 5.170431268173581937e-03 5.378442706743698232e-02 4.764774717368278067e-02 1.369359816597276458e-02 1.419673055151422607e-02 5.300897675367445723e-03 1.487033943042570180e-02 5.180375158460012730e-02 1.394286793509881897e-02 3.746952481074420499e-02 1.280000136433218950e-02 2.942612236153720195e-02 1.108713852573987510e-02 2.856311212483010273e-02 3.875606508960567631e-02 2.194987247055603385e-02 2.914618419316492709e-02 1.852246513283514057e-02 1.563282608206937804e-02 2.134268605939959595e-02 7.126675595887070440e-03 1.453056195415285828e-02 2.072179127707961602e-02 2.685092533511633517e-02 3.817608140459777255e-02 6.660663297996851848e-03 8.326602154202236705e-03 2.017006440610897081e-02 9.565916705647966103e-03 1.359155382896814340e-02 1.239389982756841646e-02 3.468083344918207467e-02 2.810015187597554934e-02 1.841935535590843651e-02 2.245645185324875864e-02 2.857980350160653840e-02 9.586605744299626919e-02 1.393966868806860090e-02 2.184793824976874466e-02 5.701107891513039483e-02 1.515745323180555520e-02 1.437547536520625800e-02 4.479103691105560704e-03 3.123535182517385086e-02 7.704133924241602684e-03 9.955781844453169202e-03 7.492377682188171989e-03
5.214705882352941444e+02 6.973501131236485226e-03 4.028317113162572204e-03 9.391036095148790064e-03 9.203219797026939569e-03 3.767006965204255757e-03 2.486366276329602266e-03 1.364799301572765938e-02 1.680949075603802370e-02 3.868573673518749256e-02 3.993235551798906408e-02 5.296211419070137420e-03 3.901682837440906965e-02 3.755783027407225833e-02 4.010729840736211582e-02 4.007207933997732063e-02 3.319561993951679595e-03 3.125015647445177850e-03 3.987274987787650660e-02 4.039885853134067561e-02 1.202796836432196322e-02 2.595482799492762616e-02 2.661733753581253803e-02 2.673963414495100777e-02 2.436661712823657774e-02 3.542340005309872752e-02 4.001776241612578500e-02 4.289290853192812697e-03 4.539964933806788644e-02 4.017980070020113481e-02 1.144598500740015914e-02 1.187554512576148927e-02 4.403223764571910503e-03 1.244067877235188919e-02 4.372180784293121930e-02 1.163723871100093288e-02 3.155335568342285818e-02 1.067726017055262329e-02 2.473777524529501698e-02 9.241554592073370281e-03 2.402039923115999523e-02 3.264450723389633602e-02 1.837338843381172704e-02 2.444997552010172784e-02 1.549095192279630571e-02 1.307302270520691728e-02 1.785979278659203390e-02 5.935644723131113486e-03 1.215527540504764310e-02 1.737601098576398856e-02 2.256924709776331195e-02 3.214835199590956177e-02 5.542167576397199688e-03 6.934315986848105760e-03 1.688266165005112771e-02 7.981663890949921430e-03 1.136279659504399464e-02 1.035935798157825057e-02 2.915657149676333104e-02 2.361331527112025402e-02 1.543616922262232120e-02 1.885341503882959416e-02 2.403164346773402002e-02 8.129589146490090457e-02 1.163750275271586108e-02 1.830846543412210231e-02 4.807927937018699471e-02 1.266001913382153871e-02 1.200379784656002008e-02 3.718609174938499774e-03 2.626887654493206825e-02 6.416596524035778418e-03 8.294279743102881200e-03 6.238332325081214630e-03
5.223529411764706083e+02 5.810746285671564842e-03 3.342403296212859230e-03 7.840159665510593873e-03 7.682205461734004440e-03 3.125179085778049658e-03 2.056463522134485081e-03 1.142156537258936719e-02 1.408771587283948884e-02 3.258884939509460593e-02 3.364604632918455351e-02 4.402819409229775591e-03 3.287019043493004389e-02 3.163059520326265417e-02 3.379528079031499793e-02 3.376543809249517997e-02 2.751515169825493896e-03 2.589334553827036742e-03 3.359507903956287372e-02 3.404129127100121582e-02 1.003637367670501788e-02 2.181692780863208822e-02 2.237739903640572139e-02 2.248093475110698666e-02 2.042849746196372107e-02 2.983962894227765866e-02 3.373196797367048611e-02 3.556293040415919177e-03 3.829801826280629373e-02 3.386121141511060778e-02 9.561609722329719036e-03 9.927957261868340655e-03 3.655472375885326659e-03 1.040179295841472951e-02 3.687763510202081430e-02 9.707159665677065480e-03 2.655487412828066648e-02 8.901329393343874324e-03 2.078366187144060212e-02 7.698691659300403896e-03 2.018776539489249705e-02 2.747967149671353554e-02 1.537045258064983697e-02 2.049802997869621876e-02 1.294788537650675905e-02 1.092587173790863890e-02 1.493634505789209928e-02 4.940788964179008112e-03 1.016221250452551718e-02 1.456164460977779282e-02 1.895871716497418008e-02 2.705561490869322350e-02 4.608830533083730328e-03 5.771478625079986928e-03 1.412260387611218027e-02 6.655874415794353800e-03 9.493870958778427918e-03 8.653663023964041495e-03 2.449723930340557895e-02 1.983077545058904018e-02 1.292834894619973758e-02 1.581884248492097800e-02 2.019487666984066607e-02 6.889590314560349593e-02 9.709819803744657377e-03 1.533316948583794866e-02 4.052152996134733565e-02 1.056783045295056275e-02 1.001748874502893585e-02 3.085475886745884036e-03 2.207851482569954740e-02 5.341129864939096923e-03 6.906039704703866543e-03 5.191170536564265400e-03
5.232352941176470722e+02 4.839080312009928254e-03 2.771725095687386457e-03 6.541590934555955097e-03 6.408838703114219659e-03 2.591252246380066140e-03 1.699955952989775374e-03 9.552697353829273791e-03 1.179962058177238399e-02 2.743601831867068658e-02 2.833196796963836570e-02 3.658050825174465580e-03 2.767491342722221831e-02 2.662248018653528073e-02 2.845916981100013801e-02 2.843389939681894782e-02 2.279400514517223968e-03 2.144283791161963066e-03 2.828842542595439574e-02 2.866661783730057797e-02 8.369686929178027368e-03 1.832762186411394933e-02 1.880145440150046005e-02 1.888904797543900990e-02 1.711664001605621432e-02 2.512063106833367296e-02 2.841603936424497504e-02 2.946909360516468835e-03 3.228731757867672747e-02 2.851875169765599044e-02 7.982796040459403525e-03 8.294903095088415612e-03 3.032994061154879132e-03 8.691949809571291111e-03 3.108565850539596678e-02 8.092500335693919578e-03 2.233460412347466548e-02 7.416501304573995187e-03 1.745103951768859837e-02 6.409720103597061312e-03 1.695639727756440701e-02 2.311787582698795682e-02 1.285074029019720419e-02 1.717460472195850296e-02 1.081595694224439519e-02 9.126025412755145449e-03 1.248408711762345920e-02 4.110324559504589630e-03 8.490959155490522547e-03 1.219585612638303569e-02 1.591618067133296344e-02 2.275576402034617390e-02 3.830492694596533080e-03 4.800893945075403006e-03 1.180681629565002305e-02 5.547094524845772555e-03 7.927702201367068865e-03 7.224592155132040193e-03 2.057006075519750982e-02 1.664411985717961437e-02 1.082153784241056751e-02 1.326475157600697126e-02 1.696041280064284479e-02 5.835032895764456773e-02 8.096745721980061483e-03 1.283377417099660495e-02 3.413083511447374818e-02 8.816264069249514848e-03 8.355004885113870294e-03 2.558702883960204452e-03 1.854536793354422466e-02 4.443374816180391436e-03 5.746857873395236523e-03 4.317316976420130376e-03
5.241176470588234224e+02 4.027610803430016137e-03 2.297213720827467800e-03 5.454975737572816119e-03 5.343477040038348627e-03 2.147358759403885948e-03 1.404490810993774732e-03 7.984980596761052929e-03 9.877359155313368555e-03 2.308399627572651353e-02 2.384278574449181717e-02 3.037566227627892888e-03 2.328670636071197148e-02 2.239380471332234196e-02 2.395112199029311023e-02 2.392973745666537172e-02 1.887255959741609979e-03 1.774754607356643192e-03 2.380561806912770764e-02 2.412594567115465896e-02 6.975788891209155212e-03 1.538720199857467399e-02 1.578752568144395699e-02 1.586158233178388416e-02 1.433327500751191592e-02 2.113516176796490995e-02 2.392337008241126814e-02 2.440602456843880483e-03 2.720341651795850704e-02 2.400467289811255428e-02 6.660841865584753857e-03 6.926465929306339052e-03 2.515120291736954068e-03 7.258969791689759421e-03 2.618744329331050558e-02 6.742570279234630024e-03 1.877377167366451466e-02 6.175843960938553860e-03 1.464408603736002019e-02 5.333537115881583149e-03 1.423377717391733840e-02 1.943673146927452772e-02 1.073785730207911862e-02 1.438156761949763683e-02 9.029845252851480958e-03 7.618274951635769718e-03 1.042839963512785621e-02 3.417521040414369087e-03 7.090455618224115845e-03 1.020844487089397380e-02 1.335398066911271282e-02 1.912778563279510929e-02 3.181817065781833952e-03 3.991283289142431336e-03 9.865041200548351971e-03 4.620390206200231629e-03 6.616085841764555477e-03 6.028049318675733972e-03 1.726218134684707681e-02 1.396125004270836432e-02 9.052763876793028935e-03 1.111647799033931364e-02 1.423551041313199546e-02 4.938810082077602776e-02 6.747791697647519994e-03 1.073552328669520779e-02 2.873062971143496361e-02 7.350798367935288541e-03 6.964438238100810648e-03 2.120691444066183200e-03 1.556833718481697403e-02 3.694434998658589330e-03 4.779546622371322849e-03 3.588544084354027604e-03
5.250000000000000000e+02 3.350346627500000018e-03 1.902901864699999999e-03 4.546289306749999766e-03 4.452701444799999665e-03 1.778539257500000043e-03 1.159760947250000141e-03 6.670724822499999804e-03 8.263477769400000283e-03 1.941076572399999881e-02 2.005297022500000109e-02 2.520941368399999809e-03 1.958265261899999957e-02 1.882562465950000236e-02 2.014516737500000182e-02 2.012708271849999661e-02 1.561730867299999936e-03 1.468115104099999976e-03 2.002127086399999728e-02 2.029240858949999879e-02 5.810760917494999997e-03 1.291094715810000085e-02 1.324894725584999967e-02 1.331151793734999984e-02 1.199557429821000026e-02 1.777143183029999962e-02 2.012899207214999958e-02 2.020189594429999940e-03 2.290628584950000005e-02 2.019306521150000117e-02 5.554655502899999778e-03 5.780493365749999994e-03 2.084533648999999968e-03 6.058782949449999927e-03 2.204784086264999915e-02 5.614670520249999755e-03 1.577131723115000189e-02 5.139849654500000357e-03 1.228142792265000081e-02 4.435570840749999792e-03 1.194130737340000012e-02 1.633207481785000151e-02 8.967243364499999370e-03 1.203578510678000001e-02 7.534401681129999223e-03 6.356014107600000199e-03 8.706243739092999270e-03 2.839915159250000053e-03 5.917582150850000250e-03 8.539966773950000839e-03 1.119769113815000106e-02 1.606871441200000139e-02 2.641534322449999930e-03 3.316364315410000232e-03 8.237907815249998628e-03 3.846344826110000090e-03 5.518341632900000161e-03 5.026830133315000025e-03 1.447775871015000160e-02 1.170399158244999835e-02 7.568739537849999456e-03 9.310711151299999599e-03 1.194139248390000026e-02 4.177672612649999812e-02 5.620416604055000070e-03 8.975161739649999831e-03 2.417043333719999867e-02 6.125470265485000350e-03 5.802041786200000037e-03 1.756704961500000052e-03 1.306153052535000136e-02 3.070027031400000134e-03 3.972845077549999430e-03 2.981138569899999952e-03
